:020000040800F2
:1000000000B700203DC300085FE0010829C30008D5
:1000100029C3000829C3000829C300080000000004
:1000200000000000000000000000000095C3000870
:1000300029C300080000000079C5000805F9000880
:10004000F1C50008F1C50008F1C50008F1C50008B8
:10005000F1C50008F1C50008F1C50008F1C50008A8
:10006000F1C50008F1C50008F1C50008F1C5000898
:10007000F1C50008F1C50008F1C50008F1C5000888
:10008000F1C50008F1C50008F1C50008F1C5000878
:10009000F1C50008F1C50008F1C50008F1C5000868
:1000A000F1C50008F1C50008F1C50008F1C5000858
:1000B000F1C50008F1C50008F1C50008F1C5000848
:1000C000F1C50008F1C50008F1C50008F1C5000838
:1000D000F1C50008F1C50008F1C50008F1C5000828
:1000E000F1C50008F1C50008F1C50008F1C5000818
:1000F000F1C50008F1C50008F1C50008F1C5000808
:10010000F1C50008F1C50008F1C50008F1C50008F7
:04011000F1C500082D
:1001180081F0004102E000BF83F0004330B54FEAB0
:1001280041044FEA430594EA050F08BF90EA020F1D
:100138001FBF54EA000C55EA020C7FEA645C7FEAB0
:10014800655C00F0E2804FEA5454D4EB5555B8BFD3
:100158006D420CDD2C4480EA020281EA030382EA44
:10016800000083EA010180EA020281EA0303362DD6
:1001780088BF30BD11F0004F4FEA01314FF4801CA9
:100188004CEA113102D0404261EB410113F0004FBB
:100198004FEA03334CEA133302D0524263EB430372
:1001A80094EA050F00F0A780A4F10104D5F1200E10
:1001B8000DDB02FA0EFC22FA05F2801841F100016B
:1001C80003FA0EF2801843FA05F359410EE0A5F13F
:1001D80020050EF1200E012A03FA0EFC28BF4CF070
:1001E800020C43FA05F3C01851EBE37101F0004526
:1001F80007D54FF0000EDCF1000C7EEB00006EEB33
:100208000101B1F5801F1BD3B1F5001F0CD34908BC
:100218005FEA30004FEA3C0C04F101044FEA445213
:1002280012F5800F80F09A80BCF1004F08BF5FEA9A
:10023800500C50F1000041EB045141EA050130BD7A
:100248005FEA4C0C404141EB0101013C28BFB1F58C
:10025800801FE9D291F0000F04BF01460020B1FAD7
:1002680081F308BF2033A3F10B03B3F120020CDAAA
:100278000C3208DD02F1140CC2F10C0201FA0CF088
:1002880021FA02F10CE002F11402D8BFC2F1200CED
:1002980001FA02F120FA0CFCDCBF41EA0C019040A3
:1002A800E41AA2BF01EB0451294330BD6FEA0404EC
:1002B8001F3C1CDA0C340EDC04F11404C4F12002D7
:1002C80020FA04F001FA02F340EA030021FA04F3E9
:1002D80045EA030130BDC4F10C04C4F1200220FA40
:1002E80002F001FA04F340EA0300294630BD21FA7E
:1002F80004F0294630BD94F0000F83F4801306BF44
:1003080081F480110134013D4EE77FEA645C18BF37
:100318007FEA655C29D094EA050F08BF90EA020FCE
:1003280005D054EA000C04BF1946104630BD91EAC6
:10033800030F1EBF0021002030BD5FEA545C05D1C9
:100348004000494128BF41F0004130BD14F5800408
:100358003CBF01F5801130BD01F0004545F0FE417C
:1003680041F470014FF0000030BD7FEA645C1ABFB1
:10037800194610467FEA655C1CBF0B46024650EAE8
:10038800013406BF52EA033591EA030F41F4002114
:1003980030BD00BF90F0000F04BF0021704730B59A
:1003A8004FF4806404F132044FF000054FF000016F
:1003B80050E700BF90F0000F04BF0021704730B530
:1003C8004FF4806404F1320410F0004548BF404205
:1003D8004FF000013EE700BF42004FEAE2014FEA5A
:1003E80031014FEA02701FBF12F07F4393F07F4F35
:1003F80081F06051704732F07F4208BF704793F038
:100408007F4F04BF41F40021704730B54FF460744A
:1004180001F0004521F000411CE700BF50EA01024D
:1004280008BF704730B54FF000050AE050EA0102F6
:1004380008BF704730B511F0004502D5404261EB66
:1004480041014FF4806404F132045FEA915C3FF4A7
:10045800D8AE4FF003025FEADC0C18BF03325FEA44
:10046800DC0C18BF033202EBDC02C2F1200300FAF5
:1004780003FC20FA02F001FA03FE40EA0E0021FA1A
:1004880002F11444BDE600BF70B54FF0FF0C4CF408
:10049800E06C1CEA11541DBF1CEA135594EA0C0FBA
:1004A80095EA0C0F00F0DEF82C4481EA030621EAF5
:1004B8004C5123EA4C5350EA013518BF52EA033530
:1004C80041F4801143F4801338D0A0FB02CE4FF0E2
:1004D8000005E1FB02E506F00042E0FB03E54FF012
:1004E8000006E1FB03569CF0000F18BF4EF0010E0A
:1004F800A4F1FF04B6F5007F64F5407404D25FEA06
:100508004E0E6D4146EB060642EAC62141EA5551B8
:100518004FEAC52040EA5E504FEACE2EB4F1FD0CFA
:1005280088BFBCF5E06F1ED8BEF1004F08BF5FEA78
:10053800500E50F1000041EB045170BD06F000462A
:1005480046EA010140EA020081EA0301B4EB5C04D7
:10055800C2BFD4EB0C0541EA045170BD41F48011CF
:100568004FF0000E013C00F3AB8014F1360FDEBFF4
:10057800002001F0004170BDC4F10004203C35DAD0
:100588000C341BDC04F11404C4F1200500FA05F353
:1005980020FA04F001FA05F240EA020001F00042F4
:1005A80021F0004110EBD37021FA04F642EB06016A
:1005B8005EEA430E08BF20EAD37070BDC4F10C0494
:1005C800C4F1200500FA04F320FA05F001FA04F258
:1005D80040EA020001F0004110EBD37041F1000144
:1005E8005EEA430E08BF20EAD37070BDC4F120054F
:1005F80000FA05F24EEA020E20FA04F301FA05F2B7
:1006080043EA020321FA04F001F0004121FA04F25E
:1006180020EA020000EBD3705EEA430E08BF20EA2E
:10062800D37070BD94F0000F0FD101F00046400068
:1006380041EB010111F4801F08BF013CF7D041EAEA
:10064800060195F0000F18BF704703F000465200EE
:1006580043EB030313F4801F08BF013DF7D043EABF
:100668000603704794EA0C0F0CEA135518BF95EA75
:100678000C0F0CD050EA410618BF52EA4306D1D1FC
:1006880081EA030101F000414FF0000070BD50EA1B
:10069800410606BF1046194652EA430619D094EAA5
:1006A8000C0F02D150EA013613D195EA0C0F05D18F
:1006B80052EA03361CBF104619460AD181EA0301E3
:1006C80001F0004141F0FE4141F470014FF000009B
:1006D80070BD41F0FE4141F4780170BD70B54FF036
:1006E800FF0C4CF4E06C1CEA11541DBF1CEA1355B6
:1006F80094EA0C0F95EA0C0F00F0A7F8A4EB050498
:1007080081EA030E52EA03354FEA013100F088808E
:100718004FEA03334FF0805545EA131343EA126357
:100728004FEA022245EA111545EA10654FEA00260C
:100738000EF000419D4208BF964244F1FD0404F5C5
:10074800407402D25B084FEA3202B61A65EB030521
:100758005B084FEA32024FF480104FF4002CB6EBDE
:10076800020E75EB030E22BFB61A754640EA0C005E
:100778005B084FEA3202B6EB020E75EB030E22BF9E
:10078800B61A754640EA5C005B084FEA3202B6EBDF
:10079800020E75EB030E22BFB61A754640EA9C009E
:1007A8005B084FEA3202B6EB020E75EB030E22BF6E
:1007B800B61A754640EADC0055EA060E18D04FEA2C
:1007C800051545EA16754FEA06164FEAC30343EACC
:1007D80052734FEAC2025FEA1C1CC0D111F4801F99
:1007E8000BD141EA00014FF000004FF0004CB6E792
:1007F80011F4801F04BF01430020B4F1FD0C88BF31
:10080800BCF5E06F3FF6AFAEB5EB030C04BFB6EB3B
:10081800020C5FEA500C50F1000041EB045170BD2E
:100828000EF0004E4EEA113114EB5C04C2BFD4EB5B
:100838000C0541EA045170BD41F480114FF0000EDF
:10084800013C90E645EA060E8DE60CEA135594EA5B
:100858000C0F08BF95EA0C0F3FF43BAF94EA0C0F5E
:100868000AD150EA01347FF434AF95EA0C0F7FF4D3
:1008780025AF104619462CE795EA0C0F06D152EA27
:1008880003353FF4FDAE1046194622E750EA41060B
:1008980018BF52EA43067FF4C5AE50EA41047FF41C
:1008A8000DAF52EA43057FF4EBAE12E74FF0FF3C81
:1008B80006E000BF4FF0010C02E000BF4FF0010C52
:1008C8004DF804CD4FEA410C7FEA6C5C4FEA430CCB
:1008D80018BF7FEA6C5C1BD001B050EA410C0CBF1A
:1008E80052EA430C91EA030F02BF90EA020F00207C
:1008F800704710F1000F91EA030F58BF994208BFE3
:1009080090422CBFD8176FEAE37040F0010070479F
:100918004FEA410C7FEA6C5C02D150EA013C07D1F6
:100928004FEA430C7FEA6C5CD6D152EA033CD3D041
:100938005DF8040B704700BF8446104662468C463B
:100948001946634600E000BF01B5FFF7B7FF00286E
:1009580048BF10F1000F01BD4DF808EDFFF7F4FF97
:100968000CBF012000205DF808FB00BF4DF808ED22
:10097800FFF7EAFF34BF012000205DF808FB00BF45
:100988004DF808EDFFF7E0FF94BF012000205DF867
:1009980008FB00BF4DF808EDFFF7CEFF94BF01201C
:1009A80000205DF808FB00BF4DF808EDFFF7C4FF15
:1009B80034BF012000205DF808FB00BF4FEA410268
:1009C80012F5001215D211D56FF47873B3EB625299
:1009D80012D94FEAC12343F0004343EA505311F0C0
:1009E800004F23FA02F018BF404270474FF0000052
:1009F800704750EA013005D111F0004008BF6FF090
:100A0800004070474FF00000704700BF4A0011D205
:100A180012F5001211D20DD56FF47873B3EB625250
:100A28000ED44FEAC12343F0004343EA505323FA5C
:100A380002F070474FF00000704750EA013002D1D1
:100A48004FF0FF3070474FF0000070474FEA410207
:100A5800B2F1E04324BFB3F5001CDCF1FE5C0DD914
:100A680001F0004C4FEAC0024CEA5070B2F1004F5E
:100A780040EB830008BF20F00100704711F0804F61
:100A880021D113F13872BCBF01F00040704741F426
:100A980080114FEA5252C2F11802C2F1200C10FA2A
:100AA8000CF320FA02F018BF40F001004FEAC1230E
:100AB8004FEAD32303FA0CFC40EA0C0023FA02F3B2
:100AC8004FEA4303CCE77FEA625307D150EA013388
:100AD8001EBF4FF0FE4040F44000704701F0004058
:100AE80040F0FE4040F40000704700BF80F0004036
:100AF80002E000BF81F0004142001FBF5FEA4103EE
:100B080092EA030F7FEA226C7FEA236C6AD04FEAED
:100B18001262D2EB1363C1BFD21841404840414032
:100B2800B8BF5B42192B88BF704710F0004F40F4E4
:100B3800000020F07F4018BF404211F0004F41F400
:100B4800000121F07F4118BF494292EA030F3FD0CC
:100B5800A2F1010241FA03FC10EB0C00C3F12003DF
:100B680001FA03F100F0004302D5494260EB40006E
:100B7800B0F5000F13D3B0F1807F06D340084FEAD9
:100B8800310102F10102FE2A51D2B1F1004F40EBCE
:100B9800C25008BF20F0010040EA03007047490036
:100BA80040EB0000013A28BFB0F5000FEDD2B0FAD3
:100BB80080FCACF1080CB2EB0C0200FA0CF0AABFF6
:100BC80000EBC25052421843BCBFD0401843704794
:100BD80092F0000F81F4000106BF80F4000001329A
:100BE800013BB5E74FEA41037FEA226C18BF7FEA71
:100BF800236C21D092EA030F04D092F0000F08BFB3
:100C08000846704790EA010F1CBF0020704712F099
:100C18007F4F04D1400028BF40F00040704712F1D8
:100C280000723CBF00F50000704700F0004343F03D
:100C3800FE4040F4000070477FEA226216BF084673
:100C48007FEA23630146420206BF5FEA412390EA36
:100C5800010F40F4800070474FF0000304E000BF2C
:100C680010F0004348BF40425FEA000C08BF7047DD
:100C780043F0964301464FF000001CE050EA0102A1
:100C880008BF70474FF000030AE000BF50EA0102B6
:100C980008BF704711F0004302D5404261EB4101A3
:100CA8005FEA010C02BF84460146002043F0B643C8
:100CB80008BFA3F18053A3F50003BCFA8CF2083AED
:100CC800A3EBC25310DB01FA02FC634400FA02FCF6
:100CD800C2F12002BCF1004F20FA02F243EB0200FD
:100CE80008BF20F00100704702F1200201FA02FC5F
:100CF800C2F1200250EA4C0021FA02F243EB020052
:100D080008BF20EADC7070474FF0FF0C1CEAD05295
:100D18001EBF1CEAD15392EA0C0F93EA0C0F6FD056
:100D28001A4480EA010C400218BF5FEA41211ED034
:100D38004FF0006343EA501043EA5111A0FB013120
:100D48000CF00040B1F5000F3EBF490041EAD371F5
:100D58005B0040EA010062F17F02FD2A1DD8B3F171
:100D6800004F40EBC25008BF20F00100704790F0E0
:100D7800000F0CF0004C08BF49024CEA502040EA32
:100D880051207F3AC2BFD2F1FF0340EAC2507047F8
:100D980040F400004FF00003013A5DDC12F1190F36
:100DA800DCBF00F000407047C2F10002410021FAA8
:100DB80002F1C2F1200200FA02FC5FEA310040F1C0
:100DC800000053EA4C0308BF20EADC70704792F039
:100DD800000F00F0004C02BF400010F4000F013A71
:100DE800F9D040EA0C0093F0000F01F0004C02BF6C
:100DF800490011F4000F013BF9D041EA0C018FE7DB
:100E08000CEAD15392EA0C0F18BF93EA0C0F0AD0E0
:100E180030F0004C18BF31F0004CD8D180EA010006
:100E280000F00040704790F0000F17BF90F0004F9F
:100E3800084691F0000F91F0004F14D092EA0C0F81
:100E480001D142020FD193EA0C0F03D14B0218BF14
:100E5800084608D180EA010000F0004040F0FE405A
:100E680040F40000704740F0FE4040F440007047F6
:100E78004FF0FF0C1CEAD0521EBF1CEAD15392EA75
:100E88000C0F93EA0C0F69D0A2EB030280EA010C65
:100E980049024FEA402037D04FF0805343EA1111FE
:100EA80043EA10130CF000408B4238BF5B0042F15C
:100EB8007D024FF4000C8B4224BF5B1A40EA0C0001
:100EC800B3EB510F24BFA3EB510340EA5C00B3EB33
:100ED800910F24BFA3EB910340EA9C00B3EBD10F21
:100EE80024BFA3EBD10340EADC001B0118BF5FEA73
:100EF8001C1CE0D1FD2A3FF650AF8B4240EBC2509C
:100F080008BF20F0010070470CF0004C4CEA50205C
:100F18007F32C2BFD2F1FF0340EAC250704740F4AB
:100F280000004FF00003013A37E792F0000F00F09D
:100F3800004C02BF400010F4000F013AF9D040EA1B
:100F48000C0093F0000F01F0004C02BF490011F4AF
:100F5800000F013BF9D041EA0C0195E70CEAD153A7
:100F680092EA0C0F08D142027FF47DAF93EA0C0F8E
:100F78007FF470AF084676E793EA0C0F04D14B0272
:100F88003FF44CAF08466EE730F0004C18BF31F024
:100F9800004CCAD130F000427FF45CAF31F000431E
:100FA8007FF43CAF5FE700BF4FF0FF3C06E000BFB7
:100FB8004FF0010C02E000BF4FF0010C4DF804CDDA
:100FC8004FEA40024FEA41037FEA226C18BF7FEAEA
:100FD800236C11D001B052EA530C18BF90EA010FEC
:100FE80058BFB2EB030088BFC81738BF6FEAE1707B
:100FF80018BF40F0010070477FEA226C02D15FEA17
:10100800402C05D17FEA236CE4D15FEA412CE1D082
:101018005DF8040B704700BF844608466146FFE749
:101028000FB5FFF7C9FF002848BF10F1000F0FBD2B
:101038004DF808EDFFF7F4FF0CBF012000205DF824
:1010480008FB00BF4DF808EDFFF7EAFF34BF0120A9
:1010580000205DF808FB00BF4DF808EDFFF7E0FF42
:1010680094BF012000205DF808FB00BF4DF808ED93
:10107800FFF7D2FF94BF012000205DF808FB00BFF6
:101088004DF808EDFFF7C8FF34BF012000205DF8D8
:1010980008FB00BF4FEA40024FEA41037FEA226C97
:1010A80002D15FEA402C08D17FEA236C02D15FEAC3
:1010B800412C02D14FF0000070474FF001007047FB
:1010C8004FEA4002B2F1FE4F0FD34FF09E03B3EB4D
:1010D80012620DD94FEA002343F0004310F0004F8D
:1010E80023FA02F018BF404270474FF000007047E3
:1010F80012F1610F01D1420205D110F0004008BF82
:101108006FF0004070474FF00000704742000ED269
:10111800B2F1FE4F0BD34FF09E03B3EB126209D42A
:101128004FEA002343F0004323FA02F070474FF0E0
:101138000000704712F1610F01D1420202D14FF055
:10114800FF3070474FF00000704700BF7BB972B99D
:101158000029BEBF00204FF0004106E008BF00286C
:101168001CBF6FF000414FF0FF3000F057B8ADF1F1
:10117800080C6DE904CE002909DB002B1ADB00F00E
:101188007CF8DDF804E0DDE9022304B07047404252
:1011980061EB4101002B1BDB00F06FF8DDF804E088
:1011A800DDE9022304B0404261EB4101524263EBA6
:1011B80043037047524263EB430300F05EF8DDF8E7
:1011C80004E0DDE9022304B0404261EB41017047CD
:1011D800524263EB430300F050F8DDF804E0DDE928
:1011E800022304B0524263EB4303704753B94AB930
:1011F800002908BF00281CBF4FF0FF314FF0FF3017
:1012080000F00CB8ADF1080C6DE904CE00F035F82B
:10121800DDF804E0DDE9022304B07047704700BF41
:1012280010F8012B11F8013B012A28BF9A42F7D088
:10123800D01A7047034611F8012B03F8012B002A36
:10124800F9D17047034613F8012B002AFBD1181A6D
:1012580001387047430803F05533C01A00F03333A0
:10126800800800F03330184400EB10104FF00133C1
:1012780000F00F305843000E70472DE9F0478C46B8
:101288008E46089E154604461946002B40F0D0802D
:10129800724547D9B2FA82F74FB1C7F120030EFA67
:1012A80007FC20FA03F3BD4043EA0C0CBC404FEAAC
:1012B800154EA8B2BCFBFEF8230C0EFB18CC08FB9D
:1012C80000F943EA0C43994528D9EB1808F1FF3295
:1012D80004D2994502D9A8F102022B44A3EB0903D1
:1012E800A4B2B3FBFEFC0EFB1C330CFB00F044EA7B
:1012F8000344A04214D92C190CF1FF3304D2A042A4
:1013080002D9ACF102032C44241A43EA02401EB16C
:10131800FC40002334607360BDE8F0874246DDE797
:101328006346F1E7002A79D0B2FA82F3002B3FD066
:101338001946C1F1200302FA01F52EFA03F20EFA5A
:1013480001FE20FA03F343EA0E034FEA154E00FAB2
:1013580001F4B2FBFEFCAFB20EFB1C201A0C0CFB16
:1013680007F842EA004290455AD9AA180CF1FF3012
:1013780004D2904502D9ACF102002A44A2EB08023B
:101388009BB2B2FBFEFC0EFB1C220CFB07F743EAE8
:1013980002439F4246D9EB180CF1FF3204D29F4218
:1013A80002D9ACF102022B44DB1B42EA004202E004
:1013B800AEEB020301224FEA154EAFB2B3FBFEFCBF
:1013C800200C0EFB1C330CFB07F840EA034398453E
:1013D8002AD9EB180CF1FF3004D2984502D9ACF1A8
:1013E80002002B44A3EB0803A4B2B3FBFEFC0EFBE4
:1013F8001C330CFB07F744EA0344A74216D92C19FF
:101408000CF1FF3304D2A74202D9ACF102032C44F9
:10141800E41B43EA00400F46114678E71F2188E79E
:101428006046ABE76246BFE76046DBE76346EFE747
:10143800734506D916B9002108466DE7C6E9000EBE
:10144800F9E7B3FA83F787B9734501D3824207D81E
:10145800841A6EEB030301209C461EB900215BE74A
:101468003846FAE7C6E9004CF8E7C7F1200CBB405C
:1014780022FA0CF51D4320FA0CF12EFA0CF30EFAA1
:1014880007FE41EA0E014FEA154900FA07F4B3FBDB
:10149800F9F81FFA85FE09FB18300B0C08FB0EFA49
:1014A80043EA00439A4502FA07F240D9EB1808F1DB
:1014B800FF3004D29A4502D9A8F102002B44A3EBCD
:1014C8000A0389B2B3FBF9F809FB183308FB0EFECF
:1014D80041EA03418E452CD9691808F1FF3304D23B
:1014E8008E4502D9A8F10203294443EA0040A0FB33
:1014F8000298A1EB0E014145CE46434602D306D1E0
:101508004C4504D2B9EB020E68EB05030138002EF6
:10151800A4D0B4EB0E0261EB030101FA0CFC22FA31
:1015280007F34CEA0303F940C6E9003196E7404661
:10153800C5E74346D9E700002DE9F04F8E078FB085
:101548000F46144640F18F8019F08EFC002800F0F9
:101558008A8004A819F094FC002800F0848094F88C
:10156800C15094F8C03005F10A0898457BDADDE9E6
:101578000401FEF75BFF98A3D3E90023FFF7AEF859
:10158800FFF764FA9649FFF7BFFB00210646FFF70D
:1015980059FD4FF07C5100286CD03046FFF7AAFA6D
:1015A800FFF78EFD8146DDE90601FEF73FFF8AA3BE
:1015B800D3E90023FFF792F8FFF748FA8849FFF7C5
:1015C800A3FB00210646FFF73DFD4FF07C510028A4
:1015D80054D03046FFF78EFAFFF772FD064608989A
:1015E800FFF73EFB7F49FFF743FC7F49FFF78CFB82
:1015F80000218246FFF726FD4FF07C51002841D09C
:101608005046FFF777FAFFF75BFD01236355EB18A8
:10161800DBB28822E254AB1CDBB24FEA2942E25427
:10162800EB1CDBB24FEA2922E2542B1DDBB2321449
:1016380004F803906B1DDBB2E254AB1DDBB232122F
:10164800E254EB1DDBB20214E65405F10803DBB2E9
:10165800E25405F10903DBB202120B35E25484F8B7
:10166800C15004F808007D0700F1AC8001200FB0DC
:10167800BDE8F08F3046FFF73FFA91E73046FFF7B5
:101688003BFAA9E75046FFF737FABCE7404603F0B4
:1016980045F980B909F101034D465FFA83F904A9B8
:1016A800404603F04DF940B108F1010803F030F964
:1016B8004045EBDCDAE70125F1E7BDF81070F806E4
:1016C8001DD5DDF824B051465846FFF7BBFC00286D
:1016D80073D146495846FFF7D3FC00286FD15846C6
:1016E800FFF714FDFFF7B8FA0022CDE901620222E4
:1016F8000346009265212A46204619F01CFCF9078A
:101708000AD502230A22CDE900320296059B2A4611
:101718006721204619F00FFCBB070BD502234FF0B9
:10172800000CCDE9013C0096069B2A46682120461C
:1017380019F001FC78070BD50A230021CDE9013106
:10174800022300932A46079B7321204619F0F3FBD6
:101758003A0709D502230093CDE90166089B2A467A
:101768007921204619F0E7FBBB060AD5022364203D
:10177800CDE9003002960A9B2A467421204619F0CA
:10178800DAFB79060BD502234FF47A72CDE90032E1
:1017980002960B9B2A467521204619F0CCFB3B0686
:1017A80082D50023CDE90163022300932A460C9BCE
:1017B8008021204619F0BFFB76E7D3468FE74FF626
:1017C800FF708FE74FF000084FF0020901264FF035
:1017D800000A6BE7AFF300800000000065CDCD4143
:1017E80000401C4600007A440000C84200FF7F47C2
:1017F8002DE9F0431446426992F8903087B0151DE0
:1018080073B9CDE902538DF804108DF805300493AF
:10181800214601A8059319F02EFC07B0BDE8F08316
:10182800012B1FD18268D2E90289D2E904678DF8B9
:1018380004108DF8053040460FA3D3E9002349462C
:101848000295FEF721FEFFF7B9F80BA3D3E90023B1
:10185800039039463046FEF717FEFFF7AFF800232E
:101868000490D5E7D2E90A89D2E90C6701238DF8FB
:101878000410DEE7AFF300800000000080842E41F2
:101888002DE9F041151D9AB006460F4628469549A0
:101898001C46FFF7C5FC30B9934920461AB0BDE88D
:1018A800F041FFF7C7BC91490A22284623F003FFFD
:1018B800C8B9736993F881208D4B197991420BD17E
:1018C8001B688C4A00928C4A4FF48071204614F0B1
:1018D8007BFF1AB0BDE8F0810130042803F108034A
:1018E800EBD1864BEDE786490722284623F0E3FE35
:1018F80080B9736993F88220824B1979914202D199
:101908001B68814ADEE70130042803F10803F4D19B
:101918007A4BF6E77D490F22284623F0CCFE58B9CA
:1019280073697B4A93F883304FF4807120461AB06C
:10193800BDE8F04114F048BF76490422284623F058
:10194800BAFE40B9736993F88020734B7349002A33
:1019580008BF0B461DE072491522284623F0ABFE4E
:1019680020B9736993F84F306E4ADDE76E490F224C
:10197800284623F0A0FE20B9736993F84E305B0027
:10198800F2E76A490E22284623F095FE18B97369D2
:101998005833674AC8E7DFB966490722284623F063
:1019A8008AFEA8B9B06903685B6D984740220AA906
:1019B80017F063FB1C3602460AA9304601F0EAFD1F
:1019C80033465B4A4FF48071204614F0FDFE80E7F1
:1019D80059490422284623F06EFE10B9736904336E
:1019E800D7E756490622284623F065FE18B97369D9
:1019F80093F84D20A9E752490322284623F05BFEBD
:101A080058B97369D3E90A23CDE900234D4A4FF445
:101A18008071204614F0D8FE5BE74B490322284624
:101A280023F049FE18B97369D3E90C23ECE7474959
:101A38001022284623F03FFE18B9736993F87E30C8
:101A480092E743491222284623F035FE18B97369F4
:101A580093F87D3088E73F490922284623F02BFE7A
:101A680018B9736993F87C307EE73B4912222846FF
:101A780023F021FE38B97369D86EFEF7ADFC374AFA
:101A8800CDE90001C3E736490A22284623F013FEB0
:101A980090B922463E2302F8023B20236370716905
:101AA8009B3111F8013F0BB9137012E70A2B08BFDD
:101AB8007C2302F8013BF4E72A490B22284623F04D
:101AC800FAFD002858D1736993F835310BB92649C6
:101AD800E3E6012B01D12549DFE6022B0CBF24499F
:101AE8002449DAE60F9B0208129B0208369B02087B
:101AF800B4700208489B0208419B0208A4A9020886
:101B0800669B020894700208C3B202086E9B020822
:101B18007E9B0208859B0208189C0208AD9E02085D
:101B28008A9B0208BC960208909B0208A09B0208A8
:101B380020900208AF9B020804A80208039202083A
:101B4800FB910208B79B0208FF910208BE9B02089E
:101B5800CF9B0208E29B0208EC9B0208AA960208A7
:101B6800FF9B02080A9C0208169C02081C9C02089B
:101B7800269C0208319C02089F490A22284623F025
:101B88009AFD78B99D492046FFF754FBB069036870
:101B98005B6D984720220146A01C1AB0BDE8F041B1
:101BA80001F0F8BC96490422284623F084FD28B9A0
:101BB800B0690368DB6898470346EAE691490E2254
:101BC800284623F078FD08B98F4966E68F490D222B
:101BD800284623F070FD08B98D495EE68D4911222B
:101BE800284623F068FDB0B935682B682846D3E944
:101BF8001737984701462846B84736683368054678
:101C0800D3E919373046984701463046B847824AE3
:101C180000902B4658E681490D22284623F04BFDBB
:101C28000028D9D07E490E22284623F044FD50B919
:101C38003068036820229B6B0AA9984708B10AAB51
:101C4800BFE6784929E678490E22284623F033FD75
:101C580028BB30680368DB68984700210746FFF710
:101C6800E7F908B1714918E6306803681B689847B6
:101C780005463846FEF7B0FB6DB16D4B6D4A1B68E3
:101C88001B88CDE90001CDE902534FF4807120464D
:101C980014F09AFD1DE6CDE90001674AB7E66749E9
:101CA8000622284623F007FD20B9736993F81631F8
:101CB800634A39E663490E22284623F0FCFC08B93A
:101CC8006149EAE561490C22284623F0F4FC18B979
:101CD80009F082FD0346EBE75D490922284623F017
:101CE800EAFC18B9736993F92331E1E759490822E5
:101CF800284623F0E0FC90B977B196F8E010C1F1DE
:101D0800A1013E23237002392023A01C63701AB05E
:101D1800BDE8F04102F0B6BD4FF48071F1E74E49DD
:101D28000B22284623F0C7FC18B97369D3F88C3006
:101D38001AE64A490822284623F0BDFC38B919F0AA
:101D480098F8034600287FF40FAE4549A5E54549B4
:101D58000322284623F0AFFC002840F08F8019F0BA
:101D680083F800283FF4B3AE07A819F091F89DF85E
:101D78001C30022B96BF3C4A3C4D52F823500AA80F
:101D880019F07EF8BDF81E6000B3DDE90C01FEF71E
:101D98004DFB17A3D3E90023FEF7A0FCCDE904010E
:101DA800DDE90A01FEF742FB11A3D3E90023FEF7A0
:101DB80095FC089B2E4ACDE90201CDE900634FF45A
:101DC80080712B46204614F0FFFC82E5099B4BB13D
:101DD800CDE90063274A2B464FF48071204614F062
:101DE800F3FC76E5244A00962B466DE5AFF30080B8
:101DF8000000000065CDCD413A9C020826960208F5
:101E0800459C02084A9C0208599C0208679C0208E3
:101E1800759C02089B9C0208AD9C0208C79C02089E
:101E2800D59C0208E49C0208EE9C0208FD9C02086E
:101E3800B86D02081E9D0208499D0208629D0208AD
:101E4800B7970208699D0208789D02089C9D0208C0
:101E5800A99D0208B39D0208BC9D0208C89D0208FE
:101E6800D19D02087C8F020888700208E69C02084F
:101E7800E19D0208159E02083B9E02085D490B225F
:101E8800284623F018FC30B9B0690368D3F88030CD
:101E98009847034668E558490E22284623F00BFC6C
:101EA80018B9736993F81C315EE55449092228462C
:101EB80023F001FCC8B9AFB196F8E050C5F1A1050F
:101EC8004F4A2946204614F07FFC0146B069036852
:101ED8006A1AD3F888302144984700287FF4F9AC6F
:101EE8004849DAE44FF48075EAE74749082228466A
:101EF80023F0E1FB28B97369444993F81A21444B4C
:101F080025E544490A22284623F0D5FB18B9736908
:101F180093F91B31CCE640490B22284623F0CBFB32
:101F280038B9736993F81D31002B7FF41DAD3B4917
:101F3800B3E43B492846FFF773F908B93949ACE4DB
:101F480039490822284623F0B6FB002847D03749EC
:101F58000C22284623F0AFFB002848D1B06903685B
:101F6800D3F89830984705460028B9D0002F3BD0C1
:101F780096F8E070C7F1A107706803681B68984776
:101F880080461BF0EBFB736993F81931003B18BFCF
:101F9800012301934FF47A720023FFF7D7F84346E1
:101FA80000903A462146284602F080FF91E4204AF4
:101FB8002049002D18BF4246384614F02FFC013541
:101FC800032D07443FF485AC73692B4493F81E3105
:101FD800002BECD1002D7FF47CAC17495DE4DFF8D1
:101FE8005C8027460546EFE74FF48077C4E7144A3C
:101FF8002B4699E4589E0208649E0208739E0208C4
:1020080026960208C49702087D9E0208189C0208BA
:10201800AD9E0208869E0208919E02089D9E0208B7
:10202800A79E0208AB9E0208B09E0208D59E020831
:10203800C3B20208B99E0208BE9E0208DC930208D9
:10204800E29E0208000000001BA3D3E90023C0E9B8
:1020580000231BA3D3E90023C0E902231AA3D3E971
:102068000023C0E904231AA3D3E90023C0E9062307
:1020780019A3D3E90023C0E9082319A3D3E900234E
:10208800C0E90A2318A3D3E90023C0E90C2318A345
:10209800D3E900230021C0E90E2300220023C0E970
:1020A8003023C0E93223C0F8D0108022403023F01A
:1020B800EFBA00BFAFF3008008C9BCF367E6096A4E
:1020C8003BA7CA8485AE67BB2BF894FE72F36E3CBF
:1020D800F1361D5F3AF54FA5D182E6AD7F520E511C
:1020E8001F6C3E2B8C68059B6BBD41FBABD9831FD6
:1020F80079217E1319CDE05B2DE9F04F31F00043D3
:1021080087B081460E4607460C460DD180F48007FD
:102118007F0017F5000F40F2528331464846FEF71C
:10212800EBFC07B0BDE8F08F20F00048B8F1FF4F96
:10213800014602D8B3F1FF4F08D9B7F17E5FECD161
:1021480084F48004640014F5000FE4E7002823DA1F
:10215800B3F1974F80F03883B3F17E5F36D3DA1549
:10216800C2F1960243FA02F505FA02F29A4225D123
:1021780005F00105C5F10205B3F17E5F27D1002CFA
:102188007EDA00214846FEF753FFC8B1F80F07B0C2
:10219800BDE8F04F16F0D6B9B3F1FF4F0ED1B8F144
:1021A8007E5F00F00C8304D9002C80F20B830020A2
:1021B800B7E7002CFBDA06F10040B2E70025DBE7C1
:1021C80049464FF07E50FEF753FEAAE70025B4F1CA
:1021D800804F424640F0FE82B8F1BF4F20D2B8F19E
:1021E800D05F04D949464846FEF78EFD99E729F0A5
:1021F8000040B8F1000F40D0F90F0139039129438D
:1022080024D0B3F19A4F40F2D780654B984539D81E
:10221800002C3CDA002007B0BDE8F04F16F08AB970
:1022280027F0404CBCF17E5F29F000401AD1002C09
:1022380004DA01464FF07E50FEF71AFE002FBFF673
:1022480070AFA8F17E5858EA050805D1484607B08E
:10225800BDE8F04F16F07EB9012D7FF462AF00F1B2
:1022680000405EE7B8F1000FC6D1002C05DA17B1BF
:102278006B1E59425941084689E7012D7FF451AF39
:1022880048464EE7474B984507D9002CC2DC00204A
:1022980007B0BDE8F04F23F0EABC4FF07E51FEF7DF
:1022A80029FC41490746FEF72FFD4049814638463B
:1022B800FEF72AFD804638A1D1E90001FEF7C6FBEA
:1022C8004FF07A5182463846FEF71EFD01465046C9
:1022D800FEF710FC3946FEF717FD01464FF07C501B
:1022E800FEF708FC394682463846FEF70DFD0146E2
:1022F8005046FEF709FD2E49FEF706FD0146404609
:10230800FEF7F8FB014680464846FEF7F5FB20F449
:102318007F6727F00F0749463846FEF7EBFB014673
:102328004046FEF7E7FB039B013D6FF30B041D439B
:102338008046214630460CBF1E4D4FF07E55FEF7B5
:10234800D9FB3946FEF7E0FC314681464046FEF7A8
:10235800DBFC01464846FEF7CFFB214606463846D9
:10236800FEF7D2FC014607463046FEF7C5FB0028BB
:102378000446804620F0004340F34481B3F1864F81
:1023880040F22D8100212846FEF75CFE003818BF78
:10239800012040E7AFF30080E13D55555555D53F45
:1023A800F3FF7F3F0700803F00AAB83F70A5EC36D7
:1023B8003BAAB83F000080BF17F0FF4F40F00B81E9
:1023C8004FF09741FEF7A0FC6FF017010246D315B6
:1023D8007F3B0B4496490293C2F316028A4242F0AD
:1023E8007E5308DD93498A4240F3F780029A01320E
:1023F8000292A3F5000300278F4A049352F827B0EE
:10240800184659469A46FEF775FB51468146584686
:10241800FEF772FB01464FF07E50FEF729FD01469C
:1024280005904846FEF770FC0190019B83496FF3C5
:102438000B039846049B01EA630343F0005303F53A
:10244800800303EB4753414618460493FEF75CFCB0
:1024580001464846FEF74EFB049B814659461846FE
:10246800FEF748FB01465046FEF744FB4146FEF79F
:102478004BFC01464846FEF73DFB059A1146FEF720
:1024880043FC019983460846FEF73EFC6C498146A9
:10249800FEF73AFC6B49FEF72FFB4946FEF734FC82
:1024A8006949FEF729FB4946FEF72EFC6749FEF706
:1024B80023FB4946FEF728FC6549FEF71DFB494604
:1024C800FEF722FC6349FEF717FB49468246484659
:1024D800FEF71AFC01465046FEF716FC41468146B7
:1024E8000198FEF709FB5946FEF70EFC4946FEF730
:1024F80003FB414682464046FEF706FC56490490D7
:10250800FEF7FAFA5146FEF7F7FA20F47F6929F048
:102518000F0941464846FEF7F7FB4F4980464846B3
:10252800FEF7E8FA0499FEF7E5FA01465046FEF789
:10253800E1FA0199FEF7E8FB494682465846FEF75C
:10254800E3FB01465046FEF7D7FA8346014640466C
:10255800FEF7D2FA20F47F6929F00F093F4948466F
:10256800FEF7D2FB414682464846FEF7C3FA0146CB
:102578005846FEF7BFFA3A49FEF7C6FB3949804686
:102588004846FEF7C1FB01464046FEF7B5FA364B12
:1025980053F82710FEF7B0FA80460298FEF760FB62
:1025A800324B53F827B0814641465046FEF7A4FA0D
:1025B8005946FEF7A1FA4946FEF79EFA20F47F67CE
:1025C80027F00F0749463846FEF794FA5946FEF7B2
:1025D80091FA5146A1E60021F9E601270CE74BD113
:1025E80023493046FEF788FA394681462046FEF7E9
:1025F80081FA01464846FEF743FD00287FF4C2AE43
:1026080086233EE01B4A934207D900212846FEF75D
:1026180019FD003818BF01203AE62DD13946FEF7DA
:1026280069FA3146FEF722FD0028E9D0EDE700BF40
:1026380071C41C00D6B35D00A08A020800F0FFDF59
:1026480042F1533E55326C3E05A38B3EABAAAA3EDF
:10265800B76DDB3E9A99193F000040400040763F35
:102668004F38763FC623F6B8908A0208988A02083F
:102678003CAA383300001643B3F17C5F40F29B80DC
:10268800DB157E3B4FF400041C414444C4F3C7539C
:1026980057497F3B19412140C4F31604C3F117037E
:1026A80044F400041C41B8F1000F3846B8BF644236
:1026B800FEF720FA074631463846FEF71DFA20F4A1
:1026C8007F6929F00F094B494846FEF71DFB39463B
:1026D80080464846FEF70EFA01463046FEF70AFAEB
:1026E8004549FEF711FB454906464846FEF70CFBEF
:1026F80001463046FEF700FA074601464046FEF717
:10270800FBF941460646FEF7F5F901463846FEF75D
:10271800F1F9314680463046FEF7F6FA3849074661
:10272800FEF7F2FA3749FEF7E5F93946FEF7ECFA13
:102738003549FEF7E1F93946FEF7E6FA3349FEF77F
:10274800D9F93946FEF7E0FA3149FEF7D5F93946A5
:10275800FEF7DAFA01463046FEF7CCF9074601469D
:102768003046FEF7D1FA4FF0804181463846FEF7F1
:10277800C1F901464846FEF77BFB4146074630460D
:10278800FEF7C2FA4146FEF7B7F901463846FEF7AA
:10279800B1F93146FEF7AEF901464FF07E50FEF72B
:1027A800A9F900EBC453B3F5000F06DA214615F07A
:1027B80063FE294618E500247DE71846F9E74FF03F
:1027C8007E50AEE43046ACE4B3F1FF4F3FF4E7ACE3
:1027D80042460225B4F17C5F7FF422AD002FFFF65C
:1027E8001FAD484607B0BDE8F04F23F0D4BA00BF8C
:1027F800000080FF0072313F1872313F8CBEBF3538
:102808004CBB31330EEADD3555B38A38610B363BA4
:10281800ABAA2A3E10B50021074BC0F89011044618
:10282800C0E96011C0E96211C0F894314FF4C07278
:1028380022F02EFF204610BDCDCC4C3E30B50246CE
:1028480001780D4853880D4CC1F38301484002F1CB
:102858004901C2F1FF22082B02F57F0204FB00F0B8
:1028680028BF0823B7325518AB4200DC30BD11F839
:10287800015F68406043F6E7C59D1C819301000134
:102888002DE9F04104460D460746002642F210782D
:102898003B7B3BB17B68EB1A434503D93146204665
:1028A80015F070FE0136182E07F11007F0D1D4F894
:1028B8008C3133B3154AEB1A934222D9D4F88431B8
:1028C800FBB1D4F8903123B9A5F59C53083BC4F863
:1028D800903103F51C41403141F2873641F288308E
:1028E800EA1AB2420BD9D4F8842142B10344A2EBCC
:1028F800D2028B42C4F88421C4F89031F0D1BDE8EB
:10290800F0810023C4F89031F9E700BFE093040098
:1029180070B5C1F51C550346024600F5C076113561
:102928006FF00040147B34B154682C4424EAE474FA
:10293800A04228BF20461032B242F3D1D3F88C21EE
:1029480092B1D3F884417CB10D4C8D1AA5420CD9B3
:10295800D3F890312BB1C1F59C5108310B4423EACF
:10296800E373984228BF184670BDC1F5922101F261
:10297800E131114421EAE171884228BF0846F3E7B2
:10298800E093040010B5D0F88831032B26DDD0F889
:102998008401FEF761F94FF06E51FEF7B5F9002199
:1029A8000446FEF759FBE0B94FF081412046FEF797
:1029B800A3F801462046FEF75BFA0B49FEF7A4F997
:1029C8000A49FEF799F84FF07E510446FEF758FB86
:1029D80010B14FF07E5010BD2046FCE74FF07C5000
:1029E800F9E70248F7E700BF9A99193FCDCCCC3EEA
:1029F80000487047C3B202080048704780EE3600AE
:102A080030B5C0E91912104DC36601220023C0E990
:102A18000433C0E90633C0E90E33C0E91233C0E914
:102A28000A33C0E90C33C0E91533C0E91733056030
:102A3800436080F844300364A0F87030036280F883
:102A48002420A0F8503030BD4069020870B5B8B0F5
:102A580001460446684621F0F9FE9DF80030013B26
:102A6800DBB2FD2B38D8274B28AA03F1400618689B
:102A78005968154603C50833B3422A46F7D1224B95
:102A880008AA03F1200618685968154603C50833D3
:102A9800B3422A46F7D108A920A811F0E5FC20AADC
:102AA800214610A821F07EFE694620A811F0DCFC22
:102AB80020AA28A918A821F075FE202218A910A874
:102AC80017F0F2F8044658B9202110A817F028F991
:102AD800202118A817F024F90024204638B070BD2A
:102AE80010A9002311F8012B1AB90133202BF9D1B1
:102AF800144610A8202117F013F9202118A817F060
:102B08000FF9EAE7D88A0208198B02082DE9F04F75
:102B18000A7802F00303023B012BF3B005460C468A
:102B280070D802F03C06242E0B795BD13F2B1CD8C1
:102B38004E88082E19D991F8527007F00302093E01
:102B48009340F6B21FFA83FC664510D801F1530290
:102B58000368029201F10A02CDE9007203961D6E24
:102B6800D1F84A20D1F84E30A847002037E001219B
:102B7800533301FA02F200F50671E01822F09BFDCA
:102B88000028F2D12B6821465B6C2846984700281C
:102B9800EBD0E86F036821461B6898470028E4D10A
:102BA800E86F036821465B68984794F90201FEF7CD
:102BB80057F84FF07A51FEF7A7F84FF08141FEF72A
:102BC800A3F8FEF77DFA23795A1C234422719872E0
:102BD8002B682146DB6C2846984740F0C06073B0EC
:102BE800BDE8F08F2C2E03F03F030AD191F94A601B
:102BF800002E80F2B782002BB7D103685B6F98472D
:102C0800B3E76BBB104616F056FB002840F08080F7
:102C18002378C3F383020F2AA7D801A151F822F021
:102C2800C32D0008C32D0008C32D0008812D0008FE
:102C380003300008772F0008772F0008F32E0008CC
:102C4800C32D0008732B0008ED300008732B000813
:102C5800732B0008732B0008732B0008BD30000885
:102C68000C2E08D14B88032B05D90368D1F84A20CC
:102C7800D3F88430984722799209013205F5067114
:102C880004F10A0022F017FD00287FF46EAF2B68CC
:102C980021465B6C2846984700283FF466AF2378A6
:102CA800C3F383030A2B04D12146284616F09BFD63
:102CB8005BE7E86F0268032B1268214613D190473F
:102CC800064600287FF451AFE86F036821465B6829
:102CD80098472146284616F0AAFB32462146284640
:102CE80016F02AFD41E7904700287FF43EAFE86FD1
:102CF800036821465B6898472146284616F097FBEB
:102D08002B682146DB6C2846984740F0807066E7C0
:102D18002B6821461B6C2846984700287FF425AF6E
:102D2800207816F0C8FA00283FF472AF2046FFF763
:102D380085FD0646A86E03681B68984705F180075D
:102D480002463146384615F063FC20B13146284624
:102D580016F0CBFA5CE72B6828469B6B984700284F
:102D68003FF456AFA86E03681B6898473146024681
:102D7800384615F027FC4BE76388032B7FF6F5AE42
:102D8800E86FD4F84A60036821461B689847002812
:102D98007FF4EBAEE86F036821465B6898472B68C1
:102DA8003246D3F88430214628469847214628469B
:102DB80073B0BDE8F04F16F05ABB0DF1200A94F835
:102DC8004B308AF80030638894F84A70042B7FF6F9
:102DD800CCAEE86F036821461B6898470646002872
:102DE8007FF4C3AEE86F036821465B68984795F89F
:102DF8001832BB4268D12B6851465B6D284698470C
:102E080004F14C0B814610AF0DF1C408B1455BDDF0
:102E18002B6832469B6D39462846984763885A4640
:102E2800023B4146384616F056FF031E5BDD22780A
:102E3800C2F38302082A4CD198F8009007934846B9
:102E480016F00FFE00283FD04FEA991109F03F0213
:102E5800079B01FB0222501C834235DD02329B1A7C
:102E6800DBB2424429680392049318F8003003F057
:102E78000F03CDE901930DF1C508CDF80080D1F815
:102E880064B03B46324621462846D847D0B1207820
:102E980016F011FAB0B10023CDE90233019323797A
:102EA8000093514604F10A033A46284616F078FB87
:102EB800014638B14FF4FA73009342464B46284610
:102EC80016F05CFDFF2323702146284616F0CFFA42
:102ED80085E629680097CDE901832846CF6D3346FA
:102EE8002146B847EEE7013690E76388232B7FF643
:102EF8003CAEE86F94F84A60036821461B6898471F
:102F080000287FF432AEE86F036821465B68984773
:102F180095F81832B3427FF449AF04F14B0608AA7A
:102F280004F16B0730687168134603C30836BE4264
:102F38001A46F7D108AA10A905F5067016F06EF919
:102F4800638831AF213B3246394610A816F0C3FEDC
:102F580000287FF72BAF2B68CDE9007010AADE6E32
:102F6800214608AB2846B047FF2323701EE708AF69
:102F780094F84A303B706388032B7FF6F6ADE86F10
:102F8800036821461B689847064600287FF4EDAD84
:102F9800E86F036821465B6898472B680DF1400984
:102FA800D3F87C80394604234A462846C04704F1B2
:102FB8004B0A07460DF141080DF1C40BB74283DDFA
:102FC80063884046013B5246594616F084FE002865
:102FD80008F121080FDD2B682278CDE900B006EB57
:102FE8004616D3F88070C2F3830209EB0603214624
:102FF8002846B84768E70136E0E710A815F0D9FF7A
:1030080010AE04F14A0304F16A0718685968324699
:1030180003C20833BB421646F7D16388632B7FF699
:10302800A4AD202210A905F5067022F044FB002863
:103038003FF49BADE86FD4F86AA0036821461B688B
:10304800984700287FF491ADE86F036821465B68D4
:1030580010AF98470FCF0DF1C4094E460FC6B4F80C
:10306800028097E80F00A8F16408B8F1200FA8BF04
:103078004FF0200804F1AE0B86E80F00424659468F
:103088003AA8CDF8E4A022F0DCFA08F124034A4675
:1030980004F16E0110A815F094FF00283FF465AD07
:1030A8002B68CDE900B810AA9E6E214653462846E3
:1030B800B04709E703F00303023B012B3FF655AD88
:1030C800E86F036821461B68984700287FF44DADD8
:1030D800E86F036821465B6898472B6821469B6F19
:1030E80028468CE56288022A7FF63FAD94F84A307C
:1030F80003F00F03032B7FF438AD042A7FF635ADB8
:1031080031AE304616F0A8FC23788DF8C430402242
:10311800237904F10A010DF1CE0016F0C3FC628890
:103128008DF8C800013A92B204F14B010DF5877091
:10313800ADF8C62022F085FAE86F036831461B68AF
:10314800984700287FF411ADE86F036831465B6843
:1031580098472B68DDF80E21D3F88430314628468D
:10316800984702E5002B3FF44DAD84E538B50B4B8D
:103178001C786CB901220A4D1A70002329460948A7
:103188001A46013416F0FBFC202C05F58275F4D1A3
:10319800BDE838400348002116F0CDBC267E00204B
:1031A800A45D00207C4E0020014BD3F8200170471D
:1031B800584D0020014BD3F8200170477C4E002069
:1031C800014816F0B8BC00BF584D0020044BD3F896
:1031D80020219142BABF283153F8210000207047BE
:1031E800584D0020054BD3F820018142BDBF28313E
:1031F800012043F821200020704700BF584D0020CF
:1032080021B1002302481A4616F0B9BC704700BF26
:103218007C4E002070B50B4B0022D3F8206103F1DF
:103228009C05FF208033B24200DB70BD55F8044F87
:10323800641A002C03DC9C5CA04228BF20460132A3
:10324800F1E700BF584D00202DE9F04705469046AC
:1032580099460F4699B31B4E304616F090FC04462B
:1032680068BBD6F8200118B306F17F0C2146234627
:10327800A04214DC0E4496F88030434518D9114812
:1032880016F059FC2B6801465B68284698474B4660
:10329800424639460B48BDE8F04716F070BC1CF8AA
:1032A800012F9A4234BF1A46214613460134DFE7FC
:1032B8002B68394628465B68BDE8F0471847BDE8E3
:1032C800F08700BF584D0020F0B4114A0C46D2F8E0
:1032D800207102F19C0600234FF0FF31FF2080325D
:1032E800BB4205DB4B1C0FD0F0BC094816F023BCD1
:1032F80056F8045F2D1B002D04DCD55C85423CBFCD
:10330800194628460133EBE70020F0BC704700BFA0
:10331800584D002030B50A4B4A1CD3F820510DD027
:1033280000229C331046AA4200DB30BD53F8044FFC
:10333800641A002CD8BF01300132F4E72846F4E7BC
:10334800584D0020002907DB044BD3F82021914277
:1033580002DA53F82100704700207047584D0020CA
:1033680038B50E4D0024281904F5827416F074FB44
:10337800B4F5025FF7D10A4B002421468022184693
:10338800C3F8204122F084F9064BC3F820412146B6
:1033980018468022BDE8384022F07AB9A45D0020A2
:1033A8007C4E0020584D00202DE9F0438DB00D468D
:1033B80012F00F019DF85090804614461E4604D026
:1033C8004FF0FF300DB0BDE8F083184B0693142280
:1033D80007A822F05DF9B9F1000F0CBF4FF4007394
:1033E8004FF48073124F0893102204AB414606A88D
:1033F800099721F047FD0028E2D105ABCDE901434B
:103408000498009623462A463946B9F1000F09D098
:1034180011F0E4FC0446049821F018FD002CCFD1EB
:103428000598CFE711F076FDF4E700BF002480008F
:10343800004440042DE9F04194B007460C46164676
:103448000021142207A81D4622F022F94FF48853C0
:10345800DFF85C80ADF818304FF48073ADF81A309F
:103468004FF48063CDE90838202204AB394606A81A
:1034780021F008FD28B14FF0FF34204614B0BDE814
:10348800F08105AB0293202301930CAB00932246F5
:1034980004983346414621F091FE0446049821F0F1
:1034A800D5FC002CE7D1BDF830302B80E5E700BF14
:1034B8000900800330B58DB00D4611461A4603AB9E
:1034C800019320230093044604AB0A4821F0A6FD8B
:1034D8002A4630B1002120460DB0BDE8304022F028
:1034E800D7B8202D28BF202204A9204622F0A9F809
:1034F8000DB030BD090000022DE9F043A7B0044625
:103508000D461646002170220AA8DDE92E891F46BD
:1035180022F0BEF816490AA821F031FDE8B93A466A
:1035280031460AA821F04CFDB8B94A4641460AA8D6
:1035380021F046FD88B901AB202202A90AA821F092
:1035480056FD50B9202D2A4602A928BF2022204620
:1035580022F077F827B0BDE8F0830AA821F000FD33
:103568002A460021204627B0BDE8F04322F090B853
:103578000900000208B5054B002814BF014619468A
:1035880003481AF02CFC012008F048FB3A8B02088B
:10359800468B0208F0B50B4D8E180346B14203F175
:1035A800020303D1002300F81230F0BD11F8014BDB
:1035B800270904F00F04EF5D2C5D03F8027C03F883
:1035C800014CEBE7EDB402082DE9F041DFF8348057
:1035D80005460C468F18BC4201D1BDE8F08114F8AD
:1035E800016B2B6832099B6818F802102846984727
:1035F80006F00F062B6818F806109B6828469847AF
:10360800E9E700BFEDB40208004870470000C07F3A
:1036180000487047668B020808B503491046FDF755
:1036280009FE002008BD00BF738B020830B514489E
:10363800134D8BB00022702101F016FE041E19DD17
:103648002246691C284622F00AF8013C02A801F02B
:10365800D3FE60B16F2C0ADC039B019305AB00938A
:10366800084A029BC4F17001281913F0ADF8044808
:103678000BB030BD04492846FDF7DCFD0724E5E71B
:10368800277E0020A98B0208A18B020838B50446C2
:103698004FF0FF324FF0FF330F480FF035F81FF0AF
:1036A800D0FB00230A22FDF7A1FDD4E90253002B29
:1036B80008DB421B42F2107561EB0303AA4273F167
:1036C800000303DBC4E902010023E380E488024825
:1036D8000FF0BEF8204638BDA405002008B50368E1
:1036E8001B689847BDE808400146014818F071B9C1
:1036F800B86D020807B5064B8DF8070001220DF1D9
:103708000701044801F028FF03B05DF804FB00BF7F
:10371800C68B0208D68B020873B5124B124C1D7863
:1037280015B1207802B070BD012610481E7017F040
:1037380025FF0028F5D00D488DF8035001AB32461F
:103748000DF10301019517F032FF38B1019B2BB140
:103758009DF80330012B08BF4C232370034817F052
:1037680018FFDEE7987E0020977E0020D68B02089F
:103778004C28024607D0552807D0054B0548002A93
:1037880008BF18467047044870470448704700BF90
:10379800E28B0208A18B0208E78B0208F38B020870
:1037A8003E28024630D016D8142830D00AD80A2825
:1037B80030D00F2831D0204B41F68460072A18BF3B
:1037C800184670471F282BD01B4B4AF2C320292AC2
:1037D80018BF18467047B0F5FA7F24D00AD8FA28DF
:1037E80023D0B0F5C87F22D0134B1448C82A18BF7D
:1037F80018467047B0F5487F1BD00F4B1048B2F5FC
:103808007A7F18BF184670474FF22440704745F238
:103818006110704742F6B100704743F6095070478F
:1038280047F612207047074870470748704707480F
:1038380070470748704700BF48E80100F8180300C0
:1038480040420F0020A1070090D00300F03106008D
:10385800E0630C0070B5036993F87430073B052BDF
:103868000D4614462ED8184A52F823603046FDF704
:1038780007FC38BB2046FDF7F3F94FF06E51FDF712
:1038880043FA01464FF07E50FDF734F931460446BD
:103898002846FDF72FF90D49FDF7EAFA01462046BB
:1038A800FDF732FA00210446FDF7CCFB50B94FF082
:1038B8007E512046FDF7E4FB10B14FF07E5070BDFD
:1038C8002046FCE70020FAE75C6B02080000204174
:1038D80070B5044616F064FBD4F88039D4F884290E
:1038E800054653EA02004DD05B1B62EB0102012B37
:1038F80072F100003EDB6FF00040834272F100027B
:1039080000DA1846B4F8683A9BB394F95A3A803307
:1039180014D0D4F8602AD4F8646A521B66EB010606
:10392800012A76F1000327DB6FF000439A4276F113
:10393800000600DA1346984228BF1846D4F8703AB1
:10394800D4F8742A53EA02041CD00F4C1B1942F114
:1039580000025B1B62EB0101012B71F100020DDB20
:103968006FF00042934271F1000109DA984228BFD2
:10397800184670BD0020C5E70023DCE70023F5E703
:103988001346F3E70020F4E7009749012DE9F04FCB
:103998008BB004468846174616F0ABFA814638B90C
:1039A800694A394640460BB0BDE8F04F12F00CBFEB
:1039B800D4F89809002800F09280D4F89C290A23AA
:1039C8005A43D4F8A03964214B4302EB500203EB6D
:1039D8005003B2FBF0F2B3FBF0F094F8573A04F658
:1039E800A81A27EAE771002B7BD194F854CA574DDF
:1039F800574B94F9556ABCF1000F08BF2B460A25AE
:103A08000590B2FBF5F005FB1022CDE9030209EBA6
:103A18000602CDE90062CDF808904E4A404612F001
:103A2800D3FEC72F054640445FDDD4F89C3A039384
:103A3800D4F8983A0293D4F8943A0193D4F8903A87
:103A48000093791BD4F89839434A12F0BDFE054417
:103A580008EB0500791B94F8583A404A12F0B4FE76
:103A68000544204616F0A3FB014640B9AF4208EBD7
:103A78000500C8BF791B3A4A12F0A6FE0A3550461F
:103A880016F0E2FF8346504616F0F4FF5E45B8BFD5
:103A98005E468642B246A8BF82460AF1FF36B34563
:103AA800CABF0BF102030AF101035E468342C8BF95
:103AB800861E6FF00702C8BF03469642B8BF164677
:103AC8000C2BA8BF0C23099304EBC6044FF0640B1E
:103AD800099B9E420DDD28460BB0BDE8F08F0246DB
:103AE8007BE794F9566A1F4B89E7AF42B2DC0021A5
:103AF800B1E7B4F8EC29B4F8F0C91AB353080BFBD2
:103B08000C33B3FBF2F30693B4F8F239CDE904C3EE
:103B1800B4F8EE39BD42CDE9022309EB0603CDE93D
:103B28000063B8BF791B08EB0500A8BF00210E4A47
:103B3800B24514BF20232A2312F046FE013605445D
:103B48000834C5E71346DEE7008C0208189C020813
:103B5800AD9E0208088C02082E8C0208438C0208CD
:103B68004C8C0208DD910208578C02082DE9F843B5
:103B78004A4B03604A4F8C330025002643604FF0C0
:103B8800000800F518634FF00009C0E902714662A9
:103B9800C0E90452C0E9065505628662C0F85C585F
:103BA800C0F86058C0F8745980F87859C0F87C5942
:103BB800C3E9008943F69823044680F88859C0F879
:103BC8008C39C0F89059C0F89459C0F89859C0F881
:103BD8009C59C0F8A059011D00F6A81016F01FFF47
:103BE80004F52763A4F8685AC3E900893B6984F897
:103BF800785A5B1B18BF012384F8793A4FF40043C5
:103C0800C4F87C5AC4F8805AC4F8845AC4F8885A4C
:103C1800A4F88C5A84F88E5AC4F8905AC4F8945A66
:103C2800C4F8985AC4F89C5AC4F8A05AA4F8A43AFC
:103C3800C4F8A85AC4F8AC5AA4F8B05AC4F8B45A8C
:103C4800A4F8CC5AC4F8D06AC4F8D46AA4F8D85AEC
:103C5800C4F8DC5AC4F8E05AC4F8E45AC4F8E85A7C
:103C680084F8A05BA4F8A25BC4F8A45BC4F8A85BC2
:103C7800C4F8AC5B04F664101FF032FA012229463E
:103C880004F688301EF0C3FE4FF40362294604F19F
:103C98002C0021F0FDFC2046BDE8F883C06A02082C
:103CA800C06D020808B50346C068B3F8A21B836854
:103CB800002908BFFF219B68984758B1084B9842D4
:103CC8000BD800F5FA70400041F28833984238BFAB
:103CD800184608BD41F28830FBE76FF47A70F8E7C0
:103CE8000BFEFF7F30B590F8A03B89B00446CBB9F6
:103CF80000F52F65002000210A22CDE90601CDE953
:103D08000232CDE9004304930749084B4FF400629F
:103D180028460FF017F9064928461EF058FF0123D8
:103D280084F8A03B09B030BD0083002011A301082E
:103D3800778C02082DE9F84305460C461746002102
:103D48001422204621F0A4FC95F8CD3A002B35D05A
:103D5800D5F8D00AD5F8D49A95F8D88A95F8D96ABA
:103D68001B49FCF7D1FFFDF7D1F920604846FDF764
:103D7800CDF9B31F80B216F073F8022B9ABF043E38
:103D8800F6B20126B8F1080F8CBF10232023A080BB
:103D980084F80680E67123812B6993F94C302773E8
:103DA800162BA8BF16236FF008029342B8BF13461C
:103DB800A37240F202432382BDE8F8832B69986C12
:103DC800D3F8789093F8748093F87560C8E700BFCB
:103DD8000024744908B590F8CD3A5BB1D0F8D00A00
:103DE8000649FCF791FF4FF07C51FCF785FEFDF783
:103DF8008DF908BD0369986CF2E700BF0024744987
:103E080008B590F8CD3A63B1D0F8D40A0649FCF762
:103E18007BFF4FF07C51FCF76FFEFDF777F980B21E
:103E280008BD0369986FF1E7000020412DE9F047CC
:103E3800024616F0C3F992F8CD3A0F460546002B14
:103E480000F0BD80D2F8D49A104616F0C1F99368F4
:103E580093F8008008F10506F6B2B542044603D38C
:103E68000C2D28BF0C25EEB25B494846FDF7EAF851
:103E780008B1DFF868914846FDF748F980B215F0B7
:103E8800EFFFFFF78DFC082C28BF08240546E4B295
:103E98000120052C00FA06F038BF0524FCF7E0FEE7
:103EA80081462846FCF7D8FE4D49FCF7E1FF4C490E
:103EB800FCF72AFF01464846FCF7DAFF8146B8F1CD
:103EC800000F01D1062E7ED9082E4FF000057DD8AF
:103ED8002020FCF7C5FE4349FCF70EFE2946804624
:103EE8002846FCF709FE01464046FCF705FE494610
:103EF800FCF70AFF3C4980464846FDF7C1F8002810
:103F080066D04FF07E5A3046FCF7AAFE0646384681
:103F1800FCF7A6FE4FF08241FCF7F6FE4FF0814118
:103F280007463046FCF7F0FE01463846FCF7E2FD4E
:103F38002E49FCF7E1FD4FF08341FCF7DDFD4FF022
:103F4800824107462846FCF7DFFE01463846FCF763
:103F5800D1FD514607465046FCF7CEFD0146304696
:103F6800FCF7C8FD4FF08141FCF7CEFE4FF07E51C3
:103F78000546FDF767F808B14FF0814529463846F0
:103F8800FCF776FF14F028FA05462046FCF768FE91
:103F98002946FCF7B9FE002121F017FE4FF08241B7
:103FA800FCF7AAFD4946FCF7AFFE4146FCF7A4FD25
:103FB8000B49FCF7A9FEFDF7A9F8BDE8F0871369DE
:103FC800D3F8789040E74FF07E5581E7102080E7DE
:103FD8004FF0000A97E700BF0000E0400000FA42F7
:103FE80000007A44000088405A2F863C0000E041D7
:103FF8002DE9F04F04468BB016F080F994F8783A22
:1040080004F1180A002B00F09080002205A9204630
:10401800FFF790FE9DF81A60BDF81C50062E8CBF65
:104028004FF0080B4FF00C0BBBF1080F0CBF11231E
:1040380019239D4240F38880BDF81800FFF7B0FBB4
:10404800012102464248B1400023A1FB0001FDF7CF
:10405800CDF8A368DB690646002B5DD0E068984779
:104068008146A5EB4B0808F1FF3806FB08F8052048
:1040780064220023A8FB0001FDF7B8F809F5FA63EC
:10408800A8EB0007BB42D4F87C2A48D20E3575430A
:10409800A7EB0907BD420BFB066608D96B1CA3EB0F
:1040A800080303444B445B089E4238BF1E469642B1
:1040B80003D1D4F8803ABB4203D0C4F87C6AC4F870
:1040C800807A16F163004FF0000545F10001642283
:1040D8000023FDF78BF8D4F80C80814617F16300B4
:1040E8004FF000030E464FF0640245F10001FDF762
:1040F8007DF8D8F808309D6ABDB1164B03948DE859
:104108000B004A4633464046A84770B91DF083FA6B
:104118000121C4F8940911E040F2DC59A1E7013209
:1041280003D04FF0FF33C4F87C3AE068094983684C
:1041380022469B6998470028E8DA002150460BB0D0
:10414800BDE8F04F15F051BFD4F87C3A0133E7E7EA
:1041580040420F00C7A0010838B583689B6A04462F
:104168000D46BBB100F6A43015F0F4FE034604F684
:10417800AC3015F0EFFE1844D4F8843A984202D1D6
:10418800D4F8883A3BB9C4F8840A012D38BF012510
:10419800C4F8885A38BD084ACB1A9342FAD994F819
:1041A8008E3A072BF6D9A3689B6A0BB1E06898474B
:1041B8002046FFF71DFFE8E7BF270900F8B5836829
:1041C800DB6A04460F46002B38D090F8B03A33B17A
:1041D800D0F8A83AD0F8AC2ACB1A93422ED3D4F808
:1041E800B43A23B1FB1A4EF65F22934226D960698E
:1041F80020B303685B68984701460546FCF74AFF09
:104208000646D8B9284621F003FD174BC4F8AC3A46
:10421800B4F9A43AC4F8A87A012213F5004F05B2FC
:1042280084F8B02A02D1A4F8A45A07E0EB1A002BAC
:10423800B8BF5B42042B02DC84F8B16AF8BD94F87D
:10424800B13A33B943F6982384F8B12AC4F8AC3AA2
:10425800F4E7A36884F8B16ADB6A0BB1E0689847B1
:104268002046FFF7C5FEDEE780EE360038B5044687
:104278001C3015F06FFE98BB204616F04EF978BB3F
:1042880015F08EFE054604F6A43015F063FE0346CD
:1042980004F6AC3015F05EFED4F8842A0344934249
:1042A80002D1D4F8883A63B90023C4F8A03A294661
:1042B8002046FFF751FF29462046BDE83840FFF762
:1042C8007DBF084AEB1A9342F1D9D4F8A03A13B14A
:1042D800EB1A9342EBD9012D2B4638BF0123E4E7B3
:1042E80038BD00BFBFD401002DE9F843B0F8683AE3
:1042F80004463BB190F8CD8AB8F1000F04D00023F2
:1043080080F89339BDE8F88304F5276715F048FE6F
:10431800D4F8702A7B680E4652EA0301054662D13A
:10432800C4F8705A7E6094F95A3A803315D0D4F89C
:10433800602AD4F8643A954276EB03030DDBA36850
:10434800596B04F6A81511B1E0688847014628465C
:1043580016F063FC284615F008FF94F89339002BF3
:10436800D0D0002384F8933994F95A3A8033C9D1CC
:10437800204615F01CFF0028C4D094F89239002B71
:10438800C0D0204616F0C9F80028BBD104F6A819F9
:10439800484616F0F6FBA3681B6B074683B3014635
:1043A800E0689847064615F0FBFD022E80460D464C
:1043B80029D1321E18BF01223946484616F015FC8D
:1043C800022E2BD1204615F0F2FE10EB080045F125
:1043D8000005643045F1000584F85A7AC4F8600A8B
:1043E800C4F8645A8EE70F49AA1A66EB0303914290
:1043F80078EB030397DA04F6A81016F0B0FB8FE702
:104408006FF05706CFE7002104F1180015F0EDFD15
:104418002046FFF7EDFD002ECBDA73E7484615F08E
:10442800A4FE6FE70097490110B504461EF009FD88
:104438000A220023FCF7DAFE00234FF47A72FCF715
:1044480085FEA3681844064B984207D9054B1A689D
:1044580082421FBF1860044B044A1A6010BD00BF97
:104468008081A369C8D80020C4D8002033CC55AABD
:10447800002343608360074B074A02601A68074BB2
:104488009A4205D1064B074A1B68934288BF83604E
:10449800704700BFC4D80020886B020833CC55AAE7
:1044A800C8D800208081A36938B505460C461EF09F
:1044B800C8FC0A220023FCF799FE4FF47A72002305
:1044C800FCF744FE034B044A1C60044B201AA86006
:1044D8001A6038BDC8D8002033CC55AAC4D80020EB
:1044E80070B50D4616460424314628461AF0BFF921
:1044F80040B1642000210EF0A5FF013CF4D1024830
:10450800FFF738F870BD00BF848C02082DE9F04F22
:10451800DFF8C882ADF5397D04460D4617460021FF
:104528004FF4007238A81E4621F0B2F898F800300F
:1045380043B9AB4819F053FC98F8003013B9A948AF
:1045480019F04DFC402138A81AF091F998F800307C
:1045580081463BB938A816F069FC49460246A2488C
:1045680019F03DFC102200210AA821F091F8102131
:104578000AA809F065FA0DF21F1201460DF1280C80
:1045880000238B4202DA102B40F0838098F8003029
:10459800002B40F01F81954819F021FCBFB1B6B13E
:1045A800202E314628BF20210DF22F133A467E18BF
:1045B80012F8010B13F8017FB24280EA0700187065
:1045C800F6D198F8003043B9894819F008FC98F8F2
:1045D800003013B9874819F002FC402194A81AF05A
:1045E80046F998F80030064673B994A816F01EFCF0
:1045F80031460246804819F0F2FB98F800301BB9A2
:104608007E48294619F0EBFB7D4B24AF3A4603F16F
:10461800180C18685968164603C6083363453246AD
:10462800F7D1186899889B793060B180B3713122CD
:1046380000210DF11C0A07F11F0021F029F80023C1
:10464800CAF8003010F004FD202300938046CDF80E
:1046580004A06C481CAB4FF4007238A920F0DEFCB3
:10466800064620B9DAF80090B9F1200F1AD02021B7
:104678001CA815F055FBCDF80480DAF8003000933B
:10468800614A33465021384612F09EF824A8FEF7B6
:1046980071FF12F801EF1CF8010B80EA0E00107090
:1046A80001336EE70146142217A820F0F1FF574A9C
:1046B80008964FF41053ADF858300DF1200A4FF416
:1046C8008073CDE91832ADF85A301CA953464A46D2
:1046D80016A820F0D7FB494606461CA815F020FB73
:1046E80046B14B4ACDF8008033465021384612F087
:1046F8006BF8CBE7102231460EA820F0C9FF3746E9
:104708000DF1240BBD42DAF800001ED90023CBF8C6
:1047180000300DF14809102301930EAA3B49CDF84A
:1047280008B0CDF8009010F059FBDBF800200346E4
:1047380008B9102A1BD00092CDE90178354A5021DA
:1047480024A812F041F84FF0FF36089820F07EFBBD
:1047580010210EA815F0E4FA002E97D10123254464
:104768001946AC421DD101B93BB32B488FE7EA1B70
:10477800102A28BF1022E0194946059220F061FF4F
:10478800059A17444A4612F8013D0133DBB213700B
:1047980013B90EAB9A42F6D11021484615F0C0FA6B
:1047A800B0E714F8012B32B1FF2A14BF002303F03D
:1047B80001030021D5E71346D3E738A84FF4007169
:1047C80015F0AEFA10210AA815F0AAFA0DF5397DF0
:1047D800BDE8F08F002F7FF4E2AEFEE6997E002060
:1047E800A58C0208C98C0208118D0208408D0208A8
:1047F800818D0208A38D0208F08D02081F8E020821
:10480800108F020809000002588E02080044400474
:10481800868E0208B18E0208E58E020830B50023A4
:1048280089B004461A4620216846FFF76FFE69469C
:10483800204614F0DCFB65252378013BDBB2FD2B19
:1048480005D82021684615F06BFA09B030BD013D46
:1048580002D10748FEF78EFE002368461A4620213B
:10486800FFF754FE6946204614F0C1FBE4E700BF99
:104878002F8F020811B1024A11F0A6BF704700BF7E
:10488800558F0208014A11F09FBF00BF668F0208CA
:1048980037B5144683686A461B69984788B90198F2
:1048A800FCF7DEF90849FCF7E3FA05460098FCF73F
:1048B800D7F901462846FCF71FF92060012003B00C
:1048C80030BD0020FBE700BF0024744938B50D4611
:1048D8000446B8B11DF06EFF10B920461DF061FF07
:1048E80020461DF067FF68B1074B1A780F2A09D8D0
:1048F800511C1970054B43F8324003EBC2030022E8
:104908001D715A7138BD00BF9A7E0020A04F00204B
:10491800014B1878704700BF9A7E0020064B1B7821
:10492800984207D2054B03EBC0031879031F58427E
:1049380058417047002070479A7E0020A04F002001
:104948002DE9F3410C46064624220021204620F09A
:104958009FFE644B1B789E4280F0C180624D05EB40
:10496800C6034FEAC6081A79062A11D15B7955F8A9
:10497800360000930022019283681F68002F00F020
:10498800AB806B4614224E21B847002840F0A48023
:1049980055F8360083684E21DB689847074600289B
:1049A80040F09A8005EB08031B79042B55D006D9F3
:1049B800053B012B6AD9384602B0BDE8F08155F8AD
:1049C8003600221D0D21FFF763FF18B1238843F03D
:1049D8000103238005EB08031B79012B2BD955F81C
:1049E800360004F10C020E21FFF752FF0028E2D036
:1049F800E0683E49FCF788F92688E060A84446F05C
:104A08000403238098F8043003F0FD03012BD2D16E
:104A18003749FCF72DFA3749FDF76EFB01464FF091
:104A28007E50FCF767F83449FCF76EF946F00C063F
:104A380020612680BFE755F8360004F108021021EE
:104A4800FFF726FF18B1238843F00203238005EB04
:104A580008031B79002BAED0C1E755F8360004F1E6
:104A680014021221FFF714FF18B1238843F0100332
:104A7800238055F83600221D0D21FFF709FF002875
:104A880099D0238843F00103238094E755F8360032
:104A980004F118022B21FFF7FBFE18B1238843F01D
:104AA8002003238055F8360004F11C022D21FFF75E
:104AB800EFFE18B1238843F04003238055F83600F1
:104AC80004F120022E21FFF7E3FE00283FF473AF24
:104AD800238843F08003D7E76FF004076BE76FF094
:104AE800150768E79A7E0020A04F002000002041AB
:104AF80000507D4401DE423E002A2D47024B1878C3
:104B0800003818BF012070479A7E002010B50C4667
:104B180016F0A8F918B1002C014818BF002010BDE4
:104B28007C8F020810B50C4616F09CF940B144B9C8
:104B380016F09AF9044B01460448002908BF1846A4
:104B480010BD0020FCE700BFCAA30208B1B30208E9
:104B580070B50E46154616F085F9044668B10E493B
:104B68003046FCF75DFB50B90C492846FCF758FB6A
:104B7800003818BF012016F07BF9204670BD08499F
:104B88003046FCF74DFB28B9284620F08CFD16F07E
:104B980074F9F2E70024F0E77C8F0208CAA3020840
:104BA800808F0208054B064A1A6000200021C3E9DD
:104BB8000201C3E90401C3E906017047F0050020BA
:104BC800A86B020870B4CE7D46B1CD68541B054D64
:104BD800AC4203D81BB970BC16F001BB00231846C1
:104BE80070BC7047809706002DE9F84F032B0A9D8B
:104BF8000646894690461F462FD816F0DCFA04462A
:104C0800A0B38668464528D2C168404A691AA8EB0D
:104C180006069620761A4FF00003A1FB000169EB07
:104C28000909FCF793FA10F12D020B4641F1000136
:104C3800B24271EB09010ADB6FF02C02121A4FF035
:104C4800FF3161EB0303964279EB030307DA256131
:104C58000123A382C4E90285A775BDE8F88FA38A5A
:104C68004FF6FF729342F5D00133F2E7034618215D
:104C780006F1170001FB03F210F802C0BCF1000FA7
:104C88000ED1B418D9F800302360D9F80430636025
:104C98000123C4E902852561A382A775E375DCE7D2
:104CA8000133202BE6D131464FF0000A4FF0180BA4
:104CB8002A46304616F093FACB6818B11448EA1A17
:104CC800824217D98A7DBA4214D9ECB1A07D8242BA
:104CD8001AD803D1888AA28A904215D30BFB0A629C
:104CE80060695269424032F07F4203D1E2689342E0
:104CF80038BF0C460AF1010ABAF1200F01F1180178
:104D0800D6D1002CBED1A8E70C46F3E740420F00ED
:104D180080510100034690F8100338B1D3F80C33E2
:104D28000348C91A81428CBF00200120704700BF88
:104D38007F3A09002DE9F3478A46164600211822D2
:104D480004461D4620F0A4FCDAF80073BE422CBFCE
:104D58000023012323743246009351462B4604F165
:104D6800180016F049FA237E1BB940F2012323806C
:104D780014E0BE422ED2A37E022B02D840F20133A9
:104D8800F5E7D4E90832B3F1960642F1FF32B6F5F9
:104D9800167F72F1000305DA01236370204602B022
:104DA800BDE8F08729465046FFF7B4FF08B1052350
:104DB800F3E79AF8203343B1DAF81C3345F25F4140
:104DC800EB1A8B4201D80623E7E70223C4E9026203
:104DD8002370E3E7637E052BD0D9A27EB3EB420FA5
:104DE80002DB40F20143C2E7D4E90887002F4646B8
:104DF800B94602DA764267EB4709B6F5167F79F1CC
:104E08000003C9DB29465046FFF784FF0028CED1AE
:104E18009AF8203333B1DAF81C3345F25F42EB1AC3
:104E28009342D0D99AF81833ABB1DAF81433164A4A
:104E3800ED1A4FF496700023A5FB0001FCF786F9E4
:104E480010F5167041F10001B04271EB090102DA68
:104E580040F201738BE7022318F5616F23703B461C
:104E680077F1FF374246B8BF084A40F61161B8BF2C
:104E78004FF0FF338A4273F10001A4BF4FF461621F
:104E88000023C4E9022389E740420F00F0F1FFFF45
:104E98000138C0B206289ABF024B53F820000248D6
:104EA800704700BFCC6B02087D9402082DE9F04FD3
:104EB800B1B005469DF8ECA00B9388461646002A2B
:104EC80000F0B9813A9B0B9A014616A8FFF732FF0A
:104ED8009DF858209DF868309DF870400993022A83
:104EE800DDE91E7940F0358195F80423DDE91810D5
:104EF80022B1002880F2A181B64A04E0B64B8B4269
:104F08008241B64A07DBB64B4FF0FF3C994270EB43
:104F18000C0C00DB0B46B348B049DDF824C0BCF1EB
:104F2800000F18BF0146CDE9001222A8AE4A382169
:104F380011F04AFCBAF1000F00F03081AB4BA74AE0
:104F48009DF871109DF872009DF873C0002C00F058
:104F58002881A14C4FF0000EBC427EEB090E07DB06
:104F68009F4C4FF0FF3EA74279EB0E0EA8BF3C4680
:104F7800209F00920DF1880ECDE90110CDE903C400
:104F8800CDE9057E9A4A3146404611F01DFC041EC3
:104F9800C0F24C81B44280F04981D5F82C3303B378
:104FA800D5E9CE1C8C4AD5F830738A424FF0000000
:104FB80070EB0C0007DB8A4A4FF0FF3091427CEB24
:104FC8000000A8BF0A46CDE90072311B08EB0400B7
:104FD800884A11F0F9FB241800F12881B44280F0C6
:104FE8002581D5F834335BB1311B08EB0400824AC4
:104FF80011F0EAFB241800F11981B44280F01681FF
:105008003A992846FFF786FE98B13A99284616F04D
:1050180074FA311B794A4FF46163B0FBF3F308EB80
:10502800040011F0D1FB241800F10081B44280F093
:10503800FD80D5F828330093311B08EB0400D5F820
:1050480024336F4A11F0C0FB241800F1EF80B442FA
:1050580080F0EC8005F540730A934FF0000A2B4668
:10506800DA7D0AB10AF1010A0A9A18339342F7D194
:105078004FF0000BD946CA4540F3A8808BF00103D6
:105088002F460F93FB7D002B00F09480099B3A9AE2
:1050980039462846FFF796FD0F9B834240F08A80E9
:1050A80008EB04030893331B0C933B780D937B7830
:1050B8003A9A0E93FB68B98A97F816C0D31ABA6859
:1050C800632928BF63219B184FF0000242EB020EB0
:1050D8000B9A9B1A404A6EF1000E9A424FF000025A
:1050E80072EB0E025FDB3E4A93424FF0FF327EEBDB
:1050F80002025ADBDFF8E4E0424A002808BF7246A1
:10510800CDE903320E9B0093CDE901C10D9B3E4AC8
:10511800311B08EB040011F057FB002802DB204488
:10512800B04244D3089A0023CA4513704EDDAAEB57
:105138000903364A182110A811F046FB0C9B83423C
:10514800054643D9421C10A9089820F07AFA2C4445
:105158003CE0BDF85830B3F5807F15D1B9F1000FA8
:105168003B464A4602DA7B4269EB490240F22D117E
:105178008B4272F10002B4BF254B264B264A3821D8
:1051880022A811F021FBD5E69DF85900FFF780FE13
:1051980003460AB9214AF2E7214AF0E7214B224A9D
:1051A800CEE62746E5E60C4BA4E70D4BA2E709F14E
:1051B800010904460A9B18379F427FF463AF0BF13D
:1051C8000103022B4FF0010B7FF455AF204631B09D
:1051D800BDE8F08F8D8F020800943577C3B20208BE
:1051E800006CCA88A68F0208CC8F0208AD9E020800
:1051F800F08F020825900208459002085390020893
:105208005D900208C98F0208719002088D9002080B
:10521800B38F0208B68F02083A950208D98F0208A0
:10522800E38F0208189C0208BE8F0208741E002330
:1052380008F80430CAE71446C8E7034B00228B423B
:105248008241024A65E600BF00943577C3B202087E
:10525800034A0346107810B1024A12681A60704770
:105268009B7E0020205000202DE9F04F85B00F468E
:105278000292064618B9002005B0BDE8F08F002953
:10528800F9D0194B1B7800240470002BF3D0174D6C
:10529800DFF85CA0DFF85CB005F1CC082A68DAF822
:1052A80000301A421CD0029BABB1AB68002B08BF80
:1052B8005B46009306EB0409391B6B680E4A0391A1
:1052C800484611F081FA0028039906DA002389F884
:1052D80000302046D0E7074BEBE78142F6D904447B
:1052E8000C354545DAD1F4E79B7E0020E86B0208CF
:1052F80020500020C3B20208429B020800B5A3B0A8
:105308000023019301A808F0B7FB024658B9084BDF
:1053180001991960074B0121197002A88021FFF734
:10532800A3FF08F0DFFB002023B05DF804FB00BFFB
:10533800205000209B7E0020044A0548082352F88C
:10534800041F013B81EAF060F9D17047CCD80020F6
:1053580017F4437AF8B50D4E0D4B32689A4212D1C4
:10536800FFF7EAFF746A84420DD1351D0FCD094F4E
:105378003C460FC495E80F0084E80F000023FB7734
:10538800054B01221A7000203060F8BDCCD80020EF
:1053980017F4437A245000209C7E002070B5114CED
:1053A80006460D4610481C22002120F071F966605F
:1053B8001DB1AB69A3606B69E36007F027F90B4B7C
:1053C80018581DF007FC014618B10948132220F0AF
:1053D800B2F9084B2360FFF7AFFF6062012006F0C7
:1053E8001DFC00BFCCD80020D4D800200800000045
:1053F800DCD8002017F4437A70B5064B1E780446B3
:1054080036B1054D0FCD0FC495E80F0084E80F00A5
:10541800304670BD9C7E002024500020044BBFF312
:105428005B8F1868BFF35B8F003818BF0120704787
:105438005050002008B50146034816F06DF808469C
:1054480006F07CFA08BD00BF505000200146014814
:1054580016F062B84C500020034BBFF35B8F1868FE
:10546800BFF35B8FC0B27047485000200146014827
:1054780016F052B848500020044BBFF35B8F1868F1
:10548800BFF35B8F003818BF0120704744500020DD
:1054980064280146024828BF642116F03DB800BFC1
:1054A8008000002007B508B1002303700A4818F0EF
:1054B80096FF01A9002006F043FC014618B901989F
:1054C800826818F09CFD044807F002FB034803B00B
:1054D8005DF804EB16F03BB828010020D5910208CE
:1054E80070B594B0034605460C4616464021194A45
:1054F80004A811F069F901383E281FD804A816F04D
:1055080048F80023122204A901A8CDE901338DF837
:105518000C3018F0E5FD002810DB314601A8A04743
:10552800044601A818F07CFE064601A818F036FECD
:105538000CB1002E06DA04A818F0A6FE00242046B6
:1055480014B070BD294604A818F0C6FE0028F6DA83
:10555800F1E700BFDA91020807B5CDE90012034967
:105568006A46FFF7BDFF03B05DF804FB39B50108D3
:1055780070B5B2B005460E4616F000F8C0B100236B
:105588000193802201AB12A9284616F010F80446B0
:1055980080B9114A2B46402102A811F015F93F287D
:1055A80006DC02A815F0F5FF02A9284618F094FEBB
:1055B80000240EE0019A3F2AEBD912A9304613F0D5
:1055C80099FD30B9019A12A9304613F0F3FD00286D
:1055D800DFD0204632B070BDE191020810B5A0B00E
:1055E800802204460846694613F06BFD024620B146
:1055F800034B69462046FFF7AFFF20B010BD00BF40
:10560800E89102081FB5084A0B46CDE9012001229E
:105618008DF80C2018684A6801A9904708B19DF8D0
:105628000C0005B05DF804FBE46C02082DE9F041BC
:10563800DAB018AD0F4629468046164618F087FEA0
:10564800044620B1002420465AB0BDE8F081D5F8C0
:105658000431002BF6D0CDE900008DF808000122B6
:105668004146684618F03CFD00286D46EADB074BCA
:105678008DF85C4003A9C1E91244C1E900353846F8
:10568800B0470446684618F089FDDCE7BC6C0208A0
:105698002DE9F0419AB005460F46164615F06EFF03
:1056A80050B30024012229466846CDE900448DF80C
:1056B800084018F015FDA042E8461DDB154B039382
:1056C800154B8DF86040CDE904380123CDE9164427
:1056D8008DF8643003A93846B047044640B19DF8B8
:1056E80064402CB104A816F014F8431C5C425C41D9
:1056F800404618F053FD44B9084B094903AA284607
:10570800CDE90376FFF7ECFE044620461AB0BDE863
:10571800F08100BF0C6D0208BC6C0208F191020810
:105728000D560008F8B5002380F8233080F847307C
:1057380080F8673080F8133180F8543180F891315F
:1057480080F8D13190F8D2310568012B28BF0123A8
:10575800044680F8D23129462846FBF769FC48B14F
:1057680000212846FBF76EFC20B939492846FBF78B
:1057780087FC00B1364D2560256D29462846FBF784
:1057880057FC48B100212846FBF75CFC20B9314999
:105798002846FBF775FC00B100252565D4F898501C
:1057A80029462846FBF744FC48B100212846FBF768
:1057B80049FC20B928492846FBF762FC00B10025BE
:1057C800C4F89850E56E29462846FBF731FC50B1DD
:1057D80000212846FBF736FC28B94FF080412846BF
:1057E800FBF74EFC00B11D4DE566D4E90A67324669
:1057F8003B4630463946FBF7AFF868B1184B0022F4
:1058080030463946FBF7B2F830B9164B002230461D
:105818003946FBF7C9F808B100260027C4E90A672A
:10582800D4E90C6732463B4630463946FBF794F8D4
:10583800F0B10D4B002230463946FBF797F8B8B95E
:105848000A4B002230463946FBF7AEF890B10FE01C
:1058580000001041000061450060EA46CDCC4C3E96
:10586800008056C000805640008066C000806640B8
:105878000026002794F87530082B28BF0823052B2D
:1058880038BF052384F8753094F94C30162BC4E9D9
:105898000C6700F35F811E2B6FF00802A8BF1E2360
:1058A8009342B8BF134684F84C3094F832315A1EEC
:1058B8005342534184F8323194F82531591E4B42F2
:1058C8004B4184F8253194F87730581E43424341C0
:1058D80084F8773094F830315D1E6B426B4184F860
:1058E800303194F886305E1E7342734184F88630F6
:1058F80094F887305F1E7B427B4184F8873094F8A8
:105908006C3103F1FF3CDCF1000343EB0C0384F83A
:105918006C3194F816315A1E5342534184F81631AB
:1059280094F88030591E4B424B4184F8803094F8EB
:105938008130042B28BF002384F8813094F882300A
:10594800042B28BF002384F8823094F88330642B1A
:1059580028BF642384F8833094F81931581E4342D1
:10596800434184F8193194F81A31012B28BF0123D7
:1059780084F81A3194F876305D1E6B426B4184F8D6
:10598800763094F884305E1E7342734184F8843014
:1059980094F885305F1E7B427B4184F8853094F80B
:1059A800213103F1FF3CDCF1000343EB0C0384F8E5
:1059B800213194F822315A1E5342534184F822313E
:1059C80094F81431012B28BF012384F8143194F87A
:1059D8001531012B28BF012384F8153194F867315C
:1059E800012B28BF012384F8673194F86D31012B0E
:1059F80028BF012384F86D3194F86531591E4B4254
:105A08004B4184F8653194F82631022B84BF00237A
:105A180084F8263194F82731022B84BF002384F8B8
:105A2800273194F82831022B84BF002384F82831C9
:105A380094F89030022B84BF002384F8903094F8B7
:105A48003531032B84BF012384F8353194F8333181
:105A5800022B84BF012384F8333194F83431402B6E
:105A680028BF402384F8343194F87C30402B28BF79
:105A7800402384F87C3094F87D30D4F82C21402BD6
:105A880028BF402384F87D3094F87E30402B28BF0F
:105A9800402384F87E3094F81D315A2B28BF5A23AE
:105AA80084F81D3194F81B310833DBB2142B84BF02
:105AB800002384F81B3194F823310C33DBB21A2B02
:105AC80084BF002384F8233194F81C31013B082B50
:105AD8009CBF0A2384F81C311F4B9A4284BF0023C1
:105AE800C4F82C31D4F888301C4A2BB1934228BF13
:105AF80013460A2B38BF0A23C4F88830D4F88C30F0
:105B0800934294F8663188BFC4F88C203BB1642B6B
:105B180028BF64230A2B38BF0A2384F86631B4F8F7
:105B280068314BB1B3F5967F28BF4FF49673052BB8
:105B380038BF0523A4F86831B4F86A314BB1A3F62D
:105B480054339BB240F21452934284BF0023A4F80A
:105B58006A31F8BD1623A6E63F420F00803A0900D5
:105B680030B585B0CDE9011204220446002501466E
:105B78000DEB0200039515F0F3FD2022211D01A86D
:105B880015F0EEFD039B0822043304F1280101A857
:105B9800039315F0E5FD082204F1300101A815F082
:105BA800DFFD102204F1380101A815F0D9FD042207
:105BB8000DEB020004F1480115F0D2FD012204F1B9
:105BC8004C0101A815F0CCFD012204F14D0101A8FA
:105BD80015F0C6FD012204F14E0101A815F0C0FD23
:105BE800039B042201330DEB020004F150010393DF
:105BF80015F0B6FD04220DEB020004F1540115F076
:105C0800AFFD102204F1580101A815F0A9FD0422E6
:105C18000DEB020004F1680115F0A2FD04220DEB62
:105C2800020004F16C0115F09BFD012204F17401DE
:105C380001A815F095FD012204F1750101A815F0E0
:105C48008FFD012204F1760101A815F089FD0122DA
:105C580004F1770101A815F083FD04220DEB020081
:105C680004F1780115F07CFD01220DF1030101A872
:105C78008DF8035015F074FD012204F2331101A8C8
:105C880015F06EFD012204F2351101A815F068FD2A
:105C9800039B0122013304F17C0101A8039315F051
:105CA8005FFD012204F14F0101A815F059FD012201
:105CB80004F17F0101A815F053FD039B012219335C
:105CC80004F1840101A8039315F04AFD039B012206
:105CD800033304F1860101A8039315F041FD042262
:105CE8000DEB020004F1880115F03AFD012204F1E0
:105CF800900101A815F034FD04220DEB020004F117
:105D0800940115F02DFD04220DEB020004F1980119
:105D180015F026FD782204F19C0101A815F020FD5C
:105D2800012204F58A7101A815F01AFD012204F573
:105D38008B7101A815F014FD012204F2171101A8B6
:105D480015F00EFD012204F58C7101A815F008FD6F
:105D5800012204F17D0101A815F002FD012204F1E0
:105D68007E0101A815F0FCFC012204F2191101A81A
:105D780015F0F6FC012204F58D7101A815F0F0FC70
:105D8800012204F21B1101A815F0EAFC012204F516
:105D98008E7101A815F0E4FC012204F21D1101A87E
:105DA80015F0DEFC032204F58F7101A815F0D8FC6C
:105DB800012204F2151101A815F0D2FC012204F207
:105DC800211101A815F0CCFC012204F5917101A85C
:105DD80015F0C6FC012204F5927101A815F0C0FC6B
:105DE800012204F2231101A815F0BAFC012204F1E2
:105DF800810101A815F0B4FC012204F1820101A877
:105E080015F0AEFC9DF80330A56C1849A3F1A1026A
:105E18005342534184F880302846FBF713F9A0B960
:105E280013492846FBF72CF978B994F87430053BE8
:105E3800072B0AD8A56F0F492846FBF703F920B9A5
:105E48000D492846FBF71CF950B10C4BA3640C4BC9
:105E5800A36740F20753A4F87430162384F84C3033
:105E6800204605B0BDE83040FFF75CBC0000164393
:105E780000401C450000E0400000FA438D6759448B
:105E880000007A42F8B5002380F8233080F84730C4
:105E980080F8673080F8133180F8543180F89131F8
:105EA80080F8D13190F8D2310568012B28BF012341
:105EB800044680F8D23129462846FBF7B9F848B19C
:105EC80000212846FBF7BEF820B939492846FBF7D8
:105ED800D7F800B1364D2560256D29462846FBF7D1
:105EE800A7F848B100212846FBF7ACF820B931499A
:105EF8002846FBF7C5F800B100252565D4F8985069
:105F080029462846FBF794F848B100212846FBF7B4
:105F180099F820B928492846FBF7B2F800B10025BE
:105F2800C4F89850E56E29462846FBF781F850B129
:105F380000212846FBF786F828B94FF0804128460B
:105F4800FBF79EF800B11D4DE566D4E90A673246B5
:105F58003B4630463946FAF7FFFC68B1184B002239
:105F680030463946FAF702FD30B9164B0022304662
:105F78003946FAF719FD08B100260027C4E90A676F
:105F8800D4E90C6732463B4630463946FAF7E4FC1A
:105F9800F0B10D4B002230463946FAF7E7FCB8B9A4
:105FA8000A4B002230463946FAF7FEFC90B10FE062
:105FB80000001041000061450060EA46CDCC4C3E2F
:105FC800008056C000805640008066C00080664051
:105FD8000026002794F87530082B28BF0823052BC6
:105FE80038BF052384F8753094F94C30162BC4E972
:105FF8000C6700F35F811E2B6FF00802A8BF1E23F9
:106008009342B8BF134684F84C3094F832315A1E84
:106018005342534184F8323194F82531591E4B428A
:106028004B4184F8253194F87730581E4342434158
:1060380084F8773094F830315D1E6B426B4184F8F8
:10604800303194F886305E1E7342734184F886308E
:1060580094F887305F1E7B427B4184F8873094F840
:106068006C3103F1FF3CDCF1000343EB0C0384F8D3
:106078006C3194F816315A1E5342534184F8163144
:1060880094F88030591E4B424B4184F8803094F884
:106098008130042B28BF002384F8813094F88230A3
:1060A800042B28BF002384F8823094F88330642BB3
:1060B80028BF642384F8833094F81931581E43426A
:1060C800434184F8193194F81A31012B28BF012370
:1060D80084F81A3194F876305D1E6B426B4184F86F
:1060E800763094F884305E1E7342734184F88430AD
:1060F80094F885305F1E7B427B4184F8853094F8A4
:10610800213103F1FF3CDCF1000343EB0C0384F87D
:10611800213194F822315A1E5342534184F82231D6
:1061280094F81431012B28BF012384F8143194F812
:106138001531012B28BF012384F8153194F86731F4
:10614800012B28BF012384F8673194F86D31012BA6
:1061580028BF012384F86D3194F86531591E4B42EC
:106168004B4184F8653194F82631022B84BF002313
:1061780084F8263194F82731022B84BF002384F851
:10618800273194F82831022B84BF002384F8283162
:1061980094F89030022B84BF002384F8903094F850
:1061A8003531032B84BF012384F8353194F833311A
:1061B800022B84BF012384F8333194F83431402B07
:1061C80028BF402384F8343194F87C30402B28BF12
:1061D800402384F87C3094F87D30D4F82C21402B6F
:1061E80028BF402384F87D3094F87E30402B28BFA8
:1061F800402384F87E3094F81D315A2B28BF5A2347
:1062080084F81D3194F81B310833DBB2142B84BF9A
:10621800002384F81B3194F823310C33DBB21A2B9A
:1062280084BF002384F8233194F81C31013B082BE8
:106238009CBF0A2384F81C311F4B9A4284BF002359
:10624800C4F82C31D4F888301C4A2BB1934228BFAB
:1062580013460A2B38BF0A23C4F88830D4F88C3088
:10626800934294F8663188BFC4F88C203BB1642B04
:1062780028BF64230A2B38BF0A2384F86631B4F890
:1062880068314BB1B3F5967F28BF4FF49673052B51
:1062980038BF0523A4F86831B4F86A314BB1A3F6C6
:1062A80054339BB240F21452934284BF0023A4F8A3
:1062B8006A31F8BD1623A6E63F420F00803A09006E
:1062C80010B5C2682C4904462023043200F02AFC89
:1062D800E2682A4920461023383200F023FCE2689D
:1062E800274920461023583200F01CFCE268254953
:1062F800782320469C3200F015FCE26822492046AB
:106308004E3200F093FCE268204920464F3200F0FC
:106318008DFCE2681E492046283200F0E3FCE26862
:106328001C492046303200F0DDFC04F11002204602
:10633800194900F061FD04F120022046174900F0D8
:106348005BFD04F130022046154900F055FD04F1CB
:1063580040022046134900F04FFD04F15002204648
:10636800114900F049FD04F1600220460F49BDE8DB
:10637800104000F041BD00BF04A80208A2B3020803
:106388001F920208259202082D9202082B920208F9
:10639800FB910208FF9102081BAE02087C8F0208DD
:1063A80003920208359202083A92020814920208EF
:1063B80010B5C2680F4904464D3200F037FCE26858
:1063C8000D4920467C3200F031FCE2680B4920463A
:1063D8007D3200F02BFCE268094920467E3200F04D
:1063E80025FCE2680749204602F23512BDE8104054
:1063F80000F01CBC1792020840920208469202085C
:10640800509202085A920208C2680249763200F095
:106418000DBC00BF5F92020810B5C2680649044669
:10642800983200F0A3FCE268044920468432BDE8B3
:10643800104000F0FBBB00BF679202087092020890
:1064480010B5C2682B490446483200F08FFCE26858
:1064580029492046783200F089FCE268274920461D
:10646800743200F0E3FBE26825492046753200F0FB
:10647800DDFBE268234920467F3200F0D7FBE26863
:106488002149204602F58A7200F0D0FBE2681F49D4
:10649800204602F2151200F0C9FBE2681C492046AA
:1064A8004C3200F0F1FBE2681A49204600F05EFC2D
:1064B800E26819492046503200F058FCE268174952
:1064C8002046543200F052FCE268154920466832F2
:1064D80000F04CFCE2681349204602F2331200F047
:1064E800A5FBE268104920467732BDE8104000F06D
:1064F8009DBB00BF7B92020880920208B69E0208EC
:1065080083920208869202080D9702088E9202086A
:10651800999202089C9202089F920208A792020888
:10652800B1920208BB920208C592020810B5C2686F
:1065380009490446863200F079FBE268074920469B
:10654800883200F045FBE268054920469032BDE8F4
:10655800104000F06BBB00BF7892020886930208D7
:10656800CF92020810B5C26835490446803200F05F
:106578005DFBE26833492046813200F057FBE26850
:1065880031492046823200F051FBE2682F4920460B
:10659800833200F04BFBE2682D49204602F58B72EE
:1065A80000F044FBE2682B49204602F2191200F081
:1065B8003DFBE2682849204602F58D7200F036FB63
:1065C800E2682649204602F21B1200F05DFBE268F1
:1065D8002349204602F5927200F028FBE26821491F
:1065E800204602F58E7200F021FBE2681E49204623
:1065F80002F21D1200F01AFBE2681C490323204630
:1066080002F58F7200F050FAE2681949204602F24A
:10661800211200F00BFBE2681649204602F5917240
:1066280000F004FBE26814492046853200F0FEFAC7
:10663800E268124920468C32BDE8104000F0C8BA22
:106648003093020839930208449302084C930208D5
:106658005C93020862930208669302086F9302082B
:106668007793020880930208959E02088A9302088D
:106678008E930208979302089E930208AA93020831
:1066880010B50446FFF76EFFE2680D49204602F296
:10669800231200F0F9FAE2680A4920466C3200F049
:1066A80065FBE26808492046943200F091FAE268F6
:1066B800064920468732BDE8104000F0B7BA00BF4F
:1066C80026930208B3930208BB930208C3930208F7
:1066D80000B59DB0184A0092184A0492184A0892C8
:1066E800184A0C920023184A8DF80630CDE91A3062
:1066F800029303908DF81630069307908DF8263094
:106708000A930B908DF836300E930F908DF8463023
:106718001293109213900D4A8DF8563016931790D5
:106728008DF8663068460A4B1492189300F084F985
:106738001DB05DF804FB00BFAC6D0208346D0208A3
:10674800486D02085C6D0208706D0208846D0208CD
:10675800986D0208F0B5ADF5137D1CAC0D464FF4ED
:10676800EC720146064620461EF06BFF3B4A00923B
:106778003B4A04923B4A08923B4A0C923B4A10928D
:106788003B4A149200233B4A8DF806302946684656
:10679800CDE91A34029303948DF8163006930794C2
:1067A8008DF826300A930B948DF836300E930F949B
:1067B8008DF84630129313948DF85630169317942B
:1067C8008DF86630189284F8873084F8853015F093
:1067D800C3F8054600283DD094F887301BB940F22D
:1067E8000113A4F88630B4F884300BB984F88430E7
:1067F800A76C2149012384F885303846FAF722FC32
:10680800A0B91E493846FAF73BFC78B994F87430B9
:10681800053B072B0AD8A76F19493846FAF712FC27
:1068280020B918493846FAF72BFC50B1164BA36427
:10683800164BA36740F20753A4F87430162384F864
:106848004C302046FFF71EFB4FF4EC7221463046D1
:106858001EF0F7FE28460DF5137DF0BDAC6D02085D
:10686800346D0208486D02085C6D0208706D0208FC
:10687800846D0208986D02080000164300401C450C
:106888000000E0400000FA438D67594400007A4256
:10689800A0F10903DBB2172B9DBF0348D84000F0D5
:1068A80001000020704700BF1300800010B50B46A0
:1068B80004460949094886B0102A08BF0846024616
:1068C800182168460FF080FF23680246DB68694696
:1068D8002046984706B010BDCB9302084F90020897
:1068E80010B5102A86B00CBF074A084A04460B4662
:1068F800684618210FF068FF23680246DB6869467E
:106908002046984706B010BDCB930208CF930208E3
:106918002DE9F047194606461046089F14461D46BD
:10692800FAF71AF828B93D49304614F037FFBDE8A0
:10693800F0873B4B4FF0604220462946FAF734F87F
:1069480008B13849F0E7384B4FF0604220462946F5
:10695800FAF70CF808B13549E6E70022002320468B
:106968002946FAF703F830B12D21304614F013FF09
:1069780005F100431D462E49DFF8B8904FF0000A94
:1069880000204FF00008BA4540DB22462B46F9F7B5
:10699800C5FB0D460446FAF739F88046F9F7FAFCC4
:1069A80002460B4620462946F9F7B6FB0A2204465A
:1069B8000D4630464146FFF779FF002F03DD2E21B3
:1069C800304614F0E8FEDFF86C904FF00008002F16
:1069D800ADDD4B46424620462946F9F755FD0D46A2
:1069E8000446FAF713F80A22014682463046FFF7B2
:1069F8005DFF5046F9F7CEFC02460B462046294675
:106A0800F9F78AFB013F04460D46E0E742464B464C
:106A1800F9F764FE0AF1010AB5E700BFD39302084B
:106A2800FFFFEF41D8930208FFFFEFC1D793020899
:106A38000000E03F000024402DE9F041C4B001AC63
:106A480005460E464FF00108002784602160304655
:106A58000D4984F80881C4F80480277214F0AEFE4A
:106A68002B6885F804801B682846984707493046F4
:106A780014F094FE404518BF84F8087194F8080192
:106A8800AF6044B0BDE8F081EE930208519402086B
:106A9800037913B1002303717047836801491868AB
:106AA80014F08CBEDC930208F8B50F4681681E46C8
:106AB8000B79012B0446154618D1FFF7E9FFA368A7
:106AC8003946186814F07AFEA3681449186814F057
:106AD80075FEA368294618683246FCF775FDA36859
:106AE8000F491868BDE8F84014F068BE90F9053001
:106AF80001EB031188313846FAF792FB014658B981
:106B0800324628461EF0C4FDA2683146284608329F
:106B1800BDE8F84013F00CB9F8BD00BFDE930208D9
:106B2800DF9302082DE9F041D0F808801D4698F857
:106B38000430012B04460F46164628D1FFF7A8FF5C
:106B4800A3683946186814F039FEA3681A4918680A
:106B580014F034FEA36816F8011B186821B9BDE8C3
:106B6800F041164914F02ABE222901D11449EFE751
:106B78005C2901D11349EBE70A2901D11249E7E75A
:106B88000D2901D11149E3E714F005FEE2E790F978
:106B9800051008EB011138468831FAF741FB074622
:106BA80038B9013D2A4608F1080130461EF0C3FDF8
:106BB8007755BDE8F08100BFDE930208DF93020835
:106BC800E1930208E4930208E7930208EA930208B3
:106BD800F8B587683B79012B04460E46154613D154
:106BE800FFF756FFA3683146186814F0E7FDA3685D
:106BF8000D49186814F0E2FDA368296818680A228C
:106C0800BDE8F840FFF752BE90F9051007EB0111F7
:106C180088313046FAF704FB20B907F108001EF066
:106C280046FD2860F8BD00BF8B950208F8B5876857
:106C38003B79012B04460E46154613D1FFF728FF72
:106C4800A3683146186814F0B9FDA3680D4918689F
:106C580014F0B4FDA368297818680A22BDE8F84042
:106C6800FFF724BE90F9051007EB01118831304673
:106C7800FAF7D6FA20B907F108001EF014FD2870BB
:106C8800F8BD00BF8B950208F8B587683B79012BE2
:106C980004460E46154614D1FFF7FAFEA36831469E
:106CA800186814F08BFDA3680D49186814F086FD68
:106CB800A36895F9001018680A22BDE8F840FFF7A4
:106CC8000FBE90F9051007EB011188313046FAF72D
:106CD800A7FA20B907F108001EF0E5FC2870F8BDF6
:106CE8008B950208F7B587683B79012B04460E4659
:106CF800154626D1FFF7CCFEA3683146186814F074
:106D08005DFDA3681749186814F058FDD5E90067B8
:106D1800A36800221C68304600233946F9F71CFE98
:106D280030B11149204603B0BDE8F04014F046BD2B
:106D38000623009332463B462046FFF7E9FD03B0A1
:106D4800F0BD90F9051007EB011188313046FAF7CC
:106D580067FA0028F3D107F108001EF0A1FCC5E985
:106D68000001ECE78B950208CAA30208F7B587680B
:106D78003B79012B04460E46154626D1FFF788FEBF
:106D8800A3683146186814F019FDA36818491868F3
:106D980014F014FD2D68A368002128461C68FAF732
:106DA80047F930B11349204603B0BDE8F04014F06C
:106DB80005BD2846F9F710FB0B4604210246009151
:106DC8002046FFF7A5FD03B0F0BD90F9051007EBCD
:106DD800011188313046FAF723FA0028F3D107F178
:106DE80008001EF05DFCF9F731FE2860EBE700BFF4
:106DF8008B950208CAA302082DE9F041876897F825
:106E08000480B8F1010F05460E46144620D1FFF75D
:106E18003FFEAB683146186814F0D0FCAB681649E1
:106E2800186814F0CBFCAB68A360236884F804806E
:106E38001B6820469847AB681049186814F0AEFCE8
:106E4800012803D0AB68002283F80821BDE8F0814F
:106E580090F9051007EB011188313046FAF7E0F98F
:106E68000028F3D1A7606B7901336371236820464A
:106E78001B68BDE8F0411847ED93020851940208D9
:106E880008B51BF0DEFF0A220023FAF7AFF900234A
:106E98004FF47A72FAF75AF9BDE8084001460148FA
:106EA80014F092BA60350020014815F0F7BD00BF14
:106EB800100600200146014815F007BC1006002006
:106EC80002460B460148002100F0EEBD10060020E6
:106ED800014801F02DB900BF840000201FB50A4BFE
:106EE80002930A4B01930A4B00930A4A0A4B0B4937
:106EF8000B4800F0FDF90A4B0A4A03F528731361A1
:106F080005B05DF804FB00BF545000206C5500200C
:106F1800A8000020A0380020AC00002000000020BD
:106F2800100600208400002008B54FF07E51D0F8EC
:106F3800A002F9F7E1FD01460548F9F799FF4FF07E
:106F48007C51F9F7D9FDFAF7E1F8C0B208BD00BFE6
:106F58000000C84200487047F9930208004870478B
:106F6800F9930208004870470994020800487047DE
:106F780009940208004870473C9602080048704788
:106F88003C9602080048704700A30200004870477A
:106F980000A3020010B590F8EE12044621B1044B8C
:106FA800594311F033FD0146C4F8901210BD00BFDB
:106FB800C0D4010010B590F8EF12044621B1044B7B
:106FC800594311F023FD0146C4F8941210BD00BFC7
:106FD80080EE36002DE9F3410346D0F87C029E6E20
:106FE800DF6EB3F8708003681B680C4698473368F7
:106FF80005461B68304698473B6806465B69384635
:1070080098470749CDE900802A4620464FF47A730D
:10701800B6FBF3F30FF002FC02B0BDE8F08100BF4D
:107028001594020810B5806F036888B01B689847EC
:1070380000230446069006A807930FF009FBA8B1A1
:1070480043690E4A03F26C73049303690133039393
:10705800C3680293036801934368009383680848F0
:1070680030210FF0B1FB064808B010BD054A0448AE
:10707800234630210FF0A8FBF5E700BF5394020820
:107088009D7E0020BE9602082DE9F04F00F51553AD
:1070980000F53752B9B080460E4620333832002505
:1070A800596A31B138A8691C00EB850545F8C83C18
:1070B8000DB22C339342F3D106AB0022994605F169
:1070C800FF3A524514DB344600274FF00A0ABD4206
:1070D80002DDA31B852B21DDB44204D120462049C3
:1070E800FAF7A8F806340023237039B0BDE8F08F0A
:1070F80001321C461746BD4201DC0433E1E76068F3
:107108001968D0F824C0D1F824E0F44588BF186085
:1071180007F1010788BF61600434ECE759F827B02C
:107128000FB104F801AB0422594603A8FCF732FA60
:10713800D8F8780003681B689847DBF824309BF977
:1071480028200092C31A074903AA20460FF066FBBD
:1071580023461C4613F8012B002AFAD10137B6E75B
:10716800789402086F940208F0B5034687B0084681
:10717800D3E90A45D3E90C67596EBFF35B8FD1F8A1
:10718800A42BBFF35B8FBFF35B8FD1F8A83BBFF392
:107198005B8FBFF35B8FD1F8AC1BBFF35B8FCDE97F
:1071A8000371CDE90156034900940FF037FB07B08E
:1071B800F0BD00BF7F94020818B1431E13F8012FD9
:1071C8000AB901207047093AD2B2172A05D80448EB
:1071D800D04010F00100F1D170470020FCE700BF5B
:1071E800130080002DE9F0410546806F069C1F467C
:1071F80003681B6890469847014605F514503030DF
:1072080014F0E6FE40B34CB33B7805F5805686F89B
:10721800603A4BB1621E791C05F5D15012F042FC60
:1072280010B9FF2386F8603AC6F86889A86F036822
:107238001B68984705F5CB5410340949C6F86C0902
:1072480005F54F7305F5297220460FF0E7FA204639
:10725800F9F7F8FF0830C0B2BDE8F0812046FBE737
:107268003795020870B590F8ED420546ACBB0A7830
:10727800104614F02FFE70B30B7995F81C6303F0D9
:107288003F039E4229D902F00306012E03D195F847
:107298001D639E4221D902F03C02102A03D195F8C1
:1072A8001E239A4219D905F50053D3F80835B3B10E
:1072B80095F8D53363B1012B0BD00A4A0A48022B43
:1072C80008BF0246284615F0B1F980F00100C0B2A7
:1072D80070BD064AF6E70120FAE70020F8E71846ED
:1072E800F6E700BFB0040020B4040020B804002072
:1072F8002DE9F047044604201F46DDF824800E4699
:10730800154616F06EFB034608B18E4A02603A46EF
:1073180029462046FBF774FB8B4B2360089BC4E986
:107328001D380A9BE36704F18000FBF773FA04F544
:10733800067011F050FE854B236004F58F6A03F543
:10734800967304F58055C4E99E36504614F0F8FD4E
:107358007F4BC5F8883804F5DC5704F51E73002206
:10736800C5F88068C5F8983800260023083704F562
:10737800C45104F52879C5F88488C5F88C7885F84F
:107388005069C5F890A8C5F8949804F5C950C1E9A2
:10739800362385F860696F491BF0F2FBC5F8846BEA
:1073A80004F5D35504352946384601F0EBFB04F5BE
:1073B80000502946383004F5005501F0E3FB04F588
:1073C800155778220423C5F824252037B42204F55C
:1073D8003758C5F82865A5F82C65C5F83865A5F8A7
:1073E8003C65C5F84865A5F84C65C5F82035C5F86D
:1073F8003035C5F83425C5F84035C5F8442508F1B9
:1074080038083E4630462C3611F0D3FD4645F9D1B2
:107418000026B42304F53D504F4985F8B83E32465E
:10742800103085F8B96E13F0A1FE0022002304F590
:107438001450C4E9A223C4E9A066C4E9A4661022D2
:10744800C5F85C65C5F8C06EC5F8BC6E314684F8F1
:1074580098620D3085F85865C5F8086585F80C659B
:107468001EF016F9C5F85065C5F8546538462C372E
:1074780014F0C2FD4745F9D14FF4EC72002148469B
:107488001EF006F9354BC4F8A03235490F2204F531
:1074980036701EF050F933490F2204F53E701EF085
:1074A8004AF9314BC4F8E83240F20753A4F81433D0
:1074B800162384F8EC322F2384F8EF322B4BC4F8D0
:1074C8000C334FF07C53C4F8F432294BC4F808331A
:1074D800284BC4F8183344F24003A4F81C33642240
:1074E800082384F81E3384F8232301234FF46162B0
:1074F80084F8D33384F82533C4F82C2340F20115DB
:1075080084F8BA3340F60F7284F8073484F872347A
:10751800A3F57F43C4F80C341749A4F8B453A4F86E
:10752800BC2304F52970F9F785FE022384F830336B
:1075380084F8D533114BA4F82653C4F828332046D1
:10754800BDE8F087106A020880690208246E020804
:10755800F005002007D901080080C96A0000104121
:10756800A69B0208C3B202088D675944CDCC4C3E95
:107578009A99993E00007A42F093020800A302000B
:107588002DE9FF47456E2B68D0E9049A1B6A284607
:107598000E4698470446284612F0C6FC0746284679
:1075A80012F0C4FC80463846F9F78AFD07B2404617
:1075B8004FF47A73BAFBF3F5B9FBF3F3039502932F
:1075C800F8F70AFF24B2CDE900013B4603492246F9
:1075D80030460FF023F904B0BDE8F087E0940208C4
:1075E8002DE9F04F00F58055DBB0C5F868291A7809
:1075F800012A04460E4673D1456ED0F87C02036812
:107608001B689847ADF8A000E06E03685B6998476F
:10761800ADF8A200606E03681B6A9847ADF8A40035
:10762800284612F081FCF9F74BFDADF8A600BFF330
:107638005B8FD5F8A43BBFF35B8F2A93BFF35B8FB7
:10764800D5F8A83BBFF35B8F4FF47A72D4E9A20157
:107658002B934FF47A762369B3FBF6F32C9300232C
:10766800F9F7C4FDA36A2E93E36A2F93236B309333
:10767800636B2D9031932846B4F87030ADF8C8305C
:1076880012F054FC4FF08141F9F73EFBF9F718FD71
:10769800E36FADF8CA00D3F80825D3F80C35ADF878
:1076A800CE30ADF8CC206369B3FBF6F33493BFF367
:1076B8005B8FD5F8AC3BBFF35B8F04F5CB543593A8
:1076C80028AA0C3436AD134603CBAB422060616068
:1076D8001A4604F10804F6D13C205BB0BDE8F08FEF
:1076E800032A40F0A78000F500555F78002385F84D
:1076F800B93E00F53758D0F87C0203681B689847F4
:1077080095F8B99E95F8B83E09F103029A4208F136
:10771800380826DAF9F7A0FAC049F9F7A9FBC049F1
:10772800F9F7F2FA4FF07C51F9F7E6F9F9F7EEFCC0
:1077380005EB0903012283F8F82D09EB020355FA3A
:1077480083F3742283F8F82D09F1020355FA83F3C1
:1077580083F8F90D000A83F8F80D09F1040385F898
:10776800B93E96F82090AF4819F003091CBFFF43B3
:107778005FFA87F949464246F9F7DEFED4F87C02FB
:1077880003685B68984701460746F9F783FC0028B9
:107798003AD195F8B9AE95F8B83E0AF103029A4283
:1077A80032DA00213846F9F74DFC002840D007F1BD
:1077B80000409D49F9F7A8FA4FF07C51F9F79CF978
:1077C800F9F7A4FC002106463846F9F73BFC10B14E
:1077D800F643B6B2013605EB0A03012283F8F82D09
:1077E8000AEB020355FA83F3672283F8F82D0AF1AE
:1077F800020355FA83F383F8F96D360A83F8F86DB6
:107808000AF1040385F8B93E19F0020F04D013F009
:107818002BFB08B113F03BFB95F8B9AE04F5CB5040
:10782800524641460C301DF00CFF0AF1040054E7A3
:107838003846BEE7052A2FD191F8202002F003022E
:10784800032A40F02B815A789B781A4340F026810E
:1078580000F27C46042341F66817D5F87C188A4262
:107868001846BFF63AAFAD2B3FF637AF96F8201063
:1078780079B1D919D6F800C044F801C06018B188A8
:107888008180991D54FA81F196F82000C855073374
:10789800DBB20132A036E0E7062A40F0EB805D78E3
:1078A800002D40F0FB809A7804929A79B3F803701F
:1078B8005E79202A28BF202200F5155300F537519C
:1078C800934620333831586A30B15AAA681C02EB03
:1078D800850545F8C83C05B22C338B42F3D1032EFD
:1078E80009D8DFE806F002405E7C28AB002605F1E7
:1078F800FF3A56451FDB0BF105095FFA89F307AE1E
:107908004FF0000A03935E44D046049B434502DDD2
:10791800BD4200F38B8004F5805304F5CB50A3F8E7
:107928006C59A3F86E89524607A910301DF089FEDC
:107938000AF10800D1E601369C46B646754501DCD9
:107948000433D6E7DCF804101A68486AD2F82480B1
:10795800404588BF19600EF1010E88BFCCF804209D
:107968000CF1040CEAE728AB002605F1FF3A56456E
:10797800C1DA01369C46B646754501DC0433F6E7A4
:10798800DCF804101A68486AD2F82480404538BFE9
:1079980019600EF1010E38BFCCF804200CF1040C6C
:1079A800EAE728AB002105F1FF384145A3DA0131A8
:1079B80018460E46B54201DC0433F6E7D0F804E079
:1079C8001A689EF928A092F92890CA45C8BFC3F83A
:1079D80000E006F10106C8BF42600430EAE728ABC0
:1079E800002105F1FF38414585DA013118460E4678
:1079F800B54201DC0433F6E7D0F804E01A689EF9D2
:107A080028A092F92890CA45B8BFC3F800E006F14B
:107A18000106B8BF42600430EAE700BF00007A44BC
:107A28000000C842F005002000002041039B534499
:107A3800822B05933FF76FAFA06F28AB08F10108C1
:107A480053F8279003681A689047D9F824304946B4
:107A5800A0EB030A5A46A6EB0B001DF0F2FD039BB0
:107A680099F82810C6F800A031711E44059B01370B
:107A78009A464AE7072A11D100F5CB5500F54F730E
:107A88000C35074A0749009300F5297328460EF07C
:107A9800C5FE2846F9F7D6FB04301EE600201CE692
:107AA800F9930208349502082DE9F04F00F50059C2
:107AB8008BB099F858750546884614461E4627B176
:107AC8000BB0BDE8F04F00F0DFB81046FFF774FBCD
:107AD80070BB2246144612F8013B202BFAD02046F0
:107AE800F9F7B0FB042827D9A3787C2B24D1238865
:107AF8003380A378B37003340336032305F5805A23
:107B080053498AF86039082220461DF0D4FD83467F
:107B1800002850D10834202120461DF0DCFD0746FE
:107B280060B94C4930460BB0BDE8F04FF9F782BB5D
:107B380037700BB0BDE8F08F0023DFE707F801BB13
:107B48002046F9F77FFB02282AD8102259462046FA
:107B58000FF0AEF95FFA80F83846F9F773FB402862
:107B680028BF402044103A46214602A812F0E0F807
:107B7800F8B1CDF80080234602AA05F5067105F58F
:107B88008F6000F0B1FF90B1D9F85C3533B941F29C
:107B98008831284610F03AFFC9F85C052E49C1E73C
:107BA80038461DF080FD27465FFA80F8D4E72B4958
:107BB800B8E72B49B6E7B8F1000F2BD12949204681
:107BC800F9F72EFB074628BB27492848042200F06E
:107BD800FFF827492548022200F0FAF805F27C450B
:107BE800DAF87C389F4202DB00233370A1E795F86E
:107BF800202062B11F491D4814F085F91B48294609
:107C08002022FBF7E1FC1C49184814F07CF90137E5
:107C1800A035E5E71949122220461DF04CFD60B950
:107C2800113414F8013F202BFBD00BB1144979E72C
:107C3800284614F01FFD134974E73346224641468F
:107C480005F5C4500BB0BDE8F04F03F01DB800BFF8
:107C58003D95020846950208579502085A9502086C
:107C68006F9502088095020888950208B0000020E8
:107C7800209602088D950208C2B202089395020860
:107C8800A6950208CE9502082DE9F047044610464D
:107C98000D4616461F46FFF78FFAC8B933461878BF
:107CA80020289846994603F10103F8D0B8EB060A54
:107CB80025D100F07BFF10B304F50053324683F85A
:107CC80058A529463B462046BDE8F047FFF7ECBEDD
:107CD80004F5805504F5005404F138014FF4966218
:107CE80005F688301DF0ADFC002384F85835B5F84A
:107CF800922B24493846BDE8F0470EF08FBD4D461B
:107D080019F8010B00F052FF0028F8D12B780BB1BD
:107D180028704D46A94615F8013B0BB1462BF9D101
:107D28000AF1FF33062B20D898F80030EBB104EBAA
:107D38008A0505F50055D5F8E464B6B104F5DC50BC
:107D48004146083001F05EF804F5005432883834B2
:107D5800064670B103884146204615F021FA20B145
:107D68004EB133790371C5F8E80400233B70BDE8D0
:107D7800F0870346EFE799F80030463B18BF012328
:107D8800F0E700BFE19502080148FBF77FBC00BFA0
:107D9800000000200148FBF7A1BC00BF0000002044
:107DA8000A22A0FB022301480BF058B84800002023
:107DB80038B5064D2B681BB1441E14F8011F01B9D4
:107DC80038BD286815F028F8F7E700BF8C55002063
:107DD800F8B5094E33680C46154653B18F18A742BB
:107DE80001D12846F8BD14F8011B306815F014F8C5
:107DF800F5E71D46F5E700BF8C55002007B50F4B8A
:107E08001B68C3B1986803685B6B984732284EF6C5
:107E1800602338BF3220984228BF18460A23A0FBA7
:107E2800032300210020CDE9000105480BF020FEC6
:107E380003B05DF804FB4EF66020EFE778550020AC
:107E4800E8040020014601481BF0BBB9905500200A
:107E58002DE9F043054691B0AB685B6C0BB1284641
:107E68009847AB681B6C002B00F092802846984717
:107E7800002840F38D80AB685B6B002B30D1464CFB
:107E8800A2882089E188431A88429BB22DD3D31A4D
:107E9800402B2FD8A2882089E1888842A0EB0103D3
:107EA80038BFA1889BB23CBF03EB41039BB2D21AF7
:107EB80021D13A4BBFF35B8F012253E8001F43E8FF
:107EC80000200028F9D1BFF35B8FAB68DB6A0BB1E8
:107ED80028469847042011B0BDE8F043FFF7B2BF29
:107EE800284698470028B7D0C9E7A18803EB410383
:107EF8009BB2CCE74022AB689B69002BACD06946AB
:107F080028469847B0F100086F46A5DD002621896C
:107F1800E38856B1B4F804C088194FEA4C0281B21C
:107F2800B0EB4C0F24BF8A1A91B2A2888A4228D893
:107F3800881A934294BFD2189218531A9BB281B2EE
:107F4800A8EB06092068994528BF99460844B9F165
:107F5800000F06D0B9194A464E441DF072FBB045D1
:107F6800D5D82289A188324493B2B2EB410F4FEAA7
:107F7800410024BF1B1A9BB204202381FFF762FF34
:107F88006AE7934224BF9A1A92B2521A93B2D7E779
:107F980011B0BDE8F08300BF805500207C5500205B
:107FA800034B1B6813B11B6983F88000704700BF3F
:107FB8007855002010B5114A11491248124C16F094
:107FC80051F81248FCF754FA114800F08BFB114A9B
:107FD80011491248FBF7CAFD2046114B40F8043BF3
:107FE8004FF4A06200211DF053FB0023C4F80435B0
:107FF800C4F80C35C4F8083510BD00BF8C560020F5
:108008004FCE0108B0000020545000206C550020CD
:108018006455002000000020C8600208A038002035
:10802800F86F0208F8B50F4606991D46079B012907
:1080380073F100030646144607DB074812F0F4FE06
:10804800064B1B680BB11B6A9847054BC3E90267CF
:10805800C3E90445F8BD00BF6C55002078550020E1
:10806800F00500202DE9F7432F4B1B68002B58D053
:108078002E4C2046FBF7AEFE0546204612F09EF831
:1080880006462046FBF7BCFE0746204612F0A0F83D
:108098008046204612F0B0F88146204611F053FF82
:1080A80000B243463A463146CDE90090284603F0EF
:1080B800EFFC204612F09EF80546204612F092F892
:1080C8000646204694F8788A11F032FF0746204683
:1080D80011F046FFBFF35B8FE369BFF35B8F003B93
:1080E80018BF0123CDE9000342463B4631462846E6
:1080F80003F0E4FCBFF35B8FD4F8A40BBFF35B8FF2
:10810800BFF35B8FD4F8A81BBFF35B8FBFF35B8F04
:10811800D4F8AC2BBFF35B8F03B0BDE8F04303F09A
:10812800E3BC03B0BDE8F08378550020A0380020F8
:108138002DE9F04F0546DDB0B14811F04DFE00269F
:10814800B04C20461AF036FB50B12269A16813687A
:1081580043F0200313600B68AB4A0521204698477B
:10816800AA4800F0E5FA08B9FDF79CF9A44CA7481D
:1081780000F0C0FAA64812F0D1FE2046FBF786FAB6
:10818800A0801CACFBF7C8FA204613F020FC18B1FD
:108198002168A048FCF788F912F064FE28B19E48CF
:1081A80012F05CFE9D4812F05AFEDFF8748203F06C
:1081B8004DFC13F0B0F9FCF7A1FCC8F80050994F3A
:1081C80099481AF0F8FF994BC7F8DC3A984AC7F86B
:1081D800E42A0023C7F8E03AC7F8E83AAA689549BC
:1081E800C2E915139449AA6804A8C2E9171310F044
:1081F800F2FE864804A900F0B7FA30B904A8FCF7E3
:108208000DFB824804A900F0C3FAA868602204A9FB
:1082180000F506701DF015FA29697C4800F026FB68
:10822800D5F81090C7F8109099F88000003818BF5A
:108238000120FDF7FFF899F88100FDF707F999F893
:108248008200FDF713F999F88300FDF721F912F080
:1082580009FE90B1D9F8880012F00FFED9F88C0009
:1082680012F00AFE012012F002FE99F8860000289A
:1082780000F08C81012012F0FBFD28696449D0E9E7
:108288000A23C1E90223D0E90C23C1E904235F488A
:108298006B699847D5F81090CA461AF8043F4BB155
:1082A80066495046F8F7BCFF20B169685046F8F7B0
:1082B800B7FF98B90821204605F0C2FB03280DDD59
:1082C800E3780393A3780293637801932378009368
:1082D8006B685B4A202150460EF076FA99F8141123
:1082E8005048003918BF012112F075FB99F8151193
:1082F8004C48003918BF012112F07FFB99F816117C
:108308004848003918BF012112F04EFB99F81A119C
:1083180099F8240199F81C3199F91B210190003929
:1083280099F81D01009018BF01213E4811F040FE48
:108338003C4899F824B111F009FE834597F9553A5C
:1083480003D199F91B219A420AD089F81B31354883
:1083580011F0FCFD89F82401E86803681B68984758
:1083680099F81E317BB199F81F31002B00F011816B
:1083780099F82031002B0CBF02220322294809F565
:108388008F7112F041FB99F82201003818BF0120C3
:1083980003F01CFA504603F0BBFBFFF763FE2949C4
:1083A800294803F0F3FA1648FBF770F90546144814
:1083B800FBF794F90146284603F09EFB12F052FDA4
:1083C80003F0B4FB214D224A224800230AF012FD93
:1083D800214828601AF0EEF9002800F0DC801F4BD5
:1083E8001F4A1A604FF400725A60286800221A81E6
:1083F8008368CBB39B6CBBB31A49984734E000BF82
:1084080000000020A85F020801000A00645500204F
:10841800F00500206C5500202D800008E7CE0108EB
:1084280078550020A038002090550020E1CE0108A2
:10843800DBCE0108A97D0008D3CE0108F09302081D
:10844800F89502089D7D0008917D00088C55002054
:10845800A08601001800002048600208805500200E
:10846800CE800020597E0008286814F0D0FC8F4880
:10847800DFF83CA2FFF79CFCD8F800301868FFF73B
:1084880097FC8C48FFF794FCFFF7B8FC4FF0FF33DC
:108498004FF0FF32CDE9002340F2BF110022864899
:1084A8001AF096FE0746014683481AF08DFEF80634
:1084B80001D512F0F2FC79073CD5DFF80092B9F843
:1084C8000620B9F808E0B9F8040082424FEA4001F2
:1084D800C0F0E0808645A2EB000C38BF1FFA81FE91
:1084E800AEEB02031FFA8CFC9BB26246D9F800007F
:1084F8000BB1865C0123B9F80600184482B28842A1
:1085080024BF521A92B2A9F80620002B6DD16C4BE9
:10851800BFF35B8F002253E8001F012903D143E812
:1085280000200028F7D1BFF35B8F03D1286808B17A
:1085380014F06DFCD8F8003043B13A0606D5D86877
:10854800036800225B694FF4FA719847D8F8003045
:108558002BB140F22712174201D09B699847D8F8EF
:10856800003013B1986810F0B1FE3B070BD5D8F86E
:1085780000300BB19B6998475248FBF755FF03F051
:10858800C1FAFFF76FFDFFF739FC7FE712F06EFCC9
:1085980073E60122F2E6286069E74B48FFF708FC1A
:1085A8005046FFF705FC4948FFF702FCD8F80030B1
:1085B800002B82D046480022002321460AF04CF8BE
:1085C80000287FF47AAF8AF800004048FFF7F0FBF4
:1085D800D8F800305146DB6920469847FFF742FD3E
:1085E8009AF80030002BE1D0D7E73A4A0D2E1378DD
:1085F800167057D00A2E1FD10D2B3FF460AF364BA3
:108608001A88364B4FF0000B03F802B01946FF22C8
:1086180020461DF090F8304B84F8FFB0A3F800B066
:108628002B480022002321461AF0ADF90028BDD0BE
:108638002B48FFF7BDFB42E7DFF89CB07F2EBBF865
:10864800003001D0082E15D1002B3FF438AF286830
:10865800013BABF8003000283FF431AF082114F09B
:10866800DBFB2868202114F0D7FB2868082114F0C8
:10867800D3FB24E7FE2B3FF622AF286810B1314622
:1086880014F0CAFBBBF800305A1CABF80020134AA0
:10869800D65414E7864594BFC2EB0E03C2EB000321
:1086A8009BB223E70D2BAAD00A2BA6E70C9602084B
:1086B800CE7E00201C960208905500208055002090
:1086C8007C5500206C55002023960208209602084D
:1086D800B8050020CD7E0020247E0020CE7F00201B
:1086E8002996020800220270014A4260704700BFC2
:1086F8003796020830B50578C3B004464DB90B4823
:10870800694615F024FE002807DB12F010FF01234C
:1087180023700125284643B030BD044815F08CFD70
:10872800031EF2DA1133F0D0F4E700BF37960208DF
:1087380030B50A4D93B0002455F8043B0093084A1D
:10874800084B402102A80EF03FF802A812F016FFCD
:1087580010B90134032CEFD113B030BD2C700208CE
:10876800459602083796020810B58CB0064B074AA2
:108778000C46684630210EF027F821466846FCF77B
:10878800F7FE0CB010BD00BF379602084B960208E2
:1087980010B503788CB00C460BB9FFF7ABFF064B4E
:1087A800064A302168460EF00FF821466846FCF765
:1087B80015FF0CB010BD00BF379602084B96020893
:1087C80070B5D8B0002301AE08460193144633466D
:1087D80040F2571202A912F0EAFE054638B3019A90
:1087E80002A92046FDF7BCF9019BB3F5937F07D298
:1087F800012384F8143184F83331022384F83531A5
:10880800D4F88830B3F5967F04BF0A4BC4F8883093
:10881800002384F8853040F20113A4F88630B4F8B8
:1088280084300BB984F88430012384F885302846D5
:1088380058B070BD00A3020010B503788CB00C4688
:108848000BB9FFF757FF064B064A302168460DF073
:10885800BBFF054A21466846FCF71AFF0CB010BD5D
:108868003796020857960208D966000830B599B0BD
:10887800134A144B0C460546302168460DF0A4FFF8
:10888800114A21466846FCF7D1FEB0B9684612F095
:1088980075FE30210B4B0D4A0DEB01000DF094FFD6
:1088A8000CA812F06BFE20B122460CA92846FFF74F
:1088B80087FF21462846FFF7BFFF012019B030BDCA
:1088C80057960208379602085D6700086596020801
:1088D8002DE9F043064606F580580024C1B0084645
:1088E80031604549C8F80444914614F01FFF002838
:1088F8004FD00094414B404A316803A800F0C2FBB6
:108908009DF81C30002B3FD018A810F052FB18A877
:1089180014F01FFB20220DEB020103A814F0C4FE83
:10892800202804462DD1012220A903A814F0BCFE5A
:108938000128054625D104223BA903A814F0B4FE5A
:1089480004281ED1022202A903A814F0ADFE0228B1
:1089580017D12A460DF1810103A814F0A5FE0128BC
:108968000FD140220DF1820103A814F09DFE40288A
:1089780007D122460DF1C20103A814F095FE202864
:108988000AD003A814F0AAFE1D4B039303A814F001
:10899800A5FE41B0BDE8F0839DF88100FF2805D011
:1089A80011F05FF810B9FF238DF8813008AD0FCDB5
:1089B80010AC0FC495E80F0084E80F0010AF0FCF7C
:1089C80018AD0FC594E80F0085E80F00484608AABF
:1089D8000DF1C20110F022FCD8F804041F28D0DCE5
:1089E800A022431C02FB0060C8F8043418A9043014
:1089F8001CF027FE88E700BF6E960208EB9302087A
:108A0800687002082DE9F04389B00123016005462A
:108A180000931746314B324A03A800F033FB9DF808
:108A28001C30F3B1002605F16604ADF8086005F5C1
:108A38008055D5F80434B34210DD14F8423C13B91C
:108A48000136A034F5E7A4F1620897B9414620221F
:108A580003A814F00FFE202880460FD003A814F0B6
:108A68003DFE204B039303A814F038FE09B0BDE87F
:108A7800F0834046B8470028E8D1E1E70122A4F195
:108A8800420103A814F0F6FD01288146E6D104222C
:108A980004F12A0103A814F0EDFD0428DED1022216
:108AA80002A903A814F0E6FD0228D7D14A46A4F18A
:108AB800410103A814F0DEFD0128CFD14022A4F122
:108AC800400103A814F0D6FD4028C7D142462146EC
:108AD80003A814F0CFFD2028B2D0BFE78192020886
:108AE8006E960208687002082DE9F04188B01446B5
:108AF8009DF8388018F0030F05460F461A4620D116
:108B0800214614F04EFAF0B105F58053D3F80474F9
:108B1800013FC3F804742B1DC41A194B66115E4338
:108B28002C44B74204F1A00403DC012008B0BDE8DE
:108B3800F081A022211DA4F19C0001361CF081FDCA
:108B4800EFE71F2B01DC0020F0E723466A4604F11B
:108B5800200C18685968164603C608336345324620
:108B6800F7D169460022284614F037FA224680F8E1
:108B7800208000F16201384610F050FBD5E700BFB5
:108B8800CDCCCCCC10B500230122C0E9012304468A
:108B98000160C0F88C3480F89034034900F29140A9
:108BA800F8F748FB204610BDC9A70208A0F1230129
:108BB800C9B216299DBF064B0B4103F001030123DF
:108BC800024683F00100402A88BF40F00100704748
:108BD800FC1B80FF2DE9F0414A4B0D46002A14BFCB
:108BE80016461E46A8B004463146284614F09EFD97
:108BF80020B90026304628B0BDE8F0814FF00008C3
:108C08003246414BCDF80080294603A800F03AFAD5
:108C18009DF81C60002E6FD00127C4E9017803225B
:108C280008A903A814F040FD032809D0002603A8CA
:108C380014F054FD354B039303A814F04FFDD9E706
:108C4800022204F1080103A814F02EFD02280246AE
:108C5800ECD1A11D03A814F027FD02280546E5D193
:108C68003A4604F5926103A814F01EFD0128DDD1EF
:108C78002A46211D03A814F017FD0228D6D124275F
:108C880065891F2DD3D87D4305F10C0102222144AB
:108C980003A814F009FD02460028C8D00228C5D14F
:108CA80005F10E01214403A814F0FEFC0228BDD1F1
:108CB80005F111011F22214403A814F0F5FC1F2817
:108CC800B4D105F110010122214403A814F0ECFCF1
:108CD8000128ABD1802208A903A814F0E5FC80285C
:108CE800A4D12544A288AB899A429CBF0133A380B2
:108CF800638901336381C3E7044B039303A814F02A
:108D0800EDFC76E773960208EB9302086870020898
:108D1800F0B50446A9B03848384B0127002A08BFE7
:108D28000246009703A800F0ADF99DF81C607EB1DB
:108D38008022002108A81CF0ABFC032208A903A884
:108D480014F098FC03280BD0002603A814F0C6FCE6
:108D58002B4B039303A814F0C1FC304629B0F0BD97
:108D6800022204F1080103A814F084FC0228024638
:108D7800EAD1A11D03A814F07DFC02280546E3D121
:108D88003A4604F5926103A814F074FC0128DBD17B
:108D98002A46211D03A814F06DFC0228D4D104F141
:108DA800100500276389BB42CFDD0222291F03A8D3
:108DB80014F060FC02280246C6D1A91E03A814F0CC
:108DC80059FC0228C0D11F22691C03A814F052FCC8
:108DD8001F28B9D10122294603A814F04BFC012809
:108DE800B2D1802208A903A814F044FC802805F118
:108DF8002405A9D10137D5E77396020881920208A4
:108E0800687002082DE9F0410D46064614492846C7
:108E1800F8F706FA18B906F28C40BDE8F0812B780D
:108E2800B6F80A80232B08BF013506F11207002483
:108E3800444501DB0020F0E717F8013C232B3946B5
:108E4800284618BF07F1FF31F8F7EAF9243720B9A7
:108E5800242303FB04600C30DFE70134E8E700BF9C
:108E6800C9A702082DE9F0470D4604461B492846C4
:108E7800F8F7D6F920B904F28C442046BDE8F0870B
:108E88002B78B4F80AA0232B4FF0000708BF013550
:108E980004F10C06B846BA4501DC4446EDE773799F
:108EA800232B14BF06F1050906F106094946284691
:108EB8003446F8F7B5F90028DFD02846F8F7C2F9A4
:108EC8004946024628461CF0F6FB00280CBF3446EB
:108ED800444601372436A046DDE700BFC9A702088B
:108EE8002DE9F8430646884614461D46002747459F
:108EF8001DDB23796279F18813F0010F23881DD0D7
:108F08001C481D4F232A14BF621DA21D8B4208BF97
:108F180007461A493B46284612F0F5FF06F10C07AA
:108F28004FF0000973894B4514DCBDE8F8832B68C2
:108F380020219B68284698470137D8E70D480E4FEF
:108F4800232A14BF621DA21D8B4208BF07463B4659
:108F58000B49E0E77A8823889A4206D12B463A469D
:108F680008F101013046FFF7BBFF09F10109243779
:108F7800D8E700BF7D960208C3B202087F960208B0
:108F88008596020800B593B081B15AB1084B039297
:108F9800CDE9013100230B7001A90493119314F05A
:108FA800AFF9049A104613B05DF804FB0A46F9E7D6
:108FB8004070020810B5044614F0C2FA204602496F
:108FC800BDE810401BF0DBBF09000002F0B587B018
:108FD800154604460E4614F0B3FA1422002101A8DF
:108FE8001CF056FB4FF6F872B2EBC50F4FF48853DE
:108FF8004FF6FF72104FADF800304FEAC50338BF87
:109008001346ADF802304FF48063CDE902372A46A3
:1090180004F59873314668461BF034FF30B9D4F82C
:1090280030113A4604F170001CF076F8012384F8F8
:10903800343107B0F0BD00BF0900800310B5034B01
:109048000360044614F04AFB204610BD687002080D
:1090580073B50446084611461A46074D1678236824
:10906800064C2F2E08BF2C46CDE90042044A0DF0CD
:10907800ABFB02B070BD00BFC3B202088D960208F8
:109088008F96020830B591B004461D46084613462F
:1090980069464022FFF7DCFF0022C4E901220A4B9F
:1090A8002360227422732B78772B0AD1684615F037
:1090B800EBF812226946204614F01AFB204611B03C
:1090C80030BD0122F6E700BF6870020810B514F041
:1090D8003EFB0849072204461CF01BFB38B9E01D7B
:1090E80014F035FB0078B0FA80F0400910BD00207C
:1090F800FCE700BFAFA3020838B514F028FB0C4604
:109108000546FFF7E3FFB8B90D492846F8F788F890
:10911800A0B10C492846F8F783F878B10A492846DF
:10912800F8F77EF8044638B108492846F8F778F881
:10913800041E18BF01246442204638BD0124FBE701
:10914800AD9E0208B1B30208189C0208CAA302081F
:1091580038B52B4C217800294FD14FF4EC722948AF
:10916800284D1CF095FA2748274B40F8383B2749EB
:109178000F221CF0E0FA0F22254905F158001CF0D7
:10918800DAFA244BAB6440F20753A5F8743016237F
:1091980085F84C302F2385F84F301F4BEB664FF086
:1091A8007C5364226B651D4BAB6685F883201C4B92
:1091B800AB674FF461624FF4967044F24003C5E91F
:1091C800220240F20112A5F87C30A5F814210823E8
:1091D80040F60F7285F87E30A5F81C210123114A4C
:1091E80085F8333185F8853085F81A3185F8673187
:1091F80085F8D231C5F86C212370024838BD00BF0C
:10920800CE8200205044002000001041A69B020896
:10921800C3B202088D675944CDCC4C3E9A99993E09
:1092280000007A420101FFFF2DE9F04F16468DB08C
:109238000446884604229C4930461D461CF03BFAE9
:10924800002840F0758104369849092230461CF000
:1092580032FA28BB63694FF07E511868F7F74CFC67
:1092680001469348F7F704FE0646F7F729FF044638
:10927800F7F7F6FC01463046F7F73CFC8D49F7F75F
:1092880043FD4FF07C51F7F737FCF7F719FF8A4A8F
:10929800009023464FF4807128460DF095FA21E09E
:1092A8008649022230461CF006FA60B963691868DC
:1092B800F7F792F8CDE90001814A4FF4807128460A
:1092C8000DF082FA0EE07F490A2230461CF0F3F9CD
:1092D80060B9636993F87F307B4A4FF48071284600
:1092E8000DF072FA01200DB0BDE8F08F7749122217
:1092F80030461CF0E0F920B975492846F7F79AFF7F
:10930800F0E774490A2230461CF0D5F918B96369A8
:1093180093F87730E0E77049102230461CF0CBF91B
:1093280048B9636993F815216C4B6D49002A08BF49
:109338000B466C4AD1E76C490C2230461CF0BBF94D
:1093480018B9636993F81421EEE768490522304695
:109358001CF0B1F900283DD16369986FF7F73CF824
:1093680008AECDE90001624A102130460DF02CFA12
:109378002E2130461CF0AFF9B0B13046F7F762FF46
:1093880058B1431EF25C302A22D003F130026A44FD
:1093980012F8102C2E2A08BF184600F130030DEBE6
:1093A8000300002300F8103C636993F875200492C9
:1093B80093F87420CDE90262986CF7F70DF84D4ADE
:1093C800CDE900014FF4807128460DF0FDF989E7D9
:1093D8001846D5E74849072230461CF06CF908B909
:1093E80046498AE74649072230461CF064F9C0B965
:1093F800A06903685B6F98470646A06903689B6F7E
:109408009847F6F7E9FFCDE902013046F6F7E4FFA1
:109418003C4ACDE900014FF4807128460DF0D4F99B
:1094280060E739490E2230461CF045F908B937493A
:1094380063E737490E2230461CF03DF920B96369CD
:1094480093F83331334A48E733493046F7F7E8FEB3
:1094580018B9636993F94C30F4E73049072230466C
:109468001CF029F978B92E492846F7F7E3FEA069D8
:109478000368FE22D3F88C30A91C984700287FF493
:1094880031AF284939E72849042230461CF013F93E
:10949800002840F011836369986CF6F79DFF234A12
:1094A800CDE9000109E700BF71AC020896960208F1
:1094B8000000C84200002041A09602089C920208C1
:1094C800AA960208B1960208BC960208C19602083C
:1094D800D4960208F896020803970208AD9E02087F
:1094E800189C020820900208149702081BAE020874
:1094F800D4970208219702089F9202083197020820
:109508007997020851970208729702088197020812
:10951800A8970208B797020899920208BC97020810
:1095280026960208C49702087B920208D29702087E
:10953800A749042230461CF0BEF8002840F0BC823F
:10954800371DA4490A2238461CF0B5F800284ED128
:10955800FFF7FEFD4FF07E510068F7F7CDFA0146A0
:109568009D48F7F785FC08AA014606F10E0014F09D
:109578000DF908B99949C0E6089E99493046F7F7A8
:1095880061FD20B994493046F7F77AFD08B195494D
:10959800B3E6314690486769F7F76AFC4FF07E51A9
:1095A800F7F7A8FA3860204614F07BF963694FF0A2
:1095B8007E511868F7F7A0FA01468748F7F758FC74
:1095C8000646F7F77DFD0446F7F74AFB01463046A5
:1095D800F7F790FA8249F7F797FB4FF07C51F7F7C6
:1095E8008BFAF7F76DFD804A0090234652E67F49D3
:1095F800032238461CF05FF8E8B9FFF7A9FD08AA6E
:109608000168F01D14F0C2F808B9794975E6089E9A
:1096180000213046F7F716FD20B976493046F7F7AE
:109628002FFD08B1744968E663691E60204614F08E
:1096380038F9724961E672490B2238461CF03BF84A
:10964800C8B9A0690368DB6898476E49F7F7E8FD71
:1096580008B96D4951E6FFF77BFD08AA90F87F101D
:1096680006F10F0014F0B5F80028CED06369089A07
:1096780083F87F20DAE76549132238461CF01BF887
:1096880000283FF439AE62490B2238461CF013F823
:1096980090B9FFF75DFD08AA90F8771006F10F0062
:1096A80014F097F830B1089B012B03D8626982F84F
:1096B8007730BBE7574920E65749062238461BF062
:1096C800FAFF002840F0DD8004F11C000A36534AF6
:1096D80000968323842106460DF076F82C23042275
:1096E80008A9304610F048FB0128814640F0A280C6
:1096F8000898FFF7EBFC002800F09E80FFF728FD94
:10970800D0F84880FFF724FD876FFFF721FD90F818
:109718007460FFF71DFD90F8759041494046F7F7D2
:10972800A5FC002800F0AB803E494046F7F794FCC2
:10973800002800F0A480731F072B00F2A080A9F175
:109748000503032B00F29B8037493846F7F78EFC58
:10975800002800F0948035493846F7F77DFC00284A
:1097680000F08D806369D3F848B09A6FC3F84880D9
:1097780093F874A0069293F87520636907929F671F
:10978800636983F87460636983F87590A0690368F6
:109798001B689847A069079A03680092D3F87090ED
:1097A800069A59465346C84741465846F7F740FC7B
:1097B80038B106983946F7F73BFC10B1B24500F0CE
:1097C8002E810121204614F079F8194995E500BF4A
:1097D8007DAC0208D99702080000C842E497020845
:1097E8000000204110980208309802083D980208AD
:1097F8004198020800001041659802085795020830
:109808007B9802089F98020887980208A99802087E
:10981800BD980208C9980208189F0208E89802082B
:109828000000164300401C450000E0400000FA43D9
:10983800ED980208002822DD089800210DF0BEF9F5
:10984800B9F1010F80460BD0099800210DF0B6F947
:10985800B9F1020F074605D100264FF000095CE771
:109868000027F9E70A981BF01EFFB9F1030FC6B2EB
:10987800F3D00B981BF017FF5FFA80F94DE78F497B
:109888003BE58F49082238461BF015FFA0B90C3676
:109898003046FFF71BFC48B1FFF75AFC006D6369BF
:1098A8001865204613F0FDFF864926E530461BF073
:1098B800F7FEF7F7CBF8F2E78349082238461BF0A2
:1098C800FAFEA0B90C363046FFF700FC48B1FFF7A6
:1098D8003FFC406D63695865204613F0E2FF7B4901
:1098E8000BE530461BF0DCFEF7F7B0F8F2E77849F5
:1098F8000F2238461BF0DFFEA0B913363046FFF7BB
:10990800E5FB48B1FFF724FC806E63699866204642
:1099180013F0C7FF6F49F0E430461BF0C1FEF7F7BC
:1099280095F8F2E76C490F2238461BF0C4FE90B94F
:10993800FFF70EFC08AA90F8331106F1130013F094
:1099480048FF10B1089B022B01D96449D5E462692C
:1099580082F833316AE66249032238461BF0ABFECF
:1099680010BBFFF7F5FB08AA90F94C10F01D13F097
:1099780030FFB0B1089B03F109021F2A11D86269B0
:10998800204682F84C3013F08CFFD4E90520036898
:1099980092F94C10DB6A98476369524A93F94C3044
:1099A8009BE4514A162398E4B8F1000F39D14F4986
:1099B800052238461BF07FFE002832D1FFF7C8FB8E
:1099C80008AA816C06F1090013F0E0FE50B1089E68
:1099D80047493046F7F74AFB20B146493046F7F782
:1099E8003BFB08B9444988E4636920469F6C9E6440
:1099F80013F057FFD4E90520016892F875C092F872
:109A08007430CDF800C0D1F87080926F3946C047E5
:109A180039463046F7F70CFB00283FF4D2AE3749F9
:109A28006BE43749112238461BF045FE00BBFFF7AF
:109A38008FFB90F8151106F11500FFF75DFB012863
:109A4800064613D8636983F81501204613F029FFE9
:109A5800A069036806F001015B6B984720B1636950
:109A6800284A93F8153138E4274946E4274944E45D
:109A780027490D2238461BF01EFEE8B9FFF768FBA0
:109A880090F8141106F11100FFF736FB012806467D
:109A9800ECD8636983F81401204613F002FFA0692B
:109AA800036806F001011B6B98470028DCD0636946
:109AB800184A93F8143110E4002014E4239902089A
:109AC8005F99020868990208BB9902088E990208F2
:109AD800B4990208C4990208F1990208019A020887
:109AE800239A0208279A02083C9A0208629A0208F6
:109AF8000000164300401C45689A02080E990208A7
:109B08008E9A0208A09A0208B99A0208CC9A02080A
:109B1800EC9A0208FA9A02082DE9F04F171DB1B025
:109B28000446164695490B2238461D461BF0C3FDD0
:109B380020BBFFF70DFB06F10F0190F8812090483C
:109B480013F074FE431C06D18E49284631B0BDE897
:109B5800F04FF7F76FBB6369C0B283F88100FBF77A
:109B680075FC204613F09DFE874B884A4FF48071A0
:109B7800284631B0BDE8F04F0CF026BE84490822D3
:109B880038461BF098FDB8B9FFF7E2FA06F10C0168
:109B980090F882207F4813F049FE471C01D17E4986
:109BA800D3E76369C0B283F88200FBF75FFC204605
:109BB80013F077FE794BD8E77949102238461BF025
:109BC8007AFD20BB14360A2218A9304618960DF0E3
:109BD8006FF9189B1A78252A08BF5A78B3420746A6
:109BE80002D00AB9642801D96E49AEE76369C0B2E8
:109BF80083F88300FBF74CFC204613F052FE6A4AB8
:109C08003B464FF4807128460CF0DEFD47E167497A
:109C1800052238461BF04FFD08BBFFF799FA90F86C
:109C28008010B1FA81F106F109004909FFF764FAD9
:109C3800461C01D15E4988E76369B0FA80F04009A3
:109C480083F88000636993F88000003818BF01200A
:109C5800FBF7F0FB204613F024FE564975E75649FA
:109C6800092238461BF027FD90B9FFF771FA90F8E2
:109C78001A1106F10D00FFF73FFA411CDAD06369AB
:109C880083F81A01A0690368D3F890309847E1E790
:109C98004A490B2238461BF00EFD18BBFFF758FA4D
:109CA80018AA90F91B1106F10F0013F092FD50B994
:109CB8000C2300936FF00703414A4FF48071284644
:109CC8000CF082FDEBE0189B03F10802142A05D979
:109CD8000C2300936FF007033A4AEEE7626982F8B3
:109CE8001B31CFE738490F2238461BF0E4FCB8B9DE
:109CF800FFF72EFA18AA90F81C1106F1130013F0BA
:109D080068FD08B9314920E7189B2BB1A3F10A0275
:109D1800F52A01D92E4918E7626982F81C31B1E7A2
:109D28002C490C2238461BF0C6FCB8B9FFF710FACC
:109D380018AA90F81D1106F1100013F04AFD08B991
:109D4800254902E7189B2BB1A3F10A02502A01D931
:109D58002249FAE6626982F81D3193E7204909220F
:109D680038461BF0A8FC014600283DD1204613F0D8
:109D7800A5FD63691B4A93F91B31F7E6139F020897
:109D8800B47002081F9F0208489B02084A9F0208F5
:109D98004F9F020894700208589F0208C3B2020835
:109DA800879F0208989F0208AD9F0208C89F020873
:109DB800CE9F020857950208F09F0208FA9F0208F2
:109DC80006A0020828A0020846A0020856A0020819
:109DD80095A00208CAA00208D7A002080CA1020890
:109DE80037A1020841A10208A349092238461BF0FD
:109DF80062FC8046002869D10023ADF81C308DF83C
:109E08001E300C3618AA16F8011F21B101331F2B7A
:109E180002F8011BF7D1C0336B44002203F8602C11
:109E2800202304220DEB030118A80FF0A5FF012839
:109E380006462DD1089F91493846F7F7F1F90646AD
:109E480030B18F493846F7F7EBF9061E18BF0126DF
:109E58000DF11C0908AFCB464FF0000A564521DC2E
:109E6800A0690368F2B29B6B07A9984760B362695F
:109E78000023A2F81E3182F8203146451BDC20461B
:109E880013F00FFD7F49804B002E08BF19465CE692
:109E98000328DDDD7D49032228460CF0BFFC31B0E4
:109EA800BDE8F08F57F8040B1BF0FDFB0AF1010A1F
:109EB8000BF8010BD2E7636919F8012B434408F149
:109EC800010883F81E21D8E771493EE67149162238
:109ED80038461BF0F0FBD0B9FFF73AF918AA90F80A
:109EE8004F1006F11A0013F074FC08B96A492CE601
:109EF800189B5A1E012A01D9A82B01DD674924E6BF
:109F0800626982F84F30A0690368DB69BEE664497C
:109F1800102238461BF0CFFB00BBFFF719F990F869
:109F28004E1018AA490006F1140013F052FC10B99B
:109F38005C4A3C231AE6189B5A1E3A2A01D9F02B90
:109F480002DD594A3C2311E6626903EBD3735B10C7
:109F580082F84E30A06903689B6997E653490F223F
:109F680038461BF0A8FB30B9606906F11301583078
:109F780013F04FFC6EE64E49082238461BF09BFB57
:109F880020BB06F10C02402108A80FF0D1FED8B181
:109F980008A8F8F75BFDB8B118A80FF01CF8402224
:109FA80008A918A80FF03FF8A069036818A99B6DC5
:109FB800984740492846F7F73DF9202218A905F1A6
:109FC8002100F9F7E7FA6AE73B49BEE53B49052274
:109FD80038461BF070FB38BB0836314611F8013F94
:109FE8001BB96269101D033217E03A2B0AD8292BD6
:109FF800F4D9334A2A3BDBB222FA03F3DA07EDD568
:10A008003049A2E53F2BFBD05B3B022BF8D9E5E7B3
:10A0180001331F2B02F8011F03D016F8011F002976
:10A02800F6D10022C25415E62749072238461BF00C
:10A0380042FB002852D10B362449022230461BF03D
:10A048003AFB38B9636983F84D00204613F029FCC0
:10A058001F497AE50A49032230461BF02CFB40B918
:10A068006369012283F84D20204613F01AFC194930
:10A078006BE5194969E500BF7AA10208CAA302087D
:10A08800189C0208E99E0208FC9E020884A10208A6
:10A09800A0A10208CEA10208E5A1020810A20208A8
:10A0A800D4A1020835A2020863A202088BA2020802
:10A0B8009BA20208A4A20208C6A20208D5A202080E
:10A0C80005000100A2A70208DBA20208AD9E020853
:10A0D800E3A20208F9A2020810A302089149042287
:10A0E80038461BF0E8FA80B908363046FEF7EEFF2E
:10A0F80038B1FFF72DF8D0E90A016369C3E90A010D
:10A10800A8E530461BF0CCFAF7E787490422384621
:10A118001BF0D1FA80B908363046FEF7D7FF38B1C0
:10A12800FFF716F8D0E90C016369C3E90C0191E562
:10A1380030461BF0B5FAF7E77C49112238461BF088
:10A14800BAFA90B9FFF704F818AA90F87E1006F149
:10A15800150013F03EFB10B1189B402B01D9744930
:10A16800F3E4626982F87E3074E572491322384656
:10A178001BF0A1FA88B9FEF7EBFF18AA90F87D103A
:10A1880006F1170013F025FB0028E8D0189B402B98
:10A19800E5D8626982F87D305CE567490A2238466D
:10A1A8001BF089FA88B9FEF7D3FF18AA90F87C103B
:10A1B80006F10E0013F00DFB0028D0D0189B402BA1
:10A1C800CDD8626982F87C3044E55C491322384670
:10A1D8001BF071FA40BBA0690368DB6898475849CF
:10A1E800F7F71EF808B95749AFE4574918AA06F116
:10A1F800170013F0CBFA08B95449A6E4189E0021B9
:10A208003046F6F733FF68B14FF080413046F6F735
:10A2180023FF38B16369DE66A06903683146DB6FE6
:10A22800984717E54A4990E44A490B2238461BF0FB
:10A2380042FA98B963690E369C3316F8011F21B1AA
:10A2480062699C329A1A762A02DD00221A7001E5A8
:10A258007C2908BF0A2103F8011BEEE73E490C22BE
:10A2680038461BF028FA002838D1A0690368DB6853
:10A2780098473349F6F7D4FF0028B4D01036374949
:10A28800032230461BF017FAE0B135490722304661
:10A298001BF011FAE0B13349082230461BF00BFAE3
:10A2A800C0B13149062230461BF005FAA0B130464C
:10A2B800FEF70CFF50B1FEF74BFF90F83501FF2871
:10A2C8003FF4EDAD636983F83501C3E427493CE405
:10A2D8000120F7E70220F5E70320F3E72449384691
:10A2E800F6F79EFF08B923492FE42349162238467A
:10A2F8001BF0E1F900287AD106F11A001BF0D3F916
:10A308000646206803681B689847804608B91B49B9
:10A318001BE4B7B2A7F6B833B3F5AF6F32D9184913
:10A3280013E400BF29A302082EA3020833A30208DE
:10A3380045A3020863A3020877A3020882A30208C0
:10A348009F98020887980208CDCC4C3E96A3020835
:10A35800B7A30208CCA30208D8A30208189C0208D5
:10A368001E9C0208289C0208339C0208E5A30208E8
:10A3780020A4020836A4020873A402088AA40208CA
:10A38800AEA4020820680368DB689847814638460F
:10A39800F6F762FC4946F6F7B7FC07464046F6F77B
:10A3A8005BFC01463846F6F763FD6369C3F898001D
:10A3B80007462068036839469B689847002851D0AB
:10A3C800204613F06EFAB6B23846CDE90486F6F7A1
:10A3D80003F8CDE902014846F5F7FEFFA74ACDE9A3
:10A3E80000014FF4807128460CF0EEF957E5A449B6
:10A3F800132238461BF05FF900283AD12068036819
:10A408001B6898470746002881D09E4B20681B6828
:10A41800B3F800900368DB68984780464846F6F72B
:10A428001BFC4146F6F770FC06463846F6F714FC66
:10A4380001463046F6F71CFD6369C3F898000646E6
:10A448002068036831469B68984758B1204613F046
:10A4580028FA3046CDE90479F5F7BEFFCDE90201C7
:10A468004046B9E763690022C3F898208649FFF798
:10A478006CBB86490F2238461BF01DF900283DD1D8
:10A48800FEF766FE18AAD0F8981006F1130013F02C
:10A498007DF978B1189E00213046F6F7C9FD60B9FC
:10A4A8007B493046F6F7CEFD20B97A493046F6F7B3
:10A4B800E7FD10B17849FFF748BB206803683146CB
:10A4C8009B6898470028D1D063692046C3F89860F4
:10A4D80013F0E7F900213046F6F7AAFD10B16F49ED
:10A4E800FFF733BB3046F5F777FF6D4ACDE900013A
:10A4F8004FF4807128460CF067F9D0E469490722C7
:10A5080038461BF0D8F8C0B9FEF722FE90F81611AD
:10A5180006F10B00FEF7F0FD01280BD8636983F8FC
:10A528001601204613F0BDF963695F4A93F81631A6
:10A53800FFF71CBB5D49FFF708BB5D490F22384692
:10A548001BF0B9F860B9FEF703FE90F8211106F187
:10A558001300FEF7D1FD0128ECD85649FFF7F5BAEC
:10A5680055490D2238461BF0A6F8C0B9FEF7F0FD94
:10A5780090F8221106F11100FEF7BEFD01280646EB
:10A58800D8D800F0010001F021F96369204683F86A
:10A59800226113F086F9494A3346FFF7E7BA48497A
:10A5A8000A2238461BF087F820BBFEF7D1FD18AA0F
:10A5B80090F9231106F10E0013F00BF928B90E23B8
:10A5C80000936FF00B03FFF777BB189E06F10C039F
:10A5D8001A2B05D90E2300936FF00B03FFF77CBBF2
:10A5E8006369204683F8236113F05BF9354A3346E3
:10A5F800FFF7BCBA3449082238461BF05CF801461C
:10A6080098B906F10C00FEF777FD0128044609D831
:10A6180000F0010010F043FC012C0CBF2B492C4921
:10A62800FFF793BA2B49FFF790BA2B490B2238460C
:10A638001BF041F8002866D10F36374601363B78C3
:10A64800202BFAD0002318A90A22384618930CF0B8
:10A65800A3FC224906463846F6F7E2FD002843D017
:10A668003B783BB1189BBB4204D01B7813B91C4BF9
:10A678009E423BD91B49FFF768BA00BFD8A402081D
:10A6880004A50208B86D0208FD9C020818A5020876
:10A698000000C8420060EA4628A5020866A502082C
:10A6A8008AA50208A6A50208AEA50208CC9A020847
:10A6B800CFA50208DFA50208F1A50208FFA5020838
:10A6C80014A602081FA60208B39D020831A60208B4
:10A6D80074A6020886A60208BC9D0208AFA3020859
:10A6E800803A0900A7A602084FF4616663693046FC
:10A6F800C3F88C6010F0C0FB204613F0D2F83A4A39
:10A708003346FFF77EBA3949082238461AF0D3FF94
:10A7180000283BD10C36374616F8013B202BFAD0DF
:10A728006BB333493846F6F77BFDD0B9A0690368A7
:10A73800D3F89C309847064636B12E4B9E4228BF28
:10A748001E460A2E38BF0A2663693046C3F8886059
:10A7580010F093FB204613F0A4F89EB92649FFF7A2
:10A76800F4B900230A2218A9384618930CF014FCEF
:10A77800189BBB42064602D01B78002BDCD01F4931
:10A78800FFF7E3B91E4A3346FFF7F0B91D490D221A
:10A7980038461AF090FF10BBFEF7DAFC90F8191152
:10A7A80006F11100FEF7A8FC0646A0690368D3F875
:10A7B8009830984710B91449FFF7C7B9731C3FF48C
:10A7C80039AA6369204683F8196113F06AF80F4AB9
:10A7D8000F4B002E08BF13460E4AFFF7C7B90E4AA3
:10A7E8003B46FFF7C3B900BFEAA60208C89D0208A6
:10A7F800AFA30208803A090039A7020800A7020897
:10A8080055A7020868A70208C4970208189C0208FE
:10A81800AD9E020876A702088BA702082DE9F04F23
:10A828001D46002389B0044617462B7039B390F8AB
:10A83800E060C6F1A106A02E28BFA026384612F077
:10A8480086FF98490A2280461AF063FF002875D1CE
:10A8580098F80AA01AF0DF0A70D108F10A0012F07D
:10A8680076FF814612F082FF99F800304BB98E4A84
:10A878003146284609B0BDE8F04F0BF0A5BFA02629
:10A88800DCE7E36803F28C48484612F060FF027880
:10A898000346002A4AD0024611789146013221B176
:10A8A8002029F9D189F800A09146D4F80CB00246C5
:10A8B80010F8017B67B17C2F01D02C2FF7D182F8DB
:10A8C80000A0039312F043FF074612F04FFF039BCB
:10A8D800184612F03CFF037801460BB9734AC7E7E4
:10A8E8001FB13B780BB9724AC2E7B8F80020039150
:10A8F8000023584612F054FC0399804640B96D4A2B
:10A908000B463146284609B0BDE8F04F0BF05CBF56
:10A9180080F804A0002FB7D039465846FEF7A2FAAF
:10A9280080460028B0D1644A3B46EAE7E0683246F0
:10A93800294609B0BDE8F04FFEF724BB20230422C6
:10A9480004A938460FF018FA0128804607D1E068B4
:10A9580032462946FEF716FB09B0BDE8F08F40F3F2
:10A968006B81059F55493846F6F75AFC20B9A0690E
:10A9780003685B6E9847EFE751493846F6F750FC95
:10A98800C0B96068666903681B689847C6F8940090
:10A99800204612F086FFA06903689B6E98474949D4
:10A9A800494B002808BF1946284609B0BDE8F04FB2
:10A9B800F6F740BCB8F1020F65D044493846F6F7BF
:10A9C8002FFC60B90699E068FEF74CFA28B10379C4
:10A9D80023F0010303713B49E6E73D49E4E73D49BC
:10A9E8003846F6F71DFC48B90699E068FEF73AFACA
:10A9F8000028F2D0037943F00103EBE736493846E3
:10AA0800F6F70EFC40BB0699E068FEF72BFA0646FF
:10AA18000028E2D04188E06812F00FFC3379721DFB
:10AA280003F0010368B1018859B12C4C2C49002B63
:10AA380018BF21460091431D2A4928460BF0EEFE17
:10AA48008AE726492648002B18BF084603462649A8
:10AA580028460BF0E3FE7FE724493846F6F7E0FB8B
:10AA680000284BD10699E068FEF7FCF90646002855
:10AA7800B3D00146E06812F0FBFB1D49721D284661
:10AA88000BF0CCFE68E719493846F6F7C9FB0028F1
:10AA980071D1E06812F0E9FB10B1421D1549EEE7EB
:10AAA800154AFBE7DDA70208E8A70208F8A702088D
:10AAB80009A802081AA802082FA8020846A802082E
:10AAC8004BA8020857950208CBA7020850A802080D
:10AAD80057A802086CA8020832A40208C3B20208E8
:10AAE8000EA3020872A802087EA8020885A8020818
:10AAF8008AA802089AA80208C9A702084F49384636
:10AB0800F6F78EFB002845D1069F4D493846F6F7E3
:10AB180087FB0646E0686EB9314612F0B3FBA069C0
:10AB280003683146DB6E9847A06903689B6E9847B7
:10AB3800444939E73946FEF795F9064638B90346D8
:10AB480002460699E06812F02BFB064688B10023FE
:10AB58003371E068314612F095FBA069036831460D
:10AB6800DB6E9847A06903689B6E98473649721D4B
:10AB780085E7364918E731493846F6F751FB00288A
:10AB88005AD1E06812F078FB10B1421D304976E7DF
:10AB98002B4AFBE72F493846F6F742FBC0B9B8F114
:10ABA800030FE06805D00799FEF75CF918B92A4940
:10ABB800FAE600F28C4002880699E068002312F059
:10ABC800EFFA08B92549EFE6002325490371EBE6BA
:10ABD80024493846F6F724FB78B90699E068FEF769
:10ABE80011F9014638B1E06812F050FB00287FF4F3
:10ABF800F2AE1D49D8E61D49D6E61D493846F6F796
:10AC08000FFBC8B9069F1B493846F6F709FB38B150
:10AC180019493846F6F704FB08B11849C4E601207B
:10AC28000090E06801233246294612F06FFB0028A5
:10AC38007FF492AE1249B7E61249B5E6AFA302080F
:10AC4800BCA80208A6A80208C3A80208DCA8020833
:10AC5800F4A802082EA9020809A902081EA90208D8
:10AC680032A9020847A902084EA902085EA90208EB
:10AC78009FAC02086EA9020876A902087DA90208FD
:10AC8800789402089DA902082DE9F04F91B0044676
:10AC9800884615461E46FEF7C7FA002840F0F1819F
:10ACA800206803684246DF6E29463346B8470028C5
:10ACB80040F0E78194492846F6F7B2FA30B993494B
:10ACC800304611B0BDE8F04FF6F7B4BA9049092202
:10ACD80028461AF0F0FC50B98E493046F6F7AAFA21
:10ACE8000321204611B0BDE8F04F12F041BE8A4959
:10ACF800082228461AF0DFFC08B98849E0E78849A5
:10AD0800082228461AF0D7FC28B186490822284686
:10AD18001AF0D1FC28B984493046F6F78BFA042199
:10AD2800DFE78249062228461AF0C5FC28B980497F
:10AD38003046F6F77FFA0121D3E77E4909222846F3
:10AD48001AF0B9FC30B960687B4903685B689847BA
:10AD58007A49EDE77A490E2228461AF0ACFC40B948
:10AD6800A069036840F2DC515B6900229847754985
:10AD7800A6E77549062228461AF09DFC40B9A06945
:10AD8800036840F2DC515B69012298476F4997E7F5
:10AD98006F490A2228461AF08EFC00283AD16068CA
:10ADA80003681B689847804532D96068036808F1D2
:10ADB80001015B689847042000F0CAFEA069036897
:10ADC800D3F898309847054650B112F0C7FC4FF4B5
:10ADD8007A720023F6F7BAF90146284610F0EAFA23
:10ADE800606803681B6898470890002308A80993BF
:10ADF8000BF02EFC4369574A03F26C730393036903
:10AE080001330293C36801934368009383681EE08B
:10AE1800514955E75149052228461AF04CFC074686
:10AE2800D8B9606803681B689847CDE9080708A87F
:10AE38000BF00EFC43694A4A03F26C7303930369EF
:10AE480001330293C36801934368009383684FF406
:10AE5800807130460BF0B8FC13E1424905222846C0
:10AE68001AF029FC074670BB04350A2115F8013F82
:10AE7800303BDAB2092A21D9606803681B68984711
:10AE8800B8421ED26068036839465B689847042058
:10AE980000F05EFEA0690368D3F89830984704462E
:10AEA80050B112F05BFC4FF47A720023F6F74EF9BA
:10AEB8000146204610F07EFA089796E701FB07370F
:10AEC800D4E72949FCE6E36873B1284906222846F5
:10AED8001AF0F1FB40B933462A464146204611B0E4
:10AEE800BDE8F04F12F05ABD2149092228461AF050
:10AEF800E2FB00283ED1A0690368DB6B314611B044
:10AF0800BDE8F04F184700BFB9A90208C3A9020855
:10AF1800F8A9020802AA020820AA020829AA020817
:10AF280037AA020840AA020849AA02085EAA02082B
:10AF380004AC02085BAA0208EF93446665AA0208FB
:10AF480081AA020890AA020834AD0208A9AA020838
:10AF5800BAAA0208C5AA0208EEAA02080DAB02089E
:10AF6800D5AA020813AB020819AB020865A80208A3
:10AF78009C9502088849102228461AF09CFBB8B90B
:10AF880010352846F6F75EF9402828BF40204710BC
:10AF98002A46394608A80EF0CBFE38B1A0690368E6
:10AFA80008A91B6C3A4698477C4989E67C4987E69C
:10AFB8007C490A2228461AF07EFB0746002870D1F1
:10AFC80004F11C000A35784A00958323054684213C
:10AFD8000BF0FAFB28462C23052208A90EF0CCFE1C
:10AFE800051E5BDD089839460BF0E8FD012D834608
:10AFF8004AD0099839460BF0E1FD022D814648D028
:10B008000A981AF050FB032D5FFA80FA44D00B9887
:10B018001AF049FB042D5FFA80F803D00C981AF057
:10B0280042FB074661495846F6F720F8002835D014
:10B038005F495846F6F710F880B3AAF10503072BC5
:10B048002CD8A8F10503032B28D85A494846F6F707
:10B058000DF818B358494846F5F7FEFFF0B1002F30
:10B068001CDDA0690368CDE900874A461C6E594675
:10B078005346A047514A3B464FF4807130460BF087
:10B08800A3FB11B0BDE8F08FB846BA464FF00009EF
:10B09800C8E7B846BA46C5E7B846C3E7484B494A81
:10B0A800EAE74949092228461AF005FB98B9606978
:10B0B80005F10901383012F0ACFB204612F0F1FB23
:10B0C8006369424A38334FF48071304611B0BDE8A5
:10B0D800F04F0BF079BB3E490B2228461AF0EBFAE9
:10B0E80028B9A0690368DB6D98473A49E8E53A4909
:10B0F800042228461AF0DFFA40B933462A46414668
:10B10800204611B0BDE8F04FF6F7BABB3349042228
:10B1180028461AF0D0FA40B933462A464146204616
:10B1280011B0BDE8F04FFEF7F7BCB8F1000F0DD134
:10B138002B492846F6F774F840B9A06903681B69DB
:10B14800984708B12749F3E52749B9E52749032274
:10B1580028461AF0B0FA88B9A06903685B6898476E
:10B168000546A06903689B689847214A00902B46CA
:10B178004FF4807130460BF027FB82E71D4905220A
:10B1880028461AF098FA002838D1206803681B6905
:10B198009847194A034696E73AAB020857950208BA
:10B1A8004BAB02085BAB0208E898020800001643A4
:10B1B80000401C450000E0400000FA4366AB02086E
:10B1C80083AB020889AB020891A20208C1AB02084E
:10B1D800D2AB0208DEAB020871AC02087DAC0208F3
:10B1E800E8AD0208F1AB020813AC0208E09C0208C3
:10B1F8002AAC0208768F02083A9502088D4928463B
:10B20800F6F70EF8002841D1206803689B6C984730
:10B21800002837D02068884D0368DB6C9847874B37
:10B22800002818BF1D46206803681B6D9847002832
:10B238002AD02068804F03685B6D98477F4B0028B1
:10B2480018BF1F462068DFF8F4910368DFF8E8A10B
:10B258001B6898478046206803681B6C984700283D
:10B2680018BFCA46206803685B6C9847724A002872
:10B2780018BF4A46CDE902A2CDE90057704A4346B5
:10B28800A021E6E56F4DCEE76E4FDBE76E490B2256
:10B2980028461AF010FA50B9A06805F10B0112F00F
:10B2A800E0FA034608B1694A0DE7694908E56949C2
:10B2B8000B2228461AF0FFF910BB0B35664A009599
:10B2C80004F11C008323842105460BF07DFA20231A
:10B2D80002220DEB030128460EF04EFD00280ADD80
:10B2E8000128089908D0099AA06803689B699847BB
:10B2F80020B15A49E4E45A49554AF5E75949DFE487
:10B3080059490B2228461AF0D6F90746002850D189
:10B31800A0680368DB68984780462846F5F792FFDF
:10B328000B2809D90B350A2115F8012F303AD3B269
:10B33800092B05D9002F01DB474504DB4B49BFE446
:10B3480001FB0727F0E74A4A43464FF4807130462D
:10B358000BF03AFA3046F5F775FF3518A5EB0609F4
:10B36800B9F1850F07DDB8451FDD424A3B46C9F5EF
:10B3780080712846AAE6A068036839461B69984781
:10B388008246A068036839465B6998473A4A009044
:10B398005346C9F5807128460BF016FA2846F5F78A
:10B3A80051FF0137B8450544D8D1002305F8013CC1
:10B3B80067E63249062228461AF07DF980B9A06866
:10B3C8002F4A03682F499B69984738B1636901225E
:10B3D80083F88620204612F064FA8AE72A496FE447
:10B3E8002A49072228461AF066F9074658B9A0687C
:10B3F800274A036823499B6998470028EED0636968
:10B4080083F88670E6E72349082228461AF053F99C
:10B41800002845D1A06803681B6A984708B91E49E7
:10B428004EE40FF021FD08B91C4949E40FF02FFD47
:10B438005FE700BF3A920208A6A90208A9A9020874
:10B4480039AC0208048C02086AAC02082090020891
:10B45800ADA9020876AC0208E8980208B38F020882
:10B46800C3B2020882AC020898AC0208A4AC020875
:10B47800B2AC0208C2AC0208BBAC0208CEAC0208EF
:10B48800B1B302087C8F0208D5AC0208EAAC020806
:10B49800CAA30208F2AC0208FBAC020812AD02080B
:10B4A8009A492846F5F7BCFEE8B9A06803681B6A04
:10B4B80098470028B3D09649A06812F0D2F90346FD
:10B4C80028B19449F5F7ACFEB0FA80F35B09924ACB
:10B4D800A02130460BF078F99A21B01D11B0BDE8D3
:10B4E800F04FF9F7C7B98D490A2228461AF0E3F850
:10B4F80060B9A2686369D2E90201C3E90A01A268D6
:10B508006369D2E90401C3E90C0163E784490A22AB
:10B5180028461AF0D0F8002837D12846F5F792FEC9
:10B528000A2810D1636993F89030012B08D0022BB8
:10B5380003D03BBB7B49FFF7C3BB7B49FFF7C0BBCD
:10B548007A49FFF7BDBB0B357949042228461AF022
:10B55800B2F818B9636983F890003BE7754905228A
:10B5680028461AF0A8F820B96369012283F89020C8
:10B5780030E77149052228461AF09DF810B9636929
:10B588000222F3E76D49FFF79BBB61490322284676
:10B598001AF091F858BBA06803681B6A984710B95D
:10B5A8006749FFF78DBB0FF05FFC10B96549FFF7DE
:10B5B80087BB05A80FF06CFC634C9DF81410634B17
:10B5C80008A8022918BF1C460FF05AFC604A614BB4
:10B5D800002818BF1346BDF816204FF48071CDE936
:10B5E800003230465C4A23460BF0EEF849E55B49E9
:10B5F8000E2228461AF05FF810B95949FFF760BBC8
:10B6080058490F2228461AF056F830B9636983F86A
:10B618008400204612F045F9C8E753490B22284612
:10B628001AF049F850B96369464A93F884104F4BA9
:10B63800002918BF1A461146FFF742BB4C49092298
:10B6480028461AF038F838B9A069036801211B6A3E
:10B6580098474849FFF734BB4749082228461AF05B
:10B668002AF8014630B9A06903681B6A984743491C
:10B67800FFF726BB4249092228461AF01CF830B9C0
:10B68800A06903685B6A98473E49FFF719BBB8F1A0
:10B69800000F37D13C49032228461AF00CF830B97C
:10B6A800A06903689B6A98473849FFF709BB38497E
:10B6B8000D22284619F0FFFF38B96B7B13F0DF0F16
:10B6C80003D1A06903681B6D18E432490B22284690
:10B6D80019F0F1FF38B9EB7A13F0DF0F03D1A06945
:10B6E8000368DB6C0AE42C490A22284619F0E3FFB8
:10B6F80040B9AB7A13F0DF0F04D1A06903689B6CE3
:10B70800FFF7FCBB2549FFF7DBBA00BFB39D020872
:10B718007C8F0208B1B302081DAD020825AD0208EE
:10B7280030AD02083BAD020842AD02084AAD02083E
:10B738003DAD02084CAD020844AD0208FDB3020855
:10B7480052AD0208189C0208B2A90208C09D02085E
:10B75800549E0208519E020861AD020875AD0208A8
:10B7680084AD020898AD0208A8AD0208AD9E020893
:10B77800B4AD0208BEAD0208CCAD0208D5AD0208D2
:10B78800E4AD0208EEAD0208FCAD020800AE020806
:10B7980007AE020815AE020821AE02082CAE020858
:10B7A800014817F007B800BFA85F0208034606481B
:10B7B800026981681278C2F340129A4214BFCB68BA
:10B7C8000B692021184700BFA85F0208014B1870B9
:10B7D800704700BFCF820020014B1878704700BF28
:10B7E800CF820020094B1B787BB1A0F16703052BA2
:10B7F8000BD8DFE803F0030A05070A096C20704735
:10B808006A2070476920704767207047CF82002000
:10B8180010B5F9F731FE08B9FFF7C8FF00F08CF949
:10B828000446F9F719FE01280DD0002C14BFC823CF
:10B838001423C3F57A630A22BDE810400348A3FB2A
:10B84800022307F00BBB1423F3E700BF5846002080
:10B8580070B500F071F90446F9F7FEFD012813D020
:10B86800002C14BFC8251425F9F7D8FD80B9F9F7BD
:10B87800F3FD02280AD003280AD0F9F7FDFD38B9EC
:10B888000120FFF793FF03E01425EDE7002CF4D126
:10B898000A23A5FB03230248BDE8704007F0DEBA7F
:10B8A8002846002010B5FFF77BFFC8B10D48026994
:10B8B8008168136843F0200313600B680A4A052166
:10B8C80098470A490A4817F05BF90A480A4917F0E5
:10B8D80057F9BDE8104006480022002307F0BEBA19
:10B8E80010BD00BFA85F020801000A0059B800088F
:10B8F800584600202846002019B8000810B560B145
:10B90800F9F78CFD48B9FFF74BFF88B1BDE8104047
:10B9180008480022002307F0A1BA064817F03EF9AC
:10B92800054817F03BF9BDE810400020FFF73EBF7F
:10B9380010BD00BF584600202846002010B5044618
:10B9480010485CB117F02AF90F4817F027F90020C2
:10B95800FFF72CFF204600F0F5F810BD17F01CF992
:10B968000028F7D1084817F017F90028F2D1FFF797
:10B9780017FF0028EED000220023024807F06EFAD5
:10B98800E8E700BF5846002028460020024B186010
:10B99800024B1960704700BFA4550020A055002035
:10B9A800014B00221A707047D082002010B54379ED
:10B9B800012B044618D1C088FFF714FF2228A46879
:10B9C80009D10FF04FFA78B1201E18BF0120BDE849
:10B9D800104011F0FFBF3CB1194C23782BB1194826
:10B9E80017F0DCF80023237010BD2E281AD008D8D1
:10B9F800122821D02128F7D15520F7F77BFE0EF029
:10BA080026FA302801D07428F5E70F4B93F8CD407B
:10BA180084F00104204611F0D6FF2046BDE810400E
:10BA2800FCF7BEBA0FF01EFA0028DDD00FF01CFAA2
:10BA380080F00100C0B2CAE7BDE8104011F0C8BFED
:10BA4800D0820020B8460020A855002008B5094932
:10BA5800094817F095F80949094817F091F8094974
:10BA6800094817F08DF8FFF71DFF084B01221A70DF
:10BA7800002008BDDFD90108E8460020A9B9000860
:10BA8800B8460020E1D9010888460020D18200206C
:10BA980010B5094C84F894309DF9083084F8953035
:10BAA800BDF90C30C4F88C0084F89010A4F89220EA
:10BAB800A4F8963010BD00BFA855002010B5094C59
:10BAC80084F89D309DF8083084F89E309DF80C303D
:10BAD80084F89800A4F89A1084F89C2084F89F3081
:10BAE80010BD00BFA8550020024BC3E92801C3F8C8
:10BAF800A8207047A8550020014B188399767047F5
:10BB0800A8550020014BD86100F034B8A855002092
:10BB180008B5014630B11722034819F00CFE024A55
:10BB28000023D37508BD00BFA8550020014B83F83A
:10BB3800AD007047A8550020014B588C704700BFD6
:10BB4800A8550020014B83F8CD007047A855002068
:10BB580008B5064B187017F074F900230A22F5F798
:10BB680045FB034BC3E9000108BD00BFD28200209A
:10BB78001847002038B50FF081F90446C8B90E4DB2
:10BB88002B7813F0FB0F01D1042038BD17F059F9B9
:10BB98000A220023F5F72AFB084AD2E90032C01A24
:10BBA800074B61EB0201834274EB0101ECDB28785F
:10BBB800EBE70120E9E700BFD28200201847002008
:10BBC800002E930208B5024812F009F9002008BDBA
:10BBD80054AE0208014B1B68184700BFB400002090
:10BBE80030B585B004460D4610220021684619F08C
:10BBF8004FFD02238DF802302A46044B019321465B
:10BC080068460BF0BFFA05B030BD00BFDDBB0008C9
:10BC1800014B1860704700BFB400002008B5044607
:10BC2800EFF31183102383F3128815F0F8FC2046F4
:10BC380000F09AFB024812F0D2F812F02FFAFCE753
:10BC480082AE0208034A536823F0020353600020BF
:10BC5800704700BF002004E072B6094B1A6942F031
:10BC680004021A611A6922F010021A6140BF20BF4B
:10BC780020BF00BF00BF30BF00BF00BFF6E700BF56
:10BC880000ED00E0014912F060B900BF99BC00085E
:10BC98000B464168012B01F10C0107D00BD9023B7F
:10BCA800012B8CBF6FF08500002070470548836822
:10BCB8001B6823B11847034883685B68F9E76FF08E
:10BCC80057007047285F0208072810B502D90024DA
:10BCD800204610BD044B53F82040204616F06AFD5C
:10BCE8000028F5D1F3E700BF24710208084B1A6851
:10BCF80042F400721A601A6842F480621A601A6884
:10BD080042F480721A60034B034A1A60704700BFFE
:10BD1800004000588C04002000093D0008B5044B81
:10BD280007229A611A6842F007021A60FFF794FF27
:10BD380000040058014B036000207047447102085A
:10BD480070B5104B1C680D46B4B10F4B1968002331
:10BD58008B4202DB6FF0010070BD224612F8106BB7
:10BD6800864202D001331446F2E7E06816F022FD5D
:10BD780028B12C600020EFE76FF00C00ECE76FF0C3
:10BD88001200E9E7F80000204471020880B5054672
:10BD98000E461746984607F0CDFB034600F036FCE2
:10BDA800DFF81890044649F80030424630463946D4
:10BDB800A84754F8090000F0C5FB00BF08000000C0
:10BDC80008B50348034A0021121A12F03CF908BDCD
:10BDD800F0050020DC8200200748084A084908B519
:10BDE800121A12F032F90748074A0849BDE8084014
:10BDF800121A12F02AB900BF00000020EC0500203A
:10BE080098B80208000000200000002098B8020836
:10BE180070B505460C46D9B111F0DEFFD4E901230F
:10BE28002168144811F0DBFF11F0D6FFD4E9042390
:10BE3800E168114811F0D3FF11F0CEFFE1690F4816
:10BE480011F0CDFF11F0C8FFA1690D4811F0C7FF2F
:10BE5800012D08D1EFF3058611F0BEFF0948A6F1C0
:10BE6800100111F0BCFF21462846BDE8704006F0DD
:10BE7800B5B900BFE3AE020813AF020843AF02082A
:10BE880053AF020882AF020830BFFFF7FDBF00BF03
:10BE98002DE9F0410B4EDFF8308006EB0807CC1B8C
:10BEA800054632460949204619F0CBFBA0194246FF
:10BEB8000021083C19F0ECFBEC6707F10800BDE82D
:10BEC800F08100BF000000002C000000C4630208DD
:10BED8002DE9F843304D80468946174611F07CFF1E
:10BEE8002E4811F07CFFAB6ADB0628D511F074FFF1
:10BEF8002B4811F074FF1124AB6A1E0705D511F009
:10BF08006BFF284811F06BFF1224234EB36A9D077C
:10BF180017D511F061FF244811F061FF756BB36A02
:10BF28001C0636D511F058FF2048294611F057FF56
:10BF3800B9F1000F01D08023B362132403E0102469
:10BF4800DAE76FF01505144EB36AD80705D511F076
:10BF580043FF174811F043FF1424B36AD90602D4EB
:10BF6800B36A9A070BD50C4B5B681B0507D541468E
:10BF7800284600F09FFA10B180F309880224064A87
:10BF8800936A43F0FF03936200233B702046BDE8A9
:10BF9800F8836FF01505D0E700ED00E096AF0208D2
:10BFA800ADAF0208E1AF0208F5AF02080EB0020813
:10BFB80025B0020810B5244C11F00EFF234811F0EB
:10BFC8000EFFA36A99013CD511F006FF204811F035
:10BFD80006FF1E20A36ADA0105D511F0FDFE1D48F3
:10BFE80011F0FDFE1F20184CA36A1B0305D511F0A4
:10BFF800F3FE194811F0F3FE2120A36A590305D571
:10C0080011F0EAFE154811F0EAFE22200E4CA36A50
:10C018009A0305D511F0E0FE114811F0E0FE232047
:10C02800A36ADB0305D511F0D7FE0E4811F0D7FE41
:10C038002420054A936A6FEA03436FEA1343936225
:10C0480010BD1D20C6E700BF00ED00E045B00208A6
:10C058005EB0020872B002088DB00208ACB00208E7
:10C06800D2B00208EDB00208F8B5274C06460D46D6
:10C0780011F0B2FE254811F0B2FEA36ADA0441D5E8
:10C0880011F0AAFE224811F0AAFE1720A36A1B0588
:10C0980005D511F0A1FE1F4811F0A1FE18201A4C79
:10C0A800A36A9F0513D511F097FE1B4811F097FE60
:10C0B800A76BA36A190409D511F08EFE17483946F3
:10C0C80011F08DFE16B14FF40043A36219200E4CF7
:10C0D800A36A5A0505D511F07FFE114811F07FFEBD
:10C0E8001A20A36ADB0505D511F076FE0D4811F07C
:10C0F80076FE1B20044A936A43F47F43936200232D
:10C108002B70F8BD1620C1E700ED00E019B1020858
:10C1180030B10208E1AF020842B102085CB102087E
:10C1280072B102088EB102082DE9F0416A4B5F68CE
:10C138008AB00446C7F30806002585F3118802F083
:10C148007F43B3F17F4F08D102F00C03082B10D1C5
:10C1580011F042FE614811F042FE11F03DFE6048C8
:10C1680011F03DFE002108460AB0BDE8F041FFF796
:10C178004FBE10074CBF0C460125002CEDD04FF0E8
:10C188000008F31E8DF80780092B00F29380DFE882
:10C1980003F00585898191919191918D11F01CFE93
:10C1A8004D4E504811F01BFE8DF80780F36A9A0730
:10C1B80006D511F011FE4C4811F011FE002330E0B5
:10C1C800F36A002B03DA11F007FE4848F4E7F36A34
:10C1D8005B00F3D511F000FE454811F000FE7369CD
:10C1E800A26943F480737361BFF34F8FBFF36F8FFE
:10C1F80032F8023C726922F480727261BFF34F8F89
:10C20800BFF36F8F03F47F42B2F55F4F29D1DBB2E2
:10C21800022B26D111F0E0FD2168364811F0DFFD30
:10C2280023689DF80720CAB902AE04F120072068E8
:10C238006168324603C20834BC421646F7D1099AEF
:10C24800002D45D0C2F3080121B96FEA52226FEAE6
:10C258004222099202A91846FFF7DAFD0AB0BDE8A2
:10C26800F0811D4B9A6AD2B232B10DF10702012159
:10C278002046FFF72DFE0FE09A6A12F47F4F05D093
:10C288000DF107010120FFF7EFFE05E09B6AB3F50A
:10C29800803F93D3FFF78EFE0346C2E70DF10702F6
:10C2A8000021E5E70DF107010020ECE711F094FD0E
:10C2B800114881E711F090FD104B1149114817F40E
:10C2C800F87FA6F1100208BF194611F088FD75E73E
:10C2D8006FF30802BDE700BF00ED00E0D5B102082A
:10C2E80001B202083EB2020856B2020878B2020849
:10C2F80087B20208A7B20208C4B20208A7B10208AE
:10C30800BCB10208E9B20208044B5A6942F01002B3
:10C318005A615A6922F008025A61704700ED00E03C
:10C32800EFF30880EFF3098101B57246FFF7FCFED1
:10C3380001BD00BF0A4880F30888102080F31188E7
:10C3480008484FF40461401880F30988EFF314801B
:10C358000221084380F31488BFF36F8F11F08BFE1E
:10C3680000B7002080950020BFF34F8F0549064B8A
:10C37800CA6802F4E0621343CB60BFF34F8F00BF7B
:10C38800FDE700BF00ED00E00400FA051EF0040F11
:10C398000CBFEFF30880EFF30980816911F8021CE4
:10C3A8000229FFD001B5724611F051FE01BD00BF50
:10C3B80040B2002807DB044A4109012300F01F00AE
:10C3C800834042F82130704700E100E040B2002885
:10C3D8000CDB4309064900F01F002033012282408C
:10C3E80041F82320BFF34F8FBFF36F8F704700BF13
:10C3F80000E100E0054B420900F01F0053F822203D
:10C40800012303FA00F01040704700BF00E100E08C
:10C4180040B2002808DB4309044900F01F0001224C
:10C428006033824041F82320704700BF00E100E0FC
:10C4380040B20028A8BF00F1604001F10101B8BF77
:10C44800064B4FEA0111ACBF00F5614000F00F0048
:10C45800C9B2B4BF195480F80013704714ED00E056
:10C46800044B054A23F07F039360BFF34F8FBFF35C
:10C478006F8F70470000000800ED00E042F8203C94
:10C48800009B42F81C3C0A49019B42F8183C029B5D
:10C4980042F8143C21F001014FF0807342F8043C4B
:10C4A80042F8081C0023203A0265C0F89030704713
:10C4B80095BD0008094A0346906870B113F1160F3C
:10C4C800C06E05D0A0F14002934205D3834203D247
:10C4D800814228BF0020704700207047385B002049
:10C4E80008B515460B4A0C4B9060C26F1A600E4691
:10C4F80000F09EF82C4686F309880020034B9847E5
:10C508002046002100220023014C20479BE001081F
:10C5180095BD0008385B0020D0560020014B102242
:10C528001A61704700ED00E0044B5A699B689A4213
:10C538001EBF034B4FF080525A607047385B002093
:10C5480000ED00E0084B9B6883420AD1EFF30583B6
:10C558003BB1064B4FF080525A605A6A22F40042AF
:10C568005A6216F055BB00BF385B002000ED00E0B2
:10C5780014498A684FF030001044EFF3098C80E8C2
:10C58800F01F102080F312880F4F4FF000664A69A1
:10C598008A603E60D06F0D4C2060D2F89000002376
:10C5A800C2F8903080F3118804B5104600F040F8C6
:10C5B800BDE8044002F1300090E8F01F8CF30988D0
:10C5C80070470000385B002004ED00E0D0560020E2
:10C5D800044800231021C2180133352B82F80013B8
:10C5E800F9D1704700E100E008B5EFF30583064A8A
:10C5F800103B02EBC30152F8330049688847BDE895
:10C608000840FFF791BF00BFE860020801480068D2
:10C6180070470000D0560020024B034A034801210E
:10C6280000F068B8000001200000002068710208CE
:10C63800C36E054A403B1360044B4021C2E9011315
:10C648001046012100F060B8D456002000000B15F8
:10C658002DE9F0411B4F044600268E4202DB1046AE
:10C66800BDE8F081606838B353B100F1FF3C10EACF
:10C678000C0F24D11F2822D925681CEA050F1ED1CA
:10C6880011F019FDD7F890C0D4F808802568CCF3CC
:10C69800072CD2B20CF1FF3C624548EA00000ED8E4
:10C6A80025F01F05154345F0100540F00100C7F8B7
:10C6B8009C500132C7F8A00001360C34CDE76FF06A
:10C6C8001502CCE700ED00E0044B0522C3F89420E6
:10C6D800BFF34F8FBFF36F8F704700BF00ED00E0CF
:10C6E800BFF35F8F024B0022C3F89420704700BF4E
:10C6F80000ED00E010B5034C01232278FFF7A8FFF6
:10C70800207010BDD382002008B50B4A0023127890
:10C71800FFF79EFF10F1160F06D00849D1F89020B8
:10C72800C2F30722904200DB08BDC1F89800C1F8A7
:10C73800A0300130F2E700BFD382002000ED00E016
:10C748002DE9F04F644C6549D4F890300868C3F37C
:10C758000723984285B000F2BB80FFF7C1FF496804
:10C768000022904201F10C0129D1DFF87481DFF831
:10C7780068B188F8000003A8FFF7DCFA98F80040D1
:10C78800039B584D584E594F01904FF000092146D0
:10C79800CA46019A524523D1B9F1000F02D088F850
:10C7A80000100C464C4A0021D2F89030C3F30723FE
:10C7B8009C42C0F28780FFF787FF00204AE051F8CB
:10C7C8000C3C23F01F03134343F01003C4F89C30C0
:10C7D80051F8043C43F00103C4F8A0300132C0E72B
:10C7E800DA686FF31302B2F5000F42D00CD8B2F535
:10C7F800001F32D0B2F5800F35D0B2F5801F15D0AA
:10C808000AF1010A1033C4E7B2F1007F3AD0B2F15D
:10C81800805F3ED0B2F1807FF2D1D3E9012011F0E0
:10C828004AFC40F0885040F4801004E0D3E901202D
:10C8380011F041FC3843DBF890C0CCF3072C0CF125
:10C84800FF3C61452ED9B9F1000F01D088F80010DE
:10C858006FF0150005B0BDE8F08FD3E9012011F0A5
:10C868002AFC2843E7E7D3E9012011F024FC3043F0
:10C87800E1E7D3E9012011F01EFC40F0885040F4B4
:10C888008020D8E7D3E9012011F015FC40F0805052
:10C89800F5E7D3E9012011F00EFC40F0885040F490
:10C8A8000030C8E722F01F020A4342F0100240F0AD
:10C8B80001000131CBF89C20C9B2CBF8A0004FF0A1
:10C8C80001099DE7C2F89840C2F8A01001346BE74F
:10C8D8004FF0FF30BEE700BF00ED00E074710208C2
:10C8E800D3820020000008110000020200000B1192
:10C8F80008B5024B1B689847002008BDE056002089
:10C90800034B044A1860937843F00203937070470E
:10C91800E0560020FC000020094921F0070108B575
:10C9280001F16043B3F5803F08D2C1F1005202F52E
:10C9380080322B2A02D9034811F00BFA002008BDD7
:10C94800EBE00020E456002003484FF0FF324FF0A0
:10C95800FF3305F0D9BE00BF0C010020014805F0E7
:10C9680077BF00BF0C01002038B50546FFF7ECFF84
:10C978000B48036813B965B9002406E02A46082164
:10C9880011F076F904460028F5D0FFF7E7FF2046B6
:10C9980038BDFFF73BFE034B0C221A50ECE700BFF3
:10C9A800E45600200C00000010B50446FFF7CCFF49
:10C9B8002146034811F0DAF8BDE81040FFF7CEBF72
:10C9C800E456002070B5A0FB015434B92846FFF79F
:10C9D800CBFF064640B9304670BDFFF717FE054B42
:10C9E8000C221A500026F6E72A46214618F050FE77
:10C9F800F1E700BF0C000000084B5968024611B16E
:10CA08001968884207D0D86830B1996804488A42C2
:10CA180018BF002070471846704700BFF056002026
:10CA2800F856002002460B46014805F06DBE00BFCF
:10CA380090050020014805F00BBF00BF90050020BD
:10CA48002DE9F74F824608460F469046F4F7FAFB61
:10CA58004FF0FF3183464FF0FF30FFF7E3FF1B4BEA
:10CA68001C684FF000099C4208BF00245B684E46D2
:10CA78005CB9FFF7DFFF36B3CAF80060B8F1000F02
:10CA88001DD1002003B0BDE8F08FA569A94512D8D3
:10CA9800AB4510D3012D03D97A5D2F2A00D052B9A6
:10CAA800E16801932A46384618F033FE019B0028B6
:10CAB80004BFA94626469C42DBD02468D8E7B36960
:10CAC800C8F80030DDE76FF00100DBE72001002047
:10CAD8002DE9F0410446002855D0C568002D52D0F4
:10CAE8000368002B4CD12846F4F7ACFB0746002816
:10CAF80049D02B782F2B46D1244E4FF0FF304FF0E2
:10CB0800FF31FFF78FFF3568D6F80480B54208BFBC
:10CB18000025DDB9A068FFF76FFF58B3D0F804808F
:10CB2800B8F1000F26D0D8F82C3033B320469847F8
:10CB3800051E06DB7368C4E90678C4E900631C6057
:10CB48007460FFF777FF2846BDE8F081AB69BB4208
:10CB580009D122692B699A4209D0E968E0683A4606
:10CB680018F0D7FD18B14545D4D02D68D1E76FF03E
:10CB78000F05E6E76FF00105E3E76FF08505E0E7ED
:10CB88006FF00F05DFE76FF01505DCE720010020E7
:10CB9800F8B500250D6006460F464FF0FF304FF000
:10CBA800FF31FFF73FFF0F4B1C685A689C4208BFD4
:10CBB8002C462B4624B13168994209D0944204D1BD
:10CBC800FFF738FF6FF00100F8BD24680133F1E783
:10CBD800FFF730FFE3683B603368013333600020C0
:10CBE800F2E700BF2001002038B504460D464FF09B
:10CBF800FF304FF0FF31FFF715FF2046FFF7FCFE2F
:10CC080008B143687BB90B4B5A6812B1DA686AB944
:10CC1800012243F8324003EBC20300245D60FFF7B2
:10CC280009FF204638BD6FF07704F8E76FF01B0462
:10CC3800F5E700BFF056002038B131B18B691844D0
:10CC4800024B0278002A08BF184670478D960208E2
:10CC5800F7B504460846D4F8FC30002B57D1130723
:10CC680058D404F1FC01C0B2FFF76AF8002854DB7D
:10CC7800D4F8FC20002A50D0D06800284DD066692E
:10CC8800A569E369002E08BF1026002D08BF1025EE
:10CC980043B9CDE9002324496A4611F01CFF019BE2
:10CCA800002B3DD0626A802B38BF8023002A03D036
:10CCB80004DC4FF0FF3201E04FF40072A06AE16A31
:10CCC800D4F8FCC00028DCF80870C4F800C008BF1D
:10CCD8004FF48070DFF854C0C4F804C00029DFF8AE
:10CCE80050C0B7FBF3F708BF2021C4E90565C4E9C4
:10CCF8000737C4E90A01C4F808C00E49DFF838C08C
:10CD0800C4F80CC021616262002003B0F0BD6FF06E
:10CD18000F00FAE76FF08500F7E76FF01200F4E70D
:10CD28006FF01500F1E700BF37E4010893E401084C
:10CD380077E4010833E4010863E4010810B50368E7
:10CD48005A6D04461AB1196E044815F084FD21681D
:10CD5800034815F0BAFD0023236010BD78050020B4
:10CD680020050020002807DA5430522802D8034B47
:10CD7800185670476FF00400704700BF57B5020897
:10CD8800002805DA5A30582804D8044B185670473A
:10CD9800002070476FF00400704700BFFEB402081F
:10CDA80010B505490120FFF71FFF044610B90348D5
:10CDB800FFF78EFE204610BD94710208280100205E
:10CDC8002DE9F743436804461E698846154601461F
:10CDD80000222448002305F0B5FB014600283ED177
:10CDE80027686422384618F053FCD6F8E4101E4829
:10CDF800896A0022002305F085FB386660B3B946CE
:10CE080049F8540F40466168FFF716FF80463046E0
:10CE180011F049FB2901AB0103F4006301F48071AF
:10CE2800194305F003030B4342463946CDF80090F9
:10CE380006F17C0015F0D3FB054606F5807011F06D
:10CE48003AFB002D02DA2046FFF778FF284603B0A8
:10CE5800BDE8F043FFF786BF6FF00B05F3E703B0BB
:10CE6800BDE8F083200500207805002070B54368F0
:10CE780004461E690D46002201460023144805F0A9
:10CE880061FB014608BB3422206818F001FC616888
:10CE98002846FFF7D1FE0546304611F004FB2A4626
:10CEA800216806F17C0005F0D9F8054606F5807082
:10CEB80011F001FB002D03DA2168054815F005FD86
:10CEC8002846BDE87040FFF74DBF6FF00B0070BDFE
:10CED8004005002070B543681E690446304611F0CD
:10CEE800E2FA216806F17C0015F01DFC054606F5FE
:10CEF800807011F0E0FA2168034815F0E6FC284636
:10CF0800BDE87040FFF72EBF40050020F8B5154B6F
:10CF1800002914BF0D461D46002304461646C5F8D1
:10CF2800FC3005F58077384615F069FD284611F084
:10CF3800BAFA214632462846FFF78AFE044648B91F
:10CF4800294605F17C0004F01DFD041E02DAFFF7F6
:10CF580009FF044600233846C5F8FC3011F0ABFA47
:10CF68002046F8BD600200202DE9F34707460D462C
:10CF780014461A4815F01EFC90B96FF0120054BB05
:10CF8800AC4227D22E1B042E28BF042614F043FBE4
:10CF98003246019001A9381918F053FB3444EFE7E1
:10CFA8000026DFF838A030464FF6FF790EE078B952
:10CFB800A5EB0608C84528BFC846DAF80830074870
:10CFC8001B68B9191FFA88F298474644AE42EED357
:10CFD8000028D4DB002002B0BDE8F0870860020812
:10CFE80030B585B00D4C01900D4D9DF820008DF8A1
:10CFF80008008DF80910ADF80A200393AC4202D35B
:10D00800002005B030BD236813B1019A934203D1C3
:10D01800D4E9013101A898470C34EFE7B863020856
:10D02800C463020807B5084A92E80300CDE9000185
:10D0380006488268126822B16946904703B05DF8D5
:10D0480004FB6FF05700F9E7C8630208285F02087D
:10D058003F280DD800F01F0201239340054A1F28DE
:10D0680094BFD268D26A93430CBF01200020704756
:10D07800002070470008005800F01F0201233F28D5
:10D0880003FA02F307D81F28044A02D8D360002005
:10D098007047D362FBE76FF015007047000800582F
:10D0A800044B1844002301338B4200F8012BFADBB0
:10D0B800704700BFBC0400202DE9F041104F054621
:10D0C80000264FF001086B78F4B2A34201D8BDE8FE
:10D0D800F0812B781C442046FFF7BAFF68B1204640
:10D0E800FFF7CAFF57F834303BB107EBC40204F02E
:10D0F8001F04516808FA04F098470136E3E700BFB7
:10D10800C0590020034670B1B0FA80F2C2F11F0284
:10D11800D2B206498856064AD2F880100B43C2F8A4
:10D128008030FFF745B9FF22F3E700BFBC040020B9
:10D1380000080058034AD2F8803023EA0003C2F8F6
:10D148008030704700080058032921D8DFE801F033
:10D15800020C10190F4B1A6822EA00021A605A686A
:10D1680022EA00025A6070470A4B1A680243F5E740
:10D17800084B5A6802435A601A6822EA00021A6089
:10D188007047044B1A6802431A605A681043586083
:10D19800704700BF0008005830B5B0B1B0FA80F34E
:10D1A800C3F11F03DBB20B4850F833408C4204D163
:10D1B80000EBC3056D68954205D044B940F83310BB
:10D1C80000EBC3004260002030BDFF23EBE76FF0A7
:10D1D8000F00F9E7C059002060B1B0FA80F3C3F13D
:10D1E8001F03DBB2044A002142F8331002EBC302EA
:10D1F80051607047FF23F5E7C059002000F0030293
:10D20800043292000F23934043EA900000F0030396
:10D218000233064A52F82320030C02EA104093FA1C
:10D22800A3F3B3FA83F3D840704700BF000001406E
:10D238000B88C3F30B03082B13D813B96FF08500C1
:10D248007047023B032B17D8DFE803F022022219AC
:10D258004FF4FA4313600968B1F5805F1AD20020D1
:10D26800704703F6B873C3F30B031C2BE6D80D48BD
:10D2780020FA03F3DB07E1D50B4B1B68EAE74FF015
:10D28800B0430A481B68C3F3031350F82330E1E79F
:10D298000023DFE7C1F313310131B3FBF1F313606E
:10D2A800DDE700BF110111118C040020487302084A
:10D2B80070B5344C4FF0B04611F0CFFB204611F05A
:10D2C800CBFB02F03DFBD6F808312F4A03F00F03E1
:10D2D80052F823501368B0FBF5F5B4FBF3F4A542FC
:10D2E80002D2204602F09AFBD6F8943043F00103AC
:10D2F800C6F894304FF0B043D3F894209107FBD58B
:10D308001A6842F008021A601A6822F0F00242F025
:10D31800B0021A605A6822F47F425A601A6892076B
:10D3280008D41A6842F001021A604FF0B04213683C
:10D338009B07FCD54FF0B0439A6822F0F0029A6040
:10D348009A6822F003029A609A6812F00C0FFBD1D7
:10D35800A54202D3204602F061FB0C4B094A1A6031
:10D368004FF0B04300209A6822F4E0629A609A680D
:10D3780022F460529A60D3F8082122F00F02C3F811
:10D38800082170BD006CDC02887302088C04002040
:10D3980008B5074815F00EFA38B10648FFF7B0FA95
:10D3A8000448FEF735FC002008BD6FF01200FBE7CB
:10D3B80048600208C1D300080A2838B5074D04465A
:10D3C80004D1AB680D215B6828469847AB680348D1
:10D3D8005B68E1B29847204638BD00BF4860020844
:10D3E80038B50E4B1C68EFF31185102282F31288B2
:10D3F8000B49CA6C501CC8646AB9D3E90101836837
:10D408001B6803B19847236843F00403236023682B
:10D4180043F00803236085F3118838BD8403002096
:10D42800405A002010B5EFF31182102383F31288BD
:10D43800074BBFF35B8F012153E8000F43E800144B
:10D44800002CF9D1BFF35B8F82F3118810BD00BFA8
:10D45800885A002038B5124B1968EFF3118410224E
:10D4680082F312880F48C26C551E012AC56402D087
:10D4780084F3118838BD0A6822F004020A604FF06C
:10D48800B042126DD10303D5074A1268D207EFD410
:10D49800D3E9010183685B68002BE9D09847E7E787
:10D4A80084030020405A00200020005810B501468F
:10D4B800EFF31184102383F31288184B5A6852062D
:10D4C80006D4164A5368DB071BD46FF00A0015E030
:10D4D8001A6842F080421A601A6822F080421A6084
:10D4E8000A221868400005D45868400602D45868D3
:10D4F8004007E6D5013AF4D16FF0040084F31188AF
:10D5080010BD53689B07F7D4506810F04000F3D162
:10D5180093680B60002BF1D1D7E700BF00100058CB
:10D5280073B54568046901221146204615F06FFA63
:10D538000122002104F1180015F069FA3A4904F1B2
:10D54800300015F007FB072384F86930042384F8BA
:10D558006A300F23002284F854300C2384F85530A5
:10D568001146342084F8662084F8672084F86820FF
:10D5780084F8512084F8522084F85320FEF758FF8D
:10D58800D5E9010183681B68002B42D098470446FF
:10D59800002843D1D5E9010183689B690831002B34
:10D5A80037D0224698470446002837D11F4B2048D9
:10D5B8001A682049196122F07C4222F0FF02824257
:10D5C8001E6903D14AF67420864213D0186820EAEF
:10D5D8000200194A02431A604AF674221961196155
:10D5E80019611A611A6822F080421A600F4A13689A
:10D5F8005B00FCD4D5E901018368DB68083183B19D
:10D6080001AA984768B9019B002B08BF6FF08504F1
:10D6180001E06FF05704204602B070BD002CFADB21
:10D62800E8E76FF00404F6E771EA01080010005813
:10D63800000DF000BC0A5917000DF04008B50A4B60
:10D64800BFF35B8F012153E8002F43E80010002847
:10D65800F9D1BFF35B8F32B9FFF7C2FEBDE80840CE
:10D668003420FEF7A5BE08BD845A0020F8B583789B
:10D67800C678EFF3118E102484F31288057890F899
:10D6880001C05B1B33409A4288BF9AB2AF1837403B
:10D698002C4607708EF311888F188F421CD1654570
:10D6A80008D1EFF31181102484F3128804784470B0
:10D6B80081F3118801799B1A994294B20AD3FFF732
:10D6C800B1FE15F07EFA80B1094B186C03F13001F8
:10D6D80015F054FA2046F8BD00EB040E01349EF80C
:10D6E80005E001F801EB3440D7E7FFF7A7FFF1E7C2
:10D6F800405A00202DE9F743D8078846144605D438
:10D708002848FFF7B3FF03B0BDE8F08352B33420D5
:10D71800FEF770FEDFF8909007463420FEF756FEBD
:10D72800FFF75EFED9F80430590711D4D9F8043050
:10D738005A060DD43420FEF76BFE2546D9F804307E
:10D74800DB0711D4BFF34F8F20BF40BF20BFF5E7E1
:10D7580001A8FFF7ABFE0024FFF77CFE17B13420C9
:10D76800FEF726FE2046CEE701A8FFF79FFE0646F5
:10D778003420FEF74DFE8EB92A1F019B92B2002D70
:10D78800EAD0AA4203D1002ED8D00193D6E7013DB2
:10D79800ADB2012608F805301B0AF0E7002DCDD1FF
:10D7A800DAE700BF915A00200010005870B50D4606
:10D7B80014460CB9204670BD4FF0FF324FF0FF33CE
:10D7C8000B4805F017F90B4822462946FFF74EFF8C
:10D7D800064630B908484FF0FF324FF0FF3305F0E6
:10D7E80009F90348A41B05F0CDF8A4B23544E0E7D5
:10D7F800405A0020A65A0020585A002008B5044B69
:10D80800044A1A64FFF70EFEFFF718FF002008BD50
:10D81800405A0020E84B00202DE9F74301A8FFF704
:10D8280045FE00285ED1354B019993F8532093F8B3
:10D8380054C093F852E0042780460446A2EB0E0534
:10D848003CEA05055FFA81F939D193F8684093F805
:10D85800676093F86950A61B35EA060645D108B1FA
:10D8680083F85320B8F1000F00D001913420FEF75F
:10D87800ADFDFFF7EFFDEFF31181102383F312885D
:10D888001F4BBFF35B8F002253E8000F43E80024CF
:10D89800002CF9D1BFF35B8FBFF35B8F043B53E8D8
:10D8A800000F43E80024002CF9D1BFF35B8F81F30C
:10D8B8001188144803B0BDE8F04305F063B8981820
:10D8C800013280F856900CEA02020120013F4FEA2B
:10D8D80011214FF00108B1D108B183F8532001910B
:10D8E800002CE6D103B0BDE8F0831E1901342540B1
:10D8F80086F86B9083F868500124E7E7405A0020C7
:10D90800885A0020585A002000487047E0710208E1
:10D91800044BB3F8E0359B020B6000234B601846BC
:10D92800704700BF0070FF1F38B5036905461C68C3
:10D9380049B111F042F958B12869043005F022F8CC
:10D948006FF0040038BD6369002B06DB0020F9E79F
:10D95800636943F000436361F8E7034BA36003F195
:10D968008833A360F2E700BF23016745074B1868B7
:10D9780040B90748D0F8E005C0F34E0018604FF4EE
:10D98800006058600B60012313607047B45A002090
:10D998000070FF1F2DE9F843D0F804900746D9F826
:10D9A800080090460D461E4610F0B3FFB8F5001F5C
:10D9B800044616D12846D9F80840FFF71FFC8442D0
:10D9C8000CD1294610F0A5FF0446FFF7B3FB20460B
:10D9D800FFF702FC00212046FFF7B6FB0020BDE858
:10D9E800F883B8F5800F20D0B6F1806F19D0B6F162
:10D9F800C06F18D0B6F1007F1AD102260F493A46F7
:10DA08002046FFF7C9FBB0B9D9F80810284610F02E
:10DA180085FF20463146FFF797FB2046FFF772FB4C
:10DA2800DCE70126EAE70326E8E76FF08500D6E79A
:10DA38006FF01500D3E76FF00F00D0E73BEF010858
:10DA48001FB50C4BD3F8982512BA0192D3F8942538
:10DA580012BA02920C29D3F8903528BF0C211BBAB0
:10DA68000C460A4601A9039317F0EBFD204604B0C3
:10DA780010BD00BF0070FF1F4FF0B042D2F89430C5
:10DA8800D2F89410D2F89420C3F300735B004901D4
:10DA980048BF43F0010392004FF0B04248BF43F043
:10DAA8001003D2F89410D2F89420490048BF43F0EC
:10DAB800100311014FF0B04248BF43F00403D2F8FD
:10DAC8009420002A064AD2F88820B8BF43F0800381
:10DAD800D20548BF43F0800303600020704700BFB1
:10DAE800000400584FF0B0420020D2F8943043F4BC
:10DAF8000003C2F89430024B0122C3F88820704713
:10DB0800000400582DE9F0410546446806694FF0C5
:10DB1800FF320021304614F07AFF4FF000082368E6
:10DB28002846984706F1180786F8608086F86280CC
:10DB380001221146384614F06AFF284600F054F8CE
:10DB4800A368012B2FD82469224B9C423BD01ED8B6
:10DB5800214B9C4239D0214BE31A5C425C41A40022
:10DB68004FF0FF324FF0FF33384604F043FF44F0E4
:10DB78001001284600F066F80446384604F002FF13
:10DB8800002CA2BF012386F86030002413E0144B58
:10DB98009C421CD003F5C31303F520639C420CBFC1
:10DBA8000A240024DCE70F48616883689B69083110
:10DBB80023B96FF004042046BDE8F0814246984737
:10DBC8000028C0DAF5E70624CAE70224C8E70824D3
:10DBD800C6E700BF40420F00A0860100801A060079
:10DBE80040E13300285F020810B544680021206A2C
:10DBF80011F046FA002808DB0448616883681B684E
:10DC08000BB1984708B16FF0040010BD285F0208F7
:10DC180010B544680A48616883685B685BB19847D7
:10DC2800002807DB206A012111F02AFA831C05D09D
:10DC380000EAE07010BD6FF05700FBE70020F9E73D
:10DC4800285F0208F7B50446426806691748D56890
:10DC58000023019383680F4651689268DB68012AA4
:10DC680088BF08311BB96FF0040003B0F0BD01AAEA
:10DC780098470028F7DB37632B6823F001032B60F4
:10DC880096F86210204611F0D9F90199204600F063
:10DC98000FF80028E9DB96F861300BB90020E4E7BB
:10DCA8002B6843F001032B60F8E700BF285F0208E8
:10DCB8002DE9F74F446803690193E568A36ADFF823
:10DCC8000881DFF80891DFF808A1DFF808B10093B0
:10DCD8000020009B8342019B1A6B34D1C2F342029D
:10DCE800012A61D0022A6BD140F2145E4FF4167CEF
:10DCF8004FF4FA7740F27716374B0220421EB1FBF9
:10DD0800F2F2B3FBF2F2BCFBF2F4013CFF2C54D864
:10DD1800BEFBF2F808F1FF38B8F1FF0F4DD8B6FB9B
:10DD2800F2F9B9F10F0F48D8B7FBF2F2013A0F2A0E
:10DD380043D8023848EA094343EA007343EA0253E6
:10DD480043EA04231CE00C23D4F824C0DFF88CE059
:10DD580003FB00F70CEB0706736873451CD014D857
:10DD680053451BD05B4514BF002301239B00534040
:10DD780013F00E0F16D15CF807308B4212D1B3683E
:10DD88002B61002003B0BDE8F08F434508D04B4518
:10DD98000CBF0A230023EAE70623E8E70223E6E7A5
:10DDA8000823E4E7013094E741F25C2E4FF47A6CE3
:10DDB80040F2E2474FF4FA769EE7013011289DD1F0
:10DDC8006FF01500DEE700BF40E13300404B4C0028
:10DDD800A0860100801A060000CA9A3B40420F0044
:10DDE80010B403460C46DA880068197902F040023C
:10DDF800224383689C6944B11F290AD8064BA4466C
:10DE0800134010BC02F0B07260476FF0570010BCAE
:10DE180070476FF01500FAE740000006F0B550F8BB
:10DE2800185C6B682A69DC6885B0BFF35B8F126881
:10DE3800BFF35B8F012A23D06B68124A9E68DF68A4
:10DE48001838041BE11001FB0266304611F07EFA17
:10DE5800031E15DB3A1992F910108B4210D0137477
:10DE68004FF0FF304FF0FF313289003BCDE902011E
:10DE78004FF00101009118BF01232846FFF7B0F8C1
:10DE880005B0F0BDACAAAAAA2DE9F74F4468E66828
:10DE980018368046354600274FF00C0B6368BB42A6
:10DEA80004DC637D002B49D1002044E0A268019284
:10DEB8000BFB07FA02EB0A0952F80A0014F07AFC85
:10DEC800002843D0019A99F8041052F80A00B9F8CA
:10DED800062042F4803211F018FA60BB45F8188C1D
:10DEE8002169284614F04CFE627D12B1013748358D
:10DEF800D4E7A16801EB0A09012399F8042003FA81
:10DF080002F2154B45E9043251F80A008368DB69CF
:10DF1800A5F11401EBB10122984700280BDB484614
:10DF280011F014FA4FF0E86105F8080C4846FFF7BD
:10DF380057FF0028DADA03B0BDE8F08F22680A2319
:10DF4800A2FB0323304604F089FFADE76FF012000F
:10DF5800F1E76FF05700EEE77FF3010829282DD08D
:10DF680010D80F2824D006D8072819D00A281CD082
:10DF78006FF01500704714281DD01F28F8D147F6F8
:10DF880012230FE0FA281FD005D83E2819D07D2883
:10DF9800EED10E4B06E0B0F5FA7FE9D10C4B01E06B
:10DFA80041F682630B600020704742F6B403F9E73C
:10DFB80043F60E53F6E745F25E13F3E74AF2C6233B
:10DFC800F0E74FF22443EDE7024BEBE748E80100A6
:10DFD80020A1070090D0030013B5044601A9008EC4
:10DFE800FFF7BCFF08B100230193019AD2B194F85E
:10DFF8003230591F072915D8A18E0C48083199408D
:10E00800A1FB00010023F3F7F1F840F2E733C01851
:10E018004FF47A724FF0000341F10001F3F7E6F88C
:10E0280002B010BD4FF47A70FAE700BF40420F000B
:10E0380013B5044601A9008EFFF790FF08B100232D
:10E048000193019A1AB394F83230591F07291ED840
:10E05800981E800040F61B01B1FBF0F101310D481C
:10E06800C9009940A1FB00010023F3F7BFF840F273
:10E07800E733C0184FF47A724FF0000341F1000102
:10E08800F3F7B4F800EB9000643002B010BD47F22B
:10E098003050FAE740420F0013B590F83D2090F851
:10E0A8003240008E002A01A908BF0222FFF756FF5E
:10E0B80098B9631F072B10D80948019BA040B0FBF3
:10E0C800F3F04FF47A7302FB0000B0FBF3F0643016
:10E0D800C82838BFC82002B010BDC820FBE700BF61
:10E0E80040420F00134B994207B516D8124B99427C
:10E0F80016D8124B994216D8114B994216D86B2252
:10E108006F238DF804208DF8053001AA0223982189
:10E1180012F012FD03B05DF804FBE122E923F0E7F9
:10E12800D722DB23EDE7C122C523EAE77522812345
:10E13800E7E700BF00E9A43580F8A9328044E52D5F
:10E14800000B6B1B73B5254A254E264D0369B1425A
:10E1580098BF154640F69C01EA7883F8C722012348
:10E168000DF10702044612F05CFD002834DB9DF82F
:10E1780007302A7823F01F0302F01F0213438DF89B
:10E1880007300DF10702012340F69C01204612F0EA
:10E198001EFD002820DB6B788DF807300DF1070293
:10E1A800012340F69D01204612F011FD002813DBE3
:10E1B800AB788DF807300DF10702012340F6B9015D
:10E1C800204612F004FD002806DB07232A1D40F62E
:10E1D800F501204612F0FBFC02B070BDC8B502087C
:10E1E800FF45C323D3B5020810B50649044612F00B
:10E1F800BFFD002804DB204612F07FFC00EAE07037
:10E2080010BD00BF25F5010813B5002A0C4601A969
:10E2180008BF0222FFF7A2FE08B1002301930C2CCD
:10E2280028BF0C2401990E48052C38BF05248142CB
:10E23800A4F1050307D90B49C85C072A0BD9023892
:10E24800C0B202B010BD0848C05C084B994298BFE4
:10E2580000F1FF30F1E7032A88BF00F1FF30EFE754
:10E268001FA10700C0B50208B8B5020847E80100B9
:10E2780038B50C4621B1012915D06FF0850038BD9D
:10E28800456805F1240011F0F3F905F12C0011F0AF
:10E29800EFF905F1340011F0EBF905F13C0011F04C
:10E2A800E7F92046EBE74468124A4FF4B01104F14D
:10E2B800240012F0F2FB0028E1DB0F4A4FF4B01102
:10E2C80004F12C0012F0E9FB0028D8DB0B4A4FF4CC
:10E2D800B01104F1340012F0E0FB0028CFDB084A4B
:10E2E8004FF4B01104F13C0012F0D7FB00EAE070E3
:10E2F800C5E700BF75B3020884B302088EB30208ED
:10E3080098B302082DE9F74F0669824696F840004F
:10E318000A46002844D0B6F830B069465846FFF798
:10E328001DFE214B96F83280B58E009F03FA08F93E
:10E33800DAF80430B9FBF7F793F84B300435BC082A
:10E3480063B901A95846FFF709FE019BB9FBF3F928
:10E3580043F6FC73994594BF0023012396F83BC00C
:10E36800D1008CF0010C1C3101EB0C11A1EB8801E0
:10E37800A8EB430321EAE171980001EB830196F8C9
:10E3880033300433013991FBF0F103FB01550835B3
:10E3980004F5FA7007FB05004FF47A73B0FBF3F04D
:10E3A80003B0BDE8F08F00BF40420F002DE9FF47E2
:10E3B8000769BFF35B8F1E4605468846924607F1FC
:10E3C8001409022359E8002F002A03D149E8003133
:10E3D8000029F7D1BFF35B8F59D118374FF0FF32BF
:10E3E8004FF0FF33384611F097F82846FFF7FCFE48
:10E3F8000446002840D1274A019000234FEA48608C
:10E408004FEAD811F2F7F2FE00BA0390042303AAE8
:10E418008621284612F090FB041E2ADB052342467B
:10E428005146284612F0BCFC041E22DB012211468C
:10E43800284611F07FF9019BD1211A46284612F08F
:10E448007BFB041E15DB384611F0AAF94FF47A73EA
:10E4580003FB06F00A21A0FB010104F0F3FF4FF0D3
:10E46800FF324FF0FF33384611F056F8284611F0C6
:10E47800F2F8284611F0FFFB384611F091F9002117
:10E48800484611F08FF9204604B0BDE8F0876FF0D8
:10E498000F04F8E70048E8012DE9F04F046985B05A
:10E4A80094F840B00091054692460193BBF1000FE5
:10E4B80000F05781FF2A00F25481BFF35B8F04F10B
:10E4C8001406022356E8002F002A03D146E800313B
:10E4D8000029F7D1BFF35B8F0FD0BFF35B8F56E8EE
:10E4E800002F032A03D146E800310029F7D1BFF3F2
:10E4F8005B8F04D06FF00F0819E04FF0000B204637
:10E5080004F1180711F059F94FF0FF324FF0FF33BB
:10E51800384611F001F82846FFF766FE804650B1EC
:10E52800384611F03DF90021304611F03BF94046DC
:10E5380005B0BDE8F08F94F83C30022B40F0B08075
:10E54800384611F02DF94146304611F02BF9204696
:10E55800FFF7A2FD0A23A0FB0323284611F0FEF9CA
:10E56800B0F1000925DD4FF0FF324FF0FF33384698
:10E5780010F0D2FFBBF1000F14D0D4F8E0318BB10A
:10E58800BFF35B8F032356E8002F002A03D146E828
:10E5980000310029F7D1BFF35B8F03D1214628460C
:10E5A80011F0A7FA384611F0FBF86FF00F09C846CA
:10E5B800BDE725D019F1580F22D04FF0FF324FF0A8
:10E5C800FF33384610F0A8FFBBF1000F14D0D4F881
:10E5D800E0318BB1BFF35B8F032356E8002F002A8D
:10E5E80003D146E800310029F7D1BFF35B8F03D18F
:10E5F8002146284611F07DFA384611F0D1F8D6E7C1
:10E608000223BFF35B8F56E8002F002A03D146E8A8
:10E6180000310029F7D1BFF35B8F4FF0FF324FF085
:10E62800FF33384614D010F077FFBBF1000FB9D094
:10E63800D4F8E031002BB5D0BFF35B8F032356E845
:10E64800002F002AA7D146E800310029A3D0F6E719
:10E6580010F062FF2846FFF7C7FD814600B3384631
:10E6680011F09EF83046002111F09CF84FF0FF326F
:10E678004FF0FF33384610F04FFFBBF1000FBBD00F
:10E68800D4F8E031002BB7D0BFF35B8F032356E8F3
:10E69800002F002AA9D146E800310029A5D0F6E7C5
:10E6A800019BC4F8F43104F16C0014F073F95FFABB
:10E6B8008AF1284610F0A6FF061E47DB009A53464B
:10E6C8000021284612F0D2FA061E3FDB218EA1F562
:10E6D800FA7359425941284610F03EFF061E35DBB1
:10E6E80001221146284611F025F8E26A94F93610FD
:10E6F8000523284612F054FB061E27DB5146284600
:10E70800FFF700FE184B00EB900000F5FA709842F6
:10E7180028BF184642F21073984238BF1846830142
:10E72800C0F38F22C0F387008DF80C208DF80D0000
:10E738008DF80E3003AA03238321284612F0FCF932
:10E74800061E03DB384611F02BF8F0E60023C4F868
:10E75800F431284611F08FFA384611F021F8B04606
:10E76800E5E66FF01508E2E6FFFF030037B5002382
:10E7780005690446FFF790FE80B90A4A002301A9FB
:10E7880005F16C0003F068FF002809DA204610F054
:10E7980062FF204611F06FFA6FF0730003B030BDCE
:10E7A8000198FBE7F0490200F0B50446056947689F
:10E7B80089B005F1180014F022F905F1A00105F15E
:10E7C8006C000123042214F0CAF80123082205F181
:10E7D800D80105F1A40014F0C2F86B4905F5FC70E6
:10E7E80014F0B8F90122002105F5467014F00FF96C
:10E7F8000026012105F11400C5F8C04210F0D2FF2F
:10E80800314605F5F470C5E9786685F8406010F082
:10E81800C9FF284685F8C46210F0CFFF97F8493041
:10E8280085F8C532252385F8C732314605F543708A
:10E8380010F0B8FF554905F5367014F0A1F9544B9E
:10E84800059305AB534985F808634FF4206200939C
:10E8580005F502704FF0FF33CDE9066604F064FA5F
:10E86800204600F0E5F90028C0F286804A49204693
:10E8780012F07EFA00287FDB2046656812F05AFA0B
:10E88800002879DB204610F0E6FE002874DB95F8B6
:10E898004830002B4FD195F84730002B6ED195F8B2
:10E8A8004A3083F001038DF80C3003AA0123962126
:10E8B800204612F041F900285EDB0025022303AA56
:10E8C8008F212046ADF80C5012F036F9002853DBA2
:10E8D80040238DF80C3003AA01239321204612F01F
:10E8E8002BF9002848DB0121204611F0A5F9002862
:10E8F80042DB2A4BCDE90335082303AA19462046F3
:10E9080012F01AF9002837DB40F2FF31204610F0E8
:10E91800F1FD002830DB40F6AC01204610F0BDFECA
:10E9280040F68901204610F0B8FE204611F0A3F900
:10E9380000EAE07020E0B5F8443095F846108DF80C
:10E948000C109A019B0A8DF80D3053BAADF80E30B1
:10E9580003AA04239721204612F0EEF800280BDBC7
:10E968007F238DF80B300DF10B02012389212046FE
:10E9780012F0E2F800288EDA09B0F0BD204610F057
:10E9880050FE00288BDAF7E74B02020865FB010806
:10E99800A7B30208408B002025F5010803F703D32D
:10E9A80073B505460C461646FFF79CFB002819DB95
:10E9B8000D4A00236006E109F2F718FC042300BAA7
:10E9C80001900DEB03028621284612F0B5F80028C5
:10E9D80008DB052322463146284602B0BDE87040D0
:10E9E80012F0DEB902B070BD0048E8012DE9F3412C
:10E9F800884606694768054601A9B8F8040010F07A
:10EA080048FD002840F09B80284611F0FFFD044691
:10EA1800002840F09680434606F12C0208F11401C4
:10EA280053F8040B42F8040B8B42F9D198F80630DE
:10EA3800053B012B04D8B38E0B2B9CBF0C23B3864C
:10EA48000121284611F0F8F8041E70DB98F90A2015
:10EA5800D8F800102846FFF7A3FF041E67DBD8F894
:10EA680000102846FFF76EFB041E60DBB8F8044070
:10EA78000DF10301204610F00CFD97F84B3098F883
:10EA8800062073B901A92046FFF768FA344B0199AB
:10EA98009340B3FBF1F343F6FC718B4294BF002320
:10EAA80001239DF8030098F807108DF80730042318
:10EAB8008DF804208DF805008DF806100DEB030283
:10EAC8008B21284612F038F8041E30DBB8F8041001
:10EAD800A1F5FA7359425941284610F03DFD041E2C
:10EAE80025DB98F80B2082B31E4B03EA02231201A0
:10EAF800D2B2134343F4806343F004035BBAADF826
:10EB0800043001AA02234FF4E861284612F05FF8A6
:10EB1800041E0CDB97F84910284611F099F8041EDA
:10EB2800A1BF002386F86830012386F840302846C4
:10EB380011F0A1F806F1180010F032FE01E06FF0B4
:10EB48001504204602B0BDE8F08198F80E1041F295
:10EB5800244343F24442002918BF1346CEE700BFBE
:10EB680040420F0000F0FFFFF8B504460D4612F0D2
:10EB780052FD4BF67F370646204600F051F890B11B
:10EB880012F049FD831BBB4209D94BF680335D4324
:10EB980012F041FDA5F53B47803F064609E00A20F3
:10EBA80013F0D9FDE8E70020F8BD0A20002104F0A1
:10EBB80049FC204600F034F80028F4D012F02BFD70
:10EBC800801BB842F1D3204611F097FF12F023FDC5
:10EBD800124F064602E00A2013F0BDFD204600F061
:10EBE8001FF80028DFD012F016FD801BB842F2D9BA
:10EBF80012F011FD064603E00A20002104F022FC71
:10EC0800204600F00DF80028CDD012F004FD801B3E
:10EC18008542F1D86FF07300C6E700BFFF760100A8
:10EC2800024B5869C0F34000704700BF0004005809
:10EC380010B50369446818610022DA60206813F08F
:10EC4800B9FD10B96FF0120010BD237E83BB0022FE
:10EC580011463220FDF7ECFB184AD2F8903043F405
:10EC68008053C2F890304FF4B011154A04F12400D3
:10EC780011F013FF0028E7DB124A4FF4B01104F13A
:10EC88002C0011F00AFF0028DEDB0F4A4FF4B01108
:10EC980004F1340011F001FF0028D5DB0B4A4FF4D2
:10ECA800B01104F13C0011F0F8FE00EAE070CBE787
:10ECB800E06813F07FFD0028C9D1C3E700080058B9
:10ECC80075B3020884B302088EB3020898B3020829
:10ECD80043681B6803F1080252E8002F42F0010262
:10ECE80003F1080040E800210029F3D1094A9342C2
:10ECF80003D0A2F57442934203D15A6842F040020D
:10ED08005A6053E8002F42F4807243E8002100293A
:10ED1800F7D170470038014043681B6803F10802C7
:10ED280052E8002F22F0010203F1080040E8002118
:10ED38000029F3D1094A934203D0A2F574429342C1
:10ED480003D15A6822F040025A6053E8002F22F497
:10ED5800807243E800210029F7D17047003801404C
:10ED68002DE9F84F05460C792B694068D3F80080E7
:10ED7800012C0E4619D0A71ED7F1000949EB070947
:10ED88004FEA89297379022B9CBF4C4A32F81370D9
:10ED9800B37988BF4FF40057022B09D0042B34D025
:10EDA800003C18BF0124240306E04FF4C069E9E7DA
:10EDB800B4FA84F46409240796F807B0BBF1010F8C
:10EDC8000CBF4FF4407A4FF0000AB04520D10268DA
:10EDD800136823F0805323F4B05343EA0903234311
:10EDE8001360536823F440533B4353606B681A68BD
:10EDF800936823F4407343EA0A039360D8F8001039
:10EE08006868BDE8F84F12F057B94FF48054D3E75B
:10EE18003168D8F80030994206D012F04DF9002830
:10EE280049D13368C8F800306B681A68136803F46E
:10EE3800C06399451FBF136823F4C06343EA0903FD
:10EE480013606B681A68536803F440539F421FBFEE
:10EE5800536823F440533B4353606B681A68136844
:10EE680003F010239C421FBF136823F01023234391
:10EE780013606B681A68936803F440739A451FBF60
:10EE8800936823F4407343EA0A0393606B681B6832
:10EE9800ABF103009A684142C2F3803241418A4291
:10EEA80008D09A68BBF1030F0CBF42F4804222F4E9
:10EEB80080429A600020BDE8F88F00BFD28A02081D
:10EEC800F8B5456803692C681F68236823F00103B7
:10EED80023600646A86813F06DFC002866D0D5E9C3
:10EEE80002018368DB6803B1984754E8003F43F0A8
:10EEF8000C0344E80032002AF7D139463046FFF7C0
:10EF08002FFF10B16FF01500F8BD2B7E1BB1A36861
:10EF180043F00803A3606B7E1BB1636843F40043AE
:10EF28006360AB7E1BB1636843F480336360EB7E40
:10EF38001BB1636843F4003363602B7F23B31D4B1D
:10EF48009C4207D0A3F574439C4203D003F5705349
:10EF58009C42D7D173681A68936843F480439360DE
:10EF680023686A7F23F0787343EA42532360236857
:10EF7800AA7F23F4F81343EA02432360EB7F1BB113
:10EF8800A36843F40043A36095F820301BB12368BD
:10EF980043F000532360236843F001032360E369CF
:10EFA8009A02FCD5E3695B02FCD5ADE76FF012006D
:10EFB800AAE700BF003801402DE9F04143681C680A
:10EFC80003691E680B79012B02460D4617D0981E5F
:10EFD80041424141890295F805E0AF79BEF1020F3F
:10EFE80096BF31484FF4005C30F81EC0022F09D09C
:10EFF800042F01D0002B45D04FF4805004E04FF48B
:10F00800C061E8E76BB10020A3F10308B8F1010F74
:10F0180002D943B1042F06D16FF085031846BDE825
:10F02800F0814FF08050BCF5805F2DD0BCF5405F7B
:10F038002CD0BCF1000F0CBF012303239E45EBD15C
:10F0480011F0A3FF8742E7D1EB7963B1012B1FD100
:10F05800164B9C4207D0A3F574439C4203D003F59A
:10F0680070539C42D8D1236823F0010323602946BA
:10F078001046FFF775FE034668B1236843F00103A5
:10F088002360C9E71846CEE70023D7E70223D5E770
:10F09800032BDDD0C0E7226842F00102226095E828
:10F0A800030086E80300B9E7D28A02080038014065
:10F0B80010B50446006903691BB94360083003F0C2
:10F0C80061FC20460249BDE810400EF03EBF00BF7B
:10F0D80001F10008037E5B0707D5064BD3F89020A3
:10F0E80021B122F40042C3F89020704742F4004254
:10F0F800F9E700BF0004005870B5054644680329C5
:10F1080003D8DFE801F0160528256FF0850070BDEB
:10F118000021204612F047FA0028F8DB0F48A168C2
:10F1280083681B6813B96FF05700F0E7BDE87040BB
:10F1380018470A48A16883685B68002BF3D0984792
:10F148000028E4D168680121BDE8704012F02BBAAC
:10F1580001212046F8E70020D9E700BF285F020810
:10F168002DE9F04F1F4643680469D3F8008089B041
:10F1780082468946164612B9002F00F07282B9F805
:10F188000430990469D44FF0FF324FF0FF3304F193
:10F19800080003F02FFCC4F80490331E18BF0123A5
:10F1A80002933B1E18BF01230393DAF81030019332
:10F1B8001B68DAF804B09945DBF8005054D1DDE952
:10F1C8000223B9F80410584612F09AF9B9F8040065
:10F1D80012F0F8F80546002E40F0FE80E6630023A2
:10F1E800236404F154022B4604F1400104F13C006D
:10F1F80012F0D2F82065002F40F0F58067640023F4
:10F20800A36404F15C022B4604F1480104F14400B4
:10F2180012F0C2F80023A065206CA3631A4682424C
:10F2280040F0E8800022A56C1146A94240F0E98030
:10F2380093422CBFE364E264204612F0CEF8002823
:10F2480040F0E880B9F80430DE0404D5DAF80400A8
:10F258000121FFF73FFF002614E02369002B92D11C
:10F26800636899458FD198E7DBF81020B9F8041046
:10F27800022AC1F3451340D0032A41D0012A10D0F5
:10F288006FF08506236813B19B889A0405D4002380
:10F29800636004F1080003F075FB304609B0BDE86F
:10F2A800F08F043B1C2B8CBF00230123002BE7D0DD
:10F2B8006B68AF480A044CBF43F0100323F01003F7
:10F2C8006B608368DBF80810DB68002B00F0C081F6
:10F2D80007AA98470028C0F2BB81079AD9F800000E
:10F2E80000231946013322FA03FC844540F2BF810A
:10F2F800082BF6D16FF01506C4E7043B0C2BD2E7B8
:10F30800082BD5D0102BBBD1D2E72B6843F00203D2
:10F318002B60B9F8043013F0040F2B6814BF43F0C6
:10F32800010323F001032B60B9F8043013F0100F28
:10F338002B6814BF43F0800323F080032B60DDE9C2
:10F348000223B9F80410DAF8040012F0D9F82B688F
:10F3580023F400532B6099F814301BB99BF818302C
:10F368009B072AD52B6843F400732B606B6823F046
:10F3780004036B60B9F804307E4913F0010F2B6861
:10F3880014BF23F4827343F482732B60B9F804200A
:10F398006B68C2F34512043A23F4706351F82220D3
:10F3A8001343019A6B60012382F868306B6843F459
:10F3B80080536B60C2F8009008E7B9F8043013F086
:10F3C800010F2B6823F40073CFD143F480232B6003
:10F3D8006B6843F00403CCE73368E363002B3FF426
:10F3E800FEAE7368FCE63B686364002B3FF407AF2E
:10F3F8007B6805E7E16B01EBC201013249680B4408
:10F408000DE7606C00EBC1000131406802440CE775
:10F4180098F80C30D8F80830DD07F9D4D8F80C3053
:10F428000493049BD8F808300493049BDAF804305A
:10F438001B681D68002E6BD1002F74D13E4615F451
:10F44800444F03D1BE42B8BF3E463746DAF81030C3
:10F45800C3E91867DAF804301B681A681A6842F0BA
:10F4680040021A60DAF804000121FFF733FED8F8E9
:10F478000050D8F8007005F4444507F48277204618
:10F4880011F0ABFF064608B32368D8F800609B88E4
:10F49800D80706F444466FD4B6F5004F4BD1636ED7
:10F4A800002B59D1D8F8083013F4B87F00F08880C1
:10F4B800D8F80830580607D5D8F80C300593059BBE
:10F4C800D8F808300593059B6FF00406DAF8043085
:10F4D800DAF810701D68AB68D90700F18D802B68C9
:10F4E80003F48273B3F5827F40F08D80AB681A060F
:10F4F80040F184802B685B0640F180802B6803F420
:10F508004443B3F5004FF1D1284612F066F8EDE711
:10F518003146484611F06EFF0646002F00F0A380E2
:10F528000028FFF6AFAE3946484611F063FF071EC4
:10F5380085DA3E46A6E6236E53B1D8F80830990717
:10F54800FBD52146404611F0A3FF236E013B2366FD
:10F55800B6F5404FA3D1A5E7D8F80830DA07FBD5B0
:10F568002146404611F060FF636E013B636699E7F0
:10F57800285F020814730208B6F5004F19D0D8F8AE
:10F5880008309B0715D5236E9BB12146404611F0E4
:10F598007FFF236E013B2366B6F5404F82D0D8F833
:10F5A8000830DE077FF57EAF636E002B3FF47AAF3D
:10F5B800D6E7D8F8043023F08003C8F80430EBE726
:10F5C800B5F5404F0FD1B7F5827F7FF458AF236E62
:10F5D800002B7FF454AF504611F0AFFFD8F800501D
:10F5E80005F444454BE7B5F5004F7FF448AF002FCD
:10F5F8007FF445AF636EEBE72B7B6CE7DAF804002A
:10F608000021FFF767FDAB68980606D5AB6806933F
:10F61800069B2B6823F040032B60EB680793079B3E
:10F62800AB680793079B3B689B88D90402D428469C
:10F6380011F0D3FF2B6813F4444F0CD0384611F067
:10F64800CCFE40B1504611F078FF002E3FF403AED7
:10F658006FF0040616E6BE6307F1200003F092F986
:10F66800F3E73E4619E60028BFF6E9AE0AE6284663
:10F6780011F0B3FF084A2B6852F8212023F0380311
:10F6880013432B60B9F804309B073FF53EAE2B6857
:10F6980023F002033CE600BFC872020810B54FF021
:10F6A800E02399691C699B6900B103600B4A0C4807
:10F6B8001268002908BF1146002B08BF134614F42E
:10F6C800803F01D1994205D20168114401604FF091
:10F6D800E021096900681044C01A10BD345B00209D
:10F6E800285B002008B50020FFF7D8FF014B1B68F6
:10F6F800184408BD2C5B002073B52B4B2B4A1968A6
:10F708002B4CD2E90032D4E90065CB1842F1000253
:10F718001B1842F10002954208BF9E4240D0C4E93E
:10F728000032244CA04203D8231A994298BF0C18DF
:10F738004FF496535C43204B1D68FFF7D3FF431BE0
:10F748009C422FD9241A2C446FF07F439C4228BF37
:10F758001C461A4B1B68A34205D9194A1178F9B9F6
:10F76800012111701C46174D01A8FFF797FF296862
:10F77800154B084415491A681C6000264FF0E02311
:10F788000E60013C99695C614FF000749E61C3F89A
:10F79800044D019B994288BF9B185B1A1844286046
:10F7A80002B070BD0024D4E7245B0020A84A0020E2
:10F7B80078000020A0D30600B04A0020305B00206B
:10F7C800D48200202C5B0020345B0020285B0020C2
:10F7D80070B5EFF31186102383F31288054BD3E934
:10F7E8000045FFF77FFF86F31188001B001945F1DC
:10F7F800000170BDB04A002038B5144B102283F8C0
:10F808002320134B4FF4F0721A60124B4FF49655A5
:10F818001D60114B00241C604FF0E02341F2BF2211
:10F828005A6107229C611A61FFF75CFF0B4BB0FB22
:10F83800F5F0C3E900040A4B6843C3E90004094B27
:10F8480001201C60FFF758FF204638BD00ED00E09E
:10F85800305B0020345B0020285B0020A84A002091
:10F86800B04A0020245B0020F8B5164C0546D4E9C0
:10F878000076FFF737FF4FF49653C01BB0FBF3F049
:10F888004343DB19104A46F10006C4E90036D2E9C1
:10F8980000311B1841F10001C2E900310B4B4FF058
:10F8A800000CC3F800C00A4B4FF0FF364FF0FF378B
:10F8B800C3E90067074B83F800C02946BDE8F84054
:10F8C80003F0E2BFB04A0020A84A0020245B0020D1
:10F8D80078000020D482002010B5064B1C68FFF782
:10F8E80001FF4FF49653001BB0FBF3F0024B186076
:10F8F80010BD00BFB04A0020245B0020684620F0FD
:10F9080007018D4619B5EFF31184102383F312888C
:10F918000020FFF7C3FE084A084910680B68034433
:10F928000B60204600231360FFF79EFFFCF7FCFDE9
:10F93800BDE8194085467047285B00202C5B0020F5
:10F9480010B54FF0B0439A68D96812F00C0205D090
:10F958000C2A4AD101F00303012B50D14FF0B041DA
:10F968002B480B6813F0080306D00B6813F0080344
:10F9780037D1D1F8941007E00C68240756BFD1F8A6
:10F9880094300968C3F3032350F82330002A0CBFCE
:10F99800184600204FF0B0418A6802F00C020C2A89
:10F9A8001ED1CA6802F00302022A2ED0032A06D109
:10F9B8000B68184A13F4801F174B08BF13464FF003
:10F9C800B042D068D168D268C0F306205843C1F36A
:10F9D80002130133B0FBF3F0530F0133B0FBF3F024
:10F9E80010BD0B68C3F30313CEE7042A0AD0082A14
:10F9F80005D11B6813F4801304D10648CAE7002315
:10FA08001846C7E704480023C4E7034BD7E700BFFD
:10FA1800487302080048E8010024F400204A03461D
:10FA280007CA84B00DF1100C0CE9070018463BB367
:10FA38001C4B1B6803F4C063B3F5007F22D11A4B3B
:10FA4800984229D8194B984224D9194B98428CBF0F
:10FA580002200120174904AB03EB80000B6850F823
:10FA68000C2C23F0070313430B600B6803F0070308
:10FA78009A4213D0086800F00700831A5842584188
:10FA880004B070470C4B984206D80C4B984201D9E9
:10FA98000B4BDBE70020DDE70020F1E70120EFE773
:10FAA800D063020800040058006CDC0280A8120130
:10FAB80000512502004000580024F400808D5B00AE
:10FAC800001BB70030B5194B194A11F0805F08BF09
:10FAD8001C46036818BF144683EA010525420DD069
:10FAE80043F30904013409D001EA0204114A1A4017
:10FAF80042F09F4242F4E002944203D100230360A3
:10FB0800012030BD0A0D02F4E064B4F5806F05D120
:10FB1800C3F38924C1F389218C4201D20020F0E784
:10FB280052B203EB82230360F8E700BF00FC0F70BA
:10FB380000FCFF7F00FC0F002DE9F04FD1E9039591
:10FB480087B006463C300F469A46059511F0A0FD51
:10FB58009046044680B1C2F389246CB1F36BCAF3B2
:10FB68008922C3F38923934204D16FF0010007B0BF
:10FB7800BDE8F08F6CD30024C8F3892B284611F018
:10FB880070FD031D4B45F0D8A9EB000905AACDE986
:10FB98000192042303933A680092002132463046CA
:10FBA80011F0A9FD0028E2D1059B1BBA6B4023F098
:10FBB80000430593BBF1000F1ED0290D01F4E0624C
:10FBC800B2F5806F18D1AAEB0402C2F3892CC5F3F1
:10FBD8008920844510D322F07F4222F4700222F457
:10FBE8007F7222F0030242F0804242F48012AA425D
:10FBF800BBD049B204EB8124AAEB0401694011EAA5
:10FC0800080127D145F309030133AED0129BC5F390
:10FC18000908984528BF9846119B0293109BCDF878
:10FC28000C8004334B4401933B68009332464346AF
:10FC3800304611F060FD002899D1129BA3EB080211
:10FC4800119B014603EB080015F022FD60198EE7B1
:10FC5800014C91E71D4691E700FCFFFF30B587B0E6
:10FC680003AD094B00951446084A11F0F9FD002828
:10FC780004DA831C00D1002007B030BD2946204695
:10FC880011F0F9FCF7E700BF0C00F07F0000F07FEF
:10FC980038B50749044615F02BFD054905462018D7
:10FCA80015F068FD0444605DB0FA80F0400938BD85
:10FCB8008D960208F0B51C4640F2FF339A4285B093
:10FCC80005460E4604F1080C08D11B496046F1F7B9
:10FCD800B1FA02232370002005B0F0BD036FCDF800
:10FCE80000C0013343EA82239702144A11F0B8FD99
:10FCF8000028F1DB000D02AB2070009347F00053A1
:10FD08000F4A43F008033146284611F0A9FD0028A0
:10FD1800E2DB40F20223B3EB105F4FEA105202D14C
:10FD2800039B6360D7E740F201239A42D3D1C0F323
:10FD380009006060CFE700BF8D96020800FC0F78CD
:10FD480000FC0F702DE9F04FABB000251F46CDE940
:10FD58000A55BDF8E0300593BDF8DCB0BDF9E430D4
:10FD680006908A460493A946384611F07AFCDAF8D8
:10FD78000C3000EB0208984565D20423039309ABC5
:10FD8800CDE90183069ADAF80030009300210423B4
:10FD9800104611F0B0FC002840F01981099B1BBAED
:10FDA8007B4043F000470997DAF800300A9308F1DE
:10FDB80004030B933C460AAB369A89EA04061640BC
:10FDC800844A16403DD1369AC2F38922002A00F0AF
:10FDD800A4804FF03C0C0CFB05FC0CF1A8026A4413
:10FDE800349942F86C1C359942F8681C369942F8E7
:10FDF800483C42E91919059922F85A1C049922F835
:10FE0800581C3A9942F8541C3B9922F85CBC42E9C8
:10FE18001414DDE90A010CF1A80342F8707C42E9E8
:10FE28001EA80DEB030C443AACF14C0382E8030026
:10FE3800CDE904663B93684B36960135B1463A9353
:10FE4800B346424690E7359B002B40F3BE80349979
:10FE5800349B0831349135991C68099401395B68E1
:10FE680035919046A8E7B2F5817F1ED11C46002641
:10FE7800099BC3F309029642E3D2049AA168C3F32B
:10FE88008923134441EA83212378626803F5407388
:10FE980041EA0351DDE93A3098470028C0F29780DB
:10FEA80004F10C04CDD10136E2E71A46049B04EBB9
:10FEB8008321DDE93A3098470028C0F28880C0D015
:10FEC800002D00F084802AAB013D3C2202FB053264
:10FED80052E91C73349352F8683C359352F8643CE9
:10FEE800369352E9110132F85A3C059332F9583CDD
:10FEF80004930AAE52F8543C3A9352E91EA852F8B9
:10FF0800503C52F84C4C3B9386E8030052F8609CF6
:10FF180032F85CBC52F8483C0994369AC2F38922FC
:10FF280032B1C4F389225A458BD305998A4288D2C3
:10FF3800C4F30A52002A84D040F201118A4292D1B5
:10FF4800254A07933A9B93423FF47BAF3C222AAB66
:10FF580002FB05360021A6F1780015F099FB349BC9
:10FF680046F86C3C359B46F8683C369B26F85CBCEA
:10FF780046E91939059B26F85A3C049B26F8583C53
:10FF88003A9B46F8543CC4F3090B3B9B46F8503C5B
:10FF98000BF101030593C4F38924049B0F4A46F827
:10FFA800707CA4EB0B041C4423B20493079B46E922
:10FFB8001EA89A460023CDE9353201354FF0005985
:10FFC80034934FF0FF3798463BE7002078E72BB093
:10FFD800BDE8F08F0000F07FCDFA000800FC0F604C
:10FFE8002DE9F04F85B09846836E0F9D119EDB6911
:08FFF8001446AA199A420746BB
:020000040801F1
:1000000089461ED96FF0530043E02368E06802334D
:100010001DD1D4E901130B449D4218D28D4216D351
:10002000A3EB050AB24528BFB246691A01445246FD
:10003000109815F00AFB109B534410935544A6EBFF
:100040000A064EB36FF0010B08F1FF3ADDE7C4F882
:1000500000B0BB6E5B69B5FBF3F25A436260B96EE8
:10006000D1F814C0896A0AEB0C032B44B3FBFCF3F0
:100070000CFB03F38B4228BF0B46A3604946CDE936
:10008000010300920E9B054A3846FFF759FD0028F0
:10009000BBDA05B0BDE8F08F3046FAE700FCF7FFA9
:1000A0002DE9F04F97B014460A93C36E12680746C5
:1000B0000E4653B1934205D86FF05305284617B04A
:1000C000BDE8F08F61688B42F6D900214FF004083B
:1000D0000EABCDE901130092CDF80C8043463A46B1
:1000E0003846CDE90E1111F00AFB054610B110F1AA
:1000F000540FE3D1CDF80C800FAB4FF00008029302
:10010000CDF80480636800933A460423414638469C
:1001100011F0F5FA0546002848D010F1540FCDD162
:10012000414654F82130336081F00103099354F8BB
:100130002330736016AB03EB81014FF0FF3551F8AC
:10014000203CB3600023F36002230893A44A92E8A2
:10015000030010AB83E80300042206F108014FF00E
:10016000FF3002F00BF80023CDE906330C90A946CE
:1001700005934FF0FF389B46404611F076FA042273
:10018000BB6E039283440DAACDE901B2326800929E
:10019000DB693A460021384611F0B1FA044668B1ED
:1001A00014F1540F00F01A81254687E7DDE90E317E
:1001B000C91A0029D4BF00210121B2E70C980422FA
:1001C0000DA901F0DBFF0D9B0C901BBA88EA030A16
:1001D000BAF1000FCDF834A01DDA4FEA185303F43A
:1001E000F063A3F5A06463426341F268002A40F023
:1001F000FD80D6E90032C6E90023099A16AB03EB6D
:10020000820353F8203CB360089B012B3FF454AFAA
:10021000012308939AE7504611F027FABB6EDA697A
:1002200000EB0B03934200F2D9804FEA1A5101F41C
:10023000F061B1F5A06F33680BF1040833D10421EC
:10024000039114A9CDE90181009321461346384654
:100250003A4611F054FA04460028A1D1149A0C9B96
:100260009A4240F0BB800D9BF86A1B0D04220CA93A
:100270008AEAC37A01F082FFF8620D9811F0F5F96D
:10028000059BB382109BB3615844119BF361C6E98F
:10029000030A069BF3754FF0FF330C934B464D4614
:1002A000D046994668E70CA90438CDE90080029150
:1002B0003846394611F0FFFA044600287FF470AF43
:1002C0000D9B190D11F4E0601CD1059AC3F389232D
:1002D0009A4201D8013305930D99209B0A9A4B400D
:1002E00013400B9364D13268DDE92230CDE9142844
:1002F00014AA9847041E0B9B57DA14F1540F3FF4CD
:1003000074AF51E7B0F5806F1DD1059A48B242FA3B
:1003100081F18AB20592334A09EA020242F09F4211
:1003200042F4E002934202D149F00049D4E7B9F126
:10033000FF3FD1D0C3F38923C9F389229342CBD89D
:1003400009EB8029C8E7B0F5C06F336813D101F01D
:10035000010208210692BA6E039110A9CDE901812C
:100360000093D36921463A46384611F0C8F904464D
:100370000028B1D014E7C1F30A0240F2FF518A42CB
:10038000AAD10821BA6E039112A9CDE90181009387
:10039000D36921463A46384611F0B1F9044600289F
:1003A0007FF4FEAE0123079396E70D9B03D1994698
:1003B0004B46A94673E70C4A89EA03010A4052B149
:1003C000022CF5D1C9F38922C3F389218A42EFD3E4
:1003D00043F00049ECE74FF0FF39E9E7002304E779
:1003E000DC63020800FC0F0000FCFF7F0021B175F8
:1003F00013B3B96E8869B2FBF0F300FB1323DBB9CA
:10040000079BCBB14FF0FF33149314AB0293129BB5
:10041000CDE900233846CA693368394611F04BFAF2
:1004200020B110F1540F01D0054647E6DDE9133243
:10043000981A43424341B375314607F13C0011F02D
:100440002BF988B1FB6BC5F38922C3F389239A4248
:1004500004D145F00045219B43B912E0691CFAD054
:100460009A4288BFA5F58065219B3BB1B28AC5F34E
:100470008923934228BF1346219A1380002DBFF68B
:100480001DAEB38AC5F38925AB4294BF00256FF03A
:10049000010513E62DE9F04F8DB015680693036A48
:1004A0008B61436ACB612B78049280460E46002B09
:1004B00000F08880464CC4F30A53022B059304D104
:1004C0002846444915F05AF905444249284615F092
:1004D00013F90128074606D12B782E2B0CD105F1F4
:1004E000010A5546E7E7022806D102463A4928465E
:1004F00015F0E5F8002865D005EB070AD1464FF066
:10050000010B3449484615F039F9814431494846D0
:1005100015F0F2F80246C8B1012805D199F800108B
:100520002E2910D19144ECE702280CD107902A49DA
:10053000484615F0C4F8079A28B9BBF1010BF1D170
:1005400009F1020ACDE70BF1010BEBE72B78002B49
:1005500034D0049B1D60059B022B36D1C4F3892443
:1005600040F2FF339C4206F118091BD10DF1240B18
:100570001A4B0293069BCDF80CB0CDE900734A46A6
:100580004FF0F04331464046CDE909850B97FFF720
:1005900087FD041E12DBA4D1F37D002BE8D16FF0A0
:1005A00001040BE00E4B0F4ACDF8009043EA842380
:1005B0003146404611F058F9041ED7DA20460DB0F6
:1005C000BDE8F08F6FF01504F8E76FF01304F5E75E
:1005D00000FC2F008D960208E9B302089119020869
:1005E0000800002000FC0F702DE9F04F9046CE6A05
:1005F0004A6BB24285B007460C465BD2B61A9E42A1
:1006000028BF1E46DFF8B0B0B14601F1400AB9F18B
:10061000000F01D1304618E0216B080304D5BB6EF2
:10062000E26BDB699A421BD1CA01636B10D404F1FF
:100630003C02029204F13802CDE900325146D4E97D
:100640000A23384611F002FA30B105B0BDE8F08F48
:100650006FF00102C4E90E23216B41F400212163F4
:10066000BB6EE26BDB6901929D1A4D4528BF4D467A
:1006700011F08071CDE9028515D0A2884BEA822263
:10068000009204F1080152463846FFF7ADFC0028FD
:10069000DBD1636B2B446363E36B2B44E363A844BC
:1006A000A9EB0509B3E7A26B00923846524611F058
:1006B00026F8ECE70020C8E7000010202DE9F047FD
:1006C0000123144600228CB0C4E90623194BDFF83D
:1006D0006880DFF8689006460F460FCB08AD85E8C6
:1006E0000F0004F1180A504610F0A4FF10B16FF08B
:1006F000010018E02946204611F0AAFBB0B93B687A
:1007000006937B68079305ABCDE90283CDE90090A2
:100710000B4B0596524621463046FFF7C1FC002898
:10072000DFD0831CDDD00CB0BDE8F0876FF0530044
:10073000F9E700BFE46302088118020808000020FE
:10074000FF03F07F2DE9F04F95B004460D461646A5
:1007500000211C220CA8059314F09EFF0123139383
:10076000494B0FCB0DF1200888E80F0040F2022A18
:1007700012A810F05FFF20B1A76A002F54D13846AD
:1007800040E041460CA811F063FB002879D1129992
:100790003046A847002835D113993046A84788BB72
:1007A00012AA0CA9204611F0B4F858BBDFF8DCB04F
:1007B000374F8146BDF844201FFA89F39A42D7D9B2
:1007C00006AA0BEA892300923B43324A0CA9204631
:1007D00011F04AF8002804DA821C13D109F101094A
:1007E000E8E7BAEB105F4FEA10530ED1079B009376
:1007F000CDE90156069B22460021204611F06FF9F3
:100800000028EBD015B0BDE8F08F059A002AE5D09E
:10081000B3F5007FE2D106993046A8470028F1D110
:1008200007993046A847EBE7BB79012B01D03F6819
:10083000A3E73B6B13F4403F13D13B6B03F0827390
:10084000B3F5802FF3D1CDE901567B6B0093BB6BE1
:10085000224607F14001204611F041F90028E6D078
:10086000D0E7DB01E9D4CDE90156FB6A0093BB6A0E
:10087000224607F14001204611F031F90028DCD072
:10088000C0E76FF05300BDE7E463020800FCFF031C
:100890000800002000FC0F7038B5C26D436D134492
:1008A000C26EB3FBF2F1002502FB1133826E436589
:1008B000C565D36A016EDB008B4294BF8365816599
:1008C0000446D26A406E294614F0E6FE054901232B
:1008D00022462046FFF736FF18B1C4E91655E36EED
:1008E000236638BDB51602082DE9F04F044687B0DF
:1008F0000D4605A9204611F0C9FA064658B9DDF89B
:100900001480A06E414611F029F90646002853D004
:1009100010F1540F56D0304607B0BDE8F08F2A6B67
:10092000CDF80C900DF1130A12F0807FCDE9017A19
:10093000A3EB07031CD0AA88244941EA8222009233
:1009400005F108015A462046FFF74EFB70B9CDE984
:1009500002A9CDE900870123224604F110012046B7
:1009600011F0B3F960B110F1540F2BD00646D2E765
:10097000AA6B009259462246204610F0C0FEE5E7D9
:100980000137EB6BBB42CAD8A36EE1699A6AE86C87
:1009900014F05BFE23692B6463696B64A369AB6429
:1009A000A06E04F1100111F0DBF82B6BC5F8388054
:1009B00043F480232B63AEE7074605F1400B4FF06D
:1009C0000109DEE74FF0FF33236192E700001020BA
:1009D00007B500230449019301AAFFF7B3FE00B94C
:1009E000019803B05DF804FBF51602082DE9FF41FC
:1009F000144601230022C4E90623134B06460F4682
:100A00000FCB8DE80F006D4604F11808404610F03A
:100A100011FE10B16FF0010010E02946204611F0E0
:100A200017FA70B93946404610F00EFE30B1424612
:100A30002146304610F06DFF0028E7D004B0BDE835
:100A4000F0816FF05300F9E7E46302082DE9F04FFD
:100A50000D46816E6A688B69C96914325F1E4FF05A
:100A6000000A8A4294BFBF187F188BB0B7FBF3F718
:100A700004465F43D1466FF0030B6E68BE4219D344
:100A80002B694FF0FF320892A9EB0302CDE9003247
:100A900008AE02962B6809F104022146204610F0A8
:100AA0000AFF002847D1089B534500F0B0806FF043
:100AB000530040E0ABEB06033B44043640F2FE3209
:100AC000934294BFF618B618BE424FF0FF0335D3D9
:100AD0008DF81F30A26ED2E90632D21AB24236D356
:100AE000012203920DF11F02CDE901622A680092F2
:100AF00000212246204610F002FE10B110F1540FE2
:100B000019D1A36E9A6900964FF0FF33099309AB90
:100B1000CDE9012321462B680892204610F0CBFE38
:100B200010B110F1540F06D1404A08AB29462046B7
:100B300011F033F958B10BB0BDE8F08FA7F11402F2
:100B4000964228BF1646BE428DF81F30C2D29DF88D
:100B50001F206B68E868D243ABEB0308C2F3C012F6
:100B600002F5A062B04448EA0258AB6848F47F2816
:100B700048F4406888EA03031BBA089308AB194697
:100B8000042201F0FBFA082208ABE860039202930A
:100B90006B6801932B68099004F1100100932246C1
:100BA00000232046059111F090F80028C3D1059943
:100BB000B9F1000F04D16B68D5F80CA003F104095A
:100BC0009DF81F306E60DB431B0603F0004383EA91
:100BD0000803AB60B7424FF0FF33EB6006D9A36E5A
:100BE00062699B6A1344B3423FF647AF4FF0FF334D
:100BF000236022460023204611F02DF800289AD1C8
:100C0000A06E0369984700283FF437AF93E70422AA
:100C1000CDE9009202962B682146204610F04BFE4B
:100C2000002888D1089B002B85D040E708FCFF5F97
:100C30002DE9F04F97B0CDE90823836EBDF884808D
:100C40005A6A8B68BDF888B00133002A04460D4605
:100C50008B601ADC0027002600234FF0FF32CDE91D
:100C60001132CDE913236968A06E1091C36C002B7B
:100C70003CD0083B159310F071FF002838D010F1DC
:100C8000540F40F0BB803E4610E0013242F00102BA
:100C9000B3FBF2F102FB1133002BDBD1012610A9CB
:100CA00028461093119610F0CFFCD0B14FF0FF33CF
:100CB00000274FF00109236110A92846CDE91079DA
:100CC00010F0C2FC50B1291D204611F0DFF850B1E0
:100CD00010F11C0F40F09280002EBDD16FF01B0070
:100CE0008CE03746B7E707464E46B5E7C369C0E72D
:100CF0000DF14009042305F108024946204611F090
:100D00002DF80028BBD10BAB07933E4B0693C8F1DF
:100D100000031BB2CDE904B33B4B0293099B019343
:100D2000089B009302462099CDF80C804FF0FF33CA
:100D30002046CDE90B49FFF709F800289FD105F1BE
:100D40001801084610F076FC60B9EA7D0B462F4981
:100D500002F5C06241EA02522046494611F01DF8F0
:100D600000288CD10023CDE90D330F9346B904F14F
:100D70003C010DA810F083FC04F1300110F07FFC61
:100D800004F1480A0DA8514610F079FC0D9B02466B
:100D90006FF30903294620460D93FEF763FF68BBF6
:100DA000DDE90D3213430F9A134308D0184A0DABF7
:100DB0004946204610F0F1FF00287FF460AF494615
:100DC0002046FFF743FE00287FF459AFD5E90032F3
:100DD000C5E90023119BEB60ABEB0808129BA5F85B
:100DE00014802B61A064CAE9010036B904F13C0308
:100DF000303494E8070083E80700304617B0BDE8B8
:100E0000F08F00BF451E020800FC0F4008FC0F00D9
:100E10000CFCFF7F2DE9F04F97B006460892209A10
:100E2000DDF884800D461F4603EBC200002140F22E
:100E3000014440F2FF4C984228D1002949D1AB7DB2
:100E4000002B5CD14FF0FF333361B5F814904FF0B5
:100E50000008C346A9EB080ABAF1010F00F2E480CA
:100E6000B8F1000F40F01481B36E5A6A002A00F303
:100E700024810023CDE90053CDF80890209B3A4609
:100E800029463046FFF7D4FE044613E11A684FEABC
:100E9000125EC2F30A52A24204D1AA8A0132AA8285
:100EA0000833C8E7624504D1AA8A013AAA8201211F
:100EB000F6E70EF4E062B2F5C06FF1D15A6812683D
:100EC000AA615A685268EA611A68C2F30052EA7568
:100ED000E6E7AB8A002BB2D1424629463046FFF7FF
:100EE00085FD044628B1831CA9D0204617B0BDE873
:100EF000F08F98F81730002BA1D0022476E0AB8A4F
:100F0000FE2B9FD8EA682B6810934FF0FF31CDE994
:100F100013122B69B06E11921293C16C01B3083990
:100F200015910BA90791B64906910021CDE904114D
:100F3000CDE9021120990B96CDE900710DF1400B1E
:100F400029463046CDF830B0FEF700FF044648B1E0
:100F500014F11C0F3FF476AF14F1540FC5D171E7B3
:100F6000C169DCE70DF1340806F13009CDE90D0067
:100F70000F904946404610F082FB06F13C031946AB
:100F800006F1480A099310F07AFB514610F077FBFE
:100F9000DDE90E100D9A01436FF3090211430D9222
:100FA00010D0424629463046FEF75CFE0446002833
:100FB0009BD1944A43465946304610F0EEFE044613
:100FC0000028C5D159463046FFF740FD04460028A9
:100FD000BED1119BEB60129B2B6199E8070006F1D3
:100FE0003C0383E80700B464CAE90144089BD6F8CF
:100FF00028801B681093089B5B68119306F12003FF
:101000000993B8F1000F3FF470AF08F1080910A977
:10101000484610F019FB8246002800F08480D8F87A
:101020000080EEE7C14612E710AB1FFA88F2079383
:10103000754B069353421BB2CDE90493734B029355
:10104000209B0392CDE9007300224FF0FF33294625
:101050003046CDF840B0FEF779FE044650BBB36E83
:10106000DA6C02B9DA69BAF1FE0F0ED899694B1E33
:1010700003EB5203283AB3FBF1F34B43934228BFEF
:101080001346109A9342BFF4EBAE08EB5A08E1E620
:101090001FFA88F8CDE90189209B00953A46294638
:1010A000304611F099F904460028BBD010F11C0F0E
:1010B0003FF4DAAE002C99DA17E7AB68013201335E
:1010C00042F00102B3FBF2F102FB1133002B7FF47B
:1010D000D0AE4FF0010810A928461093CDF84480F7
:1010E00010F0B2FA824600287FF4C3AE3046FFF714
:1010F0006FFC041EFFF6F9AEF36E1C1BB4EBD30FAE
:101100007FF6B7AECDE901A9209B00953A46294666
:10111000304611F061F9044618B110F11C0FC9D125
:10112000A7E6C146A5E6AE46BEE80F00CC46ACE851
:101130000F009EE80F008CE80F00089B994506D031
:1011400040F2FF4140F20140209B9A451FD108F137
:10115000200AB8F80420B8F81CB05A45FFF45FAF75
:1011600098F81F1000293FF45AAF0999504610F023
:101170006BFA18B1A2EB0B02A8F8042052464946BC
:10118000304610F0C6FB0028E3D00446ADE657F821
:101190003A30C3F30A528A421ED1B8F80420C3F38E
:1011A00089239A420AD198F80630022B03D04FF0D7
:1011B000FF33C8E902330AF1010AC5E7FBD998F801
:1011C0000630013A022BA8F80420F4D1D8F82830D0
:1011D000013BC8F82830EEE78242ECD1B8F8042091
:1011E000C3F389239A42E6D398F806300132022BE2
:1011F000A8F80420DFD1D8F828300133E9E700BF90
:10120000451E02080CFCFF7FE116020800FC0F409F
:101210002DE9F04F866A9DB005460F4691469A46E5
:10122000002E5FD13B6804933E467B6805930FCE4A
:101230000CAC0FC496E80F000DF1300814AE84E832
:101240000F00CDE900A64B463A4641462846FFF737
:10125000E1FD041E71DB04A9384610F0F5F948B928
:10126000C646BEE80F00BC46ACE80F009EE80F0083
:101270008CE80F00022C29D105F148023946284696
:10128000FEF7F0FC0446002857D1149BFA7D049326
:10129000159B0593954B019002F5C06243EA0253FA
:1012A000089301230093183708AB04AA3146284657
:1012B0000997FFF7AFFD041E3FDBB446BCE80F0003
:1012C00047460FC79CE80F0087E80F00DFF8209221
:1012D000884F4FF0000B012C40F0B38005F1200344
:1012E00003938DE006F10800B84201D1366897E714
:1012F000394610F0A9F90028F8D1B379012BF5D1BE
:10130000336BD901F2D5AB6EF26A9B6A9A42EDD982
:10131000736BF363EB6E2B6631462846FFF7E4FAF6
:10132000044650B9336B23F080733363314628464B
:1013300010F055FF04460028D8D020461DB0BDE867
:10134000F08F0AF1080104A810F07EF908B9CAE983
:1013500002249AF80630022B07D10AF12C0104A8C6
:1013600010F072F908B9CAE90B24DAF800A052E0CB
:101370000121284610F029FB314605F1300010F01C
:101380008BF9002863D02A6BC5F838A0C2F38923F3
:101390003A40C5E90C2AC4F38922934201D2A4F54C
:1013A0008064149A0292069240F2FF32934214BF74
:1013B00049EA8323002308930023CDE909340193EC
:1013C0000223DDF854A0009306AA08AB3146284654
:1013D000CDF81CA0CDF82C80FFF71CFD041EACDB63
:1013E000012C37D1029BB646CDE9043ABEE80F0086
:1013F000C446ACE80F009EE80F008CE80F00A3463F
:10140000039904A810F020F9DDE90C2408B9C5E916
:101410000824D5F828A0BAF1000F92D1324604A9C9
:101420002846FFF74BF9041EA2DAA21C85D13246EA
:1014300004A92846FFF7DAFA044670B1831C7FF44A
:101440007CAFBBF1000F0CBF0024032475E740F212
:10145000FF33A6E74FF0010AE9E72B6BC3F309035B
:1014600023B1CAF10001284610F0AFFA314605F168
:10147000300010F011F9002835D02A6BC2F389230F
:101480003A402A630022C5E90D22149A0492159A63
:10149000059240F2FF32934214BF49EA83230023AE
:1014A00008939DF86730114903F5C06341EA03537F
:1014B0000022CDE90A38022309920192009304AA7E
:1014C00008AB31462846FFF7A5FC041EFFF635AFF2
:1014D000B646BEE80F00C446ACE80F009EE80F0019
:1014E0008CE80F00F7E640F2FF33CEE708FC0F0070
:1014F0000000F04FFF0300802DE9F041036BC3F3C0
:101500000903A0B004460F46002B52D000251C2230
:10151000002108A814F0C0F801238DF837300F938C
:1015200000260EA810F086F828B1002EEED1002D6E
:1015300039D10125EBE70EAA10A9204610F0E9F9F0
:1015400058B99DF837300BBB18AA0EA92046FFF7F3
:10155000B5F800282FDA811C5FD020B0BDE8F081FB
:1015600091423ED1039A93423AE0236BC3F389221E
:101570006FF39E2323630023C4E90D3340F2FF334E
:101580009A4235D0314B43EA822332E00DF1400ECE
:10159000BEE80F000DF1200CACE80F009EE80F0034
:1015A0008CE80F00BDE7216B494249B2204610F09C
:1015B0000CFA0020D1E7002DE8D10DF10808034610
:1015C000234ACDF8008018A9204610F04DF90028D4
:1015D000C3DBDDE90E31029A9A42C1D1039B9942E5
:1015E000D4D008A904F1300010F056F80028BCD17E
:1015F00000230493174BCDF81C800022CDE905236E
:10160000022304AA08A92046FFF702FE0028A4DB53
:10161000032808BF46F0010683E7002DB6D0002F4F
:10162000B4D004F1480210A92046FEF71BFB0028A5
:1016300093D19DF85720084B02F5C06243EA02534C
:10164000049316AB05930123DBE700BF0000F04FC6
:1016500000FCFF7F08FC0F6008FC0F0010B5036B57
:101660009B0590B0044622D500F1200208A910F095
:1016700050F9002844D1234B0293A36EDB690393F6
:10168000E36E0493236F0593636F0693A36F079331
:101690001D4B009302AB01936A46012308A9204623
:1016A00010F0D4FE60BB236B23F400732363E36B61
:1016B0001B0D13F4E06F06D10121204610B0BDE8E8
:1016C0001040FFF719BF04F1400208A9204610F0AE
:1016D00020F9A8B9E36BA063C3F38922236B6FF3EE
:1016E0009E23C4E90C30094B43EA8223CDE9023042
:1016F00002AA012308A9204610F0A8FE0028DBD08A
:1017000010B010BD01000200180010200000F04FC2
:1017100073B514460E4600F1480221460546FEF711
:10172000A1FA70B9E27D084B02F5C06243EA0253A8
:101730000093183401236A4631462846019410F07C
:1017400085FE02B070BD00BF08FC0F002DE9F0431C
:101750008BB013F0020F06460D460392984637D120
:10176000129B2B6505F1080700236B63EB63EB64A9
:10177000C5F830802B1D03AA39463046FEF78AFE95
:10178000041E05DAA31C1AD10398FEF785FAB0B13E
:101790000123AB71B36A2B60A01CB5625BD118F456
:1017A000807F0CD0039C7449204613F0A5FF225C77
:1017B000002A4DD1336F834213D26FF023042B6B79
:1017C00043F480132B632946304610F0C6FE04E034
:1017D000FFF744FF04460028C2D020460BB0BDE806
:1017E000F083AB886549DFF8988140EA832041EABD
:1017F000832140F4801048EA8323CDE90412CDE927
:101800000604CDE908323946032304AA304610F015
:101810001DFE10F11C0F0446CFD00028CFD1444646
:101820004FF000084FF00C092B6D9A68424538D8EC
:101830001B68002B65D0EB64B06E05F1400110F021
:101840008FF940F20123B3EB145F64D00024C4E7A6
:101850006FF01304B3E718F4007F40F08380240D89
:10186000012C40F08280AB8818F4806F4FEA83230C
:1018700008D043F000542B6B43F4803344F48014BD
:101880002B63CDE705F1280243F00053009243F0AB
:1018900008033C4A394630460FF0E6FF041EBFDA23
:1018A0008DE72A6BD10705D42B6B9A071DD408F15D
:1018B0000108B9E75868B5F804C009FB08F28118B7
:1018C000825C8B684968009143EA8C2302F5407280
:1018D00043EA025339462C4A30460FF0C5FF002830
:1018E000E2DA831CE0D0044669E72A6D526809FBFE
:1018F00008229168B26F91423AD843F480332B6347
:10190000D5E7B36E986AFBF733F8E864002893D103
:101910006FF00B0453E72B6B43F080736FF0010201
:101920002B63C4F309040023AA62EC622A646B648B
:10193000B36E9A6AAA64002C88D040F2FE339342B8
:10194000A98828BF134643EA8123EA6C009243F03A
:1019500000530C4A394630460FF086FF041EBFF68E
:1019600075AF2CE76FF0100429E76FF0140426E739
:101970006FF01B0423E700BF8D96020800001040A3
:101980000000102000FC0F7000FCFF7F30B597B006
:10199000054610F0F0F8044620B16FF00B04204625
:1019A00017B030BDAB6E0146DA6A686E13F074FE94
:1019B000D5E91A326C65DB6ADB00C5E91742934250
:1019C00094BFAB65AA650EA9284610F09DFA04469F
:1019D000002832D11B4B0293AB6EDB690393EB6E95
:1019E00004932B6F05936B6F0693AB6F0793164BA6
:1019F000CDE90830154B0A93154B0B93154B0C93FF
:101A000002AB0D9308AA03230EA9284610F01EFD71
:101A1000044690B98DF84E00034602460EA92846AA
:101A200010F014FD044640B9009001236A460EA947
:101A3000284601930FF06DFF044628460FF0D2FFB1
:101A4000ADE700BF01000200000010400800F00FE9
:101A5000ECB30208180010202DE9F0439BB00446B7
:101A600010F089F80646002840F09F8001461C22AD
:101A700012A813F011FE012319934D4BDFF83481A6
:101A8000DFF834910FCB08AF87E80F0018A80FF0EC
:101A9000D1FDB0B1236B03EBD373236304F13002A8
:101AA00007CA04F13C0383E80700E26EE36AB3FB74
:101AB000F2F102FB113363650023C4E91633226699
:101AC00035E0394612A810F0C3F900286AD108237E
:101AD000079305ABCDE90293384B0190009318AA08
:101AE000374B12A92046CDE90548FEF7D9FA051E65
:101AF00019DB4CD045F30905013548D0129B236210
:101B0000139B63620CAB00932D4A2E4B12A9204607
:101B10000FF0AAFE051E06DB0C9B9AB21B0C022BD3
:101B200009D06FF0150520460FF05CFF2E463046B9
:101B30001BB0BDE8F083012AF3D8236B82F00102C9
:101B400023F4007343EA422323630F9B1BB1226FEC
:101B50009342E6D82367109B1BB1626F9342E0D893
:101B60006367119B43B1A26F9342DAD8E26FA36718
:101B70009A4294BFE267E367A36E0E9A196A09B1AD
:101B80009142CED1E266DB690D9A9A42C9D104F145
:101B9000300212A92046FEF765F8054600283FF4FA
:101BA00075AFC0E76FF05305BDE76FF00B06BEE7FA
:101BB000E4630208ECB30208911902080800F00F70
:101BC00000FCFF7F1800102070B598B00446039108
:101BD000FFF744FD00285CD1034603AA06A920466E
:101BE000FEF758FC002854DBC0F3892340F2FF3293
:101BF000934250D0000DA26A0E9202284FEA83252C
:101C000004AE20D145F00053244A009643F0080367
:101C100006A920460FF028FE00283ADB324610A91C
:101C200020460FF076FE002833D1159B33F47F0257
:101C30002DD1012120460FF0C8FE0EAB8DF83E20BD
:101C4000ADF83C20A362002345F09F45059345F481
:101C5000E0050123324606A92046049510F0F6FB64
:101C60000E9BA362A8B9236BC3F309038BB14FF09A
:101C7000FF3120460FF0A9FE06AA10A9FEF7B6FE16
:101C800038B910AA06A92046FFF742FD01E06FF01F
:101C9000260018B070BD6FF01500FAE700FC0F7059
:101CA0002DE9F04FADB0CDE904120546FFF7D6FCA3
:101CB0000346002840F015810DF1200904AA494689
:101CC0002846FEF7E7FB061EC0F20D8140F2FF3802
:101CD000C6F38927474505D16FF0150420462DB07E
:101CE000BDE8F08F0DF10E0305AA10A92846FEF7F6
:101CF000D1FB041E32DBC4F389234345ECD010A989
:101D000048460FF0A1FCAB6A1893A31C804635D15E
:101D1000DDF814A07A49504613F0EEFC1AF80030B2
:101D20001BB1330D022B40F0E0802B6F8342C0F0DB
:101D3000DF80B8F1000F19D02B6B6FF39E2343EABD
:101D4000872343F09F4343F4E0032B63089B6B63BB
:101D50000234099BAB634FD1BB460DE0A21CBDD141
:101D60000598FDF799FF0028C9D1B7E7BDF80E30F7
:101D7000BB42F1D807F1010B002343E0330DB3EB75
:101D8000145F4FEA145206D0022A0CBF6FF01404FD
:101D90006FF01304A2E7BDF80E30002840F0AB80CE
:101DA0009F4201D1002499E7022A25D1554A0DF11D
:101DB000880A42EA8323CDF800A0534A10A9284696
:101DC0000FF052FD002854DB52461AA928460FF0A6
:101DD000A0FD00284DD11F9B33F47F0247D1012184
:101DE00028460FF0F2FD18AB8DF86620ADF86420A0
:101DF000AB62B8F1000F9FD1BDF80E20434BBB463C
:101E000043EA8223BDF80E202293414B3C4943EA2A
:101E100082230024CDE92434059B239418464FEAFD
:101E2000822A13F069FC059B27936FF313064AEA95
:101E3000070346EA0A0643F08053064343F480133F
:101E4000CDE928392696B8F1000F02D12F4C44EA8B
:101E50008B2400232B9322AA052310A928462A9419
:101E600010F0F4FA044630B1189BAB6236E76FF01D
:101E70002600044632E7B8F1000F17D02B6B1A0D7D
:101E800012F4E06F12D06FF39E23C5E90C301F4BA4
:101E9000A86343EA8723CDE9063006AA0123494611
:101EA000284610F0D3FA04460028DDD1189BAB6217
:101EB0002B6BC3F30903002B3FF474AF4FF0FF31DA
:101EC00028460FF082FD10AA1AA9FEF78FFD0446DE
:101ED00000287FF403AF1AAA10A92846FFF718FCC0
:101EE000C7E70446FAE63446F8E66FF01304F5E671
:101EF0006FF02304F2E6022A7FF41EAF56E700BF1C
:101F00008D9602080800002000FC0F700000F04FC2
:101F1000000010402DE9F047A6B005460191FFF7FB
:101F20009DFB044688B9AB6A1C9301AA0DF102031C
:101F30001EA92846FEF7AEFA831C044609D1DDF837
:101F400004804046FDF7A8FE40B9204626B0BDE813
:101F5000F0870028A8BF6FF01004F6E73D4940461F
:101F600013F0CAFB2B6F8342064670D3EB6E2B66D1
:101F700004AF394628460FF0C7FF04460028E4D1D5
:101F80000DF1780CBCE80F000CAC0FC49CE80F00FE
:101F900084E80F000DF1480A9DF84730002B4DD121
:101FA000DFF8B490012302AA39462846CDE9029A07
:101FB00010F04CFA04460028C7D19DF88F30D3B1F9
:101FC000012128460FF001FD1CABAB6214AA0123CE
:101FD0000CA98DF87640ADF87440CDE9149710F057
:101FE00035FA1C9BAB6204460028AED14FF0FF319E
:101FF00028460FF0EAFCBDF80220184B43EA822382
:10200000149300231593164B43EA8223CDE9183726
:102010009DF88F30002B104B46EA822618BF002314
:10202000CDE91A3746F40016042314AA1EA928463F
:10203000CDE9166810F00AFA044686E752460CA964
:1020400028460FF066FC04460028A5D07DE76FF017
:1020500023047AE78D96020808FC0F600000104008
:1020600008000020F0B587B001F1080603920C4685
:10207000002303AA31460546FEF70CFA00282ADBA6
:10208000030D022B29D1C0F3892040F2FF3398427F
:1020900004AF15D12B6A04936B6A05933A46314617
:1020A00028460FF036FCB0B9A368E362E368236307
:1020B0000223A080A062A371AB6A2360AC620AE035
:1020C000074B084A009743EA8023314628460FF021
:1020D000CBFB0028E2DA07B0F0BD6FF01300FAE79F
:1020E0000800002000FC0F702DE9F0410C46154659
:1020F00006464FF484720021284613F0CDFAA36AF5
:1021000063B92846022300F8083B1A49EFF796F80E
:10211000A36A0133A3620120BDE8F081012B22D024
:1021200004F1200804F10807A288A38B93420BD185
:10213000E07F0028F0D04246394630460FF0E9FBF8
:102140000028E9D1A08002462B4639463046FDF7EB
:10215000B5FD08B1831CDFD1A388023003F1010370
:10216000A380E1D0D4E72846022300F8083B0249C7
:10217000CCE700BFEAB30208E9B3020830B50C4D62
:102180000A44914200D130BD11F8013B83EA0004BA
:1021900004F00F0455F8244084EA101080EA131369
:1021A00003F00F0355F8233083EA1010E9E700BF6E
:1021B000C8730208F8B50F4614461D46084E30464F
:1021C00010F0FCFA10B96FF08300F8BDB368A2B24A
:1021D0001B683946304698470028F4D12C60F4E754
:1021E000086002082DE9F04104460D46EFF311871F
:1021F000102383F31288DFF87080D8F808600BF0A2
:10220000EFFD0BF0EDFD042C96BF184B184A53F868
:102210002420184898F8103021460BF0E4FD45B111
:10222000EB69C3F3080323B10BF0DAFD12480BF09E
:10223000DAFD0BF0D5FD36B1304610F0CFFC02468A
:1022400008B1037803B90D4A0D4831460BF0CBFDB8
:1022500029462046F3F7A6F887F311883046BDE8F3
:10226000F041FAF773B900BF385B00200874020828
:10227000F5B3020803B402082CB40208E69C020875
:102280004DB4020838B50A4B53F82040013053F8DA
:102290002050A54200D838BD606830B1037EDB070E
:1022A00001D410F06AFA0834F3E723689847FAE794
:1022B0001C74020870B52E4B2E4C2F4D012286B097
:1022C0001A70AC4223D30320FFF7DCFF2B4C2C4DBC
:1022D000AC4202D054F8043BEBB90420FFF7D2FF24
:1022E000284C294D2646AE4204F1300415D301F0A6
:1022F00007F9244CAC422CD301F012F9F4F7ECFDB1
:10230000224A938923F00103938106B070BD54F8EB
:10231000043B9847D5E79847DAE754F80C3C059317
:1023200054F8103C049354F8143C039354F8183CAC
:10233000029354F81C3C019354F8203C009354E958
:102340000A2354E90C0100F093FD54F8303C5E651B
:10235000C8E7D4E90A2352EA0301206803D110F048
:102360003FFC3034C6E70A49183001F0B1F9F8E70C
:10237000D58200209462020898620208A8630208CD
:10238000B86302089862020898620208504B002065
:10239000FD2C020870B5164E164D1749982386B0CD
:1023A00003FB006601220023CDE904230F22CDE9BF
:1023B00002320193142303FB005504464FF4A0702E
:1023C00000FB04110D4B00954FF48072304600F075
:1023D0004FFD337C0A4AEE6023F0040333744FF45C
:1023E000046304FB033313442C746B6006B070BDAC
:1023F000B84A0020385B0020C09D00203B2902081D
:10240000809500207FB50020FFF73CFF2C4B83F325
:1024100008882C4C2C4D636943F400736361F023EE
:1024200084F822300023E37723766376A37684F85A
:102430002030636A43F4E0236362F9F769FFFAF737
:1024400071F84FF0FF33A362E362FAF77DF9FAF710
:10245000E7F81E481E4C00F063FDF9F74BFCAC4258
:102460002AD30120FFF70EFF0220FFF70BFF01F038
:102470003FF8184B184C5C61184B0593002501235D
:10248000174900954FF4C052CDE90353CDE90155EA
:10249000144B204600F0ECFC237C064623F004039A
:1024A0002046237410F0E5FB2846FFF773FF0D4A22
:1024B00031462046FAF718F854F8043B9847CEE71F
:1024C000C09D002000ED00E094620208A04C0020B6
:1024D00090620208385B0020504B0020B0B4020824
:1024E000009F0020B522010838B5064C064DAC42CD
:1024F00001D3002038BDD4E90112204610F0A5F91F
:102500001834F4E760050020900500201FB5054C45
:102510000294CDE900230A46002110F05AF904B0D4
:1025200010BD00BF73DC010838B5064C064DAC4247
:1025300000D338BD204610F0AAF90028F9D1203484
:10254000F5E700BF200500206005002073B50C46AC
:10255000EFF31181102585F3128805694DB12560CF
:102560002B680361C3690133C361002081F31188C3
:1025700011E052EA030603D125606FF00B00F5E786
:10258000CDE900230246083000F0CAFE18B9034B1B
:102590009B685B69236002B070BD00BF385B0020A0
:1025A000F7B504460F469DF82000EFF31186102181
:1025B00081F31288616A2569A9423CD22568AC4240
:1025C00019D0C5B1284610F0C1F905F1180001F085
:1025D0000FF9E2686869394613F037F80023C5F847
:1025E0009430284600F028FD04F10800314600F040
:1025F0001FFE00202DE0E268A8B1206AA5698318BB
:102600009D4208BF6369236201316162394613F05C
:102610001CF8102104F1280010F04BFD0028E3D134
:1026200086F3118815E0E0696369834208BFA069F9
:10263000801AE061E8E752EA03010CD00749896893
:1026400004F108004F61CDE900233146224600F035
:1026500067FE03B0F0BD6FF02200E1E7385B0020B9
:10266000F7B504460846EFF31187102181F312886D
:10267000656A002D33D0E668E169A2698B199A4238
:1026800008BF6369E361013D6562324612F0DDFF18
:102690002568AC4232D028468DB310F057F905F1C9
:1026A000180001F0A5F8206AA26983199A4208BFB0
:1026B00063692362636A0133636232466969002693
:1026C00012F0C3FF2846C5F8946000F0B5FC04F191
:1026D0000800394600F0ACFD304603B0F0BD52EAC8
:1026E00003010FD0094989684861CDE900233946C3
:1026F000224604F1080000F013FEEEE7002087F305
:102700001188EAE76FF02200F9E700BF385B00208C
:102710002DE9F04F044685B09346EFF3118910265A
:1027200086F31288DFF828A1C168DAF8082061B1C1
:102730008068904209D05BEA030124D189F31188B3
:102740006FF00F0005B0BDE8F08F01310129C4E939
:10275000022110D1DAF80830D3F8802012B99A7B20
:1027600083F88C2000212161D3F8841004F1100239
:1027700029B9C3E9202289F311880020E2E70A6021
:10278000C3F88420F7E7C2F88840A56892F90E10D4
:1027900095F90E209142A8BF114627464FF0000838
:1027A00095F90E208A420ADDB868CDE9021310F0CF
:1027B00022F9DDE9021348EA00005FFA80F8D5F853
:1027C00088704FB12A7C920706D5BC4204D0013EE6
:1027D00002D0BD68002DE3D1CDE900B31D482246EB
:1027E000494600F09DFD20B9DAF80830C3F88800AA
:1027F000C3E7EFF31185102383F31288DAF808306A
:102800000022C3F88820A068D8B190F98C10D0F8C5
:1028100080304BB910F0EFF898B10E48294600F01F
:1028200007FD6FF00A008DE71C4654F8102DA242F8
:1028300005D022B192F90E209142A8BF11461B6823
:10284000E7E7B8F1000FE8D185F31188E9E700BFA9
:10285000385B0020D68200202DE9F04183680546D0
:10286000002B00F0888047488268934240F08680C1
:10287000EB68012B04D9013BEB600020BDE8F0813F
:10288000EFF31187102383F312888368D3F8802035
:1028900005F1100600216AB1964229D12A69F9B9D9
:1028A000D3F88410C3F880208E4201D1C3F884206D
:1028B00000232B61836893F98C1093F90E208A42D0
:1028C00005D0D3F88030B3B9A86810F094F82C681C
:1028D000A5421DD10023C5E9023387F31188CCE757
:1028E0000A60D3F88420964208BFC3F88410DFE75B
:1028F00011461268CFE7184650F8102D824205D0D5
:1029000022B192F90E209142A8BF11461B68DAE766
:10291000002CDFD0D4E9003213605A60237C4FF0E2
:10292000000823F002032374C4E90088C4F8088077
:1029300004F1180000F05CFFAC60D4F8803013B9EB
:10294000A37B84F88C30C5F81080D4F8843073B938
:10295000C4E9206600232046C4F88830C4F89430C7
:1029600000F06AFB0848394600F062FC85E71E600B
:10297000C4F88460EEE76FF015007FE74FF0FF309A
:102980007CE700BF385B0020D682002070B5EFF3F3
:102990001186102383F312880468A0421CD0DCB196
:1029A000D4E9003213605A60237C002523F002032F
:1029B000C4E900552374A56004F1180000F018FF65
:1029C000C4F894506561204600F036FB31460A4851
:1029D000BDE8704000F02CBCD0E902329A4218BF2A
:1029E000013383600221103010F063FB0028EDD129
:1029F00086F3118870BD00BFD782002013B5EFF3B6
:102A00001181102484F31288846834B1013C8460FD
:102A100081F31188002002B010BD52EA030404D1F2
:102A200081F311886FF00F00F5E7CDE9002302462E
:102A3000014800F075FCEEE7D7820020F8B50546A6
:102A4000EFF31187102383F3128800232C68A5422B
:102A50001AD0CCB1D4E9003213605A60237C00262E
:102A600023F002032374C4E90066A66004F1180091
:102A700000F0BEFE6FF00A03C4F894306661204691
:102A800000F0DAFA0123E1E70022AA602BB139460F
:102A90000348BDE8F84000F0CBBB87F31188F8BDD0
:102AA000D782002007B5064B0093064906484FF031
:102AB000FF334FF4805200F03BF903B05DF804FBA4
:102AC0003474020840B70020E84B00202DE9F04F95
:102AD000DFF87C8185B004464FF0FF364FF0FF37BA
:102AE000EFF31189102383F31288D4F89C504DBB67
:102AF000022104F1B4000FF09EFF002874D004F10D
:102B0000AC0BD4F8AC505D4579D0002D77D0D5E929
:102B1000003213605A602B7C4FF0000A23F002034E
:102B20002B74C5E900AAC5F808A005F1180000F04B
:102B30005FFE0123C5F89430C5F814A0284600F0C4
:102B40007BFADEE7D4F8A0202B68C4F89C309542CD
:102B500008BFC4F8A030D4F8B43043F00203C4F87E
:102B6000B430EB6823F0040343F00103EB606B68BF
:102B700089F3118828469847EFF31189102383F3CE
:102B80001288EB68D80623F0010243D4EA60EB68B0
:102B90009A071BD5D8F8000023F00203EB60A8B118
:102BA0000268002190B143689D4243D10368002927
:102BB00038D1D8F80420C8F80030904201D1C8F8C4
:102BC0000430002340F8083BFFF7E0FED4F8B430AF
:102BD00023F00203C4F8B430DB0502D4D4F89C30EF
:102BE00083BB89F311887BE7D4F8B430D90606D5C6
:102BF000C4F8B40089F3118805B0BDE8F08F002354
:102C0000CDE90067029304F1A4024946114800F09F
:102C10009BFC65E723F01103EB6005F11000FFF763
:102C2000B5FEB4E70B60D8F80430984208BFC8F886
:102C30000410C6E701461AB1136810461A46B1E7F8
:102C40001346FAE789F311880FF0FFFF48E700BF4A
:102C5000585B0020D8820020F8B5C3689A07044664
:102C60000E46C3F3400542D45F0742D40B680BB94C
:102C700083680B60E368D80744BFA3683360376894
:102C80004CBF0225012557B31B4B9A68D7F89830E3
:102C90009A421ED10FF099FF80F00100C0B2D7F820
:102CA000B430D907C3F380021CD5F2B1F8B10023C8
:102CB0002360D7F8A03073B9C7E9274438460FF02E
:102CC00013FFE36843F00403E3603368A36028461E
:102CD000F8BD0020E3E71C60C7F8A040EEE76FF006
:102CE000150506E06FF0120503E01B07DFD56FF056
:102CF0000F0500233360EAE7385B002037B5019009
:102D00000846EFF31185102383F3128801A9FFF71A
:102D1000A3FF041E06DD0548294600F089FA204677
:102D200003B030BD85F31188F9E700BFD8820020D9
:102D3000F0B589B004460020C4E927000E9D04F1D7
:102D4000A400C4E9290004F1AC00C4E92B0055B388
:102D50002879002840F2011008BF0120C4F8B4000F
:102D600000204FF0FF364FF0FF37CDE90330CDE9BB
:102D70000100CDE906670D4B0094204600F0E6F80F
:102D800055B1296811B120460FF025FF6B791BB1B1
:102D9000A38943F00103A38120460FF021FFC4F86B
:102DA000984009B0F0BD0120D8E700BFCD2A010846
:102DB00037B501900846EFF31184102181F3128892
:102DC000C16811F01E0F14D153EA020506D101A902
:102DD000FFF742FF84F3118803B030BD41F00801D2
:102DE000C160019981620449103000F071FC01203A
:102DF000F0E70020EEE700BF292B0208014601485A
:102E0000FFF7D6BFE84B0020F0B585B00C46019027
:102E100017461D46EFF31183102181F3128803A991
:102E2000204603930FF012FE55EA0703039E07D1D5
:102E300001A92046FFF710FF86F3118805B0F0BD09
:102E4000E368074943F00803E360019BA3623A4645
:102E50002B4604F1100000F03BFC0120ECE700BF22
:102E6000292B020801460148FFF7CEBFE84B00209E
:102E70002DE9F043073285B01F4622F0070200F12A
:102E80005803C0E916337F32109B838100250E461C
:102E900022F03F020F9981730423C0E906550446CE
:102EA00085600374C573002100203F2AC4E908012E
:102EB00006F14009A2F1400803D885F311881846AD
:102EC00002DFB51829462046F8F7E6FFA37B84F811
:102ED0008C300730C4E91B980E9B20F007004FF0A0
:102EE00000086067C4E92088C4F8888002930D9BBD
:102EF00001932D1A0C9B00932A463B4631462046EF
:102F0000F9F7C0FA054BC4F854809B6803B19B6F76
:102F1000A367284605B0BDE8F08300BF385B0020FA
:102F2000012310B5827B037483810023C0E9203321
:102F3000C0E91B33C0F8883080F88C20044600F0CC
:102F40007FFE014B9C6010BD385B0020F0B587B060
:102F500000250595109D04950F9D03950E9D0295E6
:102F6000DDE912760D9D01950C9D00950446FFF755
:102F70007FFF56EA070305D120460FF031FE2046B9
:102F800007B0F0BD3A46334604F11800014900F09D
:102F90009FFBF4E7FD2C02080A4B9A686FF00A01C8
:102FA000C2F89410C2F89000074A4FF08051516067
:102FB000002282F31188BFF36F8F9B68D3F89400CF
:102FC000704700BF385B002000ED00E038B5184CBA
:102FD000A168E0690B68814214BF1A460022496863
:102FE0000B605960A368E1692AB9124AC3E900215C
:102FF0000B60E3610AE092F90E5093F90E008542EE
:1030000012DD5168C3E900210B605360A569094BCB
:103010009D4200D005B9E568A3689D4202D02846CC
:103020000FF0E6FE656138BD8A42DED01268DBE74C
:10303000385B0020505B002070B590F91020037CB5
:10304000002A2FDBD9062DD11A4C63F07F032246CC
:10305000037452F8183FE169934207D1C0E9002197
:103060000860E0610FE09942F8D01B68002BF5D0B2
:1030700093F90E6090F90E50AE42F4DD5968C0E944
:10308000003108605860A569954200D005B9E5682F
:10309000A3681A7CD20606D1DA897F2A03D9AA69E5
:1030A0000AB9636170BDAB4202D028460FF0A0FEA2
:1030B0006561F7E7385B002038B590F91020037C94
:1030C000002A014604DA03F07F0303740FF0BFFD0A
:1030D0000D4D2A46AB6852F8184F944200D004B9FF
:1030E000EC688B4207D01A7CD20604D1DA897F2A99
:1030F00001D9A2692AB1A34202D020460FF078FE7E
:1031000023466B6138BD00BF385B00202DE9F843D2
:10311000002A027C0CBF4FF010084FF0080818EA94
:10312000020F04460D465ED148EA0203D2090CD1D3
:103130000374B8F1080F71D1A36813B120460FF0E2
:103140008EFD04F1180610270BE003F07F030374D3
:103150000FF07DFDEDE785F31188EFF3118587F31F
:103160001288304600F044FB0B30F4D0A66D04F119
:103170005807B74211D04FF0000976B130460FF032
:103180006EFDC6F8949006F1180000F031FB304651
:10319000FFF752FFA66DB742EFD1234B9B689C42CD
:1031A0003CD1EFF30587003F18BF0127DFF8789087
:1031B0004B4653F8186F9E4200D00EB9D9F80C60F8
:1031C000D9F80830B34202D030460FF011FEB8F102
:1031D000100FC9F8146006D020460AF05BFF17B143
:1031E0001248FFF79DFE104B9B68A34218D1EFF3E6
:1031F0000583ABB9A289D2070BD585F3118883F378
:1032000011880423184602DFEFF31185102383F39E
:1032100012882846BDE8F843FFF7BEBE0027C5E781
:1032200085F31188BDE8F883385B0020A04C0020AE
:1032300049B9EFF3058030B9044B5A699B689A424B
:1032400001D0FFF7A9BE81F311887047385B0020D9
:1032500001460148FFF7ECBFD982002070B50F4D41
:103260002B46064653F8184F9C4200D004B9EC6830
:10327000AB681A7CD20604D1DA897F2A01D9A26907
:103280002AB1A34202D020460FF0B2FD23466B6163
:103290003046BDE87040FFF7DBBF00BF385B002061
:1032A00070B5EFF31186102383F312881A4CA168CE
:1032B000E0690B68814214BF1A46002249680B601E
:1032C0005960A368E1692AB9144AC3E900210B6077
:1032D000E3610AE092F90E5093F90E00854216DD83
:1032E0005168C3E900210B605360A5690B4B9D42F7
:1032F00000D005B9E568A3689D4202D028460FF0CA
:1033000077FD65613046BDE87040FFF745BE8A42F3
:10331000DAD01268D7E700BF385B0020505B00208E
:10332000F8B5DDE906670C461146EFF305832BB1CE
:10333000002383F311880423184602DF0C4B0D4A47
:1033400098681060EFF31182102282F312889D6852
:1033500028460FF099FC32463B4605F11800064915
:1033600000F0B6F92046BDE8F840FFF715BE00BFF3
:10337000385B0020605B0020FD2C0208F8B5044695
:10338000EFF31187102383F31288037C03F01F02ED
:10339000002A0CBF0126002649B233D103F07F0377
:1033A00003740FF054FC284D037C817363F07F039A
:1033B0002A46037452F8183FE869934207D1C4E9DA
:1033C00000200460EC610DE09842F8D01B68002BEF
:1033D000F5D093F90EC08C45F6DD5968C4E900318B
:1033E0000C605C60AC69944200D004B9EC68AB68D6
:1033F0009C4202D020460FF0FBFC6C6187F31188E1
:103400003046F8BD9B071CD585680FF020FC817302
:103410002B689D4209D16B68C4E900531C606C6045
:10342000ECE76A689A42F6D01B68002BF3D093F958
:103430000E208A42F5DD5A68C4E9003214605C60EF
:10344000DCE78173DAE700BF385B002051EA000354
:103450002DE9F04706460D460746884605D10FF090
:10346000F4FB38464146BDE8F087EFF3118910239D
:1034700083F31288DFF868A01A4BDAF808001860A6
:10348000FFF71AFEDAF80800174932462B461830C3
:1034900000F01EF9DAF808301A7CC3F8909042F078
:1034A00004021A746FF00A02C3F894200F4B4FF015
:1034B00080525A600446002383F31188BFF36F8F54
:1034C000B5F1FF3F08BFB6F1FF3FCAD00FF0B9FC1E
:1034D000201A20EAE07007464FEAE078C1E700BF13
:1034E000385B0020605B0020FD2C020800ED00E04E
:1034F000024B03F11802C3E906227047385B002033
:10350000EFF31181102383F31288044B9A68D37B65
:10351000013BD37381F31188704700BF385B0020F3
:10352000EFF31180102383F31288034B9A68D37B47
:103530000133D373FFF792BE385B0020014B9868CC
:10354000704700BF385B0020D3B5DDE90667089CF3
:10355000CDE90067FFF7E4FE1CB1034B9B685B6994
:10356000236002B0D0BD00BF385B0020027C12F0A7
:103570001F02034610D10A4988420DD00949086844
:1035800068B1D9897F2909D893F90E20064B1B68A9
:103590009A42B8BF0020704700207047104670471D
:1035A000B84A002090040020685B0020094BBFF35C
:1035B0005B8FC01A084BC0105843084B012203EB25
:1035C000800353E8001F43E800200028F9D1BFF32F
:1035D0005B8F7047384D0020ABAAAAAA645B00201D
:1035E000F8B5144B144D1E7C182303FB06550446F6
:1035F000284600F0FDF8114B03EB86076CB1BFF3D2
:103600005B8F53F82630BFF35B8F03B1013C0C494D
:103610002246E317284600F05BF8BFF35B8F0023D8
:1036200057E8002F47E800310029F9D1BFF35B8F3D
:10363000F8BD00BF385B0020384D0020645B0020DF
:10364000AD350108F8B5EFF31187102383F3128825
:10365000144E154BB5681868A84204D10FF0C8FB8A
:1036600087F31188F8BD00221A60327C0F4BBFF33C
:103670005B8F53F82230BFF35B8F002BF0D02846CE
:10368000FFF774FF04460028EAD02B7CDB06E7D165
:10369000FFF79CFC7369AB42E2D12046FFF7A0FF25
:1036A000DEE700BF385B0020605B0020645B002029
:1036B000024B1868984208BF00207047940400200D
:1036C000024B186808B1FCF70BB970479C04002046
:1036D000B3F1FF3F08BFB2F1FF3F2DE9F84F0446B9
:1036E000994615461F467AD00161EFF311861023E3
:1036F00083F31288B9F1000FDFF8E88024DBFFF7CD
:10370000DFFF394B1A68003A18BF0122451949F109
:1037100000035219D8E9005743F100035519014637
:1037200043EB07074FF00108DFF8C090C4E902231C
:10373000FFF7BEFFD9F804A0E0B9C4E9009ACAF8BF
:103740000040C9F8044027E0D8E900136FF00102F7
:10375000521A4FF0FF3161EB0303521B63EB090375
:10376000012A73F100014FF00008BCBF01220023C1
:103770004146D9E7D0E9022ED4E9023C93427CEBE2
:103780000E0B23DAD21A6EEB0C03C0E90223436856
:10379000C4E900031C604460FFF78AFF84420FD134
:1037A000114B1B6801330BD1B8F1000F02D1FFF7A9
:1037B00087FF014608460FF022FB00210DF02DFF88
:1037C00086F3118828463946BDE8F88F9B1A6CEBC2
:1037D0000E025045C4E90232AFD00068ACE70025C4
:1037E0002F46EFE7504D00209C0400209404002059
:1037F000F8B50446EFF31186102383F312880268AC
:1038000062B3FFF755FF174B5B689C4208D0D2E9C3
:103810000231D4E90275DB1941EB0501C2E902313D
:10382000D4E900320025844213605A60C4E900558F
:103830000CD000200C4A136823F001018C4204BF15
:1038400043F00103136086F31188F8BDFFF738FFDA
:103850000FF0D5FA29460DF0E0FEEAE76FF015000B
:10386000E8E700BF940400206C5B0020EFF31182B6
:10387000102383F31288054B1B6840F001001B1ACC
:103880005842584182F31188704700BF6C5B00209A
:103890002DE9F047314E324DDFF8C890324F30609D
:1038A00000230C462B60D6F80080B8F1000F0ED133
:1038B0004FF0FF3340462B600FF0A1FA41460DF068
:1038C000ACFE84F31188BDE8F047FFF7BBBEFFF7FD
:1038D000EFFE6FF0004330B1D0E90212994272F16D
:1038E0000002B8BF0B464345194684BF43464146D4
:1038F0004FEAE37C38B18268D0F80CE0D21A6EEB64
:103900000C0EC0E9022ED9F80020D218D9F80430E4
:1039100043EB0C03C9E90023A8EB010131604FF030
:10392000000A4FF01008FFF7C3FE0028BBD0D0E913
:1039300002120A43B7D1D0E900210A60516002693E
:103940003860C0E900AA84F311889047EFF311842E
:1039500088F31288C7F800A0E5E700BF705B00207D
:103960009C040020504D00206C5B002010B5EFF34C
:103970001184102383F31288FFF7A2FE044AD2E9D0
:103980000031C01841F1000184F3118810BD00BF5F
:10399000504D00202DE9F0410446EFF3118610232D
:1039A00083F3128803681BB186F31188BDE8F081A8
:1039B000FFF75CFF07460028F6D1D4E90A586A1CD5
:1039C00048F10003022A73F1000324D30FF03DFAFB
:1039D000281848EB0101012871F1000140DB0FF0CC
:1039E00034FA6FF00203281848EB010183426FF0AC
:1039F00000438B4139DB0FF028FA6FF001022D18DC
:103A000048EB0103521B4FF0FF3161EB03031949EF
:103A10002046FFF75DFE236B01332363236A43B126
:103A200086F3118820469847EFF31186102383F31D
:103A3000128854F8180FA042B6D00028B4D0D0E9AC
:103A4000003213605A60027C002322F00202C0E9B7
:103A5000003302748360C0F89430FFF7EDFAA3E7F7
:103A60006FF001024FF0FF33D1E73A464FF00043C9
:103A7000CDE700BF95390108B3F1FF3F08BFB2F1B0
:103A8000FF3FF8B5044616461D4614D0EFF31187E4
:103A9000102383F31288FFF7ABFEDDE90601002354
:103AA000C4E90A01236332462B4620460249FFF748
:103AB0000FFE87F31188F8BD95390108F0B514237E
:103AC000134E03FB01000024102701B9F0BD10F8CC
:103AD000073C40F80C4C03F03F03102BA0F1140CF2
:103AE0000CD826FA03F3DB0708D550F8143C2BB1A9
:103AF00050F8105C2B605D6040E9054482F311884A
:103B0000EFF3118287F3128801396046DDE700BFC9
:103B1000160101002DE9F74F1D46234B9F68012335
:103B200087F8603087F8613052EA050316460CBF0B
:103B30000123002307F1600280460FF0F5F981466A
:103B4000EFF3118B4FF0100A8AF3128897F8604058
:103B500054B901465A464046FFF7B0FF8BF311882F
:103B6000204603B0BDE8F08F002387F8603056EAA6
:103B7000050304D18BF311886FF00A04F0E7CDE957
:103B800000650A4A0A485946FFF7CAFB0446EFF3A4
:103B900011858AF312882A4649464046FFF78EFF70
:103BA00085F31188DCE700BF385B0020A00400200B
:103BB000DA82002010B50346EFF31184102282F35D
:103BC0001288C160012181600068834203D184F3BF
:103BD0001188002010BDD0E9003213605A60002324
:103BE000C0E900330FF01FFA02482146FFF720FB1F
:103BF000EFE700BFDA82002073B50446EFF31186C9
:103C0000102383F312888368594003EA02050A40AF
:103C10005340009300226B46084901920FF0B8F818
:103C2000DDE9003223EA020304F10C00A36031460F
:103C3000FFF7FEFA284602B070BD00BF81310208CE
:103C4000014B8367704700BF6005002070B50A4EC6
:103C5000041F00F11C020025012056F8041B54F833
:103C6000043FC9435B1845EB05011B1841F10000F7
:103C7000A242F2D170BD00BFA47F0208F8B506468B
:103C800008460D46FFF7E2FF0024DFF838C0024681
:103C9000C117C0F1000E20465CF8043B55F82470B3
:103CA0002EEA0303DB1940EB00079B1846F824308B
:103CB00004F1010441EB0702082C4FF00001EBD1A5
:103CC000F8BD00BFA47F020838B50A460C4628316B
:103CD0000FF006FB054628300FF00FFB04F15001F2
:103CE00005F150000FF0E9FA04F1780105F17800D0
:103CF000024ABDE838400FF0C0BD00BFC47F0208D3
:103D00002DE9F0419EB0074668460C4610F067F872
:103D100069460AA810F063F80AA9084610F05FF88F
:103D20000AAA104621460FF0A8FD0AAA694668466D
:103D30000FF0A3FD6946684610F051F86A460AA9DB
:103D400068460FF09AFD69460AA810F048F8042565
:103D50000AA9084610F043F8013DF9D16A460AA9BC
:103D600068460FF08AFD69460AA810F038F8092560
:103D70000AA9084610F033F8013DF9D10AA908460E
:103D80006A460FF07AFD0AA914A810F028F8132546
:103D900014A9084610F023F8013DF9D10AAA1046EB
:103DA00014A90FF06AFD0AA9084610F018F80925B1
:103DB0000AA9084610F013F8013DF9D16A460AA98C
:103DC00068460FF05AFD69460AA810F008F8312538
:103DD0000AA9084610F003F8013DF9D10AA90846DE
:103DE0006A460FF04AFD0AA914A80FF0F8FF6325F0
:103DF00014A908460FF0F3FF013DF9D10AAA1046B5
:103E000014A90FF03AFD0AA908460FF0E8FF312582
:103E10000AA908460FF0E3FF013DF9D16A460AA955
:103E200068460FF02AFD694668460FF0D8FF6946DC
:103E300068460FF0D4FF2246694668460FF01DFD24
:103E400069460AA80FF0CBFF0AA9224608460FF0E0
:103E500014FD14A80FF026FA14A9204610F020FC37
:103E6000044614A80FF022FA14A90AA810F018FCAE
:103E700014A9804608460FF029FA0AA810F010FC91
:103E80001449064614A80FF021FA01460AA810F0BA
:103E900007FC694605460F4A38460FF0EEFC46EA35
:103EA000050282F00102694638460FF09CFA28218B
:103EB000684610F073FB0DEB010010F06FFB14A8C7
:103EC00010F06CFB44EA080444EA06001EB0BDE8AA
:103ED000F08100BF148002082DE9F041C6B007460A
:103EE00088466846114601221C460FF0C7FA0AA808
:103EF0000FF0DCF914A80FF0D5F969461EA80FF0F1
:103F0000DCF928A80FF0D2F9013C002521464046F3
:103F100010F033F92E46464032461EA905460AA83F
:103F20000FF0F8F928A9324614A80FF0F3F90A4661
:103F300032A81EA90FF0E1F90AA914AA3CA80FF0B3
:103F4000DCF908460FF0CCF928AA1EA914A80FF036
:103F5000C7F90AAA32A928A80FF08FFC14A93CAA15
:103F600008460FF08AFC3CA932A80FF038FF0AA9D6
:103F70003CA80FF034FF14AA28A91EA80FF0B0F92E
:103F800010460FF0BAF932AA3CA90AA80FF075FC46
:103F90003CA932AA08460FF0B0F914A908460FF060
:103FA0001EFF254A3CA928A80FF07EFB1EA9084643
:103FB0000FF015FF32A9084628AA0FF091F914AAAC
:103FC000694628A80FF059FC32AA3CA914A80FF0A2
:103FD00054FC013C9AD22A461EA90AA80FF09AF96D
:103FE00014A82A4628A90FF095F9014610F073FB92
:103FF0000AA914AA08460FF040FC0AA9384610F096
:10400000D5FA2821684610F0C9FA0DEB010010F02E
:10401000C5FA14A810F0C2FA32A810F0BFFA1EA810
:1040200010F0BCFA28A810F0B9FA3CA810F0B6FAC3
:1040300046B0BDE8F08100BF42DB01002DE9F04F42
:104040009DB00C4601900021642203A811F024FBCE
:104050000DF10C08DFF8CCE04146002604F13C0AE3
:10406000251F5EF8047BAC460846002203685CF816
:10407000049F4FF0000BE7FB093B9B184BF100023C
:10408000E24540F8043BF1D10136092E0A6401F102
:104090000401E5D10021202203A811F0FDFA03ABB1
:1040A00000210020D3F84090DFF87CE09C460646D3
:1040B000C1F10807DCF800205EF804AB4FF0000BFC
:1040C000E9FB0A2B921900F101004BF10006B842FE
:1040D0004CF8042BEED10131082903F10403E0D19F
:1040E0001C3401210020D8F8002055F8043FD243A9
:1040F0009B1840EB00025B1842F10001AC4248F80B
:10410000043BF0D103A90846FFF7B8FD0198082247
:1041100003A90FF08EF8642103A810F03FFA1DB038
:10412000BDE8F08F40740208A47F02082DE9F04139
:10413000044600F128060122304604F1500804F13B
:1041400078050F460FF09AF940460FF0AFF8314668
:1041500028460FF044FE194A294620460FF08DFBF1
:104160004246294628460FF0C8F8204621460FF05F
:10417000B7F8294622460FF080FB21462046FFF77C
:10418000BFFDB8B12246294620460FF076FB2046F7
:1041900010F0BBFAFB7FB0EBD31F03D121462046C2
:1041A0000FF094F82846324621460FF066FB0020B7
:1041B000BDE8F0814FF0FF30FAE700BFEC7F020866
:1041C0002DE9F041E6B004AD2E4B2F4ADFF8BC805C
:1041D0002F4F0446284610F00DFB20A80FF066F87C
:1041E0002AA80FF063F834A80FF05CF820460FF00F
:1041F000F2FF1F23CDE901530CAA16AB20A92046DC
:10420000CDF8008010F053F99F23CDE901530097BA
:1042100016AB0CAA20A9204610F049F91E263EAA8A
:104220002146204610F094F8CDE9015616AB0CAAB1
:1042300020A92046CDF8008010F039F906F180035E
:10424000CDE90153009716AB0CAA20A9204610F027
:104250002EF9013EE3D20CA8282110F09FF93EA8C8
:10426000A02110F09BF916A8282110F097F920A89A
:10427000782110F093F92021284610F08FF966B0CC
:10428000BDE8F081DEB50208FEB502082478020818
:10429000647402082DE9F047ADF5846D00F1200942
:1042A000B8AF0D46044649463846904608220EF0FF
:1042B000B3FF294618A8FFF739FF28B14FF0FF30A8
:1042C0000DF5846DBDE8F087214640A8FFF72EFF6D
:1042D0000028F3D13846FFF7B9FC0028EED190AAA8
:1042E00018A968A810F034F818A93846FFF7ECFCB4
:1042F0003A4668A990A80FF080FF90A9E0A8FFF7C0
:10430000E3FCFC22114640460FF037FF08B9013AA2
:10431000F8D101324FF6FF71D2B28DF80B20ADF813
:1043200008108DF80A10FC24214648460FF025FF9E
:1043300008B9013CF8D10134E4B24FF6FF71944260
:1043400018A88DF80F40ADF80C108DF80E1038BF7E
:1043500014460FF040FFDFF810A118A9084668AA1C
:104360000FF0F6FF43462246032102A810F043F85F
:104370004B460646052103A810F03DF8002E0546E1
:1043800037DD7610A02202FB067218A908460FF04E
:1043900034FF002D4CDD0EAB6D107822009302FB34
:1043A00005A204AB18A908460FF07FFF013CD4D248
:1043B00040A990A8FFF788FC18A990AA08460FF01A
:1043C0001CFF18A940AA08460FF0C2FF18A940AA6E
:1043D00008460FF0BDFF18A940AA08460FF0B8FF25
:1043E00018A968A810F0A2F9204968A810F0CDF823
:1043F00066E7CED006EBD6766FF09F0176104E437F
:10440000B9199AA80EF059FF06F12801394490A86D
:104410000EF053FF06F150013944A4A80EF04DFFF1
:1044200006F178013944AEA80EF050FF90AAACE72F
:10443000BCD005EBD5756FF077036D1005FB03A5B8
:1044400029469AA80EF039FF05F1280190A80EF030
:1044500034FF05F15001A4A80EF038FF0EAB009315
:1044600090AA04AB9EE700BFE47B02081EB60208D8
:1044700010B594B0044601220AA80EF0FFFF0AAA64
:104480000E4968460EF02CFF10460EF036FF11461E
:1044900010F021F90AAA694668460FF0EEF969465C
:1044A000204610F083F82821684610F077F80DEBCD
:1044B000010010F073F814B010BD00BF3C8002087A
:1044C0002DE9F04FA7B003680E9343680F938368FC
:1044D0001093C3681193036912934369139383691B
:1044E0001493C3691593036A1693436A1793836AF7
:1044F0001893C36A1993036B1A93436B1B93836BD3
:104500001C93C36B1D9300F13803229300F1B80391
:104510000C931C9B0B931A9B08931B9B0993189B52
:104520000693199B0793149B0593159B0A93129B63
:104530000393139B0493109B0193119B0293DDE95A
:104540000E63DDE916BADFF88481DDF874E00093CC
:1045500000F138094FEA9A324FEA9A4444EA8B3420
:1045600042EA8B4262404FEACA5444EA5B244FEA73
:104570009B314FEA9B4CD8E900754CEA8A3C62407B
:1045800041EA8A4159F8084F4FEACB5381EA0C01BE
:1045900043EA5A234B40D9F804103C1945EB010576
:1045A0001919089B23EA0B07099B23EA0A04069BB7
:1045B00042EB05020BEA0303079D7B40CB180AEA96
:1045C00005050B9984EA050442EB04025B18009987
:1045D0004FEA86744FEA167545EA011544EA9104DC
:1045E0004FEA81774FEA117141EA061147EA9607CF
:1045F00087EA0107009984EA05044FEA466545EA1F
:10460000D1154FEA416141EAD61184EA050487EAEF
:104610000107039D01994EEB020281EA050E029902
:10462000049D81EA050C0099039D0CEA010C019997
:1046300029400B91029D04990D400B990EEA060E3C
:104640008EEA010161188CEA050547EB0504059D1A
:10465000DDF824E013EB050C0A9D42EB05055B1821
:104660000399059104990A9108990B910C9942EBD1
:104670000402494508F1080840F0898114490C9169
:1046800000210B910B9910310B910C990D912299EE
:104690000591089920910999219106990891079906
:1046A000099103991E9104991F910199039102990F
:1046B0000491009902916FF00101CDE906BA0196CB
:1046C000E346AA461E4600920A9103E028640208C7
:1046D000A06402080A9901F00F04083400EBC40139
:1046E00050F8347049684FEAD1484FEAC10E48EAA1
:1046F00047384EEA577EFC0C4FEAC70988EA0E0E8F
:10470000BF0949EA517944EA413447EA81678EEAB0
:10471000911E059984EA0904674051F8084F0591F4
:1047200049683F194EEB010E0599C1E9007E0A99CF
:10473000A1F10D0404F00F04083400EBC40150F89B
:104740003480D1F804904FEA590141EAC8712391AD
:104750004FEA182141EA096124914FEA192141EAFF
:10476000086125914FEA5804249944EAC9746140CC
:104770002491259C23994C4021464FEAD818249C2B
:1047800048EA496884EA0804E41981EAD911059FD6
:104790004EEB0101C7E900410A9FA7F1050E0EF09B
:1047A0000F0E0EF1080E00EBCE0750F83EE07F68CA
:1047B00014EB0E0441EB0701059F4FEA953EC7E954
:1047C0000041AF0C47EA8C374EEA8C4E8EEA070E5A
:1047D000EF0547EA5C278EEA070E089F4FEA9C38F0
:1047E0004FEA9C4949EA853927EA0C0748EA854897
:1047F00088EA090823974FEACC59099F49EA5529C5
:1048000088EA090827EA0509069F0CEA070C079FB2
:104810003D40239F87EA0C07DDF834C018EB0707FB
:1048200089EA05054EEB050E5CF8085FCDF834C04B
:10483000DCF804C0CDF88CC07F194EEB0C0E3F198C
:10484000209CDDF8108041EB0E013F19219C4FEABE
:10485000127544EB01014FEA837E1C0F4FEA827C04
:104860004EEA920E4CEA930C44EA021445EA031510
:1048700084EA0E0485EA0C054FEA436E4FEA426C67
:104880004EEAD21E4CEAD31C84EA0E0485EA0C05DB
:10489000DDF80CE0DDF804C08CEA0E0CDDF808E071
:1048A0008EEA080E0CEA030C0EEA020E019B039A34
:1048B0001340029A8CEA0303E31802EA08021E9CE2
:1048C0008EEA020245EB020217EB040C1F9CCDF8A6
:1048D0007C8041EB0405FB1841EB02020A9901318F
:1048E0000A9103991E9108992091099921910A9999
:1048F0000E295ED10C9980310C910B9940297FF4DF
:10490000C1AE0E99CB180F9941EB0202C0E90032FB
:10491000109B009A02999E19119B43EB0203C0E978
:104920000263019A129B9B18139A42EB0102C0E9A1
:104930000432039A149B9B18159A414642EB0102DC
:10494000C0E90632169B179A079913EB0C0342EB4A
:104950000505C0E90835189B199A13EB0B0342EBC8
:104960000A02C0E90A32069A1A9B9B181B9A42EB6C
:104970000102C0E90C32089A1C9B09999B181D9AE8
:1049800042EB0102C0E90E3227B0BDE8F08F069974
:10499000089107990991019903910299049100994D
:1049A0000196CDE906BA0291E346AA461E46009258
:1049B000D0E5069908910799099101990391029907
:1049C000049100990196CDE906BA0291E346AA4600
:1049D0001E4600927EE600BF054B5A78022A04D19B
:1049E0001878C31F5842584170470020704700BFD5
:1049F000745B00200E4B0340B3F1607F06D1B1F52C
:104A0000885F0CBF00206FF086007047B3F1707FA5
:104A10000BD101F4E043B3F5005F06D111F4E06F70
:104A200014BF00206FF0860070476FF0860070475B
:104A30000000C07F8A42F8B506460D4600F0D280DD
:104A40006C4B22F4FF7121F00101994222F0FF0723
:104A50000FD003F588539F420BD022F47F7121F0D1
:104A60000301A3F57063994203D003F5A0639F424D
:104A700027D1604B25F4FF7121F00101994210D03C
:104A80005D4925F0FF038B420BD025F47F7020F0A9
:104A90000300A1F57061884203D001F5A0618B424B
:104AA0000FD115F0FF000BD0544B40F0007098422E
:104AB00040F09A8082EA0500FF288CBF0020012088
:104AC000F8BD05F0FE43B3F1A06F11D102F0FE4333
:104AD000B3F1A06F71D182EA050333F47E136CD178
:104AE0002C046AD5C5F30540C2F305429042E4E7C1
:104AF000B3F1407F61D102F0FE43B3F1407F5CD15E
:104B000082EA050030F47E1457D131462846FFF77B
:104B100071FF002868D13A4912F47C1001EA0201C1
:104B200016D0B1F1607FC2F3054335D1D1B241F067
:104B3000007101F17E410339102901D8314C645CC8
:104B400015F47C1F2ED19C4214BF00200120B7E732
:104B5000B1F1607F0AD1D3B243F0007303F17E4319
:104B6000033B102B44D82849CB5CDFE7B1F1707FC1
:104B700016D106F4E043B3F5005F37D1C6F3022146
:104B800001238B4006F4E041B1F5005FD8D1C6F3B4
:104B900002260124B440D3E7B1F1707FD0D1F1E710
:104BA0000346CDE718B9C5F30541A1421AD029043F
:104BB00003D5C5F3054098427FE725F47F03B3F1A1
:104BC000106F0AD102F0FE43B3F1106F0CD10F4801
:104BD000104040F01060A842B6E70D4B9D4203D153
:104BE000AF42B1E701206BE7002069E70346C9E760
:104BF00003469BE70002000600130006FF000002C8
:104C00000000C07F3EB602083EB602080000FFF674
:104C10000001000A37B505460C46FFF7DDFE78B106
:104C2000002301930A46084801AB2946FDF7C2FA62
:104C300020B9019BA34218BF6FF0930003B030BDB1
:104C40006FF08800FAE700BF785B00202DE9F84399
:104C5000884617461C4600F0D9FA0546002844D17C
:104C6000D8F80060B6F8009009F4E043B3F5804F3F
:104C7000B36808BF27F0010737EA03032DD1A4B3B7
:104C8000244B24F4FF7222F001029A4210D0224AEF
:104C900024F0FF0393420BD024F47F7121F0030131
:104CA000A2F57062914203D002F5A06293421FD137
:104CB00014F0FF0304D0194A43F0007393421ED04E
:104CC000F16822464846FFF7B5FE074668B93169E4
:104CD00022464846FFF7AEFED0B96FF084050023A8
:104CE000C8F80030304610F08FFA2846BDE8F88347
:104CF00004F0FE43B3F1407F04D12304E0D56FF00C
:104D00008605ECE7B3F1A06FF7D0044B9C42D6E7E1
:104D10003D46EAE70002000600130006FF0000021D
:104D200038B500F0FE43B3F1407F04460D4602D093
:104D30006FF0860038BDFFF75DFE0028F8D114F44F
:104D40007C1F18D0C4F30543032B137022D9224AC9
:104D50002240B2F1607F31D1E4B244F0007404F13A
:104D60007E44033C102CE3D81C4A125D9342DFD8EA
:104D7000202BDFD90EE0184B2340B3F1607F0FD119
:104D8000E3B243F0007303F17E43033B102B04D9DD
:104D9000002313706FF08500CCE71149CB5CD3E79B
:104DA000B3F1707FF4D101F4E043B3F5005FEFD1CC
:104DB000C1F3022101238B40DBB2C5E7B2F1707F62
:104DC000B6D105F4E042B2F5005FB1D1C5F30225DA
:104DD0000122AA40CAE700BF0000C07F3EB6020819
:104DE0003EB602082DE9F04F9B468FB001F0FE431E
:104DF0000024B3F1806FDDE91868DDF8689009944C
:104E00000F46924674D10B464FF4807209A9FFF702
:104E10001DFF054600286FD1099B1B8803F4E04263
:104E2000B2F5005F1CD113F4E06F19D0374927F4B5
:104E300080728A420AD001F500718F4206D034494F
:104E40008F4203D0A1F53F418A4209D1C3F3022327
:104E500001249C40102C0ED900266FF0830530E011
:104E600042F20402934202D12A4B9F420DD02A4BB8
:104E70009F420CD10D24A04540D321460AA8FFF73C
:104E8000C9FE054620B100261BE00C24F3E70024F0
:104E90000998026C00F1200146B33519D0F804C01E
:104EA0005FEA1C2CA8EB040323D1CDE905390AAB3A
:104EB000CDE903B50093CDE9014A3B4610F0F4F982
:104EC0000546099810F0A0F90746DDB9D8B924B114
:104ED00022460AA9304610F0B8FBD9F800301C442D
:104EE0003846C9F800400FB0BDE8F08F3546D5E729
:104EF00026466FF08605E4E72646E2E700266FF0D7
:104F00008905DEE72F460024EAE700BF0010C00451
:104F100000FF4004000180040013C0042DE9F041AB
:104F200088B01E460023079301F0FE43B3F1806F63
:104F3000109F0C46904614D06FF08605079810F02D
:104F400063F9002814BF014629460B465A42134311
:104F5000DB173A68084622EA03023A6008B0BDE867
:104F6000F0810B464FF4007207A9FFF76FFE05466C
:104F70000028E3D10798038803F4E042B2F5005F0C
:104F800017D1C3F30222012113F4E06F01FA02F1F9
:104F90000FD0194D24F48072AA4215D005F5007582
:104FA000AC4211D0154DAC420ED0A5F53F45AA42FA
:104FB0000AD042F20402934202D1114B9C4218D013
:104FC000104B9C4202D10D21B142B5D84368026C0E
:104FD0001B0A00F12001AFD10F9B03930E9B049796
:104FE000CDE90163CDF80080234610F0ABF905460A
:104FF000A4E70C21E8E700BF0010C00400FF400454
:10500000000180040013C00410B5114C2378580728
:1050100044BF03F0FB032370990705D500F096F811
:10502000237823F00203237063781BB1094A00231D
:1050300063605360002307486370082100F018FD87
:105040002378DA0744BF23F00103237010BD00BFAB
:10505000745B0020785B002038B5FFF7BDFCA0B979
:10506000124C2378980707D400F068F8237843F0AF
:10507000020323700546A8B9D90762785CBF43F0E4
:105080000103237022B15A0708D50025284638BDF0
:10509000074962604A6002226270F4E743F0040349
:1050A0002370F2E7FFF7B0FFF0E700BF745B00206A
:1050B000785B002000F14042072A30B50CD81E4B27
:1050C000442404FB02331A7E022A02D15A69824226
:1050D00026D06FF08B001CE0421E6FF040439A42D6
:1050E0000ED2154A00241346157E022D02D15569B1
:1050F000854212D00134082C02F14402F4D1E8E7D1
:1051000000F1004303F58033B3F5704FE9D36FF03E
:10511000870030BD6FF09600FBE7442202FB0433AA
:105120001A7E022AF6D1DA69501CF3D00132DA6114
:1051300000200B60EDE700BF805B0020024B0122E6
:1051400083F8202200207047805B00202DE9F04189
:105150000A4C002526464FF001080327C4F81C809E
:105160002776204601350FF054FE082D04F1440443
:10517000F4D1002386F82032BDE8F081805B002066
:10518000F8B5214D95F8203206460F46002B35D054
:1051900000242B462246197EF9B13CB9022905D1DB
:1051A000D96919B91979002918BF1C460132082A92
:1051B00003F14403EFD114B96FF08C000BE0237EB0
:1051C000022B04D1E3695A1C1CBF0133E361204662
:1051D0000FF01FFE10B100240EE01C46237E83B9A1
:1051E000012323763EB1651BAD1003F1F0335D431F
:1051F00005F18045356000203C60F8BD6FF0880007
:10520000E9E76FF09600E6E7805B002038B5094BD0
:1052100000250D6093F8203243B1FFF74BFF10F1EA
:105220008C0F02D10D606FF0870038BD6FF08800E1
:10523000FBE700BF805B002010B500F0FE44B4F136
:10524000A06F0FD0B4F1806F0FD1094CA04209D1EB
:105250000120B1F5105F107004D10BB102221A7059
:10526000002010BD6FF08500FBE7024CEEE700BFA9
:10527000004440040002C0032DE9F047054600F158
:1052800008071C46894638460E889DF920A090469E
:1052900010F0B1F92C60B9F80290314600234A466B
:1052A00020460FF0BAFF014600284DD0384600F0E6
:1052B00021FC00283CD153464A464146384600F07E
:1052C00039FCA8BB04F0FF42B2F1906F06F4E04352
:1052D00032D0B3F5005F0DD0687142F204039E42F4
:1052E00002D11B4B9C422DD01A4B9C420CBF0D246B
:1052F00000241CE0C6F30222012393406B7116F4D4
:10530000E06FEAD0144A24F4807393420AD002F585
:105310000072944206D0114A944203D0A2F53F4253
:105320009342DAD1C6F302260124B440E4B22C71D0
:10533000BDE8F0470FF0CBBC0122B3F5005F6A7106
:10534000CBD1DCE70C24F2E76FF08500BDE8F087F5
:10535000000180040013C0040010C00400FF4004DA
:105360002DE9F04F144602689B4602F0FF4385B0DA
:10537000B3F1906FDDE90E7805460E4600F08380AC
:105380004179436A2344B3FBF1F34B43BB427CD8DE
:105390003F4B9A4261D182680023002A45D0177999
:1053A00007F01F070393C8F80030002C39D0686A53
:1053B00005F1080930B3A7EB000AA24528BFA246B1
:1053C000093031465246484410F03FF96B6A534465
:1053D0009F42A4EB0A0456446B6213D103AB0093C3
:1053E0003A465B4605F11101484600F0F5FB0FF027
:1053F0006EFCB8B9D8F80030039A1344C8F80030EE
:10540000934468620DF10C0AA74210D94CB1686A46
:10541000093022463146484410F017F96B6A23449C
:105420006B62002005B0BDE8F08F1F46BAE75B460F
:105430003A463146CDF800A0484600F0CDFB0FF0CB
:1054400046FC0028EED1039AD8F800301344E41B40
:105450003E449344C8F80030D6E714B9C8F8004079
:10546000DFE75B4622463146CDF8008005F10800B3
:1054700000F0B2FB0FF02BFCD8F80030BB4288BF25
:105480006FF09600CEE7BC42E7D96FF08900C9E71C
:1054900000444004F0B5044687B00F46164600218C
:1054A000102202A81D46019110F0F6F8636A2BB194
:1054B00023681B4A23F4806393422DD001AB2A4614
:1054C00002A904F1080000F0C7FB0FF000FC04463D
:1054D000D8B9102E344628BF102426B1224602A97E
:1054E000384610F0B2F82B68224692EA0301D21A2D
:1054F0008A430B401A43D217019B8A2103F096037B
:105500001140D2431A400A43544202A8102100F02D
:10551000AFFA204607B0F0BD6FF08604F5E700BF94
:105520000040400410B5036804462BB1054A93427D
:1055300005D104300FF0D0FF0020206010BD6FF0C7
:105540008800FBE709000002F8B5076805460C462D
:1055500007BB124B994213D1061D30460FF0B8FF1E
:105560003046394600F04AFA064628B92C603046E3
:10557000BDE8F8400FF0ABBB2846FFF7D3FFF6E7D6
:1055800001F0FE44B4F1007F14BF6FF086006FF0AD
:105590008500F8BD6FF08800FBE700BF090000023E
:1055A00010B5074B04689C4206D104300FF099FFF8
:1055B000BDE810400FF08BBB6FF0880010BD00BF3E
:1055C000090000022DE9F041047844F0007404F170
:1055D0007E44033C102C1F4698BF124B3A6098BF84
:1055E0001C5D06468846154688BF00241AB1212155
:1055F000404610F051F8AC420DD832680A4B9A423E
:105600000CD14146301D0FF0ACFF0FF060FB00B92C
:105610003C60BDE8F0816FF08900FAE76FF0880028
:10562000F7E700BF4FB60208090000022DE9F04776
:10563000294B164602681340B3F1607F8AB080465A
:105640000D4645D1D0F804A05FFA8AF343F0007309
:1056500003F17E43033B0022102B019298BF1F4AA7
:1056600000F1080794BF12F80390914601AB202285
:1056700002A938460FF0BFFC044628BB5146384605
:105680000FF081FC0446D8B94A4608F17801384643
:105690000FF09AFC044698B9019A02A938460FF017
:1056A00093FC044660B901AB202202A938460FF0F2
:1056B000A2FC044620B9324602A928460FF0C5FFD5
:1056C000019902A800F0D4F920460AB0BDE8F0879D
:1056D0006FF08804F8E700BF0000C07F60B60208E2
:1056E00038B50268044672B10B4B1340B3F1607FCA
:1056F0000BD14021783000F0BBF904F108000FF025
:1057000033FC00232360002038BDB82200210FF0B5
:10571000C3FF6FF08800F7E70000C07F2DE9F0437A
:10572000D0F8008095B00446B8F1000F40F0A28098
:10573000524D03601D40B5F1607F0DD1DBB243F0E7
:10574000007606F17E43033B102B03920ED9466090
:10575000002A49D117464EE0B82241460FF09CFF7F
:105760006FF08505284615B0BDE8F083102B20D8D2
:10577000DFE803F02525251F1F2525091D1B191FFF
:105780001F17151311003E4B63606FF0850520460F
:10579000FFF7A6FFE6E73B4BF6E73B4BF4E73B4B57
:1057A000F2E73B4BF0E73B4BEEE73B4BECE73B4B89
:1057B000EAE73B486660C35C002BC9D0E5E7402AB6
:1057C000666013D9402703AB019340230093304612
:1057D00004AB0FF027FC054668B1402104A800F097
:1057E00047F9002DBED0D2E70027ECE712B104A89C
:1057F0000FF02BFF40270DF11009039D4B46A845E4
:1058000029D1BD4206D2C5F14002362109EB05007F
:105810000FF042FF05F1770204F1770322449A4228
:1058200021D1BD4207D204F17800C5F140025C21CC
:1058300028440FF031FF04F10808314640460FF0CC
:10584000A2FB05460028C8D13A4604A940460FF0FD
:10585000BBFB0546C1E71A7882F0360203F8012B3C
:1058600008F10108CBE719F8011B81F06A0103F880
:10587000011FD4E76FF0880574E700BF0000C07F08
:105880000A000002130000021200000211000002D0
:10589000100000020D0000020C0000020B000002CC
:1058A00071B6020810B4046844B1064B2340B3F14A
:1058B000607F03D110BC08300FF086BB6FF088000A
:1058C00010BC70470000C07F2DE9F04FCFB00446F8
:1058D000039100F1480346AD00F168061868596865
:1058E0002A4603C20833B3421546F7D104AAD2E9C7
:1058F0004483D2E94797D2E942160193D2F824B102
:105900003D4BD2F8185102934FF0000CBCF10F0F31
:105910005AD8039B53F82C301BBA4FEAF52E87EA6E
:105920000900DDF808A093608EEAB51E28408EEAD3
:10593000756E784070445AF804EBCDF808A07044B6
:1059400003444FEA713E46EA010006EA010A8EEA84
:10595000B10E00EA080040EA0A008EEAB15EDDF806
:1059600004A0CDF804800CF1010C5B448644BCF12A
:10597000400F9A4402F104027344BB461DD104A8AF
:10598000C0E94897C0E946A5C0E94468C0E942318A
:10599000C0E9003E45A904F14403643453F8042FE0
:1059A00051F8045F9C422A441A60F7D14FF4947175
:1059B00000F05EF84FB0BDE8F08FB0464F460E469F
:1059C000A94619465546A1E7136852F834AC52F877
:1059D000380C4FEAF34E8EEA734E8EEA932E52F84D
:1059E000143C03444FEABA4080EAFA10734480EA58
:1059F000DA00034491E700BF6480020803460846CA
:105A0000C1B9C3E910110D4A0D49DFF838C0C3E927
:105A100012120D4A0D49C3E914C20D4AC3E9161208
:105A20000C4A1A6602F17452A2F52302A2F69242BF
:105A30005A6670476FF08600704700BF85AE67BB3F
:105A400067E6096A72F36E3C3AF54FA57F520E5134
:105A50008C68059BABD9831F014B1B68184700BF9F
:105A6000AC040020014B1B68184700BFA8040020AD
:105A700010B50A46044619B1024B00211B6898472D
:105A800010BD00BF64810208F0B50C4B0C4E0446FB
:105A9000586800B9F0BDC579C5F3840556F825509E
:105AA0002D78A54208D1457905F00F07B1EB871F86
:105AB00002D1B2EB151FEDD00833E9E76C81020883
:105AC0006881020810B5044680B1406B40B123687C
:105AD000074ADB79C3F3840352F823305B699847A4
:105AE00020463821BDE81040FFF7C2BF10BD00BFFF
:105AF0006881020838B505460C46A9B13822002154
:105B00000FF0CAFDE3790A4AC3F3840352F8233045
:105B10001B6913B92C60002038BD984768630028C2
:105B2000F8D16FF08C00F7E76FF08600F4E700BF64
:105B30006881020870B4DCB2012C25D804681CB35B
:105B4000E57905F00305012D05D8657905F00F0508
:105B5000B2EB851F18D142600372E5790C4E406BA1
:105B6000C5F38405012B56F8255008D0637903F05E
:105B7000F004302C03D003F0E003402B02D1AB68DB
:105B800070BC1847EB68FBE76FF0860070BC70478D
:105B90006881020838B5036805461446BBB1102A6F
:105BA00013D8DA79D20707D41B795B09B4EB830FDA
:105BB0004FEA83020BD314462CB1224605F1200094
:105BC0000FF043FD2C63002038BD0248FCE76FF066
:105BD0008600F9E7809FFFFFF0B40468049F1CB9BA
:105BE0006FF08600F0BC704700243C6006683EB34E
:105BF000347914F01F0423D0767906F0F006102EC5
:105C000011D1A2421ED13A6002680F4CD279C2F380
:105C1000840254F8222054680A46A44690F90810D9
:105C2000406BF0BC6047994208D1C369002BD7D1C3
:105C3000B2FBF4F304FB1322002AD1D10348D1E7CD
:105C40000348CFE70348CDE768810208809FFFFF44
:105C5000809CFFFF809DFFFF10B50146006808B3E0
:105C60000020106018600A68537903F0B004302CEB
:105C700017D003F0E004402C13D003F0F003602BA6
:105C80000FD0902B0DD0A02B0BD09279463A012A41
:105C900007D9102B09D1CB698342A0F5C54008BFB5
:105CA000002010BD6FF08600FBE70148F9E700BF58
:105CB000809FFFFFC02AF0B544D0B2F5807F43D06B
:105CC000802A40F0BA800A23036003460024520968
:105CD00043F8044F01EB820251F8044B43F8044FA0
:105CE0008A42F9D103680C2B30D00E2B5ED00A2BE0
:105CF00026D1534D534900F1A006426955F8044B93
:105D00008768C2F307237C40CB5C6340140E1030DD
:105D10000C5D83EA0443D4B20C5D83EA0463C2F3EE
:105D200007440C5D83EA042350F8044C836063400D
:105D30000468C36063405A40036142618642DCD11B
:105D40000020F0BD0C23BFE70E23BDE73C4C3D49CE
:105D500000F1C005C26954F8046B8768C2F30723D9
:105D60007E40CB5C7340160E18308E5D83EA06438E
:105D7000D6B28E5D83EA0663C2F307468E5D83EA80
:105D8000062350F80C6C8360734050F8086CC360B5
:105D9000734050F8046C03617340066843617340BC
:105DA0005A408361C2618542D4D1C9E7244D254957
:105DB00000F1E006446A55F8042B8768C4F3072312
:105DC0007A40CB5C87695340220E20308A5C83EA9C
:105DD0000243E2B28A5C83EA0263C4F307428A5C4C
:105DE00083EA022350F8142C8360534050F8102C9F
:105DF000C360534050F80C2C03615340DAB2436146
:105E00008A5C7A401F0ECF5D82EA0762C3F30727E0
:105E1000C3F30743CF5DCB5C82EA072282EA0343E8
:105E200050F8042C836153400268C36153405C40C6
:105E3000036244628642BDD182E76FF01F0080E7B3
:105E4000BC81020882B702082DE9F04FC9B002AD4B
:105E5000044628460E4617460FF0ECFB0023314659
:105E600063603A462846FFF725FF0646002835D1ED
:105E7000029F039B3448DFF8D4C0276004A903EBDA
:105E8000870301EB830251F82330A3605368E3607A
:105E900093682361D368636104F1180E103A7B1E86
:105EA000984671469146B8F1000F20DC002F4FEA6A
:105EB0000313C8BF1C46C3F10003D8BF002302EB85
:105EC0000300D8BF00240EEB0401D3584EF8043071
:105ED00043684B6083688B60C368CB6002A84FF453
:105EE0008C71FFF7C5FD304649B0BDE8F08F01F178
:105EF0001004A9F1040B01945BF8044F250E1CF863
:105F0000055050F825A0E5B21CF8055050F8255072
:105F100085EA3A2AC4F30725C4F307441CF8055060
:105F20001CF8044050F8255050F824408AEA3565A2
:105F300085EA344541F8045B019CA142DCD108F1BB
:105F4000FF38A9F11009AEE7E481020882B7020820
:105F50002DE9F04F012993B08C469E4600F27483E0
:105F60004368176856689568D46850F8082B4FEA5C
:105F70006208990008F1FF38BCF1000F40F0BC81C5
:105F8000421850F8233087EA030A5368734002939B
:105F900093686B400393D3686340DDE90204049384
:105FA0001E46D34B3032554652E9069BCDF814B00D
:105FB00052F810BCCDF818B052F80CBCCDF81CB09B
:105FC00052E9081752F808BCCDF820B0B8F1000F1C
:105FD00052F804BCCDF824B002F1200200F3CA80CC
:105FE000BCF1000F03D1DDE90204049E55465FFABF
:105FF00085FC020E53F82CC053F8222081EA0C01D4
:1060000081EA3221C6F307225FFA80FC53F822208E
:1060100053F82CC081EA3261C4F3074287EA0C07C7
:1060200053F8222081EA3241220E5FFA84FC53F8B1
:10603000222053F82CC00E9187EA3227C5F307229D
:1060400089EA0C0953F8222087EA3267C6F307422F
:10605000C4F3072453F8222053F8244087EA324738
:10606000320EF6B253F8222053F826600F9789EAD1
:106070003229C0F30722C0F3074053F8222053F817
:10608000200089EA3269C5F307422D0E53F8222019
:1060900053F82550974B89EA3248059ACDF840804D
:1060A000724082EA352585EA346484EA30403C0E49
:1060B000069A1D5D1190CCB21C5D544084EA0564C3
:1060C000C0F30725079A5D5D84EA0524C8F30745F8
:1060D0005D5D84EA05444FEA18650A945E5DFDB291
:1060E0005D5D554085EA0665C1F307269E5D85EA3C
:1060F0000625C0F307469E5D85EA0645060E0B950C
:1061000013F806C0089ACEF800405FFA88F6C0B2CD
:106110009E5D564086EA0C66C7F3072C099A13F871
:106120000CC086EA0C26C1F3074C090E13F80CC00C
:1061300086EA0C4613F801C0195C0C965140C8F36E
:106140000722C7F307479A5CDB5D81EA0C6181EAAD
:10615000022282EA03430D930AA8CEF80450CEF837
:106160000860CEF80C302021FFF782FC002013B02D
:10617000BDE8F08F4FEA106C08F1FF3853F82CB0EF
:106180005FFA85FC53F82CC081EA0C0CC6F307219A
:106190008CEA3B2C53F821108CEA316CC4F3074194
:1061A00053F821108CEA314C210E53F821B0C1B2C2
:1061B00053F821107940C5F3072781EA3B2153F8B2
:1061C000277081EA3761C6F3074753F8277081EAE1
:1061D0003741370EF6B253F827B00191E7B253F8C2
:1061E000266053F82770059989EA0707C0F3072945
:1061F00087EA3B2753F8299087EA3969C5F30747AF
:106200002D0EC4F3072453F8255053F8244053F8B7
:106210002770C0F30740714053F8200081EA35260B
:10622000019986EA34665FFA8CF486EA3046080EF5
:1062300053F82450069953F82000694081EA30252C
:10624000C6F3072089EA374753F82000079985EA03
:106250003065C7F3074053F8200085EA3045380E13
:1062600053F820409DF8040053F82000414081EA93
:106270003420CCF3072453F8244080EA3460C6F37A
:10628000074453F8244080EA3440340EF6B253F801
:106290002490FCB2C7F3072753F82440089953F819
:1062A000266053F82770614081EA39240199C1F3CF
:1062B0000729099953F8299084EA3964CCF30749EE
:1062C0004FEA1C6C714053F82CC053F8299081EAB6
:1062D0003C260199C1F3074186EA376653F821103D
:1062E00084EA394486EA31464FF0010C5CE600BF8F
:1062F000E481020882B6020850F82330D44A0144EF
:106300007B4002934B68734003938B686B4004930C
:10631000CB68DDE903056340029C059330311E46DE
:106320004FF0000C51F810BCCDF818B051F80CBC6F
:10633000CDF81CB051E9083751F808BCCDF820B0B1
:1063400051E906A9B8F1000F51F804BCCDF824B00A
:1063500001F1200100F3BA80BCF1000F03D1DDE9A7
:106360000305059E029C5FFA84FC310E52F82CC096
:1063700052F8211083EA0C0383EA3123C0F307218A
:106380005FFA80FC52F8211052F82CC083EA316386
:10639000C5F3074187EA0C0752F8211083EA31431D
:1063A000210E0E9352F8211087EA3127C5F30721F9
:1063B00052F8211087EA3167C6F3074152F82110DD
:1063C00087EA3147E9B22D0E52F8211052F82550D4
:1063D0000F978AEA010C010EC0F3074052F8211012
:1063E00052F820008CEA312CC6F30721F6B252F89D
:1063F000211052F826608CEA316CC4F30741C4F3D3
:10640000072489EA060652F8244052F82110914ADE
:1064100086EA352585EA346484EA3040040E069E17
:10642000155D1190DCB28CEA3141145D109174401D
:1064300084EA0564C7F30725555D84EA0524C1F3A2
:106440000745555D84EA05481D0E079C565DCDF84D
:106450002880FDB2555D654085EA0665C1F30726D3
:10646000965D85EA0625C0F30746965D85EA0645F2
:106470003E0E0B9512F806C0089CCEF80080CEB2F6
:10648000090E965D664086EA0C66C0F3072CC0B222
:1064900012F80CC086EA0C26C3F3074CC3F307239B
:1064A00012F80CC0D35C86EA0C4612F801C0115CED
:1064B00009980C96C7F307474140D25D81EA0C6109
:1064C00081EA032383EA02430D9345E64FEA166C03
:1064D00008F1FF3852F82CB05FFA84FC52F82CC057
:1064E00083EA0C0CC0F307238CEA3B2C52F82330D0
:1064F0008CEA336CC5F3074352F823308CEA334CF3
:10650000C3B252F823305F40230E52F8233087EA9B
:106510003327C5F3072352F8233087EA3367C6F3DE
:10652000074352F8233087EA33430193030EC0F345
:10653000074052F823B052F82000079FEBB22D0E0F
:1065400052F8233052F825508AEA0303C6F3072A8B
:10655000F6B252F82AA052F8266083EA3B2383EA77
:106560003A6AC4F30743C4F3072489EA060652F8DB
:10657000244052F8233086EA352686EA346686EAD5
:1065800030465FFA8CF08AEA334352F8204006988E
:1065900060400446300E52F8200084EA302401980E
:1065A000C0F3072052F8200084EA3064C3F30740A8
:1065B00052F8200084EA30444FEA1C6052F8205020
:1065C0009DF8040052F82000474087EA3520C3F3C5
:1065D000072552F8255080EA3560C6F3074552F882
:1065E000255080EA3540019D2D0E52F82590DDB2F0
:1065F0001B0E52F82550089F52F823306F4087EA4F
:106600003925C6F30729F6B252F8299052F82660C8
:10661000099F85EA3965CCF30749CCF3072C77400D
:1066200087EA332652F82C3052F8299086EA3366EE
:10663000019BC3F3074785EA394552F827304FF0ED
:10664000010C86EA33466DE66FF086008FE500BFE9
:10665000E485020882B7020800B50346F5F7DAFFC1
:1066600003495DF804EB0144184600F003B800BF8D
:1066700010000000F8B5504A0D460023D0E9000193
:10668000EAF768FD002AAEBF4C4B4D4B02F5A8322D
:106690000446B8BF02F5C072E41841F100064FF499
:1066A0006161B2FBF1F301FB13223C21E01CAB6002
:1066B000B2FBF1F301FB13226B602A6046F100018B
:1066C00007220023EAF746FD002A55DA0732AA61BD
:1066D0003C483D4A20184FF0000366F10001EAF7FC
:1066E00039FD394B03FB104448F6AC61B4FBF1F1C2
:1066F000214440F2B457B4FBF7F3C91A334BB4FB4F
:10670000F3F3C91A48F69463B1FBF3F3234440F260
:106710006D16B1FBF6F2B1FBF7F15B1A06FB123313
:10672000992103EB830402345E1CB4FBF1F7794337
:1067300002314FF0050CB1FBFCF1761A40F2F95131
:106740008C428CBF6FF0090102214FF4C8743944A8
:1067500004FB0020012998BF0130B3F5997F13D3C2
:10676000A3F59973EB61A0F26C700023C5E90410E6
:10677000EE602B622846F8BD002EAA61A8DB124A03
:10678000002320463146AAE7970710D14FF0640C4A
:1067900092FBFCF70CFB17275FB992FBF4F704FBA5
:1067A0001722B2FA82F252093B331344DAE700228D
:1067B000FAE70122F8E700BF805101006CFA0A00F5
:1067C0006BFA0A0050C5FDFFB13A0200B03A020070
:1067D0000CB430B58BB004460D462022002102A82F
:1067E0000EF05AFF02238DF80A30002D0C4B039354
:1067F000069412DB01D06B1E1C440FAA0E9907945D
:1068000002A8019200F0C2FC15B1069B00221A708A
:106810000BB0BDE8304002B070470024EDE700BF88
:106820008F5D02080EB470B58BB00FAD044655F8FD
:10683000046B2022002102A80EF02EFF02238DF807
:106840000A302A46084B0393314602A80694019564
:1068500000F09CFC0028A4BF002323540BB0BDE82B
:10686000704003B0704700BF8F5D02082DE9F84FFC
:1068700081468846002319F80300202803F101020D
:1068800000F08F81A0F10901042940F28A812B28B0
:10689000144631D02D2834D0042540F02003692B34
:1068A00031D06E2B5FD000224FF00A0A9646174671
:1068B0001346114615F4006C6AD040F02006A6F18C
:1068C000610BBBF1050F63D8573EF6B2564564D352
:1068D00040F02000782805F0800640F0A480002ECB
:1068E00052D053EA010640F0A08045F4006C1FFA34
:1068F0008CFC4FF0100A84E0042519F802009C1C5F
:10690000CBE74425F9E7A84BA84F002613F8011B55
:1069100051B119F8042042F020028A4204F101002A
:1069200025D0A34A93422FD1304639460FF03CF987
:1069300050B119F80430282B06D1013419F804306D
:10694000292B04F1010414D16B0602D507F1004391
:106950001F46B8F1000F02D04C44C8F80040304642
:106960003946BDE8F88F934B934F0026CEE7044697
:10697000CCE723F02002413A192ADFD9A3F13002F3
:10698000092ADBD95F2BD9D0002600270024E0E7B5
:10699000A0F13006F6B256453AD245F0800C15F417
:1069A00080701FFA8CFC24D1BAF10A0F14BF4FF08B
:1069B0000F0B4FF0100BDE450EDCA80526D4AAFB0A
:1069C0000335F3180AFB015545F1000153EA0100B4
:1069D00017D00EF1010E14E045F4C07CBAF10A0F95
:1069E0001FFA8CFC05D1042E03D9052E08BF0646DC
:1069F0000227002E18BF47F001071CF4007F00D1CA
:106A0000013219F804006546013453E7013AD6E72C
:106A1000FE2E7FF45DAFAE053FF55AAF45F4007C26
:106A20001FFA8CFCEDE7002EAED0BCF1000F70D049
:106A300092007026864219D119F804002B2804F11F
:106A4000010604D02D2866D145F48065ADB219F851
:106A500006C0A61C04466046A0F1300CBCF1090F2C
:106A60005CD901340CBF06F1FF34B41E53EA0100B7
:106A700004F1FF3400F09280280575D53632B1F567
:106A8000800F64D34D48B1F5000F64D2824262DBBF
:106A90003B4303F00306032E084603D003F006062B
:106AA000062E09D1043341F10000B0F5000F22BFDA
:106AB000013201234FF48000B2F5806F6BDAB0F53C
:106AC000800F4FEA900126BF21F4801102F2FF32BD
:106AD00000229B0843EA807341EA02571846394670
:106AE0001E4601F0ADFC0138022804D8F5F792FDEE
:106AF000334B22221A503046394601F0A1FC0138AE
:106B000002283FF621AFF5F785FD2D4B22221A50C2
:106B10001AE765268EE74FF0FF349DE7002440F228
:106B2000D34A4FF00A0B5445DCBF30380BFB04044A
:106B300019F80600A0F1300CBCF1090F06F10106AE
:106B4000F1D9680548BF6442224434468EE7DB1819
:106B50004941013A93E75E0846EAC17603F0010332
:106B60003343490801328EE796441EF5A27F0FDDBC
:106B7000BEF59B7F0FDA03F0010038430130800837
:106B8000181841F1000100F0D1FF06460F46B2E7A8
:106B900000260027AFE7054F0026ACE700260027B8
:106BA000D2E6134667E600BF85B802080000F07F12
:106BB00088B8020882B802080000F87F02FCFFFFD4
:106BC0000C0000002DE9F047002380460F4618F81E
:106BD00003C0BCF1200F03F1010200F06081ACF1B1
:106BE0000901042940F25B81BCF12B0F144630D01F
:106BF000BCF12D0F32D000264CF02003692B2FD092
:106C00006E2B57D000214FF00A098E460B460D46D9
:106C100016F4006061D04CF02002A2F1610ABAF1D2
:106C2000050F5AD8573AD2B24A455BD34CF0200CE4
:106C3000BCF1780F06F0800240F08F80002A49D026
:106C4000002D40F08C8046F4006080B24FF01009B7
:106C500072E0002618F802C09C1CCDE74026F9E738
:106C6000904B4FF0FF4513F8011B51B118F8042069
:106C700042F020028A4204F101001ED08A4A934267
:106C800028D128460EF09DFF50B118F80430282B6B
:106C900006D1013418F80430292B04F101040ED177
:106CA000730601D505F100450FB144443C60284608
:106CB000BDE8F0877D4B7E4DD5E70446D3E723F052
:106CC0002002413A192AE5D9A3F13002092AE1D973
:106CD0005F2BDFD000250024E6E7ACF13002D2B212
:106CE0004A4530D246F0800016F4807C80B21CD138
:106CF000B9F10A0F14BF4FF0070A4FF0080AD64542
:106D000007DCB6051DD405FB0925ADB10EF1010E5A
:106D100012E046F4C070B9F10A0F80B205D1042A1E
:106D200003D9052A08BF62460223002A18BF43F090
:106D30000103860500D4013118F804C00646013469
:106D400066E70139DFE7FE2A7FF470AFB2053FF551
:106D50006DAF46F4007080B2EEE7002ABAD000288A
:106D600060D089007022624519D118F804202B2ABE
:106D700004F1010004D02D2A56D146F48066B6B243
:106D800018F800C0A01C14466246A2F1300CBCF1F9
:106D9000090F4CD901340CBF00F1FF34841E013CB3
:106DA000002D7AD0320562D51931B5F1007F55D367
:106DB000B5F1806F55D211F17E0F52DB2B4303F0FA
:106DC0000302032A03D003F00602062A05D1043386
:106DD000B3F1806F24BF5B0801317F295ADCB3F126
:106DE000007F4FEA930526BF7F3125F4000500217F
:106DF00045EAC155284601F087FB0138022804D82E
:106E0000F5F708FC2B4B22221A50284601F07CFB98
:106E1000013802283FF644AFF5F7FCFB254B222250
:106E20001A503DE765229EE74FF0FF34ADE700249E
:106E30004FF00A09DF2CDCBF303A09FB042418F8B4
:106E40000020A2F1300CBCF1090F00F10100F1D9D2
:106E5000720548BF644221440446A0E76D00013931
:106E6000A3E705F0010242EA55050131A0E78E448F
:106E70001EF12D0F0CDBBEF1270F0BDC05F001001E
:106E80001843013005EB90000EF0E0FC0546BCE72E
:106E90000025BAE74FF0FF45B7E7002500E71346A6
:106EA00095E600BF90B8020893B802088DB80208B2
:106EB0000000C07F0C000000242A2DE9F0410546A7
:106EC00001D8012A0AD1F5F7A5FB344B16221A5036
:106ED00001B10D600020BDE8F0813046064616F88D
:106EE000014B202CF9D0A4F10907042F2346F4D933
:106EF0002B2C32D02D2C33D14FF0010C3378861C43
:106F0000302B34D1307840F0200078282BD132F06B
:106F1000100028D173783546102202360CF1004754
:106F2000013F0020B7FBF2FE02FB1E78392B82BF27
:106F300003F1FF3343F02003263B303B9A421DD937
:106F4000704502D817D1984515D24CF0020C344642
:106F5000354614F8013B2646E8E74FF0000CCDE734
:106F60004FF0000CCCE7002A08BF0822D6E7002A21
:106F700008BF0A22D2E700FB0230E8E701B10D604A
:106F80001CF0010F18BF40421CF0020FA3D0F5F710
:106F900041FB024B22221A5038469CE70C000000AD
:106FA000242AF0B5044601D8012A40D1F5F732FB76
:106FB0002D4B16221A5001B10C600020F0BD2F4657
:106FC0003D4615F8010B2028F9D0A0F10906042E42
:106FD0000346F4D92B282CD02D282CD101262B7830
:106FE000BD1C302B2DD1287840F02000782824D1EA
:106FF00032F0100021D16B782C461022023500208F
:10700000392B82BF03F1FF3343F02003263B303B93
:107010009A421AD9A0FB02040CB9C01801D346F059
:1070200002062F462C4617F8013B3D46E8E7074687
:10703000C6E70026D3E70026D3E7002A08BF0822C8
:10704000DDE7002A08BF0A22D9E701B10C60F20788
:1070500048BF4042B307B1D5F5F7DCFA024B222214
:107060001A504FF0FF30A9E70C0000002DE9F04165
:107070000126B24201DCBDE8F08107463B461F46CF
:1070800013F8014B002CF6D0252CF8D11D78252DB6
:1070900007F10207F2D00023DFF8EC809C461C4683
:1070A0001F2C27D8A5F1200EBEF1100F06D828FA04
:1070B0000EFE1EF0010F53D12E2D3CD02E2D27D8C1
:1070C000242D33D02A2D36D0BCF1000FD3D0B445B7
:1070D000D4D145F02007A7F1650CBCF1020F0B6875
:1070E00001D9612F42D1073323F0070308330B6026
:1070F0000136BEE77F2CDFD96C2D23D01DD8682D3B
:1071000027D06A2D01D04C2DDED144F4207408E044
:10711000A5F1300EBEF1090FEED80A2404FB03E3FB
:10712000202417F8015B002DBAD1CDE7BCF1000F88
:1071300018D0B34218D00023F3E7742DF1D07A2D84
:10714000EFD0C1E7250648BF44F4007444F0800442
:10715000E7E7E50548BF44F4007444F48074E0E7D1
:107160000024DEE79C46E6E76325B2E7692D02D0FE
:1071700007D8632D03D0250601D5A405B3D4043365
:10718000B5E7732DF6E700BF892801002DE9F04F20
:107190008378D0F8049093B09C07CDE9081280461C
:1071A00015D50B920B460025187890B1252814D0E0
:1071B000013306934146C847002805F1010580F2D6
:1071C000F88398F8023043F0040388F802304FF057
:1071D000FF35284613B0BDE8F08F93F801A09A1C44
:1071E000BAF1250F0692E5D04FF0000B5E465F46E0
:1071F0005C461F2C23D8AAF12003102B22D8DFE8ED
:1072000003F01521211B2121210B212121132118FC
:107210002121090044F00104069B13F801AB0693F9
:10722000BAF1000FE5D11BE044F0020444F004047D
:10723000F2E744F00804EFE744F01004ECE77F2C99
:1072400000F2F680BAF12E0F00F0D38000F2AC808D
:10725000BAF1240F00F0D380BAF12A0F00F0B48005
:10726000BBF1000F06D0099B08980B935A460BA957
:10727000FFF7FCFE002E4AF02003B8BF24F04004C4
:107280000493A3F16503BCBFA4B20026022B04D96A
:107290004AF02003612B40F08C826FEA0A0A0AF060
:1072A000200307930B9B073323F0070303F1080226
:1072B0000B92049A612AD3E9000104F0400340F0E4
:1072C000E480002B08BF4FF0FF36079B00930CAA09
:1072D00033460EF0D6FC0130C3B2B3420393A8BFCD
:1072E00003F1FF364FF0010C7023CDE9043CDDF8CB
:1072F00030A044F4C0540AF10903122B0DD90AF14D
:107300006303C62B40F2F3800AF2E73340F2CE72F9
:1073100093428CBF0423032305939DF83430D80790
:1073200000F1E780A20700F1E780C4F3800B4FEA89
:107330004B1B5FFA8BFB13F00C0F00F0E980BBF1E5
:10734000000F0CBF03230423BB420EDA2007A7EB78
:1073500003070BD42F4441462020C847002805F1DD
:107360000105FFF62EAFBD42F5D10027BBF1000F9E
:1073700007D041465846C847002805F10105FFF6E9
:1073800020AF9DF83430AE4C13F0080FAD4B08BF62
:107390001C462646324616F8010B002840F0AF8006
:1073A0002C1B02EB040B7BE1AAF13003092B3FD825
:1073B00014F0400F4FF00A0212BF02FB063602FB28
:1073C000073744F0200427E7BBF1000F7FF424AF18
:1073D0000B9A600652F8043B0B9201D51E461BE740
:1073E000002BA7BF44F020041F465F4244F028044E
:1073F00012E763063FF5EDAE44F040040CE7BBF145
:10740000000F3DD014F0400A099B08980B930CBF65
:107410003A4632460BA9FFF729FE0B9B53F8042B83
:107420000B93BAF1000F01D01646F5E61746F3E6C6
:10743000BAF16C0F16D00CD8BAF1680F19D0BAF1A6
:107440006A0F03D0BAF14C0F7FF40AAF44F42074F2
:10745000E2E6BAF1740F3FF4DFAEBAF17A0F3FF40F
:10746000DBAEFDE6200648BF44F4007444F080041F
:10747000D2E6E30548BF44F4007444F48074CBE6DC
:107480005E463446BB463746C6E6002B049B08BF23
:107490000626652B0FD1721CD2B244F480541346D9
:1074A000112A4FF0650E4FF0000228BF11239446B9
:1074B000CDF810E007E0049B662B10D144F4005493
:1074C000B44601221123CDE9002C0CAA00F022FCC5
:1074D000C3B203930223DDF830A005930BE716F047
:1074E000FF02DCD16523049394460123EBE70223DA
:1074F00012E74FF02D0B1EE74FF02B0B1BE7079BFE
:10750000C01A4146C0B2C8470028BFF643AF58E68C
:1075100014F4405F40F09880039B4833002E6B4486
:1075200008BF0126133B039A1AB113F8012D302A24
:1075300078D014F0100F039B18BF33461AF1040FD4
:1075400075DBB24573DA534544F400547FDD0AF12C
:1075500001069E1B2AEAEA730133BBF1000F00D03B
:107560000133002E75D0721C13449F42CCBFFF1A0A
:10757000002714F0090F03D12F44BD426DD100271D
:10758000BBF1000F07D041465846C847002805F117
:107590000105FFF616AE230511D541463020C84738
:1075A0000028FFF60EAE079BC3F17800414600F0BD
:1075B000F800C847002805F10205FFF602AE2007D3
:1075C00004D4AB467D195D454FD10027A1046AD58F
:1075D0002AEAEA73AAEB030A7642039A524584BF69
:1075E0000CAA524403F1FF338CBF507930209E42E5
:1075F00005F1010B41DC41460493C8470028049B78
:107600000AF1010AFFF6DDAD5A1C09D141462E20D0
:107610000493C8470028FFF6D4AD049B05F1020B84
:107620005D46DAE7039A013AD2B203927BE75E1E27
:1076300014F4006F059A14BF0523032313448CE749
:10764000D3930208E2B40208A10483D4F0E7002631
:1076500080E7E20648BF013387E741462020C8475C
:10766000002805F1010588DAABE541463020C8471E
:1076700000280BF1010BA6DAA3E541460393C847A6
:107680000028FFF69EADE6060AD5039B013307D11D
:1076900005F1020B41462E20C8470028FFF691ADA8
:1076A0005D465F4418E29DF835004146C847002812
:1076B000FFF687AD002E61DD41462E20C847002829
:1076C000FFF67FAD01240CAB039AA242CABFE218B9
:1076D000302050794146C8470028A346FFF671ADD7
:1076E0000134A6420CABEFDAAC1C5C44049B079A55
:1076F000981A4146C0B2C8470028FFF662ADBAF1F9
:10770000000FB4BF2D202B204146B8BFCAF1000A9C
:10771000C8470028FFF655AD059B042B3AD14FF41E
:107720007A76BAFBF6F505F130004146C0B2C8479B
:10773000002804F10304FFF644AD06FB15AA6426F5
:10774000BAFBF6F505F130004146C0B2C847002843
:1077500004F10104FFF635AD06FB15AA0A26BAFBB3
:10776000F6F505F130004146C0B2C847002804F1E3
:107770000104FFF626AD06FB15AA13E0E40601D4CA
:107780006C1CB3E741462E20C847002805F10204CF
:10779000ACDA16E5059B032B04F10204CFD0059B60
:1077A000012BDBD10AF1300004F1010B4146C0B2DC
:1077B00072E7AAF16303122B00F2E580DFE813F011
:1077C00013005400E300E300E300E3005400E3008F
:1077D000E300E300E300E300FC00DD00E300E3007E
:1077E0002900E300AB000B9B1A1D1B680B928DF860
:1077F000303001260DF1300A20072CD50AEB060B9C
:1078000054465C4529D1A5EB0A0A04EB0A0BBF1BC1
:1078100046E70B9B1A1D0B92D3F800A0A94BBAF1B7
:10782000000F08BF9A4614F0400F14BF31464FF0C6
:10783000FF3150460DF096FF0646DDE74146202019
:10784000C8470028FFF6BDAC013CA642F6D32F4442
:107850003D1B2746D2E73C46F7E714F8010B4146AB
:10786000C8470028CDDAACE421060B9B32D5A2052F
:107870002BD5073323F00703D3E9000103F10802F6
:107880000B9224F0100B00291FFA8BFB32DA4042D6
:1078900061EB41014BF4806B0CAC0A2322460DF0E6
:1078A0007DFF1BF0400FA0EB040200F09C802BF04A
:1078B000010396429BB240F39F80BAF1000F40F063
:1078C0009D802BF011039BB21FE01A1D18680B92CC
:1078D000C117D6E71A1DE00519680B9201D40846B6
:1078E000F6E7A2054BBF48B208B241F3C01141F31D
:1078F000C031C6E750EA0103CED16306CCD5002ED5
:10790000CAD124F01104A3B23246344640F20641F3
:107910000B426FD126E024F01004A4B20A2314F025
:10792000800C0B9A4CD014F400711DBF073222F06A
:10793000070202F10801101D19BF0B91D2E90001E5
:107940000B90106850EA010247D124F0160B620632
:107950001FFA8BFB45D5002E43D124F01704A3B2A8
:107960003246344619075FD4D90704D5A74272DDE1
:107970003C1BA6183C46A34650E044F010041023DC
:107980004FF0780ACBE74AF02003782B04D1CAF1F4
:10799000780343F01003C2E741462520C84700287A
:1079A000FFF60FAC41465046C8470028FFF609AC29
:1079B0000235069BFFF7F8BB08234FF0000AAEE73D
:1079C000111D0B9114F480711068BBD014F4007178
:1079D0001ABFC0B2614680B2B4E724F006041FFAB1
:1079E00084FB0CAC5AE714465B46D9068ED5BAF137
:1079F000000F05D10134B5E71446F6E73446F4E745
:107A00000234AFE741462020CDE90332C8470028C1
:107A1000FFF6D7ABDDE903320BF1010B5F45F1DC7B
:107A20002C1B04EB0B055C46D90616D541463020CD
:107A30000392C8470028FFF6C4AB039ABAF1000FBF
:107A400032D0023541465046C8470028039AFFF617
:107A5000B8AB2E441DE016468DE740F206410B42BE
:107A6000F7D013F0020F14BF2B20202013F4806FE7
:107A7000039205F10105414618BF2D20E4E7414678
:107A800030200392C8470028039A05F10105FFF64C
:107A900098AB731B9A42F2DB16460DF1300A2EB9F1
:107AA00002EB050B3F1BFBE50135D2E7013E4146EA
:107AB0001AF806000392C8470028039AEFDAFFF786
:107AC00080BB00BFE6B4020841462020C84700281A
:107AD00005F10105FFF675AB7B1B002BF4DC68E7B5
:107AE000F0B589B004460D461646002120226846AE
:107AF0001F460DF0D1FD02238DF80230002D0A4BF8
:107B0000019304940EDB01D06B1E1C443A463146AF
:107B100068460594FFF73AFB15B1049B00221A70E2
:107B200009B0F0BD0024F1E78F5D02082DE9FF47A1
:107B3000804616460F46002900F0A280B1FA81F473
:107B4000341B002E04F10A04C0F2A280304600F07B
:107B500029FB0444304600F02BFBA4EB0609054644
:107B60006946304600F04CFBA9EB05037D336A46BD
:107B7000404639460DF039FEA64282460D4600F3D6
:107B80008380B9F13F0F00F381804FF0FF33A9F1FB
:107B9000200003FA00F003FA09F2C9F120010243C0
:107BA00023FA01F10A4303FA09F328EA030327EA57
:107BB000020213430CBF01200020002D00F08A8038
:107BC000B5FA85F3E31A03F23E4340F2FE729342A4
:107BD00000F38680002B23EAE371CCBF0A46012222
:107BE000121BA2F23344C4F12007A2F2344EA2F2D7
:107BF00053432AFA04F605FA07F73E4325FA03F33E
:107C0000CEF1200CA2F254471E4305FA0CFC2AFACE
:107C10000EF343EA0C0325FA07F73B4313F0010385
:107C200025FA04F4CEF12008A2F2544218D04FF005
:107C3000FF3707FA02F307FA0EFC4CEA030C27FAA7
:107C400008F34CEA030C07FA0EF72AEA070A25EABA
:107C50000C055AEA050A41D100283FD006F001037D
:107C60009A1944F10004C4F3130452EA040008BF53
:107C7000C91844EA01571046394604B0BDE8F087F8
:107C8000B0FA80F420345BE7012096E7002094E707
:107C9000C6F10009484600F08BFA241A484600F065
:107CA00087FAA61B0546694648462E4400F01CFB91
:107CB00006F17C036A46404639460DF096FD824641
:107CC0000D464046394600F083FA81458CBF0020BE
:107CD000012072E7BAFA8AF3203373E70123BFE782
:107CE00001490020C9E700BF0000F07F1FB502ABCB
:107CF0000093074A4FF0CC330DF020FFDDE902017D
:107D0000C00840EA4170C90805B05DF804FB00BF37
:107D1000CDCCCCCC2DE9F04F9BB00F0D0A939DF844
:107D2000903005920C93C1F30A52C1F31303C90FAB
:107D3000044607917AB950EA03017CD105993023B2
:107D40004B71079B0A6043F002030B71012630461A
:107D50001BB0BDE8F08F40F2FF718A420AD10343A5
:107D6000079B059A14BF43F0080343F00403137103
:107D70000026ECE7A2F2354A43F48015234301BF05
:107D800027F001077F057F0DB7FA87F704F001029E
:107D90004FEA85080CBF7F090127BAF1000F08924E
:107DA00048EA94784FEA8406C0F2B680504600F064
:107DB000EDF9BAF1030FC8BF0138049000F000FAE2
:107DC000049B7C30A3EB0A0A824416A9184600F0F3
:107DD0008BFA12AB019310AB009320465346294611
:107DE000029716AA0DF0B8FD049B152B04460D460C
:107DF00000F28E8014ABA94A009330464FF0CC338A
:107E00004146DDE9109A0DF099FE149B159A9B08E6
:107E100043EA827303EB8303B34210D141463046F9
:107E200000F0D6F9049B83428CBF4FF000084FF05E
:107E30000108002715E0DFF868A21D469EE7089BB1
:107E4000002B55D1013E48F1FF31F01B61F10001DB
:107E500000F0BEF9049BDDF8208083428CBF002730
:107E600001270C9B002B40F0C880DDF828900026ED
:107E7000069609964FF00A0BDDE91001FFF736FF71
:107E8000DDE912A3CDE90D01194650460F93FFF726
:107E90002DFF0A460D990B9003468B420E9B72EB09
:107EA00003010F9B80F0C480204629460F92FFF704
:107EB0001DFF0B9B0F9A13920BFB03F50D9B109369
:107EC0000E9B11930B9B1293069B002E14BF4FF039
:107ED000000808F0010801330BFB1046554514BF9C
:107EE000002707F00107F6B2069304460D46C3E7E4
:107EF000B01C48F1000100F06BF9049B83428CBF79
:107F000000200120B9EB00006AF10002CDE9100267
:107F10004FF000084746A4E7CAF1000B584600F0AE
:107F20003BF9BAF1FF3F0CBF8146A0F10109ABEB71
:107F3000090B0AEB09035846049300F041F916A90E
:107F4000A0F17D0A584600F05BF912AB0193A9EB52
:107F50000A0A10AB0093204629460297534616AAF8
:107F60000DF0FAFCB9F1010F04460D460ED8089B3E
:107F700013B94FF0010874E7109B119A013B42F1CD
:107F8000FF32CDE910324FF0010852E7B9F13E0F50
:107F9000BED84FF0FF33A9F1200003FA09F203FA2B
:107FA00000F0C9F1200123FA01F102430A4303FA68
:107FB00009F328EA020826EA030656EA08060CBF77
:107FC0004FF001084FF0000833E700FB02F6A1FB79
:107FD0000012013332448C4275EB0206F5D2049A4A
:107FE000DDF828901344259A1344D20F9342B8BF6A
:107FF00013469945A8BF994639E70A210022012373
:108000000846E8E70BFB01FEA0FB0B010CF1010C9D
:108010007144844275EB010EF4D2CC450DDDB9F10B
:10802000000F02D154EA050107D0012309933BE771
:108030000A2000214FF0010CEBE7002F32D04FF067
:108040000A0B50461946FFF751FE0BFB00F2524552
:108050000B910E9026D1DDE91001FFF747FE8A460D
:108060000D9029462046FFF741FE0D9A0E9B129374
:10807000CDE9102A0B9A1392069A002E14BF4FF0E6
:10808000000808F0010801320BFB10469A46F6B2D0
:108090000B9B069204460D46D3E700BFCDCCCCCC5B
:1080A000CCFBFFFFB8F1000F05D0052E03D104F083
:1080B00001060436F6B2069BDDF810809844099B51
:1080C00053B9DDE912239D4208BF944204D1089BB5
:1080D000002B47D1002F45D0042E94BF0026012647
:1080E00030194FF00A0245F1000100230127144620
:1080F000904271EB030537D2EEB1B9451BDA0C9B08
:108100006BB1259ADDF8289008EB07031344012B87
:10811000B8BF01239945A8BF99464F450BDD0530EF
:108120004FF00A024FF0000341F10001E9F762F855
:1081300008F10108013F4F45A8BF4F463EB20FFA74
:1081400088F8059B08FA87F706F10508013F98446F
:108150004FF00009B1450EDB059B1A461F60079BD7
:108160001371F4E50126BBE704FB03F5A2FB04232E
:1081700001372B44BCE70A220023E9F73BF83032F1
:1081800008F8012D09F10109E4E700BF014B58434C
:10819000800C704741340100014B5843000D70477B
:1081A000FB2E0B00014B5843C00C70474F9312003D
:1081B000024B5843C00C0130704700BF4F93120070
:1081C000024B5843C00C0130704700BF4F93120060
:1081D0000A4A70B503464FF0CC3600204FF03335D5
:1081E00006FB03F402FB0144A3FB023121449D4240
:1081F00075EB010401D30130F2E770BDCDCCCCCCDE
:108200002DE9F04F1A23354EB0FBF3FA03FB1A03A6
:1082100089B004460D4606EB0A1653B9D6E9002389
:10822000C1E90023D6E90201C5E9020109B0BDE8B0
:10823000F08F2B4A02EBC303D3E9008904AB009310
:10824000D6E90223404649460DF078FC06AB009380
:10825000D6E9002383460F46404649460DF06EFCA2
:10826000DDE9066216EB0B0652EB07084FF0000340
:1082700028BF0123814633B1049B059A013342F1A3
:108280000002CDE9043220460391FFF799FF07462B
:108290001A2000FB0AF0FFF793FF3F1A32464346CD
:1082A0000399009748460DF060FC4FEA141C0D4AF4
:1082B000640004F01E0352F82C40DC4004F0030478
:1082C000241841F10001C5E90041DDE904230097CC
:1082D000304641460DF049FCA6E700BF786702082A
:1082E000A8660208E48902082DE9F04F1A27DFF892
:1082F000E4A000F11905B5FBF7F56F433A1A4FEA10
:10830000051B89B004460E460AEB05150AD1D5E9CE
:108310000023C1E90023D5E90201C6E9020109B041
:10832000BDE8F08F2C4B03EBC203D3E9008904AB0B
:108330000093D5E90223404649460DF0FFFB5AF869
:108340000B206B68013ACDE9020106A963F1000335
:108350000091404649460DF0F1FBDDE906528A46A0
:1083600002996D18039952EB01084FF0000328BFE2
:108370000123814633B1049B059A013342F1000287
:10838000CDE904323846FFF71BFF07462046FFF7CA
:1083900017FF3F1A2A4643460097484651460DF0BC
:1083A000E4FB4FEA141C0D4A640004F01E0352F86B
:1083B0002C40DC4004F003040134241841F1000196
:1083C000C6E90041DDE904230097284641460DF047
:1083D000CCFBA2E748680208A8660208388A0208AF
:1083E00038B5C0F3C7537F3B162B014620F000453C
:1083F00019DC002B024608DA00281BDB002D14BF15
:108400004FF07E510021084638BD0C481841084203
:10841000F9D00029C2BF4FF4000141FA03F3D2188A
:1084200022EA0001EFE7B5F1FF4FECD3E8F768FB74
:108430000146E8E74FF00041E5E700BFFFFF7F009E
:108440000B4631F0004104D100280CBF022003206C
:108450007047094A134208D0084B994207D9914204
:1084600007D1B0FA80F0400970470320704704201C
:1084700070470020704700BF0000F07FFFFFEF7FD4
:1084800038B5C0F3C7540D46034620F0004184B907
:1084900041B34FF09841E8F73BFC1A4BC0F3C75487
:1084A0009D42A4F1190406DABDE83840C00F0DF072
:1084B000E2BBFF2C08D04CF250339D4209DDBDE8F1
:1084C0003840C00F00F03AB80146E8F719FB034600
:1084D00008E02B19FE2BF2DC002B05DD20F0FF401D
:1084E00040EAC353184638BD13F1180FDCDB1933CB
:1084F00020F0FF404FF04C5140EAC350E8F708FC31
:10850000E5E700BFB03CFFFF30F000400DD0A0F524
:108510000003B3F1FE4F0AD3074B421E9A4208D91B
:10852000A0F1FF4358425841704702207047042091
:1085300070470320704700BFFEFF7F0008B102486C
:1085400070474FF0FF407047000080FF08B10248BD
:1085500070474FF0FF407047000080FF08B50DF0F6
:1085600030FB014808BD00BF0000C07F70470346D4
:1085700000201A7B12B11A688A4206D001301828EE
:1085800003F11003F5D14FF0FF30704730B50D0106
:1085900000EB01110B7BABB1D0F888310A7AD0F82F
:1085A0008441032B4FEA0221C4EB02220BDC0BB106
:1085B00004EB62010133C0F88831C0F8841128440B
:1085C0000023037330BD04EBE201F3E72DE9F04132
:1085D000D0F88041C0F88C2100EB041305461B7BCA
:1085E0000F4616464FEA041813B12146FFF7CEFF97
:1085F00005EB0803002245F808701A725A8101221F
:108600001A735E601444182394FBF3F203FB1244C4
:10861000C5F88041BDE8F08138B505461446FFF73E
:10862000A6FF431C01460AD005EB00125368E41A6A
:1086300042F210739C4204D92846FFF7A7FF00209E
:1086400038BD137AFF2B01D10120F9E701331372F2
:10865000FAE770B505461446FFF789FF431C064646
:108660001FD02046E8F7FCFAD5F89411E8F750FB44
:10867000E8F750FDA0B10C2305EB061503FB04F24F
:10868000B2F5FA6F6B8928BF4FF4FA62934208D2B1
:10869000D21A824228BF0246B2F5803F03D290B27E
:1086A00070BD0020FCE74FF6FF70F9E738B50446CF
:1086B0001546FFF75CFF431C0CD0010104EB0010D2
:1086C0000C4443895A19B2F5803F34BF92B24FF639
:1086D000FF72628138BD08B5D0F88401E8F7C0FAAE
:1086E0004FF06E51E8F714FB08BD704770477047B4
:1086F00070470020704770470A207047C8207047B5
:108700004FF47A6070474EF66020704738B50446E3
:10871000806E03681B6898470546606E03685B6E51
:10872000984794F8243063B9B4F870305B0708D4E4
:10873000236A03F5FA535B1B23EAE373984228BFCD
:10874000184638BD034608465A6D0AB1996D104760
:10875000704710B503689B6A04469847034628B1E2
:10876000206C18B158436423B0FBF3F010BD38B54A
:1087700000230446C0E90A33C0E90C33A0F8703086
:10878000806E03681B689847236820625B6A054611
:108790002046984720642046FFF7DBFFC4E90E051A
:1087A000606EA56103681B689847606E03689B6AEA
:1087B000984784F8240038BD70B503689B6A054665
:1087C00098470446C8B12B6CBBB1A86E03681B6800
:1087D0009847EB6BC31A06460FD05C43632C0CD949
:1087E0002846FFF7B6FF6423B4FBF3F4AB6BEE63EC
:1087F0001C44844294BFAC63A86370BD037813F03B
:10880000380F1FBF4FF40860C3F38303D84000F054
:10881000010008BF0120704770B5456E2B685E6A85
:1088200003681B6A0446984701462846B047606EB5
:1088300003689B6A984718B9606E03689B699847FC
:1088400094F82430834217D084F82400B0B9A06E85
:1088500003681B6898472062A06E03681B689847EE
:10886000236AC01AB0F5FA5F82BFB4F8703043F0E3
:108870000403A4F8703001E00028EDD0606E0368B6
:108880009B6C9847606E03681B6E9847606E036828
:10889000DB6C984794F8513001462BB9012384F8DA
:1088A000500084F8513070BD94F950308342FAD0B2
:1088B000236884F850001B6B2046BDE870401847C1
:1088C000F8B51C46023BFD2B0D46164601D900208B
:1088D000F8BD13780B709A09F9D103F0030209234C
:1088E000D34013F0010323D10B81CB800121735CB2
:1088F0002B719A09032AEAD003F03F0302FB0333EA
:10890000DAB2402AE3D801315718A742DFDC3144FC
:1089100005F10A000CF099FEE21B92B2B82A6A80B7
:10892000D5D8F11905F14A000CF08FFE0120CFE7F0
:10893000052CCCDDB6F80130CB80B6F803300B81C6
:108940000521D4E72DE9F84303689B6A044689466C
:108950009847054610B90120BDE8F883E06E03682A
:108960005B69984700268046464517DB606E0368C2
:10897000FF219B689847A26BB2EB500F4FEA500360
:10898000E9D29B1A691E642202FB03112046B1FB47
:10899000F5F10131FFF7D6FE0020DDE7E06E036858
:1089A0003146DB699847074608B90136DCE7E06ED7
:1089B000036831465B6A9847A0EB09000028F4DCA5
:1089C0003846FFF71BFF0028EFD0C4E710B5044678
:1089D000C06E03681B68984730B9B4F8703043F034
:1089E0000103A4F8703010BD00230371438080F8A8
:1089F0000231F8E7C06E03685B68184710B5806EF7
:108A000003681B680C469847001B0028D4BF002051
:108A1000012010BD10B5806E03681B680C46984796
:108A2000204410BD2DE9F04703681B6805460E463B
:108A30009847044630B9E86E036831465B68BDE884
:108A4000F0471847012817D0D5F86C8020F07F47F1
:108A5000D8F8003039462846D3F80890FFF7DAFFF7
:108A6000220E013A0346D2B231464046C8471FB1F2
:108A700039462846FFF766FEBDE8F0872DE9F0434A
:108A80000446C3B04FF08147606E0368FF225B6805
:108A900002A99847061E60DD2368606ED3F8048043
:108AA00003685B6B98470546606E03681B6B9847CD
:108AB0002946024602AB20460096C047E06E036896
:108AC0001B6898470546002847D00146334602AA4E
:108AD0002046FFF7F5FE002839D0606E03685B6B17
:108AE00098473946E8F714F9E8F7EEFA85F80201F5
:108AF000D4F86480D8F800304046D3F80C905B6B13
:108B00009847324601464046C8478046606E036833
:108B100031469B689847636903446361236828462C
:108B20009E6800F0D2FF4346024629462046B047E1
:108B30002B789B074BBF636B236B013301334CBF17
:108B40006363236329462046FFF76CFF9CE7E06ED2
:108B5000036829465B68984796E743B0BDE8F08311
:108B60002DE9F843036804469B690D469847A76CB6
:108B7000226806463FBBA564D3692046984728442F
:108B8000E0646568236828461F6900F09EFF294657
:108B900002462046B847E56ED4F804802B6894F866
:108BA00044909F6831462046FFF734FF4146034614
:108BB0004A462846B8470023636031462046FFF7FF
:108BC000C1FDBDE8F883E36CEB1A002BA5EB0707AA
:108BD0000ADBB4F8703043F00203A4F87030D369B4
:108BE000204698472844E06423682046DB6A98477B
:108BF000B842C6D2606E03685B6D98472368A5646F
:108C0000DB69204698470544E564BAE72DE9F0435F
:108C10000446806E0368C1B01B6898470546E06E45
:108C2000036829461B69984748B9E061E06E03680C
:108C30005B69984700B9A06441B0BDE8F083204665
:108C4000FFF7BAFD29462046FFF77CFE0028F3D047
:108C5000606E0368DB6A98470646606E03689B6B2C
:108C6000984706B900BBA1692046FFF7C7FE30B997
:108C7000A1690131491B2046FFF764FDDCE7E66985
:108C80000EB9E5612E4623682046DB699847AE1B86
:108C9000864248D9B4F87030606E43F00203A4F8FD
:108CA00070300368DB6B9847E06E0023E361036874
:108CB0002946DB6A984784F84400E06E0368294639
:108CC000DB68984760600028B6D003788DF80030E4
:108CD000092203F0030322FA03F3DB0741BFC38831
:108CE000ADF801300389ADF803304CBF05220122F5
:108CF00003790DF80230561C6F46402200F10A013C
:108D0000B81900F0C2FED4F80480B8F80220064476
:108D10009319FF2B13DDE06E036841465B689847AB
:108D20000023636088E7236820469B6998470146D3
:108D300005462046FFF76EFE691CA0619BE708F11F
:108D40004A01B8190CF081FC606EB8F80290036813
:108D5000B1449B684946984700EB4006606EE56069
:108D60000368B6F5167FDB6A2CBF76084FF496765B
:108D70009847C0B1236820469B699847E66ED4F8AF
:108D80000480336894F844909F6801460546204665
:108D9000FFF740FE414603464A463046B8470023A7
:108DA0006360294667E7606E03689B6B98470028FD
:108DB000E0D0606E03689B69984780460028D9D14F
:108DC000606E03684A461B696946984728B94A4657
:108DD00029462046FFF7C4FE2EE731462046FFF71E
:108DE00019FEC4F81C80A060C4F8488024E770B560
:108DF00043680446002B43D0406E03689B69984744
:108E00000546606E03685B699847002840D0656E30
:108E100060682B689E6800F058FE01462846B047FF
:108E200023690344054623612046FFF7C5FCA36B75
:108E3000606E9D4234BF5B1B0023A3630368DB6944
:108E4000984761680A794888930902F03F0203FB5A
:108E500002222368023250FA82F2DB6820469847E9
:108E600061680B789B074BBFE36AA36A0133013348
:108E70004CBFE362A3622046FFF7BCFD00236360A2
:108E80002046FFF7FBFD2046BDE87040FFF7BEBE61
:108E9000EDB9A1682046FFF7B1FDC0B1606E03686F
:108EA000DB69984761680A794888930902F03F02B4
:108EB00003FB02222368023250FA82F21B69204629
:108EC000984761682046FFF795FD6560D8E770BD5B
:108ED0002DE9F047054608791E460C46904600F0FD
:108EE000C4FDEF6E3B6898B16288B82A10D831464D
:108EF0002846D3F80890FFF78DFD214603464246E9
:108F00003846C84731462846FFF71CFCBDE8F087C5
:108F1000214638465B68BDE8F04718472DE9F04127
:108F2000E6B0044630A81E46DDF8B0810D4617466F
:108F3000E9F78EF82022A91830A80BF073FD4246FD
:108F4000314630A80BF06EFD10A930A80BF06EFD75
:108F500010A968460BF03DFC694620460BF07AFCF0
:108F600030A8E9F775F8214630A820220BF05AFD09
:108F7000394630A820220BF055FD4246314630A834
:108F80000BF050FD20A930A80BF050FD20A908A837
:108F90000BF01FFC6B462A4608A904F120000BF0D9
:108FA00029FC40210DEB01000BF0F8FA2021684666
:108FB0000BF0F4FA66B0BDE8F08110B5202204464B
:108FC00000210CF069FB204610BD10B50446084690
:108FD00021460BF0BFFDB0FA80F0400910BD10B57E
:108FE0000446FFF7EAFF4022002104F120000CF0C4
:108FF00053FB204610BD38B5044600F12005284635
:1090000020220BF094FD94F8203023F0070384F81D
:10901000203094F83F3003F03F0343F0400384F8DE
:109020003F3029462046BDE838400BF013BC602A8B
:1090300038B50B4613D10A4603F1400400F1200174
:1090400052F8045B41F8045BA242F9D1603352F854
:10905000041B40F8041B9A42F9D1012038BD402A74
:109060000DD100F120010A4603F1400453F8045BDE
:1090700042F8045BA342F9D10BF0ECFBEDE70020D2
:10908000ECE73F2A70B51ED95F2A00F1200300F1FA
:10909000600407D853F8042B41F8042BA342F9D1FC
:1090A000402070BD1A460D4652F8046B45F8046B1B
:1090B000A242F9D1403150F8042B41F8042B9842D8
:1090C000F9D16020EDE70020EBE75F2A30B513D936
:1090D00003460A4600F1200453F8045B42F8045B9F
:1090E000A342F9D12031603053F8042B41F8042B0E
:1090F0008342F9D1602030BD0020FCE770B5402AE2
:1091000088B006460C460FD100F120010B4604F151
:10911000400254F8040B43F8040B9442F9D1304652
:109120000BF098FB012002E0602A02D0002008B07A
:1091300070BD01F12005294668460BF08BFB20220B
:10914000214668460CF0BBFAB0B9294606F1200367
:10915000603451F8042B43F8042BA142F9D16C463A
:109160003346224603CA596008A98A421860144649
:1091700003F10803F5D1D5E72146684604F140051F
:109180000BF068FB2022294668460CF098FA00286C
:10919000CCD106F1200354F8042B43F8042BAC4245
:1091A000F9D16A463346144603CC596008A98C426B
:1091B0001860224603F10803F5D1B3E7602AF8B539
:1091C00006460D4601D00020F8BD01F120042046DE
:1091D000E9F740FC471E2846E9F73CFC98B1013707
:1091E000F1D12C4606F1200123460A4604F1400045
:1091F00053F8044B42F8044B8342F9D130460BF04C
:1092000029FB0120E0E70137DDD0EBE713B5044689
:1092100000930846134604F120012246FFF77EFE24
:1092200002B010BD30B589B005460C4668461146FF
:10923000FBF71EF96A4605F1200120460BF0B6FA4D
:1092400009B030BD002070470020704700207047F3
:1092500070477047704700207047704770477047ED
:109260007047704770477047002070470020704774
:1092700000207047002070470020704770B5446E92
:109280002368054608469E6800F01FFC01462046FC
:10929000B047052204460021686F00F09CFC34238F
:1092A0005C436423B4FBF3F4604370BD08B504224F
:1092B0000121406F00F08FFC7823584308BDC0F3B4
:1092C000400080F0010000F001007047FFF74FBA46
:1092D000FFF78DBD10B50446FFF79EFAA06E036838
:1092E0001B689847014604F18000BDE81040E9F78B
:1092F000CBBA2DE9F0470446806E03681B680F4621
:1093000098478146E06E03685B699847002680466F
:10931000464524DAE06E03683146DB699847054626
:10932000F8B10078FFF7CBFFD8B12846E9F78AFA01
:10933000B84216D1D4F86480D8F800302846D3F863
:1093400008A000F0C2FB01464046D04704F1800867
:10935000024639464046FFF77CF9054618B9BDE894
:10936000F0870136D4E7E06E036805EB09029B6ADB
:10937000314698472A4639464046FFF797F9636DCC
:10938000002BECD0A16D2846BDE8F047184770B51A
:109390000C4605468030E9F7F9FA23799A0903F07B
:1093A0003F03064602FB0333686E628852FA83F17C
:1093B000036802319B689847044600EB8000E7F79A
:1093C0004FFC3146E7F7A4FCE7F7A4FE06235C4315
:1093D000B4F5FA6F28BF4FF4FA64A04228BF2046C4
:1093E000421C0021686F00F0F6FB143070BD38B5E8
:1093F0000B799A0903F03F03054602FB0333406EE5
:109400004A8852FA83F1036802319B68984740F218
:1094100091120446FA21686F00F0DDFB4FF47A7375
:1094200000FB04F20021B2FBF3F2686F013200F09E
:10943000D2FB143038BDF8B50B7903F03F04013C82
:1094400023F03F031C43E4B20C71A4090D46013420
:1094500001F10A0600272B7903F03F0313FB04F305
:10946000BB4200DCF8BD3046264422463146274444
:109470000CF0EBF8EFE7F8B50B78054618460C460C
:10948000FFF71DFF08B90020F8BDFF2BFBD00B79BB
:1094900003F03F079B09013307FB0333402B07F120
:1094A0000106F0DC2B6828465B6C98470028EAD060
:1094B00022799209013207FB024005F506710A3054
:1094C0000CF0C3F8237923F03F031E432671204696
:1094D000E9F7B8F90646A86E03681B689847314655
:1094E000024605F18000FFF771F82B6821469B6C5E
:1094F00028469847237903F03F03013340EA03608D
:10950000C2E72DE9F047202B92B081460E46174660
:109510001C4604D90025284612B0BDE8F087FFF7A5
:1095200055FA05460028F5D00346102203F84A2BC9
:1095300006F12008324652F8041B43F8041B42454A
:10954000F9D1D9F8780003681B68984705F16E09CE
:109550008246C5F86A001CB32246394605F1AE00C2
:109560000CF073F804F164036B800DF1040C3346C6
:1095700018685968624603C2083343459446F7D1D8
:10958000CDF824A074B1224639460AA80CF05DF843
:1095900004F1240301AA49463046FFF737FEBAE733
:1095A0006423E1E72423F5E72DE9F04FAFB09A46B5
:1095B0009DF8E080DDF8EC904FEA981308F03F0446
:1095C00003FB044409F105032344A62B06468B46FE
:1095D000174604D9002528462FB0BDE8F08FFFF7C5
:1095E000F5F905460028F5D0202303709BF80030DC
:1095F00080F84A3096F8183280F84B3051462246AF
:109600000DF101008DF8008004F1020A0CF01DF844
:1096100004F1B903E8460DEB0A006B44B9F1000F01
:1096200012D09DF8E42003F8B82C3A994A460CF081
:109630000CF809EB0A03424605F14C01384600F0EC
:1096400022FB02306880C6E7FF2203F8B82C736F54
:109650001A680146166818460422B047A31DEAE7B7
:109660007FB509788DF814100B9903910A9902912E
:109670009DF8241001919DF82010009105A9FFF795
:1096800093FF07B05DF804FB2DE9F8430229DDF8EC
:10969000249007460D4690461E461DD809F1110339
:1096A000B82B19D8FFF792F9044690B1AD000570B8
:1096B00098F8003080F84A3097F8183280F84B302C
:1096C00000F14C01089A4B46304600F0DCFA0230BB
:1096D00060802046BDE8F8830024FAE770B50E46A6
:1096E0001546FFF773F9044638B10C2300F84A3BDE
:1096F0002A4631460BF0A9FF6580204670BD2DE952
:10970000F04102F10108B8F1B80F0F4616461D46A8
:1097100014D8FFF75BF9044668B12D01282345F002
:109720000305037080F84A50324639464B300BF03F
:109730008CFFA4F802802046BDE8F0810024FAE7FF
:109740002DE9F0470B78FF2B05460C4690464CD090
:1097500003681B6D984704F14A09064604F10A0A9A
:10976000EEB9A27849462846FFF7B8FF0746002819
:109770003BD0237904F10A0140220A3000F096F927
:109780003B78387123F0030343F002033B70324609
:10979000434639462846BDE8F047FFF799BB2B689A
:1097A0002146DB6C2846984708F59678A2788044D5
:1097B000334649462846FFF7A2FF074690B1237972
:1097C000402251460A3000F071F93B78387123F09D
:1097D000030343F002033B70002243463946284608
:1097E000FFF776FB013EF6B2BAE7BDE8F087F0B5C9
:1097F00091F84A7007F00F03032BC3B006460C46DE
:1098000036D14B88042B33D901AD284600F028F916
:1098100023788DF804304022237904F10A010DF1F8
:109820000E0000F043F962888DF80800013A92B208
:1098300004F14B010DF14E00ADF806200BF005FFD1
:10984000F06F036829461B68984788B9F06F036872
:1098500029465B68984729463046FFF7ECFD3F09EB
:109860004FF4967207FB022229463046FFF768FF45
:10987000002043B0F0BDB82A70B50E4615460DD88D
:10988000FFF7A4F8044638B12C2300F84A3B2A46D7
:1098900031460BF0DAFE6580204670BD0024FBE700
:1098A0002DE9F04117460A78064602F03C002428CC
:1098B0000D4605D129463046BDE8F041FFF79AB87C
:1098C0005C1EE4B2022CF5D822F0030242F0010241
:1098D000A4010A700C71F06F03685B6898472B78DD
:1098E000C3F38303082B10D0042B14BF01240324DB
:1098F00033682946DB6B3046984722463B18294699
:109900003046BDE8F041FFF7E3BA0224F0E72DE965
:10991000F0411F460B789DF81850064603F03C00B6
:1099200024280C4605D121463046BDE8F041FFF71A
:1099300061B8013DEDB2022DF5D823F003030B70A1
:109940001388CB8053880B81AD010D71F06F0368D4
:109950005B6898472278C2F38302082A10D0042A51
:1099600014BF0125032533682146DB6B3046984739
:109970002A463B1821463046BDE8F041FFF7A8BA19
:109980000225F0E72DE9F04194460A78069F22F07F
:10999000030E02F03C024EF0020E242A06460C464C
:1099A0001D4681F800E021D14B885A19B82A03DD01
:1099B000BDE8F041FFF71EB803F14A002A466146B0
:1099C00020440BF042FE63881D4400236580237110
:1099D0000525F06F036821465B6898473B462A4699
:1099E00021463046BDE8F041FFF772BA4022614699
:1099F00004F10A0000F05AF82578207105F03C05C2
:109A0000A5F120035D425D41E3E72DE9F0410D78CA
:109A100025F0030545F002050D7000250D71064681
:109A2000C06F036817460C465B6898473B462A465A
:109A300021463046BDE8F041FFF74ABA38B5044642
:109A4000FEF764FE0546A06E03681B689847014652
:109A500004F18000E8F760FFA84228BF284638BD1F
:109A60000022027002714280704700F03F038009BB
:109A7000032800F1010206D013FB02F04028CCBFFE
:109A80000020012070470020704738B59D0903F081
:109A90003F0405FB0444402C06DC944204D82246D3
:109AA0000BF0D3FD204638BD0024FBE713F03F0F39
:109AB00010B51C4606D11846FFF7D7FF00B90024A1
:109AC000204610BDFFF7E1FFF8E703799A0903F09C
:109AD0003F0302FB033342880078023310F0030097
:109AE00052FA83F305D0C21E504250418000184400
:109AF00070470420FBE770B504784688C4F38304FC
:109B0000B0B0092C0D468DF8044000F14A010FD188
:109B100003798DF8053032460DF106000BF095FD06
:109B2000B31C01AA08212846E9F7C8FC30B070BD73
:109B300032460DF105000BF088FD731CF1E700299A
:109B400010B503461DDBD0F820418C4219DD621EA2
:109B500050F82100C3F8202103EB81028031194421
:109B6000043B03EB84039A4200D110BD546842F8D1
:109B7000044B4C7801F8014BD2F8A040C2F89C404D
:109B8000F1E70020F1E730B5D0F82041202C0DD0CE
:109B900040F8241000EB84050119013481F880207D
:109BA000C5F8A030C0F82041012030BD0020FCE7FE
:109BB000A0F14103052B02D83738C0B27047A0F19D
:109BC0006103052B01D85738F7E73038C0B20A28AF
:109BD00028BF0020704737B50368154604220C469D
:109BE0001B680DEB02019847A54206D9019B2D1B6E
:109BF000B3FBF5F205FB12331C44204603B030BD25
:109C00002DE9F047B4B002AC804689461E46A24614
:109C10001A440F2EA2EB06051ADC002E0ADD1022D4
:109C2000002120460BF038FD2046324629460BF035
:109C30000CFD103401230093A4EB0A024B4651465D
:109C40004046E9F7B5FB20EAE07034B0BDE8F087A4
:109C5000234605F1100C286869681F4603C70835BC
:109C600065453B46F7D11034103ED2E713B50C469C
:109C700011461A46002300932346E9F799FB20EA90
:109C8000E07002B010BDF8B58F1C0D46394606468F
:109C9000FFF7B6FF044608B90020F8BD02462B4680
:109CA00039463046E9F7CAFB0028F5D1A01CF4E795
:109CB00073B500238DF80730934206D19DF8070055
:109CC000B0FA80F0400902B070BDC55CCE5C9DF872
:109CD000074075402C438DF807400133ECE7022B19
:109CE0002DE9F34106460F46154619DD9C1E230754
:109CF00016D102F1020801AB22464146E9F79EFB6C
:109D000070B90222294601A8FFF7D2FF40B12346CD
:109D100042463946304602B0BDE8F041FFF7A6BFE3
:109D2000002002B0BDE8F08101440023884200D148
:109D3000704700F8013BF9E7F8B5064610460D46B6
:109D40001446E7F783FAB0EB450F17D122463146A8
:109D50008B1BAB4202F1020201D30120F8BD12F8C5
:109D6000020C12F8017CFFF723FF04463846FFF788
:109D70001FFF40EA041001F8010BE9E70020EDE7BE
:109D8000F0B504460020074625780DB1904208DB67
:109D9000214614F8012B1AB19A42F9D100230B7015
:109DA000F0BD41F8204025462E782C4601351EB1E5
:109DB0009E42F9D127702C460130E5E7704700201C
:109DC00070477047002070470020704700207047A0
:109DD000002070478088704700207047002070473F
:109DE000704700207047002070470020704710B572
:109DF00003689B6C0446984728B1236820461B6C77
:109E0000BDE81040184710BD07B5002301A8019315
:109E1000EBF722FA00B1019803B05DF804FBE9F713
:109E20007FBC0846E9F7A8BC08B55520E9F766FCF1
:109E30004FF4FA700021F9F709FB00F00CF808B5AF
:109E400000F008F84FF4FA700021F9F7FFFA01204A
:109E5000F1F7E8FE704708B5FFF7FCFF03F0B9FD26
:109E600001F020F803F0CCFF3E2832D00ED81428A1
:109E70002FD007D80A282CD00F282AD0072818BF9F
:109E80007D2070471F2824D02928F8E7B0F5CB7F24
:109E90001AD00CD8FA281CD006D8C82819D0CB283C
:109EA00014BF7D20C8207047B0F5C87FE7E7B0F544
:109EB0004B7F0CD005D8B0F5FA7F0AD0B0F5487FBB
:109EC000DDE7B0F57A7FDAE74FF4C87070474FF4FA
:109ED0004870704783689B6D0BB1C068184718467F
:109EE000704790F9550A70478368DB6B0BB1C06807
:109EF00018477047A0F10400F6E783681B6C0BB1AC
:109F0000C068184718467047A0F10400F5E7836859
:109F1000586C00B100477047A0F10400F7E7836870
:109F2000986C00B100477047A0F10400F7E7704754
:109F3000406A7047806A704708B583689B6913B1AF
:109F4000C0689847034683F00103D8B208BDD0F833
:109F50007409704708B5FFF7D0FF08BDBFF35B8FEA
:109F60000068BFF35B8F704708B51830FFF7F6FF46
:109F7000003818BF012008BD00F6AC30FFF7EEBF77
:109F800000F6A830FFF7EABF00F6A430FFF7E6BFFF
:109F900008B51C30FFF7E2FF003818BF012008BDEC
:109FA00000F6A81000F0CDBD08B508F04EFF0A225B
:109FB0000023E7F71FF908BD37B505461C469DF895
:109FC0001C30009300F6A8109DF8183000F06AFDD0
:109FD000A5F8684A34B14FF47A735C43C5F88C49EC
:109FE00003B030BD43F69824F8E700F6A81000F05F
:109FF000F0BEBFF35B8F50E8003F40E80012002A3C
:10A00000F9D1BFF35B8F70472DE9F84300F5066780
:10A0100006463846FFF7A2FF044606F65C00FFF747
:10A020009DFFE4B2A042884623D04FF4837363437C
:10A0300006EB030992B2B9F82C51954228BF154698
:10A040002C33F1182A4640460BF0FFFAB9F92E01DD
:10A05000E6F70AFE706299F93001E6F705FE611C29
:10A06000B06201F007013846FFF7C3FF2846BDE89C
:10A07000F8830020FBE7BFF35B8F50E8003F01331C
:10A0800040E80032002AF8D1BFF35B8F704708B573
:10A0900000F1200203460021BFF35B8F52E8000F5E
:10A0A000012804D142E8001CBCF1000FF6D1BFF337
:10A0B0005B8F0CBF0120084604D103F6A830FFF7E0
:10A0C000DAFF012008BD2DE9F047099C9DF92080A9
:10A0D0001E4631B92AB904F6AC30BDE8F047FFF7A7
:10A0E000CABF04F65C094846FFF738FFC5B204F55D
:10A0F0000660FFF733FF6F1C07F00707C0B2874207
:10A100000BD104F6AC30FFF7B6FFD4F8DC3A73B3EA
:10A11000D4F8E00ABDE8F04718474FF483735D4375
:10A12000B2F5807F28BF4FF4807205F12C002544E2
:10A13000924620440BF089FA39464846A5F82CA1EE
:10A14000A5F82E6185F83081FFF753FF3046E6F71A
:10A150008BFD60624046E6F787FDA06204F6A430FE
:10A16000FFF789FF60690368DB699847CDE7BDE8C1
:10A17000F08710B5044600F0F4FD38B994F8AC301F
:10A1800023B12046BDE8104000F099BD10BDC06865
:10A19000836800229B691146184783685B680BB18E
:10A1A000C06818476FF04F00704783681B690BB198
:10A1B000C0681847704783689B6B0BB1C06818472D
:10A1C0001846704790F8CD3A13B190F8D80A704706
:10A1D000036993F87400704790F8CD3A13B190F882
:10A1E000D90A7047036993F87500704708B5FFF7FF
:10A1F000E9FF08288CBF1020202008BD12207047DE
:10A20000036993F94C006FF008039842B8BF1846F1
:10A210001628A8BF1620704708B5C06883681B6859
:10A220009847C043C00F08BD70B5044686B00A46C3
:10A2300001A9E9F783FD94F8CC2AEAB1D4F8B83A39
:10A240000199994218D1D4F8BC3A0299994213D194
:10A25000D4F8C01A039B4B4033F07F430CD1D4F8A1
:10A26000C41A049B4B4033F07F4305D19DF8141072
:10A2700094F8C83A994230D0A3681B787BBB72B37C
:10A28000D4F8B83A019A9A4229D1D4F8BC3A029A41
:10A290009A4224D1D4F8C02A039B534033F07F4321
:10A2A0001DD1D4F8C42A049B534023F07F4323F0EC
:10A2B000FF03A3B99DF8142094F8C83A9A420ED12E
:10A2C0009DF8102094F8C43A9A4208D001AD0FCD01
:10A2D00004F6B8240FC42B68236006B070BD01A932
:10A2E0002046FFF799FF50B101AD0FCD04F6B82617
:10A2F0000FC62B683360012384F8CC3AEDE784F86D
:10A30000CC0AEAE70021FFF78FBF0121FFF78CBFDE
:10A310002DE9F04304468BB000F6883900F11C06A5
:10A320004FF0FF324FF0FF334846F8F767FB3046F7
:10A33000FFF714FE0028F3D01022002105A8012702
:10A3400004F664150BF0A8F98DF82170099502AA9E
:10A3500001A9284608F0D0FEDDF80480B8F1000F0E
:10A360000BD0284608F0C5FE029B002B12DB3946B5
:10A3700004F12000FFF73DFE0CE02046E9F796FCD3
:10A380000A23A0FB0323394605A8F9F7C3FB10F104
:10A390000B0F12D1606903689B6998472046E9F763
:10A3A0002BFE00213046FFF724FED4F8E43A002BC0
:10A3B000B6D0D4F8E80A9847B2E788B9089B03F406
:10A3C000FE13B3F5804F0BD1CDE9030003AA04A916
:10A3D000284608F091FE284608F08BFE039BC4E750
:10A3E000284608F086FED5E710B503690446A3B1F8
:10A3F000E9F77CFCE06808F0E1F970B12046E9F784
:10A40000FBFD94F8791A2046FFF7CFFEA368DB6CBA
:10A410001BB1E068BDE81040184710BD10B50446F8
:10A42000FFF7B5FE002104F11800FFF7E2FD04F686
:10A43000A81084F8CC1A00F084FB2046BDE8104038
:10A44000E9F7DABD70B580F8D83A9DF810609DF84C
:10A450001450C0F8D01A0123044680F8D96AC0F815
:10A46000D42A80F8CD3AFFF7D9FF294604F6A81080
:10A47000BDE8704000F04DBB10B590F8CD3A0446F1
:10A4800053B1002380F8CD3AFFF7C8FF04F6A810B7
:10A49000BDE8104000F04BBB10BD10B50446FFF7FF
:10A4A00076FE04F118000021FFF7A3FD84F8CC1A12
:10A4B0002046BDE81040E9F79FBD2DE9F041054673
:10A4C000806884680F461646984684B1E868A446BA
:10A4D000BDE8F041604714B1404608F040F9284615
:10A4E000FFF75BFE27F81400803003D00134A6424A
:10A4F000F1DC34462046BDE8F08138B505460C460F
:10A5000011B9D0F87C4954B12846FFF746FED5F87A
:10A5100074391C44A042D4BF0020012038BD20461D
:10A52000FCE710B504461830FFF718FD08B9002005
:10A5300010BD04F11C00FFF711FD0028F7D1A3683E
:10A54000DB682BB920460021BDE81040FFF7D5BFDE
:10A55000E06898470028F5D0EAE7B2F5807F2DE95A
:10A56000F84F0446894616464DDCFFF7E5FC0746E2
:10A57000002848D02046FFF7D4FF0546002842D1E6
:10A58000BFF35B8F04F11C0A01235AE8002F002A55
:10A5900003D14AE800310029F7D1BFF35B8F32D1F4
:10A5A000294604F12000FFF724FD606903685B6918
:10A5B0009847FFF7F9FC04F66408C4F8B40A20468B
:10A5C000FFF7A3FE4946324640460BF03EF804F63C
:10A5D0006419A4F8A26B484608F08BFDE068836814
:10A5E0003246D3F810B041464B46D84700280EDA21
:10A5F000606903689B69984750462946FFF7F9FC54
:10A600002046E9F7F9FC00273846BDE8F88F2946CF
:10A6100004F11800FFF7EDFC04F68830F8F7B6F9FE
:10A62000F2E72DE9FF470446C0F87C19FFF7BCFCB0
:10A6300004F5186A002384F89339D4F88029DAF8ED
:10A6400004300D4652EA0301064603D0964275EBEC
:10A6500003030FDB94F88839012B0ED9002384F80B
:10A660008839D4F88C399B1945F10005C4F8803934
:10A67000CAF8045004B0BDE8F087013384F8883983
:10A6800041F28833F31845F10002C4F8803904F12F
:10A690001800CAF80420FFF761FC0028EAD004F192
:10A6A0001C00FFF75BFC0028E4D12046FFF744FCC8
:10A6B000804628B9D4F89C3A0133C4F89C3AD9E7CB
:10A6C0002046FFF72EFF07460028D3D12046E9F7A2
:10A6D0009BFB814606F0A3FF06F0A1FF0A23B9FB0E
:10A6E000F3F292B2012A38BF012202F2A733B3FB80
:10A6F000F2F3D4F89429801A3022B0FBF2F0B0EBD8
:10A70000031FB7D3082269462046FFF7D6FE00286C
:10A7100005DAD4F8983A0133C4F8983AAAE7D4F89D
:10A72000901A07280144C4F8901A05DCD4F8943A2A
:10A730000133C4F8943AECE7D4F88C399B1945F10D
:10A740000005C4F880396A46CAF80450384684F8CF
:10A75000887932F9026F0346154635F902CC664511
:10A7600003DA013B25F802C9F7D204AD05EB430338
:10A770000130072823F80E6CEBD1BDF90EE0BDF9CE
:10A7800000C0D4F89C09BDF90820BDF90630E645A3
:10A79000AEEB0C060644134408BFD4F8A009D4F865
:10A7A0009829C4F89C6902F1010208BF013003EB4B
:10A7B000D37308BFC4F8A009B2F5005F4FEA630580
:10A7C000C4F8982943F34F031CD35208C4F89829BE
:10A7D000D4F8A0295208C4F8A029D4F8942A520821
:10A7E000C4F8942AD4F8982A5208C4F8982AD4F8BD
:10A7F0009C2A760849085208C4F89C69C4F8901A43
:10A80000C4F89C2AD4F87469A4F890393EB106F1D2
:10A8100007084545CCBF4FF000084FF00108012262
:10A8200084F89329B4F98C2A84F892899A4231D118
:10A8300094F88E3AFF2B02D0013384F88E3A2046EA
:10A84000E9F7E2FA0A23B0FBF3F39BB23E2B66D0A2
:10A8500040F2752290422AD8142B63D0D1281DD8FB
:10A860000A2B62D00F2B63D0072B14BF6FF07A0333
:10A870006FF08603002E70D1AB42B8BF2B466FF04D
:10A8800031029342D4BFC4F87439C4F8742984F8EF
:10A890007869EFE6A4F88C3A0023CEE71F2B4AD064
:10A8A000292B14BF6FF07A036FF07F03E2E7B3F553
:10A8B000CB7F43D040F6E572904216D8FA2B40D0B9
:10A8C00040F6CD12904208D8C82B3DD0CB2B14BFF8
:10A8D0006FF07A036FF07803CCE7B3F5C87F14BF4D
:10A8E0006FF07A036FF07503C4E7B3F54B7F2ED09A
:10A8F00041F6C17290420AD8B3F5FA7F2AD0B3F577
:10A90000487F14BF6FF07A036FF07203B2E7B3F5BC
:10A910007A7F14BF6FF07A036FF07103AAE76FF0CC
:10A920007D03A7E76FF08203A4E76FF08503A1E73B
:10A930006FF083039EE76FF080039BE76FF0750372
:10A9400098E76FF0770395E76FF0780392E76FF081
:10A9500072038FE76FF074038CE794F87829072A65
:10A9600082BF02F00F07B7FA87F77F09511C072A49
:10A9700084F8781905D927B906F10D0295423FF7F9
:10A9800079AEAD1B002DCCBF04226FF00302AD18D1
:10A9900048BF073506EBE5069E42B8BF1E466FF07E
:10A9A00031039E42D4BFC4F87469C4F8743961E6B7
:10A9B00038B500F11805044680F8781A2846FFF7E4
:10A9C000CDFA58B12046FFF7E2FB28460021FFF7F9
:10A9D00010FB2046BDE83840E9F70EBB38BD08B58E
:10A9E00003468068006938B183F8791A03F11800CA
:10A9F000FFF7B4FA08B9012008BD1846FFF7D5FBE8
:10AA0000F9E783685B690BB1C0681847184670475F
:10AA100008B583681B6D23B1C0689847C043C00F59
:10AA200008BD1846FCE710B58023016080F8B230FD
:10AA3000002100230022C0E92E230446C0F8AC10F8
:10AA4000A0F8B010A82204300AF026FE204610BD5F
:10AA500038B50546006803681B68984704462868AF
:10AA600003685B68984734B128B1E31F834202DC76
:10AA7000001B40B238BD6FF00700FBE738B5054654
:10AA8000006803681B6898470446286803689B6849
:10AA900098472CB120B1001B0B2801DC40B238BD17
:10AAA0000C20FCE72DE9F047054698469DF820600C
:10AAB0000F469146FFF7CCFF04462846FFF7DEFF1E
:10AAC0008246286803681B6898474EB140B1B0427F
:10AAD0001FBF09EB0602121A02F307024FFA82F9AE
:10AAE0004C45B8BF4C4661B25145A8BF5146286895
:10AAF00085F8AC7049B285F8AD1085F8B080036870
:10AB000095F8AF20DB680AB195F9AE10BDE8F047C3
:10AB1000184751B990F9AD1080F8AE10012380F8B4
:10AB2000AF3000680368DB6818470021F4E70022B3
:10AB300080F8AF200346006893F9AD100268D26830
:10AB4000104710B5A8220446002104300AF0A4FDE5
:10AB5000002384F8B130802384F8B230002200232F
:10AB6000C4E92E2310BD00F1A80283885B0883800E
:10AB7000C3885B08C38003895B08038143895B0842
:10AB8000438108309042F0D1704738B590F8B13029
:10AB900090F8AC2090F9AD400133DBB2054680F867
:10ABA000B1306AB9221DD2B2082A07D80922B3FBF4
:10ABB000F2F202EBC2029B1A043B5CB2204638BDA3
:10ABC00003F00303012B09D0032B0AD02846FFF71B
:10ABD0003FFFA04207DD95F9AD40EFE7013C64B2CD
:10ABE000F4E70134FBE72846FFF748FFA042F2DB19
:10ABF000E4E710B500EBC1011446B1F844204FF66C
:10AC0000EF739A4201D9FFF7AEFFB1F84430013338
:10AC1000A1F8443024B1B1F846300133A1F84630F0
:10AC200010BD90F9B23001294FEAC303034408D1A3
:10AC3000B3F84A200132A3F84A20802380F8B230CA
:10AC40007047022905D1B3F848200132A3F8482003
:10AC5000F3E7B3F8442012B1013AA3F84420B3F863
:10AC60004620002AE9D0013AA3F84620E5E7142956
:10AC70000BD800EBC1008388772B06D900894FF4ED
:10AC80007A725043B0FBF3F070474FF0FF307047DB
:10AC900014290BD800EBC1008388772B06D9C08814
:10ACA0004FF47A725043B0FBF3F070474FF0FF302F
:10ACB000704780F8AD1000680368DB6818472DE91D
:10ACC000F84F90F9ADA00AF108010446FFF7CFFF55
:10ACD000411C054643D00AF109012046FFF7C7FF92
:10ACE0000AF1070B594607462046FFF7C0FF064604
:10ACF000204694F8B080FFF7C1FE824594F9AD90EC
:10AD00000CDA7A1C0AD0EF1B312F07DD09F10101A3
:10AD1000204649B2BDE8F84FFFF7CBBFB8F1000FAE
:10AD20001BD059462046FFF7B3FF08EB4808B0EBAD
:10AD3000480FD4BF012700272046FFF789FE48456A
:10AD40000DDA731C0BD0761B312E08DC322D06DC9D
:10AD50002FB194F8AD100139DAE70127ECE7BDE82F
:10AD6000F88F38B5044690F9AD50FFF787FE85425D
:10AD70002ADA94F9AD1001F10803142B24D804EB5E
:10AD8000C103B3F84420FAB1B3F8463094F8B05098
:10AD90004FF47A704343B3FBF2F3B3F5617F28BFFE
:10ADA000132A8CBF0120002085B1772A0ED920B943
:10ADB00005EB8505B3EB450F05DD0131204649B2B2
:10ADC000FFF777FF012038BD0020FCE70028F4D111
:10ADD000F9E770B590F8AF300446B3B190F9AE60C2
:10ADE00000F1AE052046FFF749FE864215DA2B78C2
:10ADF00001332B70206894F8AF200368DB684AB1F8
:10AE000094F9AE109847012070BD90F9AD6000F143
:10AE1000AD05E7E794F9AD10F4E70020F4E708B5D5
:10AE200008F013F80A220023E6F7E4F908BD70479A
:10AE3000E9F73EBB70B5C0B0044600214FF4807204
:10AE400068460AF029FC6D46631E00203F3401214C
:10AE500013F8012FAE5C0EB9A9540130A342F7D10B
:10AE600040B070BD704770470020704700207047A9
:10AE7000002070477047704770474FF496707047D6
:10AE8000704770470020704708B5202200210AF063
:10AE900003FC002008BD704700230360436083600B
:10AEA0007047704770477047002108B50846E9F7BA
:10AEB00011FD00210846E9F70DFD00210846E9F7DC
:10AEC00009FD00210846E9F705FD01210020E9F709
:10AED00001FD01210020E9F7FDFC01210020E9F737
:10AEE000F9FC02210020E9F7F5FC03210020E9F735
:10AEF000F1FC02210020E9F7EDFC02210020E9F736
:10AF0000E9FC04210020E9F7E5FC05210020E9F730
:10AF1000E1FC05210020E9F7DDFC002008BD7047B9
:10AF20000020704708B5FFF79FFFFFF7BDFF012026
:10AF300008BD08B5FFF79AFF08BDFFF797BF2DE9D9
:10AF4000F84F9DF8287090F8C1509DF830B09046A9
:10AF50009A4690F8C020EB190133934204460E46FE
:10AF60003ADA00215046E6F771F8002836D00AF1A7
:10AF700000490B98E5F774FE4946E5F7C9FE4FF026
:10AF80007C51E5F7BDFDE6F7C5F88146BBF1000F42
:10AF900012D000215046E6F759F868B1032F9FBF41
:10AFA0000123FA00934003F1FF3388BF4FF0FF33D2
:10AFB00023EA090303F1010904F80580AB1C0135FC
:10AFC000EDB257FA83F36655E11800220132D0B290
:10AFD000874205D284F8C130BDE8F88FD146C8E772
:10AFE00001F8019D4FEA1929F0E7F0B5044620B3B6
:10AFF0000020235C261803B31A061FD503F13E0276
:10B00000D2B21D2A1CD903F12002D2B20F2A19D9BB
:10B0100003F11002D2B2042A0FD8042200EB020C72
:10B020008C450AD8B6460127BA420DD1032A1BD156
:10B03000E02B727812D19F2A14D8F0BD0122EDE7DF
:10B040000222EBE70322E9E71EF8015F002DF4D0AE
:10B0500005F0C005802DF0D10137E5E7ED2B01D1DA
:10B060009F2AEAD86046C4E7042AFBD1F02B727805
:10B0700001D18F2AE0E7F42BF4D18F2AF1E7F8B55C
:10B0800003780B70427806460C468AB343F01003EF
:10B090000B708368C1F80130C368C1F80530092519
:10B0A000338A33B1237843F020032370338A635308
:10B0B0000235738A33B1237843F040032370738AD7
:10B0C00063530235706888B103787BB1C5F1200104
:10B0D000FFF78BFF074648B1237863F07F032370A7
:10B0E0000246716860190AF0B0FA3D44E8B2F8BD52
:10B0F0000125D5E7002370B5C0E909330446036094
:10B10000C3624AB308782070C30627D5082A23D91A
:10B11000D1F801306362D1F80530A36209238606B5
:10B1200008D5012B0CBF03250B25AA4214D3CD5AF9
:10B13000A5850233450606D59D1CEEB2B2420BD35F
:10B14000CB5AE3852B46000604D5D51A1F2D07DC04
:10B15000002D06DC01236370204670BD0123DEE76D
:10B160001F252A461944A01C25440AF06EFA002324
:10B17000AB70EFE770B504460E46154600214FF45C
:10B1800040720AF089FA0023C4E9C233C4E9CC331F
:10B19000C4E9CA3384F81033C4F8143384F818337C
:10B1A000C4F81C3384F82033C4F82433002200236D
:10B1B000C4E9CE23C4F8006384F8045370BDF8B525
:10B1C0000D46044600F54077E37D26462BB1082264
:10B1D000294620460AF073FA18B11834BC42F3D15C
:10B1E00000263046F8BD0B69D21AB2F5616F05D35F
:10B1F000888A012894BF00200120704700207047F2
:10B200002DE9F04FADF5157D0D46029200219B46CC
:10B2100018229DF878320393824600240AF03CFA03
:10B2200005F5407329460193264614AF039B5A4601
:10B230002846E9F7CBFCB8B3CB688A68ABEB0303CD
:10B240009B184FF0000242EB020C029A9B1A8A7D77
:10B250004FF00F004FF0960E12FB00E26CF1000C65
:10B26000B3EB020907EBC40EC8464FF0000047F8E5
:10B2700034806CEB00090DF11008CEF804904FF00B
:10B28000010E08F804E004F1010ED21807EBCE0914
:10B290004FF0FF3340EB0C0008F80E3047F83E202B
:10B2A0000234C9F804000136019B18319942BDD11E
:10B2B000F3B203938AF80130002E3BD004ABCDE902
:10B2C000013314AA01261046B44238DC002213468A
:10B2D00016461146944264D150F8335000EBC30235
:10B2E0000133546850F8331000EBC30201238AF88D
:10B2F0000030039B5268F6B29B1B8AF802606E18FE
:10B3000044EB02008AF80330C30F9B1940F10000A0
:10B310005B08491B43EAC07362EB04024010CAE9B0
:10B320000230D30F5B1842F100025B0843EAC2739C
:10B33000CAF8103050460DF5157DBDE8F08F029922
:10B3400052F8088F11F9013FD2F804E002919C46AF
:10B350000F46731E114651E9029BC8457EEB0B0553
:10B3600007DBF34508BFC1450DD117F9015C654501
:10B3700009DAC1E9009B013B17F8019C07F8019924
:10B38000A1F10801E7D2013314AD14A945F83380C7
:10B3900001EBC30104ADC1F804E005F803C00136B8
:10B3A00092E7019D15F9017B0195002F394403DDDA
:10B3B0008E42BCBF13460E4601328BE70123C0F814
:10B3C0000C1380F81033C0F8141380F8183370474A
:10B3D0000123C0F80C1380F81033C0F8141380F860
:10B3E0001833704710B50299C0F81C13012180F87A
:10B3F0002013D0F82C139DF80C400131C0F82C1309
:10B4000024B1D0F830130131C0F83013C0E9CE2395
:10B4100010BDF8B5D1F8087306460C46AFB19F428F
:10B4200017D803F56175C1F80853D1F824530135D5
:10B43000C1F82453E9F782FC3378012B02BFD4F81A
:10B4400028330133C4F8283308E003F56175C1F8E7
:10B4500008533022002130460AF01EF93046F8BD6C
:10B460002DE9F04305468FB00E4607F0EEFC0A22A8
:10B470000023E5F7BFFE4FF47A720023E5F76AFE7A
:10B48000336807461B68304698473B4602460446E9
:10B49000294602A8FFF7BDFF9DF80830022B0CD10A
:10B4A00095F80433DDE904985BB1B8F1000F08DAD0
:10B4B000D5F834330133C5F8343300200FB0BDE87C
:10B4C000F08314EB090148F100036FF001004A1EFC
:10B4D00043F1FF3390424FF000029A41EDD33368BD
:10B4E00030465B6898470520F0F736FB9DF818302A
:10B4F0002846CDE900734A464346FFF773FF012013
:10B50000DCE710B50A460446E9F708FC30B1D4F888
:10B510000C03C2F5132101F52861084410BD7047E2
:10B52000BFF35B8F50E8003F40E80012002AF9D1DA
:10B53000BFF35B8F7047704710B50C46D1E900121E
:10B5400002F04EFE031E04DB6068C31A58425841E5
:10B5500010BD0020FCE713B50023CDE900330446FD
:10B5600001A96846F1F718FB10B1002002B010BD28
:10B5700001980028F4D02146E5F756FE0028EFD1C7
:10B580000120F3E700B5C3B0694602F0E4FEB0FA6B
:10B5900080F0400943B05DF804FB10B50446FFF7A6
:10B5A000F1FF30B1204602F073FEB0FA80F040099E
:10B5B00010BD0120FCE77FB50C46164601461D462E
:10B5C0000122002301A8CDE901338DF80C3002F0EF
:10B5D0008BFD002802DA002004B070BD21463246FF
:10B5E00001A802F0F1FD044601A802F0DBFD002CE9
:10B5F000F1DB2C600120EFE7F8B505460E46174653
:10B600000024BC4207D02B68315D9B6828469847D0
:10B6100008B10134F5E72046F8BD704700207047B7
:10B6200007B503688DF80710DB6801220DF10701EB
:10B63000984703B05DF804FB002070474FF0FF30DF
:10B6400070474FF0FF3070477047F8B50546164613
:10B650000C468F18BC4202D095F858300BB93046D2
:10B66000F8BD2B6814F8011B9B6828469847F1E742
:10B67000002070474FF0FF3070474FF0FF307047A9
:10B680007047704738B505464068144602F0A8FD7B
:10B69000031E01DBA34203D000222A7223EAE374D3
:10B6A000204638BD10B55421044602F0A0F92046CA
:10B6B00010BD10B50C21044602F099F9204610BDCA
:10B6C00010B55C21044602F092F9204610BD38B551
:10B6D000D0E912329A42044611D390F8505055B92D
:10B6E00000F108014022406802F06EFD002804DCF1
:10B6F000012384F85030002038BDC4E91205012030
:10B70000FAE710B50446FFF7E2FF18B1E36C1C44FA
:10B71000207A10BD4FF0FF30FBE710B50446FFF76D
:10B72000D6FF28B1E36C5A1CE2641C44207A10BD99
:10B730004FF0FF30FBE738B590F8583004460D461F
:10B740003BB10430FFF7E9FFA8421CBF002384F897
:10B750005830012038BD10B50446FFF7B8FF10B1CE
:10B76000D4E91203C01A10BD38B504461546084680
:10B77000D4E9012191420BD2521AAA4228BF2A468B
:10B780002368194409F061FFA3682B44A36038BD06
:10B790000022F5E7807970470023837170470368C2
:10B7A0009B68184770B505460C46084649B1E5F751
:10B7B0004DFD2B68024621462846DB68BDE87040F7
:10B7C000184770BD08B5FFF7EDFF08BD10B5C27989
:10B7D000044652B10023C371A379072B66D8DFE872
:10B7E00003F013214B9E7CB21C1A006803681B698E
:10B7F000984708B9002010BD206803685B69984726
:10B80000021EF7DBD2B2E7E77B2A40F0A2800123D9
:10B81000A3710320EFE77D2A0AD02C2A02D101234D
:10B82000A37115E0617929B97D2A0DD10723A37190
:10B830000420E0E73A2A0DD1214400230B72637102
:10B840000223A3710120D6E71046EBF725F818B1C3
:10B850000520D0E70E2929D822F02003413B192BDF
:10B8600005D9A2F13003092B01D95F2A1ED14B1C47
:10B87000214463710A72EBE7617951B91046EBF725
:10B880000BF80028E4D1222A01D10323C8E77B2A40
:10B89000BDD0A2F13003092B0BD9A2F16103192B02
:10B8A00007D9A2F12D03012B03D949B94FF0FF307D
:10B8B000A1E77E29DBD91046EAF7EEFF20B9F5E7CC
:10B8C0002C2A01D07D2AF6D121440023E2710B728B
:10B8D00063710523A37102208DE76E2A08D1637975
:10B8E0007E2BE3D85A1C627123440A221A72CCE7D9
:10B8F000722A07D163797E2BD8D85A1C62712344EF
:10B900000D22F3E7222A03D05C2A01D02F2ACDD1C1
:10B9100063797E2BCAD8591C61712344E6E7222A39
:10B9200005D16379234400221A726271D1E75C2A3F
:10B9300001D1042374E763797E2BB7D8591C2344C3
:10B9400061711A7284E72C2A3FF469AF7D2A3FF4B3
:10B950006DAF1046EAF7A0FF00287FF479AFA5E7A6
:10B96000F0B5C5B001AE00240125074686F80851A0
:10B9700074603472866031603046FFF727FF031E23
:10B980000BDC0CB9013302D1002386F8083196F89C
:10B9900008010023BB6045B0F0BD013B032BEBD891
:10B9A000DFE803F0020A101506EB041303A903F104
:10B9B0008800E5F743FCDFE73B687D711B6838468C
:10B9C0009847D9E7062CDFD80134E4B2D4E7002C3D
:10B9D000DAD0013CF9E700207047F0B50346A1B189
:10B9E0001D684279B1FBF2F12A888A4288B22DD9CA
:10B9F0001B7903F10042013A35F81220824204D249
:10BA00000124AF1EE2B2934201D800201BE0621C69
:10BA100037F81260864217D8881B5A1E6423B3FB7E
:10BA2000F2F1484304F10041013914FB03F335F806
:10BA30001110B3FBF2F3891BC3F1640389B2B0FBAD
:10BA4000F1F01844C0B2F0BD1446DBE76420FAE719
:10BA50000120704790F81F03704790F81703704754
:10BA6000406E0368DB6D1847A0F51E70F8E7406E66
:10BA700003689B6D1847A0F51E70F8E737B50446BC
:10BA8000406E94F8C423036894F8BA13019294F8B2
:10BA9000BD230092003994F9BB231D6C94F8BC338C
:10BAA00018BF0121A847606E0368DB6C984784F8D3
:10BAB000BB03606E03685B6C984784F8C40303B0F3
:10BAC00030BDA0F51E70D9E7406E03681B6D1847A6
:10BAD000A0F51E70F8E7036880F8BB13D3F8A43014
:10BAE000184780F89812704780F82010704700F5CA
:10BAF000067070476038704700F53D501030704751
:10BB000000F5335018307047C0F81412704740F8F1
:10BB1000641C7047704770B5036804465B6915463E
:10BB20009847606E03681B6B9847606E03682946F0
:10BB30009B68BDE87040184703685B691847704709
:10BB4000F0B500F580530246D3F87C580023184620
:10BB500002F27C46A027AB4200DBF0BD07FB03F4FA
:10BB600091F800C0345DA44502BF00F6B434013042
:10BB700042F824300133EEE770477047426E936815
:10BB80001B6A0BB1D068184718467047A0F51E70A5
:10BB9000FFF7F4BF02F6B43250F82230002B12DB6C
:10BBA00000F58052D2F87C2893420CDAA02202FBE6
:10BBB000030000F2DE4300F2FE4053F8042B41F88C
:10BBC000042B8342F9D170472DE9F041054605F574
:10BBD000005488464FF4FA6117461E46FCF71AFFD8
:10BBE0009DF81830079984F8CD3E4EF660235943EE
:10BBF000C4F8BC0EC4F8C48EC4F8C87E84F8CC6EF9
:10BC000001F5FA612846FCF705FFC4F8C00EBDE84F
:10BC1000F081A0F51E70FFF7D7BFA0F51E70EBF7FF
:10BC2000BDB9A0F51E70EBF7C9B938B502F6B4324C
:10BC3000054650F82240002C19DB00F58052D2F85E
:10BC40007C28944213DAA022544304F29E409DF8CB
:10BC50001430049940222844FDF728FF2C4484F82E
:10BC60009D04A86F03681B689847C4F8040500206A
:10BC700038BDA0F51E70EBF7B1B9FDF788BBFDF735
:10BC8000B6BB70B50B7803F003035A1E534200F5A0
:10BC90000056534186F80C350B7813F00303044625
:10BCA0000D460DD100F5DC500122083001F049FAB3
:10BCB000C6F8080529462046BDE87040E6F72ABFC9
:10BCC000012B06D1337EDB0703D400F5005014307E
:10BCD000EEE70020ECE738B500F50055002100F54F
:10BCE0008053A5F84210B3F88C3BAB87044600F5AF
:10BCF00013501C222C3004F5135409F0CDFC0434ED
:10BD00000123C5F8E84485F8583538BDA0F51E7004
:10BD1000FFF7E1BFD0F8800208B101F010B9704719
:10BD2000A0F51E70FFF7F6BF406EFEF758BEA0F5F7
:10BD30001E70FFF7F9BF406EFEF76ABEA0F51E70D9
:10BD4000FFF7F9BFD0F8801200F5DC500022043173
:10BD50000830ECF7E1BFA0F51E70FFF7F3BFD0F895
:10BD6000800208B1ECF718BD7047A0F51E70FFF710
:10BD7000F6BF13B5406E90F8CD4A2CB901949DF8EA
:10BD800010400094FEF75EFB02B010BDA0F51E70DF
:10BD9000FFF7EFBF0146D0F8800218B101F5287116
:10BDA000ECF74EBD7047A0F51E70FFF7F3BF406E75
:10BDB000FEF727BEA0F51E70FFF7F9BF8030E6F74B
:10BDC000E5BDA0F51E70F9E78030FCF784BCA0F556
:10BDD0001E70F9E710B4044600F514500D3039B167
:10BDE000024604F5DC50012310BC083001F07BB999
:10BDF00010BC102209F050BCA0F51E70FFF7EABF7E
:10BE0000A0F51E70EBF744B970B50546806E036867
:10BE10001B68984706462846FDF710FED5F8943271
:10BE200004462BB19B1B23EAE373984228BF1C46B0
:10BE3000D5F890322BB19B1B23EAE3739C4228BFB9
:10BE40001C4605F50052D2F8BC3E2BB19B1B23EAE1
:10BE5000E3739C4228BF1C46D2F8C03E2BB19B1B0B
:10BE600023EAE3739C4228BF1C46D2F85C352BB111
:10BE70009B1B23EAE3739C4228BF1C4695F8B93309
:10BE8000C3B106F0E2FF0A220023E5F7B3F905F596
:10BE9000405500234FF47A72E5F75CF9D5F8583233
:10BEA00098423BBF181A4FF47A73002058438442DB
:10BEB00028BF0446204670BD0178092301F0030124
:10BEC000CB40024613F0010007D0D38823B9108974
:10BED000B0FA80F04009704700207047C0F340007E
:10BEE00080F0010000F00100704770477047704714
:10BEF000A0F51E70EBF73CB910B5036804461B684B
:10BF000098476368834228BF581C606010BD0EB418
:10BF100010B5ABB02DAB044653F8042B0193A02110
:10BF200002A8FBF7DDFD021E0CDB23689F2ADB68FD
:10BF300028BF9F2202A9204698472BB0BDE8104099
:10BF400003B070470020F8E72DE9F04700F5A05551
:10BF500088B00746041D04352046A034FDF72DF8AF
:10BF6000AC42F9D107F5A15907F1260409F10609F8
:10BF70004FF000084FF0FF0A68466E46FDF71DF8C7
:10BF80000FCEA4F122050FC596E80F0085E80F003B
:10BF900004F8028C04F801AC40220021204609F08C
:10BFA0007BFB2022002104F1400009F075FBC4F85E
:10BFB0006280C4F8668004F16A0014220021A03473
:10BFC00009F06AFB4C45D7D107F580533846C3F8D2
:10BFD000048408B0BDE8F087D0E9012313448B4204
:10BFE00009D9838901339BB283810088984234BF89
:10BFF000002001207047012381608381184670472B
:10C0000070B588B006466C466846FCF7D6FF0FCC84
:10C0100035460FC594E80F0085E80F000023C6E9F8
:10C02000083386F8283008B070BDF8B500F515550E
:10C0300000F537540E461746203538343A46314617
:10C04000284609F03CFB10B92846FFF7D9FF2C35EC
:10C05000A542F3D1F8BDA0F51E70FFF7E6BF8368D7
:10C060005B6A0BB1C0681847704738B5456EBFF3BF
:10C070005B8F044605F6A432002352E8001F42E815
:10C0800000300028F9D1BFF35B8FBFF35B8F05F65B
:10C09000A83252E8001F42E800300028F9D1BFF36F
:10C0A0005B8FBFF35B8F05F6AC3252E8001F42E8AE
:10C0B00000300028F9D1BFF35B8FAB685B6D0BB12B
:10C0C000E86898472846FFF7CAFF0023C4E90C3305
:10C0D000C4E90A33E26FA4F87030C2F80C35C2F834
:10C0E000083538BDA0F51E70FFF7BFBF08B5406E1C
:10C0F000FFF7B5FF08BDA0F51E70FFF7F7BF2DE9EC
:10C10000F84F00F51555203500F5375A07460C460F
:10C11000914698462E460AF1380A4FF0FF3B2022FE
:10C120003146204609F0CBFA30B3736A9B4588BF8D
:10C13000354606F12C0688BF9B465645EFD12B4667
:10C1400004F12002206861681E4603C60834944248
:10C150003346F7D1C5F82090B86F03681B6898473D
:10C160004FF0814168624046E4F7D2FDE4F7ACFF4E
:10C1700085F82800BDE8F88F3546E0E72DE9F04363
:10C1800005468FB008460C4616461F46FFF794FE3C
:10C19000C8B994F8049006F058FE0A220023E5F787
:10C1A00029F84FF47A720023E4F7D4FF05F53D58DF
:10C1B00009F03F0908F1100800904B463A46314615
:10C1C0004046E8F715FD23799B0620D12046FFF76E
:10C1D00073FEE0B99DF85C20169902A8FEF78AFF6D
:10C1E0009DF809309BB19DF8083003F00F03022B36
:10C1F0000DD194F90201E4F737FD4FF07A51E4F7DD
:10C2000087FD3A46034631462846FFF778FF0FB0D0
:10C21000BDE8F083F0B591F84A3003F0F002802ACF
:10C220008BB004460D4650D14B88052B4FD990F862
:10C23000ED62002E4BD1806F03681B689847014662
:10C2400004F514502030FFF7C7FE00283FD0B4F8A3
:10C25000EE32002B3BD06A8895F84B30092A38D84B
:10C260005B0734D5D4F83433B34230D3922195F8F8
:10C270004A30EA6C8DF8001095F802118DF8011023
:10C28000CDF8022003F0010304F506720DF106015A
:10C2900004F50E7052F8045B41F8045B8242F9D158
:10C2A000002B0CBF26220E2269462046FDF7E3FA3A
:10C2B000054660B1236801469B6C20469847294695
:10C2C00082002046FDF7A1FB01E0902A03D00BB0CD
:10C2D000F0BD2E6DC4E74A88052AF8D903F00F0394
:10C2E000022BF4D1252AF2D900F50056D6F85035A4
:10C2F00093B3D6F85415FCF781FB68BBEB6CD6F80A
:10C3000050259A42E3D105F150036A4605F17007C2
:10C3100018685968164603C60833BB423246F7D13F
:10C32000202204F50671684609F0C9F90028CED02C
:10C33000A06F03681B689847064695F90201E4F769
:10C3400093FC4FF07A51E4F7E3FC3246034669462A
:10C350002046FFF7D4FEBAE70023C6F85035B6E70B
:10C360002DE9F04F8FB09946189F9DF864300093E7
:10C370003B78054688461646002B00F08780102241
:10C38000002102A809F088F91022002106A809F06E
:10C3900083F9102200210AA809F07EF90F213846FE
:10C3A00009F0E0F905F536740246394602A809F0AD
:10C3B0004CF90F21204609F0D5F92146024605F532
:10C3C0003E7406A809F041F90F21204609F0CAF988
:10C3D000214602460AA809F038F9102206A902A847
:10C3E000FDF766FC102207460AA902A8FDF760FCCB
:10C3F000002F7DD0032705F58F6A00224146504665
:10C4000000F0EFFDD0F884304B4504467BD200F1BC
:10C41000620890F820B020223146404609F04FF9DA
:10C42000C4F884900190A86F01680968884794F85F
:10C430002010C4F8880001F0030003281CBF21F07D
:10C4400003010F43019A18BF84F8207006F1200100
:10C4500056F8040B48F8040B8E42F9D194F82010DA
:10C4600001F0030003281AD18B4500D1BAB1D5F8E9
:10C47000801205F50056002949D0002204315046AB
:10C48000ECF7C4FA0023C6F85C3508E0202200F57A
:10C490008F6000F08AFD044600283FF470AF009BD7
:10C4A00013B1FF2384F82130A86FFFF725FD05F5B0
:10C4B00080560023C6F86809A6F86C3994F8203035
:10C4C00003F00303DA1E5342534186F86E3994F8A1
:10C4D000203086F86F39686F036805F5CB511B680B
:10C4E000042210319847022386F874390D200BE09E
:10C4F000002880D1A86F03681B689847014605F59E
:10C500001550FFF769FD00200FB0BDE8F08FD6F899
:10C510005C35002BC3D141F288312846FCF77AFA0A
:10C52000C6F85C05BBE72DE9F3410546806F089C22
:10C530001F4603681B6890469847014605F514504E
:10C540003030FFF749FD30B344B33B7805F58056F2
:10C5500086F8603A4BB1621E791C05F5D150FDF7A3
:10C56000A5FA10B9FF2386F8603AC6F86889A86F63
:10C5700003681B6898470023C6F86C0905F5CB5182
:10C5800005F5DC500093AC2201231031083000F097
:10C59000C1FE0830C0B202B0BDE8F0812046FAE723
:10C5A0002DE9F0410446806F069D1F4603681B6815
:10C5B00090469847014604F514503030FFF70CFDC3
:10C5C00010B31DB33B7804F5805686F8603A4BB142
:10C5D0006A1E791C04F5D150FDF768FA10B9FF23E3
:10C5E00086F8603AC6F86889A06F03681B689847A8
:10C5F0000023C6F86C0986F8703994F8ED3213B14F
:10C60000802386F870390920BDE8F0812846FBE7D1
:10C6100010B588B004466A46022100F5C450E5F71B
:10C62000EBF86A46034604F506712046FCF769FFFD
:10C6300008B010BD2DE9F8430C794FEA94199046E3
:10C6400009F1010904F03F0401F10A05002600F593
:10C6500006773CB918F80900B0428CBF00200120D1
:10C66000BDE8F8834A463946284609F028F808B953
:10C670000136F6B2013CE4B24D44EAE730B585B08C
:10C6800004464FF49063406FADF804300368042211
:10C6900004F500551B680DF106019847DDF80630DA
:10C6A000C5F850354EF660212046FCF7B3F901A9D4
:10C6B000C5F854050A2200252046CDF80A50FDF79A
:10C6C000DAF8014618B12A462046FDF79EF905B072
:10C6D00030BD70B50446C0F88012FCF7F7FDD4F801
:10C6E0008012D4F80C33C4F8143204F50672043105
:10C6F00004F58F60ECF7F0F804F5DC55D4F88012FF
:10C700000835043100222846ECF768FA284600F084
:10C71000B7FD014630B104F5145201230D3228460D
:10C7200000F0E1FC23682046D3F8B4309847236832
:10C730002046D3F8B8309847D4F87C02D4F83813A0
:10C740000368BDE870409B6818472DE9F04385B049
:10C75000054608469DF83090884614461E4600F06F
:10C760006AFE074640B14B4632462146284605B090
:10C77000BDE8F043FDF794B82146404600F021FEA5
:10C78000CDF80090ADF80C00334603AA21462846A8
:10C79000ADF80E70FDF7BBF805B0BDE8F0832DE9EC
:10C7A000F04700F500590E46D9F8081586B0044642
:10C7B0001746984609B30D8855B100F5DC500123A2
:10C7C00002AA083000F08FFC0028D4BF0025012504
:10C7D00099F80CA504F5145909F10D09484600F023
:10C7E0002AFE65B1CDF800803B46324602A92046BC
:10C7F000FFF7ABFF06B0BDE8F0870D46E8E7BAF1FA
:10C80000000F06D128B9CDF800803B463246494694
:10C81000EDE743463A4631462046FDF741F8E9E761
:10C820002DE9FF470E46097801F03C011C291F46FF
:10C830000546DDE90C34904645D14FF0000C00F57B
:10C840008059196803F804C04FF0FF0C89F860CADA
:10C8500093F804C00CF1FF3EBEF11E0F36D93078BC
:10C86000FFF73CFB04330190009328460B46394602
:10C87000FFF776FD044630B32022394605F58F6078
:10C8800000F093FB824600285CD090F82120FF3A0C
:10C8900018BF01223078FFF721FB05F5CB53083391
:10C8A000002879D199F8601AFF29CDE90034434670
:10C8B0005DD1002A48D001213A462846FCF7E4FE23
:10C8C0000146002876D104B0BDE8F087BCF1010F25
:10C8D00010D1327802F00302023A012AF3D8052C73
:10C8E00038BF0524053C0A46009405333946FFF756
:10C8F0001AFEBFE7BCF1020F10D1327802F003023A
:10C90000023A012ADFD8052C38BF0524053C0A4627
:10C91000009405333946EAF769FCABE7BCF1030F35
:10C92000D1D1327802F00302023A012ACBD8052C89
:10C9300038BF0524053C0A46009405333946FFF705
:10C940002FFE97E70246A5E73A4601212846FCF765
:10C950009BFE01460028B6D033799B0901334FF482
:10C960009672284604B0BDE8F047FFF718BF0121D2
:10C970003A462846FCF788FE01460028A3D04FF42B
:10C9800096730C9399F8603A05F5D152284604B095
:10C99000BDE8F047FCF7F6BFCDE90234012301936F
:10C9A00033790093424606F10A0339462846FCF7DC
:10C9B00057FECEE74FF496729AF821300C920AF1A6
:10C9C0002202E3E773B50D4604461646FFF720FE44
:10C9D000014668B176B194F8D3030130C0B20A467B
:10C9E00004F5145100902B460D312046FFF7ADFEA3
:10C9F00002B070BD2A46204602B0BDE87040FDF787
:10CA000004B8A0F51E70FFF7DDBFF8B590F8B93394
:10CA10000446B3B3816F00F53D501030FEF720FDA2
:10CA200078B304F5005202F57563D3E9CE0604F538
:10CA300016550021043540F2262C55F821304BB113
:10CA40001B1846F10007012B77F10007B8BF01233F
:10CA500045F821300B316145EFD104F580530021B9
:10CA6000D3F87C78B9420DDB0023C2F82835A2F850
:10CA70002C35C2F83835A2F83C35C2F84835A2F852
:10CA80004C35F8BDD4F804354BB11B1846F1000500
:10CA9000012B75F10005B8BF0123C4F8043501313D
:10CAA000A034DFE737B50446FCF712FCD4F8941243
:10CAB000002964D02046FBF7A1FF00285FD0204664
:10CAC000FFF7A6FD024600286DD123682046D3F863
:10CAD000B830984723682046D3F8B430984704F517
:10CAE0000055D5F8BC1EA1B12046FBF787FF80B1E9
:10CAF0000023C5F8BC3E0123019395F8CD3E009379
:10CB000095F8CC3ED5F8C82ED5F8C41E606EFDF75A
:10CB100099FCD5F8C01E49B12046FBF76FFF28B13C
:10CB20000023C5F8C03E606EFDF7A6FCD5F85C1585
:10CB300071B12046FBF762FF50B1D4F88012002299
:10CB4000043104F58F60EBF761FF0023C5F85C3515
:10CB50002046FFF75AFF06F078F90A220023E4F78F
:10CB600049FBD4E9A231D4F88422C4F88402821AA1
:10CB70009B1841F10001C4E9A23103B030BDD4F8E3
:10CB800090120029ABD02046FBF738FF0028A6D032
:10CB90002046FFF73DFD014600289BD0002220469D
:10CBA000FCF733FF96E794F8D3330133DBB204F597
:10CBB000145100930D3100232046FFF7C6FD84E792
:10CBC000A0F51E70EAF7E0BC2DE9F04F03F6B43390
:10CBD000B5B050F823700E46002F11463E9A0492CD
:10CBE0000446DDE93F2BC0F2F38000F58053D3F813
:10CBF0007C389F4280F2EC80A0257D4300F58F6356
:10CC000005F104080593984400295DD14719D2F82D
:10CC10000090D7F800354B4580F0DA80ABF1040383
:10CC200000934146131D4A46EAF7DEFC824600287F
:10CC300000F0CE80C7F80095A06F03681B68984786
:10CC4000C7F804053078FFF749F904F5CB530833EA
:10CC5000D8B1CDE9023A01230193337900934146DB
:10CC6000049A06F10A032046FCF7FAFC0146002864
:10CC700000F0AE8033799B0901334FF49672204661
:10CC800035B0BDE8F04FFFF78ABDCDE9003A01218C
:10CC9000049B42462046FCF7F7FC0146002800F0C2
:10CCA000978097F89D34FF2BE4D04FF4967005F1F0
:10CCB00026023E9004F58F6010440246204635B0AF
:10CCC000BDE8F04FFCF75EBE022940F08180BBF169
:10CCD000050F7DD9431993F89C3403F00303032B0C
:10CCE00076D1117907294FEA910301D9032B6FD12E
:10CCF0004FF0A00A0AFB074AD2F800900793DAF82F
:10CD0000003506924B45059362D8CAF80095A06F8E
:10CD1000016809688847069A079BCAF8040500213C
:10CD200002F80B1002F1050BFBB95846E4F78EFA36
:10CD30002023CDE90083069A431D042109A8E6F7C4
:10CD4000DFFB099B0A930AA904222046FCF7C6FCD4
:10CD5000014650B19AF89D34FF2B3CD133799B09A1
:10CD60000133C8222046FFF71AFD059B4B453DD1F4
:10CD700000238DF82D300DF12D00E4F767FA82467F
:10CD800030B3A06FFFF7B8F8042348458DF82C3076
:10CD90000AF1050308BF09F1010001930AAB0A90EB
:10CDA00000930221049B42462046FCF76DFC01469D
:10CDB00070B1A02303FB074797F89D34FF2B1DD1CB
:10CDC00033799B0901334FF416722046FFF7E7FCD5
:10CDD00035B0BDE8F08FC82005F12602009004F5BB
:10CDE0008F6002442046FCF7CDFDBEE70DF12D0318
:10CDF0005A4649462046EAF75BFEBCE74FF41670F8
:10CE000005F12602009004F58F601044024620468A
:10CE1000FCF7B8FDDCE783689B6A03B118477047ED
:10CE200083685B68184707B503688DF80710DB68EF
:10CE300001220DF10701984703B05DF804FB0020C3
:10CE400070474FF0FF3070474FF0FF30704770472A
:10CE500010B50421044600F0CAFD204610BD13B5EC
:10CE6000044608466946FCF746FED4F804256B469E
:10CE700003CB04EBC20291605060D4F80435A022C9
:10CE8000013393FBF2F102FB1133C4F8043502B015
:10CE900010BD37B5044608466946FCF72CFE251D33
:10CEA00004F2045408222946684608F008FC18B920
:10CEB0002860686003B030BD0835A542F2D1F9E7BB
:10CEC0002020EAF7C3BF8020EAF7C0BF0820EAF7B6
:10CED000BDBF4FF48070EAF7B9BF0220EAF7B6BFD2
:10CEE0000120EAF7B3BF1020EAF7B0BFF7B50E464E
:10CEF000044669463046FCF7FEFD251D04F2045742
:10CF000008222946684608F0DAFB98B9337803F01E
:10CF10000303023B012B07D9D4F80C350133C4F8C5
:10CF20000C35012003B0F0BDD4F808350133C4F846
:10CF30000835F6E70835BD42E2D10020F2E710B52A
:10CF400004460020E8F7B2FA30B1002323702046EF
:10CF5000BDE81040EBF7D2BB10BD70B588B00646F7
:10CF60006C466846FCF729F80FCC35460FC594E8A7
:10CF70000F0085E80F004FF47F43338440220021E7
:10CF800006F1220008F088FB2022002106F1620051
:10CF900008F082FB0021142206F18C00C6E9211161
:10CFA00008B0BDE8704008F077BB2DE9F84300F504
:10CFB00080530E46D3F804941746041D0025A94556
:10CFC00004DC4FF000084046BDE8F88321463A46AD
:10CFD000304608F074FBA046A0340028F3D0013599
:10CFE000EDE72DE9F74F00F5805300F59B54D3F89A
:10CFF00004740D46064690460434011D4FF00009A6
:10D000004FF0FF3A4F4521DC202F06D07A1CC3F8A1
:10D010000424A02303FB0766341D2046FFF79DFF71
:10D020002B4684F82080254603F1200618685968AD
:10D030002A4603C20833B3421546F7D1FF2384F8CA
:10D040002130A346584603B0BDE8F08F2022284681
:10D0500001938B46009108F032FB0028F2D09BF838
:10D060002020019B02F00302032A594605D0DBF879
:10D07000882052453CBF5C46924609F10109A03127
:10D08000C0E7002070474FF0FF3070474FF0FF308F
:10D090007047704710B54421044600F0A8FC2046B4
:10D0A00010BD10B5036C2F2B9FBF5A1C1B180264B8
:10D0B00019740A29044614D1C368026CA16898182F
:10D0C00088420CD2606804F11001184408F0BDFADF
:10D0D000E368226C13446268E3600021D1540023AA
:10D0E0002364012010BD70B54D79242D88B01446FD
:10D0F00006D10988006808B0BDE8704000F0FCB9AE
:10D10000232D01F1050207D123460988006800F0AC
:10D11000B6F9012008B070BD23238DF8003001F16D
:10D1200021050DF1010352F8046B43F8046BAA4288
:10D13000F9D112881A8000238DF81F306A462346E1
:10D14000E3E72DE9F04F93B005460F46904600F116
:10D150000C064FF000090DF1080B6B894B4505DCFF
:10D160004FF0000A504613B0BDE8F08F347918EA4A
:10D170000404B24608D104235A4631462846FFF734
:10D18000B2FF03469C4203DB09F101092436E4E7C0
:10D1900039460BEB0410019300F013F9FA88824230
:10D1A000E0D0019B0134EDE72DE9F84304460F463A
:10D1B0001646984601F1FF3919F8015F4DB9394615
:10D1C0002046EBF723FE58B10388B34237D04680A0
:10D1D00004E02846EBF7EEFC0028EDD1BDE8F8832B
:10D1E0006289B8F1000F01D11F2AF7D8531C63815F
:10D1F000242303FB02F5611905F10C004FF0010C2B
:10D20000204481F810C0B8F1000F04D1B4F80480B4
:10D2100008EB0C01A18003FB02431135A3F80C803D
:10D2200025440023F95C19B1E95401331E2BF9D1CF
:10D230000021E954242303FB0244E681CEE728467B
:10D24000CCE7F0B541B144890023242500F10C0658
:10D25000A34204DB002001E000F28C40F0BD05FB9E
:10D2600003F2B75A8F4202D10C321044F6E7013371
:10D27000EEE7C188FFF7E5BF01B10988C1807047BB
:10D28000018909B1FFF7DDBF0846704701B1098880
:10D2900001817047F0B50346088838B35A890021E8
:10D2A00003F10E0424258A4208DC4FF0000C03F140
:10D2B0000C042425624508DC002017E005FB01F67C
:10D2C000A65B8642F8D00131EDE705FB0CF1665A0A
:10D2D000864202D00CF1010CECE7013A97B25F8173
:10D2E0005E18674506F1240601DC0120F0BD06F159
:10D2F0000C050FCDA6F118040FC40FCD0FC42B6879
:10D3000023600CF1010CECE70B4600F28C4200218B
:10D31000EBF7EABD2DE9F74F98469DF830A090F85D
:10D320009034009207460D4608EA0303BAF1000F55
:10D3300002D01BB92C4607E0002BFBD12C462A2338
:10D3400004F8023B2C236B7007F112064FF0000922
:10D350004FF02C0B7A894A4509DCAC4288BF04F1B6
:10D36000FF340023601B237003B0BDE8F08F16F874
:10D37000022C314608EA0202BAF1000F04D02AB9A1
:10D3800009F101092436E5E7002AF9D116F8012C44
:10D39000232A18BF06F1FF3108460191E3F756FF33
:10D3A0000246601B009B0199104402309842E7DA64
:10D3B0002046019208F049F9019A144404F801BB8F
:10D3C000DEE730B5D3B0054604A80C4600F0D0F82F
:10D3D000102229460DEB0200EBF7FCFD23780DF13E
:10D3E0000D01C3F38303012204A80B7000F0D6F8EB
:10D3F000628804F14A0104A800F0D0F80DF10E048F
:10D40000022310220093294623460DEB020000F070
:10D41000EDF8238843B90123238004A8248800F071
:10D4200093F8204653B030BD4FF6FF729342F4D1CB
:10D430004FF6FE73F0E7431E0F3013F8012F1AB9B1
:10D440008342FAD10120704700207047F0B5D0F830
:10D4500020510F2D044611DCAB1C20F8151000EBF9
:10D46000031302F11007106851681E4603C6083204
:10D47000BA423346F7D10135C4F82051F0BD2DE949
:10D48000F0419846D0F82031CEB005460E461746FA
:10D490000024A34218DC684600F06AF83846E3F737
:10D4A000D5FE39460246684600F078F8414668469F
:10D4B000102200F07EF8284642463146FFF7C6FFAC
:10D4C000684600F041F812E035F81420B24211D15C
:10D4D000023405EB0414424604F11003254603CD43
:10D4E0009D42106051602C4602F10802F6D14EB008
:10D4F000BDE8F0810134CCE72DE9F0470646002570
:10D500008E46284606F12008D6F82011A94201DDF2
:10D51000984201DBBDE8F08736F81510714511D14E
:10D5200008EB051C00F1010902EB00140CF1100AD4
:10D53000674603CF574520606160BC4604F108048C
:10D54000F6D148460135DFE710B5044607F00CFD7B
:10D5500004F1700007F076FDD4F8300120B107F037
:10D5600079FC0023C4F83031002384F8343110BD35
:10D5700010B570220446002108F08EF8C022002168
:10D5800004F1700008F088F800232046C4F8303118
:10D5900084F83431EBF712FD204610BD10B490F83A
:10D5A00034411CB110BC703007F0BDBD10BC07F099
:10D5B0000BBD70B58AB0044616460D4620220021E8
:10D5C00002A808F069F801AB02A92022204607F062
:10D5D00012FD202E324602A928BF2022284608F03C
:10D5E00034F82046FFF7B0FF0AB070BD30B58BB0FD
:10D5F00004462022002102A81D4608F04DF801AB88
:10D6000002A9202204F1700007F0A8FD0E9A202A3A
:10D6100028BF202202A9284608F017F82046FFF765
:10D6200093FF0BB030BD07B503688DF80710DB68BA
:10D6300001220DF10701984703B05DF804FB70B5B6
:10D64000037C0BB9002070BD041D204600F0E0FDF6
:10D65000061EF7DB02220021204600F0CDFD002847
:10D66000F0DB204600F0D4FD00220546314620467E
:10D6700000F0C2FDAE42E5DAA81BE4E708B5037C82
:10D680002BB1043000F0ACFD20EAE07008BD184674
:10D69000FCE738B503685B6905469847041E05DB5F
:10D6A00001224FF0FF31281D00F0A6FD204638BDB5
:10D6B00008B5037C2BB1043000F086FD20EAE07051
:10D6C00008BD1846FCE707B501220DF10701FFF779
:10D6D000EFFF01280CBF9DF807004FF0FF3003B0AB
:10D6E0005DF804FB10B5037C044623B1043000F060
:10D6F00059FD0023237410BD70B504460D4616462F
:10D70000FFF7F0FF0023C4E90133237332462946B3
:10D71000201D00F0E9FCB0FA80F04009207470BDD3
:10D7200010B50446EBF78EFC2046142100F05FF99B
:10D73000204610BD00B5D3B00B4640226946EBF73A
:10D740008BFC10A9684600F006FEB0FA80F0400994
:10D7500053B05DF804FB0346184601330278202AD3
:10D76000FAD0704708B505F070FB0A220023E3F7F2
:10D7700041FD08BD10B50446E3F768FD00212318FC
:10D78000A34203D913F8012C202A00D010BD03F8BE
:10D79000011DF5E7F7B51546FFF7DDFF0C46064618
:10D7A000EBF798FC074610B12C60012712E00190BE
:10D7B00001A93046F9F706FA04460198B04209D0AB
:10D7C000FFF7C9FF03782BB921462046E3F734FC65
:10D7D0000028E9D1384603B0F0BDF7B51446FFF78D
:10D7E000BAFF0E460546EBF775FC074620B12660EA
:10D7F0000127384603B0F0BD019001A90A2228464E
:10D80000F9F75AFB01460198A842F2D0FFF7A3FFAF
:10D810000378002BEDD12160EAE70023CA5C1AB13E
:10D82000C25401330F2BF9D1C3F110020021184467
:10D8300007F032BFF8B5064608461546FFF78BFFDE
:10D840000746EBF747FC044608B12846F8BD3159B6
:10D850003846E3F7E9FC10B934442079F6E7083498
:10D86000202CF4D14FF0FF30F0E72DE9F0410368B0
:10D87000DB6804460F46984700250646B54202DBA2
:10D880000020BDE8F081236829461B69204698479F
:10D890003946E3F7C9FC30B92368294620465B695D
:10D8A000BDE8F04118470135E8E7426992F84E308B
:10D8B0005B003B2BDCBF002382F84E30806903689D
:10D8C0001B68184770B504460D46EBF745FC6369C5
:10D8D00090F91B2183F81B216369002683F82461DA
:10D8E000A0690368D3F894309847A0690368D3F817
:10D8F0009030984715B1636983F824612046BDE8EC
:10D900007040FFF7D2BF10B5044650F8880C03688A
:10D9100094B05B6C984770B9FFF724FFD4E90E23ED
:10D920009042994107DAC8220023204614B0BDE88E
:10D930001040F5F797BA94F8303054F8A00C032B48
:10D9400008D0042B0FD0022B13D114B0BDE8104027
:10D95000FCF775BA54F88C1C03686A46DB6B04311B
:10D96000984714B010BD03685B6A14B0BDE810405E
:10D97000184703681B6AF8E710B580F8D010044612
:10D98000FFF7F0FE41F28833C01841F10001C4E90D
:10D99000360144F6206204F1A0000023BDE81040E7
:10D9A000F5F72CBA70B5C0B004460D46684611466E
:10D9B000FF221E4607F0C3FE00238DF8FF306A46A3
:10D9C000334629462046ECF72DFF40B070BDE7F7FF
:10D9D00035BD0020EDF796BF704770477047704720
:10D9E000FFF7FBBF00207047FEE7EEF7C1BFEEF781
:10D9F000DFBF00EBC100408840087047F8B5034620
:10DA0000FFF7F7FFB0FA80F0C0F11F0003EB800CC6
:10DA1000CA00DCF81060171D0C4606328DB256B9EC
:10DA2000012101FA00F0D9680143D960CCF8104017
:10DA3000DD539D52F8BDF1000431585AD85303EB21
:10DA4000C0009E52C5805D52F4E710B500EBC104E2
:10DA5000E388994202F104010AD1012303FA02F298
:10DA6000C36823EA0203C360002340F8213010BDDD
:10DA7000A28840F8213000EBC20100EBC300CB804C
:10DA80008280F4E708B50346FFF7B3FFB0FA80F2EF
:10DA9000C2F11F021846BDE80840FFF7D6BF2DE9C6
:10DAA000F843B1FA81F3C3F11F0200EB8209064685
:10DAB000D9F810700D4687B9C3F120034FF0FF3439
:10DAC0009C40F3681C4014D094FAA4F2B2FA82F29B
:10DAD000131D56F82340214608E03C464FF003084A
:10DAE00021463046FFF785FFA84205D33046FFF7B1
:10DAF000ACFF2046BDE8F88306EBC404B8F101088A
:10DB0000E488C9F81040D7D0A742E9D1D4E738B5A6
:10DB10000446FFF76EFF0D46034611462046FFF709
:10DB200068FF03449BB204EBC5055A006A80204697
:10DB3000FFF75FFF014424F8313038BD70B504466B
:10DB4000FFF757FF0B4604EBC305511A9B1A89B226
:10DB500003444E009BB204EBC2006E805D00458022
:10DB600024F8321020461146FFF743FF014424F801
:10DB7000313070BDF8B500294DD004680D1F2D1B44
:10DB8000EE0825F007056219538813F0010304D14C
:10DB900083F311880423184602DF31462046FFF73D
:10DBA00028FF304434F83030C01A864205D00023B4
:10DBB00083F311880423184602DF538823F00103FE
:10DBC000538031462046FFF714FF371804EBC70394
:10DBD0005B88DA0708D439462046FFF753FF3A46F8
:10DBE00031462046FFF793FF655B751B04EBC503C9
:10DBF0005B88DB0709D429462046FFF743FF3246FE
:10DC000029462046FFF783FF2E4631462046BDE8D1
:10DC1000F840FFF7F3BEF8BD70B509B9002070BD3C
:10DC2000056801F007030B33CC0804EBD304AB68A1
:10DC30009C4228BF1C4621462846FFF730FF064677
:10DC40000028EBD001462846FFF7D3FEA04207D9B3
:10DC500032192846FFF772FF11462846FFF7CEFE1D
:10DC600005EBC6021046538843F00103538004308D
:10DC7000D5E71146FFF7D0BF2DE9F84314464A42D5
:10DC800002EA010931EA020203460BD04A46042A9D
:10DC90004F4628BF0422A1EB09096CB9002528468C
:10DCA000BDE8F883042904D82146BDE8F843FFF70E
:10DCB000B3BF00270422F0E71E68A9EB020204F0BC
:10DCC000070302F007010B330B44E10801EBD2011B
:10DCD00001EBD301B368994228BF19463046FFF7DC
:10DCE000DEFE80460028D9D03D1D05EBC00509F1B8
:10DCF000FF3335441D44B5FBF9F509FB05F5ED1B74
:10DD00002C442B1F07349B1B24F00704A41BB0EBEF
:10DD1000D30F4FEAD3074FEAE40408D201463A464C
:10DD20003046FFF70BFF41463046FFF767FE3946A6
:10DD30003046FFF75EFE3844844207D23046224622
:10DD4000FFF7FCFE21463046FFF758FE06EBC706FC
:10DD5000738843F001037380A1E7043A2DE9F84387
:10DD6000CC1D114424F0070421F00706A6EB04089B
:10DD70004FEAD807B7FA87F2C2F12405AD004FF099
:10DD800000090735C2F12002ED0804604946A7608A
:10DD9000C4F80C90920004F1100007F07DFCAAB2C8
:10DDA000530043F0010363807B1B9BB204EBC5016E
:10DDB0005800A4F80090488024F83520A6F8029076
:10DDC00024F8083004EBC70329465A8842F00102C0
:10DDD0005A802046BDE8F843FFF710BE0020704788
:10DDE0007047EDF701BF0FB407B504A951F8040B54
:10DDF0000191FFF7F6FF03B05DF804EB04B0704744
:10DE000008B5EFF31183102383F31288EDF78AFF2F
:10DE10007047F0B5406802F4C0454468B5F5804FDE
:10DE20004FF0010000FA01F074D10729C2F3432535
:10DE30005AD890FAA0F3B3FA83F3266A9B000F270F
:10DE400007FA03F326EA030690FAA0F3B3FA83F382
:10DE50009B0005FA03F3334323626568C2F3C033C2
:10DE60008B4025EA00010B43636090FAA0F1B1FA00
:10DE700081F1A5680326490006FA01F125EA0105AA
:10DE800090FAA0F1B1FA81F1C2F3014349008B404D
:10DE90002B43A36090FAA0F1B1FA81F1E568490043
:10DEA00006FA01F125EA010590FAA0F1B1FA81F133
:10DEB000C2F3814349008B402B43E36090FAA0F307
:10DEC000B3FA83F3216890FAA0F05B00B0FA80F017
:10DED00006FA03F34000C2F3413221EA0303824011
:10DEE0001A4322600020F0BD030A93FAA3F6B6FAA3
:10DEF00086F6676A93FAA3F3B6004FF00F0CB3FAF5
:10DF000083F30CFA06F69B0027EA06069D4035438C
:10DF10006562A2E7B5F5005FA7D16668C2F3C035B8
:10DF200005FA01F126EA000529436160002B9CD027
:10DF3000D3024CBFA061A06297E7C3693BB1DB6825
:10DF40002BB1DB691879B0FA80F0400970470120E5
:10DF5000704770B5C56904460E460DB103232B7199
:10DF60002046FFF7EAFFA8B103212046B04700286A
:10DF700002DA10F1860F0ED1012125B92046334671
:10DF8000BDE87040184729712046B047002802DBE1
:10DF900000232B71002070BD002908DB80688842B7
:10DFA00005D9401A904234BF00200120704700205C
:10DFB000704770B516461A4605460C46FFF7ECFF4B
:10DFC00048B16968E8682144826814683246A4460A
:10DFD000BDE8704060476FF0150070BD70B5164623
:10DFE0001A4605460C46FFF7D7FF48B16968E8684E
:10DFF0002144826854683246A446BDE870406047B8
:10E000006FF0150070BD10B50B460446FFF7C4FF56
:10E0100030B16168E0681944BDE8104000F003B811
:10E020006FF0150010BD2DE9F0418768FB680446CC
:10E030000D4616469847BB682BB132462946204606
:10E04000BDE8F04118476FF05700BDE8F08107F0D8
:10E0500023BB07F0FABA01460068EDF7DDBE08B54C
:10E06000EDF716FFBDE80840EEF762BA0B46014631
:10E070001846FFF7B7BC00210120EDF7CDBE08B56B
:10E08000EEF7F2F9EDF7A0FEEDF7AAFEEEF7A4FA2F
:10E09000F4F7B8F96FF08500704761B662B680F3A7
:10E0A0001188704772B6002383F31188BFF36F8F16
:10E0B000BFF34F8F30BF62B6BFF36F8F704720281A
:10E0C00009D9B0F1004F08D80138B0FA80F0C0F19A
:10E0D0001F0040007047082070473E20704708B579
:10E0E000EEF70AFC002008BD2DE9F341054616466F
:10E0F0000C46002944D00B782F2B41D14B78002BB4
:10E100003ED04268002A3ED101A8EEF79DFC0028CF
:10E110003CD1019F97F82030990702D516F0120FD5
:10E1200037D1FB691A68002A39D016F0400806D0AA
:10E13000B20731D55B69002B31D04FF001086F6019
:10E14000FB6921461B68324628469847041E05DABB
:10E1500000236B60204602B0BDE8F0812E72B8F15A
:10E16000000FF7D0FB6900215B6928469847041E21
:10E17000F0DAFB69DB69002BEAD028469847E7E72D
:10E180006FF01504E6E76FF00F04E3E76FF00104AA
:10E19000E0E76FF01D04DDE76FF00C04DAE76FF0E5
:10E1A0008504D7E710B54368044643B1DB69DB69F2
:10E1B0003BB19847002801DB0023636010BD18467F
:10E1C000FCE76FF08500F9E743681BB1DB695B682A
:10E1D0001BB118476FF0080070476FF0850070475B
:10E1E00043681BB1DB699B681BB118476FF00800DF
:10E1F00070476FF08500704743681BB1DB69DB68CF
:10E200001BB118476FF0080070476FF0850070472A
:10E2100043681BB1DB691B691BB118476FF008002D
:10E2200070476FF08500704743681BB1DB699B69DD
:10E230001BB118476FF0080070476FF085007047FA
:10E2400013B50446B8B103782F2B14D1437893B19A
:10E250000146002201A8EEF7F7FB80B9019890F87B
:10E2600020309B070ED4C369DB6B73B1214602B02B
:10E27000BDE8104018476FF0150002B010BD6FF0F8
:10E280000100FAE76FF01D00F7E76FF08500F4E793
:10E2900013B50446B8B103782F2B14D1437893B14A
:10E2A0000146002201A8EEF7CFFB80B9019890F853
:10E2B00020309B070ED4C3695B6B73B1214602B05B
:10E2C000BDE8104018476FF0150002B010BD6FF0A8
:10E2D0000100FAE76FF01D00F7E76FF08500F4E743
:10E2E00073B50D46044618B96FF0150002B070BD45
:10E2F00003782F2BF8D14378002BF5D00029F3D0E9
:10E300000B782F2BF0D14B78002BEDD0014601AAD2
:10E310006846EEF799FBA8B9009E96F820309B0757
:10E3200013D4019A2946204607F0F7F90028DBD1DB
:10E33000F3699B6B63B12A462146304602B0BDE8C3
:10E34000704018476FF00100D0E76FF01D00CDE777
:10E350006FF08500CAE7F7B50C460546002839D0AE
:10E3600003782F2B36D1E2F771FF0128064609D139
:10E3700042F6017323800023A370C4F80431002007
:10E3800003B0F0BD01AA29466846EEF75DFB0746DB
:10E3900018BBDDE90032B61A012E10D82046012242
:10E3A00000F8012B9A69D968FF2A28BFFF220131A2
:10E3B00007F04BF984F80071C4F80471DFE7DA69FB
:10E3C000166C6EB1184622462946334603B0BDE8A6
:10E3D000F04018476FF01500D2E76FF00100CFE76B
:10E3E0006FF08500CCE738B50446F8B14FF0FF3048
:10E3F0004FF0FF31EEF71AFB23688BB1E3691B6B1B
:10E400008BB120469847051E06DBD4E90032136025
:10E410005A600023C4E90033EEF710FB284638BDEC
:10E420006FF01505F8E76FF08505F5E76FF0150556
:10E43000F4E70020704730B5D0E900420D68531E64
:10E4400068682344834208D3AB68013B03449C4281
:10E4500005D84B689A4288BF4A60012030BD002031
:10E46000FCE708B5C26900685143FFF7CCFDBDE881
:10E470000840EEF789BC38B5C5690068144605FB4D
:10E4800001411A46049BFFF7A9FDBDE83840EEF7AD
:10E490007BBC38B5C5690068144605FB01411A46C6
:10E4A000049BFFF786FDBDE83840EEF76DBC4FF0EA
:10E4B000FF324FF0FF3300F58070F4F729B9F4F71D
:10E4C000CBB9F8B543681D6904460E461746284681
:10E4D000FFF7EDFF21683B46324605F17C0004F072
:10E4E00088F8044605F58070FFF7E9FF2046BDE88F
:10E4F000F840EEF73BBCF8B543681D6904460E468C
:10E5000017462846FFF7D3FF21683B46324605F100
:10E510007C0004F085F8044605F58070FFF7CFFF16
:10E520002046BDE8F840EEF721BCF8B543681D6908
:10E5300004460E4617462846FFF7B9FF21683B46BA
:10E54000324605F17C0004F06DF8044605F5807054
:10E55000FFF7B5FF04EAE470BDE8F840EEF706BC4B
:10E5600038B543681D6904462846FFF7A0FF2168B7
:10E5700005F17C0004F0D9F8044605F58070FFF73A
:10E580009EFF204638BD70B543681D6904460E469F
:10E590002846FFF78CFF2168324605F17C0004F025
:10E5A00043F8044605F58070FFF789FF2046BDE873
:10E5B0007040EEF7DBBB38B543681D69044628465A
:10E5C000FFF775FF216805F17C0004F010F80446A0
:10E5D00005F58070FFF773FF2046BDE83840EEF781
:10E5E000C5BB70B543681E6904463046FFF75FFF40
:10E5F000216806F17C0003F0F8FF054606F58070FF
:10E60000FFF75DFF2046EEF79DFB2846BDE8704012
:10E61000EEF7ACBBF0B543681F690446C3B038469B
:10E620000D46FFF744FF21686A4607F17C00F3F7C7
:10E630005BFD044607F58070FFF741FF002C16DDF7
:10E640009DF800309A1E534253412B70019BC5F830
:10E650000431FF2202A9681C002407F070F885F835
:10E660000041204643B0BDE8F040EEF77FBB08BF55
:10E670006C70F6E738B504692046FFF718FF0025EF
:10E6800004F17C0003F088FF04F58070C4F8FC50AE
:10E69000FFF715FF284638BD38B50346084619462A
:10E6A0001D69EEF7CDFA04462846FFF700FF214624
:10E6B00005F17C00F3F788FA044605F58070FFF752
:10E6C000FEFE2046BDE83840EEF750BBF8B50446E4
:10E6D0000846214625691746EEF7B2FA2146064656
:10E6E0003846EEF7ADFA04462846FFF7E0FE22462C
:10E6F000314605F17C00F3F7D3FA044605F5807046
:10E70000FFF7DDFE2046BDE8F840EEF72FBB38B539
:10E710000346084619461D69EEF792FA0446284654
:10E72000FFF7C5FE214605F17C00F3F7F3FB044635
:10E7300005F58070FFF7C3FE2046BDE83840EEF7D0
:10E7400015BB70B5034614461E69D6F8E4209269DD
:10E750002260D6F8E420D2696260D6F8E420126A1A
:10E76000A26008461946EEF76BFA3046FFF79FFEA7
:10E7700006F17C0003F0E9FF054606F58070FFF71F
:10E780009EFE002DA1BFA3685B1BE3600025284609
:10E79000BDE87040EEF7EABAF8B50569074605F539
:10E7A0008076304604F02FF92846FFF780FE97F870
:10E7B000202079692846EEF74FFA0446C0B905F1E2
:10E7C0007C0429462046F3F747F900280BDA97F82E
:10E7D0002030DA0707D49B0719D429462046F3F7DF
:10E7E000D5F8002808DAEEF7C1FA0028044609DA5D
:10E7F0000023C5F8FC3005E020462946F3F72CF944
:10E80000041EF0DB3046FFF75AFE2046F8BD6FF0DD
:10E810001D04EDE7F0B50346C3B0084619461F696D
:10E820001546EEF70DFA04463846FFF740FE21463E
:10E830006A4607F17C0003F0B4FE044607F58070D9
:10E84000FFF73DFE002C10DB9DF800309A1E53426E
:10E8500053412B70019BC5F80431FF2202A9681CAB
:10E86000002406F06CFF85F80041204643B0BDE867
:10E87000F040EEF77BBA08B50122EEF779FB0028ED
:10E8800018BF6FF0040008BD08B506220121002062
:10E89000EEF70AFC002211460620EDF7CDFD01211E
:10E8A00008460722EEF700FC002211460720EDF78C
:10E8B000C3FD082201210220EEF7F6FB00221146DB
:10E8C0000820EDF7B9FD092201210320EEF7ECFB4A
:10E8D000002211460920EDF7AFFD0A220121042094
:10E8E000EEF7E2FB002211460A20EDF7A5FD052117
:10E8F00008461622EEF7D8FB002211461620EDF747
:10E900009BFD292206210A20EEF7CEFB00221146AC
:10E910002920EDF791FD002008BD01F01F01012025
:10E920008840704700F00302043292000F239340A6
:10E9300043EA900010B500F003039B0003F180430D
:10E9400003F58033020C9C6892FAA2F2B2FA82F2CA
:10E9500002F00F0224EA104091400143996010BD7B
:10E960000B88C3F30B0303F6B872C2F30B021C2A25
:10E970009FBF03F1B04349681A688A439ABF0020D9
:10E980001A606FF085007047082809D84FF4F573B6
:10E99000C34013F0010F0CBF6FF0850000207047DB
:10E9A0006FF08500704770B508884A68C0F30B00A7
:10E9B00094B2C2F30445FFF7E7FF90B9FF2A0FD0E6
:10E9C000C2F3415604F1B04401360123B34021683B
:10E9D000013BAB40120E21EA0303AA40134323601C
:10E9E00070BD6FF08500FBE717B40B88C3F30B0312
:10E9F00003F6B874C4F30B041C2C0A4604D9002295
:10EA000003B010BCFFF7CFBF03F1B04350681968E3
:10EA1000014319601388C3F30B0303F1B0430020D3
:10EA20001B680193019B03B010BC70470888C0F3BA
:10EA30000B0008B500F6B873C3F30B031C2B08D802
:10EA400000F1B0404B68026893430CBF02200120E4
:10EA500008BDFFF799FF00280CBF02200120F7E74F
:10EA60007047704701298CBF6FF085000020704708
:10EA7000EEF7E8BDF7B51C46164600238268236012
:10EA8000A36053690D4601AA69469847019B5A1E27
:10EA900001921BB96FF0150003B0F0BD0098A26899
:10EAA00047682168676085B9B31AD0F800C063452C
:10EAB00028BF63461A4403FB07112160A260026865
:10EAC0009A4206D808300090E0E76B1AB3FBF7F3E0
:10EAD000EBE70020E0E713460022FFF7CBBF2DE96C
:10EAE000F047836886B05B698846914601A902AA0F
:10EAF00098470024A2462546029BAB4202D806B0A6
:10EB0000BDE8F087019F07EBC50700267B680493EB
:10EB10003A68B2420AEB060302D801359A46EBE79F
:10EB200003940593494603A8C0470028E7D0049BF7
:10EB300001361C44ECE74FF0FF324FF0FF33043056
:10EB4000F3F75CBF7FB506460D4614461BB141EA9C
:10EB500002035B0710D101AA29463046FFF7BBFF2D
:10EB600050B9013C01AA61193046FFF7B4FFB0FA71
:10EB700080F0400904B070BD0020FBE770B51C4672
:10EB80001546002322460E46FFF7DCFF40B12CB1AC
:10EB9000224606F10061284606F057FD002070BDB0
:10EBA0006FF01500FBE70020704708B500690430DE
:10EBB0000122114603F02FFFFFF7F5FF00EAE07096
:10EBC00008BD73B506464FF4FA720023684604F098
:10EBD0003EF933691B681A6944F2FA310A40DDE9EB
:10EBE000004513D01A690A401A616FF0040002B0A0
:10EBF00070BD002AF9D122462B46684604F04CF934
:10EC0000DDE9003213430CBF0122002233691B6887
:10EC1000186910F4A020ECD1E9E770B5012305468E
:10EC20000E461446FFF78EFFF8B1CCB12869FFF706
:10EC300082FF00212846EEF77BFE98B93146224636
:10EC4000284600F043F8064601212846EEF770FEFC
:10EC5000002E14BF3446044628690430F3F796FEAC
:10EC6000204670BD6FF00406EEE76FF01504F7E77D
:10EC7000F8B51C4617460123224605460E46FFF707
:10EC800061FF00B3D4B12869FFF755FF0021284682
:10EC9000EEF74EFEA0B9314623463A46284600F02C
:10ECA00070F8064601212846EEF742FE002E14BFFA
:10ECB0003446044628690430F3F768FE2046F8BD60
:10ECC0006FF00406EEE76FF01504F7E7F8B5551E90
:10ECD0000D440646CF12ED120020BD4200D2F8BD11
:10ECE00033691C686369002B48DB3046FFF769FF16
:10ECF0000028F4DB23685A050FD5236823F48063CA
:10ED00002360236843F480532360236823F48053F3
:10ED10002360236843F48063236023689B050FD539
:10ED2000236823F400732360236843F400632360A3
:10ED3000236823F400632360236843F40073236093
:10ED4000636943F002036361636923F47E73636163
:10ED50006269FB0003F47E7313436361636943F4E8
:10ED60008033636130466369FFF72BFF63690028D6
:10ED700023F002036361B2DB0137AEE76FF00400FA
:10ED8000ADE72DE9F84F05460020164698460446A3
:10ED900001F10067A04510D924F007033344E210C5
:10EDA000D3F804A02B6956F832B0D3F80090D9F804
:10EDB0001430002B03DA6FF00400BDE8F88F28460A
:10EDC000FFF7FFFE0028F8DB3A59013207EB040396
:10EDD00002D15A68013202D05BEA0A02EBD1D9F8BB
:10EDE000142042F00102C9F81420D9F81420C3F805
:10EDF00000B02846C3F804A0FFF7E3FED9F81430AA
:10EE0000002823F00103C9F81430D6DB0834C1E729
:10EE100043685B681B690B600020704743685B6850
:10EE2000586942400A4042405A6100207047436896
:10EE30005B6800209961704743685B6800209962B5
:10EE4000704743685B685A695140596100207047B8
:10EE500030B50369986800B30024884219D1086866
:10EE60008CB9DC689860A14200D1D86000200860AD
:10EE70002AB19A680A60DA68996002B9D9600020FC
:10EE80000FE02846E9E72060D868814208BFDC60CF
:10EE9000ECE705680446002DF3D1002AE9D16FF0B4
:10EEA000150030BDF8B512F4003407690D4602F0C4
:10EEB00030061DD0940718D551073BD54FF4204498
:10EEC000130301D544F48014102E2ED144F4802471
:10EED00012F4403611D0796821FA05F3DB075FBFE1
:10EEE0000123AB400B437B6007E04FF40054E7E79E
:10EEF000D103E9D4F6B94FF4C04402F44023D2015F
:10EF0000003B02F4403218BF012322432946FEF79A
:10EF100080FF46B97B6823FA05F2D20741BF012280
:10EF2000AA4093437B600020F8BD202E08BF44F424
:10EF30000024CDE76FF08500F6E770B50B690E464B
:10EF40009968054609B10C6801B970BD8A682A4004
:10EF500002D04B68304698471CB1236821461C46B6
:10EF6000F2E72346FAE7036993F860201AB11B6BB6
:10EF70000B60002070476FF0040070472DE9F743E5
:10EF800098460B7A056943F0040316460B72074650
:10EF90000C460B460122B2420ED905F118094FF07A
:10EFA000FF324FF0FF334846F3F728FD384600F0B4
:10EFB00084F8051E21DA25E00AD2197A187D81EA43
:10EFC000000C1CF0010F01D0400722D5890720D486
:10EFD00001320C33D2B2DEE7012E14BF04F1140368
:10EFE0000023CDE90038384694E80E0000F008F917
:10EFF000051E04DB013E0C34F6B2002EECD138467F
:10F0000000F05DF84846F3F7C1FC284603B0BDE8C0
:10F01000F0836FF01505F8E770B5046905460E46F4
:10F0200018344FF0FF324FF0FF332046F3F7E6FC81
:10F0300031462846EEF70AFE05462046F3F7A6FCC1
:10F04000284670BD42680369D26883F8621019B916
:10F05000136823F440131360704700F057B800F0B2
:10F06000B0B808B5002211462020EDF7E5F92020C0
:10F07000EDF7A2F9002221201146EDF7DDF9BDE8F8
:10F0800008402120EDF798B907B501AA01F01AFF51
:10F09000002805DB019B00221979186801F025FF83
:10F0A00003B05DF804FB19B1012903D1EEF7A0BD4F
:10F0B000EEF7B2BD6FF085007047002070477047D3
:10F0C00043680169DB681A6822F002021A601A6854
:10F0D00022F004021A601A6822F020021A601A68EC
:10F0E00022F010021A601A6822F040021A6091F8A9
:10F0F00061201AB91A6822F080021A607047426DC6
:10F100001AB100224265F3F741BC704710B543685D
:10F110000269DB6899691C6811F0100F07D0D96982
:10F1200041F01001D961012191649B6910BD11F07A
:10F13000200F0CD0DA6942F02002DA6101229A61D4
:10F14000FFF7BEFFBDE810400069FFF7D8BF11F020
:10F15000040F09D0D16D586A0870916D013991651D
:10F16000D16D0131D165E0E711F0800F15D014F0B9
:10F17000400F12D0946D5968002CE1D0FF2C01D9BA
:10F180005960D2E792F8502021F47F0141EA04410E
:10F19000002AF5D121F08071F2E711F0020F03D0BF
:10F1A000D16D09789962D8E74906BED56106BCD50C
:10F1B000526D127A9207C3D55A6842F480425A605F
:10F1C000B3E710B54368DB689A6991050ED5DA6933
:10F1D000016942F40072DA6101234B64FFF770FFAA
:10F1E0000069FFF78CFF6FF0040010BD9A69D2052B
:10F1F00001D40020F9E7DA6942F48072DA61F8E7B5
:10F200002DE9F04385B00DF1040888E80E0043684D
:10F21000DDF83090BDF834700469DD68064620469C
:10F22000F3F70CFC029BA365019BE3650023C4E993
:10F230001133E3640123C4F85480AB612B6843F0BD
:10F2400001032B606B68226B9DF80C10A86923F0FA
:10F250007F7323F44233D20723F47F7323F0030335
:10F2600046BF47F400673B4343EA470311F00202FD
:10F2700046D1B9F1000F45D099F800707F0702D44C
:10F2800043F08073012284F85020029AFF2A86BF3F
:10F2900043F0FF7343F4803343EA0243000607D48C
:10F2A000CA0754BF23F4806343F4806343F40053DC
:10F2B0006B602B6843F0F6032B6034699DF80C50AB
:10F2C000766805F00205D6E906232046F3F796FB9B
:10F2D000A36CCBB9636C184314BF6FF0040000201B
:10F2E000ADB9031E18BF012394F861202AB923B1D8
:10F2F000F268136823F00103136005B0BDE8F083E2
:10F300000022C0E74A46BEE76FF00400E8E70123A9
:10F31000EAE7F0B41346DA028768066907D513F402
:10F32000402F1EBF43F3000202F4402253401F2926
:10F3300023F480120AD8346801258D40DB074CBFC6
:10F340002C43AC4334603B68F0BC18476FF01500A9
:10F35000F0BC704737B5034600681C7983680569BF
:10F360005B6801A9984740B92B6801985840012370
:10F37000A3401840003818BF012003B030BD51F839
:10F38000043C5B681B680A22A3FB022301F1140002
:10F39000F3F768BD2DE9F0470D464468036929B1CC
:10F3A000012938D06FF08500BDE8F0870122BFF356
:10F3B0005B8F53E8001F43E800200028F9D1BFF31A
:10F3C0005B8F4FF00C086368AB4201DC0020EBE779
:10F3D000D4F80890637D08FB05F709EB07061BB11D
:10F3E000237D4BB90135EEE74FF400113046EEF7BF
:10F3F000FBFC0028F4DAD7E7022B14BF00233023EC
:10F40000F28859F80700317922EA0302FFF781FFF9
:10F410000028E7D0C8E70025E668BFF35B8F53E814
:10F42000002F43E800510029F9D1BFF35B8F0C276F
:10F4300006F110084FF0480963689D42C6DAA268D9
:10F44000217D07FB05F302EB030A81B9637DD3B984
:10F450005046FFF77FFF09FB05F34FF0E86108F81E
:10F4600003005046EEF7C0FC002814DA9CE7D058A1
:10F47000BAF806209AF8041042F48032FFF749FFE8
:10F480000028E3D090E723680A22A3FB022306F1B9
:10F490001800F3F7E7FC0135CEE7292828D00FD86C
:10F4A0000F2821D006D8072818D00A281AD06FF0C4
:10F4B00015007047142819D01F28F8D102230EE038
:10F4C000FA2819D005D83E2814D07D28EFD104237E
:10F4D00005E0B0F5FA7FEAD1062300E000230B70C7
:10F4E000002070470823FAE70123F8E70923F6E72D
:10F4F0000A23F4E70323F2E70523F0E707B5022325
:10F5000049BAADF8041001AA194601F019FB03B07D
:10F510005DF804FBBFF35B8F0068BFF35B8F704740
:10F52000F3F7F6B8006900F5FC7100F5027003F01E
:10F5300029BB13B501230C4601AA152101F02DFBAF
:10F5400020B99DF804305B085B42238002B010BDF7
:10F5500008B503F07AFC0A220023E1F74BFE08BD50
:10F5600037B501230D460DF1070240F68901044627
:10F5700001F05BFB00280EDB9DF807306DB103F056
:10F58000FB038DF807300DF10702012340F68901D6
:10F59000204601F020FB03B030BD43F00403F0E748
:10F5A00030B585B049BAADF8081000219DF820505B
:10F5B0008DF80A108DF80B208DF80C3002AA062366
:10F5C0008C2104468DF80D5001F0BAFA00281BDB9F
:10F5D00001230DF1070240F23671204601F025FBB0
:10F5E000002811DB9DF80730012D0CBF03F0FB0351
:10F5F00043F004038DF807300DF10702012340F2B8
:10F600003671204601F0E7FA05B030BD13B5046944
:10F6100094F83B300A46A18E94F83940009483F068
:10F620000103FFF7BDFF02B010BD07B501230DF1C7
:10F6300007029D218DF8073001F082FA03B05DF8D2
:10F6400004FB13B502230C4601AA122101F0A5FA0E
:10F6500018B9BDF804305BBA238002B010BD07B5FD
:10F6600000238DF807300DF107020123802101F0FE
:10F6700067FA03B05DF804FB30B40346006870B16C
:10F6800019791F298568046909D8236801228A40ED
:10F6900023EA020323602B68002230BC184730BCE9
:10F6A00070477FB50C46092301AA40F29F21054609
:10F6B00001F0BBFA00282CDB9DF80430052B28BF95
:10F6C000002301A80021CAB2934217D8042B20D0EE
:10F6D0005A1C8DF804200221012213FB0123103350
:10F6E0006B44082203F80C2C03F80B4C01AA0923E5
:10F6F00040F29F21284601F06EFA0AE00246467861
:10F70000927842EA0622A24201F1010100F10200D0
:10F71000D9D104B070BD03460A46006819790123A7
:10F7200003FA01F103691B68194218BF82F0010254
:10F7300083680AB1DB6818471B69FCE72DE9F041D3
:10F740004568D0F8108006460F46144601F089F946
:10F75000EB6B33B105F13C00CCB998F8C612FFF75A
:10F76000DAFF95F84730B3B1EB6A2BB107EA040131
:10F7700005F12C00FFF7CFFF6B6B9BB105F1340057
:10F780003FB184F00101BDE8F041FFF7C4BF0121A2
:10F79000E5E73946F7E7224639463046BDE8F0410D
:10F7A00001F066B9BDE8F081F3F756B8BFF35B8F9F
:10F7B00050E8003F40E80012002AF9D1BFF35B8F08
:10F7C000704710B50021044680F8C81200F5337068
:10F7D000FFF7ECFF04F53470FFF7E8FF04F5357030
:10F7E000BDE81040FFF7E2BFBFF35B8F50E8003F7A
:10F7F000013340E80032002AF8D1BFF35B8F704735
:10F80000F7B591F83D20054691F83E00002A0C46D8
:10F8100014BF1646022678B991F83210208EEEF702
:10F82000F7FC94F93C333BB118443028A8BF302092
:10F830000C28B8BF0C20C0B294F83D73002F08BF4D
:10F8400007462846FFF70BFF002830DB94F83F30CF
:10F850008DF80060002B08BF0A2300268DF80230C7
:10F860006A460723882128468DF801708DF80360C9
:10F87000ADF804608DF8066001F062F9002816DB2F
:10F880004FF4C0712846FFF739FE012184F8341384
:10F8900032462846FFF752FF33463246C5212846F6
:10F8A00001F04EF90028B4BF84F83463304603B049
:10F8B000F0BD2DE9F0478046056992460E4639B9FC
:10F8C000C5E9C41185F834130C462046BDE8F0871D
:10F8D00095F84030002B42D0BFF35B8F05F1140741
:10F8E000012357E8002F002A03D147E800310029FF
:10F8F000F7D1BFF35B8F15D105F118094FF0FF3237
:10F900004FF0FF334846FFF70BFE4046EEF770FC22
:10F910000446B8B14846FFF747FF00213846FFF7D5
:10F9200045FFD2E7BFF35B8F57E8002F032A03D1CF
:10F9300047E800310029F7D1BFF35B8FDCD06FF0CF
:10F940000F04C2E7C5E9C46A29464046FFF758FFDD
:10F9500004464846FFF728FF002CB6D0DDE76FF0DD
:10F960001504B2E72DE9F74F0569019395F840308A
:10F9700007469246002B00F08480BFF35B8F05F1B1
:10F980001406012356E8002F002A03D146E800316F
:10F990000029F7D1BFF35B8F15D105F118084FF09F
:10F9A000FF324FF0FF334046FFF7BAFD3846EEF71F
:10F9B0001FFC0446D0B14046FFF7F6FE002130465A
:10F9C000FFF7F4FE0EE0BFF35B8F56E8002F032A2B
:10F9D00003D146E800310029F7D1BFF35B8FDCD0BB
:10F9E0006FF00F04204603B0BDE8F08F05F5467BAD
:10F9F0005846F3F723F86FF07303C5F81043C5F8C2
:10FA0000303329463846FFF7FBFEA1460446404600
:10FA1000FFF7CAFE002CD1D1019B52465846F2F79F
:10FA2000EDFF0446E8B14FF0FF324FF0FF334046A0
:10FA3000FFF776FD85F834933846FFF710FE4FF454
:10FA4000C0713846FFF75AFD4046FFF7ADFE494604
:10FA50003046FFF7ABFE14F10B0F08BF6FF07304D5
:10FA6000C0E7D5F83033002B09DD95F8353333B1D5
:10FA700003213046FFF79AFED5F83043B2E7002164
:10FA8000F7E76FF01504ADE71FB50B0C8DF80830E4
:10FA9000C1F307238DF80930130C52BA8DF80A1000
:10FAA0008DF80B30ADF80C2001230DF107029F21DA
:10FAB00004468DF8073001F043F8002805DB0623E3
:10FAC00002AA9421204601F03BF804B010BD0023A7
:10FAD00010B580F808330446EEF782FA4300FA2B9B
:10FAE00038BFFA230A2204F5367104F50270A3FB2D
:10FAF0000223BDE81040F3F787B937B50C4640F252
:10FB0000FF310546FFF7FAFC2046FFF75AFE94F84E
:10FB1000C432D3B12846D4E97B12FFF7B5FF2046A3
:10FB2000FFF7D5FF2B6993F8C72294F8C5325B0025
:10FB300043EA82038DF8043001AA012340F6AC01A8
:10FB4000284601F048F803B030BD4FF6FF73ADF81A
:10FB500004308DF8063001AA03238221284600F0E4
:10FB6000EFFFDFE72DE9F3410023ADF8063010F891
:10FB7000143C50F8187CA0F536740546002B5CD078
:10FB8000A0F53170FFF7C6FC032856D194F8C832AF
:10FB9000A3B1002384F808332046EEF721FA43008E
:10FBA000FA2B38BFFA230A22A3FB02232946A5F128
:10FBB000D00002B0BDE8F041F3F7FAB83846EFF7ED
:10FBC00033F880460028E4D1A5F5307600220023E2
:10FBD0003046FFF7A5FC10B184F80883DCE738460F
:10FBE000EFF722F8B8B90DF106013846FFF729FD05
:10FBF00088B9BDF806305A070DD5DB060BD494F84A
:10FC000008330133DBB2012B84F8083307D83046C0
:10FC1000FFF7CAFDC0E7002384F80833F7E705F1D2
:10FC20003400FFF7E1FD21463846FFF766FF304616
:10FC300002B0BDE8F041FFF7B7BD02B0BDE8F0810A
:10FC400007B501238DF807100DF107028A2100F096
:10FC500077FF03B05DF804FB07B5036993F8C7327B
:10FC6000490041EA83018DF8071001230DF10702D5
:10FC700040F6AC0100F0AFFF03B05DF804FB37B510
:10FC8000056914350446042328468DF80730FFF72C
:10FC900041FC0146A0B10021204601F06DF8002290
:10FCA00011462046FFF74AFD842101230DF107028A
:10FCB000204600F045FF014610B92846FFF776FDC3
:10FCC000084603B030BD2DE9F04F87B00469DDF878
:10FCD000489004F11807054616469A464FF0FF3241
:10FCE0004FF0FF333846DDE9108BFFF719FCB9F10F
:10FCF000000F2CD104F5F470C4E97899FFF774FD76
:10FD000084F8C4922046FFF75CFDBFF35B8F143488
:10FD1000012354E8002F032A03D144E800310029CD
:10FD2000F7D1BFF35B8F0CD12846EEF77DFF10B102
:10FD3000284600F0E6FE2846FFF791FC2846FFF72C
:10FD40009EFF3846FFF730FD4FF0000B07E094F8B8
:10FD5000403043B93846FFF727FD6FF0150B584682
:10FD600007B0BDE8F08FBAF1FF3F08BFB6F1FF3F23
:10FD7000F0D0BBF1FF3F08BFB8F1FF3FEAD04FF42E
:10FD8000C8535E4303FB08F8B6F57A4F04F1140A32
:10FD90002ABF4FF47A734026B6FBF3F65046B8F507
:10FDA0007A4F2ABF4FF47A734FF04008B8FBF3F84C
:10FDB000FFF7B0FB03282AD194F8C4322BB3D4F850
:10FDC000EC31B34221D1D4F8F011B1EB080118BFE6
:10FDD0000121139BC4F8E091C4F8E43104F5F470F8
:10FDE000FFF702FD0029ACD00123C4E97B6884F849
:10FDF000C4322846EEF718FF10B1284600F081FE05
:10FE000021462846FFF779FE9BE70121E1E703231E
:10FE1000BFF35B8F5AE8002F002A03D14AE8003174
:10FE20000029F7D1BFF35B8F05D03846FFF7BCFC44
:10FE30006FF00F0B93E72846EEF7DAF9834638B1F7
:10FE40003846FFF7B1FC00215046FFF7AFFC86E7CC
:10FE500040F2FF312846FFF751FB2046FFF7B1FC87
:10FE60006B6803937F238DF817300DF11702012380
:10FE70008921284600F064FE41F2883002F06FFCD0
:10FE800032212846EEF774FEB0F1000BD8DBE16AB0
:10FE90002846EEF72BF9E16A2846EEF757F9039B5F
:10FEA00093F8473013B12846FFF7BFFB139BC4F804
:10FEB000E09104F5F479C4F8E4314846FFF794FC86
:10FEC00094F83B3094F83920A18E009283F001031E
:10FED000FF222846FFF764FBB0F1000B4FF0000251
:10FEE0000BDAC4F8E0214846FFF77EFC2846FFF70E
:10FEF000C6FE3846FFF758FC31E728460121FFF7D8
:10FF00001DFCC4E97B68012384F8C4322A6992F895
:10FF1000C71294F8C5229A4042EA81028DF8162051
:10FF200040F6AC010DF11602284600F054FE2846BA
:10FF300042463146FFF7A8FD2046FFF7C8FD00E71F
:10FF40002DE9F74F046904F11807064688469146E3
:10FF50004FF0FF334FF0FF323846FFF7E1FAB8F1C8
:10FF6000000F22D104F5F470C4E97888FFF73CFC57
:10FF70002046FFF726FCBFF35B8F1434012354E8BF
:10FF8000002F032A03D144E800310029F7D1BFF341
:10FF90005B8F05D13046FFF762FB3046FFF76FFEFF
:10FFA0003846FFF701FC002507E094F8403043B9DC
:10FFB0003846FFF7F9FB6FF01505284603B0BDE89A
:10FFC000F08F04F1140B5846FFF7A4FA032806D16A
:10FFD000C4E9788904F5F470FFF706FCE0E74FF018
:10FFE000030ABFF35B8F5BE8003F002B03D14BE8B4
:10FFF00000A2002AF7D1BFF35B8F05D03846FFF788
:020000040802F0
:10000000D3FB6FF00F05D8E73046EEF7F1F8054661
:1000100038B13846FFF7C8FB00215846FFF7C6FB4A
:10002000CBE740F2FF313046FFF768FA2046FFF792
:10003000C8FBC4E9788904F5F4794846FFF7D4FB96
:10004000FF2184F8C4523046FFF7E0FAA846051EA7
:100050000BDAC4F8E0814846FFF7C6FB3046FFF7ED
:100060000EFE3846FFF7A0FBA7E7424601213046C7
:10007000FFF764FB4FF6FF73ADF804308DF80630E0
:1000800001AA53468221304600F05AFD051E02DACD
:10009000C4E97888DFE7336993F8C72294F8C5325A
:1000A0005B0043EA82038DF8043001AA012340F685
:1000B000AC01304600F08FFD72E72DE9F04F87B0BC
:1000C0000669DDE9109796F84030CDF80C90CDE93F
:1000D00001120446002B00F0B280BFF35B8F06F1E3
:1000E000140B03235BE8002F002A03D14BE80031F7
:1000F0000029F7D1BFF35B8F40F0A48006F1180808
:100100004FF0FF324FF0FF334046FFF709FA204629
:10011000EEF76EF8824650B14046FFF745FB0021EE
:100120005846FFF743FB504607B0BDE8F08FC6E9DD
:100130007800054606F5F470FFF756FB06F1A40BB0
:10014000584602F02BFCFF212046FFF75FFAB0F182
:10015000000A06DA2046FFF792FD4046FFF724FB2F
:10016000E1E72A4601212046FFF7E8FAB7F1FF3F11
:1001700008BFB9F1FF3F41D06FF009024A4575EB66
:100180000703484630D309304FF00A024FF000030E
:1001900047F10001E0F7DEFF80B38001030C8DF82A
:1001A0001030C0F307238DF811308DF812000323AF
:1001B00004AA8221204600F0C3FCB0F1000AC9DB8A
:1001C0004046FFF7F1FA4A463B4604A95846F2F783
:1001D00047FA002815DA2046FFF741FA2046FFF7D4
:1001E0004EFD6FF00A0A9EE709304FF00A024FF009
:1001F000000347F10001E0F7FDFFCDE76FF07F401E
:10020000CCE7DDF814A0BAF1000F8CDD029B019859
:100210009A45A8BF9A46524606F1E00105F015FA44
:10022000129B1BB1129ABDF810301380139B002B48
:100230003FF479AF139A9DF81230137073E76FF0A3
:10024000150A70E76FF00F0A6DE72DE9F04FD0F84F
:10025000C8408BB0A0F5FC774FF0000806460DF1C2
:100260001A012046ADF81A80FFF7EBF94045C0F2BD
:10027000CE81BDF81A5020462946FFF73FF9E8071E
:1002800015D5D4F81090CDF820802046FFF7F7FC64
:10029000D9F8F40120B14146F3F78CFCC9F8F48198
:1002A0000022002308A909F16C0002F070FB15F090
:1002B0000203049300F09280BFF35B8F06F5A072F7
:1002C0004FF0020A52E8003F012B03D142E800A19F
:1002D0000029F7D1BFF35B8FD4F810804FF00009ED
:1002E0004046CDE90899FFF76CFA534607AA132157
:1002F000204600F052FC002840F01D819DF81CA013
:100300009DF81D90032307AA1421204600F045FC08
:1003100050B99DF81C305B085B42ADF820309DF968
:100320001D309B108DF82230690600F10881AA0665
:1003300002D5EB0640F10381BAF1000F00F0FF8017
:10034000534608F1E002494620468DF823A000F00C
:10035000B5FC002801DB9DF82300099008F1180A7C
:100360004FF0FF334FF0FF325046FFF7D9F8D8E98E
:10037000789308F5F47B58460393FFF7CBF8059084
:100380005046FFF711FAB9F1000F00F0F180414635
:100390002046FFF7B2FB4FF0FF334FF0FF325046DD
:1003A000FFF7BEF8D8F8E031994500F0CB804FF068
:1003B00000095046FFF7F8F9B9F1000F0ED0099B7C
:1003C000002B80F2C780039B01939DF9223000939C
:1003D0000022BDF9203011462046C847680610D5D6
:1003E000049B73B9BFF35B8F06F5A073022253E839
:1003F000001F012903D143E800200028F7D1BFF3F3
:100400005B8F29063CD5002287F8342397F83523E3
:1004100005F48073C5F300282AB323B33846EDF7FB
:100420000BFE4FF47A43A0FB03326FF0C0519942A8
:100430004FF0030393412CBF80016FF07F40030C0A
:100440008DF820308DF82200C0F30723012106F536
:10045000A0708DF82130FFF7A9F9032308AA8221A3
:10046000204600F06DFBD7F81033002B00F08E8093
:100470000021D7F814232046C7E9C4114146984704
:10048000AA0534D5D4F81080BFF35B8F08F54E73FE
:10049000032253E8001F012903D143E8002000286C
:1004A000F7D1BFF35B8F40460CBF4FF0010A4FF00E
:1004B000000AFFF786F998F83433C3B908F1180930
:1004C0004FF0FF334FF0FF324846FFF729F8484618
:1004D000D8F8E0B1FFF768F998F8C432002B5CD186
:1004E000BBF1000F6ED041462046FFF706FBEB063E
:1004F00015D540F2422315EA030110D1012387F8F4
:10050000C83206F1D400FFF751F9FFF721F80128AE
:10051000014638BF012106F1D800FFF747F9A6F5DB
:10052000F270FEF7F7FF002871D020460BB0BDE84F
:10053000F04F00F030BCFFF610AFCA46E2E66FF0B5
:1005400004000AE75846FEF7E5FF059B83427FF467
:100550002EAF2EE73FF442AF039B01939DF922306B
:1005600000939DF82320BDF9203008F1E00133E726
:100570002046FFF774F82046FFF781FB0022002396
:1005800008A908F1A40002F002FA27E7C7F83083AF
:1005900006F59070F2F7FAF972E7BBF1000F11D08F
:1005A00008F11400FEF7B6FF022807D0BAF1000FD9
:1005B00099D108F54370FFF717F994E798F8C4321A
:1005C000002B90D02046FFF75AFBD8F8F40178B101
:1005D0006FF073010891F3F7EDFA0023C8F8F431D6
:1005E0000022002308A908F16C0002F0D0F97EE790
:1005F000D8F8E031002B7FF47AAF08936FF00A034C
:1006000009930022002308A908F1A400EDE70BB02C
:10061000BDE8F08F70B50569BFF35B8F044605F147
:100620001406012356E8002F002A03D146E80031C2
:100630000029F7D1BFF35B8F15D118354FF0FF328A
:100640004FF0FF332846FEF76BFF2046EDF7D0FD55
:10065000044630B12846FFF7A7F800213046FFF7DF
:10066000A5F8204670BD6FF00F04FAE7EEF7DCBA8C
:1006700037B505460469EEF7D7FA30B918340022C9
:1006800000232046FEF74CFF18B16FF07F0003B047
:1006900030BD2846EEF7C8FA18B12046FFF784F8B7
:1006A000F3E7012301AA1521284600F076FA054652
:1006B0002046FFF779F8002DE7DB9DF8040040089D
:1006C000404200B2E3E72DE9F74304690023ADF8A7
:1006D000063094F8C83206461BB304F53470FEF7B2
:1006E00019FF0546FEF734FF002D4FD0451B20466D
:1006F000EDF7A2FC854249D304F11805002200233E
:100700002846FEF70DFF002840D13C213046FEF779
:10071000F5FE2046FFF755F82846FFF745F800207C
:100720000EE004F11805002200232846FEF7F8FE2B
:1007300048B104F11400FEF7EDFEC31E58425841C3
:1007400003B0BDE8F0830DF106013046FEF779FFF6
:10075000BDF8061011F010081AD0FEF7F9FE04F5E6
:10076000357301461846FEF7D5FE30B9012938BF6A
:1007700001211846FFF71AF805E00F1A2046EDF799
:100780005BFC8742C1D22846FFF70EF80120D7E76D
:1007900011F0040104F533791AD0FEF7D9FE0146B1
:1007A0004846FEF7B7FE20B9012938BF0121484667
:1007B000E0E70F1A2046EDF713FC8742E3D304214C
:1007C0003046FEF79BFE41464846FEF7EFFFA3E7A3
:1007D0004846FEF7EBFF04F53570F6E770B504699F
:1007E00084F8C512183405460E464FF0FF324FF01C
:1007F000FF332046FEF794FE31462846FFF72CFAD9
:100800002046BDE87040FEF7CFBFF8B547680469E1
:10081000F86B81F0010510B984F8C652F8BD04F1F7
:1008200018064FF0FF324FF0FF333046FEF778FEE8
:1008300084F8C65204F11400FEF76CFE032805D1BB
:1008400094F8C61207F13C00FEF765FF3046FEF74C
:10085000ABFF0120E2E7F7B50569476805F1180627
:1008600004464FF4FA7200233046FEF759FE002882
:100870004DD12046EEF7D8F910B1204600F041F9ED
:1008800004238DF806300DF1060201238421204651
:1008900000F056F94FF4FA7001F061FF204600F0C5
:1008A00030F97F238DF807300DF1070201238921EC
:1008B000204600F045F941F2883001F050FF322126
:1008C0002046EEF755F995F840301BB1E96A20460D
:1008D000EDF70CFC40F6AC012046FEF7E2FE40F6D8
:1008E00089012046FEF7DDFE97F8473013B1204618
:1008F000FEF79BFE95F8C5321BB101212046FFF79C
:10090000ABF92046FFF7BBF93046FEF74DFF03B0C9
:10091000F0BD006900F54370FEF7FCBD00690021E1
:1009200000F54370FEF742BF436893F848203AB1A0
:10093000B3F844004FF47A73584300F2DC50704728
:1009400040F2DC5070470C2070473020704703693C
:1009500083F83C137047036993F83D2093F83210F5
:10096000188EEDF755BC70B5064605690C46FFF7C5
:10097000F2FF21183029A8BF30210C29B8BF0C2163
:10098000012385F8353385F83D1305F54E700021B8
:10099000FEF70CFF2846EDF783FB0A23A0FB032399
:1009A0003046FEF7DFFF0023002885F8353385F851
:1009B0003D33C8BF022070BD0069EDF73DBB10B5E7
:1009C000036903F54E731846FEF7A4FD821E012A43
:1009D000044608D818460021FEF7E8FE022C14BF92
:1009E0000220012010BD0020FCE730B58FB0CDE91A
:1009F00006129DF84C40129D002C0CBF1946002198
:100A0000CDE90815002D01A9CDE90C35CDE90A1273
:100A100014BF0223012306AACDE902230AAACDE9C5
:100A200004234CB104AB014651F8040B82681468EE
:100A300002AAA0470FB030BD2346F4E703460A469A
:100A400000681979012303FA01F103691B6819424F
:100A500018BF82F0010283680AB1DB6818471B697E
:100A6000FCE74068436A13B12430FFF7E7BF7047E3
:100A700070B54568EB6A0C46164623B1114005F186
:100A80002C00FFF7DBFF6B6B53B105F134002CB189
:100A900086F00101BDE87040FFF7D0BF2146F9E7BD
:100AA00070BDF8B5044600680D4618B301F086FE27
:100AB00008B3E388206821792B43DA028768066946
:100AC00007D513F4402F1EBF43F3000202F4402267
:100AD00053401F2923F4801210D834680125DB0706
:100AE00005FA01F54CBF2C43AC4334603B68984792
:100AF00000EAE070F8BD6FF01200FBE76FF0150040
:100B0000F8E730B587B0C023ADF8043001AB0293ED
:100B10000223039302AB0493416801230593044627
:100B200051F8040B836804AA1D680023A847002815
:100B300004DB4FF47A712046EEF71AF807B030BDA7
:100B40002DE9FF410E468DF80C104FF47A71D0F864
:100B50000480054614461F46EEF70AF8D0B9CDE9E1
:100B600000702346012203A94046FFF73EFF041E02
:100B700007DB842E09D04FF47A712846EDF7F8FF91
:100B80000446204604B0BDE8F0814FF4FA7001F04D
:100B9000E6FDF6E76FF07304F3E77FB51D468DF8C9
:100BA0000C1000234FF47A7146688DF80D3014460E
:100BB000EDF7DEFF60B90123CDE9005302222346A1
:100BC00003A93046FFF711FF00EAE07004B070BDE2
:100BD0006FF07300FAE72DE9FF410D464FF47A718B
:100BE000D0F80480044616461F46EDF7C1FFC8B989
:100BF0000D238DF80C302B0ACDE900708DF80D30E7
:100C00000322334603A940468DF80E50FFF7EDFE50
:100C1000002804DB4FF47A712046EDF7A9FF04B0F9
:100C2000BDE8F0816FF07300F9E7F0B50C4685B0D0
:100C30004FF47A71476815461E46EDF799FFB0B933
:100C40001D238DF80C30230A8DF80D300123CDE9DA
:100C500000638DF80F002B46042203A938468DF857
:100C60000E40FFF7C2FE00EAE07005B0F0BD6FF085
:100C70007300FAE7F0B585B01E468DF80D100E230F
:100C80004FF47A7147688DF80C3004461546EDF73D
:100C90006FFF80B9CDE900602B46022203A93846D8
:100CA000FFF7A3FE002804DB4FF47A712046EDF72E
:100CB0005FFF05B0F0BD6FF07300FAE77FB51D462A
:100CC0001E238DF80C308DF80D1000234FF47A712F
:100CD00046688DF80E301446EDF74AFF60B90123DF
:100CE000CDE900530322234603A93046FFF77DFEDA
:100CF00000EAE07004B070BD6FF07300FAE710B561
:100D000004693220EBF766FBE3681BB12069BDE89C
:100D10001040184710BD07B58DF8063001238DF837
:100D2000073004238DF804108DF8052095210DEB74
:100D30000302FFF705FF03B05DF804FB38B54FF081
:100D4000B0440546D4F8943043F40043C4F89430DA
:100D5000C8200021F2F77AFBD4F8943023F4004342
:100D6000C4F8943064200021F2F770FB2846FFF7A6
:100D7000C8FE00EAE07038BD08B503693220D960CA
:100D800031B1EBF749FB3220EBF716FB002008BD31
:100D9000EBF720FBFAE708B53220EBF73DFBBDE8A7
:100DA00008403220EBF708BBF7B51E46436893F8BE
:100DB000202005460C46DABB93F92170B942A8BF42
:100DC0003C460F2FE4B24FF0010324D10621FFF778
:100DD000A2FF013C002864B21BDB6FF010039C42B1
:100DE000B8BF1C4618238DF803300DF10302012310
:100DF00040F6E7012846FFF7EEFE002809DB022354
:100E000001AA8E2128468DF804408DF80560FFF771
:100E100097FE03B0F0BD0A2F04D11946FFF77BFF00
:100E20000334D7E70421E41BFFF775FF0E34D1E745
:100E300093F9227001AA012340F6D801FFF7F5FECD
:100E40000028E6DB9DF8043043F01E038DF80430E3
:100E500001AA012340F6D8012846FFF7BCFE00286E
:100E6000D7DBBC42A8BF3C46142F4FF000030FD184
:100E7000052203212846FFF74EFF023464B2002802
:100E8000C7DB6FF008039C42B8BF1C463823AAE7B3
:100E9000112F06D1032202212846FFF73CFF05341B
:100EA000ECE70E2F05D1022211462846FFF733FF4B
:100EB000E5E7E71B0722042128461637FFF72BFF3B
:100EC0007CB2DCE730B5036813600579046804EB95
:100ED000C504A34202D36FF0010030BD5C798C429F
:100EE00003F10803F0D10020F7E7F8B5044600EB62
:100EF0008105AC4201D100200FE054F8046B06F0EC
:100F00001F00C6F34317EAF7E3FE38B10123324668
:100F10003946FCF77EFF0028EBDAF8BD6FF01200CF
:100F2000FBE74368C1F34B101B6801F01F01C05879
:100F300001238B400340003B18BF012313700020A6
:100F4000704710B54368C1F34B101A6801F01F01D8
:100F5000845801238B4023438350002010BD10B5DB
:100F60004368C1F34B14186801F01F012358012294
:100F70008A4023EA02032350002010BD38B50446FE
:100F80000D46FFF7DEFF29462046FFF7E8FF002069
:100F900038BDB0F5805F07D0B0F1805F09D100297E
:100FA0000CBF02200120704700290CBF0420032041
:100FB000704700290CBF03200220704743681B685C
:100FC000D869DA69C0F3C00002F0010240EA4200C9
:100FD000DA699207DA6948BF40F004005107DA691C
:100FE00048BF40F02000D20542BF4FF4807240F06D
:100FF00008001A62C10744BF08221A62820744BF70
:1010000001221A62410744BF02221A62820644BFCB
:1010100004221A62704743681A6852E8003F43F09E
:10102000400342E800310029F7D1704743681A684D
:1010300052E8003F23F0400342E800310029F7D195
:10104000704743681B68D869C0F3801070474368D5
:101050001A6852E8003F43F0200342E800310029BB
:10106000F7D1704743681A6852E8003F23F0200325
:1010700042E800310029F7D1704743681B68D869FE
:10108000C0F34010704710B50369EFF311801024CE
:1010900084F31288C3E9011280F3118810BD02693C
:1010A00053680BB191681847704708B50022242097
:1010B0001146EBF7C1F9BDE808402420EBF77CB9F5
:1010C00037B5034605680C4619B96FF0150003B033
:1010D00030BD406819698368DB68DBB101AA9847B5
:1010E0000028F4DB019B4FF6EF7203EB5403B3FBD4
:1010F000F4F3103B93424FEA5401E6D82B6823F4F3
:1011000000432B60019B1944B1FBF4F189B2E96003
:101110000020DCE76FF05700D9E707B501AAFFF719
:10112000D1FE002805DB019B002219791868FFF722
:10113000DCFE03B05DF804FB43681B68D86910F05F
:1011400080001CBF1868C0F38010704710B502699A
:10115000126812680A6042681268126802F4C0627B
:10116000B2F5806F04460B4633D0A2F5C060424210
:1011700042411A7162681268526802F44052B2F534
:10118000805F28D0B2F5405F27D0002A0CBF012233
:1011900003225A71626812681068116800F010200A
:1011A00001F4C061FFF7F5FE9871626812689268F9
:1011B00002F44072A2F540714A424A41DA71616814
:1011C0000968896811F4804F18BF0322DA71002082
:1011D00010BD0222CDE70022DBE70222D9E738B5B5
:1011E00043681B680C461868196800F0102001F469
:1011F000C061FFF7CEFE042816D0D86910F0800039
:1012000011D0EFF31181102080F312880020151AFD
:10121000002D06DDDD692D0603D5255C9D620130BC
:10122000F5E781F3118838BD6FF08500FBE710B555
:1012300043681B681020DA691206FCD5EFF31182AF
:1012400080F31288DC69240602D482F31188F2E765
:10125000996282F3118810BD38B505464468D9B14A
:10126000012938D1606A0021FFF757FF002806DB0B
:101270006068216983681B6813B96FF0570038BD37
:1012800098470028FBDB23681B68DC0721D428462D
:10129000BDE83840EDF718BE2368DA69D003FCD406
:1012A000DA695106FCD5DA695202FCD508221A62C5
:1012B0006068216983685B68002BDED0984700284E
:1012C000DDDB606A0121FFF728FF002801DA831CBB
:1012D000D5D10020D3E76FF08500D0E743681B68C5
:1012E000DA69910602D51A68920607D4D86910F017
:1012F000400004D01868C0F3801070470120704788
:1013000038B543681B680C461868196800F010204F
:1013100001F4C061FFF73DFE042810D00020082131
:10132000151A002D0DDDDD69AD060AD55D6A25545F
:10133000DD692D0700F10100F2D51962F0E76FF0C9
:10134000850038BD43681B68DA69100744BF08226E
:101350001A62DA69920643BF5B6A0B7000204FF095
:10136000FF30704770B5466805467068316983681C
:101370001B6893B19847041E0DDB706A0021FFF7CC
:10138000CCFE041E07DB2846EDF79EFD044610B98F
:10139000B36A28469847204670BD6FF05704FAE7B5
:1013A00030B50446086808B9106008E02068456850
:1013B0009D4205D3B5FBF3F515602368186830BD71
:1013C00008302060086801380860EBE7C0F345107A
:1013D000082804D910288CBF04200220704701205F
:1013E0007047436D43B9C36D33B9036E23B9406E83
:1013F000003818BF012070470120704738B500221F
:101400004D681346AA420CD18088FFF7DFFFB3FB7B
:10141000F0F200FB1233002B0CBF10466FF01500EA
:1014200038BD0C6804EBC204013264682344E9E768
:1014300038B50B6805469888FFF7C8FF0346022BAE
:10144000D1E916200C4619D1E9680AB100B1118022
:10145000E26D8AB1013AE265C2B9626C0832626437
:10146000A26C013AA26404F1480104F15C0204F1A7
:101470004400FFF795FFA065012038BD297BC9B264
:10148000002AE5D00028E3D01170E1E7A26D002A20
:10149000F2D01A44A265EFE738B50B680546988884
:1014A000FFF794FF02280C460346096D1DD1D1B108
:1014B000626D02B10A8892B2AA81626D8AB1013A64
:1014C0006265DAB9E26B0832E263226C013A2264A7
:1014D00004F1400104F1540204F13C00FFF760FF05
:1014E0002065012038BD0A46E5E729B1626D02B1E9
:1014F0000A78D2B22A73E0E70A46FAE7226D002A98
:10150000EFD01A442265ECE711F4006F006814D0A4
:10151000C90706D4036823F4444332B143F440437B
:1015200005E033B1036823F4444343F4004303600C
:101530007047036823F44443F0E7036823F444430B
:10154000F5E7436802691B68196801F48271B1F517
:10155000827F15D1516D99B9D16D89B11A6822F088
:1015600040021A601A6822F4444242F400421A60AF
:101570001A6842F040021A6040680121EDF7AEBDE2
:10158000196811F4827F11D1516D79B1D26D6AB9A8
:101590001A6822F040021A601A6822F4444242F4A7
:1015A00040421A601A6842F040021A60704737B52C
:1015B000027E12F004040D4602D0002003B030BDBC
:1015C000406801AAFFF77EFC002805DB019B22464C
:1015D00019791868FFF789FC012DEFD1831CEDD133
:1015E000EBE78368DA0701D5037BFAE7036823F0AA
:1015F0004003036003685B06FCD4704710B50369C1
:1016000044681A6922B95A6003F10800F1F7BEF97B
:101610002068FFF7E6FF002010BDEEF771B808B5AF
:10162000EEF7DAF808BD4FF0E022136923F001036A
:10163000136170470368013304D04068431C58426B
:10164000584170470120704710B504680B689C42F0
:1016500009D040684968884205D08C4203D0181AE6
:1016600018BF012010BD0020FCE740F30903B3F1CF
:10167000FF3F08BF0130C0F30900043070470A681B
:101680000368534003604A684368534043608A6874
:10169000836853408360704708B503681B0D13F4DB
:1016A000E06304D00430FFF7CFFF80F0010303F0C4
:1016B000010008BDC36E426D1944891AB1FBF3F2F3
:1016C00003FB1211836D8B4208D9CA08406E01F0EA
:1016D000070101238B40815C0B438354002070473A
:1016E00008B502460846FFF7C0FF136803441360BD
:1016F000002008BD036801330360002070472DE916
:10170000F04F87B0DDE911480393836E139EDB69C8
:101710001746A2199A4281468A4607D8C36E002B03
:1017200000F09E80109A934200F29A806FF053006E
:1017300093E0BAF1000F3FD0DAF80030109A9342EC
:101740003AD1DAE9015305EB030BA34534D9A5429D
:1017500014D8ABEB040BB345DAF80C1028BFB34632
:10176000651B40465A46294403F06FFFD8445C4449
:10177000A6EB0B06002EDCD130466EE02D1BB542E9
:1017800028BF35463B68109A93421BD1D7E9011315
:101790000B44A34216D9A14210D81B1B9D4228BF5F
:1017A0001D46FB68611A40462A46194403F04DFF66
:1017B000A8442C44761BDDE73546E3E7091B8D4240
:1017C00028BF0D46039B9E421FD3D9F8680043698A
:1017D000B4FBF3F203FB1242BAB9B34215D8B5FB1E
:1017E000F3F203FB02FBA5EB0B03CDF800B004936F
:1017F000436810999C4622464346E04768BB049BD9
:101800005B1BD8445C441E44B4E7109B3B60D9F892
:1018100068305B69B4FBF3F25A437A60D9F8681018
:10182000059B486903442344B3FBF0F34343C86971
:10183000834294BFC2EB0305C2EB00058B6A10998B
:101840009D4228BF1D46BD60D9F8680000954568D7
:10185000FB68A84700283FF46CAF07B0BDE8F08FE5
:10186000039B013B059385E71FB5C3F3090402946D
:10187000069C019400240094EEF762F904B010BDB8
:1018800030B5134687B00268044604AD0820916E57
:1018900003900295586801901B680093CB6910462D
:1018A00002F11001FFF72BFF18B9211D2846FFF7A1
:1018B000CBFE07B030BD2DE9F04F87B00646119F33
:1018C000884691469A4600240DF1100BA74203D892
:1018D000002007B0BDE8F08F3D1B109B082D28BFEE
:1018E0000825E318CDE900A3CDE902B5A9EB04036F
:1018F000424600213046FFF702FF0028E9D1129B43
:101900002A4618685946F0F739FC129B2C44186097
:10191000DCE71FB50023CDE9023301934FF0FF331D
:101920000093EEF7BDFB05B05DF804FB2DE9F04F29
:1019300087B00746129E884691469A4600240DF1CC
:10194000100BA64201D800201BE0351B109B082D70
:1019500028BF0825E318CDE900A3CDE902B5A9EB1E
:101960000403424600213846FFF7C9FE48B9119BDF
:101970002A461919584603F0A2FE002804D005DAB9
:10198000012007B0BDE8F08F2C44DAE70220F8E729
:1019900030B513468268C1F3090585B0AA4228BF55
:1019A0002A460292416801915968009101681B68BA
:1019B00004460846FFF7BAFF28B9A368AB4202D035
:1019C00034BF0120022005B030BD036B1944C1F3C0
:1019D0000903003B18BF012321F0004141EAC37114
:1019E0000163704710B5836E5B6B044613B9C06822
:1019F000EAF7DEFFA36E9B6B13B9E069EAF7D8FF45
:101A0000A36EDB6B23B9606EBDE81040EAF7D0BF70
:101A100010BDF8B5C6690D68083EB5420F4613D330
:101A2000B5FBF6F00138DFF719FC841CA5EB840444
:101A3000B4FBF6F42046DFF711FCA5EB800504FBB0
:101A400016553D602046F8BD0020FCE72DE9F04F1B
:101A500089B00646DDF84C8005920F464BB94FF031
:101A6000FF32C8F80020149A0020136009B0BDE8C6
:101A7000F08F846E013B07A920460793FFF7C9FF4B
:101A800012A905462046FFF7C4FF4FF0040A81461D
:101A90000DF1140BA945059A03D3129BC8F8002039
:101AA000E1E7A5EB0904B4FA84F495FAA5F3B3FAD7
:101AB00083F3C4F11F049C4228BF1C46A300CDE958
:101AC0000023CDE902BA04233A4600213046FFF74D
:101AD00016FE0028CAD10123A340ED1ADAE72DE94A
:101AE000F04F89B00646DDE9120A0F4690461D46C2
:101AF00088B30138059005A9B06EFFF78AFF0DF194
:101B0000180B044614982946D04720BB1CB304F098
:101B10000109C9F102039B00CDE90050CDE902B3F0
:101B2000424639463046FFF7EAFDA0B9E54305F0E5
:101B30000105A84207DB08AB03EB8505023C55F81D
:101B4000085C4C44DEE706991498D0470346012010
:101B5000002BEED0184609B0BDE8F08FC3681847D7
:101B600010B50C46826AE068FF2103F095FD4FF046
:101B7000FF33236010BD38B581660B6AC3664B6BBB
:101B800004460D46002B3BD0C360AB6B002B43D00B
:101B9000E36128462146FFF7E3FFA06E04F1100140
:101BA000FFF7DEFFA56EEB6B002B3CD063662B6C62
:101BB000002B08BFFF2323676B6C002B08BF6FF05F
:101BC00000436367AA6C40F2FE33002A08BF1A463E
:101BD000A2672B6DE367591C2CD10023E36700201B
:101BE0004FF0FF33C4E90833C4E90A00C4E90F0029
:101BF000C4E90C00C4E912006064A063206538BD2C
:101C0000886AEAF7B5FEE0600028BED12046FFF7FB
:101C1000E9FE6FF00B00F2E7A86AEAF7A9FEE061BF
:101C20000028B6D1F2E7E86AEAF7A2FE606600286B
:101C3000BDD1EBE7002BD2D1EB6CA96A4BB18A4244
:101C40004FEAD30328BF0A469A4294BFE267E3678C
:101C5000C5E7EB69F3E72DE9F0430D4609689846BF
:101C6000CB1C85B00646174603D9002005B0BDE859
:101C7000F083806EAC6883691C44013CB4FBF3F4D0
:101C80005C430094D0F80890EB686A68C847002865
:101C9000ECD1B8F1000F04D1B06E2946FFF760FF18
:101CA000E3E74FF0FF333B600294EB6801936B680E
:101CB00000932B68224639463046FFF737FE00284E
:101CC000D4DBE9D06FF05300D0E72DE9F84FDDE920
:101CD0000B5A0D9F06460C4690469946002F3BD066
:101CE000002108E00A9B2360B36E9A69B5FBF2F30A
:101CF0005343C4E9013123680A9A9342F2D16068E0
:101D0000A842EFD8B36E9A6A0244AA42EAD9521B9B
:101D1000E368BA42A5EB000028BF3A465146184492
:101D2000934603F092FC6368A2685D44EB1A934209
:101D300038BF1346A360B26E926A9A42DA44A7EBA8
:101D40000B07CBD14B46424621463046FFF783FF77
:101D50000028C3D0BDE8F88F3846FBE7F0B585B062
:101D6000CDE902231D464B6801930B6800930C4696
:101D700017460023024600F11001FFF7A6FF0646B2
:101D800040B9E0682A463946F0F7F8F96368E06040
:101D90002B446360304605B0F0BD2DE9F04F064698
:101DA00087B010469946FFF760FC4B6893464A6936
:101DB000034493420C46804641D88B682BF0004A7E
:101DC0008AEA03031BBA059305AA04233046FFF7EA
:101DD000C5FF054678BBBBF1000FA8F1040720DA68
:101DE0000DF1130B2FB30123CDE902B3D9F8043061
:101DF000043B4344DB1B0193D9F800300093324687
:101E00003B4600213046FFF77AFC40B901235A4691
:101E100021463046FFF7A2FF013F0028E2D00546E9
:101E200009E03B464A4621463046FFF797FF002827
:101E3000F5D1C4F808A0284607B0BDE8F08F6FF0D0
:101E40001B05F8E713460A46D0E90001FFF7A5BFD6
:101E500010B5D1E9003482699A4210D1C369A34216
:101E600011D0D1E90234A34205D10A60C2694A60A7
:101E70005B00CB60002301338B60002010BDA242C9
:101E8000EFD1C469EBE76FF05300F7E738B50446CC
:101E90000D46A16DE36D8B4208D3236E002B30D02D
:101EA0002046EEF7F9FC0028F3D021E0606EDA0856
:101EB000825C03F00700C240D2071AD4626D13445B
:101EC000E26EB3FBF2F102FB11332B60A56DE36D03
:101ED000226E0133013AAB42E36522660FD2DA0883
:101EE000616E885C03F00703D84010F00100EED16A
:101EF00038BD0133E365236E013B2366CAE700204A
:101F0000F6E76FF01B00F3E77FB50C460431064699
:101F1000FFF7BCFF054670BB21463046FFF7B6FF12
:101F2000054640BB2246042342F8080FCDE90223B0
:101F3000019022680092014632463046FFF7DFFBEF
:101F400010B110F1540F19D1B36E5A6A002A09DD8D
:101F5000A368013242F00102013B1344B3FBF2F3E8
:101F60005343A3604FF0FF330422C4E9032300224C
:101F7000C4E90523E361284604B070BD0546FAE7CD
:101F80002DE9F04F93B0CDE907230B6BDA0106463C
:101F90000D461BD54C6B089BCA6AE318934238BFA9
:101FA0001346C26F9A4211D2CC63C36E0366EEF73A
:101FB0009BFC2B6B044630B143F480132B6320460B
:101FC00013B0BDE8F08F23F080732B63089B06935A
:101FD00005F140030C93069B0BB9089CEFE72B6BB4
:101FE00013F4802204D0B16EEF6BC9698F4247D1E0
:101FF000DB0100F1E08005F140030A93CAB96B6B85
:10200000BBB1119211AA0292013B05F13802019273
:102010000093D5E90A2305F140013046FFF716FD8C
:10202000044608B12B6BC7E7B06E05F14001FFF71E
:1020300097FDF36E3366AB6B09936B6B0593013BB6
:102040000B930FA93046FFF721FF04460028E9D182
:10205000DDF83C80B06E4146FFF780FD044630B1AC
:1020600014F1540FDED14FF0FF332B64E9E7059BE9
:102070004BBBC5E90E831F462B6B43F480232B63B8
:10208000B36EDB69DF1B069B9F4228BF1F46079B81
:1020900003970293EB6B0193AB6B00930C990123B5
:1020A00032463046FFF711FE0446002800F08880D3
:1020B00010F1540FB6D129463046EEF715FC044610
:1020C0000028E4D0AEE7D6F868900B9B109310A9D7
:1020D0004846FFF79EFC109FD9F81C3001379F42FD
:1020E000109750D1471C97FAA7F7099B1193B7FA9D
:1020F00087F707F1010AA1460DF1440B4FEA890366
:102100000D930423CDE902B34FEA8903CDE900839F
:102110000A99012332463046FFF7D7FD04460028CE
:102120009ED14F4535D109F10109CA45E6D8C5F818
:1021300038804FEA8A0724E0099B0093CDE902BA70
:10214000CDF80490A7EB0903324600213046FFF793
:10215000D6FA044600287FF465AFCDE902BACDE98E
:1021600000890A99012332463046FFF7AEFD044646
:1021700000287FF475AF09F101094F45DCD8C5F897
:102180003880EF6378E7A1464FF0010A0DF1440B68
:10219000F3E70423CDE902B34FEA89030193119BCE
:1021A00000930146042332463046FFF7A8FA04465E
:1021B0000028B8D036E76FF001036F6BAB63E0E740
:1021C0006B6B3B446B63EB6B3B44EB63079B3B44A8
:1021D0000793069BDB1B0693F36E3366FBE6F0B5B5
:1021E0000C46096B0546080397B008D5CA0158BFCD
:1021F0004FF0FF3321F4002158BF236421634B03C8
:1022000002D4002017B0F0BD11F08071666BE76A50
:102210003FD1542201A803F03FFAA36ACDE90B375E
:102220000123CDE90D3695E80F0011AF87E80F00C7
:102230004FF0FF372F60626BE36A9A4212D304F1CA
:10224000400701232A4639462846FFF704FD20B3FC
:1022500010F1540FD6D121462846EEF745FB002851
:10226000EFD0CFE701230DF1030201A92846EEF7D5
:10227000BBF90028C6DB01230DF1030221462846E5
:10228000FFF77EFE0028BDDB2B680133D3D011970A
:10229000D0E7BE422CBF66636763A36BA362636B28
:1022A000E362236B23F4802343F48033C4E90C36C8
:1022B000A7E72DE9F7431E460B6B17461A030546A1
:1022C0000C4619D4216B0B051DD4D4F834806B6FE8
:1022D00008EB06029A422FD811F4802919D0334610
:1022E0003A4621462846FFF74BFE002808DB236BC1
:1022F00023F49013236303E0FFF771FF0028E1D07C
:1023000003B0BDE8F083E36A626B934288BF636306
:10231000DBE7E36A9845E2D96363636B9845DED9EE
:1023200001230DF10702214628468DF80790FFF79B
:1023300027FE0028F1DAE3E76FF01A00E0E72DE965
:10234000F34107464D6B0E46144613B1012B09D1DC
:102350002C447B6FA3423CD3AC4210D1204602B048
:10236000BDE8F081022B08D1D1E90B32520302D52E
:10237000AB4238BF2B461C44EBE72C46E9E7336BF6
:102380001B031ED5D7F86880F26BD8F81C309A4230
:1023900017D0694640460095FFF73BFB01A905466B
:1023A00040460194FFF735FB85420AD1736C019AD0
:1023B000934206D8B16C0B449A4202D27463F26322
:1023C000CCE731463846FFF70AFF0028C7D17463CF
:1023D000C4E76FF01500C2E72DE9F0438DB00C465D
:1023E00004A9BDF85490054617469846FFF78CFDA2
:1023F000064628BBE37D8DF82730A3690A93E3697D
:102400000B93BDF85830CDE90193149B00933A46E5
:10241000434604A92846EEF70BFC002814DB049F72
:10242000059AA7610123E261E37505F120012046C9
:10243000FFF70AF920B9B9F1000F01D1C5E9087217
:1024400030460DB0BDE8F0830646F9E710B5044606
:10245000EEF7DEFE002806DB05D020460021BDE8B1
:102460001040EFF749B810BDF0B587B00C460546EF
:10247000FFF7B5FE226B064628B142F480122263B4
:10248000304607B0F0BDD10349D504F108073846FE
:10249000FFF7D0F8002842D1D20120D5E36CE26AE0
:1024A00040F20120A18842EA812242EA0052CDE9AD
:1024B0000223226D936843EA812343F081530493FE
:1024C0005368059302AA022339462846FFF7BEFF48
:1024D000236B08B343F4801323630646D0E72946F1
:1024E0004FF0FF3341F8103B2A4633462846FFF7AA
:1024F000B2FB0028F1D1A86E036998470028ECD1FF
:10250000236BDB01CAD4D4E90A016B46CDE9000193
:10251000082240F20220C5E723F480332363AA6A2D
:1025200004F1080522B9236B23F490132363A7E772
:10253000944210D09379012B0DD1294602F1080065
:10254000FFF782F838B9A3889188994202BF136BCC
:1025500043F4003313631268E4E70B6BDB0270B5DE
:1025600006460C4613D4FFF77FFF0546B26A06F114
:10257000280322B11A6894420BD122681A60236D95
:102580001B6813B9E06CEAF713FA284670BD002502
:10259000ECE713461268ECE708B5FFF723FA0020D2
:1025A00008BD70B58AB016460191002301AA02A9A0
:1025B0000546EDF76FFF041E0FDB01982F2103F096
:1025C0008EF810B1230D022B0AD1C4F389223346B1
:1025D00002A92846EDF772FB044620460AB070BDFA
:1025E0006FF01304F9E7EFF7B1B8FFF7B6BFFFF7E5
:1025F0003BBF2DE9F0411F460B6B5B0305460C46C4
:10260000164607D43B46324621462846BDE8F041EF
:10261000EDF7EABFFFF7E3FD0028F3D0BDE8F08156
:10262000FFF747BEFFF78BBE2DE9F041161E86B0BF
:1026300005460C4676DBD1E90B3252034F6B02D5CF
:10264000BB4238BF3B469E4251D2EB6F9E4230D8D0
:1026500000231A4621462846FFF771FE00285EDB5C
:102660004FF0FF332B60EA68334621462846EDF7EA
:10267000BBFF002853DB236BE06C6FF0010243F0DB
:102680008473C4E90A2643F480332363002322645D
:102690006364AB6E9B6AA364E968324602F0D5FFBF
:1026A00000233A4621462846FFF749FE00EAE0703B
:1026B00035E021462846FFF792FD80BB05AB02932B
:1026C00004F138030193731E00930590D4E90A23A3
:1026D00004F140012846FFF7B9F900BBA36B66631C
:1026E000C4E90A36236B43F410232363D8E7D7D910
:1026F0000223002221462846FFF721FE00280EDB98
:102700004FF00008636B9E42CAD9012305AA2146F7
:1027100028468DF81480FFF7CCFD0028F2DA06B0C9
:10272000BDE8F0816FF01500F9E7486B7047826AE9
:1027300000F1280322B11A68914203D10A681A6095
:102740000020704713461268F4E7EEF741B908B568
:10275000F2F782FC002818BF6FF0040008BD38B5FE
:10276000044648B1FEF75BFF302305465C43FEF7A5
:1027700056FF431BA342FAD338BD10B54369044644
:102780003BB90020E268537843F0010353704042A4
:1027900010BD98470028F4D00028B8BF4042E36835
:1027A000FF28A8BFFF201870ECE7C3685B78DB0741
:1027B00001D4FFF7E2BF6FF07700704740B1C36804
:1027C000587810F001001EBF1878B0FA80F0400968
:1027D00070472DE9F04F89B0DDE912680592434654
:1027E0000546324606A80F4600F031FBDDE9063407
:1027F000CDE90234EFF311844FF0100989F3128808
:1028000005F10C0A05F1140B059A149B394628466C
:10281000984720B184F3118809B0BDE8F08F56EADB
:102820000806F7D0DDE9022306A800F035FBDDE954
:1028300006685246CDE9006821465846F0F770FD1B
:10284000EFF3118489F31288DEE710B400F10C0471
:10285000C0E903440024047510BCFBF77EBA38B508
:102860000446EFF31185102383F31288FBF782F9F6
:1028700004F10C0000F06FFA30B1294604F11400A5
:10288000BDE83840F0F7D4BC85F3118838BD10B5E9
:1028900082696AB1C36842EA0301890708D14169C4
:1028A000A2FB011424B95B182CBF0121002102D323
:1028B0006FF0150005E001619B1A42698A4201D858
:1028C000002010BD02691A608269036101319B1A00
:1028D000F3E72DE9F04105460F46EFF31188102389
:1028E00083F312880669FEB90468A0421CD0DCB1EB
:1028F000D4E9003213605A60237CA66023F00203FF
:102900002374C4E9006604F11800F0F771FF204653
:10291000C4F894606761F0F78FFB414605F1080049
:10292000BDE8F041F0F784BC3E60EB692F61013BEC
:10293000EB6188F31188BDE8F08110B51024EFF346
:10294000118384F31288FBF7ADFBF8E7D0E900327E
:1029500013605A60027C002322F00202C0E90033B7
:10296000027483607047C0E9032303FB0212002353
:10297000436280F83030037200F12803C0E9062179
:10298000C0E90000C0E90A3341610162704713B534
:1029900001240094EFF704FE02B010BD70B50446A8
:1029A000EFF31186102383F3128800232568AC42CD
:1029B00012D08DB12846FFF7C9FF05F11800F0F7D6
:1029C00017FF6FF02203C5F8943000236B6128468F
:1029D000F0F732FB0123E9E700226262226AE2613A
:1029E00033B1314604F10800BDE87040F0F720BC77
:1029F00086F3118870BD90F90E308B4201D0F0F74C
:102A0000BDBC0020704703460020C3E90200C3E9B3
:102A10000033186170475AB18A4209D300F110039C
:102A2000C0E90212C0E90000C0E904330020704789
:102A30006FF015007047026801238B4022EA030300
:102A4000036022FA01F000F001007047F8B5044677
:102A50000E460C300321FFF7EEFF054630B110346F
:102A600010272046F0F7C4FE0B3001D02846F8BDF1
:102A7000336883F31188EFF3118387F3128833608F
:102A8000EFE770B5C368C3F340069B07044616D44E
:102A9000856802210C30FFF7CEFF80B1D5F89C206D
:102AA0006AB194421DD122689EB9D5F8A030C5F80C
:102AB0009C209C4201D1C5F8A02000232360E3683C
:102AC00013F01F001EBF43F00203E36040F002005A
:102AD00070BD3260D5F8A020944208BFC5F8A06050
:102AE000EBE716461268DBE738B5E0B150F8A44FC3
:102AF000844218D0BCB1D4E9003213605A60237C00
:102B0000002523F00203C4E900552374A56004F1F5
:102B10001800F0F76DFEC4F8945065612046BDE8DA
:102B20003840F0F789BA38BD73B50446EFF3118524
:102B3000102383F312880023A0F110060321043828
:102B40000193FFF778FF28B1A369019301A93046EB
:102B5000F0F782F885F3118802B070BD38B50446ED
:102B60000D461022002102F097FD656038BDEFF39D
:102B70001183102282F31288C06800F01F0083F3D3
:102B800011887047F0F7BAB838B5302204460D46C0
:102B9000002102F081FD4FF480736560E36038BD71
:102BA000FFF7E5BF37B50446EFF31183102282F338
:102BB000128801A90193FFF749FF2046019DFFF705
:102BC00060FF85F3118803B030BDEFF30580003856
:102BD00018BF012070476FF0570070470020704702
:102BE00038B50446EFF31185102383F31288037C74
:102BF0005B070ED51830F0F7FBFD237C23F00403B0
:102C000020462374F0F718FA2846BDE83840F0F75C
:102C10001FBB85F3118838BD38B58589EFF3118165
:102C2000102282F31288037C13F0080402D081F38F
:102C3000118838BD0122F0F769FAEB07F9D584F362
:102C400011880423184602DFF3E7F0F729BBD0E927
:102C5000003213605A600023C0E90033704708B5A2
:102C6000FFF7F5FF037C23F0020303740023836066
:102C700008BD10B5EFF31184102383F31288F0F729
:102C8000DBF984F3118810BD38B504460D46F0F722
:102C900013FA237C43F002032374D5B1A5602B689B
:102CA0009D4209D16B68C4E900531C606C6010E060
:102CB0006A689A42F6D01B68002BF3D093F90E1085
:102CC00094F90E209142F3DD5A68C4E90032146091
:102CD0005C6038BD08B5037C13F0280F01460CD1A9
:102CE00083680BB1FFF7BBFF0B7C23F004030B746D
:102CF0000846BDE80840F0F79FB908BD38B504465E
:102D0000EFF31185102383F31288F0F7AFFD18B9A4
:102D1000A4F11800FFF7DEFF85F3118838BD70B508
:102D20000546EFF31184102383F3128883680BB1F7
:102D3000FFF795FF183510262846F0F759FD0B30A0
:102D400002D084F3118870BD84F31188EFF31184ED
:102D500086F31288F0E770B50546EFF3118610236D
:102D600083F3128804680020A54202D186F31188FB
:102D700070BD002CFAD02046FFF771FF04F1180057
:102D8000F0F736FD2046F0F757F92C680120EBE705
:102D90002DE9F04706460F4691469A46EFF3118813
:102DA000102383F312880068864206D028B1736826
:102DB000984214BF0568002558B90024B9F1000FE6
:102DC00002D051462046C84788F311882046BDE806
:102DD000F0875146B84704460028EFD135B17368F3
:102DE000AB4200D02C6828462546E5E72C46FAE79A
:102DF00008B5F0F7BBFBBDE80840F0F7F1BB08B53C
:102E00000246F0F755FC6FF00041B8B18A4213D288
:102E1000D0E90230B0F1FF3F08BFB3F1FF3F03D06C
:102E20008B4270F1000003DB6FF00040801A08BD98
:102E30009A4201D2981AFAE70020F8E78A42F3D3BF
:102E4000F5E708B5F0F792FD08BDF0F78FBDB3F1D7
:102E5000FF3F08BFB2F1FF3F70B506461D4614465E
:102E600014D01A4316D0002B08DBF0F77FFD0419AD
:102E700041EB0501C6E90041304670BD6FF001032A
:102E80001C1B4FF0FF3363EB0501F3E74FF0FF34FA
:102E90002146EFE70024FBE7B3F1FF3F08BFB2F1A3
:102EA000FF3FF8B5074616461C4610D054EA020309
:102EB00011D0F0F75BFDB0420A46A14103460AD2A9
:102EC000F31A64EB0204C7E900343846F8BD4FF04A
:102ED000FF331C46F7E70023FBE730B5D0E90034A9
:102EE000984208D03CB1A568DDB112F9522C15F911
:102EF000525CAA4207DDC1E90004216041600FE095
:102F0000A342F8D01B68002BF5D09D684DB115F990
:102F1000525C9542F4DD5A68C1E900321160596093
:102F200030BD00239B7BFFDE2DE9F84F00250F46C7
:102F30001446984601462E464FF0100AA946BD4257
:102F400002DB3046BDE8F88FEFF3118B8AF312886D
:102F50004B7B03F03F03082B09D853B1013B072BF0
:102F600007D8DFE803F0281C06220606062E102BE1
:102F70002DD0B8F1000F3BD12378002B38D04B7BFC
:102F800003F03F03082B38D8002B38D0013B072B28
:102F900035D8DFE803F04137343D343434440B692D
:102FA0009B68002BE5D0022317E00B691B68002B00
:102FB000DFD0042311E00B699B68002BD9D00123DB
:102FC0000BE00B695B6A002BD3D0102305E00B6983
:102FD0009A895B899A42CCD02023CA68C1F80890AC
:102FE000C2F38630034363F39432CA6084F80090DE
:102FF0008BF3118801351431A1E7102B0FD08C60B1
:103000000136F5E7086922461030FFF766FFF6E75C
:10301000086922461430F8E708692246F5E708698E
:1030200022462830F1E72DE9F843846805460E462C
:10303000D4B16378012B22D114F8503C9A0711D5F2
:10304000A4F160073846FFF76AFE082E14BF00237C
:103050006FF00303636314F8503CDB0602D138467B
:10306000FFF707FE002323700023AB60EB68C3F378
:103070008632164366F39433EB60BDE8F883022B87
:10308000F0D12378002BEDD054F8048CB8F1000F68
:10309000E8D027464FF0000907F8149904F114000E
:1030A000F0F7A6FBC4F82C9039464046EFF726FE11
:1030B000D8E738B5EFF31185102383F3128804683D
:1030C000A0420FD0D4E9003213605A600023C4E953
:1030D00000332046FFF7A7FF85F31188201E18BF95
:1030E000012038BD0024F7E70023C0E90000836019
:1030F000704700238360704783680B60C368136068
:1031000070472DE9F34702F00203164653EA010225
:10311000DDE90AA905460C460AD0EFF31188102212
:1031200082F312880BB1002383602CB988F31188D5
:10313000002002B0BDE8F087F0F700FAAB68F107B5
:10314000074603EA040008D5844208D1720744BF49
:103150008343AB6088F31188EBE70028F6D15AEA85
:103160000903E3D0C7E919462A46CDE900A941463B
:1031700005F10C00F0F7D4F80028D9D1786ED8E723
:1031800010B50446D0E919020B6812F0010F03EAEA
:10319000000301D0984210D17BB16366520742BF51
:1031A0004A681A434A6004F11800F0F721FB002333
:1031B000C4F894302046FFF78DFD002010BD002399
:1031C000C0E900008360037370470A46F0F714BD3E
:1031D0000A460021F0F710BD5200FFF792BF837836
:1031E000427800781B0443EA0223184370470068C2
:1031F000704708B50246FFF7FAFF0346101DFFF7B8
:10320000F6FF0146184608BD0B0A017043700B0C0F
:10321000090E8370C170704708B501EB8202031F6D
:103220000846FFF7E4FF0431914243F8040FF7D159
:1032300008BD10B500EB82020C1F54F8041FFFF705
:10324000E3FF04309042F8D110BD2DE9F0418846EB
:103250000546FFF7CEFF064640460C46FFF7C9FF7E
:10326000464005F108004C40FFF7C3FF074608F150
:1032700008000D46FFF7BDFF784069403043214309
:10328000BDE8F081F8B506460F46FFF7DEFF0546BC
:103290000C4606F1100007F11001FFF7D6FF284396
:1032A0002143F8BD2822002102F0F6B9012340F89D
:1032B000043B2422002102F0EFB9002351F823201F
:1032C00040F8232001330A2BF8D17047002351F82E
:1032D0002320524240F8232001330A2BF7D17047B4
:1032E00030B5002351F8234052F823502C4440F8C5
:1032F000234001330A2BF5D130BD30B5002351F8FE
:10330000234052F82350641B40F8234001330A2B1A
:10331000F5D130BD13B552420B6801920268019C91
:10332000534023405A4002600A68019C5A400A6098
:1033300042684B68534023405A4042604A68019CAF
:103340005A404A6082688B68534023405A408260EA
:103350008A68019C5A408A60C268CB685340234007
:103360005A40C260CA68019C5A40CA6002690B692F
:10337000534023405A4002610A695A400A61426937
:103380004B69019C534023405A4042614A69019C69
:103390005A404A6182698B69534023405A40826196
:1033A0008A69019C5A408A61C269CB6953402340B3
:1033B0005A40C261CA69019C5A40CA61026A0B6ADA
:1033C000534023405A4002620A6A019C5A400A62F2
:1033D000426A4B6A534023405A4042624A6A5A400A
:1033E0004A6202B010BD13B552420B6801920268E6
:1033F000019C53402340534003604B684268019C4A
:1034000053402340534043608B688268019C534083
:10341000234053408360CB68C268019C53402340E3
:103420005340C36002690B69019C534023405340E1
:10343000036142694B69019C5340234053404361FF
:1034400082698B69019C5340234053408361C26968
:10345000019CCB69534023405340C361026A0B6A0D
:10346000019C5340234053400362426A4B6A019CD3
:10347000534023405340436202B010BD2DE9F04F4A
:10348000044687B00846FFF7B2FE8246081D17467D
:10349000FFF7A5FE8301C81D0493FFF7A0FE4301BB
:1034A00001F10A000193FFF79AFE4FEAC00801F10B
:1034B0000D00FFF794FE860001F11000FFF797FE64
:1034C000009001F11400FFF78AFE4FEAC01901F1E4
:1034D0001700FFF784FE430101F11A000293FFF782
:1034E0007EFE030101F11D000393FFF778FE6FF0EC
:1034F0007F4141FA07F202401AF100714FF00005D6
:103500004FEA820E4FEA916145F1000241EA8211D1
:10351000049B8806BAEB000A4FEA911C6CEB4C0B3B
:1035200092165F1842F1000216F1007045F1000595
:10353000800E40EA85108306F31A009E4FEA901130
:1035400061EB4101AD16361845F1000517F1807C9D
:1035500042F100024FEA5C6C4CEAC21C5016A7EB29
:103560004C620492019A12EB0C02009240F10000AE
:1035700016F1807245F1000C520E42EACC1219EBA2
:103580000209A6EB4265009A05954FEA6C6C4CF176
:10359000000C12F1007240F10000920E42EA80121B
:1035A00018EB02054FEAA060019540F1000019F107
:1035B00000754CF1000C4FEA9568029D48EA8C18A2
:1035C00015EB08050295019D4FEAAC6C4CF1000C1F
:1035D00015F1807740F100007F0E47EAC01702988E
:1035E000DB1941F1000110F180754CF1000C0398DA
:1035F0006D0E45EACC1540194FEA6C6C4CF1000C8D
:1036000013F10076039041F1000110F100704CF1CC
:10361000000C800E40EA8C101EEB000E4FEA9666FE
:103620004FEAAC6C46EA81164CF1000C1EF1807139
:103630004CF1000C490E41EACC114FF0130CC1FBC8
:103640000CAB1AF1007C4BF1000B4FEA9C6C4CEA7E
:103650008B1CAAEB8C6AC4F800A0DDF810A01AEB52
:103660000C0CC4F804C0DDF800C0ACEB826C019A0D
:10367000C4F808C0A3EB8663A2EB4762E260236153
:10368000059B9E19A9EB8863A361029B6661A3EB6E
:103690004565039BE561A3EB8060AEEB4161206271
:1036A000616207B0BDE8F08F2DE9F04F0D680C693D
:1036B00082FB055815F1007748F1000CBF0E47EA70
:1036C0008C178BB04FEAAC6EBB060CF07C4C82FBC7
:1036D0000446EB1A4CEA971C069368EB0C0314F1B2
:1036E000007C4D6807934FEA9C6C46F100034CEA5E
:1036F000831CC2FB057E4FEA8C65641B4FEAA36AFC
:103700004D6903F07C4343EA9C1366EB0306C2FB5E
:1037100005CA17F180754EF1000E6D0E45EACE1503
:10372000A7EB45674FEA6E631CF1807E08974AF16C
:10373000000A8F684FEA5E6E4EEACA1EC2FB07534C
:10374000ACEB4E6715F1007909978F6943F10003DF
:103750004FEA6A6A4FEA9969C2FB07EA49EA8319A4
:10376000CF68CDF804E0CC469B16C2FB07C3CDF86A
:1037700008C01EF1007C4AF1000A4FEA9C6CCF6938
:103780004CEA8A1CE6464FEAAA6AC2FB07EA029F95
:10379000CDF80CE017F1807843F100034FEA586848
:1037A00048EAC31814EB080446EB63661EF1807701
:1037B0004AF1000A7F0E0B6A496A47EACA17BE46F9
:1037C0004FEA6A6AC2FB03EACDF810E014F1007E0A
:1037D00046F100034FEA9E6E4EEA831E049B13F1EE
:1037E00000764AF10003B60E46EA8316B2469B16EF
:1037F000C2FB01A31AF1807143F10003490E41EAB3
:10380000C3114FF0130BCDF814A05B16A1FB0B2ACC
:103810000BFB03AA069BD218079B4AEB030A12F183
:1038200000734AF1000A9B0E43EA8A13A2EB8362FB
:103830000260089AD3184360029BA5EB8965A3EB4D
:103840004863A4EB8E64C36085600461099B13EB3D
:103850000E034361019BA3EB8C638361039BA3EB8A
:103860004767049BC761A3EB8666059B0662A3EBD3
:10387000416141620BB0BDE8F08F2DE9F04FA3B07C
:10388000D2E900CE0290D1E9000307938B68009340
:10389000CB6808930B6901934B690993D1E90693AF
:1038A0000A93D1E908530B9393680393D368049365
:1038B0001369059353690C9393690E93D369159318
:1038C000136A1793536A1893079BDDF800A05B00F7
:1038D0000F93089B0F995B001093099B5B0011935A
:1038E0000A9B5B0012930B9B5B001393039B4FF0AF
:1038F000130B0BFB03F7049B0BFB03F6059B0BFB66
:1039000003F316930C9B0BFB03F314930E9B0BFB1F
:1039100003F30D93159B0BFB03F30693179BDDF845
:1039200018800BFB03F2189B0BFB03F381FB0314C2
:10393000C0FB0C14CAFB0214DDF840A0CAFB08143B
:10394000DDF80480DDF834A0C8FB0A14DDF84480FB
:10395000DDF850A0C8FB0A14DDF85880C9FB081434
:10396000DDF84880C8FB0614DDF84C800BFB0EFA2E
:10397000C5FB0714C8FB0A14CDE919140799DDF833
:1039800000A0019C8CFB0118C0FB0E18C3FB0A1899
:10399000DDF820A0C2FB0A18DDF818A0CAFB041845
:1039A0000D9CDDF824A0C4FB0A18149CDDF828A0A7
:1039B000C4FB0918169CC4FB0A180B9CC6FB05180F
:1039C000C7FB0418CDE91B180F99039CDDF8448050
:1039D00081FB0E17C0FB0417009CCCFB0417109C46
:1039E000C3FB0417019CC2FB0417069CC4FB081709
:1039F0000D9CDDF84880C4FB0917149CC4FB081714
:103A0000169CC4FB0517139CC6FB0417CDE91D17B4
:103A1000039C07990B9F81FB0416049CC0FB0416B2
:103A2000009CC4FB0E16089CCCFB0416019CC3FB37
:103A30000416099CC2FB0416069CC4FB09160D9CC7
:103A4000C4FB0A16149CC4FB0516169CC4FB07167F
:103A50001691049C0F991F9681FB0461059C039F9E
:103A6000C0FB0461009CC4FB0761109CC4FB0E6199
:103A7000019CCCFB0461119CC3FB0461069CC2FB4E
:103A80000961C4FB08610D9CC4FB0561DDE9137489
:103A9000C4FB0761B046079C059E84FB06670C9C2F
:103AA000DDF810A0C0FB0467009CC4FB0A67089CFB
:103AB000DDF80CA0C4FB0A67019CDDF82CA0C4FB58
:103AC0000E67099CCCFB04670A9CC3FB0967C2FB19
:103AD0000467069CC4FB05670D9CC4FB0A670D9632
:103AE0000F9C0C9E149784FB06670E9CDDF814A0B7
:103AF000C0FB0467009CC4FB0A67109CDDF810A0A3
:103B0000C4FB0A67019CDDF80CA0C4FB0A67119C8A
:103B1000DDF84CA0C4FB0E67129CCCFB0967C3FB0D
:103B20000467069CC2FB0567C4FB0A670696079CF0
:103B30000E9E209784FB0667159CC0FB0467009CC3
:103B4000DDF830A0C4FB0A67089CDDF814A0C4FBB4
:103B50000A67019CDDF810A0C4FB0A67099CDDF828
:103B60000CA0C4FB0A670A9CC9FB0E67CCFB046768
:103B70000B9CC3FB0567C2FB04670F9A159C21973A
:103B8000B24682FB0426179C0E9FC0FB0426009CB5
:103B9000C4FB0726109C0C9FC4FB0726019C059FB5
:103BA000C4FB0726049F119CC4FB0726039CC9FB8A
:103BB0000426129CC4FB0E26139CCCFB0526C3FBDB
:103BC00004260F92079B179A189C83FB0232C0FBB6
:103BD00004320098159CC0FB043210460E9C089AD3
:103BE000C2FB0430019A0C9CC2FB0430099A059C6C
:103BF000C2FB04300A9A039CC9FB0730C2FB0430A5
:103C00000B9A199CC5FB0E30CCFB02309C46199BCD
:103C1000059013F1007E1A9B4FEA9E6E43F100005F
:103C20004EEA801E4FEA8E62A21A079200F07C4391
:103C30001A9A43EA9E1362EB030308931B9B13EB50
:103C40000E0E1C9B43EBA06018F1007541F10003C0
:103C5000AD0E45EA831503F07C44AA06B8EB0202D8
:103C600044EA951461EB04010D9C6519149C44EB26
:103C7000A3631EF1807440F10000640E44EAC01496
:103C8000AEEB446709971D9F3C1900941E9C44EBC2
:103C9000606015F1807443F10003640E44EAC314BC
:103CA000A5EB44650A95069D2C190194209C44EBD4
:103CB0006363009C14F1007440F100004FEA946EBD
:103CC000169C4EEA801E14EB0E0403941F9C44EBDA
:103CD000A060019C14F1007543F10003AD0E219C1E
:103CE00045EA83151AEB050944EBA363039C14F121
:103CF000807740F100007F0E47EAC017D21941EBF0
:103D0000606119F180740F9843F10003640E44EA76
:103D1000C31410EB040846EB636312F1007641F123
:103D2000000118F1007043F10003B60E800E46EA60
:103D3000811640EA8310614609180491059941EB08
:103D4000A363049911F1807143F10003490E41EA24
:103D5000C311A1FB0BCA5B160BFB03AB079BDDF882
:103D600008A01CEB0303DDF820C04BEB0C0B13F198
:103D7000007C4BF1000B4FEA9C6C4CEA8B1CA3EBD4
:103D80008C63CAF80030099B13EB0C03CAF80430AB
:103D9000009BA3EB8E63CAF80830039BA3EB476735
:103DA0000A9BCAF80C70A2EB86629E19019BCAF8A6
:103DB0001020A3EB8565049BCAF81460A9EB44644A
:103DC000A8EB8060A3EB4161CAF81850CAF81C4008
:103DD000CAF82000CAF8241023B0BDE8F08F2DE9FE
:103DE000F04F8246D1E9024095B0D1E90023069018
:103DF000D1E904900290D1E906B00390086A496ABB
:103E00000891610005910699039D04904900009175
:103E100002990793490001910399262000FB05F8B8
:103E20004900049D0991132101FB05F6089D5F00DF
:103E300001FB0BF302990A9300FB05FC484387FB47
:103E40000C15C2FB02154FEA420E2A466500C5FB5F
:103E50000612009DC5FB08124FEA4905C5FB031277
:103E60000D460299079BC1FB00520B958CFB041079
:103E7000009DCEFB0310C6FB0510C8FB09100A9B72
:103E80000D460199C3FB0150079BCDE90C5087FB00
:103E90000331009D0698CEFB0431CCFB05314FEA7F
:103EA0004905C6FB0531019DC8FB05310D460A9940
:103EB000C1FB0B350E95069D0A9387FB0431CEFBA3
:103EC0000531019DCCFB0931C6FB05310D46C8FB10
:103ED0000B35CDE90F35009B87FB0331CEFB093154
:103EE000C4FB0431019C4FEA4B05CCFB0431039C1D
:103EF000C6FB0531C8FB0431029C079387FB0935DB
:103F0000C4FB0E35DDE90548C4FB0835099CDDF826
:103F10001480CCFB0B35C6FB04351193019B87FB4A
:103F20000334CEFB0B34C8FB0934DDF80080C8FB3A
:103F300000340998CCFB00340498DDF80880C6FBF7
:103F400000340398069387FB0B63CEFB0063059850
:103F5000C0FB08630098C0FB09630498CCFB0063B6
:103F6000CDE91263099B87FB0368059BCEFB0068C4
:103F7000C3FB0B68DDE90030C3FB0068089B0398B6
:103F8000C9FB0968CCFB0368049BCDF8248087FB40
:103F9000037C089BCEFB037C059BC3FB007C009B42
:103FA000C3FB0B7C019BE346C9FB037B0B9B049784
:103FB00013F1007742F1000CBF0E47EA8C174FEA6D
:103FC00087680CF07C4EB3EB08034EEA971E05930E
:103FD00062EB0E030C9A08930D9BD71943EBAC6070
:103FE000079B13F1007C41F1000E4FEA9C6C4CEAF8
:103FF0008E1C4FEA8C629A1A0EF07C48119B48EA9C
:104000009C1861EB080113EB0C0C45EBAE6517F146
:10401000807E40F100004FEA5E6E4EEAC01EA7EBC4
:104020004E6307930A9B13EB0E0300930E9B43EB27
:1040300060601CF1807745F100057F0E47EAC517E7
:10404000ACEB47630A93069BDF19009B019744EB97
:10405000656413F1007540F100000F9B4FEA956E07
:104060004EEA801E13EB0E030293109B43EBA060FD
:1040700017F10075129B44F10004AD0E45EA84155A
:1040800013EB0509139B43EBA463029C14F18077A7
:1040900040F100007F0E47EAC017D21941EB606182
:1040A00019F1807443F10003640E0998039244EA05
:1040B000C31416EB040840EB636312F1007641F180
:1040C0000001B60E18F1007046EA811643F10003B4
:1040D0000499800E40EA8310091804914BEBA36306
:1040E00011F1807143F10003490E41EAC3114FF011
:1040F000130CA1FB0C2B5B160CFB03BB059BDDF823
:1041000020C0D3184BEB0C0B13F1007C4BF1000BD0
:104110004FEA9C6C4CEA8B1CA3EB8C63CAF8003012
:10412000079B13EB0C03CAF80430009BA3EB8E63D0
:10413000CAF80830029BA3EB4767039BCAF80C70D0
:10414000A3EB86620A9BCAF810209E19019BCAF84D
:104150001460A3EB8565A9EB4464A8EB8060CAF802
:104160001850CAF81C40CAF82000049BA3EB416118
:10417000CAF8241015B0BDE8F08F0029A1BFCB10FC
:1041800001F00701C05C0841ACBF00F00100002055
:1041900070472DE9F0431C30002402F11C08A0F107
:1041A0001C0C161F002556F8047FDCF8003051F86F
:1041B00024E04FF00009EEFB07395B1949F10005D7
:1041C000B0454CF8043BEED10134082C40F8045FB4
:1041D000E5D1BDE8F08310B50446FFF763F804F1BC
:1041E0002800FFF763F804F15000FFF75FF804F1CF
:1041F0007800BDE81040FFF755B82DE9F04395B0C1
:10420000044616460D460A4668462831FFF768F808
:104210000AA8FFF772F8324669466846FFF72DFB99
:104220000AA904F1280806F128020846FFF725FB31
:104230000AAA69464046FFF753F82046FFF75DF8A3
:1042400004F1500705F1500238461146FFF748F8CF
:1042500004F1780906F150023946FFF70EFB06F12A
:10426000780205F178014846FFF707FB4A463946D0
:104270006846FFF735F80AA8FFF73FF8424621469F
:104280004846FFF7FAFA0AAA21462046FFF7F5FA50
:104290006A4641464046FFF7F0FA0AAA69463846A0
:1042A000FFF7EBFA15B0BDE8F0832DE9F84F0A9E51
:1042B0000546904618460F460A4628311C46FFF729
:1042C0000FF83046FFF719F8424621462046FFF71F
:1042D000D4FA05F1280A08F1280231463046FFF7E2
:1042E000CCFA324621465046FEF7FAFF2846FFF741
:1042F00004F805F1500907F1500205F1780B114659
:104300004846FEF7EDFF08F1500207F178015846E4
:10431000FFF7B3FA5A4649462046FEF7E1FF30461A
:10432000FEF7EBFF524629465846FFF7A6FA3246FB
:1043300029462846FFF7A1FA224651465046FFF784
:104340009CFA324621464846BDE8F84FFFF795BA39
:104350002DE9F0471446894604F12808074609F17B
:10436000280A104604F15005FFF739FD5146404632
:10437000FFF735FD09F15001284604F17806FFF7F3
:104380002EFD294628460222FFF78EF9524649465D
:10439000304607F17809FEF7A3FF31464846FFF79C
:1043A0001EFD224641463046FEF79AFF4046FEF784
:1043B000A4FF324649462046FEF79FFF4246294663
:1043C0002846FEF79AFF2A4621463846FFF755FA57
:1043D0004246314607F12800FFF74FFA2A46414688
:1043E00007F15000FFF749FA324621464846BDE83A
:1043F000F047FFF742BA2DE9F84F9846C378934249
:1044000005460E460CD111464046FFF7B6FE571E34
:10441000044639464046FFF7B0FE844209D1EF70AA
:10442000B5F9003093420CBF95F902000020BDE8B9
:10443000F88F571CB742A8BF374607F1FF3A04FA76
:104440000AF4A2EB070B64424FF000095E46CA452E
:104450000BF1010B21DCD11B4046FFF78EFE04441B
:104460006142214001F0F000003801F0CC0318BF98
:104470000120003B18BF01235B0001F0AA0143EAC1
:104480008003002918BF43F00103511CC91B1944C4
:104490001C412980AC70EE70C2E759464046FFF7D8
:1044A0006CFE00FA09F0044409F10109CFE72DE997
:1044B000F04F85B0DDE90F470D46029039462046A2
:1044C0000393FFF75AFE07F1200180462046FFF7CD
:1044D00054FE07F1400182462046FFF74EFE164685
:1044E000820002EB4A0202EB0800C2B207F160014F
:1044F0002046FFF742FE02EBC000C0F3C4077B1E5C
:10450000584000F00703DDF8388001934FF00009B0
:1045100005F1280B05F1500A019B83EA0904013CCF
:10452000C4F30024414622462846FEF75CFF08F10A
:10453000280122465846FEF756FF09F1010908F105
:10454000500122465046FEF74EFFB9F1080F08F120
:104550007808E1D15146304687F00107FEF7B6FEF4
:104560003A4631465046FEF7D5FE3A465946284669
:10457000FEF7D0FE0299039B0E932A463346084667
:1045800005B0BDE8F04FFFF790BE08B5FEF77AFE24
:104590000843B0FA80F04009013808BD00231A46EC
:1045A0008B4200D17047C2540133F9E770B50D4614
:1045B00004460FCD8AB06E460FC60FCD0FC695E8E4
:1045C000030013220B46534303F1807386E8030074
:1045D0005B166A46694600200D682B444D68013021
:1045E00005EBA36505284FEA656301F10801F3D1E6
:1045F00013214B43002011680B4423F07C411160D0
:104600005168013001EBA3614B16052821F07E4172
:10461000516002F10802EED1DDE90012204641EAC4
:104620008261FEF7F1FD029DE90441EA9211201D2D
:10463000FEF7EAFD039A510341EA553104F10800FF
:10464000FEF7E2FD0499D20C04F10C0042EA81115C
:10465000FEF7DAFDDDE9051204F1100041EA4261DE
:10466000FEF7D2FD079DE90441EAD21104F11400DE
:10467000FEF7CAFD089A110341EA553104F118000A
:10468000FEF7C2FD0999120D42EA811104F11C00E6
:10469000FEF7BAFD28216846FFF780FF0AB070BD1B
:1046A00010B590B00C4601466846FFF77FFF2146E3
:1046B00008A8FFF77BFF08A96846FFF766FF2021DF
:1046C00004466846FFF76AFF0DEB0100FFF766FF3F
:1046D000601C10B010BD30B58BB0044668460D4666
:1046E000FFF77DFB69466846EFF70AFB69466846B7
:1046F000FFF775FB2A4669462046FFF7BEF82821DA
:104700006846FFF74BFF0BB030BD10B588B00146CF
:104710006846FFF74BFF9DF8004068462021FFF7F1
:104720003DFF04F00104204608B010BD30B59FB035
:1047300004460D4668465031FFF7CDFF6A462946CC
:104740000AA8FFF79AF86A4605F1280114A8FFF7AE
:1047500094F814A92046FFF729FF0AA8FFF7D5FF10
:10476000E37F83EAC0132821E3776846FFF716FF4B
:104770000DEB0100FFF712FF14A8FFF70FFF1FB0AA
:1047800030BD10B54B1E421E1F3113F8014F02F809
:10479000014F8B42F9D1037823F007030370C37FE5
:1047A00003F07F0343F04003C37710BD30B589B0F9
:1047B000044615466846FFF7E4FFFF232A4669468C
:1047C0002046EFF789FB20216846FFF7E7FE09B096
:1047D00030BD10B590B0102204466846FEF71CFDAF
:1047E00069462046EFF72AFC40216846FFF7D6FECF
:1047F00010B010BD70B5A0B0044616466846082239
:104800001D46FEF709FD314608A80822FEF704FD03
:10481000294610A80822FEF7FFFC2022002118A834
:1048200000F03AFF08AA694610A8FFF7B2FC10A9E9
:104830002046EFF703FC40210DEB0100FFF7AEFE31
:1048400020216846FFF7AAFE0DEB0100FFF7A6FE48
:1048500020B070BD10B5A8B004466846EFF7B0FCB4
:1048600069462046FFF762FFA0216846FFF796FEE3
:1048700028B010BD10B5083801EBC202914200D13A
:1048800010BD4C680B6824BA40F8084F1BBA43604F
:104890000831F3E710B5D0F8D03023F00702DB433E
:1048A00003F00703DB001044C3F12004A3F120024E
:1048B00021FA04F401FA02F222439940D0E91043AC
:1048C0000C431343C0E9104310BD2DE9F843D0F861
:1048D000D0700E467907044615460AD07F4207F08D
:1048E0000707974228BF1746B0463E4446453FD18A
:1048F000ED1BD4F8D0305A0619D05F4207F07F077D
:10490000AF4294BFFF08EF0823F0070304F1400013
:10491000314618443A46FFF7ADFFD4F8D03003EBE8
:10492000C703C4F8D03006EBC706A5EBC705802B3C
:1049300029D025F07F073744B14604F1400800260E
:104940004F4540D115F07F0610D03946F20804F1EA
:104950004000FFF78FFFD4F8D03005F078052B44E6
:104960003D443744AF42C4F8D03052D1BDE8F8835B
:1049700018F8011B2046FFF78DFFD4F8D030013323
:10498000C4F8D030B2E7D4E9323213F5806342F193
:104990000002B3F5806FC4E9323272F1000206D230
:1049A000D4E93032013342F10002C4E9303220460A
:1049B000EFF786FD0021C4F8D010802204F14000FA
:1049C00000F06AFEB5E7102249464046FFF752FF65
:1049D000D4E9323213F5806342F10002B3F5806FFF
:1049E000C4E9323272F1000206D2D4E93032013326
:1049F00042F10002C4E930322046EFF761FDC4F80D
:104A0000D06080220021404600F046FE09F1800976
:104A100096E715F8011B2046FFF73CFFD4F8D0308D
:104A200001339FE70AB1FFF750BF704770B5D0F868
:104A3000D06004460D4626B980223146403000F051
:104A40002BFE80212046FFF725FFD4E93202F30038
:104A50001B1852F100024FF0000128BF0121C4E9E8
:104A6000323231B1D4E93032013342F10002C4E9CB
:104A700030326F2E08D92046EFF722FD7022002138
:104A800004F1400000F008FED4E93023C4E92C23EF
:104A9000D4E932232046C4E92E23EFF711FD29463D
:104AA000A4F1080304F1380553F8082F5868C870BA
:104AB000060E0E70060C4E70060A100E0871100CD1
:104AC00048719D424FEA12208E708871CA7101F1BF
:104AD0000801E9D12046D821BDE87040FFF75EBD4E
:104AE000F0B5C7B004460E46174610A81D46DDF7C0
:104AF000AFFA3A46314610A8FFF794FF294610A8AE
:104B00002022FFF7E2FEDDE94C1210A8FFF78AFF32
:104B1000DDE94E1210A8FFF785FF694610A8FFF7E0
:104B200085FF69462046FFF754FE47B0F0BD70B5DB
:104B3000B6B004460D4616466846DDF789FA324699
:104B400029466846FFF76EFF21466846FFF76EFF6D
:104B500036B070BD30B50D468DB00021CDE90023D3
:104B6000CDE9021104462B460146202204A8FFF796
:104B7000B7FF04AA29462046EFF78CFB0DB030BDE5
:104B800000F4E040B0F5805F04D0A0F50053584237
:104B900058417047012070473AB1002918BF0023DF
:104BA000D21A2121184400F077BD70472DE9F04F4B
:104BB00089B09B4600238DF81B30159BDDF8508093
:104BC000002B91460B460E460CBF4FF400624FF48B
:104BD000806207A9DDE912A7F0F738F80446F0B9BA
:104BE000079D0DF11B0229883046F0F799F804461D
:104BF000A8B99DF81B30BB4223D868682A6C000A0C
:104C000005F1200120D1CDE90338CDE901BACDF875
:104C100000903346284600F028FC044608B1C8F846
:104C20000070D8F800303A4621465046FFF7B4FFEE
:104C3000079800F0E9FA002C18BF204609B0BDE83B
:104C4000F08F6FF08904EAE76FF08604E7E72DE95B
:104C5000F341D0F804804769044640460E4600F010
:104C6000D5FA054660BB5FFA88F31BB93FB16FF018
:104C7000860525E0013F6FF040439F42F7D2A068D0
:104C800020F47F4020F003000028F0D162884FF626
:104C9000F8739A4218D8277907B901A83146F0F776
:104CA0006FFA054660B90FCCD6F800C066460FC64D
:104CB00094E8030086E8030017B9019BCCF8143090
:104CC000284602B0BDE8F0816FF08505F8E700F6F0
:104CD000FF7240F67E739A4243D9434213F07F033A
:104CE00006D0202BC3F1000015D16FF0850070476E
:104CF00010F1920F0FDA10F5994F2AD02CDC10F535
:104D0000C54F26D010F5C14FEFD010F5C74F23D1B6
:104D10006FF09600704710F11F0F15DA10F13D0F7C
:104D20001DD010F13C0F07DA10F1400F14BF6FF0E7
:104D300083006FF09300704710F1220F14BF6FF0E3
:104D400083006FF085007047002818BF6FF0830064
:104D500070476FF0860070476FF0830070476FF008
:104D60009300704741F2052398421AD8B0F5905F3E
:104D700009D241F2010398420CD0B0F5885F09D006
:104D80006FF085007047A0F5905080B22923C34092
:104D9000DB07F5D511F0070F14BF6FF08600002078
:104DA0007047B0F5105FEBD121F04003802B06D0A7
:104DB000B1F5807F14BF6FF086000020704700209F
:104DC0007047F8B504460F4600881E46154692B156
:104DD000FFF7D6FE78B1089BD10019602088FFF755
:104DE000C1FF044628B93946304600F02EFC079B27
:104DF0001D602046F8BD6FF08504FAE710B5036C1E
:104E000004461BB120210844F0F732FE0020206444
:104E100010BD38B50446FFF7F1FF237E012B0FD0FC
:104E2000023B012B0FD8E369012B14BF6FF09605ED
:104E3000002544220021204600F02EFC284638BDE3
:104E4000E369002BF1E76FF09605F2E708B1FFF791
:104E5000E0BF704713B5A0B101A9F0F7D7F980B949
:104E60000198037E022B0ED1032303760379FF2BD7
:104E70000CBF6FF08404002400F0B1F9002808BFD3
:104E8000204602B010BD6FF09604F5E72DE9F0471B
:104E9000984686B0002306468A460493C8F8003038
:104EA0001546002A5AD0B2F1005F5AD204A9FFF782
:104EB000CEFE044638B9049F3A6C7AB973681B0A6F
:104EC00005D06FF086040498FFF7C0FF42E0202D64
:104ED00002D96FF08504F6E73D642A467168B7F899
:104EE0000290CDF81490090A07F1200307F1400061
:104EF000E7D105A9CDE90101009251462A46304685
:104F0000FFF75FFF04460028DDD1059BB9F1000FD4
:104F10001BD17B804FF6F8729342DAD83388049A1B
:104F200013B111889942CCD1738813B15188994239
:104F3000C7D15369C8F80030137E012B08D0002375
:104F4000C8F800306FF09604BDE79945B9D1E1E7A4
:104F500002231376204606B0BDE8F0876FF0860482
:104F6000F8E76FF08504F5E710B50446006830B146
:104F7000012805D1201DF0F7D5FA0023236010BDCC
:104F80006FF08800F9E738B50C460168054691B91D
:104F900004F0FE43B3F1007F13D1031D6C221846C9
:104FA00000F07AFB2146F0F7CFFA044628B9012336
:104FB0002B60204638BD6FF088042846FFF7D4FFE9
:104FC000F7E76FF08604F8E738B50546006878B172
:104FD00012B90024204638BD012809D1281DF0F758
:104FE000DFFA04460028F4D02846FFF7BDFFF1E7BA
:104FF0006FF08804F8E738B500241C6005460068A7
:1050000068B1012808D1281DF0F7DCFA04462846CB
:10501000FFF7AAFF204638BD6FF08804F7E76FF06E
:105020008804F7E730B4039C0025256000F0FE44B7
:10503000B4F1007F02D130BC00F0D3B96FF086002C
:1050400030BC704710B50446006858B101280AD139
:1050500004F10800F0F744FB00232360A3886FF3FA
:105060000803A38010BD6FF08600F5E72DE9F0433B
:105070000C4685B001689846002305461746039301
:10508000002941D100F10809B822484600F004FB8C
:10509000B8F1000F20463B460CBF4FF400624FF4BE
:1050A000806203A9EFF7D2FD044678BB039C2A1D5A
:1050B00021883846EFF734FE064660BB6B7968F30B
:1050C00000036B716168236C090A04F12002B8F1D6
:1050D000000F12D009BB00972146484600F0AEF9F8
:1050E000044698B901232B60039800F08DF8002E38
:1050F00018BF304605B0BDE8F08371B9009721466E
:10510000484600F0A0F9EBE76FF088042846FFF767
:1051100099FF2646E8E70446F8E76FF08604F5E7CE
:105120000123FFF7A3BF38B50546006898B112B94F
:105130000024204638BD01280AD105F10800F0F707
:10514000B1FB04460028F3D02846FFF77BFFF0E7C9
:105150006FF08604F8E76FF08804EAE72DE9F04184
:10516000054600680F461646984610B36A79D2077E
:105170001FD52A79EAB1B2421ED801281FD105F104
:10518000080000F065F9044618B10023C8F8006073
:105190002B7137B1D8F80030324621463846FFF738
:1051A000FBFC2846FFF74EFF002C18BF2046BDE849
:1051B000F0816FF08804E8E76FF08904E5E76FF0AD
:1051C0008604E2E71FB501240394089C0294079C1F
:1051D0000194069C0094FFF7E9FC04B010BD03465F
:1051E00068B1017E8A1E012A0BD80329C26903D146
:1051F000012A01D1FFF70DBE1AB1013ADA61002090
:1052000070476FF096007047FFF7E9BFC0B2002803
:1052100014BF6FF085000020704773B515461C461B
:1052200000260DF107030DF106028DF80760F0F777
:1052300003F858B99DF8070004B120709DF80620C6
:10524000294602B0BDE87040F0F71EBC304602B0FF
:1052500070BD10B40124019B019410BCF0F70CB890
:1052600010B40024019B019410BCF0F705B808B5F8
:105270000379934206D10830F0F78CFCBDE8084072
:10528000FFF725BD6FF0860008BD08B5036803F081
:10529000FE43B3F1806F04D10830F0F713FC002017
:1052A00008BD6FF08800FBE72DE9F04794B0044695
:1052B0009A460E4690460021402204A8DDE9205778
:1052C000DDF8749000F0E8F92146CDF800A04346DF
:1052D000324604A8FFF7BDFF044668B9B9F1000FD4
:1052E0000ED102ABCDE90073DDE91E122B4604A8F6
:1052F000F0F736F8044660B104A8FFF7C6FF1DE0DA
:105300001C994A4604A8FFF7B2FF04460028E8D0DB
:10531000F2E7029A05B1154403ABBA1A294604A86C
:10532000F0F7B8F804460028E6D1DDE9023213446C
:10533000229A04A81360FFF7A8FF0446204614B081
:10534000BDE8F0872DE9F04794B004469A468846B8
:1053500091460021402204A8DDE91E571C9E00F062
:105360009BF92146CDF800A04B46424604A8FFF722
:1053700077FF044640BB9DF81420F2B99DF8142035
:105380006EBB1D990DF10C088A1ACDE900782B46E9
:10539000314604A8EFF7E4FF0446A8B9039E05B11F
:1053A00035444346BA1B294604A8F0F773F8039B1B
:1053B000209A33440446136006E0314604A8FFF700
:1053C00056FF04460028D9D004A8FFF75EFF002846
:1053D0000CBF20466FF0880014B0BDE8F08716447B
:1053E000CFE72DE9F0439DB0DDE9248904460E4660
:1053F000174600216C2201A81D4600F04DF92146F8
:10540000C9F8008001A8F0F79FF8044668B93A4649
:10541000314601A8F0F7C4F8044630B94B4642467D
:10542000294601A8F0F7CEF8044601A8F0F77AF86B
:10543000002C18BF20461DB0BDE8F08311461A4667
:10544000009BF0F76BB911461A46009BF0F766B95E
:1054500038B51C460368154623B1F0F7E7F800B9E4
:10546000256038BD6FF08800FBE72DE9F041AEB054
:105470000C4615461E46B82200216846DDF8D48049
:10548000379F00F009F9214633462A466846F0F76F
:1054900045F9044648B9B8F1000F0DD136993A469E
:1054A0006846F0F7C3F8044678B16846F0F718F993
:1054B00020462EB0BDE8F081349942466846F0F7A8
:1054C000F1F904460028E9D0EFE7389B1F60ECE7CC
:1054D0006822002100F0E0B810B16821F0F7C8BAE6
:1054E00070472DE9F04105460E46144612B3036C91
:1054F00003F03F079B18036422BF436C01334364EE
:105500007FB1C7F1400842450FD34246384400F00E
:105510009CF829462846F0F7D7F927444644A7F1D6
:1055200040043F2C09D82CB1002722463146E81907
:1055300000F08BF80020BDE8F081374606EB040848
:10554000394628464037F0F7BFF9A8EB07033F2B51
:10555000F6D8A4F1400323F03F0340331E44E41A7D
:10556000DFE738B5036C03F03F035A1C0D46382AB9
:105570004FF08001C154044610442FD8C2F13802C4
:10558000002100F089F8D4E910315A0F42EAC10233
:10559000DB0012BA1BBAA263E36321462046F0F790
:1055A00093F9A36C1BBA2B60E36C1BBA6B60236D81
:1055B0001BBAAB60636D1BBAEB60A36D1BBA2B61AA
:1055C000E36D1BBA6B61236E1BBAAB61636E1BBAD2
:1055D0002046EB61FFF780FF002038BDC2F140029A
:1055E000002100F059F821462046F0F76DF93822E5
:1055F00000212046C5E73822002100F04DB810B543
:10560000044600F01CF82046BDE81040F0F72ABA26
:1056100010B54FF48C710120F0F71EFA044608B162
:1056200000F008F8204610BDF0F70EBCF0F742BBC2
:10563000F0F78EBC4FF48C72002100F02DB818B139
:105640004FF48C71F0F714BA70470A44914200F19C
:10565000FF3300D1704710B511F8014B03F8014F2B
:105660009142F9D110BD884210B501EB020402D974
:105670008442234607D8431EA14207D011F8012BCC
:1056800003F8012FF8E70244824200D110BD13F85D
:10569000011D02F8011DF7E702440346934200D1C1
:1056A000704703F8011BF9E70021F1F7DFB80A2280
:1056B0000021F1F701BC0A220021F1F7FDBB10B572
:1056C00001390244904201D1002005E0037811F82D
:1056D000014FA34201D0181B10BD0130F2E7C9B23F
:1056E0000346184613F8012B12B18A42F9D17047CC
:1056F000002918BF0020704770B503461E4613F8F6
:10570000014B44B14A1E01E0A54204D012F8015FEA
:10571000002DF9D1F2E7301A70BD10B56AB1013928
:10572000841810F8012B11F8013F9A4203D1A042CE
:1057300001D0002AF5D1D01A10BD1046FCE710B5F3
:105740000139034632B111F8014F03F8014B013A18
:10575000002CF7D11A440021934200D110BD03F868
:10576000011BF9E710B5024601448A42134603D0F3
:105770001C780132002CF8D1181A10BD70B5034600
:105780001E4613F8014B3CB14A1E01E0A542F7D07A
:1057900012F8015F002DF9D1301A70BD2DE9F843E0
:1057A000C3F13709074688465FFA89F903F01F05F8
:1057B0001646384641462A460023DBF71BFDD4B285
:1057C000092C3A4688BF4C44434688BFE4B2AA42FB
:1057D0004FF0000204F13004934106F8014B0746F4
:1057E0008846E6D23046BDE8F8832DE9F04387B01D
:1057F0001C4602AB00931746D2E902238146884635
:1058000000F09CF904AB0093D7E9002306460D464F
:105810004846414600F092F9DDE90423901953EB24
:1058200005014FF0000728BF012737B1029B039AFB
:10583000013342F10002CDE90232403CDDE90223AE
:10584000009400F092F907B0BDE8F0832DE9F04133
:10585000B0FA80F68E1B002907460C4606F10706B3
:1058600045DB0846F2F79EFC06442046F2F7A0FC12
:10587000351B2A1A3D322146384600F04FF9B44212
:1058800033DC1F2D61DC4FF0FF33AB4027EA03030D
:10589000B3FA83F35B091D46B0FA80F3F31A9E3323
:1058A000FE2B56DC002B23EAE371CCBF0B46012311
:1058B0009B1BA3F1970420FA04F2963B12F001021D
:1058C00020FA03F308D04FF0FF32A24030EA020280
:1058D0003DD1E5B303F00102D018C0F3160000B9C2
:1058E000114440EAC150BDE8F0810123D3E74D42A5
:1058F0002846F2F75DFC361A2846F2F759FCA6EB6B
:10590000040808EB00023C322946384600F0F3F860
:10591000B44213DCB8F11F0F17DC4FF0FF3303FA6A
:1059200008F337EA030310D10521B7FBF1F202EBCC
:105930008204A74204D101331746F6E70023F3E7B8
:105940009D428CBF00230123A5E70023A3E701228A
:10595000C2E74FF0FF40C6E72DE9F04F89B00518C8
:10596000029304AB41EB0104009390462846D2E930
:105970000023214600F0E2F806AB00930746894673
:10598000D8E902232846214600F0D8F8DDE90423AF
:10599000841851EB0306069BD8E900124FF000056E
:1059A00028BF0125ED18079B43F10003791849EB47
:1059B0000202B94272EB0902D8E9022134BF012088
:1059C0000020A21846EB01018018029A41F1000163
:1059D000A042A2F1410A71EB060234BF012200226B
:1059E0005219CDE90653CDF800A043F1000300F0B1
:1059F000BCF8129BC3E90001D8E902210391149974
:105A00000129DDE90653D8E900E027D10399CDF853
:105A100000A0A21A66EB0101774579EB000034BFC4
:105A200001200020101A61F10001844276EB01028E
:105A300034BF01220022AA1A63F1000300F095F896
:105A4000139BC3E90001DDE90623CDF800A0204641
:105A5000314600F08AF809B0BDE8F08F17EB070B6C
:105A600049EB090C14EB040846EB0601BB457CEB43
:105A7000090934BF0127002718EB070741F1000887
:105A8000F3457CEB000C34BF01200020381A68F18C
:105A90000001801A039A61EB02016D195B41A74274
:105AA00078EB060234BF01220022AD1843F1000357
:105AB000874278EB010834BF01220022AA1A029D16
:105AC000A5F140050095B7E710B50299A3FB004387
:105AD000A2FB0020001943F100033F29DBBFA1F125
:105AE0002002C1F1400140398B40D6BFD04023FA9B
:105AF00001F0184310BD30B587B00446084602A92E
:105B00001546F2F7F1FB049B00955A1C059B2046B5
:105B100043F10003FFF7D8FF07B030BD30B587B0C1
:105B200015460446084602A9F2F76AFBDDE904239C
:105B300000952046FFF7C8FF07B030BDF0B5002440
:105B40000D4606469446A0FB02012246E5FB0C12D8
:105B5000A446E3FB061CE5FB032412EB0C02059FA5
:105B600044F10004C7E90024F0BDF0B5059CC4F180
:105B70004007C4F1200602FA06F6A4F12005BB4056
:105B800022FA05F53343C4F120062B4301FA06F649
:105B9000A4F12005E04021FA05F53043BA4028433E
:105BA000E14010431943F0BD0246534221F000404A
:105BB000134340EAD370C0F1FF4000F5E000C00F8E
:105BC000704720F00040B0F1FF4F94BF002001204B
:105BD000704738B505460C4600F031F930B1204623
:105BE0002946DAF78DFF0446204638BD204600F0EE
:105BF00026F90028F3D12846FFF7E3FF0028F3D168
:105C00002046FFF7DEFF28B921462846DBF73CFA9D
:105C10000028E9D02C46E7E7C0F3C7530028A3F1DA
:105C20007F010246ACBF01204FF0FF301E291ADC75
:105C3000002903DA013118BF002070471629D8BFA8
:105C40004FF48003C2F31602D8BF0B4142F40002A6
:105C5000CDBF963B9B18C1F1170102FA03F3D8BFE1
:105C6000CB405843704701284FF0FF3018BF002049
:105C700000F10040704710B14FF000407047002025
:105C800070472DE9F0410446CE0FC1F30A55C1F328
:105C9000130154EA0107167140F2FF706AD1002D1A
:105CA00070D12C462946002B15605FDB0C2B5FDC86
:105CB000C3F10D05AD00012005F1FF3CA5F1210761
:105CC000C5F1210620FA06F600FA07F700FA0CF0F3
:105CD0003743061847EB0708D6F1000E68EB480C6F
:105CE000013E48F1FF38264008EA0108B04277EB50
:105CF00008080FDBC5F12008B5F1200601FA08F805
:105D000024FA05F545EA08055CBF41FA06F6354375
:105D1000ED0703D52018044641EB070104EA0E0401
:105D200001EA0C019DF8186018460D250532C6F1F0
:105D3000270604F00F03240944EA0174091163B92A
:105D4000A8420DDA013DF4D21AE01DB90125A5F2F1
:105D5000FF35A8E741F48011F9E7092BC8BF9B196B
:105D60003033A8425355B8BF2846EBE70023D9E7A4
:105D70000D23D7E78542E8D146F0080616710020CA
:105D8000BDE8F0818542E5D146F00406F6E7D1E9A9
:105D9000043293421EBF5A1C0A611870704720F0EB
:105DA0000042B2F1FF4F70B50346044610D30028FD
:105DB00007DAFFF706FF20B92046BDE87040F2F78A
:105DC000CDBB21462046DAF79BFE0446204670BD37
:105DD000002AFBD00028F0DB10F0FF4127D0C215CD
:105DE000C3F31603A2F17F0043F40003D20758BFA8
:105DF0005B00002440105B00192526464FF080719F
:105E000072189A42DDBF561864189A1A1A46013D54
:105E10004FEA42034FEA5101F2D112B1013424F0AA
:105E20000104641004F17C5404EBC054CEE75B0021
:105E300018020A4601F10101F9D55242D0E780F477
:105E40008000400010F5000F94BF00200120704733
:085E500032B4FD7F01000000E7
:105E580000000000285F02084DBC00080000000098
:105E6800E92401080000000000000000485F020863
:105E780000000000C85F020800000000A85F0208D8
:105E880000000000E85F020800000000685F0208E8
:105E980000000000885F020889E80108000000008F
:105EA80000000000286002080000000008600208E6
:105EB800000000004860020899D3000800000000B4
:105EC80001F800080000000021C9000800000000D7
:105ED80005530008000000005D53000800000000A2
:105EE80005D80008000000004F2702080000000045
:105EF80000000000686002080000000088600208D6
:105F080000000000A860020800000000C860020845
:105F1800A9CD000800000000CDBB0008000000006B
:105F28002AB30208000000000C630208D60400200F
:105F380000000000B9D200080000000000000000C6
:105F4800BBB3020878720208F4620208E204002077
:105F58000000000000000000000000000000000039
:105F6800ABAE0208D4700208B8620208CC04002064
:105F7800905600208DBC000800000000B8000020EA
:105F8800B9AE0208E8700208B8620208CE04002020
:105F9800A05600208DBC000800000000C8000020AA
:105FA800C7AE0208FC700208B8620208D0040020DC
:105FB800B05600208DBC000800000000D80000206A
:105FC800D5AE020810710208B8620208D204002097
:105FD800C05600208DBC000800000000E80000202A
:105FE8000CB302080000000000000000D4040020E8
:105FF800000000002DD00008000000000000000094
:1060080037B302088403002098620208D8040020ED
:10601800405A002029D50008000000007403002021
:1060280044B3020800000000A0620208DA0400205D
:10603800A0030020ABEB01080000000000000000F6
:10604800CCB302087C7202085C630208E4040020F6
:10605800FC0300206513020800000000EC03002088
:106068005EB30208F8630208DC620208DC04002060
:10607800BC5A00200DDB000800000000BC03002013
:10608800DCB30208E872020804630208E604002090
:1060980020040020B9F000080000000010040020CF
:1060A8006BB302080872020800000000DE0400203A
:1060B800205B002091DE000800000000CC030020D7
:1060C800B3B302082C72020828630208E004002017
:1060D80068470020B1E7000800000000DC0300204A
:1060E8000000000077E001080000000077E00108E8
:1060F8000000000077E001080000000077E00108D8
:106108000000000077E001080000000077E00108C7
:10611800B6B50208C1D00008B4B50208C1D000085D
:10612800B2B50208C1D00008B0B50208C1D0000855
:10613800AEB50208C1D000080000000077E00108F1
:106148000000000077E001080000000077E0010887
:106158000000000077E001080000000077E0010877
:106168000000000077E001080000000077E0010867
:106178000000000077E001080000000077E0010857
:106188000000000077E001080000000077E0010847
:10619800ACB50208C1D000080000000077E0010893
:1061A8000000000077E001080000000077E0010827
:1061B8000000000077E001080000000077E0010817
:1061C8000000000077E001080000000077E0010807
:1061D8000000000077E001080000000077E00108F7
:1061E800686002085BF00108686002085FF0010857
:1061F8000000000077E001080000000077E00108D7
:10620800486002089F1002080000000077E00108BB
:106218000000000077E001080000000077E00108B6
:106228000000000077E00108AAB50208C1D0000804
:106238000000000077E001080000000077E0010896
:106248000000000077E001080000000077E0010886
:106258000000000077E001080000000077E0010876
:106268000000000077E001080000000077E0010866
:10627800C8600208FF0C02080000000077E001086F
:08628800405A002021D8000853
:0462900029250108B3
:04629400A52A01082E
:10629800B5D70008FDD600087DEB010871EC0108B0
:1062A8001BEC010811D9000819D9000875D9000894
:1062B800A5EE010811EE01081DEE01082FEE0108F8
:1062C80039EE010843EE01089DD9000851EE010896
:1062D8000000000019F0010867EF01087DEF0108D0
:1062E800000000000000000000000000230F02086A
:1062F800430F02085F0F02087D0F020869F10008CA
:10630800FD150208E9E9010861E90108000000003B
:1063180039D200082DEA010800000000A7E90108A9
:10632800F5E90008000000000DE3000875E7000823
:10633800A1E40008BB00020841FF010865F9010853
:10634800B3F8010833F50108C7FC01080000000094
:10635800B5E30008451302082F120208BD0F020812
:10636800C1EF00084D110208DF11020801130208ED
:10637800171002082D100208391102084F100208E0
:1063880065100208431002087B100208D9EC0008C7
:1063980021ED0008DD120208000000008710020845
:1063A80069330008AD4B0008E56E0008BD7F0008A2
:0C63B80000000000B5B900080000000063
:1063C800540000000001000000000000010000006F
:1063D80002000000FFFFFFFFFFFFFFFFFFFFFFFFBF
:1063E800FFFFFFFF010000000100000000000000A7
:1063F80063F00108E871020801000000005800403D
:10640800801A0600000000001027000000000000AD
:10641800F071020808720208000000000000000085
:1064280022AE28D7982F8A42CD65EF239144377141
:106438002F3B4DECCFFBC0B5BCDB8981A5DBB5E9B3
:1064480038B548F35BC2563919D005B6F111F15980
:106458009B4F19AFA4823F9218816DDAD55E1CABB1
:10646800420203A398AA07D8BE6F7045015B831246
:106478008CB2E44EBE853124E2B4FFD5C37D0C5501
:106488006F897BF2745DBE72B196163BFEB1DE80F9
:106498003512C725A706DC9B942669CF74F19BC1EA
:1064A800D24AF19EC1699BE4E3254F388647BEEF87
:1064B800B5D58C8BC69DC10F659CAC77CCA10C243F
:1064C80075022B596F2CE92D83E4A66EAA84744AB1
:1064D800D4FB41BDDCA9B05CB5531183DA88F976E9
:1064E800ABDF66EE52513E981032B42D6DC631A81E
:1064F8003F21FB98C82703B0E40EEFBEC77F59BF02
:10650800C28FA83DF30BE0C625A70A934791A7D5EC
:106518006F8203E05163CA06706E0E0A6729291458
:10652800FC2FD246850AB72726C9265C38211B2EA0
:10653800ED2AC45AFC6D2C4DDFB3959D130D3853CD
:10654800DE63AF8B54730A65A8B2773CBB0A6A76E0
:10655800E6AEED472EC9C2813B358214852C729276
:106568006403F14CA1E8BFA2013042BC4B661AA8F3
:106578009197F8D0708B4BC230BE5406A3516CC7AC
:106588001852EFD619E892D110A96555240699D664
:106598002A20715785350EF4B8D1BB3270A06A1025
:1065A800C8D0D2B816C1A41953AB4151086C371ED4
:1065B80099EB8EDF4C774827A8489BE1B5BCB034EF
:1065C800635AC9C5B30C1C39CB8A41E34AAAD84ED1
:1065D80073E363774FCA9C5BA3B8B2D6F36F2E6898
:1065E800FCB2EF5DEE828F74602F17436F63A5785E
:1065F80072ABF0A11478C884EC39641A0802C78C0D
:10660800281E6323FAFFBE90E9BD82DEEB6C50A41E
:106618001579C6B2F7A3F9BE2B5372E3F27871C6A7
:106628009C6126EACE3E27CA07C2C021C7B886D1D8
:106638001EEBE0CDD67DDAEA78D16EEE7F4F7DF5A0
:10664800BA6F1772AA67F006A698C8A2C57D630A32
:10665800AE0DF9BE04983F111B471C13350B711B77
:10666800847D0423F577DB289324C7407BABCA32AB
:10667800BCBEC9150ABE9E3C4C0D109CC4671D4388
:10668800B6423ECBBED4C54C2A7E65FC9C297F59B8
:10669800ECFAD63AAB6FCB5F1758474A8C19446C63
:1066A80001000000000000000500000000000000DC
:1066B80019000000000000007D000000000000003C
:1066C8007102000000000000350C0000000000000E
:1066D800093D0000000000002D310100000000000D
:1066E800E1F505000000000065CD1D000000000078
:1066F800F902950000000000DD0EE902000000002C
:10670800514A8D0E000000009573C2480000000039
:10671800E941CC6B010000008D49FD1A070000001B
:10672800C16FF28623000000C52EBCA2B100000094
:10673800D9E9AC2D780300003D9160E458110000C0
:1067480031D6E275BC560000F52E6E4DAEB1010093
:10675800C9EA268367780800ED95C28F055A2A0092
:10676800A1EDCCCE1BC2D30025A4000A8BCA2204FB
:106778000000000000000000000000000000001001
:106788000000000000000000B9340332B7F4AD1473
:1067980010DB1AB30892540E0D307D951447BA1ABF
:1067A80066088F4D26ADC66DF598BF85E2B74511D1
:1067B800CA96853D92BD1DEBFCA11860DCEF521610
:1067C8003C92AE220BB8C1B4839D2D5B0562DA1CE6
:1067D800304C7E8F4E8BB25B16F4529F8B56A512AF
:1067E800FBD4827643ED8AF08FE7F93115651918E5
:1067F80050F19BD94A13EEB4284CF0A686C1251F48
:10680800035FC270CB9E4916E642889C44EB201475
:10681800B0650836AD6EA58585F0CA14E2FD031A89
:106828000B899979D5B13D09D8DA973A35EBCF106C
:10683800AC363F5E73BB38CF3E6752FA44AFBA15E9
:10684800010000000000000000000000000000201F
:10685800345065C05FC9A652BB13CBAEC440C21842
:1068680006C8DF7100D5A87CF56F0FDA58FC27132E
:106878006E4756357D24206502C7E768E48CA41D61
:10688800E9E60268D7CD39617977FCC2405BEF163B
:10689800798CDE43FFA751F991F3B278F5BDBE11AB
:1068A800E857E9D6E8BEE87BB054AC8F848D751BF9
:1068B800EA23A499E9F9D38BB7A3714061DA3E15AD
:1068C800CEE33ECB73F948088C97B427D51B7010DC
:1068D800A2BFEFB9EB8532154DB44DB49BBB6F1910
:1068E80096B6076CF8E7EEAD36D9B4F59135AE1328
:1068F800222218AF4E6A684D91DAAA3D4F40741EA5
:106908009FBD9EE006A1C09857C2A7FDA40E901790
:106918000E7D497173E3208FB220D87605143B129F
:10692800853D7434811343B0AD297A5F27F4351C53
:106938000000000000000000E9D90108EB8601080A
:10694800ED860108EF860108F1860108F92900089B
:10695800FD86010801870108F3860108012A00085D
:10696800F986010807870108F78601080D870108DD
:106978000000000000000000152B0008EB8601084D
:10698800ED860108EF860108F1860108F92900085B
:10699800AD92010801870108F3860108012A000861
:1069A800F986010807870108F78601083D9A01085A
:1069B80045920108499201084D920108699201081F
:1069C8007D9201086D920108719201087592010883
:1069D80051920108539201085592010857920108F3
:1069E8005B9201085D9201085F92010861920108BB
:1069F800639201087992010865920108679201087B
:106A0800000000000000000075310008093200088D
:106A180051320008D13200081D330008B131000896
:106A2800BD3100084D330008C9310008D5310008D0
:106A3800ED3100081D3200080000000000000000D1
:106A48009536000811360008D99D0108DD9D01081A
:106A580019360008E19D0108E19D0108E19D010842
:106A68003F9E0108299E0108BD9D0108BF9D0108A0
:106A7800C39D0108E79D0108E39D01082136000830
:106A8800EB9D0108C59D0108EB9D0108EF9D0108DC
:106A9800C99D0108CD9D0108D59D0108099E0108E1
:106AA800353600081F9E0108239E0108D19D010864
:106AB8000000000000000000E9A3010809A0010887
:106AC800353E00085D3800085BA501088FA0010865
:106AD800919F01082F9F01084F9F010823A60108D5
:106AE800699F010823A50108319F0108359F010806
:106AF800399F01089BA40108B99F0108559F010807
:106B0800F1420008E39E0108A19F0108EB9F0108DC
:106B180095390008D59E010875420008D938000843
:106B2800899F0108819F0108799F0108E99E010852
:106B3800FB9E01080F9F01081F9F0108FCFFFFFF34
:106B480000000000099F0108199F0108299F0108FA
:106B5800F59E01080000F0C0000020C1000048C1F7
:106B6800000070C100008CC10000A0C1000000003E
:106B7800000000001FAE0108000000000000000037
:106B88003144000831AE01082FAE010800000000B2
:106B980000000000E94400080000000000000000B8
:106BA80025AF0108411500081FAF010833AF0108E0
:106BB800154B00082D4B0008594B000821AF010860
:106BC8003BAF0108B68F020899900208A19002080D
:106BD800AB900208B7900208C2900208CF90020852
:106BE80001000000DD900208E190020802000000A8
:106BF800F09002080000000004000000F99002086C
:106C0800029102080800000010910208149102087D
:106C1800100000001F9102082891020820000000BF
:106C28002F910208359102084000000040910208A7
:106C380000000000800000004991020852910208FB
:106C48000001000062910208699102080002000038
:106C580071910208789102080004000087910208E7
:106C68008B910208000800009991020800000000BA
:106C7800001000009F9102080000000000200000A2
:106C8800A89102080000000000400000AD91020831
:106C9800B991020800800000C491020800000000B9
:106CA80000000100CF910208000000000000000071
:106CB8000000000049B60108A5B601081DB6010884
:106CC800F9B5010857B701081BB7010803B7010850
:106CD8001BB60108000000000000000081B6010892
:106CE800B3B6010821B6010885B6010839B601080E
:106CF8003DB6010843B601081BB6010800000000B4
:106D08000000000083B60108C1B6010837B70108C2
:106D18004BB6010871B6010875B601087BB60108C3
:106D28001BB60108000000000000000049640008CC
:106D380095B7010899B7010800000000000000009D
:106D48003565000895B7010899B7010800000000EB
:106D580000000000B963000895B7010899B7010859
:106D680000000000000000001164000895B7010849
:106D780099B7010800000000000000002164000825
:106D880095B7010899B7010800000000000000004D
:106D98008966000895B7010899B701080000000046
:106DA80000000000C962000895B7010899B70108FA
:106DB800A88A0208150100000000000071060208F8
:106DC80000000000C7060208DD0702080B080208D9
:106DD8006D06020829090208130902081D0902089C
:106DE800570802080000000067090208BF090208E6
:106DF800B90902084F090208570902084709020899
:106E08004B0902080000000000000000000000001C
:106E180000000000000000000000000083BC010822
:106E280015BB010817BB010839BB01083FBB0108A6
:106E38002D700008AD9201080187010855BA0108B4
:106E4800012A0008316F000807870108D7BA01082E
:106E580009BE010845920108499201084D920108AE
:106E68006D7200087BBC01087FBC01085BBA010891
:106E780041BB010895BB0108C9CB0108559201081F
:106E88002BBC01087DC1010821C801085F920108D7
:106E980015C20108639201087992010865920108F8
:106EA8006792010861BA01086FBA01087DBA010842
:106EB800C9BA01085D6F00086D6F00087D6F000892
:106EC80095BD0108C9BB010815BD0108C5C9010860
:106ED8009D6F0008BD6F0008E3BA01087BBB01087D
:106EE8007BBB010879BB0108917000082BC0010821
:106EF800DD6F00088975000871710008D7BC0108AA
:106F080045BD0108D5BD0108EFBA01085FBD0108FC
:106F18006BC0010829BD010837BD01088D6F000845
:106F280073BD0108AFBD0108F9BA0108C9BD010860
:106F3800BDBD010809BB01087DBB0108EDC0010802
:106F480088FDFFFF00000000A7BD0108656F00086D
:106F5800756F0008856F000821BD010803CA010884
:106F68001BBC010823BC0108E9BA0108EFBE0108EF
:106F7800EBBE0108EDBE01082FBD0108B5BD010833
:106F88003DBD010801BE010857C0010851BA0108FA
:106F980073BC0108C1CB0108F1BE0108F5BA0108AC
:106FA8006BBD0108E5C0010813BC01080DBD01084F
:106FB80057BD0108F9BD01088DBD0108CFBD010805
:106FC800C3BD01080FBB01088DBB0108F7C001084C
:106FD80077BA010869BA0108C3BA0108D1BA010829
:106FE80001BB0108956F00080000000000000000C8
:106FF800EDCE01085FCE010893CE01080000000025
:10700800000000004FCE010851CE010827CE01082C
:10701800D97D00083FCE010843CE010849CE0108BA
:107028001BB601085A96020844AD02084E9602089B
:10703800000000000000000093D0010895D001086E
:10704800A3D00108F9B5010883D0010887D0010849
:107058008DD001081BB601080000000000000000E8
:107068004590000821D7010827D601087DD60108D8
:107078003FD60108C7D6010893D601081BB60108F8
:10708800189C0208C09D02083CAE020846AE0208E1
:10709800000000006B9B0208010000004AAE0208D5
:1070A80002000000189C02080300000099920208E0
:1070B8000000000051AE02080100000046AE0208C0
:1070C80002000000189C020803000000FFFF0000F7
:1070D800001C0048070000004C0000008000000071
:1070E800FFFF000000080048020000004C000000FC
:1070F80004000000FFFF0000000400480100000039
:107108004C00000002000000FFFF000000000048E3
:10711800000000004C00000001000000C85F0208E9
:10712800A85F0208885F0208000000000000000055
:107138000000000000000000685F02080200000074
:107148000100000000000000008003002860020821
:107158000000000000800300008000002860020892
:10716800000000200000000000000B0602000000E4
:107178007C71020800000008FDB202082200020229
:107188000000002005B302081E000B11C9CD00083D
:10719800C3E40108F7E401082BE5010861E50108EB
:1071A80087E50108B7E50108E3E5010875CE0008A1
:1071B80015E60108DDCE000899E7010875E6010823
:1071C80099E60108CDE601080FE7010815E801086E
:1071D80043E7010815CF00080800000000FF000081
:1071E8005800000000004000F8710208010000008B
:1071F8000072020802000000E1C90400E0C90400AE
:107208001E00000001000000207202082047002034
:1072180025DE000801000000A85F02080D0011002B
:107228000B0000008860020800127A0000010000CC
:107238000000000000000000000000000000000046
:1072480000000000010E1600000000000000000011
:10725800C85F020804000100C85F020805000100B9
:10726800000000000000000005000100010000000F
:107278000000005800380140285F0208485F0208F3
:107288000E080000A87202080100000000000000BB
:107298000000000000000000B0720208AB100208F5
:1072A8006000000000400000B87202080100000001
:1072B800C072020802000000C14E0400E14E000046
:1072C8000000000008000000100000001800000086
:1072D80020000000280000003000000038000000F6
:1072E800000001580C730208047302080100000032
:1072F800020000000000000004000000640000001C
:1073080001000000147302080000000000030000E0
:10731800000400000005000000060000000700004F
:107328000008000000090000000A0000000B00002F
:10733800000C0000000D0000000E0000000F00000F
:10734800A0860100400D0300801A060000350C00DD
:1073580040420F0080841E0000093D0000127A00A0
:107368000024F40000366E010048E801006CDC02DD
:107378000000000000000000000000000000000005
:1073880001000000030000000500000001000000EB
:1073980001000000060000000A00000020000000B4
:1073A80002000000040000000800000010000000B7
:1073B8004000000080000000000100000002000002
:1073C800000000006410B71DC8206E3BAC30D92601
:1073D8009041DC76F4516B6B5861B24D3C710550AD
:1073E8002083B8ED44930FF0E8A3D6D68CB361CBD5
:1073F800B0C2649BD4D2D38678E20AA01CF2BDBD89
:1074080066B4020874B4020888B4020897B4020883
:10741800A3B40208585E0208585E0208C85E020853
:10742800D05E0208205F0208285F0208B5B402088F
:1074380000010000000000001B132C0AA3E59CEDCE
:10744800A72963085D210621EBFFFFFFFFFFFFFF70
:10745800FFFFFFFFFFFFFFFF0F0000008F64F80131
:107468006360BCFFC509F8FFD588650073840E000A
:10747800A061A0FF144BB1FF9DBE6A003EA4ADFF02
:10748800F56995FFEE3F3D00374F6A00703B49FFB5
:10749800C26C3C00C5197A003E484E00C41EDFFF8E
:1074A800AE03E3FFC36918FE683409FF8D49F8008D
:1074B800EC6B73FF9A0C6B015E290B004B3276FE66
:1074C800E4E2C9FF78446A009A40B7FF517DA700FB
:1074D800C55C99008FA626004990BEFFC8A68AFE03
:1074E800B3FB42FFBDC432FFC8E5DD000D7AC4001E
:1074F8009FFFD30074EAE500682583001D4C320124
:107508003BA34EFFCF4C300086CE37FF003EC9006C
:10751800F0E74FFF33F25BFF514532FF4A7DC3016D
:107528002F8721004E75EFFF8D89B400B5095C00E7
:107538008494D6000C0BE100267D83FFA0CFC3FE08
:10754800542DB30002A6DE01F0D2C8006C491F001A
:107558000B779DFF7FC8E9001077500094DB84010A
:10756800AEE60100E47AEAFE59B493FFDBE499FF42
:10757800082621FF14A59700C90021000609A2FFCB
:1075880070E3E5FF944A41007D59D8FF8018A3FEB7
:107598000C9E92FFA0DB8CFE053CB30048C0A5FE04
:1075A800FC4826FFAD065B009D2D8F002DF23701AC
:1075B800F05359003712AF014DEAEAFF72A35AFFA0
:1075C8003A51D100565E7EFF2AF9F90054B4910071
:1075D800FD23B4FFDD75BBFF3D75C4FF70555E002C
:1075E80021313CFFF14F9601109F9E001802A10126
:1075F80059170EFFB4BB750086048500E26173FF5E
:10760800F8B520FFEA3BBA01C281A9FF2C824000ED
:10761800E4B10300395D35FF282186FF90A993FF67
:1076280034BC8500AACA5FFE8F402F0053DBC4011B
:10763800CD8374FF959C3B00DAE5AB00CDDBB5004C
:10764800B85AEF00750BF1FE6CD654FFD9A25BFE59
:10765800AD0D4A00C56F61FE3FDF67008DDB680036
:10766800DF95EFFF8E7445FE4362D5007C4E62FEC7
:107678009E98D6FF5FE2AC01E59235FF76EB5D00A0
:10768800927AE60027FF350044598DFF7632D700FD
:10769800796AAB002BF005FE6A998D00083DD90187
:1076A800F2254200A01BE4FF670D46008906D500BD
:1076B8000020C300CE6A1600279900FF58D3FD01A9
:1076C80028C0D4008E7B7B00100E7AFF77A255FF6E
:1076D80092F01500D0A657010662D5FF8167DE013A
:1076E80048A5B6FF3C897DFE4F763C007E5EBF0014
:1076F8009D9270FF63845DFE92887900936294FE88
:10770800A78D54004B5C77FE094097FF18E86B0182
:10771800A3602E00266C74FFA0E65B002B945DFE30
:10772800B997A100DB328201DAD1E7FF30CAA1FEA6
:10773800740A4D004926DB019418FDFF51CED5FE91
:107748007A71F6FF1F2EF5FE4B0C04FF0F5AE0FE70
:10775800CCDC39FF66386CFF9A06E0001034D101A2
:107768008BC3750073C05AFF21F392007532CE01A6
:10777800584D5FFF2ED257FEA73B2DFFFBEC58005C
:10778800539FF500B1238AFE9B8CB800D42071006A
:107798002FABAE00CF1FAC013DA0E4FFEB8129FF6A
:1077A80090844200EFA89101BCBE2300CF04B2FE32
:1077B8003239E7FF347FA3FFD226200055B149FEB6
:1077C800B0E28900D1A5D4FE2BCB38FF50DB3AFEBE
:1077D8005647E20093DDB9FF39FBD800C7E235FE12
:1077E8007D192D00948AB8002C0D2FFF3B57A5FF5B
:1077F80091896B004724CFFFD4EDDB002C0148FFB3
:10780800CB7C05FF792076FFB8C291FFB0448D008C
:10781800C459150090D4CF016642A9FFA7FC97FF71
:107828004189DCFF4BC5A7FECCE5010002E512014A
:10783800E9C47F007C143101E0351E005BF3E4FEEF
:1078480083A08A0011439D00302706005570E2008E
:10785800AAFF9200CE2381005B8380FF77B625FFC5
:107868002FD4DF00B653910100022B00449AA5FEE5
:10787800E803CFFF84F32CFF8C53D3FF3FE106FFCF
:1078880098202AFF6E76C500F1B602008BA1B900D8
:107898003B69DBFF6A9644FF0EDA94FF9D5F970011
:1078A800DA3DD1FFF57715FEAEAC2C0074AE55016C
:1078B800795E1DFFE7802900C546FA009F9291FF77
:1078C80050D4B7FF02FC2800816F9CFFEE158EFE96
:1078D8008DC50CFFC7CEA0FF27E3D600B550990091
:1078E8005D96BA009CAC2EFEBF413BFF53B155FFDD
:1078F800CD013600807C50FF3CA4FB00F2A25FFE65
:10790800FEA61AFF590691FF09DC0CFFEE540D0183
:1079180099E2080004DFF2FF9F22FDFF3CC847FF01
:1079280001FC5CFF8372C9FED064ED0073E025FEA4
:107938004B6AB3FF901EA0FF8684DDFF39ADB8FF08
:107948003FD3B9FF689AC1FFE8C0BD0021BB22FE42
:107958009B2D10002F765F0056EC9F004E582CFF91
:107968003CEB1E001466B1FE9B2AD6FFF846DBFFEF
:10797800546585FF7E3C7000FC12F0006A409BFE57
:107988006B4672001F086900649B0A00EBF46101F2
:10799800AA289300AAE301FE8842AD0032C5CCFEB6
:1079A800597A61005FE881FF726C7EFFB2428AFFFC
:1079B800A96530FFE2C62FFF262EE1004183D7FEDE
:1079C800EC9D1BFFEC129E002A3E57FF654BB1FE53
:1079D800AB5DB8009F4954FFF6B60CFF404D9900C7
:1079E800E59E5200430A7B01A7657B00AAD899FF50
:1079F800B395960084BDF100ED6D08FFE71593007F
:107A08008B38B4009EAB91FE8AC971FFE9B43B0084
:107A1800419869FF1D330F009DD27AFF6EE777FF0B
:107A2800A6E428FFE39B6E00D4C5DC005CF580016A
:107A380065CC79FF63E8DA0016807D00CB7A6100B7
:107A4800CD6C92FF7AB2620071EE7AFF1BB6EC0041
:107A5800F794EB00F2087000B20265FF2EBD120128
:107A68004F2291FFFF5B2100A0884A004733A50001
:107A780025E26C00B24227FF80D55000528CA6FF49
:107A88003A5FA4FF5BB5AC0145A340004A4627FF17
:107A9800ECE21D001565FFFEDB8C3A0002E8ABFF47
:107AA80032F036FF09853CFE0949BC003EDAE900A0
:107AB800D6AF0CFF7F8579FF5C01A9000ECED4FEFE
:107AC800E560C6FFA0F4B20054889200833BB9FF7A
:107AD800590FAFFFD98E88FF549429005FA0DC01AD
:107AE800914200FFF81691FF9CD3E10050E547FE54
:107AF800BCDC4900B62948FF701F75FFA8F1E9FFF3
:107B0800D1D30500BA5327FE83DF03FF2CB113003E
:107B1800974AC30063C19F01EE8362FFA2B5E100EB
:107B2800607522FF36E75000588B7AFF3A0FCCFF7A
:107B38007BAEC0FF231463FE9106A40017348601B0
:107B48006052A0FF33BB15FF38B8F400B47D1100B4
:107B5800C67D000072626601CD4392004B1D79011B
:107B6800E75BEAFFD9CE2E010C4E0400D5B3F3FE35
:107B780073E8A70053A717FE7D8ED6FF12285D0075
:107B880061E4E5FF8469BFFE8DC9DA00717D7A0082
:107B98007EFC7C0035A3E5FE87C543FFF61D80010A
:107BA800BF9BA5FF81B0EB002431720007842FFE34
:107BB80014BA9800535228FFB54DC0FFB9599C001C
:107BC800090A20FF9FFCFF01F92D2AFFEE896401B5
:107BD800531CE600386386FF71EF7400853B8C0107
:107BE800BDF124FFF825C30160DC3700B74C3EFF28
:107BF800C3423D00324CA401E1A44CFF4C3DA3FF1D
:107C0800753E1F00519140FF76410E00A273D6FFCA
:107C1800068A2E007CE6F4FF0A8A8F00341AC20016
:107C2800B8F44C00818F2901BEF413FF7BAA7AFFB8
:107C38006281440079D5930056651EFFA1679B00B9
:107C48008C5943FFEFE5BE01430BB500C6F089FE32
:107C5800EE45BCFF4397EE00132A6CFFE555710112
:107C6800324487FF116A0900326701FF5001A801F9
:107C780023981EFF10A8B9013859E8FF65D2FC0007
:107C880029FA4700CCAA4FFF0E2EEFFF504DEF0008
:107C9800BDD64BFF118DF90026504CFFBE5575001F
:107CA80056E4AA009CD8D001C3CFA4FF96424CFF4B
:107CB800AFE110FF8D5062014CDBF200C6A27200EA
:107CC8002EDA98009B2BF1FE9BA068FF33BBA50022
:107CD8000211AF004254A001F73A1E00234135FEBD
:107CE80045ECBF002D86F501A37BDD00206E14FF57
:107CF8003417A500BAD64700E9B06000F2EF3601A4
:107D080039598A00530054FF88A064005C8E78FEBD
:107D1800687CBE00B5B13EFFFA29550098822A0159
:107D280060FCF60097973FFEEF853E0020389C00E8
:107D38002DA7BDFF8E85B3018356D300BBB396FE36
:107D4800FAAA0EFFD2A34E0025349700634D1A00FD
:107D5800EE9CD5FFD5C0D101492E5400144129010C
:107D680036CE4F00C98392FEAA6F18FFB12132FEAA
:107D7800AB26CBFF4EF77400D1DD99008580B201A8
:107D88003A2C1900C9273B01BD13FC0031E5D2018B
:107D980075BB7500B5B3B8010072DB00305E9300A7
:107DA800F52938007D0DCCFEF4AD77002CDD20FEE2
:107DB80054EA1400F9A0C601EC7EEAFF2F63A8FE7E
:107DC800AAE299FF66B3D800E28D7AFF7A4299FE5B
:107DD800B6F58600E3E41901D639EBFFD8AD38FFD4
:107DE800B5E7D20077809DFF815F88FF6E7E330004
:107DF80002A9B7FF078262FE45B05EFF7404E30183
:107E0800D9F291FFCAAD1F01690127FF2EAF4500C6
:107E1800E42F3AFFD7E045FECF3845FF10FE8BFF31
:107E280017CFD4FFCA147EFF5FD560FF09B02100C9
:107E3800C805CFFFF12A80FE2321C0FFF8E5C40161
:107E480081117800FB6797FF073470FF8C3842FF79
:107E580028E2F5FFD94625FEACD609FF484386013E
:107E680092C0D6FF2C26700044B84BFFCE5AFB00B8
:107E780095EB8D00B5AA3A0074F4EF005C9D020002
:107E880066AD6200E98960017F31CB00059B9400F3
:107E9800179409FFD37A0C0022861AFFDBCC8800DE
:107EA800860829FFE0532BFE5519F7006D7F00FE69
:107EB800A9883000EE77DBFFE7ADD500CE12FEFED5
:107EC80008BA07FF7E0907016F2A48006F34ECFEE5
:107ED800603F8D0093BF7FFECD4EC0FF0E6AED015F
:107EE800BBDB4C00AFF3BBFE6959AD005519590116
:107EF800A2F394000276D1FE219E09008BA32EFFE7
:107F08005D4628006C2A8EFE6FFC8EFF9BDF90007A
:107F180033E5A7FF49FC9BFF5E740CFF98A0DAFFCE
:107F28009CEE25FFB3EACFFFC500B3FF9AA48D00EE
:107F3800E1C468000A2319FED1D4F2FF61FDDEFE18
:107F4800B865E500DE127F01A48887FF1ECF8CFE8E
:107F58009261F30081C01AFEC95421FF6F0A4EFFD7
:107F68009351B2FF04041800A1EED7FF068D21003B
:107F780035D70EFF29B5D0FFE78B9D00B3CBDDFFCA
:107F8800FFB97100BDE2ACFF7142D6FFCA3E2DFFBA
:107F9800664008FF4EAE10FE857544FFEDD3F55CD4
:107FA8001A631258D69CF7A2DEF9DE14000000000E
:107FB80000000000000000000000001059F1B2FEAF
:107FC8000AE5A6FF7BDD2AFE1E14D40052800300BA
:107FD80030D1F300777940FF32E39CFF006EC50192
:107FE800671B9000B67859FF8572D300BD6E15FFE8
:107FF8000F0A6A0029C0010098E879FFBC3CA0FF7D
:108008009971CEFF00B7E2FEB40D48FFB0A00EFE96
:10801800D3C986FF9E188F007F693500600CBD00AC
:10802800A7D7FBFF9F4C80FE6A65E1FF1EFC04009A
:10803800920CAE00010000000000000000000000EB
:108048000000000000000000000000000000000028
:10805800000000000000000000000000982F8A4285
:1080680091443771CFFBC0B5A5DBB5E95BC2563982
:10807800F111F159A4823F92D55E1CAB98AA07D89A
:10808800015B8312BE853124C37D0C55745DBE72BD
:10809800FEB1DE80A706DC9B74F19BC1C1699BE43D
:1080A8008647BEEFC69DC10FCCA10C246F2CE92DCD
:1080B800AA84744ADCA9B05CDA88F97652513E98F1
:1080C8006DC631A8C82703B0C77F59BFF30BE0C6F8
:1080D8004791A7D55163CA0667292914850AB72786
:1080E80038211B2EFC6D2C4D130D385354730A6523
:1080F800BB0A6A762EC9C281852C7292A1E8BFA2FA
:108108004B661AA8708B4BC2A3516CC719E892D161
:10811800240699D685350EF470A06A1016C1A419E4
:10812800086C371E4C774827B5BCB034B30C1C39E3
:108138004AAAD84E4FCA9C5BF36F2E68EE828F74A2
:108148006F63A5781478C8840802C78CFAFFBE90BC
:10815800EB6C50A4F7A3F9BEF27871C699560208E1
:10816800A4810208020000009C81020803000000AC
:1081780094810208040000008C81020800000000BD
:1081880000000000BEB4020810140400CAB40208BB
:1081980010130300D6B402081012020002000000F7
:1081A800315602082D5602082956020811560208AF
:1081B800FF55020801000000020000000400000052
:1081C800080000001000000020000000400000002F
:1081D800800000001B0000003600000051F4A7508A
:1081E8007E4165531A17A4C33A275E963BAB6BCB07
:1081F8001F9D45F1ACFA58AB4BE303932030FA5579
:10820800AD766DF688CC7691F5024C254FE5D7FC16
:10821800C52ACBD726354480B562A38FDEB15A492B
:1082280025BA1B6745EA0E985DFEC0E1C32F7502AB
:10823800814CF0128D4697A36BD3F9C6038F5FE785
:1082480015929C95BF6D7AEB955259DAD4BE832D61
:10825800587421D349E069298EC9C84475C2896A0E
:10826800F48E797899583E6B27B971DDBEE14FB627
:10827800F088AD17C920AC667DCE3AB463DF4A18E2
:10828800E51A31829751336062537F45B16477E0D4
:10829800BB6BAE84FE81A01CF9082B94704868580B
:1082A8008F45FD1994DE6C87527BF8B7AB73D323E7
:1082B800724B02E2E31F8F576655AB2AB2EB2807D1
:1082C8002FB5C20386C57B9AD33708A5302887F215
:1082D80023BFA5B202036ABAED16825C8ACF1C2BB3
:1082E800A779B492F307F2F04E69E2A165DAF4CD0A
:1082F8000605BED5D134621FC4A6FE8A342E539D0E
:10830800A2F355A0058AE132A4F6EB750B83EC398C
:108318004060EFAA5E719F06BD6E10513E218AF93A
:1083280096DD063DDD3E05AE4DE6BD4691548DB564
:1083380071C45D050406D46F605015FF1998FB24BD
:10834800D6BDE997894043CC67D99E77B0E842BD4E
:1083580007898B88E7195B3879C8EEDBA17C0A4767
:108368007C420FE9F8841EC900000000098086835A
:10837800322BED481E1170AC6C5A724EFD0EFFFB8D
:108388000F8538563DAED51E362D39270A0FD964CC
:10839800685CA6219B5B54D124362E3A0C0A67B13F
:1083A8009357E70FB4EE96D21B9B919E80C0C54FA2
:1083B80061DC20A25A774B691C121A16E293BA0A9A
:1083C800C0A02AE53C22E043121B171D0E090D0B25
:1083D800F28BC7AD2DB6A8B9141EA9C857F11985D7
:1083E800AF75074CEE99DDBBA37F60FDF701269FB3
:1083F8005C72F5BC44663BC55BFB7E348B432976D7
:10840800CB23C6DCB6EDFC68B8E4F163D731DCCA2F
:10841800426385101397224084C61120854A247D23
:10842800D2BB3DF8AEF93211C729A16D1D9E2F4B65
:10843800DCB230F30D8652EC77C1E3D02BB3166C67
:10844800A970B999119448FA47E96422A8FC8CC428
:10845800A0F03F1A567D2CD8223390EF87494EC79B
:10846800D938D1C18CCAA2FE98D40B36A6F581CFD3
:10847800A57ADE28DAB78E263FADBFA42C3A9DE454
:108488005078920D6A5FCC9B547E4662F68D13C27B
:1084980090D8B8E82E39F75E82C3AFF59F5D80BEED
:1084A80069D0937C6FD52DA9CF2512B3C8AC993B61
:1084B80010187DA7E89C636EDB3BBB7BCD26780953
:1084C8006E5918F4EC9AB701834F9AA8E6956E6531
:1084D800AAFFE67E21BCCF08EF15E8E6BAE79BD9EC
:1084E8004A6F36CEEA9F09D429B07CD631A4B2AF00
:1084F8002A3F2331C6A5943035A266C0744EBC37D6
:10850800FC82CAA6E090D0B033A7D815F104984AE7
:1085180041ECDAF77FCD500E1791F62F764DD68DB8
:1085280043EFB04DCCAA4D54E49604DF9ED1B5E399
:108538004C6A881BC12C1FB84665517F9D5EEA04B2
:10854800018C355DFA877473FB0B412EB3671D5A96
:1085580092DBD252E91056336DD647139AD7618C05
:1085680037A10C7A59F8148EEB133C89CEA927EE63
:10857800B761C935E11CE5ED7A47B13C9CD2DF59BA
:1085880055F2733F1814CE7973C737BF53F7CDEA46
:108598005FFDAA5BDF3D6F147844DB86CAAFF381C9
:1085A800B968C43E3824342CC2A3405F161DC37278
:1085B800BCE2250C283C498BFF0D954139A8017177
:1085C800080CB3DED8B4E49C6456C1907BCB8461BC
:1085D800D532B670486C5C74D0B85742C66363A590
:1085E800F87C7C84EE777799F67B7B8DFFF2F20D31
:1085F800D66B6BBDDE6F6FB191C5C554603030501E
:1086080002010103CE6767A9562B2B7DE7FEFE19F1
:10861800B5D7D7624DABABE6EC76769A8FCACA452A
:108628001F82829D89C9C940FA7D7D87EFFAFA15B4
:10863800B25959EB8E4747C9FBF0F00B41ADADEC91
:10864800B3D4D4675FA2A2FD45AFAFEA239C9CBF19
:1086580053A4A4F7E47272969BC0C05B75B7B7C207
:10866800E1FDFD1C3D9393AE4C26266A6C36365AC6
:108678007E3F3F41F5F7F70283CCCC4F6834345C3A
:1086880051A5A5F4D1E5E534F9F1F108E27171934A
:10869800ABD8D873623131532A15153F0804040C3E
:1086A80095C7C752462323659DC3C35E3018182853
:1086B800379696A10A05050F2F9A9AB50E0707094E
:1086C800241212361B80809BDFE2E23DCDEBEB26C5
:1086D8004E2727697FB2B2CDEA75759F1209091B2B
:1086E8001D83839E582C2C74341A1A2E361B1B2D6E
:1086F800DC6E6EB2B45A5AEE5BA0A0FBA45252F6DE
:10870800763B3B4DB7D6D6617DB3B3CE5229297B94
:10871800DDE3E33E5E2F2F7113848497A65353F550
:10872800B9D1D16800000000C1EDED2C40202060D7
:10873800E3FCFC1F79B1B1C8B65B5BEDD46A6ABED5
:108748008DCBCB4667BEBED97239394B944A4ADEC7
:10875800984C4CD4B05858E885CFCF4ABBD0D06B92
:10876800C5EFEF2A4FAAAAE5EDFBFB16864343C5E2
:108778009A4D4DD766333355118585948A4545CF33
:10878800E9F9F91004020206FE7F7F81A05050F03B
:10879800783C3C44259F9FBA4BA8A8E3A25151F3CB
:1087A8005DA3A3FE804040C0058F8F8A3F9292ADA3
:1087B800219D9DBC70383848F1F5F50463BCBCDFD9
:1087C80077B6B6C1AFDADA754221216320101030CE
:1087D800E5FFFF1AFDF3F30EBFD2D26D81CDCD4C6C
:1087E800180C0C1426131335C3ECEC2FBE5F5FE195
:1087F800359797A2884444CC2E17173993C4C45789
:1088080055A7A7F2FC7E7E827A3D3D47C86464ACDA
:10881800BA5D5DE73219192BE6737395C06060A0E5
:10882800198181989E4F4FD1A3DCDC7F44222266B8
:10883800542A2A7E3B9090AB0B8888838C4646CA84
:10884800C7EEEE296BB8B8D32814143CA7DEDE793E
:10885800BC5E5EE2160B0B1DADDBDB76DBE0E03BBE
:1088680064323256743A3A4E140A0A1E924949DB67
:108878000C06060A4824246CB85C5CE49FC2C25DFE
:10888800BDD3D36E43ACACEFC46262A6399191A854
:10889800319595A4D3E4E437F279798BD5E7E732BB
:1088A8008BC8C8436E373759DA6D6DB7018D8D8C1B
:1088B800B1D5D5649C4E4ED249A9A9E0D86C6CB408
:1088C800AC5656FAF3F4F407CFEAEA25CA6565AF61
:1088D800F47A7A8E47AEAEE9100808186FBABAD59E
:1088E800F07878884A25256F5C2E2E72381C1C2457
:1088F80057A6A6F173B4B4C797C6C651CBE8E82308
:10890800A1DDDD7CE874749C3E1F1F21964B4BDD76
:1089180061BDBDDC0D8B8B860F8A8A85E0707090F7
:108928007C3E3E4271B5B5C4CC6666AA904848D82C
:1089380006030305F7F6F6011C0E0E12C26161A3C9
:108948006A35355FAE5757F969B9B9D01786869138
:1089580099C1C1583A1D1D27279E9EB9D9E1E13812
:10896800EBF8F8132B9898B322111133D26969BB2D
:10897800A9D9D970078E8E89339494A72D9B9BB65D
:108988003C1E1E2215878792C9E9E92087CECE4969
:10899800AA5555FF50282878A5DFDF7A038C8C8FDD
:1089A80059A1A1F8098989801A0D0D1765BFBFDA89
:1089B800D7E6E631844242C6D06868B8824141C3EE
:1089C800299999B05A2D2D771E0F0F117BB0B0CB76
:1089D800A85454FC6DBBBBD62C16163A00000000F8
:1089E800000000000000000000000000000000403F
:1089F80095596959555554551555555604051541F8
:108A080010545540455155444045504450555545DE
:108A1800004000404004449665555655454045542D
:108A28005141154055915555555540510501000086
:108A380054455454455505040010041014044000CE
:108A48000000014055551541540400004400010040
:108A58000000004041000044504445505400555522
:108A68005455655100400040010000010005010017
:108A780011545151545555050015415000000440FA
:108A8800100104050000000000000000DCCFD13513
:108A98000000000000C0153F0000803F0000C03FFC
:108AA8005E101810D20FB40F960F640F320F050F17
:108AB800D80EB00E880E5B0E2E0EFC0DCA0D930D4F
:108AC8005C0D200DE40C800C1C0C00100000003024
:108AD8007065E18FD9FABB70C1ED90DCA19907DE12
:108AE800698C88B709EA146EAFD93D9B830C7B600B
:108AF800C4681193C79BBC39945BA8064104BB6149
:108B08008F8FD7A84A0AF6F57033D6E8DDCD6471A1
:108B1800001EC77175B0918ED206F9AE04EC136DC4
:108B28006D5D4315BB26305427F645B492E9350CE4
:108B38001000286E6F2064657461696C2900637287
:108B48007970746F2070616E69633A20257320E232
:108B58008094207265626F6F74696E670A004C6F4B
:108B680052612D4535206D696E69004572726F72CC
:108B78003A20424C45204F5441206E6F7420737543
:108B880070706F72746564206F6E207468697320EA
:108B9800706C6174666F726D00556E6B6E6F776E78
:108BA800002028637261736820257520696E20256E
:108BB800732C20706320307825303878290073684A
:108BC8007574646F776E206D61726B6572002F6CBF
:108BD80066732F73687574646E004E6F6E65004C13
:108BE8006F7720566F6C74616765005573657220E6
:108BF8005265717565737400636164206E2F61003E
:108C0800613A2573206F3A256420706B3A256428F1
:108C18006225752F3473292073703A25752E2575B2
:108C28002F2575252500282575207225752F622585
:108C3800752F6125752F64257529002062633A25F3
:108C4800752525002070726F62653A6E2F61000AE3
:108C58002563252B64282564292025757020257512
:108C68006220257566202575742025752525006CDC
:108C78006F72615F74785F77616974004353505213
:108C88004E4720756E617661696C61626C65206122
:108C9800667465722072657472696573005B524E02
:108CA800475D203D3D3D206964656E746974792097
:108CB80073656564206865616C7468203D3D3D0A94
:108CC800005B524E475D20706C6174666F726D2058
:108CD80054524E4720697320726164696F2D696E22
:108CE800646570656E64656E7420286E6F2070729E
:108CF800652D524620776F726B61726F756E6420B6
:108D08006E6565646564290A005B524E475D207391
:108D1800746167653120637372616E64202020205E
:108D28003A2072633D25642064697374696E6374C4
:108D38003D25642F36340A005B524E475D2073741C
:108D480061676532206877696E666F2069642020E4
:108D58003A20256420627974657320287075626CE6
:108D6800696320E2809420756E697175656E65731C
:108D780073206F6E6C79290A005B524E475D207331
:108D88007461676533206578747261202020203A09
:108D98002025642062797465730A005B524E475D32
:108DA800207374616765342F3620736B6970706542
:108DB8006420E28094206E6F20696E646570656E31
:108DC80064656E7420736C6F7720636C6F636B20BF
:108DD8002854524E472076696120637372616E642D
:108DE800206F6E6C79290A005B524E475D207374C0
:108DF8006167653520637372616E64202020203AB4
:108E08002072633D25642064697374696E63743DE0
:108E180025642F36340A005B524E475D203D3D3DA8
:108E280020656E64202865787472616374696E6762
:108E38002025752062797465732076696120414523
:108E4800532D3235362D43545229203D3D3D0A00DD
:108E58004145532D43545220657874726163743AC6
:108E680020736861323536207073613D2564206C4B
:108E7800656E3D257520696E69743D256400414520
:108E8800532D43545220657874726163743A206993
:108E98006D706F72745F6B6579207073613D2564C6
:108EA80020696E69743D2564004145532D43545231
:108EB80020657874726163743A20636970686572BA
:108EC800207073613D2564206F75743D25752061A0
:108ED8007420257520696E69743D25640064656792
:108EE800656E65726174652073656564206F75745D
:108EF8007075742028616C6C2D7A65726F202F2034
:108F0800616C6C2D464629004145532D435452202F
:108F1800736565642065787472616374696F6E2027
:108F28006661696C6564006964656E74697479204A
:108F380067656E20737475636B206F6E207265733E
:108F480065727665642070726566697800656E3A48
:108F580030207361743A30206669783A30006E6F59
:108F680020474E5353206F6E207468697320626FD8
:108F780061726400677073006770735F696E74650F
:108F88007276616C002028736B69707065643A2092
:108F9800666F72776172642D6F6E6C792900202874
:108FA800626F6F74737472617029006F6B00696E01
:108FB8002D62616E640020286472792D72756E29A5
:108FC8000020450073746570252B6C642573257328
:108FD80000686F6C642028257329006162737461CE
:108FE800696E2028257329002573257320656C690F
:108FF8006769626C653D257520766F7465733D25DC
:10900800752F257520736B65773D252B6C64732050
:10901800723D256C6473202D3E202573003B207320
:10902800746570733D256C7520626F6F743D256C97
:1090380075206C6173743D252B6C6473002062612C
:10904800636B736B69703D256C7500207375703D9B
:10905800256C756800206576616C733D256C7520FC
:10906800616273743D256C75000D0A2025303278D5
:109078002530327820682575206E257520252B6CC3
:1090880064732573000D0A202B2564206D6F7265AB
:10909800006E6F2D64617461006E6F2D71756F7253
:1090A800756D006E6F2D6D616A6F726974790073EA
:1090B80075707072657373656400726174652D6C88
:1090C800696D697465640070656469677265652DAA
:1090D8007665746F0050494E002872657365742078
:1090E800627574746F6E2900534F46545741524548
:1090F8000042524F574E4F555400286C6F772076D8
:109108006F6C746167652900504F520028706F7743
:1091180065722D6F6E29005741544348444F4700EC
:109128002868616E672900444542554700286465F0
:10913800627567676572290053454355524954590A
:10914800004C4F57504F574552002877616B6520A8
:1091580066726F6D206F666629004C4F434B555001
:1091680000286372617368290050415249545900BC
:10917800286D656D6F7279206572726F7229005063
:109188004C4C0028636C6F636B206661756C7429A6
:1091980000434C4F434B004841524457415245000D
:1091A800555345520054454D50455241545552452A
:1091B80000286F766572686561742900424F4F54C4
:1091C8004C4F4144455200464C415348002F6C6671
:1091D800730025732E746D700025732E6261640010
:1091E8006964656E74697479007361766550726537
:1091F8006673006C6174006C6F6E007265706561F7
:109208007400636F6D700077696669007A63006443
:10921800697361626C65006775657374006F776E5A
:10922800657200665F6164765F696E7400726F6F65
:109238006D00706F77657200665F6D617800665FBC
:109248006D61785F756E7300665F6D61785F6164EC
:1092580076006C6F6F700072645F6F6E6C7900617E
:1092680064635F6D756C74007077725F7361765FAD
:10927800656E006672657100627700637200696EE0
:10928800745F7468720066656D5F72786761696E95
:1092980000747800616600727864656C61790066B4
:1092A8005F747864656C617900645F747864656C78
:1092B800617900686173685F6D6F6465006D756CD6
:1092C80074695F61636B006164765F6C6F630061F2
:1092D80075746F5F6D617800646566735F6E6D00AD
:1092E800646566735F6B65790070696E0062757A94
:1092F8007A5F71006175746F5F616464006D616E9F
:109308005F6164640074656C5F62617365007465B5
:109318006C5F6C6F630074656C5F656E7600747A61
:109328005F6F6666736574006C6564735F6F66660D
:10933800006C6564735F726164696F006C65647367
:109348005F6862006C6564735F6272696768746EF7
:109358006573730072785F6463006D747300636192
:10936800645F6175746F006361645F6F6666006354
:1093780061645F626173650070726F62655F696ED8
:10938800740078736600646973705F726F74006943
:109398006E5F726F74007077725F7361765F73656A
:1093A80074006770735F73746279006261636B6FD6
:1093B800666600646973635F7473006770735F73D4
:1093C800657400256C7800256C64006E616E002D54
:1093D8006F7666002C003A22005C22005C5C005C20
:1093E8006E005C72003A7B0052657065617465724C
:1093F80000312E31372E372D7A657068636F7265AC
:109408000032303236204F6374203130007B2262C4
:109418006174746572795F6D76223A25752C2275B0
:109428007074696D655F73656373223A25752C22C4
:109438006572726F7273223A25752C227175657583
:10944800655F6C656E223A25757D00253032643A79
:10945800253032643A25303264202D2025642F25AA
:10946800642F256420550025733A25753A25640034
:109478002D6E6F6E652D007B2272656376223A250C
:10948800752C2273656E74223A25752C22666C6FD2
:109498006F645F7478223A25752C2264697265635B
:1094A800745F7478223A25752C22666C6F6F645F3E
:1094B8007278223A25752C226469726563745F722A
:1094C80078223A25752C22726563765F6572726F11
:1094D8007273223A25757D007B226E6F6973655F12
:1094E800666C6F6F72223A25642C226C6173745F0C
:1094F80072737369223A25642C226C6173745F73EA
:109508006E72223A252E32662C2274785F61697257
:109518005F73656373223A25752C2272785F6169DF
:10952800725F73656373223A25757D0025730A257A
:10953800730A2573007365747065726D2000457237
:1095480072202D2062616420706172616D73004F1A
:109558004B00457272202D20696E76616C6964201B
:10956800706172616D7300457272202D20626164B2
:10957800207075626B6579006765742061636C00A3
:1095880041434C3A00253032582000646973636FB8
:109598007665722E6E65696768626F7273004572D0
:1095A80072202D20646973636F7665722E6E65690B
:1095B8006768626F727320686173206E6F206F70C6
:1095C80074696F6E73004F4B202D20446973636F6D
:1095D8007665722073656E74004F4B202D206C6F7A
:1095E8006164656420256420726567696F6E730025
:1095F80025732D25303258253032582530325825DC
:10960800303258000D0A3D3D3D205A657068436F61
:1096180072652000203D3D3D0D0A0020202D3E2092
:10962800000D0A20202D3E20627573790D0A002F47
:109638006C66732F72657065617465720025732F8F
:1096480025730025732F5F6D61696E2E696400258F
:10965800732F70726566732E6A736F6E0025732F91
:109668007072656673002F61636C002F726567699D
:109678006F6E7332005E00257325730A002573250B
:109688007320460A002F002573257325730064751F
:1096980074796379636C65003E2025642E25642502
:1096A80025003E20252E326600696E742E7468727D
:1096B800657368003E202575006167632E726573C7
:1096C80065742E696E74657276616C0052656D6F93
:1096D800766564202D204175746F6D61746963200F
:1096E800414743207265736574206973206F6E006B
:1096F8006D756C74692E61636B7300726164696F58
:109708002E66656D2E72786761696E007261646994
:109718006F2E72786761696E003E20252E33662CA5
:1097280025732C25752C2575003E206164617074A5
:109738006976652028727864656C61792064657043
:109748007265636174656429003E206164617074A8
:1097580069766520286573743D252E316620666C10
:109768006F6F643D252E32662900646972656374E3
:109778002E747864656C6179003E20616461707450
:1097880069766520286469726563742E74786465E7
:109798006C61792064657072656361746564290021
:1097A800706174682E686173682E6D6F6465003E21
:1097B8002025640066726571657272006E6F742090
:1097C800617661696C61626C65003E20252E3366A6
:1097D80000647574796379636C6520004552524F53
:1097E800523A20647574796379636C65206D75737A
:1097F800742062652031302D3130302C206F72207A
:1098080064656661756C74004552524F523A206423
:109818007574796379636C65206D757374206265FE
:109828002031302D313030004F4B202D2025642E33
:109838002564252500616620004572726F723A2002
:1098480065787065637465642061206E756D626506
:1098580072206F722064656661756C74004572725F
:109868006F723A206166206D7573742062652030CE
:109878002D3900696E742E7468726573682000450E
:1098880072726F723A206E6F7420737570706F7297
:10989800746564206F6E20636F6D70616E696F6EA2
:1098A800006167632E72657365742E696E746572E4
:1098B80076616C20006D756C74692E61636B732022
:1098C800004572726F723A206D757374206265205C
:1098D800302C2031206F722064656661756C7400CD
:1098E800252E2A73004F4B202D207265626F6F74EE
:1098F80020746F206170706C792028434144207275
:109908006573657429004F4B202D207265626F6F57
:109918007420746F206170706C79004572726F7278
:109928003A2066726571203135302D323530302C51
:1099380020627720372D3530302C20736620352D66
:1099480031322C20637220352D382C206F72206420
:10995800656661756C7400727864656C6179200065
:109968004F4B202869676E6F7265643A207278647D
:10997800656C6179206973206E6F7720616461700E
:109988007469766529004F4B202869676E6F726588
:10999800643A20747864656C6179206973206E6F0D
:1099A80077206164617074697665290064697265FD
:1099B80063742E747864656C617920004F4B20289D
:1099C80069676E6F7265643A206469726563742EA4
:1099D800747864656C6179206973206E6F77206193
:1099E800646170746976652900706174682E6861B5
:1099F80073682E6D6F646520004572726F722C203B
:109A08006D75737420626520302C20312C20322033
:109A18006F722064656661756C7400747820004FFD
:109A28004B202D20747820706F7765723D25642057
:109A380064426D004572726F723A2072616E67659A
:109A4800202D3920746F2025642064426D2C206FEE
:109A5800722064656661756C7400667265712000B9
:109A68004572726F723A2072616E676520313530C7
:109A78002D32353030204D487A2C206F72206465A5
:109A88006661756C7400726164696F2E66656D2E0F
:109A980072786761696E20004F4B202D20726164D7
:109AA800696F2E66656D2E72786761696E3D2564F3
:109AB800004572726F723A20756E737570706F72AE
:109AC800746564004572726F723A206D7573742004
:109AD800626520302C20312C206F6E2C206F722074
:109AE8006F666600726164696F2E72786761696E6D
:109AF80020004F4B202D20726164696F2E727867A9
:109B080061696E3D256400706D004572726F723A2E
:109B1800206E6F206C6967687420736C65657020AF
:109B28006F6E2074686973206275696C64006C6577
:109B380064732E726164696F003E2025732573007B
:109B480020286E6F20726164696F204C4544206F35
:109B58006E207468697320626F61726429006C6595
:109B680064732E6862006C6564732E62726967683C
:109B7800746E657373003E2025752525006C656439
:109B88007300666C6F6F642E6164766572742E69FB
:109B98006E74657276616C0067756573742E70619A
:109BA8007373776F7264007072762E6B6579003EFE
:109BB80020252E366600666C6F6F642E6D61782ED8
:109BC80061647665727400666C6F6F642E6D61787F
:109BD8002E756E73636F70656400666C6F6F642EAC
:109BE8006D6178006261636B6F66662E6D756C746B
:109BF80069706C696572006F776E65722E696E6642
:109C08006F006C6F6F702E646574656374003E201E
:109C18006F6666003E206D696E696D616C003E205E
:109C28006D6F646572617465003E20737472696358
:109C380074007075626C69632E6B657900726F6C65
:109C480065007077726D67742E737570706F7274BB
:109C5800003E20756E737570706F72746564007065
:109C680077726D67742E736F757263650045525213
:109C78004F523A20506F776572206D616E6167654B
:109C88006D656E74206E6F7420737570706F72746A
:109C98006564007077726D67742E626F6F74726599
:109CA80061736F6E003E2052657365743A202573A8
:109CB8003B2053687574646F776E3A202573007083
:109CC80077726D67742E626F6F746D7600626F6F56
:109CD800746C6F616465722E766572003E20756ED5
:109CE8006B6E6F776E006164632E6D756C7469704E
:109CF8006C696572004572726F723A20756E737581
:109D080070706F727465642062792074686973205A
:109D1800626F617264003E20252E3366202028255C
:109D280075206D562C20746172676574203E3D2045
:109D38002575206D5620666F722031303025252913
:109D4800003E20252E33662020286E6F2041444394
:109D58002072656164696E67290072786475747928
:109D680000646973706C61792E726F746174650038
:109D78003E20756E737570706F72746564202870FC
:109D8800616E656C2063616E6E6F7420726F7461B2
:109D980074652900696E7075742E726F74617465CC
:109DA80000747A2E6F66667365740067707320643A
:109DB80069616700677073207374616E646279000B
:109DC8006770732064757479003E20616C776179DF
:109DD80073206F6E20283029003E206F6E20737428
:109DE8006174653D257320736174733D2575206624
:109DF80069783D2575732061676F206C61743D2516
:109E08002E3666206C6F6E3D252E3666003E206F1E
:109E18006E2073746174653D257320736174733D9E
:109E28002575206E6F20666978206E6578743D25EB
:109E38007573003E206F6E2073746174653D2573E1
:109E480020736174733D2575206E6F2066697800F4
:109E580064632E72657374617274730070726F62DA
:109E6800652E696E74657276616C006361642E7329
:109E780074617473006361642E6175746F0063614B
:109E8800642E6F6666736574006361642E62757311
:109E980079636170003E203020286F666629006370
:109EA8006164003E206F6E0065787472612E73667F
:109EB8000025732575004E6F2065787472612053F4
:109EC8004620636F6E66696775726564006D6573B9
:109ED8006874696D6573796E63003F3F3A20257336
:109EE800004F4B202D2065787472612053467320F3
:109EF800736574004F4B202D206578747261205370
:109F0800467320636C6561726564006C6564732ECA
:109F1800726164696F20004572726F723A206D75C4
:109F280073742062652074782C2072782C20616C00
:109F38006C2C206F6666206F722064656661756C94
:109F480074004F4B2573006C6564732E68622000A3
:109F58004572726F723A206D75737420626520685D
:109F6800622C20756E726561642C20616C6C2C20EB
:109F78006F6666206F722064656661756C74006C2C
:109F88006564732E6272696768746E657373200006
:109F98004572726F723A206D757374206265203055
:109FA8002D313030004F4B202D206C6564732E62AC
:109FB80072696768746E6573733D256C6425250046
:109FC8006C65647320004572726F723A206D757308
:109FD80074206265206F6E2C206F6666206F722079
:109FE80064656661756C74006361642E6175746F75
:109FF80020006361642E6F66667365742000457285
:10A00800726F723A206578706563746564202564A0
:10A018002E2E2564206F722064656661756C74004D
:10A028004572726F723A206F66667365742072614A
:10A038006E67652069732025642E2E256400707272
:10A048006F62652E696E74657276616C2000457268
:10A05800726F723A20696E74657276616C206973EA
:10A068002030202870726F62696E67206F666629DB
:10A078002C2031302D323535207365636F6E647353
:10A088002C206F722064656661756C74004572726D
:10A098006F723A20696E74657276616C20697320FC
:10A0A80030202870726F62696E67206F666629209B
:10A0B8006F722031302D323535207365636F6E64D1
:10A0C80073006361642E6275737963617020004563
:10A0D80072726F723A206275737963617020697366
:10A0E800203020286F6666292C2031302D39302009
:10A0F80070657263656E742C206F7220646566618A
:10A10800756C74004572726F723A20627573796368
:10A118006170206973203020286F666629206F726D
:10A128002031302D39302070657263656E7400639C
:10A1380061642E7265736574004F4B202D20434176
:10A14800442070726F626520737461747320636C4D
:10A1580065617265642C206465745065616B206F5D
:10A16800666673657420726573657420746F202544
:10A17800640065787472612E736620004572726F90
:10A18800723A206174206D6F73742025642065789D
:10A1980074726120534673004572726F723A20756B
:10A1A8006E737570706F72746564206F7220696E5B
:10A1B80076616C6964206578747261205346206307
:10A1C8006F6E66696700666C6F6F642E6164766592
:10A1D80072742E696E74657276616C2000457272B5
:10A1E8006F723A20657870656374656420302C203E
:10A1F800332D31363820686F7572732C206F7220BA
:10A2080064656661756C74004572726F723A206994
:10A218006E74657276616C2072616E676520697311
:10A2280020332D31363820686F757273004572728D
:10A238006F723A20657870656374656420302C20ED
:10A2480025642D323430206D696E757465732C2049
:10A258006F722064656661756C74004572726F7206
:10A268003A20696E74657276616C2072616E6765FA
:10A278002069732025642D323430206D696E757421
:10A2880065730067756573742E70617373776F7289
:10A298006420007072762E6B657920004F4B2C205D
:10A2A8007265626F6F7420746F206170706C7921B1
:10A2B800204E6577207075626B65793A200045728B
:10A2C800726F722C20626164206B6579006E616D1B
:10A2D80065200072657065617420004F4B202D2049
:10A2E800726570656174206973206E6F77204F4EB8
:10A2F800004F4B202D2072657065617420697320B2
:10A308006E6F77204F4646004572726F723A206D25
:10A31800757374206265206F6E206F72206F666699
:10A32800006C617420006C6F6E2000666C6F6F6447
:10A338002E6D61782E6164766572742000457272A4
:10A348006F723A2072616E676520302D36342C208A
:10A358006F722064656661756C7400666C6F6F64FB
:10A368002E6D61782E756E73636F7065642000665C
:10A378006C6F6F642E6D617820006261636B6F662D
:10A38800662E6D756C7469706C6965722000457213
:10A39800726F722C2072616E676520302E302D32FC
:10A3A8002E302C206F722064656661756C740045D0
:10A3B80072726F722C2072616E676520302E302D9C
:10A3C800322E30006F776E65722E696E666F2000D0
:10A3D8006C6F6F702E6465746563742000457272CB
:10A3E8006F722C206D7573742062653A206F6666F3
:10A3F8002C206D696E696D616C2C206D6F646572BF
:10A408006174652C207374726963742C206F7220D8
:10A4180064656661756C74006164632E6D756C7437
:10A4280069706C6965722074617267657400457241
:10A43800726F723A206E656564206D562074617281
:10A44800676574202028652E672E20736574206147
:10A4580064632E6D756C7469706C696572207461C3
:10A4680072676574203431373329006164632E6D57
:10A47800756C7469706C6965722074617267657453
:10A4880020004572726F723A206E6F20414443205B
:10A4980072656164696E67206F6E207468697320E5
:10A4A800626F617264004572726F723A20746172F1
:10A4B800676574206F7574206F662072616E6765BA
:10A4C8002028333030302D34343030206D56290078
:10A4D8004F4B202D206D756C7469706C6965722006
:10A4E800252E3366202D3E20252E33662020282554
:10A4F80075202D3E202575206D5629006164632E38
:10A508006D756C7469706C6965722066756C6C0029
:10A518006164632E6D756C7469706C696572200076
:10A528004572726F723A20696E76616C6964206D4B
:10A53800756C7469706C69657220283020746F209E
:10A5480072657365742C203130302D3330303030E3
:10A558002C206F722064656661756C7429004F4BFE
:10A56800202D207573696E672064656661756C744B
:10A5780020626F617264206D756C7469706C6965B6
:10A5880072004F4B202D206D756C7469706C696575
:10A59800722073657420746F20252E3366007278DC
:10A5A8006475747920004F4B202D2072786475747F
:10A5B800793D256420287265626F6F7420746F205E
:10A5C8006170706C792900646973706C61792E729E
:10A5D8006F7461746520004572726F723A206E6FF5
:10A5E80020646973706C617900696E7075742E727D
:10A5F8006F7461746520004F4B202D20696E707553
:10A60800742E726F746174653D256400747A2E6FC0
:10A61800666673657420004F4B202D20747A2E6F68
:10A6280066667365743D2564004F4B202D20677066
:10A63800732064696167206F6E3B2072756E2027F6
:10A64800677073206F666627207468656E202767B9
:10A658007073206F6E272C207468656E20276765DD
:10A668007420677073206469616727004F4B202D41
:10A67800206770732064696167206F666600757370
:10A688006167653A20736574206770732064696137
:10A6980067203C307C317C6F6E7C6F66663E00754F
:10A6A800736167653A2073657420677073207374EB
:10A6B800616E646279203C7365636F6E64733E20DB
:10A6C8007C2064656661756C7420202830203D20EC
:10A6D800616C7761797320706F776572206F666639
:10A6E80029004F4B202D20677073207374616E64AE
:10A6F80062793D257520730075736167653A20732B
:10A708006574206770732064757479203C73656381
:10A718006F6E64733E207C2064656661756C74207E
:10A72800202830203D20616C77617973206F6E2975
:10A73800004F4B202D2067707320647574793D306D
:10A748002028616C77617973206F6E29004F4B2048
:10A758002D2067707320647574793D25752073000A
:10A768006D65736874696D6573796E6320004F4B0E
:10A77800202D206D65736874696D6573796E63202B
:10A78800257300756E6B6E6F776E20636F6E6669EA
:10A79800673A20252E32333073004572726F723A51
:10A7A800206E616D652063616E6E6F7420636F6EDD
:10A7B8007461696E205B205D205C203A202C203F6C
:10A7C800202A00457272202D20736176652066610B
:10A7D800696C656400726567696F6E206465660000
:10A7E800457272202D20656D70747920646566004D
:10A7F800457272202D20656D707479206E616D65CB
:10A8080000457272202D20656D707479206A756D0F
:10A818007000457272202D20707574206661696C15
:10A8280065643A20257300457272202D20756E6B81
:10A838006E6F776E206A756D703A202573006C6FA5
:10A848006164007361766500616C6C6F77660045C2
:10A858007272202D20756E6B6E6F776E2072656731
:10A86800696F6E0064656E7966002025732028255F
:10A8780073292025730020257320257300686F6DC8
:10A88800650020686F6D65206973206E6F772025DD
:10A89800730020686F6D652069732025730020643C
:10A8A800656661756C742073636F706520697320C9
:10A8B8006E6F77203C6E756C6C3E00206465666137
:10A8C800756C742073636F7065206973206E6F7781
:10A8D80020257300457272202D20726567696F6E9E
:10A8E800207461626C652066756C6C002064656616
:10A8F80061756C742073636F7065206973202573AC
:10A9080000457272202D20756E6B6E6F776E207009
:10A918006172656E7400457272202D20756E6162D9
:10A928006C6520746F20707574004F4B202D2028A3
:10A93800666C6F6F6420616C6C6F77656429007258
:10A94800656D6F766500457272202D206E6F7420DC
:10A95800656D70747900457272202D206E6F7420B9
:10A96800666F756E6400616C6C6F77656400646512
:10A978006E69656400457272202D20757365202705
:10A98800616C6C6F77656427206F72202764656E31
:10A998006965642700457272202D203F3F006E6F65
:10A9A80000796573006E756C6C0061637469766517
:10A9B80000737461727420646675004572723A207F
:10A9C8006E6F2044465520626F6F746C6F616465CA
:10A9D80072206F6E20746869732063686970202D17
:10A9E80020666C617368206F766572205357440047
:10A9F8007374617274206F7461004F4B202D207244
:10AA080065626F6F74696E6720746F20424C4520D1
:10AA18004F5441204446550073746F70206F746121
:10AA2800004E6F7420737570706F72746564007077
:10AA38006F7765726F66660073687574646F776E9A
:10AA4800004F4B202D20706F776572696E67206FFD
:10AA5800666600636C6B7265626F6F74004F4B20A3
:10AA68002D20636C6F636B2072657365742C207284
:10AA780065626F6F74696E67006164766572742EC3
:10AA88007A65726F686F70004F4B202D207A65725F
:10AA98006F686F70206164766572742073656E7478
:10AAA800004F4B202D204164766572742073656ECB
:10AAB8007400636C6F636B2073796E63004F4B2077
:10AAC8002D20636C6F636B207365743A20253032D8
:10AAD800643A25303264202D2025642F25642F25E3
:10AAE8006420555443004552523A20636C6F636B9F
:10AAF8002063616E6E6F7420676F206261636B778D
:10AB08006172647300636C6F636B0074696D6520B8
:10AB180000284552523A20636C6F636B2063616E64
:10AB28006E6F7420676F206261636B776172647304
:10AB380029006E65696768626F722E72656D6F763F
:10AB48006520004552523A20626164207075626B3C
:10AB580065790074656D70726164696F20004F4B90
:10AB6800202D2074656D7020706172616D73206690
:10AB78006F72202564206D696E7300372D35303073
:10AB8800004572726F723A206672657120313530F5
:10AB98002D323530302C2062772025732C207366B7
:10ABA80020352D31322C20637220352D382C20741D
:10ABB800696D656F75743E300070617373776F727D
:10ABC80064206E6F773A20257300636C656172208C
:10ABD800737461747300284F4B202D207374617453
:10ABE80073207265736574290046696C65207379F2
:10ABF8007374656D2065726173653A204F4B202D23
:10AC0800207265626F6F74696E670046696C6520B3
:10AC180073797374656D2065726173653A20457246
:10AC28007200257320284275696C643A20257329BF
:10AC380000626174743A2575206D56207573623A06
:10AC4800257320736F6C61725F6368673A257320A0
:10AC58006578743A257320636861726765723A256E
:10AC6800730073656E736F72206765742000736577
:10AC78006E736F7220736574200063616E27742091
:10AC880066696E6420637573746F6D2076617200F7
:10AC980073656E736F72206C697374006E6F2063D6
:10ACA8007573746F6D207661720025642076617209
:10ACB800730A0025733D25730A002E2E2E206E651B
:10ACC80078743A256400677073206F6E006770733C
:10ACD80020746F67676C65206E6F7420666F756E81
:10ACE8006400677073206F666600677073207379FD
:10ACF8006E63006770732070726F76696465722086
:10AD08006E6F7420666F756E640067707320697368
:10AD1800206F6666007265713A257520006770734A
:10AD2800207365746C6F6300677073206164766567
:10AD38007274003E206E6F6E65003E20707265660C
:10AD480073003E2073686172650043616E2774204A
:10AD580066696E6420475053006F6E2C2025732C53
:10AD68002025732C202564207361747300706F771D
:10AD78006572736176696E67206F6E00426F6172EB
:10AD880064206E6F7420737570706F7274656400E0
:10AD9800706F776572736176696E67206F6666009B
:10ADA800706F776572736176696E67006C6F672084
:10ADB8007374617274002020206C6F6767696E6716
:10ADC800206F6E006C6F672073746F7000202020F6
:10ADD8006C6F6767696E67206F6666006C6F6720C7
:10ADE8006572617365002020206C6F672065726151
:10ADF800736564006C6F6700202020454F46007320
:10AE0800746174732D7061636B657473007374611E
:10AE180074732D726164696F0073746174732D6348
:10AE28006F726500556E6B6E6F776E20636F6D6D18
:10AE3800616E6400616371756972696E6700616C47
:10AE48006C00756E72656164007278002A2A2A2087
:10AE5800426F6F74696E67205A6570687972204F07
:10AE680053206275696C6420313138303865396532
:10AE780061386162202A2A2A0A004661696C656481
:10AE880020746F207265626F6F743A207370696EF8
:10AE98006E696E6720656E646C6573736C792E2EAF
:10AEA8002E0A006770696F403438303031633030B3
:10AEB800006770696F4034383030303830300067A0
:10AEC80070696F4034383030303430300067706922
:10AED8006F4034383030303030300072302F6131CC
:10AEE8003A2020307825303878202072312F61328E
:10AEF8003A2020307825303878202072322F61337C
:10AF08003A20203078253038780A0072332F61349F
:10AF18003A2020307825303878207231322F697005
:10AF28003A2020307825303878207231342F6C72EE
:10AF38003A20203078253038780A002078707372EB
:10AF48003A20203078253038780A004661756C74CC
:10AF5800696E6720696E737472756374696F6E20A9
:10AF68006164647265737320287231352F706329A8
:10AF78003A203078253038780A00556E68616E645A
:10AF88006C6564204952516E3A2025640A002A2AC9
:10AF98002A2A2A204D5055204641554C54202A2A09
:10AFA8002A2A2A0A002020537461636B696E67207D
:10AFB8006572726F722028636F6E74657874206191
:10AFC800726561206D69676874206265206E6F74B0
:10AFD8002076616C6964290A002020556E737461BB
:10AFE800636B696E67206572726F720A0020204475
:10AFF800617461204163636573732056696F6C6186
:10B0080074696F6E0A0020204D4D464152204164FC
:10B0180064726573733A20307825780A00202049D5
:10B028006E737472756374696F6E204163636573C0
:10B03800732056696F6C6174696F6E0A002A2A2A38
:10B048002A2A205553414745204641554C54202A29
:10B058002A2A2A2A0A0020204469766973696F6EB1
:10B06800206279207A65726F0A002020556E616C23
:10B0780069676E6564206D656D6F727920616363C1
:10B088006573730A0020204E6F20636F70726F63C0
:10B098006573736F7220696E737472756374696F08
:10B0A8006E730A002020496C6C6567616C206C6FB8
:10B0B8006164206F66204558435F52455455524E8F
:10B0C80020696E746F2050430A002020496C6C651B
:10B0D80067616C20757365206F662074686520450C
:10B0E8005053520A002020417474656D70742074A6
:10B0F8006F206578656375746520756E646566692B
:10B108006E656420696E737472756374696F6E0A14
:10B11800002A2A2A2A2A20425553204641554C54AF
:10B12800202A2A2A2A2A0A002020537461636B697C
:10B138006E67206572726F720A0020205072656314
:10B148006973652064617461206275732065727229
:10B158006F720A00202042464152204164647265A1
:10B1680073733A20307825780A002020496D707270
:10B178006563697365206461746120627573206515
:10B1880072726F720A002020496E7374727563744C
:10B19800696F6E20627573206572726F720A005251
:10B1A8006573657276656420457863657074696F48
:10B1B8006E20280053707572696F757320696E74FC
:10B1C800657272757074202849525120005350538B
:10B1D800454C20696E20746872656164206D6F64E7
:10B1E8006520646F6573206E6F7420696E6469638F
:10B1F800617465205053500A0045534620636F75AB
:10B208006C64206E6F742062652072657472696563
:10B21800766564207375636365737366756C6C79A2
:10B228002E205368616C6C206E65766572206F63A2
:10B238006375722E0A002A2A2A2A2A204841524473
:10B24800204641554C54202A2A2A2A2A0A0020201E
:10B25800427573206661756C74206F6E2076656325
:10B26800746F72207461626C6520726561640A0093
:10B2780020204465627567206576656E740A002033
:10B28800204661756C7420657363616C6174696FC5
:10B298006E20287365652062656C6F77290A004106
:10B2A8005243485F45584345505420776974682095
:10B2B800726561736F6E2025780A0A002A2A2A2A85
:10B2C8002A204465627567206D6F6E69746F7220FD
:10B2D800657863657074696F6E202A2A2A2A2A0A9B
:10B2E800002A2A2A2A2A20257320256429202A2A86
:10B2F8002A2A2A0A00464C4153485F3000535241DB
:10B308004D5F3000696E746572727570742D636F6D
:10B318006E74726F6C6C657240353830303038300E
:10B32800300072636340353830303030303000726E
:10B338006E6740353830303130303000666C6173BC
:10B34800682D636F6E74726F6C6C6572403538303F
:10B358003034303030006932634034303030353882
:10B368003030006770696F5F6B65797300616E7468
:10B37800656E6E6120656E61626C6500545820656B
:10B388006E61626C6500525820656E61626C650082
:10B3980046454D204C4E41206279706173730073AD
:10B3A80078313236785F64696F3100726164696F31
:10B3B80040300072657365742D636F6E74726F6CC4
:10B3C8006C65720073657269616C4034303031337A
:10B3D80038303000737069403538303130303030B3
:10B3E800002E2E006C6974746C65667300556E6B64
:10B3F8006E6F776E206572726F72003E3E3E205A05
:10B40800455048595220464154414C204552524FCC
:10B41800522025643A202573206F6E204350552012
:10B4280025640A004661756C7420647572696E67DC
:10B4380020696E746572727570742068616E646CD0
:10B44800696E670A0043757272656E74207468725B
:10B458006561643A20257020282573290A00435025
:10B468005520657863657074696F6E00556E686104
:10B478006E646C656420696E7465727275707400B0
:10B48800537461636B206F766572666C6F77004BDF
:10B4980065726E656C206F6F7073004B65726E65B8
:10B4A8006C2070616E6963006D61696E00737973F9
:10B4B800776F726B71004145532D3235362D4543F8
:10B4C80042004145532D3139322D45434200414513
:10B4D800532D3132382D45434200696E6600286E7F
:10B4E800756C6C2900303132333435363738394190
:10B4F800424344454600D9FBFBFBFBFBFBFBFBFB44
:10B50800FBFBFBFBFBFBFBFBFBFBFBFBFBFBFBFB83
:10B51800FBFBFBFBFBFBFBFBFBFBFBFBFBFBFBFB73
:10B52800FBFBFBFBFBFBFBFBFBFBFBFBFBFBFBFB63
:10B53800FBFBFBFBE4E5FBFBFBFBEAEBECFBFBEFBC
:10B54800FBFBACFBF4FBFBF7FBFBFBFBFBFBFEF2A3
:10B55800FBFBFBFBFBFBFBFBFBFBFBFBFBFBFBFB33
:10B56800FBFBFBFBFBFBFBFBFBFBFBFBFBFBFBFB23
:10B57800FBFBFBFBFBFBFBFBFBFBFBFBA6FBFBFB68
:10B58800FBFBFBFBFBFBFBE4E5FBFBFBFBEAEBEC60
:10B59800FBFBEFFBFBFBFBF4FBFBF7FBFBFBFBFB0A
:10B5A800FBFE0A0605050401030102010101000171
:10B5B8001415161818191B1B1617191A1E1F2123E4
:10B5C80001270422DEE2324433340401530A250001
:10B5D8000000000000008E4ACC46BA18766BB8E727
:10B5E800BE39FAAD7763FFFFFFFFFFFFFFFFFFFFE5
:10B5F800FFFFFFFFFF07F7E97A2E8D31092C6BCE8D
:10B608007B51EF7C6F0A0000000000000000000082
:10B618000000000000080100000000000000000019
:10B628000000000000000000000000000000000012
:10B6380000000000000010141400001C2030401C02
:10B648002000001C20304010141400001C20304042
:10B658001C2000001C20304040404000004040803A
:10B6680080808000009088684810141400001C2016
:10B6780030401C2000001C20304052096AD530366A
:10B68800A538BF40A39E81F3D7FB7CE339829B2F6B
:10B69800FF87348E4344C4DEE9CB547B9432A6C280
:10B6A800233DEE4C950B42FAC34E082EA16628D9CD
:10B6B80024B2765BA2496D8BD12572F8F664866850
:10B6C8009816D4A45CCC5D65B6926C704850FDEDBC
:10B6D800B9DA5E154657A78D9D8490D8AB008CBC0F
:10B6E800D30AF7E45805B8B34506D02C1E8FCA3FD5
:10B6F8000F02C1AFBD0301138A6B3A9111414F6725
:10B70800DCEA97F2CFCEF0B4E67396AC7422E7ADDC
:10B718003585E2F937E81C75DF6E47F11A711D2986
:10B72800C5896FB7620EAA18BE1BFC563E4BC6D21F
:10B7380079209ADBC0FE78CD5AF41FDDA83388073C
:10B74800C731B11210592780EC5F60517FA919B534
:10B758004A0D2DE57A9F93C99CEFA0E03B4DAE2A98
:10B76800F5B0C8EBBB3C83539961172B047EBA77BD
:10B77800D626E169146355210C7D637C777BF26BD7
:10B788006FC53001672BFED7AB76CA82C97DFA59DF
:10B7980047F0ADD4A2AF9CA472C0B7FD9326363F44
:10B7A800F7CC34A5E5F171D8311504C723C3189631
:10B7B800059A071280E2EB27B27509832C1A1B6ED3
:10B7C8005AA0523BD6B329E32F8453D100ED20FC75
:10B7D800B15B6ACBBE394A4C58CFD0EFAAFB434D78
:10B7E800338545F9027F503C9FA851A3408F929D15
:10B7F80038F5BCB6DA2110FFF3D2CD0C13EC5F9705
:10B808004417C4A77E3D645D197360814FDC222A0A
:10B81800908846EEB814DE5E0BDBE0323A0A490641
:10B82800245CC2D3AC629195E479E7C8376D8DD5B5
:10B838004EA96C56F4EA657AAE08BA78252E1CA68D
:10B84800B4C6E8DD741F4BBD8B8A703EB5664803ED
:10B85800F60E613557B986C11D9EE1F8981169D970
:10B868008E949B1E87E9CE5528DF8CA1890DBFE6F3
:10B87800426841992D0FB054BB16616E006E66691F
:10B888006E69747900616E006E66696E697479001C
:10B89800486A020800000000FFFFFFFFFFFFFFFFEC
:10B8A800000000000000000000000000C7CE0108F2
:10B8B800000000000001000000000000000000007F
:10B8C8000000000000000000000000000000000070
:10B8D800000000000000000000000000C1CE0108C8
:10B8E800000000000001000000000000000000004F
:10B8F8000000000000000000000000000000000040
:10B908000000000000000000FFFFFFFFFFFFFFFF37
:10B9180064000000F0930208F0930208100600206B
:10B928008808002000000000BD6E0008B16E000805
:10B93800C96E0008896E00089C6B02087C6B0208BF
:10B948000C700208DDDD01080000000000000000A6
:10B9580099BC000800000000000000000000000082
:10B9680099BC000800000000000000000000000072
:10B9780099BC000800000000000000000000000062
:10B9880099BC00080000000048710208000000008F
:10B99800DFE0010800000000000000000C010020AA
:10B9A8000C01002000000000000000000000000062
:10B9B80020010020200100200000000000000000FD
:10B9C80001000000D59102084C0100200000000091
:10B9D800000000000000000004000000000000005B
:10B9E800000000000000000000000000000000004F
:10B9F800100000001000000000000000000000001F
:10BA080000020000400000002000000000000000CC
:10BA18006057002020570020005700200000000039
:10BA2800000000000000000000000000000000000E
:10BA380000000000000000000000000000000000FE
:10BA480000000000000000000000000000000000EE
:10BA580000000000000000000000000000000000DE
:10BA680000000000000000000000000000000000CE
:10BA780000000000000000000000000000000000BE
:10BA880000000000000000000000000000000000AE
:10BA9800000000000000000000000000000000009E
:10BAA800000000000000000000000000000000008E
:10BAB800000000000000000000000000000000007E
:10BAC800000000000000000000000000000000006E
:10BAD800000000000000000000000000000000005E
:10BAE800000000000000000000000000000000004E
:10BAF800000000000000000000000000000000003E
:10BB0800000000001000000010000000000000000D
:10BB180000000000000000000001000020000000FC
:10BB280000000000C0580020C0570020A057002087
:10BB380000000000000000000000000000000000FD
:10BB480000000000000000000000000000000000ED
:10BB580000000000000000000000000000000000DD
:10BB680000000000000000000000000000000000CD
:10BB780000000000000000000000000000000000BD
:10BB880000000000000000000000000000000000AD
:10BB9800000000000000000000000000000000009D
:10BBA800000000000000000000000000000000008D
:10BBB800000000000000000000000000000000007D
:10BBC800000000000000000000000000000000006D
:10BBD800000000000000000000000000000000005D
:10BBE800000000000000000000000000000000004D
:10BBF800000000000000000000000000000000003D
:10BC080000000000000000000000000065EA0108D4
:10BC18000000000000100058285F02089003002070
:10BC280050000000000004000500000088003E03EA
:10BC38000040005800000000000000000000000064
:10BC480000000000000000000000000000000000EC
:10BC580000000000A7F0010800000000000000003C
:10BC68000000000095F3010800000000000000003B
:10BC78000000000079E20008000000000000000059
:10BC8800000000005912020800000000080400200B
:10BC9800000000000000000000C2010000010300D5
:10BCA800000000000000000001F100080000000092
:10BCB80000000000000000002804002028040020E4
:10BCC80000000000010000003804002038040020B3
:10BCD8004004002040040020000000000100000093
:10BCE8005004002050040020000000000000000064
:10BCF800000000000000000000000000000000003C
:10BD0800000000000000000000000000000000002B
:10BD180000000000000000000000000000093D00D5
:10BD2800C80000009404002094040020FFFFFFFFD7
:10BD3800A0040020A0040020B1C90008CDC9000853
:10BD4800000101010002010100040201FFFFFFFFE1
:0CBD5800FFFFFFFFFFFFFFFFFFFFFFFFEB
:10BD640000000000000000000000000000000000CF
:0CBD7400000000000000000000000000C3
:10BD800000000000000000000000000000000000B3
:10BD90009539010800000000000500200005002082
:10BDA000CDCE0108000000000000000000000000EF
:08BDB00000000000000000008B
:10BDB800200500202005002000000000C4DD002030
:10BDC80000000000080000006400000000000000FF
:10BDD800400500204005002000000000F4DC0020A1
:10BDE8000000000004000000340000000000000013
:10BDF8000000000080D0002044080000000000007F
:10BE080000000000000000000000000080C70020C3
:10BE18000009000000000000000000000000000011
:10BE280090050020900500200000000000000000A0
:10BE380000000000A4050020A40500200000000068
:08BE48000000000000000000F2
:10BE5000B8050020B8050020000000000001000027
:10BE600004000000F4D80020F4DC0020F4D8002006
:10BE7000F4D8002000000000E0050020E0050020CC
:04BE800000000000BE
:04BE840015E015E0D0
:040000050800C33DEF
:00000001FF
