:020000040800F2
:10000000C0B4002095D60008D325020881D6000888
:1000100081D6000881D6000881D6000800000000C3
:10002000000000000000000000000000EDD6000805
:1000300081D6000800000000D1D800085D0C01083E
:1000400049D9000849D9000849D9000849D9000808
:1000500049D9000849D9000849D9000849D90008F8
:1000600049D9000849D9000849D9000849D90008E8
:1000700049D9000849D9000849D9000849D90008D8
:1000800049D9000849D9000849D9000849D90008C8
:1000900049D9000849D9000849D9000849D90008B8
:1000A00049D9000849D9000849D9000849D90008A8
:1000B00049D9000849D9000849D9000849D9000898
:1000C00049D9000849D9000849D9000849D9000888
:1000D00049D9000849D9000849D9000849D9000878
:1000E00049D9000849D9000849D9000849D9000868
:1000F00049D9000849D9000849D9000849D9000858
:1001000049D9000849D9000849D9000849D9000847
:0401100049D90008C1
:1001180081F0004102E000BF83F0004330B54FEAB0
:1001280041044FEA430594EA050F08BF90EA020F1D
:100138001FBF54EA000C55EA020C7FEA645C7FEAB0
:10014800655C00F0E2804FEA5454D4EB5555B8BFD3
:100158006D420CDD2C4480EA020281EA030382EA44
:10016800000083EA010180EA020281EA0303362DD6
:1001780088BF30BD11F0004F4FEA01314FF4801CA9
:100188004CEA113102D0404261EB410113F0004FBB
:100198004FEA03334CEA133302D0524263EB430372
:1001A80094EA050F00F0A780A4F10104D5F1200E10
:1001B8000DDB02FA0EFC22FA05F2801841F100016B
:1001C80003FA0EF2801843FA05F359410EE0A5F13F
:1001D80020050EF1200E012A03FA0EFC28BF4CF070
:1001E800020C43FA05F3C01851EBE37101F0004526
:1001F80007D54FF0000EDCF1000C7EEB00006EEB33
:100208000101B1F5801F1BD3B1F5001F0CD34908BC
:100218005FEA30004FEA3C0C04F101044FEA445213
:1002280012F5800F80F09A80BCF1004F08BF5FEA9A
:10023800500C50F1000041EB045141EA050130BD7A
:100248005FEA4C0C404141EB0101013C28BFB1F58C
:10025800801FE9D291F0000F04BF01460020B1FAD7
:1002680081F308BF2033A3F10B03B3F120020CDAAA
:100278000C3208DD02F1140CC2F10C0201FA0CF088
:1002880021FA02F10CE002F11402D8BFC2F1200CED
:1002980001FA02F120FA0CFCDCBF41EA0C019040A3
:1002A800E41AA2BF01EB0451294330BD6FEA0404EC
:1002B8001F3C1CDA0C340EDC04F11404C4F12002D7
:1002C80020FA04F001FA02F340EA030021FA04F3E9
:1002D80045EA030130BDC4F10C04C4F1200220FA40
:1002E80002F001FA04F340EA0300294630BD21FA7E
:1002F80004F0294630BD94F0000F83F4801306BF44
:1003080081F480110134013D4EE77FEA645C18BF37
:100318007FEA655C29D094EA050F08BF90EA020FCE
:1003280005D054EA000C04BF1946104630BD91EAC6
:10033800030F1EBF0021002030BD5FEA545C05D1C9
:100348004000494128BF41F0004130BD14F5800408
:100358003CBF01F5801130BD01F0004545F0FE417C
:1003680041F470014FF0000030BD7FEA645C1ABFB1
:10037800194610467FEA655C1CBF0B46024650EAE8
:10038800013406BF52EA033591EA030F41F4002114
:1003980030BD00BF90F0000F04BF0021704730B59A
:1003A8004FF4806404F132044FF000054FF000016F
:1003B80050E700BF90F0000F04BF0021704730B530
:1003C8004FF4806404F1320410F0004548BF404205
:1003D8004FF000013EE700BF42004FEAE2014FEA5A
:1003E80031014FEA02701FBF12F07F4393F07F4F35
:1003F80081F06051704732F07F4208BF704793F038
:100408007F4F04BF41F40021704730B54FF460744A
:1004180001F0004521F000411CE700BF50EA01024D
:1004280008BF704730B54FF000050AE050EA0102F6
:1004380008BF704730B511F0004502D5404261EB66
:1004480041014FF4806404F132045FEA915C3FF4A7
:10045800D8AE4FF003025FEADC0C18BF03325FEA44
:10046800DC0C18BF033202EBDC02C2F1200300FAF5
:1004780003FC20FA02F001FA03FE40EA0E0021FA1A
:1004880002F11444BDE600BF70B54FF0FF0C4CF408
:10049800E06C1CEA11541DBF1CEA135594EA0C0FBA
:1004A80095EA0C0F00F0DEF82C4481EA030621EAF5
:1004B8004C5123EA4C5350EA013518BF52EA033530
:1004C80041F4801143F4801338D0A0FB02CE4FF0E2
:1004D8000005E1FB02E506F00042E0FB03E54FF012
:1004E8000006E1FB03569CF0000F18BF4EF0010E0A
:1004F800A4F1FF04B6F5007F64F5407404D25FEA06
:100508004E0E6D4146EB060642EAC62141EA5551B8
:100518004FEAC52040EA5E504FEACE2EB4F1FD0CFA
:1005280088BFBCF5E06F1ED8BEF1004F08BF5FEA78
:10053800500E50F1000041EB045170BD06F000462A
:1005480046EA010140EA020081EA0301B4EB5C04D7
:10055800C2BFD4EB0C0541EA045170BD41F48011CF
:100568004FF0000E013C00F3AB8014F1360FDEBFF4
:10057800002001F0004170BDC4F10004203C35DAD0
:100588000C341BDC04F11404C4F1200500FA05F353
:1005980020FA04F001FA05F240EA020001F00042F4
:1005A80021F0004110EBD37021FA04F642EB06016A
:1005B8005EEA430E08BF20EAD37070BDC4F10C0494
:1005C800C4F1200500FA04F320FA05F001FA04F258
:1005D80040EA020001F0004110EBD37041F1000144
:1005E8005EEA430E08BF20EAD37070BDC4F120054F
:1005F80000FA05F24EEA020E20FA04F301FA05F2B7
:1006080043EA020321FA04F001F0004121FA04F25E
:1006180020EA020000EBD3705EEA430E08BF20EA2E
:10062800D37070BD94F0000F0FD101F00046400068
:1006380041EB010111F4801F08BF013CF7D041EAEA
:10064800060195F0000F18BF704703F000465200EE
:1006580043EB030313F4801F08BF013DF7D043EABF
:100668000603704794EA0C0F0CEA135518BF95EA75
:100678000C0F0CD050EA410618BF52EA4306D1D1FC
:1006880081EA030101F000414FF0000070BD50EA1B
:10069800410606BF1046194652EA430619D094EAA5
:1006A8000C0F02D150EA013613D195EA0C0F05D18F
:1006B80052EA03361CBF104619460AD181EA0301E3
:1006C80001F0004141F0FE4141F470014FF000009B
:1006D80070BD41F0FE4141F4780170BD70B54FF036
:1006E800FF0C4CF4E06C1CEA11541DBF1CEA1355B6
:1006F80094EA0C0F95EA0C0F00F0A7F8A4EB050498
:1007080081EA030E52EA03354FEA013100F088808E
:100718004FEA03334FF0805545EA131343EA126357
:100728004FEA022245EA111545EA10654FEA00260C
:100738000EF000419D4208BF964244F1FD0404F5C5
:10074800407402D25B084FEA3202B61A65EB030521
:100758005B084FEA32024FF480104FF4002CB6EBDE
:10076800020E75EB030E22BFB61A754640EA0C005E
:100778005B084FEA3202B6EB020E75EB030E22BF9E
:10078800B61A754640EA5C005B084FEA3202B6EBDF
:10079800020E75EB030E22BFB61A754640EA9C009E
:1007A8005B084FEA3202B6EB020E75EB030E22BF6E
:1007B800B61A754640EADC0055EA060E18D04FEA2C
:1007C800051545EA16754FEA06164FEAC30343EACC
:1007D80052734FEAC2025FEA1C1CC0D111F4801F99
:1007E8000BD141EA00014FF000004FF0004CB6E792
:1007F80011F4801F04BF01430020B4F1FD0C88BF31
:10080800BCF5E06F3FF6AFAEB5EB030C04BFB6EB3B
:10081800020C5FEA500C50F1000041EB045170BD2E
:100828000EF0004E4EEA113114EB5C04C2BFD4EB5B
:100838000C0541EA045170BD41F480114FF0000EDF
:10084800013C90E645EA060E8DE60CEA135594EA5B
:100858000C0F08BF95EA0C0F3FF43BAF94EA0C0F5E
:100868000AD150EA01347FF434AF95EA0C0F7FF4D3
:1008780025AF104619462CE795EA0C0F06D152EA27
:1008880003353FF4FDAE1046194622E750EA41060B
:1008980018BF52EA43067FF4C5AE50EA41047FF41C
:1008A8000DAF52EA43057FF4EBAE12E74FF0FF3C81
:1008B80006E000BF4FF0010C02E000BF4FF0010C52
:1008C8004DF804CD4FEA410C7FEA6C5C4FEA430CCB
:1008D80018BF7FEA6C5C1BD001B050EA410C0CBF1A
:1008E80052EA430C91EA030F02BF90EA020F00207C
:1008F800704710F1000F91EA030F58BF994208BFE3
:1009080090422CBFD8176FEAE37040F0010070479F
:100918004FEA410C7FEA6C5C02D150EA013C07D1F6
:100928004FEA430C7FEA6C5CD6D152EA033CD3D041
:100938005DF8040B704700BF8446104662468C463B
:100948001946634600E000BF01B5FFF7B7FF00286E
:1009580048BF10F1000F01BD4DF808EDFFF7F4FF97
:100968000CBF012000205DF808FB00BF4DF808ED22
:10097800FFF7EAFF34BF012000205DF808FB00BF45
:100988004DF808EDFFF7E0FF94BF012000205DF867
:1009980008FB00BF4DF808EDFFF7CEFF94BF01201C
:1009A80000205DF808FB00BF4DF808EDFFF7C4FF15
:1009B80034BF012000205DF808FB00BF4FEA410268
:1009C80012F5001215D211D56FF47873B3EB625299
:1009D80012D94FEAC12343F0004343EA505311F0C0
:1009E800004F23FA02F018BF404270474FF0000052
:1009F800704750EA013005D111F0004008BF6FF090
:100A0800004070474FF00000704700BF4A0011D205
:100A180012F5001211D20DD56FF47873B3EB625250
:100A28000ED44FEAC12343F0004343EA505323FA5C
:100A380002F070474FF00000704750EA013002D1D1
:100A48004FF0FF3070474FF0000070474FEA410207
:100A5800B2F1E04324BFB3F5001CDCF1FE5C0DD914
:100A680001F0004C4FEAC0024CEA5070B2F1004F5E
:100A780040EB830008BF20F00100704711F0804F61
:100A880021D113F13872BCBF01F00040704741F426
:100A980080114FEA5252C2F11802C2F1200C10FA2A
:100AA8000CF320FA02F018BF40F001004FEAC1230E
:100AB8004FEAD32303FA0CFC40EA0C0023FA02F3B2
:100AC8004FEA4303CCE77FEA625307D150EA013388
:100AD8001EBF4FF0FE4040F44000704701F0004058
:100AE80040F0FE4040F40000704700BF80F0004036
:100AF80002E000BF81F0004142001FBF5FEA4103EE
:100B080092EA030F7FEA226C7FEA236C6AD04FEAED
:100B18001262D2EB1363C1BFD21841404840414032
:100B2800B8BF5B42192B88BF704710F0004F40F4E4
:100B3800000020F07F4018BF404211F0004F41F400
:100B4800000121F07F4118BF494292EA030F3FD0CC
:100B5800A2F1010241FA03FC10EB0C00C3F12003DF
:100B680001FA03F100F0004302D5494260EB40006E
:100B7800B0F5000F13D3B0F1807F06D340084FEAD9
:100B8800310102F10102FE2A51D2B1F1004F40EBCE
:100B9800C25008BF20F0010040EA03007047490036
:100BA80040EB0000013A28BFB0F5000FEDD2B0FAD3
:100BB80080FCACF1080CB2EB0C0200FA0CF0AABFF6
:100BC80000EBC25052421843BCBFD0401843704794
:100BD80092F0000F81F4000106BF80F4000001329A
:100BE800013BB5E74FEA41037FEA226C18BF7FEA71
:100BF800236C21D092EA030F04D092F0000F08BFB3
:100C08000846704790EA010F1CBF0020704712F099
:100C18007F4F04D1400028BF40F00040704712F1D8
:100C280000723CBF00F50000704700F0004343F03D
:100C3800FE4040F4000070477FEA226216BF084673
:100C48007FEA23630146420206BF5FEA412390EA36
:100C5800010F40F4800070474FF0000304E000BF2C
:100C680010F0004348BF40425FEA000C08BF7047DD
:100C780043F0964301464FF000001CE050EA0102A1
:100C880008BF70474FF000030AE000BF50EA0102B6
:100C980008BF704711F0004302D5404261EB4101A3
:100CA8005FEA010C02BF84460146002043F0B643C8
:100CB80008BFA3F18053A3F50003BCFA8CF2083AED
:100CC800A3EBC25310DB01FA02FC634400FA02FCF6
:100CD800C2F12002BCF1004F20FA02F243EB0200FD
:100CE80008BF20F00100704702F1200201FA02FC5F
:100CF800C2F1200250EA4C0021FA02F243EB020052
:100D080008BF20EADC7070474FF0FF0C1CEAD05295
:100D18001EBF1CEAD15392EA0C0F93EA0C0F6FD056
:100D28001A4480EA010C400218BF5FEA41211ED034
:100D38004FF0006343EA501043EA5111A0FB013120
:100D48000CF00040B1F5000F3EBF490041EAD371F5
:100D58005B0040EA010062F17F02FD2A1DD8B3F171
:100D6800004F40EBC25008BF20F00100704790F0E0
:100D7800000F0CF0004C08BF49024CEA502040EA32
:100D880051207F3AC2BFD2F1FF0340EAC2507047F8
:100D980040F400004FF00003013A5DDC12F1190F36
:100DA800DCBF00F000407047C2F10002410021FAA8
:100DB80002F1C2F1200200FA02FC5FEA310040F1C0
:100DC800000053EA4C0308BF20EADC70704792F039
:100DD800000F00F0004C02BF400010F4000F013A71
:100DE800F9D040EA0C0093F0000F01F0004C02BF6C
:100DF800490011F4000F013BF9D041EA0C018FE7DB
:100E08000CEAD15392EA0C0F18BF93EA0C0F0AD0E0
:100E180030F0004C18BF31F0004CD8D180EA010006
:100E280000F00040704790F0000F17BF90F0004F9F
:100E3800084691F0000F91F0004F14D092EA0C0F81
:100E480001D142020FD193EA0C0F03D14B0218BF14
:100E5800084608D180EA010000F0004040F0FE405A
:100E680040F40000704740F0FE4040F440007047F6
:100E78004FF0FF0C1CEAD0521EBF1CEAD15392EA75
:100E88000C0F93EA0C0F69D0A2EB030280EA010C65
:100E980049024FEA402037D04FF0805343EA1111FE
:100EA80043EA10130CF000408B4238BF5B0042F15C
:100EB8007D024FF4000C8B4224BF5B1A40EA0C0001
:100EC800B3EB510F24BFA3EB510340EA5C00B3EB33
:100ED800910F24BFA3EB910340EA9C00B3EBD10F21
:100EE80024BFA3EBD10340EADC001B0118BF5FEA73
:100EF8001C1CE0D1FD2A3FF650AF8B4240EBC2509C
:100F080008BF20F0010070470CF0004C4CEA50205C
:100F18007F32C2BFD2F1FF0340EAC250704740F4AB
:100F280000004FF00003013A37E792F0000F00F09D
:100F3800004C02BF400010F4000F013AF9D040EA1B
:100F48000C0093F0000F01F0004C02BF490011F4AF
:100F5800000F013BF9D041EA0C0195E70CEAD153A7
:100F680092EA0C0F08D142027FF47DAF93EA0C0F8E
:100F78007FF470AF084676E793EA0C0F04D14B0272
:100F88003FF44CAF08466EE730F0004C18BF31F024
:100F9800004CCAD130F000427FF45CAF31F000431E
:100FA8007FF43CAF5FE700BF4FF0FF3C06E000BFB7
:100FB8004FF0010C02E000BF4FF0010C4DF804CDDA
:100FC8004FEA40024FEA41037FEA226C18BF7FEAEA
:100FD800236C11D001B052EA530C18BF90EA010FEC
:100FE80058BFB2EB030088BFC81738BF6FEAE1707B
:100FF80018BF40F0010070477FEA226C02D15FEA17
:10100800402C05D17FEA236CE4D15FEA412CE1D082
:101018005DF8040B704700BF844608466146FFE749
:101028000FB5FFF7C9FF002848BF10F1000F0FBD2B
:101038004DF808EDFFF7F4FF0CBF012000205DF824
:1010480008FB00BF4DF808EDFFF7EAFF34BF0120A9
:1010580000205DF808FB00BF4DF808EDFFF7E0FF42
:1010680094BF012000205DF808FB00BF4DF808ED93
:10107800FFF7D2FF94BF012000205DF808FB00BFF6
:101088004DF808EDFFF7C8FF34BF012000205DF8D8
:1010980008FB00BF4FEA40024FEA41037FEA226C97
:1010A80002D15FEA402C08D17FEA236C02D15FEAC3
:1010B800412C02D14FF0000070474FF001007047FB
:1010C8004FEA4002B2F1FE4F0FD34FF09E03B3EB4D
:1010D80012620DD94FEA002343F0004310F0004F8D
:1010E80023FA02F018BF404270474FF000007047E3
:1010F80012F1610F01D1420205D110F0004008BF82
:101108006FF0004070474FF00000704742000ED269
:10111800B2F1FE4F0BD34FF09E03B3EB126209D42A
:101128004FEA002343F0004323FA02F070474FF0E0
:101138000000704712F1610F01D1420202D14FF055
:10114800FF3070474FF00000704700BF7BB972B99D
:101158000029BEBF00204FF0004106E008BF00286C
:101168001CBF6FF000414FF0FF3000F057B8ADF1F1
:10117800080C6DE904CE002909DB002B1ADB00F00E
:101188007CF8DDF804E0DDE9022304B07047404252
:1011980061EB4101002B1BDB00F06FF8DDF804E088
:1011A800DDE9022304B0404261EB4101524263EBA6
:1011B80043037047524263EB430300F05EF8DDF8E7
:1011C80004E0DDE9022304B0404261EB41017047CD
:1011D800524263EB430300F050F8DDF804E0DDE928
:1011E800022304B0524263EB4303704753B94AB930
:1011F800002908BF00281CBF4FF0FF314FF0FF3017
:1012080000F00CB8ADF1080C6DE904CE00F035F82B
:10121800DDF804E0DDE9022304B07047704700BF41
:1012280010F8012B11F8013B012A28BF9A42F7D088
:10123800D01A7047034611F8012B03F8012B002A36
:10124800F9D17047034613F8012B002AFBD1181A6D
:1012580001387047430803F05533C01A00F03333A0
:10126800800800F03330184400EB10104FF00133C1
:1012780000F00F305843000E70472DE9F0478C46B8
:101288008E46089E154604461946002B40F0D0802D
:10129800724547D9B2FA82F74FB1C7F120030EFA67
:1012A80007FC20FA03F3BD4043EA0C0CBC404FEAAC
:1012B800154EA8B2BCFBFEF8230C0EFB18CC08FB9D
:1012C80000F943EA0C43994528D9EB1808F1FF3295
:1012D80004D2994502D9A8F102022B44A3EB0903D1
:1012E800A4B2B3FBFEFC0EFB1C330CFB00F044EA7B
:1012F8000344A04214D92C190CF1FF3304D2A042A4
:1013080002D9ACF102032C44241A43EA02401EB16C
:10131800FC40002334607360BDE8F0874246DDE797
:101328006346F1E7002A79D0B2FA82F3002B3FD066
:101338001946C1F1200302FA01F52EFA03F20EFA5A
:1013480001FE20FA03F343EA0E034FEA154E00FAB2
:1013580001F4B2FBFEFCAFB20EFB1C201A0C0CFB16
:1013680007F842EA004290455AD9AA180CF1FF3012
:1013780004D2904502D9ACF102002A44A2EB08023B
:101388009BB2B2FBFEFC0EFB1C220CFB07F743EAE8
:1013980002439F4246D9EB180CF1FF3204D29F4218
:1013A80002D9ACF102022B44DB1B42EA004202E004
:1013B800AEEB020301224FEA154EAFB2B3FBFEFCBF
:1013C800200C0EFB1C330CFB07F840EA034398453E
:1013D8002AD9EB180CF1FF3004D2984502D9ACF1A8
:1013E80002002B44A3EB0803A4B2B3FBFEFC0EFBE4
:1013F8001C330CFB07F744EA0344A74216D92C19FF
:101408000CF1FF3304D2A74202D9ACF102032C44F9
:10141800E41B43EA00400F46114678E71F2188E79E
:101428006046ABE76246BFE76046DBE76346EFE747
:10143800734506D916B9002108466DE7C6E9000EBE
:10144800F9E7B3FA83F787B9734501D3824207D81E
:10145800841A6EEB030301209C461EB900215BE74A
:101468003846FAE7C6E9004CF8E7C7F1200CBB405C
:1014780022FA0CF51D4320FA0CF12EFA0CF30EFAA1
:1014880007FE41EA0E014FEA154900FA07F4B3FBDB
:10149800F9F81FFA85FE09FB18300B0C08FB0EFA49
:1014A80043EA00439A4502FA07F240D9EB1808F1DB
:1014B800FF3004D29A4502D9A8F102002B44A3EBCD
:1014C8000A0389B2B3FBF9F809FB183308FB0EFECF
:1014D80041EA03418E452CD9691808F1FF3304D23B
:1014E8008E4502D9A8F10203294443EA0040A0FB33
:1014F8000298A1EB0E014145CE46434602D306D1E0
:101508004C4504D2B9EB020E68EB05030138002EF6
:10151800A4D0B4EB0E0261EB030101FA0CFC22FA31
:1015280007F34CEA0303F940C6E9003196E7404661
:10153800C5E74346D9E700002DE9F04F8E078FB085
:101548000F46144640F18F801AF0D4FE002800F0B0
:101558008A8004A81AF0DDFE002800F0848094F840
:10156800C15094F8C03005F10A0898457BDADDE9E6
:101578000401FEF75BFF98A3D3E90023FFF7AEF859
:10158800FFF764FA9649FFF7BFFB00210646FFF70D
:1015980059FD4FF07C5100286CD03046FFF7AAFA6D
:1015A800FFF78EFD8146DDE90601FEF73FFF8AA3BE
:1015B800D3E90023FFF792F8FFF748FA8849FFF7C5
:1015C800A3FB00210646FFF73DFD4FF07C510028A4
:1015D80054D03046FFF78EFAFFF772FD064608989A
:1015E800FFF73EFB7F49FFF743FC7F49FFF78CFB82
:1015F80000218246FFF726FD4FF07C51002841D09C
:101608005046FFF777FAFFF75BFD01236355EB18A8
:10161800DBB28822E254AB1CDBB24FEA2942E25427
:10162800EB1CDBB24FEA2922E2542B1DDBB2321449
:1016380004F803906B1DDBB2E254AB1DDBB232122F
:10164800E254EB1DDBB20214E65405F10803DBB2E9
:10165800E25405F10903DBB202120B35E25484F8B7
:10166800C15004F808007D0700F1AC8001200FB0DC
:10167800BDE8F08F3046FFF73FFA91E73046FFF7B5
:101688003BFAA9E75046FFF737FABCE7404603F0B4
:1016980059FA80B909F101034D465FFA83F904A9A3
:1016A800404603F061FA40B108F1010803F044FA3A
:1016B8004045EBDCDAE70125F1E7BDF81070F806E4
:1016C8001DD5DDF824B051465846FFF7BBFC00286D
:1016D80073D146495846FFF7D3FC00286FD15846C6
:1016E800FFF714FDFFF7B8FA0022CDE901620222E4
:1016F8000346009265212A4620461AF065FEF9073E
:101708000AD502230A22CDE900320296059B2A4611
:10171800672120461AF058FEBB070BD502234FF06D
:10172800000CCDE9013C0096069B2A46682120461C
:101738001AF04AFE78070BD50A230021CDE90131BA
:10174800022300932A46079B732120461AF03CFE89
:101758003A0709D502230093CDE90166089B2A467A
:10176800792120461AF030FEBB060AD502236420F0
:10177800CDE9003002960A9B2A46742120461AF0C9
:1017880023FE79060BD502234FF47A72CDE9003295
:1017980002960B9B2A46752120461AF015FE3B0639
:1017A80082D50023CDE90163022300932A460C9BCE
:1017B800802120461AF008FE76E7D3468FE74FF6D9
:1017C800FF708FE74FF000084FF0020901264FF035
:1017D800000A6BE7AFF300800000000065CDCD4143
:1017E80000401C4600007A440000C84200FF7F47C2
:1017F80030B50D468FB0194640F201130446CDE9C5
:101808000135104610A3D3E90023FEF73DFEFFF78C
:10181800D5F80DA3D3E900230390DDE91201FEF703
:1018280033FEFFF7CBF80023049006A901A805931F
:101838001AF06AFE06AA034604F50671204618F057
:10184800DEFF0FB030BD00BF0000000080842E41D5
:10185800F0B5072A99B0044605D806211DF082FB89
:10186800012019B0F0BD00F58055002700F500569D
:1018780085F8987985F8187BD6F8DC0218B120F03D
:101888006AFBC6F8DC72002704F51A50C6E9B87777
:10189800C6F89C76203025F031FC012386F87E3688
:1018A800A06E03681B68984704F51A5300F6B83011
:1018B800C3E9000786F8987620461FF09FFF95F841
:1018C80015397BB196F8983663B9D6F838354BB1E7
:1018D800204608F0C7FB28B1A06F03681B6898472B
:1018E800C6F8380540F20513ADF8043095F8F4371A
:1018F8008DF8063016238DF8073002AE04F506730E
:1019080004F50E7718685968324603C20833BB429B
:101918001646F7D104F5BF512DA3D3E9002351E9A9
:101928000201FEF7B1FDFFF749F804F5BE51103189
:1019380027A3D3E900230646D1E90001FEF7A4FD59
:10194800FFF73CF895F81F388DF8303095F838389F
:101958008DF8313095F8CF3895F8D0281E499B007E
:1019680043EA021395F8CE281343CDE90A068DF809
:101978003230D5F8F00795F8CD388DF83330FFF7C9
:10198800C3F9FFF7C3FB14490D90D5F82008FFF7FA
:10199800BBF9FFF7BBFB04F5BD560C36B5F81C3890
:1019A8000E901F213046ADF83C3028F096F93146AC
:1019B800054602460DF13E0028F0F3F805F13A021B
:1019C80001A920461DF0B5FA4AE700BFAFF3008031
:1019D8000000000080842E4100007A4400000000CE
:1019E800082A70B5044637D9481C1DF0ADF8204ABE
:1019F800204E0244B24203462ED8481D1DF0A4F8DA
:101A08001D4A9042054627DBB04225DC1846FEF702
:101A1800D1FC15A3D3E90023FEF760FE04F5BE56FA
:101A2800C6E904012846FEF7C5FC0FA3D3E9002345
:101A3800FEF754FE04F5BF5646E9020104F580534B
:101A480004F5BD51D3F88009083106F015FE20468B
:101A58001DF07DFA012070BD062120461DF082FA96
:101A6800F8E700BFAFF300800000000080842E413B
:101A7800804A5D050095BA0A006B45F50000000034
:101A88002DE9F041151D9AB006460F4628469E4995
:101A98001C46FFF7C5FB30B99C4920461AB0BDE883
:101AA800F041FFF7C7BB9A490A22284628F0B3F845
:101AB800B8B9736993F88120964B1979914209D185
:101AC8001B68954A0092954A4FF48071204616F09B
:101AD8002DF8B1E00130042803F10803EDD1904B53
:101AE800EFE790490722284628F095F880B97369EE
:101AF80093F882208C4B1979914202D11B688B4A4A
:101B0800E0E70130042803F10803F4D1844BF6E739
:101B180087490F22284628F07EF858B97369854A04
:101B280093F883304FF4807120461AB0BDE8F04135
:101B380015F0FCBF80490422284628F06CF840B90B
:101B4800736993F880207D4B7D49002A08BF0B46B6
:101B58002FE07C490622284628F05DF858B97369B9
:101B680093F8300103F0CAFD054603F0D9FD764A23
:101B780000902B46A8E775491522284628F04BF80F
:101B880020B9736993F84F30714ACBE771490F2236
:101B9800284628F040F820B9736993F84E305B0066
:101BA800F2E76D490E22284628F035F818B973690E
:101BB80058336A4AB6E7DFB969490722284628F048
:101BC8002AF8A8B9B06903685B6D984740220AA94A
:101BD80018F0D5FB1C3602460AA9304601F0EEFD86
:101BE80033465E4A4FF48071204615F09FFF23E08C
:101BF8005C490422284628F00EF810B973690433AA
:101C0800D7E759490622284628F005F818B9736914
:101C180093F84D2097E755490322284627F0FBFF04
:101C280068B97369D3E90A23CDE90023504A4FF410
:101C38008071204615F07AFF1AB0BDE8F0814D4951
:101C48000322284627F0E7FF18B97369D3E90C2364
:101C5800EAE749491022284627F0DDFF18B97369D9
:101C680093F87E3090E745491222284627F0D3FFA3
:101C780018B9736993F87D3086E7414909222846E7
:101C880027F0C9FF18B9736993F87C307CE73D49A0
:101C98001222284627F0BFFF38B97369D86EFEF7BD
:101CA8009BFB394ACDE90001C1E738490A22284699
:101CB80027F0B1FF90B922463E2302F8023B2023C9
:101CC800637071699B3111F8013F0BB91370B3E769
:101CD8000A2B08BF7C2302F8013BF4E72C490B22AE
:101CE800284627F098FF00285CD1736993F83531AE
:101CF8000BB92849D1E6012B01D12749CDE6022BA2
:101D08000CBF26492649C8E6D2E50208D5E50208EF
:101D1800F9E502084CB802080BE6020804E60208D6
:101D280029DC020829E602082CB80208B2F70208E2
:101D380031E6020841E6020848E60208F0DC02083B
:101D480073E902084DE6020854E602085EE6020856
:101D58004CE2020864E6020874E60208BAD70208F0
:101D680083E60208D1E10208BCD90208B4D9020806
:101D78008BE60208B8D9020892E60208A3E6020830
:101D8800B6E60208C0E6020845E20208D3E6020801
:101D9800DEE60208EAE60208F0E60208FAE60208C9
:101DA80005E702089E490A22284627F034FF78B939
:101DB8009C492046FFF73EFAB06903685B6D984777
:101DC80020220146A01C1AB0BDE8F04101F0F6BC83
:101DD80095490422284627F01EFF28B9B0690368F0
:101DE800DB6898470346E4E690490E22284627F028
:101DF80012FF08B98E4950E68E490D22284627F071
:101E08000AFF08B98C4948E68C491122284627F070
:101E180002FFB0B935682B682846D3E917379847C9
:101E280001462846B847366833680546D3E9193766
:101E38003046984701463046B847814A00902B46BD
:101E480042E680490D22284627F0E5FE0028D9D031
:101E58007D490E22284627F0DEFE50B93068036817
:101E680020229B6B0AA9984708B10AABB9E67749C3
:101E780013E677490E22284627F0CDFE28BB3068A6
:101E88000368DB68984700210746FFF7D1F808B1D7
:101E9800704902E6306803681B689847054638466B
:101EA800FEF79AFA6DB16C4B6C4A1B681B88CDE93A
:101EB8000001CDE902534FF48071204615F036FE3B
:101EC800BAE6CDE90001664AB1E666490622284627
:101ED80027F0A1FE20B9736993F81631624A21E60A
:101EE80062490E22284627F096FE08B96049D4E5D3
:101EF80060490C22284627F08EFE18B90AF062FDC8
:101F08000346EBE75C490922284627F084FE18B906
:101F1800736993F92331E1E758490822284627F0E5
:101F28007AFE90B977B196F8E010C1F1A1013E238D
:101F3800237002392023A01C63701AB0BDE8F04159
:101F480002F0B4BD4FF48071F1E74D490B222846E9
:101F580027F061FE18B97369D3F88C3014E6494943
:101F68000822284627F057FE38B91AF0CBF903465D
:101F780000287FF409AE44498FE5444903222846E6
:101F880027F049FE002840F08D801AF0B3F90028A8
:101F98003FF4AFAE07A81AF0C4F99DF81C30022B25
:101FA80096BF3B4A3B4D52F823500AA81AF0B1F9A4
:101FB800BDF81E6000B3DDE90C01FEF737FA16A381
:101FC800D3E90023FEF78AFBCDE90401DDE90A0124
:101FD800FEF72CFA10A3D3E90023FEF77FFB089B3A
:101FE8002D4ACDE90201CDE900634FF480712B46FB
:101FF800204615F09BFD1FE6099B4BB1CDE9006318
:10200800264A2B464FF48071204615F08FFD13E6C3
:10201800234A00962B4657E50000000065CDCD41C8
:102028000EE7020868DE020819E702081EE7020840
:102038002DE702083BE7020849E702086FE70208B4
:1020480081E702089BE70208A9E70208B8E7020847
:10205800C2E70208D1E7020894B30208F2E70208CF
:102068001DE8020836E80208FEE202083DE8020818
:102078004CE8020870E8020831E202087DE802082C
:1020880086E8020892E802089BE8020814D70208CA
:1020980020B80208BAE70208ABE80208DFE802083D
:1020A80005E902085D490B22284627F0B4FD30B93E
:1020B800B0690368D3F880309847034664E5584907
:1020C8000E22284627F0A7FD18B9736993F81C312A
:1020D8005AE554490922284627F09DFDC8B9AFB1F1
:1020E80096F8E050C5F1A1054F4A2946204615F05B
:1020F8001DFD0146B06903686A1AD3F88830214487
:10210800984700287FF498AD4849C6E44FF4807595
:10211800EAE747490822284627F07DFD28B9736970
:10212800444993F81A21444B0FE544490A222846AA
:1021380027F071FD18B9736993F91B31CEE6404950
:102148000B22284627F067FD38B9736993F81D31CB
:10215800002B7FF419AD3B499FE43B492846FFF724
:102168005FF808B9394998E439490822284627F020
:1021780052FD002847D037490C22284627F04BFD4E
:10218800002848D1B0690368D3F8983098470546C5
:102198000028B9D0002F3BD096F8E070C7F1A1070E
:1021A800706803681B68984780461FF025FD7369AF
:1021B80093F81931003B18BF012301934FF47A7249
:1021C8000023FEF7C3FF434600903A4621462846BF
:1021D80002F080FF30E5204A2049002D18BF424612
:1021E800384615F0CDFC0135032D07443FF424ADE6
:1021F80073692B4493F81E31002BECD1002D7FF42A
:102208001BAD174949E4DFF85C8027460546EFE730
:102218004FF48077C4E7144A2B4683E422E9020886
:102228002EE902083DE9020868DE020896DF020886
:1022380047E90208F0DC020873E9020850E90208DD
:102248005BE9020867E902083BE1020871E9020854
:1022580076E90208DBDF0208B2F702087FE9020824
:1022680084E902086ADB02089BE902080000000012
:102278001BA3D3E90023C0E900231BA3D3E9002350
:10228800C0E902231AA3D3E90023C0E904231AA34F
:10229800D3E90023C0E9062319A3D3E90023C0E941
:1022A800082319A3D3E90023C0E90A2318A3D3E913
:1022B8000023C0E90C2318A3D3E900230021C0E9B7
:1022C8000E2300220023C0E93023C0E93223C0F8DE
:1022D800D0108022403027F08BBC00BFAFF30080C5
:1022E80008C9BCF367E6096A3BA7CA8485AE67BB21
:1022F8002BF894FE72F36E3CF1361D5F3AF54FA54C
:10230800D182E6AD7F520E511F6C3E2B8C68059B27
:102318006BBD41FBABD9831F79217E1319CDE05BDF
:102328002DE9F04F31F0004387B081460E4607464D
:102338000C460DD180F480077F0017F5000F40F29E
:10234800528331464846FEF7D7FB07B0BDE8F08F09
:1023580020F00048B8F1FF4F014602D8B3F1FF4F13
:1023680008D9B7F17E5FECD184F48004640014F5D9
:10237800000FE4E7002823DAB3F1974F80F03883A1
:10238800B3F17E5F36D3DA15C2F1960243FA02F54D
:1023980005FA02F29A4225D105F00105C5F10205B8
:1023A800B3F17E5F27D1002C7EDA00214846FEF784
:1023B8003FFEC8B1F80F07B0BDE8F04F17F04EBAAE
:1023C800B3F1FF4F0ED1B8F17E5F00F00C8304D952
:1023D800002C80F20B830020B7E7002CFBDA06F113
:1023E8000040B2E70025DBE749464FF07E50FEF794
:1023F8003FFDAAE70025B4F1804F424640F0FE8237
:10240800B8F1BF4F20D2B8F1D05F04D94946484649
:10241800FEF77AFC99E729F00040B8F1000F40D0A8
:10242800F90F01390391294324D0B3F19A4F40F2AF
:10243800D780654B984539D8002C3CDA002007B086
:10244800BDE8F04F17F002BA27F0404CBCF17E5FB0
:1024580029F000401AD1002C04DA01464FF07E50D2
:10246800FEF706FD002FBFF670AFA8F17E5858EAB8
:10247800050805D1484607B0BDE8F04F17F0F6B992
:10248800012D7FF462AF00F100405EE7B8F1000F64
:10249800C6D1002C05DA17B16B1E594259410846BE
:1024A80089E7012D7FF451AF48464EE7474B9845E1
:1024B80007D9002CC2DC002007B0BDE8F04F27F098
:1024C80095BE4FF07E51FEF715FB41490746FEF7D2
:1024D8001BFC404981463846FEF716FC804638A169
:1024E800D1E90001FEF7B2FA4FF07A518246384638
:1024F800FEF70AFC01465046FEF7FCFA3946FEF79D
:1025080003FC01464FF07C50FEF7F4FA3946824648
:102518003846FEF7F9FB01465046FEF7F5FB2E4913
:10252800FEF7F2FB01464046FEF7E4FA0146804614
:102538004846FEF7E1FA20F47F6727F00F0749467F
:102548003846FEF7D7FA01464046FEF7D3FA039B12
:10255800013D6FF30B041D438046214630460CBFF6
:102568001E4D4FF07E55FEF7C5FA3946FEF7CCFBF7
:10257800314681464046FEF7C7FB01464846FEF70E
:10258800BBFA214606463846FEF7BEFB014607461B
:102598003046FEF7B1FA00280446804620F0004392
:1025A80040F34481B3F1864F40F22D810021284643
:1025B800FEF748FD003818BF012040E7AFF3008060
:1025C800E13D55555555D53FF3FF7F3F0700803F07
:1025D80000AAB83F70A5EC363BAAB83F000080BF00
:1025E80017F0FF4F40F00B814FF09741FEF78CFB3F
:1025F8006FF017010246D3157F3B0B4496490293AF
:10260800C2F316028A4242F07E5308DD93498A4299
:1026180040F3F780029A01320292A3F500030027E3
:102628008F4A049352F827B0184659469A46FEF73F
:1026380061FA514681465846FEF75EFA01464FF068
:102648007E50FEF715FC014605904846FEF75CFBF8
:102658000190019B83496FF30B039846049B01EAA1
:10266800630343F0005303F5800303EB47534146EC
:1026780018460493FEF748FB01464846FEF73AFA27
:10268800049B814659461846FEF734FA01465046DF
:10269800FEF730FA4146FEF737FB01464846FEF79B
:1026A80029FA059A1146FEF72FFB01998346084639
:1026B800FEF72AFB6C498146FEF726FB6B49FEF7BD
:1026C8001BFA4946FEF720FB6949FEF715FA494609
:1026D800FEF71AFB6749FEF70FFA4946FEF714FBA7
:1026E8006549FEF709FA4946FEF70EFB6349FEF70E
:1026F80003FA494682464846FEF706FB014650461D
:10270800FEF702FB414681460198FEF7F5F9594666
:10271800FEF7FAFA4946FEF7EFF941468246404687
:10272800FEF7F2FA56490490FEF7E6F95146FEF72D
:10273800E3F920F47F6929F00F0941464846FEF77E
:10274800E3FA4F4980464846FEF7D4F90499FEF764
:10275800D1F901465046FEF7CDF90199FEF7D4FAB2
:10276800494682465846FEF7CFFA01465046FEF7DC
:10277800C3F9834601464046FEF7BEF920F47F6957
:1027880029F00F093F494846FEF7BEFA41468246FE
:102798004846FEF7AFF901465846FEF7ABF93A4905
:1027A800FEF7B2FA394980464846FEF7ADFA0146C7
:1027B8004046FEF7A1F9364B53F82710FEF79CF96F
:1027C80080460298FEF74CFA324B53F827B0814600
:1027D80041465046FEF790F95946FEF78DF94946AD
:1027E800FEF78AF920F47F6727F00F074946384635
:1027F800FEF780F95946FEF77DF95146A1E600211A
:10280800F9E601270CE74BD123493046FEF774F966
:10281800394681462046FEF76DF901464846FEF7DF
:102828002FFC00287FF4C2AE86233EE01B4A934269
:1028380007D900212846FEF705FC003818BF0120FB
:102848003AE62DD13946FEF755F93146FEF70EFC2A
:102858000028E9D0EDE700BF71C41C00D6B35D00C5
:1028680038D2020800F0FFDF42F1533E55326C3E89
:1028780005A38B3EABAAAA3EB76DDB3E9A99193FDA
:10288800000040400040763F4F38763FC623F6B8F8
:1028980028D2020830D202083CAA38330000164376
:1028A800B3F17C5F40F29B80DB157E3B4FF4000464
:1028B8001C414444C4F3C75357497F3B1941214045
:1028C800C4F31604C3F1170344F400041C41B8F11F
:1028D800000F3846B8BF6442FEF70CF90746314688
:1028E8003846FEF709F920F47F6929F00F094B49AA
:1028F8004846FEF709FA394680464846FEF7FAF890
:1029080001463046FEF7F6F84549FEF7FDF9454918
:1029180006464846FEF7F8F901463046FEF7ECF859
:10292800074601464046FEF7E7F841460646FEF7E9
:10293800E1F801463846FEF7DDF831468046304674
:10294800FEF7E2F938490746FEF7DEF93749FEF7A0
:10295800D1F83946FEF7D8F93549FEF7CDF83946AA
:10296800FEF7D2F93349FEF7C5F83946FEF7CCF938
:102978003149FEF7C1F83946FEF7C6F90146304637
:10298800FEF7B8F8074601463046FEF7BDF94FF0A6
:10299800804181463846FEF7ADF801464846FEF7C5
:1029A80067FA414607463046FEF7AEF94146FEF75C
:1029B800A3F801463846FEF79DF83146FEF79AF827
:1029C80001464FF07E50FEF795F800EBC453B3F57F
:1029D800000F06DA214616F0DBFE294618E500242A
:1029E8007DE71846F9E74FF07E50AEE43046ACE498
:1029F800B3F1FF4F3FF4E7AC42460225B4F17C5FE8
:102A08007FF422AD002FFFF61FAD484607B0BDE8A2
:102A1800F04F27F07FBC00BF000080FF0072313FFD
:102A28001872313F8CBEBF354CBB31330EEADD35F1
:102A380055B38A38610B363BABAA2A3E10B5002144
:102A4800074BC0F890110446C0E96011C0E9621153
:102A5800C0F894314FF4C07227F0CAF8204610BD70
:102A6800CDCC4C3E30B5024601780D4853880D4C0C
:102A7800C1F38301484002F14901C2F1FF22082B4A
:102A880002F57F0204FB00F028BF0823B73255186F
:102A9800AB4200DC30BD11F8015F68406043F6E7E7
:102AA800C59D1C81930100012DE9F04104460D46A6
:102AB8000746002642F210783B7B3BB17B68EB1A55
:102AC800434503D93146204616F0E8FE0136182E54
:102AD80007F11007F0D1D4F88C3133B3154AEB1A4B
:102AE800934222D9D4F88431FBB1D4F8903123B978
:102AF800A5F59C53083BC4F8903103F51C414031BF
:102B080041F2873641F28830EA1AB2420BD9D4F83A
:102B1800842142B10344A2EBD2028B42C4F884213F
:102B2800C4F89031F0D1BDE8F0810023C4F89031A9
:102B3800F9E700BFE093040070B5C1F51C550346E2
:102B4800024600F5C07611356FF00040147B34B1B1
:102B580054682C4424EAE474A04228BF204610326A
:102B6800B242F3D1D3F88C2192B1D3F884417CB12D
:102B78000D4C8D1AA5420CD9D3F890312BB1C1F563
:102B88009C5108310B4423EAE373984228BF184646
:102B980070BDC1F5922101F2E131114421EAE171E0
:102BA800884228BF0846F3E7E093040010B5D0F840
:102BB8008831032B26DDD0F88401FEF74DF84FF05D
:102BC8006E51FEF7A1F800210446FEF745FAE0B978
:102BD8004FF081412046FDF78FFF01462046FEF762
:102BE80047F90B49FEF790F80A49FDF785FF4FF0C2
:102BF8007E510446FEF744FA10B14FF07E5010BDE6
:102C08002046FCE74FF07C50F9E70248F7E700BFA1
:102C18009A99193FCDCCCC3E00487047B2F70208CC
:102C28000048704780EE360030B5C0E91912104DE3
:102C3800C36601220023C0E90433C0E90633C0E9B2
:102C48000E33C0E91233C0E90A33C0E90C33C0E9D6
:102C58001533C0E917330560436080F844300364D6
:102C6800A0F87030036280F82420A0F8503030BDFE
:102C780010AF020870B5B8B001460446684626F0A1
:102C880095F89DF80030013BDBB2FD2B38D8274B77
:102C980028AA03F1400618685968154603C5083381
:102CA800B3422A46F7D1224B08AA03F12006186836
:102CB8005968154603C50833B3422A46F7D108A90F
:102CC80020A812F083FD20AA214610A826F01AF8A1
:102CD800694620A812F07AFD20AA28A918A826F08B
:102CE80011F8202218A910A818F067FA044658B954
:102CF800202110A818F09DFA202118A818F099FA98
:102D08000024204638B070BD10A9002311F8012B0B
:102D18001AB90133202BF9D1144610A8202118F034
:102D280088FA202118A818F084FAEAE770D2020875
:102D3800B1D202082DE9F04F0A7802F00303023BF2
:102D4800012BF3B005460C4670D802F03C06242E41
:102D58000B795BD13F2B1CD84E88082E19D991F8D6
:102D6800527007F00302093E9340F6B21FFA83FC43
:102D7800664510D801F153020368029201F10A0274
:102D8800CDE9007203961D6ED1F84A20D1F84E3075
:102D9800A847002037E00121533301FA02F200F579
:102DA8000671E01826F037FF0028F2D12B6821467B
:102DB8005B6C284698470028EBD0E86F03682146EB
:102DC8001B6898470028E4D1E86F036821465B68D0
:102DD800984794F90201FDF743FF4FF07A51FDF748
:102DE80093FF4FF08141FDF78FFFFEF769F92379D3
:102DF8005A1C2344227198722B682146DB6C2846A2
:102E0800984740F0C06073B0BDE8F08F2C2E03F0F7
:102E18003F030AD191F94A60002E80F2B782002B55
:102E2800B7D103685B6F9847B3E76BBB104617F0E1
:102E3800C4FB002840F080802378C3F383020F2A64
:102E4800A7D801A151F822F0EB2F0008EB2F0008BA
:102E5800EB2F0008A92F00082B3200089F3100082B
:102E68009F3100081B310008EB2F00089B2D00083C
:102E7800153300089B2D00089B2D00089B2D00088A
:102E88009B2D0008E53200080C2E08D14B88032B37
:102E980005D90368D1F84A20D3F8843098472279B5
:102EA8009209013205F5067104F10A0026F0B3FE15
:102EB80000287FF46EAF2B6821465B6C2846984744
:102EC80000283FF466AF2378C3F383030A2B04D1A9
:102ED8002146284617F05AFE5BE7E86F0268032B85
:102EE8001268214613D19047064600287FF451AF57
:102EF800E86F036821465B6898472146284617F023
:102F080018FC32462146284617F0E9FD41E790476C
:102F180000287FF43EAFE86F036821465B68984756
:102F28002146284617F005FC2B682146DB6C28460D
:102F3800984740F0807066E72B6821461B6C28464E
:102F4800984700287FF425AF207817F036FB002833
:102F58003FF472AF2046FFF785FD0646A86E03686A
:102F68001B68984705F1800702463146384616F037
:102F7800DBFC20B13146284617F039FB5CE72B68AB
:102F880028469B6B984700283FF456AFA86E036805
:102F98001B68984731460246384616F09FFC4BE7B7
:102FA8006388032B7FF6F5AEE86FD4F84A600368B0
:102FB80021461B68984700287FF4EBAEE86F03684A
:102FC80021465B6898472B683246D3F884302146FF
:102FD800284698472146284673B0BDE8F04F17F0B9
:102FE800C8BB0DF1200A94F84B308AF8003063888A
:102FF80094F84A70042B7FF6CCAEE86F036821463C
:103008001B689847064600287FF4C3AEE86F03683C
:1030180021465B68984795F81832BB4268D12B68FF
:1030280051465B6D2846984704F14C0B814610AF1A
:103038000DF1C408B1455BDD2B6832469B6D3946FE
:103048002846984763885A46023B4146384618F056
:10305800CBF8031E5BDD2278C2F38302082A4CD129
:1030680098F800900793484617F010FF00283FD0C3
:103078004FEA991109F03F02079B01FB0222501CFD
:10308800834235DD02329B1ADBB24244296803923F
:10309800049318F8003003F00F03CDE901930DF104
:1030A800C508CDF80080D1F864B03B4632462146C9
:1030B8002846D847D0B1207817F07FFAB0B100235E
:1030C800CDE90233019323790093514604F10A03B1
:1030D8003A46284617F0E6FB014638B14FF4FA7332
:1030E800009342464B46284617F042FEFF232370C2
:1030F8002146284617F03DFB85E629680097CDE96B
:1031080001832846CF6D33462146B847EEE701369E
:1031180090E76388232B7FF63CAEE86F94F84A600B
:10312800036821461B68984700287FF432AEE86F91
:10313800036821465B68984795F81832B3427FF4D4
:1031480049AF04F14B0608AA04F16B0730687168AF
:10315800134603C30836BE421A46F7D108AA10A977
:1031680005F5067017F0DCF9638831AF213B32466C
:10317800394610A818F038F800287FF72BAF2B68CD
:10318800CDE9007010AADE6E214608AB2846B0478C
:10319800FF2323701EE708AF94F84A303B7063881A
:1031A800032B7FF6F6ADE86F036821461B68984746
:1031B800064600287FF4EDADE86F036821465B689A
:1031C80098472B680DF14009D3F87C8039460423D1
:1031D8004A462846C04704F14B0A07460DF1410804
:1031E8000DF1C40BB74283DD63884046013B52466C
:1031F800594617F0F9FF002808F121080FDD2B6860
:103208002278CDE900B006EB4616D3F88070C2F3F9
:10321800830209EB060321462846B84768E70136CA
:10322800E0E710A817F047F810AE04F14A0304F1DC
:103238006A0718685968324603C20833BB42164603
:10324800F7D16388632B7FF6A4AD202210A905F57A
:10325800067026F0E0FC00283FF49BADE86FD4F838
:103268006AA0036821461B68984700287FF491AD3F
:10327800E86F036821465B6810AF98470FCF0DF1E0
:10328800C4094E460FC6B4F8028097E80F00A8F1AB
:103298006408B8F1200FA8BF4FF0200804F1AE0B66
:1032A80086E80F00424659463AA8CDF8E4A026F031
:1032B80078FC08F124034A4604F16E0110A817F0BF
:1032C80002F800283FF465AD2B68CDE900B810AAD4
:1032D8009E6E214653462846B04709E703F003038C
:1032E800023B012B3FF655ADE86F036821461B688A
:1032F800984700287FF44DADE86F036821465B6866
:1033080098472B6821469B6F28468CE56288022ADD
:103318007FF63FAD94F84A3003F00F03032B7FF498
:1033280038AD042A7FF635AD31AE304617F0A9FD29
:1033380023788DF8C4304022237904F10A010DF175
:10334800CE0017F0C4FD62888DF8C800013A92B229
:1033580004F14B010DF58770ADF8C62026F021FC6D
:10336800E86F036831461B68984700287FF411AD61
:10337800E86F036831465B6898472B68DDF80E21D3
:10338800D3F8843031462846984702E5002B3FF4AD
:103398004DAD84E538B50B4B1C786CB901220A4D4C
:1033A8001A700023294609481A46013417F070FE9E
:1033B800202C05F58275F4D1BDE83840034800217A
:1033C80017F042BE007500207C540020BC4300204A
:1033D800014BD3F82001704798420020014BD3F8E5
:1033E80020017047BC430020014817F02DBE00BFE4
:1033F80098420020044BD3F820219142BABF2831CB
:1034080053F821000020704798420020054BD3F85C
:1034180020018142BDBF2831012043F8212000202E
:10342800704700BF9842002021B1002302481A4685
:1034380017F02EBE704700BFBC43002070B50B4B81
:103448000022D3F8206103F19C05FF208033B242AB
:1034580000DB70BD55F8044F641A002C03DC9C5C3B
:10346800A04228BF20460132F1E700BF9842002061
:103478002DE9F0470546904699460F4699B31B4EED
:10348800304617F005FE044668BBD6F8200118B38D
:1034980006F17F0C21462346A04214DC0E4496F820
:1034A8008030434518D9114817F0CEFD2B680146E6
:1034B8005B68284698474B46424639460B48BDE864
:1034C800F04717F0E5BD1CF8012F9A4234BF1A46A1
:1034D800214613460134DFE72B68394628465B68E6
:1034E800BDE8F0471847BDE8F08700BF98420020C4
:1034F800F0B4114A0C46D2F8207102F19C06002360
:103508004FF0FF31FF208032BB4205DB4B1C0FD050
:10351800F0BC094817F098BD56F8045F2D1B002D24
:1035280004DCD55C85423CBF194628460133EBE7ED
:103538000020F0BC704700BF9842002030B50A4B0D
:103548004A1CD3F820510DD000229C331046AA42C1
:1035580000DB30BD53F8044F641A002CD8BF01308B
:103568000132F4E72846F4E798420020002907DBF7
:10357800044BD3F82021914202DA53F82100704716
:10358800002070479842002038B50E4D00242819B5
:1035980004F5827417F075FCB4F5025FF7D10A4B95
:1035A8000024214680221846C3F8204126F020FB3B
:1035B800064BC3F82041214618468022BDE8384012
:1035C80026F016BB7C540020BC4300209842002003
:1035D8002DE9F0438DB00D4612F00F019DF8509083
:1035E800804614461E4604D04FF0FF300DB0BDE8AB
:1035F800F083184B0693142207A826F0F9FAB9F1BC
:10360800000F0CBF4FF400734FF48073124F0893F0
:10361800102204AB414606A8099725F0E3FE0028CE
:10362800E2D105ABCDE901430498009623462A462A
:103638003946B9F1000F09D012F082FD044604980A
:1036480025F0B4FE002CCFD10598CFE712F014FE78
:10365800F4E700BF00248000004440042DE9F04155
:1036680094B007460C4616460021142207A81D46AA
:1036780026F0BEFA4FF48853DFF85C80ADF81830B6
:103688004FF48073ADF81A304FF48063CDE90838F1
:10369800202204AB394606A825F0A4FE28B14FF035
:1036A800FF34204614B0BDE8F08105AB0293202317
:1036B80001930CAB0093224604983346414626F00A
:1036C8002DF80446049825F071FE002CE7D1BDF8CA
:1036D80030302B80E5E700BF0900800330B58DB09E
:1036E8000D4611461A4603AB019320230093044666
:1036F80004AB0A4825F042FF2A4630B10021204693
:103708000DB0BDE8304026F073BA202D28BF202226
:1037180004A9204626F045FA0DB030BD0900000284
:103728002DE9F043A7B004460D4616460021702245
:103738000AA8DDE92E891F4626F05AFA16490AA872
:1037480025F0CDFEE8B93A4631460AA825F0E8FE4C
:10375800B8B94A4641460AA825F0E2FE88B901AB45
:10376800202202A90AA825F0F2FE50B9202D2A46E7
:1037780002A928BF2022204626F013FA27B0BDE868
:10378800F0830AA825F09CFE2A460021204627B08F
:10379800BDE8F04326F02CBA0900000208B5054B35
:1037A800002814BF0146194603481EF0D2FD012027
:1037B80009F0E0FBD2D20208DED20208F0B50B4DC8
:1037C8008E180346B14203F1020303D1002300F827
:1037D8001230F0BD11F8014B270904F00F04EF5D1A
:1037E8002C5D03F8027C03F8014CEBE74EFE02085F
:1037F8002DE9F041DFF8348005460C468F18BC42AD
:1038080001D1BDE8F08114F8016B2B6832099B687F
:1038180018F802102846984706F00F062B6818F883
:1038280006109B6828469847E9E700BF4EFE020845
:10383800004870470000C07F00487047FED2020869
:1038480008B503491046FDF7F5FC002008BD00BF88
:103858000BD3020830B51448134D8BB000227021E9
:1038680001F016FE041E19DD2246691C284626F0C2
:10387800A6F9013C02A801F0EBFE60B16F2C0ADC4E
:10388800039B019305AB0093084A029BC4F17001A6
:10389800281914F04BF904480BB030BD04492846E8
:1038A800FDF7C8FC0724E5E70175002041D30208AD
:1038B80039D3020838B504464FF0FF324FF0FF33D2
:1038C8000F4810F0CDF823F06CFD00230A22FDF715
:1038D8008DFCD4E90253002B08DB421B42F2107521
:1038E80061EB0303AA4273F1000303DBC4E902019D
:1038F8000023E380E488024810F056F9204638BDDA
:103908005C05002008B503681B689847BDE80840B7
:103918000146014819F0A3BA94B3020807B5064B4B
:103928008DF8070001220DF10701044801F074FF2A
:1039380003B05DF804FB00BF5ED302086ED3020833
:1039480073B5124B124C1D7815B1207802B070BDBA
:10395800012610481E7019F05CF80028F5D00D48B3
:103968008DF8035001AB32460DF10301019519F0B2
:1039780069F838B1019B2BB19DF80330012B08BFC2
:103988004C232370034819F04FF8DEE772750020C6
:10399800717500206ED302084C28024607D05528BE
:1039A80007D0054B0548002A08BF18467047044849
:1039B80070470448704700BF7AD3020839D3020819
:1039C8007FD302088BD302083E28024630D016D88F
:1039D800142830D00AD80A2830D00F2831D0204BEC
:1039E80041F68460072A18BF184670471F282BD055
:1039F8001B4B4AF2C320292A18BF18467047B0F556
:103A0800FA7F24D00AD8FA2823D0B0F5C87F22D06C
:103A1800134B1448C82A18BF18467047B0F5487F9A
:103A28001BD00F4B1048B2F57A7F18BF1846704765
:103A38004FF22440704745F26110704742F6B100DA
:103A4800704743F60950704747F6122070470748F9
:103A5800704707487047074870470748704700BFD6
:103A680048E80100F818030040420F0020A10700B1
:103A780090D00300F0310600E0630C0070B50369D4
:103A880093F87430073B052B0D4614462ED8184A78
:103A980052F823603046FDF7F3FA38BB2046FDF7AD
:103AA800DFF84FF06E51FDF72FF901464FF07E50C9
:103AB800FDF720F8314604462846FDF71BF80D4966
:103AC800FDF7D6F901462046FDF71EF90021044608
:103AD800FDF7B8FA50B94FF07E512046FDF7D0FAFD
:103AE80010B14FF07E5070BD2046FCE70020FAE789
:103AF8002CB102080000204170B5044617F0D8FC2C
:103B0800D4F88039D4F88429054653EA02004DD008
:103B18005B1B62EB0102012B72F100003EDB6FF0D0
:103B28000040834272F1000200DA1846B4F8683A9D
:103B38009BB394F95A3A803314D0D4F8602AD4F855
:103B4800646A521B66EB0106012A76F1000327DB43
:103B58006FF000439A4276F1000600DA1346984265
:103B680028BF1846D4F8703AD4F8742A53EA0204E5
:103B78001CD00F4C1B1942F100025B1B62EB0101C8
:103B8800012B71F100020DDB6FF00042934271F1DD
:103B9800000109DA984228BF184670BD0020C5E721
:103BA8000023DCE70023F5E71346F3E70020F4E7FA
:103BB800009749012DE9F04F8BB004468846174617
:103BC80017F01FFC814638B9694A394640460BB0A0
:103BD800BDE8F04F13F0AABFD4F89809002800F008
:103BE8009280D4F89C290A235A43D4F8A039642136
:103BF8004B4302EB500203EB5003B2FBF0F2B3FB72
:103C0800F0F094F8573A04F6A81A27EAE771002B5F
:103C18007BD194F854CA574D574B94F9556ABCF167
:103C2800000F08BF2B460A250590B2FBF5F005FBEF
:103C38001022CDE9030209EB0602CDE90062CDF8B6
:103C480008904E4A404613F071FFC72F054640447E
:103C58005FDDD4F89C3A0393D4F8983A0293D4F8E9
:103C6800943A0193D4F8903A0093791BD4F8983990
:103C7800434A13F05BFF054408EB0500791B94F8F1
:103C8800583A404A13F052FF0544204617F017FDF2
:103C9800014640B9AF4208EB0500C8BF791B3A4A54
:103CA80013F044FF0A35504618F02BF98346504666
:103CB80018F03DF95E45B8BF5E468642B246A8BFD9
:103CC80082460AF1FF36B345CABF0BF102030AF177
:103CD80001035E468342C8BF861E6FF00702C8BF55
:103CE80003469642B8BF16460C2BA8BF0C2309936F
:103CF80004EBC6044FF0640B099B9E420DDD284679
:103D08000BB0BDE8F08F02467BE794F9566A1F4B6B
:103D180089E7AF42B2DC0021B1E7B4F8EC29B4F886
:103D2800F0C91AB353080BFB0C33B3FBF2F3069339
:103D3800B4F8F239CDE904C3B4F8EE39BD42CDE99F
:103D4800022309EB0603CDE90063B8BF791B08EB32
:103D58000500A8BF00210E4AB24514BF20232A231C
:103D680013F0E4FE013605440834C5E71346DEE7E0
:103D780098D30208F0DC020873E90208A0D302080D
:103D8800C6D30208DBD30208E4D3020896D9020896
:103D9800EFD302082DE9F8434A4B03604A4F8C33AE
:103DA8000025002643604FF0000800F518634FF027
:103DB8000009C0E902714662C0E90452C0E906552B
:103DC80005628662C0F85C58C0F86058C0F874593B
:103DD80080F87859C0F87C59C3E9008943F69823DC
:103DE800044680F88859C0F88C39C0F89059C0F852
:103DF8009459C0F89859C0F89C59C0F8A059011DA9
:103E080000F6A81018F068F804F52763A4F8685AB3
:103E1800C3E900893B6984F8785A5B1B18BF012302
:103E280084F8793A4FF40043C4F87C5AC4F8805AAD
:103E3800C4F8845AC4F8885AA4F88C5A84F88E5A5C
:103E4800C4F8905AC4F8945AC4F8985AC4F89C5ABA
:103E5800C4F8A05AA4F8A43AC4F8A85AC4F8AC5AAA
:103E6800A4F8B05AC4F8B45AA4F8CC5AC4F8D06A22
:103E7800C4F8D46AA4F8D85AC4F8DC5AC4F8E05A8A
:103E8800C4F8E45AC4F8E85A84F8A05BA4F8A25B22
:103E9800C4F8A45BC4F8A85BC4F8AC5B04F664106F
:103EA80023F0CEFB0122294604F6883023F05FF880
:103EB8004FF40362294604F12C0025F099FE2046B0
:103EC800BDE8F88390B002089CB3020808B5034621
:103ED800C068B3F8A21B8368002908BFFF219B684C
:103EE800984758B1084B98420BD800F5FA70400033
:103EF80041F28833984238BF184608BD41F28830ED
:103F0800FBE76FF47A70F8E70BFEFF7F30B590F8A7
:103F1800A03B89B00446CBB900F52F6500200021ED
:103F28000A22CDE90601CDE90232CDE90043049326
:103F38000749084B4FF40062284610F0B5F90649C6
:103F4800284623F0F4F8012384F8A03B09B030BDDB
:103F5800C080002021B801080FD402082DE9F843D9
:103F680005460C46174600211422204625F040FE3F
:103F780095F8CD3A002B35D0D5F8D00AD5F8D49A93
:103F880095F8D88A95F8D96A1B49FCF7BDFEFDF764
:103F9800BDF820604846FDF7B9F8B31F80B217F0A6
:103FA800E7F9022B9ABF043EF6B20126B8F1080FD2
:103FB8008CBF10232023A08084F80680E67123811B
:103FC8002B6993F94C302773162BA8BF16236FF073
:103FD80008029342B8BF1346A37240F202432382F9
:103FE800BDE8F8832B69986CD3F8789093F87480BF
:103FF80093F87560C8E700BF0024744908B590F8C5
:10400800CD3A5BB1D0F8D00A0649FCF77DFE4FF0F7
:104018007C51FCF771FDFDF779F808BD0369986CD0
:10402800F2E700BF0024744908B590F8CD3A63B1AF
:10403800D0F8D40A0649FCF767FE4FF07C51FCF72C
:104048005BFDFDF763F880B208BD0369986FF1E77F
:10405800000020412DE9F047024617F037FB92F89F
:10406800CD3A0F460546002B00F0BD80D2F8D49A11
:10407800104617F035FB936893F8008008F10506A1
:10408800F6B2B542044603D30C2D28BF0C25EEB278
:104098005B494846FCF7D6FF08B1DFF86891484607
:1040A800FDF734F880B217F063F9FFF78DFC082CA0
:1040B80028BF08240546E4B20120052C00FA06F0C2
:1040C80038BF0524FCF7CCFD81462846FCF7C4FD23
:1040D8004D49FCF7CDFE4C49FCF716FE0146484613
:1040E800FCF7C6FE8146B8F1000F01D1062E7ED935
:1040F800082E4FF000057DD82020FCF7B1FD43497C
:10410800FCF7FAFC294680462846FCF7F5FC0146F0
:104118004046FCF7F1FC4946FCF7F6FD3C49804671
:104128004846FCF7ADFF002866D04FF07E5A30466F
:10413800FCF796FD06463846FCF792FD4FF08241A3
:10414800FCF7E2FD4FF0814107463046FCF7DCFD05
:1041580001463846FCF7CEFC2E49FCF7CDFC4FF063
:104168008341FCF7C9FC4FF0824107462846FCF71B
:10417800CBFD01463846FCF7BDFC51460746504684
:10418800FCF7BAFC01463046FCF7B4FC4FF081411D
:10419800FCF7BAFD4FF07E510546FCF753FF08B116
:1041A8004FF0814529463846FCF762FE15F0A0FA23
:1041B80005462046FCF754FD2946FCF7A5FD0021DD
:1041C80025F0C2FF4FF08241FCF796FC4946FCF708
:1041D8009BFD4146FCF790FC0B49FCF795FDFCF76D
:1041E80095FFBDE8F0871369D3F8789040E74FF062
:1041F8007E5581E7102080E74FF0000A97E700BF5F
:104208000000E0400000FA4200007A4400008840C4
:104218005A2F863C0000E0412DE9F04F04468BB050
:1042280017F0F4FA94F8783A04F1180A002B00F021
:104238009080002205A92046FFF790FE9DF81A609D
:10424800BDF81C50062E8CBF4FF0080B4FF00C0B1E
:10425800BBF1080F0CBF112319239D4240F388803E
:10426800BDF81800FFF7B0FB012102464248B140F3
:104278000023A1FB0001FCF7B9FFA368DB69064630
:10428800002B5DD0E06898478146A5EB4B0808F104
:10429800FF3806FB08F8052064220023A8FB00016C
:1042A800FCF7A4FF09F5FA63A8EB0007BB42D4F8B2
:1042B8007C2A48D20E357543A7EB0907BD420BFB94
:1042C800066608D96B1CA3EB080303444B445B0840
:1042D8009E4238BF1E46964203D1D4F8803ABB426C
:1042E80003D0C4F87C6AC4F8807A16F163004FF0F2
:1042F800000545F1000164220023FCF777FFD4F89C
:104308000C80814617F163004FF000030E464FF012
:10431800640245F10001FCF769FFD8F808309D6A8E
:10432800BDB1164B03948DE80B004A463346404610
:10433800A84770B921F01FFC0121C4F8940911E0C5
:1043480040F2DC59A1E7013203D04FF0FF33C4F843
:104358007C3AE0680949836822469B6998470028A7
:10436800E8DA002150460BB0BDE8F04F17F0C5B8A9
:10437800D4F87C3A0133E7E740420F00D7B501088B
:1043880038B583689B6A04460D46BBB100F6A43075
:1043980017F068F8034604F6AC3017F063F81844D1
:1043A800D4F8843A984202D1D4F8883A3BB9C4F890
:1043B800840A012D38BF0125C4F8885A38BD084A37
:1043C800CB1A9342FAD994F88E3A072BF6D9A368F8
:1043D8009B6A0BB1E06898472046FFF71DFFE8E7A6
:1043E800BF270900F8B58368DB6A04460F46002B2F
:1043F80038D090F8B03A33B1D0F8A83AD0F8AC2A0F
:10440800CB1A93422ED3D4F8B43A23B1FB1A4EF602
:104418005F22934226D9606920B303685B68984796
:1044280001460546FCF736FE0646D8B9284625F06B
:10443800AEFE174BC4F8AC3AB4F9A43AC4F8A87A5B
:10444800012213F5004F05B284F8B02A02D1A4F86E
:10445800A45A07E0EB1A002BB8BF5B42042B02DC1E
:1044680084F8B16AF8BD94F8B13A33B943F69823A1
:1044780084F8B12AC4F8AC3AF4E7A36884F8B16ABE
:10448800DB6A0BB1E06898472046FFF7C5FEDEE718
:1044980080EE360038B504461C3016F0E3FF98BBB2
:1044A800204617F097FA78BB17F002F8054604F68D
:1044B800A43016F0D7FF034604F6AC3016F0D2FF4E
:1044C800D4F8842A0344934202D1D4F8883A63B9D1
:1044D8000023C4F8A03A29462046FFF751FF294691
:1044E8002046BDE83840FFF77DBF084AEB1A9342E3
:1044F800F1D9D4F8A03A13B1EB1A9342EBD9012DB4
:104508002B4638BF0123E4E738BD00BFBFD4010004
:104518002DE9F843B0F8683A04463BB190F8CD8AE3
:10452800B8F1000F04D0002380F89339BDE8F88370
:1045380004F5276716F0BCFFD4F8702A7B680E468E
:1045480052EA0301054662D1C4F8705A7E6094F9B4
:104558005A3A803315D0D4F8602AD4F8643A954290
:1045680076EB03030DDBA368596B04F6A81511B1AC
:10457800E06888470146284617F094FD284617F05A
:104588007CF894F89339002BD0D0002384F8933921
:1045980094F95A3A8033C9D1204617F090F8002888
:1045A800C4D094F89239002BC0D0204617F012FAE4
:1045B8000028BBD104F6A819484617F027FDA368C0
:1045C8001B6B074683B30146E0689847064616F01A
:1045D8006FFF022E80460D4629D1321E18BF0122D8
:1045E8003946484617F046FD022E2BD1204617F0D3
:1045F80066F810EB080045F10005643045F1000548
:1046080084F85A7AC4F8600AC4F8645A8EE70F49E5
:10461800AA1A66EB0303914278EB030397DA04F6D0
:10462800A81017F0E1FC8FE76FF05706CFE70021DD
:1046380004F1180016F061FF2046FFF7EDFD002E8B
:10464800CBDA73E7484617F018F86FE70097490187
:1046580010B5044622F0A5FE0A220023FCF7C6FD89
:1046680000234FF47A72FCF771FDA3681844064BD7
:10467800984207D9054B1A6882421FBF1860044B3D
:10468800044A1A6010BD00BF8081A36988D6002043
:1046980084D6002033CC55AA002343608360074B9F
:1046A800074A02601A68074B9A4205D1064B074A27
:1046B8001B68934288BF8360704700BF84D6002080
:1046C80058B1020833CC55AA88D600208081A36946
:1046D80038B505460C4622F064FE0A220023FCF792
:1046E80085FD4FF47A720023FCF730FD034B044A32
:1046F8001C60044B201AA8601A6038BD88D60020B8
:1047080033CC55AA84D6002070B50D46164604242D
:10471800314628461EF05BFB40B16420002110F0B2
:1047280043F8013CF4D10248FFF738F870BD00BFE8
:104738001CD402082DE9F04FDFF8C882ADF5397DA9
:1047480004460D46174600214FF4007238A81E464D
:1047580025F04EFA98F8003043B9AB481DF0F9FD42
:1047680098F8003013B9A9481DF0F3FD402138A886
:104778001EF02DFB98F8003081463BB938A817F099
:104788009AFD49460246A2481DF0E3FD1022002189
:104798000AA825F02DFA10210AA80AF0FDFA0DF250
:1047A8001F1201460DF1280C00238B4202DA102B50
:1047B80040F0838098F80030002B40F01F81954826
:1047C8001DF0C7FDBFB1B6B1202E314628BF20214C
:1047D8000DF22F133A467E1812F8010B13F8017FD9
:1047E800B24280EA07001870F6D198F8003043B951
:1047F80089481DF0AEFD98F8003013B987481DF0C0
:10480800A8FD402194A81EF0E2FA98F80030064668
:1048180073B994A817F04FFD3146024680481DF041
:1048280098FD98F800301BB97E4829461DF091FD87
:104838007D4B24AF3A4603F1180C186859681646A0
:1048480003C6083363453246F7D1186899889B79BF
:104858003060B180B371312200210DF11C0A07F1DB
:104868001F0025F0C5F90023CAF8003011F0A2FD99
:10487800202300938046CDF804A06C481CAB4FF46D
:10488800007238A924F07AFE064620B9DAF80090BA
:10489800B9F1200F1AD020211CA816F0CAFCCDF8B7
:1048A8000480DAF800300093614A334650213846D4
:1048B80013F03CF924A8FEF771FF12F801EF1CF879
:1048C800010B80EA0E00107001336EE701461422D6
:1048D80017A825F08DF9574A08964FF41053ADF8EC
:1048E80058300DF1200A4FF48073CDE91832ADF835
:1048F8005A301CA953464A4616A824F073FD494667
:1049080006461CA816F095FC46B14B4ACDF8008027
:1049180033465021384613F009F9CBE710223146C7
:104928000EA825F065F937460DF1240BBD42DAF8DB
:1049380000001ED90023CBF800300DF148091023E0
:1049480001930EAA3B49CDF808B0CDF8009011F0BC
:10495800F7FBDBF80020034608B9102A1BD00092A9
:10496800CDE90178354A502124A813F0DFF84FF03B
:10497800FF36089824F01AFD10210EA816F059FCED
:10498800002E97D1012325441946AC421DD101B907
:104998003BB32B488FE7EA1B102A28BF1022E019E7
:1049A8004946059225F0FDF8059A17444A4612F83B
:1049B800013D0133DBB2137013B90EAB9A42F6D145
:1049C8001021484616F035FCB0E714F8012B32B137
:1049D800FF2A14BF002303F001030021D5E7134683
:1049E800D3E738A84FF4007116F023FC10210AA869
:1049F80016F01FFC0DF5397DBDE8F08F002F7FF410
:104A0800E2AEFEE6737500203DD4020861D40208C8
:104A1800A9D40208D8D4020819D502083BD502083F
:104A280088D50208B7D50208A8D6020809000002EE
:104A3800F0D50208004440041ED6020849D60208F0
:104A48007DD6020830B5002389B004461A462021D5
:104A58006846FFF76FFE6946204615F04AFC652553
:104A68002378013BDBB2FD2B05D82021684616F0E0
:104A7800E0FB09B030BD013D02D10748FEF78EFECC
:104A8800002368461A462021FFF754FE694620464F
:104A980015F02FFCE4E700BFC7D6020811B1024A9F
:104AA80013F044B8704700BFEDD60208014A13F06E
:104AB8003DB800BFFED6020837B5144683686A467B
:104AC8001B69984788B90198FCF7CAF80849FCF7A8
:104AD800CFF905460098FCF7C3F801462846FCF7CD
:104AE8000BF82060012003B030BD0020FBE700BFB9
:104AF8000024744938B50D460446B8B122F00AF9C5
:104B080010B9204622F0FDF8204622F003F968B1DA
:104B1800074B1A780F2A09D8511C1970054B43F80E
:104B2800324003EBC20300221D715A7138BD00BF29
:104B380074750020E0440020014B1878704700BFCE
:104B480074750020064B1B78984207D2054B03EB7F
:104B5800C0031879031F5842584170470020704716
:104B680074750020E04400202DE9F3410C46064608
:104B780024220021204625F03BF8644B1B789E42F6
:104B880080F0C180624D05EBC6034FEAC6081A796A
:104B9800062A11D15B7955F836000093002201925C
:104BA80083681F68002F00F0AB806B4614224E21EB
:104BB800B847002840F0A48055F8360083684E2195
:104BC800DB6898470746002840F09A8005EB080301
:104BD8001B79042B55D006D9053B012B6AD93846D9
:104BE80002B0BDE8F08155F83600221D0D21FFF70F
:104BF80063FF18B1238843F00103238005EB080302
:104C08001B79012B2BD955F8360004F10C020E2123
:104C1800FFF752FF0028E2D0E0683E49FCF774F83D
:104C28002688E060A84446F00403238098F80430FE
:104C380003F0FD03012BD2D13749FCF719F93749A5
:104C4800FDF76EFB01464FF07E50FBF753FF3449EA
:104C5800FCF75AF846F00C0620612680BFE755F8A5
:104C6800360004F108021021FFF726FF18B1238847
:104C780043F00203238005EB08031B79002BAED019
:104C8800C1E755F8360004F114021221FFF714FFAA
:104C980018B1238843F01003238055F83600221DED
:104CA8000D21FFF709FF002899D0238843F001035D
:104CB800238094E755F8360004F118022B21FFF7FA
:104CC800FBFE18B1238843F02003238055F83600F3
:104CD80004F11C022D21FFF7EFFE18B1238843F0E1
:104CE8004003238055F8360004F120022E21FFF7F7
:104CF800E3FE00283FF473AF238843F08003D7E72F
:104D08006FF004076BE76FF0150768E7747500200C
:104D1800E04400200000204100507D4401DE423E76
:104D2800002A2D47024B1878003818BF0120704719
:104D38007475002010B50C4617F0DAFA18B1002C7B
:104D4800014818BF002010BD14D7020810B50C4642
:104D580017F0CEFA40B144B917F0CCFA044B01462B
:104D68000448002908BF184610BD0020FCE700BF12
:104D7800FEEE020828EB020870B50E46154617F03D
:104D8800B7FA044668B10E493046FCF749FA50B9FB
:104D98000C492846FCF744FA003818BF012017F0E0
:104DA800ACFA204670BD08493046FCF739FA28B9F4
:104DB800284624F028FF17F0A9FAF2E70024F0E7C4
:104DC80014D70208FEEE020818D70208054B064A57
:104DD8001A6000200021C3E90201C3E90401C3E904
:104DE80006017047F005002078B1020870B4CE7D46
:104DF80046B1CD68541B054DAC4203D81BB970BCF5
:104E080017F036BC0023184670BC70478097060020
:104E18002DE9F84F032B0A9D0646894690461F4602
:104E28002FD817F011FC0446A0B38668464528D24F
:104E3800C168404A691AA8EB06069620761A4FF010
:104E48000003A1FB000169EB0909FCF77FF910F1E8
:104E58002D020B4641F10001B24271EB09010ADB58
:104E68006FF02C02121A4FF0FF3161EB03039642E8
:104E780079EB030307DA25610123A382C4E90285DC
:104E8800A775BDE8F88FA38A4FF6FF729342F5D055
:104E98000133F2E70346182106F1170001FB03F27C
:104EA80010F802C0BCF1000F0ED1B418D9F80030C8
:104EB8002360D9F8043063600123C4E902852561C1
:104EC800A382A775E375DCE70133102BE6D13146E1
:104ED8004FF0000A4FF0180B2A46304617F0C8FB6F
:104EE800CB6818B11448EA1A824217D98A7DBA42A7
:104EF80014D9ECB1A07D82421AD803D1888AA28A3B
:104F0800904215D30BFB0A6260695269424032F045
:104F18007F4203D1E268934238BF0C460AF1010A86
:104F2800BAF1100F01F11801D6D1002CBED1A8E7B3
:104F38000C46F3E740420F0080510100034690F809
:104F4800900138B1D3F88C310348C91A81428CBF1B
:104F580000200120704700BF7F3A09002DE9F34780
:104F68008A4616460021182204461D4624F040FEB3
:104F7800DAF88071BE422CBF002301232374324625
:104F8800009351462B4604F1180017F07EFB237E50
:104F98001BB940F20123238014E0BE422ED2A37E27
:104FA800022B02D840F20133F5E7D4E90832B3F115
:104FB800960642F1FF32B6F5167F72F1000305DA64
:104FC80001236370204602B0BDE8F08729465046A9
:104FD800FFF7B4FF08B10523F3E79AF8A03143B10E
:104FE800DAF89C3145F25F41EB1A8B4201D806236F
:104FF800E7E70223C4E902622370E3E7637E052B37
:10500800D0D9A27EB3EB420F02DB40F20143C2E7E4
:10501800D4E90887002F4646B94602DA764267EB9C
:105028004709B6F5167F79F10003C9DB29465046D2
:10503800FFF784FF0028CED19AF8A03133B1DAF80F
:105048009C3145F25F42EB1A9342D0D99AF89831D5
:10505800ABB1DAF89431164AED1A4FF49670002382
:10506800A5FB0001FCF772F810F5167041F100017C
:10507800B04271EB090102DA40F201738BE70223B7
:1050880018F5616F23703B4677F1FF374246B8BF8A
:10509800084A40F61161B8BF4FF0FF338A4273F1F6
:1050A8000001A4BF4FF461620023C4E9022389E729
:1050B80040420F00F0F1FFFF0138C0B206289ABF46
:1050C800024B53F820000248704700BF9CB1020809
:1050D80025D702082DE9F04FB1B005469DF8ECA0A0
:1050E8000B9388461646002A00F0B9813A9B0B9A22
:1050F800014616A8FFF732FF9DF858209DF8683042
:105108009DF870400993022ADDE91E7940F0358147
:1051180095F88421DDE9181022B1002880F2A181D8
:10512800B64A04E0B64B8B428241B64A07DBB64B1F
:105138004FF0FF3C994270EB0C0C00DB0B46B34878
:10514800B049DDF824C0BCF1000F18BF0146CDE915
:10515800001222A8AE4A382112F0E8FCBAF1000F7A
:1051680000F03081AB4BA74A9DF871109DF8720092
:105178009DF873C0002C00F02881A14C4FF0000E60
:10518800BC427EEB090E07DB9F4C4FF0FF3EA74267
:1051980079EB0E0EA8BF3C46209F00920DF1880EB9
:1051A800CDE90110CDE903C4CDE9057E9A4A31461F
:1051B800404612F0BBFC041EC0F24C81B44280F0A1
:1051C8004981D5F8AC3103B3D5E96E1C8C4AD5F8C2
:1051D800B0718A424FF0000070EB0C0007DB8A4A7E
:1051E8004FF0FF3091427CEB0000A8BF0A46CDE9A2
:1051F8000072311B08EB0400884A12F097FC24184F
:1052080000F12881B44280F02581D5F8B4315BB132
:10521800311B08EB0400824A12F088FC241800F1C4
:105228001981B44280F016813A992846FFF786FE24
:1052380098B13A99284617F0A7FB311B794A4FF4E1
:105248006163B0FBF3F308EB040012F06FFC241861
:1052580000F10081B44280F0FD80D5F8A8310093B8
:10526800311B08EB0400D5F8A4316F4A12F05EFC3C
:10527800241800F1EF80B44280F0EC8005F5C0738B
:105288000A934FF0000A2B46DA7D0AB10AF1010AA7
:105298000A9A18339342F7D14FF0000BD946CA4502
:1052A80040F3A8808BF001032F460F93FB7D002B62
:1052B80000F09480099B3A9A39462846FFF796FDF4
:1052C8000F9B834240F08A8008EB04030893331B4A
:1052D8000C933B780D937B783A9A0E93FB68B98AC6
:1052E80097F816C0D31ABA68632928BF63219B1898
:1052F8004FF0000242EB020E0B9A9B1A404A6EF1E5
:10530800000E9A424FF0000272EB0E025FDB3E4A3B
:1053180093424FF0FF327EEB02025ADBDFF8E4E003
:10532800424A002808BF7246CDE903320E9B00931B
:10533800CDE901C10D9B3E4A311B08EB040012F078
:10534800F5FB002802DB2044B04244D3089A00232E
:10535800CA4513704EDDAAEB0903364A182110A876
:1053680012F0E4FB0C9B8342054643D9421C10A96A
:10537800089824F016FC2C443CE0BDF85830B3F5EE
:10538800807F15D1B9F1000F3B464A4602DA7B42CD
:1053980069EB490240F22D118B4272F10002B4BF51
:1053A800254B264B264A382122A812F0BFFBD5E60A
:1053B8009DF85900FFF780FE03460AB9214AF2E733
:1053C800214AF0E7214B224ACEE62746E5E60C4B78
:1053D800A4E70D4BA2E709F1010904460A9B183717
:1053E8009F427FF463AF0BF10103022B4FF0010BD7
:1053F8007FF455AF204631B0BDE8F08F27D70208BB
:1054080000943577B2F70208006CCA8840D70208C2
:1054180066D7020873E902088AD70208BFD70208CC
:10542800DFD70208EDD70208F7D7020863D70208CA
:105438000BD8020827D802084DD7020850D702080F
:105448009FE9020873D702087DD70208F0DC02083A
:1054580058D70208741E002308F80430CAE7144617
:10546800C8E7034B00228B428241024A65E600BF2F
:1054780000943577B2F70208034A0346107810B152
:10548800024A12681A60704775750020604500204E
:105498002DE9F04F85B00F460292064618B9002054
:1054A80005B0BDE8F08F0029F9D0194B1B7800240E
:1054B8000470002BF3D0174DDFF85CA0DFF85CB068
:1054C80005F1CC082A68DAF800301A421CD0029B91
:1054D800ABB1AB68002B08BF5B46009306EB040931
:1054E800391B6B680E4A0391484612F01FFB0028CF
:1054F800039906DA002389F800302046D0E7074BE5
:10550800EBE78142F6D904440C354545DAD1F4E796
:1055180075750020B8B1020860450020B2F702088E
:1055280005E6020800B5A3B00023019301A809F01D
:105538004FFC024658B9084B01991960074B0121E5
:10554800197002A88021FFF7A3FF09F077FC00205B
:1055580023B05DF804FB00BF60450020757500208E
:1055680010B5084B187860B1074B084C1968002330
:10557800184654F8232003330A40332B40EA02002C
:10558800F7D110BD7575002060450020B8B102083C
:10559800044A0548082352F8041F013B81EAF060D9
:1055A800F9D170478CD6002017F4437AF8B50D4E20
:1055B8000D4B32689A4212D1FFF7EAFF746A8442AF
:1055C8000DD1351D0FCD094F3C460FC495E80F008E
:1055D80084E80F000023FB77054B01221A70002096
:1055E8003060F8BD8CD6002017F4437A644500205B
:1055F8007675002070B5114C06460D4610481C22E1
:10560800002124F0F5FA66601DB1AB69A3606B69EF
:10561800E36008F0A7F90B4B185821F08BFD014601
:1056280018B10948132224F045FB084B2360FFF703
:10563800AFFF6062012007F09DFC00BF8CD6002000
:1056480094D60020080000009CD6002017F4437A66
:1056580070B5064B1E78044636B1054D0FCD0FC404
:1056680095E80F0084E80F00304670BD767500207D
:1056780064450020044BBFF35B8F1868BFF35B8F52
:10568800003818BF012070479045002008B5014632
:10569800034817F088F9084607F046FA08BD00BF26
:1056A800904500200146014817F07DB98C4500203F
:1056B800034BBFF35B8F1868BFF35B8FC0B27047B3
:1056C800884500200146014817F06DB9884500203B
:1056D800044BBFF35B8F1868BFF35B8F003818BFAC
:1056E800012070478445002064280146024828BFED
:1056F800642117F058B900BF5000002003289ABF52
:10570800014B185C0020704762FE02080138C0B2E5
:1057180002289ABF014B185C012070475FFE0208FF
:105728000138C0B202289ABF024B53F82000024841
:10573800704700BF84B202086FD9020810B5042868
:10574800074BBFF35B8F28BF012053E8002F43E8C6
:105758000004002CF9D1BFF35B8F17F02FF910BDAF
:105768005400002007B508B1002303700A481DF053
:10577800E6F801A9002007F08FFC014618B9019846
:1057880082681CF0F6FE044808F04EFB034803B09C
:105798005DF804EB17F026B9EC0000208ED902085A
:1057A80070B594B0034605460C4616464021194A82
:1057B80004A812F0BBF901383E281FD804A817F036
:1057C80033F90023122204A901A8CDE901338DF889
:1057D8000C301CF03AFF002810DB314601A8A04726
:1057E800044601A81CF0D1FF064601A81CF08BFF57
:1057F8000CB1002E06DA04A81CF0D3FF00242046C2
:1058080014B070BD294604A81CF0F3FF0028F6DA8E
:10581800F1E700BF93D9020807B5CDE900120349A3
:105828006A46FFF7BDFF03B05DF804FBCFC9010866
:1058380070B5B2B005460E4617F0EBF8C0B10023BC
:105848000193802201AB12A9284617F0FBF8044601
:1058580080B9114A2B46402102A812F067F93F2867
:1058680006DC02A817F0E0F802A928461CF0C1FFE0
:1058780000240EE0019A3F2AEBD912A9304614F011
:10588800BBFD30B9019A12A9304614F015FE002864
:10589800DFD0204632B070BD9AD9020810B5A0B04A
:1058A800802204460846694614F08DFD024620B160
:1058B800034B69462046FFF7AFFF20B010BD00BF7D
:1058C800A1D902081FB5084A0B46CDE901200122DB
:1058D8008DF80C2018684A6801A9904708B19DF80E
:1058E8000C0005B05DF804FBC0B202082DE9F041D8
:1058F800DAB018AD0F462946804616461CF0B4FFAC
:10590800044620B1002420465AB0BDE8F081D5F8FD
:105918000431002BF6D0CDE900008DF808000122F3
:10592800414668461CF091FE00286D46EADB074BAD
:105938008DF85C4003A9C1E91244C1E90035384635
:10594800B047044668461CF0DEFEDCE798B2020861
:105958002DE9F0419AB005460F46164617F059F85A
:1059680050B30024012229466846CDE900448DF849
:1059780008401CF06AFEA042E8461DDB154B039365
:10598800154B8DF86040CDE904380123CDE9164464
:105998008DF8643003A93846B047044640B19DF8F5
:1059A80064402CB104A817F0FFF8431C5C425C412A
:1059B80040461CF0A8FE44B9084B094903AA2846EA
:1059C800CDE90376FFF7ECFE044620461AB0BDE8A1
:1059D800F08100BFE8B2020898B20208AAD902080A
:1059E800CD580008F8B5002380F8233080F84730F8
:1059F80080F8673080F8133180F8543180F891319D
:105A080080F8D13190F8D2310568012B28BF0123E5
:105A1800044680F8D23129462846FBF709FB48B1ED
:105A280000212846FBF70EFB20B939492846FBF729
:105A380027FB00B1364D2560256D29462846FBF722
:105A4800F7FA48B100212846FBF7FCFA20B931499A
:105A58002846FBF715FB00B100252565D4F89850BA
:105A680029462846FBF7E4FA48B100212846FBF707
:105A7800E9FA20B928492846FBF702FB00B10025BE
:105A8800C4F89850E56E29462846FBF7D1FA50B17C
:105A980000212846FBF7D6FA28B94FF0804128465E
:105AA800FBF7EEFA00B11D4DE566D4E90A67324608
:105AB8003B4630463946FAF74FFF68B1184B00228B
:105AC80030463946FAF752FF30B9164B00223046B5
:105AD8003946FAF769FF08B100260027C4E90A67C2
:105AE800D4E90C6732463B4630463946FAF734FF6C
:105AF800F0B10D4B002230463946FAF737FFB8B9F6
:105B08000A4B002230463946FAF74EFF90B10FE0B3
:105B180000001041000061450060EA46CDCC4C3ED3
:105B2800008056C000805640008066C000806640F5
:105B38000026002794F87530082B28BF0823052B6A
:105B480038BF052384F8753094F94C30162BC4E916
:105B58000C6700F35F811E2B6FF00802A8BF1E239D
:105B68009342B8BF134684F84C3094F832315A1E29
:105B78005342534184F8323194F82531591E4B422F
:105B88004B4184F8253194F87730581E43424341FD
:105B980084F8773094F830315D1E6B426B4184F89D
:105BA800303194F886305E1E7342734184F8863033
:105BB80094F887305F1E7B427B4184F8873094F8E5
:105BC8006C3103F1FF3CDCF1000343EB0C0384F878
:105BD8006C3194F816315A1E5342534184F81631E9
:105BE80094F88030591E4B424B4184F8803094F829
:105BF8008130042B28BF002384F8813094F8823048
:105C0800042B28BF002384F8823094F88330642B57
:105C180028BF642384F8833094F81931581E43420E
:105C2800434184F8193194F81A31012B28BF012314
:105C380084F81A3194F876305D1E6B426B4184F813
:105C4800763094F884305E1E7342734184F8843051
:105C580094F885305F1E7B427B4184F8853094F848
:105C6800213103F1FF3CDCF1000343EB0C0384F822
:105C7800213194F822315A1E5342534184F822317B
:105C880094F81431012B28BF012384F8143194F8B7
:105C98001531012B28BF012384F8153194F8673199
:105CA800012B28BF012384F8673194F86D31012B4B
:105CB80028BF012384F86D3194F86531591E4B4291
:105CC8004B4184F8653194F82631022B84BF0023B8
:105CD80084F8263194F82731022B84BF002384F8F6
:105CE800273194F82831022B84BF002384F8283107
:105CF80094F89030022B84BF002384F8903094F8F5
:105D08003531032B84BF012384F8353194F83331BE
:105D1800022B84BF012384F8333194F83431402BAB
:105D280028BF402384F8343194F87C30402B28BFB6
:105D3800402384F87C3094F87D30D4F82C21402B13
:105D480028BF402384F87D3094F87E30402B28BF4C
:105D5800402384F87E3094F81D315A2B28BF5A23EB
:105D680084F81D3194F81B310833DBB2142B84BF3F
:105D7800002384F81B3194F823310C33DBB21A2B3F
:105D880084BF002384F8233194F81C31013B082B8D
:105D98009CBF0A2384F81C311F4B9A4284BF0023FE
:105DA800C4F82C31D4F888301C4A2BB1934228BF50
:105DB80013460A2B38BF0A23C4F88830D4F88C302D
:105DC800934294F8663188BFC4F88C203BB1642BA9
:105DD80028BF64230A2B38BF0A2384F86631B4F835
:105DE80068314BB1B3F5967F28BF4FF49673052BF6
:105DF80038BF0523A4F86831B4F86A314BB1A3F66B
:105E080054339BB240F21452934284BF0023A4F847
:105E18006A31F8BD1623A6E63F420F00803A090012
:105E28002DE9F041592AFAB006468846174603D8A4
:105E380000207AB0BDE8F08104AD01AC01464FF412
:105E4800EC72284623F0ADFE0023042229462046A2
:105E5800C4E90087A36016F0CEFE202205A92046DB
:105E680016F0C9FEA368082204330EA92046A360D1
:105E780016F0C1FE082210A9204616F0BCFE042226
:105E880016A9204616F0B7FE012221A92046DDF802
:105E9800588016F0B0FE01220DF1850120469DF8CC
:105EA800847016F0A8FE01220DF5A171204616F0A7
:105EB800A2FE01220DF23511204616F09CFE22A901
:105EC8002046042216F097FE96494046FBF7BAF89A
:105ED8000028ADD194494046FBF7D2F80028A7D155
:105EE800053F072FA4D8229F90493846FBF7AAF808
:105EF80000289DD18E493846FBF7C2F8002897D173
:105F0800012217A9204616F076FE01220DF59B7195
:105F1800204616F070FE01220DF23711204616F0C9
:105F28006AFE01224EA9204616F065FE042218A931
:105F3800204616F060FE012228A9204616F05BFED6
:105F480001220DF18701204616F055FE01220DF2BF
:105F58004311204616F04FFEA368042201334FA9CF
:105F68002046A36016F047FE012250A9204616F0ED
:105F780042FE01220DF19601204616F03CFE042255
:105F880026A9204616F037FE01220DF241112046BF
:105F980016F031FE012251A9204616F02CFE0122EE
:105FA80049A9204616F027FE012224A9204616F00A
:105FB80022FE01220DF22711204616F01CFE0122B6
:105FC8004AA9204616F017FE1F220DF5A371204698
:105FD80016F011FE10220DF26511204616F00BFE88
:105FE80001220DF27511204616F005FE01220DF56D
:105FF800BB71204616F0FFFD01220DF277112046F5
:1060080016F0F9FD02225EA9204616F0F4FD0222E0
:106018000DF5BD71204616F0EEFD01220DF59371C8
:10602800204616F0E8FD01220DF22911204616F04F
:10603800E2FD01220DF27D11204616F0DCFD022260
:106048000DF5BF71204616F0D6FD01220DF59571AC
:10605800204616F0D0FD01220DF22B11204616F035
:10606800CAFD01224BA9204616F0C5FD01220DF2FA
:106078002D11204616F0BFFD04222AA9204616F04D
:10608800BAFD03220DF59771204616F0B4FD0122E2
:1060980060A9204616F0AFFD01220DF22511204619
:1060A80016F0A9FD01220DF23111204616F0A3FDCC
:1060B80001220DF59971204616F09DFD01224DA98A
:1060C800204616F098FD01220DF23311204616F0F5
:1060D80092FD01220DF19101204616F08CFD01225E
:1060E8000DF19201204616F086FD01220DF5F171A1
:1060F800204616F080FD21220DF28111204616F06F
:106108007AFD40220DF5D171204616F074FD28461F
:10611800FFF768FC4FF4EC722946304623F041FD46
:10612800012086E60000164300401C450000E040C0
:106138000000FA43F8B5002380F8233080F8473090
:1061480080F8673080F8133180F8543180F8913145
:1061580080F8D13190F8D2310568012B28BF01238E
:10616800044680F8D23129462846FAF761FF48B13B
:1061780000212846FAF766FF20B939492846FAF778
:106188007FFF00B1364D2560256D29462846FAF770
:106198004FFF48B100212846FAF754FF20B931498A
:1061A8002846FAF76DFF00B100252565D4F8985008
:1061B80029462846FAF73CFF48B100212846FAF755
:1061C80041FF20B928492846FAF75AFF00B10025AF
:1061D800C4F89850E56E29462846FAF729FF50B1C9
:1061E80000212846FAF72EFF28B94FF080412846AB
:1061F800FAF746FF00B11D4DE566D4E90A67324655
:106208003B4630463946FAF7A7FB68B1184B0022DF
:1062180030463946FAF7AAFB30B9164B0022304609
:106228003946FAF7C1FB08B100260027C4E90A6716
:10623800D4E90C6732463B4630463946FAF78CFBC0
:10624800F0B10D4B002230463946FAF78FFBB8B94A
:106258000A4B002230463946FAF7A6FB90B10FE008
:1062680000001041000061450060EA46CDCC4C3E7C
:10627800008056C000805640008066C0008066409E
:106288000026002794F87530082B28BF0823052B13
:1062980038BF052384F8753094F94C30162BC4E9BF
:1062A8000C6700F35F811E2B6FF00802A8BF1E2346
:1062B8009342B8BF134684F84C3094F832315A1ED2
:1062C8005342534184F8323194F82531591E4B42D8
:1062D8004B4184F8253194F87730581E43424341A6
:1062E80084F8773094F830315D1E6B426B4184F846
:1062F800303194F886305E1E7342734184F88630DC
:1063080094F887305F1E7B427B4184F8873094F88D
:106318006C3103F1FF3CDCF1000343EB0C0384F820
:106328006C3194F816315A1E5342534184F8163191
:1063380094F88030591E4B424B4184F8803094F8D1
:106348008130042B28BF002384F8813094F88230F0
:10635800042B28BF002384F8823094F88330642B00
:1063680028BF642384F8833094F81931581E4342B7
:10637800434184F8193194F81A31012B28BF0123BD
:1063880084F81A3194F876305D1E6B426B4184F8BC
:10639800763094F884305E1E7342734184F88430FA
:1063A80094F885305F1E7B427B4184F8853094F8F1
:1063B800213103F1FF3CDCF1000343EB0C0384F8CB
:1063C800213194F822315A1E5342534184F8223124
:1063D80094F81431012B28BF012384F8143194F860
:1063E8001531012B28BF012384F8153194F8673142
:1063F800012B28BF012384F8673194F86D31012BF4
:1064080028BF012384F86D3194F86531591E4B4239
:106418004B4184F8653194F82631022B84BF002360
:1064280084F8263194F82731022B84BF002384F89E
:10643800273194F82831022B84BF002384F82831AF
:1064480094F89030022B84BF002384F8903094F89D
:106458003531032B84BF012384F8353194F8333167
:10646800022B84BF012384F8333194F83431402B54
:1064780028BF402384F8343194F87C30402B28BF5F
:10648800402384F87C3094F87D30D4F82C21402BBC
:1064980028BF402384F87D3094F87E30402B28BFF5
:1064A800402384F87E3094F81D315A2B28BF5A2394
:1064B80084F81D3194F81B310833DBB2142B84BFE8
:1064C800002384F81B3194F823310C33DBB21A2BE8
:1064D80084BF002384F8233194F81C31013B082B36
:1064E8009CBF0A2384F81C311F4B9A4284BF0023A7
:1064F800C4F82C31D4F888301C4A2BB1934228BFF9
:1065080013460A2B38BF0A23C4F88830D4F88C30D5
:10651800934294F8663188BFC4F88C203BB1642B51
:1065280028BF64230A2B38BF0A2384F86631B4F8DD
:1065380068314BB1B3F5967F28BF4FF49673052B9E
:1065480038BF0523A4F86831B4F86A314BB1A3F613
:1065580054339BB240F21452934284BF0023A4F8F0
:106568006A31F8BD1623A6E63F420F00803A0900BB
:1065780010B5C2681B4904462023043200F096FC7B
:10658800E26819492046283200F09EFDE268174962
:106598002046303200F098FD04F1100220461449DC
:1065A80000F01CFE04F120022046124900F016FEFD
:1065B80004F130022046104900F010FE04F14002B8
:1065C80020460E4900F00AFE04F1500220460C490C
:1065D80000F004FE04F1600220460A49BDE81040BC
:1065E80000F0FCBDD1E10208B4D90208B8D902080C
:1065F80004E1020814D70208BCD90208C3D902086A
:10660800C8D90208CDD90208024900F10C0200F0ED
:10661800FFBC00BFD0D9020810B5C2680B490446B8
:10662800212302F2711200F041FCE2680849204679
:1066380002F5C972402300F039FCE268054920469A
:1066480002F5E972BDE8104000F0E2BCFBE1020887
:10665800DFE1020809E2020810B5C2682B490446C6
:10666800483200F075FDE26829492046783200F08A
:106678006FFDE26827492046743200F0C9FCE268E1
:1066880025492046753200F0C3FCE26823492046BC
:106698007F3200F0BDFCE2682149204602F58A728B
:1066A80000F0B6FCE2681F49204602F2151200F01D
:1066B800AFFCE2681C4920464C3200F0D7FCE26887
:1066C8001A49204600F044FDE26819492046503234
:1066D80000F03EFDE26817492046543200F038FDCC
:1066E800E26815492046683200F032FDE268134935
:1066F800204602F2331200F08BFCE2681049204673
:106708007732BDE8104000F083BC00BF0EE10208FC
:10671800ECD902087CE90208EFD90208F2D902088C
:106728007FE20208FAD9020854E1020817E10208D8
:106738005BE1020805DA02080FDA020819DA020832
:1067480023DA020810B5C26809490446863200F007
:106758005FFCE26807492046883200F0FDFBE268EA
:10676800054920469032BDE8104000F051BC00BFFA
:1067780045DB0208E4DA02082DDA020810B5C2681F
:106788002749044602F59A7200F042FCE26825495E
:1067980020461F2302F59B7200F088FBE26822491D
:1067A8001023204602F2551200F042FBE2681F490E
:1067B800204602F5967200F0CFFBE2681C4920469D
:1067C80002F5987200F024FCE2681A49204602F2A9
:1067D800311200F01DFCE2681749204602F225122A
:1067E80000F016FCE2681549204602F5937200F0A5
:1067F8000FFCE2681249204602F2271200F008FC5A
:10680800E2681049204602F5947200F001FCE26843
:106818000D49204602F22312BDE8104000F026BCC4
:1068280035DA02083EDA020846DA02084FDA0208C8
:1068380053DA02085ADA020863DA02086BDA020845
:1068480074DA02087CDA020884DA020810B5C26831
:1068580035490446803200F0DBFBE26833492046C4
:10686800813200F0D5FBE26831492046823200F0DF
:10687800CFFBE2682F492046833200F0C9FBE2686B
:106888002D49204602F58B7200F0C2FBE2682B49C5
:10689800204602F2191200F0BBFBE26828492046A4
:1068A80002F58D7200F0B4FBE2682649204602F238
:1068B8001B1200F0DBFBE2682349204602F59272C6
:1068C80000F0A6FBE2682149204602F58E7200F02E
:1068D8009FFBE2681E49204602F21D1200F098FB59
:1068E800E2681C490323204602F58F7200F0A0FAE3
:1068F800E2681949204602F2211200F089FBE26899
:106908001649204602F5917200F082FBE2681449AC
:106918002046853200F07CFBE268124920468C3222
:10692800BDE8104000F018BB8EDA020897DA0208BA
:10693800A2DA0208AADA0208BADA0208C0DA0208F9
:10694800C4DA0208CDDA0208D5DA0208DEDA02086B
:106958005FE90208E8DA0208ECDA0208F5DA020868
:10696800FCDA020808DB020810B50446FFF76EFFE0
:10697800E2682649204602F2651200F049FBE26807
:106988002349204602F5B37200F042FBE268214930
:10699800204602F2671200F03BFBE2681E492046DF
:1069A80002F5B47200F006FBE2681C49204602F5C5
:1069B800B57200F0FFFAE2681949204602F5B6728E
:1069C80000F026FBE2681749204602F26D1200F03B
:1069D8001FFBE2681449204602F5B87200F018FB64
:1069E800E2681249204602F5B77200F0E3FAE2685D
:1069F8000F492046983200F0ABFBE2680D4920466B
:106A08008432BDE8104000F003BB00BF11DB020870
:106A180019DB020820DB020825DB02082DDB02084F
:106A280039DB020842DB020848DB020851DB0208B6
:106A3800D8D90208E1D9020800B59DB000231B4A45
:106A48008DF80630CDE91A30029300928DF8163091
:106A580006938DF826300A938DF836300E938DF80C
:106A6800463012938DF8563016938DF86630104ADA
:106A7800104B04921893104A90F8323108920F4A3A
:106A88000C92B3FA83F30E4A039007900B9010927E
:106A980013900C4A17905B09684614928DF83C30A5
:106AA80000F08EF91DB05DF804FB00BF88B3020842
:106AB80010B3020874B3020824B3020838B30208FA
:106AC8004CB3020860B30208F0B5ADF5137D1CADF8
:106AD8000F464FF4EC7201460646284623F061F84B
:106AE800404A0092404A0492404A0892404A0C9216
:106AF800404A1092404A1492404A189295F832211E
:106B08000395B2FA82F20023520939466846CDE964
:106B18001A358DF8063002938DF8163006938DF8E5
:106B280026300A938DF836300E938DF8463012933E
:106B38008DF8563016938DF866308DF83C2085F820
:106B48006C3185F8853007950B951395179516F0D8
:106B580049F99DF83C30039AB3FA83F35B0982F84C
:106B680032310446002838D0B5F88420012385F84E
:106B78006C310AB985F88420AF6C214985F88530D5
:106B88003846FAF75FFAA0B91E493846FAF778FA94
:106B980078B995F87430053B072B0AD8AF6F1A49B6
:106BA8003846FAF74FFA20B918493846FAF768FA1A
:106BB80050B1174BAB64174BAB6740F20753A5F8BE
:106BC8007430162385F84C302846FFF7B3FA4FF493
:106BD800EC722946304622F0E4FF20460DF5137D7D
:106BE800F0BD00BF88B3020810B3020824B302083E
:106BF80038B302084CB3020860B3020874B3020841
:106C08000000164300401C450000E0400000FA4325
:106C18008D67594400007A42A0F10903DBB2172BB3
:106C28009DBF0348D84000F001000020704700BF16
:106C38001300800010B50B4604460949094886B080
:106C4800102A08BF084602461821684610F06EFF51
:106C580023680246DB6869462046984706B010BD9F
:106C680059DB0208E9D7020810B5102A86B00CBF14
:106C7800074A084A04460B466846182110F056FF92
:106C880023680246DB6869462046984706B010BD6F
:106C980059DB02085DDB02082DE9F0471946064674
:106CA8001046089F14461D46F9F756FE28B93D4977
:106CB800304615F0B9FFBDE8F0873B4B4FF0604216
:106CC80020462946F9F770FE08B13849F0E7384BF5
:106CD8004FF0604220462946F9F748FE08B1354989
:106CE800E6E70022002320462946F9F73FFE30B1A7
:106CF8002D21304615F095FF05F100431D462E491C
:106D0800DFF8B8904FF0000A00204FF00008BA45AD
:106D180040DB22462B46F9F701FA0D460446F9F7FF
:106D280075FE8046F9F736FB02460B462046294693
:106D3800F9F7F2F90A2204460D4630464146FFF7B4
:106D480079FF002F03DD2E21304615F06AFFDFF8AA
:106D58006C904FF00008002FADDD4B4642462046B0
:106D68002946F9F791FB0D460446F9F74FFE0A222A
:106D7800014682463046FFF75DFF5046F9F70AFBA9
:106D880002460B4620462946F9F7C6F9013F044654
:106D98000D46E0E742464B46F9F7A0FC0AF1010A26
:106DA800B5E700BF61DB0208FFFFEF4166DB0208C1
:106DB800FFFFEFC165DB02080000E03F0000244050
:106DC8002DE9F041C4B001AC05460E464FF001086C
:106DD80000278460216030460D4984F80881C4F892
:106DE8000480277215F030FF2B6885F804801B6833
:106DF800284698470749304615F016FF404518BF02
:106E080084F8087194F80801AF6044B0BDE8F081D7
:106E18007CDB0208FADB0208037913B10023037153
:106E2800704783680149186815F00EBF6ADB0208CD
:106E3800F8B50F4681681E460B79012B04461546A6
:106E480018D1FFF7E9FFA3683946186815F0FCFE6A
:106E5800A3681449186815F0F7FEA368294618684E
:106E68003246FCF7C5FCA3680F491868BDE8F8402E
:106E780015F0EABE90F9053001EB03118831384668
:106E8800FAF7CEF9014658B93246284622F0B0FE44
:106E9800A268314628460832BDE8F84014F0D1B956
:106EA800F8BD00BF6CDB02086DDB02082DE9F0417C
:106EB800D0F808801D4698F80430012B04460F4688
:106EC800164628D1FFF7A8FFA3683946186815F0B9
:106ED800BBFEA3681A49186815F0B6FEA36816F831
:106EE800011B186821B9BDE8F041164915F0ACBE80
:106EF800222901D11449EFE75C2901D11349EBE7B5
:106F08000A2901D11249E7E70D2901D11149E3E71F
:106F180015F087FEE2E790F9051008EB01113846F5
:106F28008831FAF77DF9074638B9013D2A4608F154
:106F38000801304622F0BEFE7755BDE8F08100BF5B
:106F48006CDB02086DDB02086FDB020872DB0208EB
:106F580075DB020878DB0208F8B587683B79012BF6
:106F680004460E46154613D1FFF756FFA36831466F
:106F7800186815F069FEA3680D49186815F064FED5
:106F8800A368296818680A22BDE8F840FFF752BECE
:106F980090F9051007EB011188313046FAF740F9EE
:106FA80020B907F1080022F032FE2860F8BD00BFC2
:106FB8002CDE0208F8B587683B79012B04460E469B
:106FC800154613D1FFF728FFA3683146186815F056
:106FD8003BFEA3680D49186815F036FEA36829889A
:106FE80018680A22BDE8F840FFF724BE90F905109A
:106FF80007EB011188313046FAF712F920B907F189
:10700800080022F000FE2880F8BD00BF2CDE020830
:10701800F8B587683B79012B04460E46154613D10F
:10702800FFF7FAFEA3683146186815F00DFEA3684D
:107038000D49186815F008FEA368297818680A220F
:10704800BDE8F840FFF7F6BD90F9051007EB011110
:1070580088313046FAF7E4F820B907F1080022F041
:10706800D2FD2870F8BD00BF2CDE0208F8B587688D
:107078003B79012B04460E46154614D1FFF7CCFE8A
:10708800A3683146186815F0DFFDA3680D49186834
:1070980015F0DAFDA36895F9001018680A22BDE812
:1070A800F840FFF7E1BD90F9051007EB01118831B1
:1070B8003046FAF7B5F820B907F1080022F0A3FD29
:1070C8002870F8BD2CDE0208F7B587683B79012BDC
:1070D80004460E46154626D1FFF79EFEA3683146A4
:1070E800186815F0B1FDA3681749186815F0ACFDCC
:1070F800D5E90067A36800221C683046002339469A
:10710800F9F72AFC30B11149204603B0BDE8F04038
:1071180015F09ABD0623009332463B462046FFF7FA
:10712800BBFD03B0F0BD90F9051007EB01118831E4
:107138003046FAF775F80028F3D107F1080022F075
:107148005FFDC5E90001ECE72CDE0208FEEE02084F
:10715800F7B587683B79012B04460E46154626D1BC
:10716800FFF75AFEA3683146186815F06DFDA3684D
:107178001849186815F068FD2D68A368002128468D
:107188001C68F9F755FF30B11349204603B0BDE834
:10719800F04015F059BD2846F9F71EF90B460421B1
:1071A800024600912046FFF777FD03B0F0BD90F945
:1071B800051007EB011188313046FAF731F800283D
:1071C800F3D107F1080022F01BFDF9F73FFC286016
:1071D800EBE700BF2CDE0208FEEE02082DE9F041C5
:1071E800876897F80480B8F1010F05460E461446E3
:1071F80020D1FFF711FEAB683146186815F024FD61
:10720800AB681649186815F01FFDAB68A3602368C2
:1072180084F804801B6820469847AB6810491868B2
:1072280015F002FD012803D0AB68002283F808217D
:10723800BDE8F08190F9051007EB0111883130465F
:10724800F9F7EEFF0028F3D1A7606B79013363717A
:10725800236820461B68BDE8F04118477BDB02081D
:10726800FADB020800487047000080BF00487047FA
:107278007EDB0208004870478EDB02080048704732
:10728800BDE30208034B93F81509003818BF012025
:10729800704700BFF816002000B58FB00346064AB5
:1072A800009102A8302110F041FC044802A91AF00C
:1072B80039FA0FB05DF804FB9ADB0208F8060020E3
:1072C8000148FCF7F7BA00BF000000200148FCF7AE
:1072D80019BB00BF000000200A22A0FB02230148BE
:1072E8000CF06EBF1800002008460149F9F7A2BF4C
:1072F80096DF0208034B1B890BB905F075B900200E
:10730800704700BF084B00202DE9F3410346D0E940
:1073180004069A689F690368B2F870801B680C4677
:107328009847336805461B68304698473B680646C9
:107338005B69384698470749CDE900802A462046C8
:107348004FF47A73B6FBF3F310F01AFC02B0BDE801
:10735800F08100BFBEDB020810B50446054814F0F2
:10736800E1FA2CB1BDE81040034800211AF0E4BC52
:1073780010BD00BFE02D00201006002010B5094800
:1073880015F071FE044640B1074890F8153933B13D
:107398000649A0F580501AF0C5F9204610BD1C46D4
:1073A800FBE700BF084B0020F8160020FCDB0208B2
:1073B80010B50C480C4C4FF4007120F0B5F910F4DE
:1073C800007F06D02168094801F5BD51083101F058
:1073D80053F92468204617F07AFD2046BDE810408E
:1073E80017F089BDF44B0020F04B0020E84A00203C
:1073F8000146014820F095B9F44B002000B5C1B012
:107408000146FF22684622F055FC00238DF8FF3024
:1074180008480022002369461FF065FD28B90420AA
:10742800FFF7E6FF41B05DF804FB03480D2105F0C6
:1074380045F9F7E77005002016DC0208F7B51D4688
:1074480000230E462B70764904461746F9F7E8FEE6
:1074580020B174492046F9F7E3FE30B9724928464D
:1074680003B0BDE8F040F9F7E5BE70492046F9F7EA
:10747800D7FE80B96E4B6F4993F815296E4B002AD9
:1074880008BF0B466D4A4FF48071284603B0BDE82B
:10749800F04010F04BBB6A490E22204622F0F8FB60
:1074A80000283ED10E34264601343378202BFAD0FA
:1074B80061493046F9F7B4FE80B162493046F9F7C0
:1074C800AFFE58B15B493046F9F7AAFEC8B15E492C
:1074D8003046F9F7A5FEA0B15C49C0E7544B93F8D4
:1074E80015790124524E4FF4007086F81549FFF7BC
:1074F8007FFF5CB11FB9A6F580501AF06AF94E4BB0
:1075080006E04B4B002493F81579EBE717B9494B84
:107518004F4AB8E7A6F580501AF096F986F8184948
:10752800F5E74C492046F9F77BFE88B9404BB3F89C
:1075380016390BB9484992E74FF6FF72934205D1C5
:1075480046481AF0E8FA464A03469CE7454A9AE74D
:1075580045491322204622F09BFB00284BD11334C7
:10756800264614F8013B202BFAD040490722304622
:1075780022F08EFB78B300230A2201A9304601933A
:1075880010F048FE3A4C019A1178A1F10903DBB2D8
:10759800172B03D824FA03F3DB070AD43378303BDC
:1075A800092B04D819B941F28833984204DD3149CE
:1075B80055E701320192E6E784B21D4B4FF40070A3
:1075C800A3F81649FFF714FF244A0023937753774B
:1075D80024B9294943E74FF6FF74EEE74FF6FF73E6
:1075E8009C4205D11D481AF096FA244A03464AE7F8
:1075F800234A234647E719484FF480732A46214611
:107608001AF0F1FA50B91F482B462246314680F845
:10761800E07003B0BDE8F04004F092B903B0F0BDEB
:1076280024DC020829DC02082BDC02087ADC0208C8
:10763800F8160020F0DC020873E9020888DC02086A
:1076480096DC020828EB0208FEEE0208A5DC020818
:10765800BBDC0208CDDC0208E0DC0208944500200F
:10766800F4DC020814DD02082ADD0208EDEA02084B
:10767800130080003EDD020868DD020880DD020894
:10768800A4DD020810060020074BBFF35B8F53E808
:10769800001F013143E80012002AF8D1BFF35B8FC5
:1076A8004FF40060FFF7A4BE004B0020074BBFF368
:1076B8005B8F53E8001F013143E80012002AF8D11C
:1076C800BFF35B8F4FF40060FFF792BEFC4A0020C7
:1076D800F0B503460846D3E9023187B0D3E90A4535
:1076E800D3E90C67BFF35B8FD1F8A42BBFF35B8F93
:1076F800BFF35B8FD1F8A83BBFF35B8FBFF35B8F02
:10770800D1F8AC1BBFF35B8FCDE90371CDE901560E
:107718000249009410F034FA07B0F0BDBEDD02084B
:1077280010B5124B1B6803B3114C23681BB9BDE895
:107738001040FFF73DBE0F4B0BB1AFF3008006F0D2
:1077480011F90D4B22681B589A42F0D00B480CF0E7
:107758001DFB4FF48050FFF74BFE0848BDE8104072
:107768004CF2503200230CF0F1BA10BDF04B00205F
:10777800EC4B00200000000008000000D8050020A5
:107788002DE9F04F3D4D3E4BDFF8F8803E4F3F4E20
:10779800DFF8FC90DFF8FCB0DFF8FCA0002489B02B
:1077A8002146202205F108002B602C7122F020FAD6
:1077B8003A4B3B4A1C81C3E900253A4D3A4B3B4AB8
:1077C8001A602846FCF768FF2946404615F097FEE0
:1077D8003A4637493046FCF7DDFA4846354B40F81B
:1077E800043B21464FF4A06222F002FAC9F804458E
:1077F800C9F80C45C9F80845CDE90298DFF8B890F2
:107808002E4BCDE900595A463146504601F0F2FC5C
:107818002B4B2C4A2C48C3F81890C3E900282B4A54
:10782800DFF8AC80DA612B4A0461C3E902A6C3E938
:10783800047BC0E90224C0E9058300220023C0E9D3
:107848000075C0E9362380F8D04080F8E04022492E
:10785800224EA0301FF044FC214B86F820400FCB6D
:10786800C6E9007804AD06F1080787E80F0085E847
:107878000F00C6E9064409B0BDE8F08FC44B0020EC
:1078880028B40208E84A002000000020E02D00206B
:10789800D845002060000020F8060020084B002092
:1078A80050B40208F04A0020044B002000B402083B
:1078B80048A6020878B40208580000205C0000209E
:1078C800B84500208CB4020810060020FD7200089C
:1078D800A01E0020F0050020831D0208944500200A
:1078E80040A902082DE9F0438BB00D4612991F46B6
:1078F800139B012973F100030446164617DB294838
:1079080014F0D7FC012005F0CFFA1FF04AFD0A2237
:107918000023F9F76BFC4FF47A720023F9F716FC91
:107928000146214814F097FF204819F067FFDFF857
:107938008090204BC846C3E90245C3E90467F8E8CC
:10794800040122462B46F9F707F830B158E902013D
:1079580032463B46F9F700F818B9C9E9004548E945
:10796800026702A814F0CAFC134B002230463946BD
:10797800F8F78AFDF9F722F80F4B06460022204651
:107988002946F8F781FDF9F719F8069B0093024696
:107998009DF81C103346012005F0EAF90BB0BDE84C
:1079A800F08300BFF04A0020382A0020F8060020A3
:1079B800C81E0020F005002000408F402DE9F74345
:1079C8002C4C2046FCF71AFB0546204613F07EFE99
:1079D80006462046FCF728FB0746204613F080FEA3
:1079E8008046204613F090FE8146204613F033FD72
:1079F80000B243463A463146CDE90090284605F0A4
:107A080083F9204613F07EFE0546204613F072FEE9
:107A18000646204694F8788A13F012FD0746204659
:107A280013F026FDBFF35B8FE369BFF35B8F003B69
:107A380018BF0123CDE9000342463B46314628469C
:107A480005F078F9BFF35B8FD4F8A40BBFF35B8F15
:107A5800BFF35B8FD4F8A81BBFF35B8FBFF35B8FBB
:107A6800D4F8AC2BBFF35B8F03B0BDE8F04305F04F
:107A780077B900BFE02D00202DE9F047ADF5647D12
:107A8800C0489EAF13F031FC00233B70FDF768FD42
:107A980030F0A0030AD0BC493846F9F7CBFB0122E5
:107AA8004FF487710DF28220FDF7F2FC00F008FC1C
:107AB800B64800F0F9FCFBF743FF4C280DD13846D7
:107AC800F9F7C0FBB24AB34BC0F58C71002808BF68
:107AD8001346B14A384410F029F8AC48DFF8A482BC
:107AE80000F070FDAD4814F062FC4046FBF7E2FE82
:107AF8005DADA8F80400284615F0AFF918B129685B
:107B0800A748FCF7E5FD05F0B5F814F04BFF14F0B5
:107B1800EFFB40B1A34814F0E6FBA34814F0E4FBE4
:107B2800A24814F0E2FBA24EFDF7FCF8A6F5F564B6
:107B38004FF4EC72002106F13809304622F058F86B
:107B48009C4B9D49C4F8A8374846F9F773FB9B4BF3
:107B5800C4F814389A4BC4F8F0379A4BC4F8F43781
:107B68004FF07C53C4F8FC37974BC4F8103840F2F8
:107B78000753C4F81C38954BC4F82038944BC4F804
:107B8800243800214FF0C843C4F8F817C4F828383F
:107B98004FF496704FF48073C4F8401840F2011106
:107BA800A4F82C38C4F8300800234FF46160C4F8F6
:107BB800BC1840F60F71012284F82E38C4F8340836
:107BC80084F83838714884F8C038A4F8C41884F8A0
:107BD800C93884F8CA38A4F8123931467D4B84F87C
:107BE800DB28A4F8C22884F80F2984F87A29C4F875
:107BF800143900F049FDD6E90A236849DFF8D8911D
:107C08006248C9F81060C1E90223D6E90C23C1E92A
:107C18000423A6F1080100F057FD5C48A6F108010D
:107C280000F020FED4F89833A4F5805A53B96B4974
:107C38006B4A1023504616F02DFE54480AF5BD51E4
:107C480000F054FE05AE304612F047FB4F4831466F
:107C580000F0DCFC30B93046FCF7F4FE4B48314606
:107C680000F0DAFC5F486022314621F09AFF94F870
:107C7800AC375BB9F3780293B378019373780093C8
:107C88003378594A594820210FF050FF584859492C
:107C9800C4F88809C4F88C8904F08CFF564BC4F8E2
:107CA8009039564BC4F89439554B564A5649C3F83F
:107CB8001425C9F8E41A554A5549564EC9F8DC2A1C
:107CC800A3F500500022CAE91512C9F8E02AC9F83C
:107CD800E82AC6F800A017F027F83A78484B22B1EE
:107CE8003946A3F5005019F01DFD94F8CA0800386C
:107CF80018BF012004F060FE3C4805F095F8FFF736
:107D08005DFE2048FBF7D6FD07461E48FBF7FAFD47
:107D18000146384605F03AF814F0EAFA05F092F808
:107D280094F82E08003818BF012005F091F894F84F
:107D38000D09013818BF012005F098F894F8DA0801
:107D4800003818BF012005F09DF894F82878381EEF
:107D580018BF0120FDF79AFC94F82908FDF7A2FC4A
:107D680094F82A08FDF7AEFC94F82B08FDF7BCFC44
:107D7800B7FA87F0400904F0B7FE14F0B9FA002802
:107D88005FD049E00000002023DE0208E84A002016
:107D9800B2F702081FDE02082EDE0208F0050020F6
:107DA800F04A002025D10108ED78000829D2010801
:107DB800A01E0020000010417AE60208CDCC4C3EFF
:107DC8008D6759441600002F9A99993E00007A420F
:107DD800404008000101FFFFE02D00204BDE0208B3
:107DE80066FE02081009002052DE0208A41E0020C8
:107DF800C9720008D572000861730008F7D001083D
:107E0800F8260020457400081DD2010823D2010875
:107E1800E1720008F04B0020D4F8300814F076FA2C
:107E2800D4F8340814F071FA94F82E08003818BF02
:107E3800012014F061FA94F82E3813B1012014F0DF
:107E48005CFA94F8BC18AA48003918BF012114F04C
:107E58001FF894F8BD18A648003918BF012114F07E
:107E680029F894F8BE18A248003918BF012113F068
:107E7800F8FF94F8CC3894F8C218019394F8C538F0
:107E88000093003994F8C43894F9C328984818BF67
:107E9800012113F015FB964894F8CC7813F0DEFA1C
:107EA800874299F9553A03D194F9C3289A420AD0DE
:107EB8008F4884F8C33813F0D1FA8E4984F8CC0877
:107EC8008D4800F0D9FB94F8C63873B194F8C738D8
:107ED800002B00F0068194F8C838002B0CBF022252
:107EE80003228649824813F0ECFFFFF767FDD4F8B8
:107EF8004018834813F0F5F982481FF00CFC824BB8
:107F0800824A8048CDF800908021CDE901837A4BE0
:107F180000F000FF7E4804F001FD7E4804F0C8FB35
:107F28007D4A002352F833100133002940F0DB80EA
:107F38007A4A7B4802EBC3014860022102F83310F9
:107F48007849724816F0EDFF94F80D3923B1734C57
:107F58000527013F40F0FA80734B002B40F0008169
:107F680005F000FD714B1A58714B1A604CF25032F3
:107F7800002370486B4CCDE900230CF02BFF4FF029
:107F8800FF334FF0FF32CDE9002341F6BF610022F5
:107F98005C481FF0CDFB074601465A481FF0C4FB5A
:107FA800238943B160680368DB689847002840F07C
:107FB800DA800023238139053AD5BFF35B8F5E4A07
:107FC800002352E8001F42E800300028F9D1BFF32F
:107FD8005B8F9942984602DD052004F06DFEBFF3E1
:107FE8005B8F564B53E8002F43E800810029F9D1F5
:107FF800BFF35B8F002A1BDD204615F034F881465D
:10800800B0B93368208103F5805203F5005882F82F
:10801800980982F8180BD8F8DC0218B119F09BFF00
:10802800C8F8DC920023C8E9B833062004F044FEFF
:10803800FA0406D5336823B1FFF7BAF940480BF0C4
:108048004DFE3B0601D500F0D3FEF80601D514F02D
:108058006DF940F20C431F4240F0D180306800288F
:1080680040F0E7803A072ED5306808B112F0B0FA30
:108078003368DFF8D090002B00F0E28003F58053DE
:1080880093F89829002A00F0DB80D3F89C89D9F866
:108098000030984503D14FF48060FFF7A9F93368A1
:1080A800C9F8008033B1204614F0DDFF10B1306804
:1080B80017F057FB00F08CFF306808B116F0EBFEA4
:1080C800214819F061FDBB057FF559AF31680029DA
:1080D8003FF455AF01F5BD510748083100F0CCFA1F
:1080E8004DE70122FDE6042B7FF41CAF28E700BF13
:1080F800E02D0020A01E0020E84A0020BE1F00201E
:1081080000000020F44B0020F04A0020F806002070
:108118002CB5020805740008D04B0020C44B002081
:10812800044B0020084B002000000000080000005D
:10813800EC4B0020A0040020004B0020FC4A00204B
:10814800D80500206400002094450020E06828B18C
:10815800237A012B02D103685B6898470834F8E654
:10816800AFF30080FCE660682289036836499B69A2
:108178009847238998427FF41EAF1AE7306829464A
:1081880018F0E8FF804650B940F2011302221DA9F9
:108198002046ADF8743014F0CEFF4FF001082946A0
:1081A800204615F051F802460028E7D1B8F1000F33
:1081B80003D04FF48060FFF71BF900222348002307
:1081C8001DA90BF0F5FB0246E0B179057FF546AF36
:1081D8003368002B3FF442AF204614F044FF0028D8
:1081E8003FF43CAF204614F046FF336800287FF484
:1081F80035AF184617F0DEFA0028EDD12EE74FF01C
:108208000008CCE72B4612481DA901F0E9FA2B78A3
:1082180053B107210F4804F051FA2846F9F712F82C
:108228000146284604F04AFA0B48022104F046FAAF
:10823800C3E717F02F0F3FF446AF17F0AFF911E778
:108248004FF0FF382BE700BF124B002070050020CD
:10825800F806002063DE0208ACF702082DE9FF47A4
:10826800D0E90235D3E9049A2B6828461B6A0E46E2
:1082780098470446284613F0DFF80746284613F0C7
:10828800DDF880463846F8F71BFF07B240464FF442
:108298007A73BAFBF3F5B9FBF3F303950293F8F796
:1082A8009BF824B2CDE900013B46044922463046FA
:1082B8000FF066FC04B0BDE8F08700BF6BDE020873
:1082C80010B5074C23784BB9064814F08BFB30B136
:1082D8000123237014F075FB034B1870012010BDA7
:1082E800787500208ED902087775002030B585B0E2
:1082F8000024154601A80122CDE901448DF80C405F
:108308001AF0A3F9A04209DB064B074901AA28463F
:10831800FDF746FA044601A81AF0F5F9204605B01B
:1083280030BD00BFBFDE0208A3D3010830B5054643
:10833800B1B03D4814F06DFB60B93C4814F069FBDE
:1083480040B1394A39492846FFF7D0FF10B13748BC
:1083580014F06AFB364814F05CFB60B9354814F039
:1083680058FB40B1324A33492846FFF7BFFF10B1E6
:10837800304814F059FB304814F04BFB044660BBFE
:108388002E4814F046FB40B32B4A2C492846FFF7E9
:10839800ADFF10B3294814F047FB27498DF8084072
:1083A80003226846CDE900441AF04FF90446A0B903
:1083B8000146022268461AF0D0F92146B42203A8E1
:1083C80021F016FC5024B42203A968461AF0B9F922
:1083D800013CF8D168461AF096F9134814F019FBD5
:1083E80030B1124814F015FB10B1104814F01CFB02
:1083F8000F4814F00EFB30B10E4814F00AFB10B110
:108408000C4814F011FB0C4814F003FB48B10B485E
:1084180014F0FFFA28B1094831B0BDE8304014F033
:1084280003BB31B030BD00BFC8DE0208D7DE02088A
:10843800E6DE0208F5DE020804DF020813DF0208A0
:1084480070B5174B0279174E002A18BF1E46B0B0F8
:108458000546304614F0DDFA0446F8B90146B42260
:1084680003A821F0C5FB122231466846CDE9004435
:108478008DF808401AF0E9F800280FDB2B79002B5B
:108488000CBF14256425B42203A9684601341AF0E8
:1084980058F9AC42F7D168461AF035F930B070BDDA
:1084A80004DF020813DF020810B5064B1B780371BE
:1084B80004460BB1FFF73AFF2046BDE81040FFF72E
:1084C800BFBF00BF7775002007B500230DF1070077
:1084D8008DF80730FDF746F9044B9DF80720187012
:1084E800034B1A7003B05DF804FB00BF78750020D9
:1084F800777500201FB5002307498DF80C3012222C
:1085080001A8CDE901331AF0A0F810B901A81AF0B2
:10851800FAF805B05DF804FB22DF020808B5054843
:1085280014F077FA20B9BDE80840034814F071BA8E
:1085380008BD00BF30DF020840DF020830B51B4825
:1085480095B014F066FA18B10024204615B030BD75
:10855800019001AB1648482202A914F073FA0446A8
:108568000028F1D0019B432BEED9109D11492846D4
:10857800F8F768FD0028E8D10F492846F8F780FD8C
:108588000028E2D19DF84430053B072BDDD8129D29
:108598000A492846F8F756FD0028D6D10849284642
:1085A800F8F76EFD041E18BF0124CEE730DF02087D
:1085B80040DF02080000164300401C450000E04070
:1085C8000000FA4310B504460E4814F022FAB8B970
:1085D8002046FFF7A3FF50B92046FFF775FF204656
:1085E800FFF762FF2046BDE81040FFF783BF204633
:1085F800FFF7A4FF0028EFD1034814F00AFAF1E7C7
:1086080010BD00BF22DF02084FDF02080148FDF756
:108618000FB900BF5DDF02080148FDF73FB900BF91
:108628005DDF020870B5D2B001AD0C4600261148D6
:108638002E602B464FF4A07202A914F003FA10B969
:10864800002052B070BD2A68592AF9D902A92046DB
:10865800FDF7E6FB0028F3D084F88560B4F88420A1
:10866800012384F86C310AB984F8842084F88530B1
:10867800E7E700BF40DF0208014A0248FDF768B992
:10868800416A000830DF020838B50C4A04460C4835
:108698000D46FDF72BF980B9094814F0BAF90948D5
:1086A80014F0B7F918B129462046FFF7BBFF294651
:1086B8002046BDE83840FFF7DFBF38BDD16A000863
:1086C80030DF020840DF02082DE9F0413B4B027918
:1086D8003B4C002A18BF1C46E8B02046884614F0D8
:1086E80098F9002866D000230122214601A8CDE987
:1086F80001338DF80C3019F0A8FF00285ADB14AFAD
:108708009822394601A81AF010F898284FD13AA8AB
:108718003C4611F0D0FD0FCC04AE0FC694E80F0014
:108728001CAD86E80F000FCD42AC0FC495E80F00D2
:1087380084E80F00B7F84030ADF82831D7F8433057
:108748005F9397F847308DF82A3127ADBB6C5B9360
:108758000FCD4BAC0FC40FCD0FC40FCD0FC495E890
:108768000F0084E80F00D7F88C305C93D7F890306E
:108778005D9304ADD7F894305E930FCD0CAC0FC465
:1087880096E80F0084E80F000CAE0FCE3AAD0FC587
:1087980094E80F0085E80F0000238DF82B31D8F8F6
:1087A80000303AA91B68404698470028A8D101A87C
:1087B80019F0A9FF68B0BDE8F08100BFC8DE020863
:1087C800D7DE02082DE9F047224B0679224FE0B0A8
:1087D80032AC0DF10C0807AD2046002E18BF1F461D
:1087E80000230293C8F800300DF1040A01910DF13D
:1087F800080911F060FD0CABAC60C5E900A9C5E93A
:10880800033804AC4EB1154B15492560224638464D
:10881800FCF7C6FF60B0BDE8F087C4E900662672C1
:1088280012223946204619F010FF0028F2DB2146B3
:10883800284614F0CBFD30B1D8F8003098215943C0
:10884800204619F096FF204619F09FFF204619F0A0
:108858005AFFDFE7C8DE0208D7DE02086BDF02082E
:10886800A7D4010870B51F4B02791F4E002A18BF04
:108878001E4696B030460D4614F0CBF880B300245F
:108888000122314602A8CDE902448DF8104019F0C2
:10889800DCFEA04224DB04220DEB020102A819F041
:1088A80044FF0428E6B218D120220DF1350102A8B0
:1088B80019F03BFF202802460FD10DF1150102A83F
:1088C80019F033FF202808D12B6805AA9B68314688
:1088D8002846984701340028DDD102A819F013FF73
:1088E80016B070BDE6DE0208F5DE020810B598B0D5
:1088F8000023CDE902318DF807300DF10703047923
:10890800DFF820C004930848084907AB059302AB79
:10891800069303AA064B002C08BF6046FCF740FFED
:1089280018B010BDF5DE0208E6DE0208B1D4010871
:1089380078DF020870B50D461E460179174B1848B6
:108948000024B0B0A14218BF18460146012268466B
:10895800CDE900448DF8084019F077FEA04219DBF4
:10896800B42203A9684619F0E0FEB42801D0002417
:108978000DE0072204A9284621F04DF90028EFD17F
:108988009DF8174006A92246304621F00AF96846A4
:1089980019F0B9FE204630B070BD00BF04DF0208F0
:1089A80013DF02082DE9F04FB1B099469DF8E88031
:1089B800A8F16403422B07460E4603D9002031B0C4
:1089C800BDE8F08FFFF73CFD3979284B2848002493
:1089D800A14218BF1846014603226846CDE9004463
:1089E8008DF8084019F031FEA042E7DB4FF0FF3B5D
:1089F80025460DF1100AB42203A9684619F095FE20
:108A0800B42822D03068B2880490B379AAF8042038
:108A18004946424606A88AF8063021F0C2F8386866
:108A28008DF8178003681B68984700220390214639
:108A3800684619F092FEB42203A9684619F081FE2F
:108A4800684619F060FE0120B9E707225146304612
:108A580021F0E1F838B1039B5B452CBF5B462C46FF
:108A68009B46B435C7E72C46CCE700BF04DF0208B5
:108A780013DF02081FB50B4B00790B4A002818BFFB
:108A88001A466946104619F037FF40B9DDE9020376
:108A9800C01A019B5843800A05B05DF804FB00200A
:108AA800FAE700BF85DF02088ED902081FB50A4B16
:108AB80000790A4A002818BF1A466946104619F074
:108AC8001BFF30B9DDE901305843800A05B05DF875
:108AD80004FB0020FAE700BF85DF02088ED90208F0
:108AE8002DE9F84300F58C5500F59C560F46904645
:108AF8009946113519360024A1451DDD104920225B
:108B0800284621F088F8A0B115F8012C3B789A4244
:108B18000FD1631C04EB4414681E444405F11F0282
:108B280050F8041B44F8041B9042F9D102782270D3
:108B38001C464135B542DFD12046BDE8F88300BF69
:108B4800A6FE02082DE9F043B5B00DF10D08164652
:108B58000022054602918DF80C20C0211F4A40468C
:108B6800DDE93D970EF0E2FF4046F8F76BFB09EBB5
:108B78000003A02BC8BFC0F1A009044680443C995B
:108B88004A464046053421F00CF84C44002308F8C6
:108B980009303246009402AB0521284611F047FF00
:108BA8000446B8B16FB1F9F75DFF38608046A86E2A
:108BB80003681B6898474146024605F1800010F09B
:108BC8008DFE2B682846D3F8E470224600233146F0
:108BD800B847012035B0BDE8F08300BF8ADF02083E
:108BE8000729F8B50546164639D801EB8114204403
:108BF80041F2901741223146384420F0D2FF10222A
:108C0800184906F1110021F006F83C440346721C8D
:108C1800281903BB10230121FAF760FD05F58C56CE
:108C2800113600274FF0FF3496F82030ABB90E49C3
:108C38002022304620F0EFFF002818BF3C460137BD
:108C4800082F06F14106EFD105F580550134C5F826
:108C580098430120F8BD2023DDE73C46EFE70020DC
:108C6800F8E700BF96FE020876FE020810B5044633
:108C780015F0FAFE20460249BDE8104020F02FBC4E
:108C880009000002F0B587B0154604460E4615F0F7
:108C9800EBFE1422002101A820F0AAFF4FF6F8727B
:108CA800B2EBC50F4FF488534FF6FF72104FADF873
:108CB80000304FEAC50338BF1346ADF802304FF411
:108CC8008063CDE902372A4604F598733146684631
:108CD80020F088FB30B9D4F830113A4604F170001E
:108CE80020F0CAFC012384F8343107B0F0BD00BF7E
:108CF80009008003064BBFF35B8F53E8001F014355
:108D080043E80012002AF8D1BFF35B8F704700BF19
:108D1800344C002010B5094C20600948016009490D
:108D28000A60094A1360094B029A1A60084B039AB1
:108D38001A60084B049A1A6010BD00BF3C4C002012
:108D4800384C0020504C00204C4C0020484C00204F
:108D5800444C0020404C002008B50120FFF7CAFF12
:108D6800034B1968034B1868BDE8084015F0E0BECE
:108D7800384C00203C4C002008B50820FFF7BAFF0B
:108D8800034B1968034B1868BDE8084015F0D0BEBE
:108D9800384C00203C4C002008B50146064815F028
:108DA800B5FE0220FFF7A6FF044B1968044B1868AC
:108DB800BDE8084015F0BCBE304C0020384C0020FF
:108DC8003C4C002008B50146064815F09FFE2020BF
:108DD800FFF790FF044B1968044B1868BDE808407A
:108DE80015F0A6BE244C0020384C00203C4C002036
:108DF80070B56848684D002115F088FE044628685B
:108E0800002800F0C580002C00F0C28014F0090F83
:108E180005D0036804F00101D3F8F430984714F042
:108E280002030ED05D4815F07DFE061E18BF012610
:108E3800304613F062FA2B6803F5805383F82E68E6
:108E4800012360070BD5564815F06CFE2E68C0B29A
:108E5800FCF75CFC06F58056012386F8D808E10685
:108E68000BD5504815F05EFE2B68003803F580538B
:108E780018BF012083F8DA080123A2060BD54A4857
:108E880015F050FE2B68003803F5805318BF0120F9
:108E980083F82808012366060BD5444815F042FEDE
:108EA8002B68003803F5805318BF012083F80D099B
:108EB8000123200608D53E4815F034FE2B6803F53B
:108EC800805383F80E090123A1050BD5394815F005
:108ED80029FE2B68003803F5805318BF012083F85A
:108EE8000F090123620508D5334815F01BFE2B68CE
:108EF80003F58053A3F810090123A6040BD52F48C6
:108F080015F010FE2B68003803F5805318BF0120B8
:108F180083F8C908012360040BD5294815F002FE1F
:108F28002B68003803F5805318BF012083F8CA085E
:108F3800012321050CD5234815F0F4FD2B68C0B298
:108F480003F58053022828BF022083F8DB08012399
:108F5800E20404F4807617D51B4815F0E3FD2B686E
:108F680003F58053C3F8300813F0D0F92968174B7C
:108F780001F5BD5118680831FFF77EFB46B1FEF7D1
:108F8800CFFB012003F0F6FF002BEFD1002EEDD12F
:108F980070BD00BF344C0020504C0020304C0020E5
:108FA8002C4C0020284C0020244C0020204C002071
:108FB8001C4C0020184C0020144C0020084C0020A9
:108FC800044C0020104C00200C4C00204C4C00207D
:108FD8002DE9F04F5C4D2B68EFB0002B00F0B0800E
:108FE8005A4E306803681B68984703F0D5FE2B6813
:108FF80003F5805393F9CB0803F0D4FE544B1C6857
:109008002046FAF7FBFF0746204612F05FFB804632
:109018002046FBF709F88146204612F061FB82469C
:10902800204612F071FB8346204612F014FA00B273
:1090380053464A464146CDE900B0384603F064FE3F
:10904800204612F05FFB0746204612F053FB80468D
:10905800204694F878AA12F0F3F98146204612F0D7
:1090680007FA034604F11C0015F05CFD003818BF30
:109078000120CDE9003052464B464146384603F0C0
:1090880059FE04F6A43015F04DFD034604F6A83049
:1090980015F048FD014604F6AC3015F043FD0246D4
:1090A800184603F05DFE13F025F902AC034688B3B9
:1090B800204613F023F9A37D2BB90093217D1A468E
:1090C800184603F055FE204613F02BF9D4E9011297
:1090D800207803F0C3FE21460422286816F0F1FD2B
:1090E8000746306803681B689847064603F092FEF7
:1090F8006C2307F1FF3803FB0744B8F1000F0DDAC2
:109108002B6803F58053B3F8140B6FB0BDE8F04F2C
:1091180003F0F2BD009002460146D2E714F8643C21
:1091280053B154F8442CB24294BFB21A0022002121
:10913800A4F1640003F040FE08F1FF386C3CDCE762
:109148006FB0BDE8F08F00BF504C0020404C0020AD
:10915800484C002038B508461446F7F77DFD0A4903
:10916800F7F7D2FD0949F7F7C7FC04F03F040546B5
:10917800601CF7F775FD01462846F7F7C5FDF7F7B8
:10918800C5FF00F5FA7038BD0000C04000007A4302
:1091980008B500F580504FF07E51D0F8A807F7F7D2
:1091A800ABFC01460548F7F763FE4FF07C51F7F733
:1091B800A3FCF7F7ABFFC0B208BD00BF0000C84270
:1091C80000F5805090F8CD38DB070CD50139C9B2CD
:1091D80003290AD8064B90F8D9085B5C1840003878
:1091E80018BF01207047012070470020704700BF5A
:1091F800C6FE02082DE9704305461C46079BF9F791
:1092080013FD714B2B60069BAB67089BEB676C6784
:1092180005F18000F9F712FC05F5067011F05DF80C
:1092280005F58656694B2B6005F51E7418362046E1
:10923800B83411F040F8B442F9D105F5A55405F554
:10924800BD562046303411F036F8B442F9D105F550
:109258008056002405F58C50C6F8D84021464FF4B6
:109268000272103020F0C4FC594BC6F89843C6F877
:109278008C41C6F89C432B6003F58873C6F8A03769
:10928800099BC6F88039C6F88C4905F50D50514937
:10929800012213F0B4F905F5D850C6F88449C6F888
:1092A8008849C6F89049C6F8944986F89849C6F896
:1092B8009C49C6F8A04986F8A449C6F8A849C6F842
:1092C800AC49C6F80C4BC6F8104BC6F8144B86F8D8
:1092D800184B21464FF480721C3020F089FC05F5AC
:1092E800E05021464FF4D8621C3020F081FC05F58F
:1092F800005642F2D863C6E9B744C6E9B944C6E99C
:10930800BB44C6E9BD44A6F8E04686F8E246EA183A
:10931800EC5005F50C5318464FF000084FF00009C3
:1093280010305460214686F800452C22C3E9008994
:1093380040E9028920F05CFC05F514502146102212
:10934800013020F055FC05F51450214686F81145EA
:10935800C6F814452022183020F04AFC05F51450B0
:109368002146C6F8384540223C3020F041FC05F53E
:1093780015504FF48072214686F87C453D3020F028
:1093880037FC05F51A5305F51A5086F87D4686F818
:109398007E461149C3E90089C3E90289C3E9048902
:1093A800203086F89846C6F89C46C6F8D0561DF078
:1093B80097FE05F5BD504FF4EC722146083020F0B9
:1093C80017FC2846BDE8708350AF020844B5020870
:1093D80044B602080080C96AD517020838B50446A1
:1093E800806E03680D461B689847002204F50C53ED
:1093F80035B141F2883140185241C3E9000238BD05
:10940800D3E900210A43FAD1034A801845F100053F
:10941800C3E90005F3E700BF80EE36002DE9F04709
:1094280000F500581C46D8F8E832D2F80090ACB0E5
:1094380007460D461646002B5FD000F50B50042258
:10944800283020F0E8FB002857D1042CC8F8E8029F
:109458000DF102084FD059490222301D20F0DBFBE4
:1094680050B98523ADF800302B68CDF80230AB88B1
:10947800A8F80430082333E096F804A0BAF1000FE6
:1094880039D1052C15D185238DF800302B68CDF8FE
:109498000230072CAB888DF801A0A8F80430CDF86D
:1094A800089015D9F3798DF80C300C2C14D80023BA
:1094B80013E073791A011BB12946384615F03FF8B5
:1094C8008523062C18BF96F806A08DF80030DDE736
:1094D80000238DF80C30EAE7337B8DF80D300E232E
:1094E8009DF80010013B0DF10102384615F066FDAC
:1094F8002CB0BDE8F0878623B4E7D8F8EC321BB36C
:10950800042C49D007F50B50042229462C3020F0B2
:1095180082FBD8B9C8F8EC024FF08708043CADF8D4
:1095280000802B68CDF80230782CA8BF7824AB884F
:10953800ADF806302246311D02A820F032FBE31DAB
:109548000DF101024146D0E7042C25D0D8F8F032BD
:10955800994505D10023C8F8F0324FF08B08DDE7B4
:10956800D8F8F832994517D1043CAA2C4FF00003DB
:10957800A8BFAA24C8F8F8328C252246311D0DF15F
:109588000600ADF80050CDF8029020F00AFB631DEC
:109598000DF101022946A8E7786E03685B6B9847CE
:1095A800AE2CA8BFAE248C25224631460DF1020010
:1095B800ADF8005020F0F5FA631CE9E78FDF0208E8
:1095C8002DE9F04700F580550746D5F8146B012EB4
:1095D8008846914626DDD5F80C4B3B484FF0000AEB
:1095E800AD2241F6B1111AEB040303F0010348BFA1
:1095F8005B4202FB03735B5C1B2B37D820FA03F337
:10960800DB0733D5013E564540DCD5F8103BC5F89D
:10961800146B013303F0010348BF5B42012EC5F808
:10962800103B28D1D5F8100BAD234A465843AC2A35
:1096380007EB000141F6B01300F5CD5028BFAC226E
:109648001130CA543844414620F0ABFAD5F8103BE3
:10965800013303F0010348BF5B42C5F8103BD5F85E
:10966800143B0133C5F8143BBDE8F0870AF1010A41
:10967800B245B8D15646013404F0010448BF6442EB
:10968800013EC5F80C4BC5F8146BCBE714EB0A0385
:1096980003F0010304F1010148BF5B4211EB0A0129
:1096A80001F001014FF0AD0248BF494202FB0373CC
:1096B80041F6B01002FB01710144184420F071FA20
:1096C8000AF1010A9FE700BF000102082DE9F04FE7
:1096D8001F4600F50053C1B093F80035DDF8288126
:1096E800022B0446894616466ED911238DF8503050
:1096F800002A67D092F90201F7F7B2FA4FF07A51CF
:10970800F7F702FB4FF08141F7F7FEFAF7F7D8FCBD
:1097180040B200238DF85100ADF852300425494677
:10972800204615F00AF905F580726A4481466B1CDB
:1097380002F8B00C002E4CD0307815F0D3FA00287F
:1097480047D0367903F580736B440DF1500AE81C55
:1097580003F8B06C39460023504402F8AE3C15F0CB
:10976800EBF94046F7F76EFD073505EB000BBBF14B
:10977800B00F88BF4FF0B00B0246414688BFC5F115
:10978800B0020AEB050020F00CFA5A465146204672
:10979800FFF716FF204615F085FF03AA5FFA89F147
:1097A800204615F0B8F8B0B90C4804F580543A468C
:1097B800B4F8143B00934146334618F0BFFB41B060
:1097C800BDE8F08F1046A4E708238DF85030012536
:1097D800A5E7FF26B6E70DF12D00E6E7B2F7020888
:1097E8002DE9F84F074690461D460E4611F8013BF5
:1097F800202BFAD03046F7F725FD04281CD9B3787A
:109808007C2B19D133882B80B378AB7003360335A2
:109818004FF0030900232B70B8F1000F16D0DFF8C2
:1098280070A01C24013C0AD1DFF868A01524013C73
:1098380017D12046BDE8F88F4FF00009EAE75AF83B
:10984800041B3046F7F7ECFC0028EBD107F500576E
:10985800D7F8144594B910492846F7F7EBFC0120CE
:10986800E8E75AF804BB5846F7F7ECFC59460246B5
:10987800304620F00DFA0028D9D1E7E730462B46CC
:109888004A464146A0472878003818BF0120D1E74A
:10989800B4B7020864B7020892DF02082DE9F04362
:1098A8000D4685B00446DDE90C8917461E4614F0BE
:1098B800C1FE95F8410010F010000DD04B4632461D
:1098C80041462046FFF78CFFB0B90D49484605B020
:1098D800BDE8F04320F0AFB9CDE90208CDE900605A
:1098E8003B4620460322294616F0F7F8204605B0E5
:1098F800BDE8F04315F0D6BE05B0BDE8F08300BF63
:10990800A4DF020830B5541EAF2CEFB028BFAF2437
:1099180005462246013101A820F043F901AB002297
:109928001A551D238DF8B43001A90DF1B503284649
:10993800FFF756FF20B909490DF1B50020F07BF972
:109948000DF1B500F7F77EFCAF2828BFAF20421C09
:109958002DA9284615F0EDFA6FB030BDA4DF020836
:1099680030B5012A97B0044605D8062115F0FAFA51
:10997800012017B030BD00F500534A7883F8002560
:1099880000F580550B4B01930B4AD5F8D4380B4999
:10999800002B08BF134603A84822029320F001F9C0
:1099A800B5F8DA38ADF85430522201A9204615F03E
:1099B800C0FADDE70D0E060840E201007CA90208A6
:1099C8000A2A2DE9F84F054619D9481C15F0BCF8A4
:1099D8000B2A03461AD091F80B90B9F1000F15D055
:1099E800394A90420BD90132904218D0374A9042F6
:1099F80005D90132904212D0354A90420FD0062143
:109A0800284615F0AFFA0120BDE8F88F3148A3F5D4
:109A18001232A2F5F8728242F1D84FF00009481DBF
:109A280015F092F8A0F5DA5204462B48183A82420B
:109A3800E5D891F809B0ABF10502072ADFD891F80B
:109A48000AA0AAF10502032AD9D81846F7F704F99B
:109A58002249F7F70DFA80462046F7F7FDF81F4927
:109A6800F7F706FA05F5805407464146D4F8F0079B
:109A7800F7F7DEFA28B3D4F820083946F7F7D8FA0A
:109A8800F8B194F81C68B6EB0B0618BF012605F56B
:109A9800BD51D4F88009C4F8F087C4F8207884F858
:109AA8001CB884F81DA884F8DA980831FEF7E4FD9C
:109AB800D4F890390BB130469847284615F047FA44
:109AC800A1E70126E3E700BF679B060076440D0087
:109AD800F0010E00B0DB2300C885070000007A44BF
:109AE800082A70B504460D4604D8062115F03AFA3E
:109AF800012070BD481C15F027F8F7F7ADF80E499E
:109B0800F7F7B6F904F58056C6F8F807681D15F09A
:109B18001BF8F7F7A1F80849F7F7AAF904F5BD51BA
:109B2800C6F8A8070831D6F88009FEF7A5FD204633
:109B380015F00DFADCE700BF00007A4430B500F5F7
:109B4800805585B0172317498DF804300446D5F899
:109B5800F807F7F7D9F8F7F7D9FA030A8DF80630B6
:109B6800030C10498DF805008DF80730030ED5F861
:109B7800A8078DF80830F7F7C7F8F7F7C7FA030A08
:109B88008DF80A30030C8DF809008DF80B30092286
:109B9800030E01A920468DF80C3015F0CAF90120F2
:109BA80005B030BD00007A44062A10B504460846C0
:109BB80011D90C490622013020F02DF858B9204659
:109BC80015F085F9204615F096F9204615F0BFF9ED
:109BD800012003F0CFF92046062115F0C3F9012032
:109BE80010BD00BF9AF3020873B500F5005405468E
:109BF800D4F8DC0220B118F0AEF90023C4F8DC3246
:109C08000026C4E9B8664FF4005018F0A2F9C4F869
:109C1800DC0278B14FF40053C4F8E4320622084B52
:109C2800009369462846ADF8046015F082F90120D2
:109C380002B070BD0421284615F094F9F7E700BF7B
:109C480013000020042A70B504461DD9D1F801502C
:109C58002DB1104AA5F5C333A03B934214D804F59F
:109C6800805604F5BD51D6F88009C6F8D458083195
:109C7800FEF702FDD6F894390BB1284698472046DE
:109C880015F065F9012070BD0621204615F06AF926
:109C9800F8E700BF9FBB0D00F0B591B0152306464D
:109CA8008DF8003012F024FB48B312F023FB244A4D
:109CB80003463F210DF101000DF038FF00270DF19B
:109CC800060412F01FFB0346E8B110AA151B27B9BA
:109CD8001DB12C2204F8012B013D1A4A29462046C1
:109CE8000DF024FF031E0EDDAB420CD21C4410AB5A
:109CF8001D1B65B12C2304F8013B013D07E001273A
:109D08000DEB0704DDE710AB1D1B002FF1D006F5A6
:109D180080530D4A93F8C138003B18BF01232946E8
:109D280020460DF003FF031E02DDAB4238BFE418E6
:109D38006946621A304615F0FCF8012011B0F0BDF2
:109D4800B4DF0208BBDF0208CBDF020870B5032AC4
:109D580090B004466AD9551E3F2D28BF3F252A4694
:109D6800013168461FF01DFF05F140030DEB0305A7
:109D780000263A21684605F8406C1FF06BFF05463F
:109D8800002839D006702A496846F7F749FAC0B959
:109D98006D78A5F1310045424541284612F0ADFAEB
:109DA80004F5805304F5BD51D3F8800983F82E5883
:109DB8000831FEF761FC204615F0C9F8012010B003
:109DC80070BD1C496846F7F72BFAD0B9681C1FF01C
:109DD8001AFF194B421E9A420ED80A2804F58055DC
:109DE80038BF0A20C5F8300812F090FA04F5BD51C2
:109DF800D5F880090831DCE70621204615F0B2F8CD
:109E0800DCE70E496846F7F70BFA0028F4D16B78BF
:109E1800A3F1310104F580524B424B4104F5BD5189
:109E2800D2F8800982F8C1380831C2E70621E5E78F
:109E380014D7020818D702087F510100DBDF020897
:109E4800052A10B50446084611D90C4905220130E7
:109E58001FF0E1FE58B904F58053D3F8800913F0D8
:109E680052FB204615F073F8012003F083F82046D2
:109E7800062115F077F8012010BD00BF75EC020827
:109E880010B588B01A23044613498DF804300DF133
:109E9800050014F051FE0DF109000F4914F04CFEB5
:109EA8000DF10D000D4914F047FE0DF111000B499D
:109EB80014F042FE0DF11500094914F03DFE0DF1B4
:109EC8001900074914F038FE192201A9204615F097
:109ED80030F8012008B010BD689B060077440D00DB
:109EE800F0010E002DE9F04300F58058B3B0B4231B
:109EF800ADF8C430D8F888390E461546002B00F066
:109F0800A3809847F6F7ACFE9DF8C5909DF8C4303D
:109F180009F103029A4239DA4E49F6F7A9FF0021FE
:109F28000746F7F78FF8002800F0908007F1004007
:109F38004949F6F7E9FE4FF07C51F6F7DDFDF7F7F2
:109F4800E5F8002104463846F7F77CF810B1E443F9
:109F5800A4B2013409F1C8036B44012203F8C42CEC
:109F680009EB020332AA52FA83F3742203F8C42CD1
:109F780032AB09F1020253FA82F209F1040302F842
:109F8800C34C240A02F8C44C8DF8C530334801AAE2
:109F98002946F7F7D1FAD8F88C09002842D0036887
:109FA8005B68984701468046F7F774F8002839D16E
:109FB8009DF8C5709DF8C430FA1C9A4232DA002127
:109FC8004046F7F73FF8002842D008F100402449FE
:109FD800F6F79AFE4FF07C51F6F78EFDF7F796F8F4
:109FE800002104464046F7F72DF810B1E443A4B227
:109FF800013407F1C8036B44012203F8C42C32ABC7
:10A00800BA1853FA82F2672302F8C43C32ABBA1C7E
:10A0180053FA82F23B1D02F8C34C240A02F8C44CDE
:10A028008DF8C530AB0704D512F064F908B112F009
:10A0380077F99DF8C54001A9224630461FF0B1FDC9
:10A04800204633B0BDE8F08300205DE738466FE76F
:10A058004046BCE700007A440000C842F0050020F2
:10A068000000204108B5806F03681B689847034BC0
:10A07800984294BF0020012008BD00BFFF7FC96A35
:10A08800F0B5B5B004460BAD1CA810F026F9402277
:10A09800294604F5067010F072F9402805D04121D0
:10A0A800284611F0C6F835B0F0BD002641270B232D
:10A0B800174A8DF86C60202103A8CDE90057F9F7FD
:10A0C8002FFB03A91CA810F014F99DF87030013B70
:10A0D800DBB2FD2B03D90136B6F5807FE7D104F555
:10A0E80014531CAE183324AC324603CAA24218607B
:10A0F8005960164603F10803F6D14121284611F0AC
:10A1080098F8202103A811F094F860211CA8C8E74A
:10A11800CAFE020810B517F068FD08490722044670
:10A128001FF0B6FD38B9E01D17F05FFD0078B0FAF2
:10A1380080F0400910BD0020FCE700BFEDEA0208EE
:10A1480038B517F052FD0C460546FFF7E3FFB8B9DE
:10A158000D492846F7F764F8A0B10C492846F7F7E7
:10A168005FF878B10A492846F7F75AF8044638B133
:10A1780008492846F7F754F8041E18BF012464421A
:10A18800204638BD0124FBE773E9020828EB0208E2
:10A19800F0DC0208FEEE020870B52C4E3578002D72
:10A1A80051D12B4C4FF4EC72294620461FF020FD6C
:10A1B8002046284B40F8383B2749F7F73BF840F250
:10A1C8000751264B264861672649E366A167264B57
:10A1D800A3644FF0C8410022244BE364C4E91F0183
:10A1E8004FF480714FF07C532265A4F884104FF42B
:10A1F800967C4FF46161C4F8982040F201126365BF
:10A20800C4F814211A4BA36640F60F72C4E922C1A0
:10A218000123A4F81C21174A84F8333184F88650A6
:10A2280084F8905084F81851A4F81A3184F86731EA
:10A2380084F8215184F8225184F8D231A4F86A5163
:10A24800C4F86C213370024870BD00BF79750020D6
:10A2580090390020000010417AE60208CDCC4C3E2F
:10A268004040080000007A428D6759441600002FCC
:10A278009A99993E0101FFFF2DE9F04F16468DB0DE
:10A288000446884604229C4930461D461FF0C3FCFC
:10A29800002840F0758104369849092230461FF09D
:10A2A800BAFC28BB63694FF07E511868F6F724FCA6
:10A2B80001469348F6F7DCFD0646F6F701FF04462B
:10A2C800F6F7CEFC01463046F6F714FC8D49F6F752
:10A2D8001BFD4FF07C51F6F70FFCF6F7F1FE8A4AAA
:10A2E800009023464FF4807128460DF01FFC21E0B2
:10A2F8008649022230461FF08EFC60B963691868EF
:10A30800F6F76AF8CDE90001814A4FF480712846D2
:10A318000DF00CFC0EE07F490A2230461FF07BFC52
:10A3280060B9636993F87F307B4A4FF4807128469F
:10A338000DF0FCFB01200DB0BDE8F08F774912222B
:10A3480030461FF068FC20B975492846F6F772FFB9
:10A35800F0E774490A2230461FF05DFC18B96369BA
:10A3680093F87730E0E77049102230461FF053FC2D
:10A3780048B9636993F815216C4B6D49002A08BFE9
:10A388000B466C4AD1E76C490C2230461FF043FC5F
:10A3980018B9636993F81421EEE768490522304635
:10A3A8001FF039FC00283DD16369986FF6F714F85F
:10A3B80008AECDE90001624A102130460DF0B6FB27
:10A3C8002E2130461FF046FCB0B13046F6F73AFF72
:10A3D80058B1431EF25C302A22D003F130026A449D
:10A3E80012F8102C2E2A08BF184600F130030DEB86
:10A3F8000300002300F8103C636993F87520049269
:10A4080093F87420CDE90262986CF5F7E5FF4D4AA0
:10A41800CDE900014FF4807128460DF087FB89E7EC
:10A428001846D5E74849072230461FF0F4FB08B91B
:10A4380046498AE74649072230461FF0ECFBC0B977
:10A44800A06903685B6F98470646A06903689B6F1D
:10A458009847F5F7C1FFCDE902013046F5F7BCFF93
:10A468003C4ACDE900014FF4807128460DF05EFBAF
:10A4780060E739490E2230461FF0CDFB08B937494D
:10A4880063E737490E2230461FF0C5FB20B96369E0
:10A4980093F83331334A48E733493046F6F7C0FE7C
:10A4A80018B9636993F94C30F4E73049072230460C
:10A4B8001FF0B1FB78B92E492846F6F7BBFEA06914
:10A4C8000368FE22D3F88C30A91C984700287FF433
:10A4D80031AF284939E72849042230461FF09BFB51
:10A4E800002840F011836369986CF5F775FF234ADB
:10A4F800CDE9000109E700BFBDF502081EE1020829
:10A508000000C842000020413BE2020817E10208AF
:10A5180045E202082CE102084CE2020867E1020861
:10A5280051E2020891E1020875E2020873E90208A3
:10A53800F0DC0208BAD7020843E1020804E1020885
:10A548000DE3020886E202085BE1020896E20208CF
:10A55800A0E10208B6E20208ACE10208D7E202086C
:10A568007EE10208FEE2020854E1020803E3020861
:10A5780068DE020896DF02080EE102080BE3020813
:10A58800A749042230461FF046FB002840F0BC8251
:10A59800371DA4490A2238461FF03DFB00284ED13A
:10A5A800FFF7FAFD4FF07E510068F6F7A5FA01466D
:10A5B8009D48F6F75DFC08AA014606F10E0017F063
:10A5C80023FB08B99949C0E6089E99493046F6F731
:10A5D80039FD20B994493046F6F752FD08B195493E
:10A5E800B3E6314690486769F6F742FC4FF07E5172
:10A5F800F6F780FA3860204617F091FB63694FF050
:10A608007E511868F6F778FA01468748F6F730FC65
:10A618000646F6F755FD0446F6F722FB0146304696
:10A62800F6F768FA8249F6F76FFB4FF07C51F6F7B8
:10A6380063FAF6F745FD804A0090234652E67F49C3
:10A64800032238461FF0E7FAE8B9FFF7A5FD08AA84
:10A658000168F01D17F0D8FA08B9794975E6089E1F
:10A6680000213046F6F7EEFC20B976493046F6F779
:10A6780007FD08B1744968E663691E60204617F053
:10A688004EFB724961E672490B2238461FF0C3FA45
:10A69800C8B9A0690368DB6898476E49F6F7C0FD3A
:10A6A80008B96D4951E6FFF777FD08AA90F87F10C1
:10A6B80006F10F0017F0CBFA0028CED06369089A8C
:10A6C80083F87F20DAE76549132238461FF0A3FA9A
:10A6D80000283FF439AE62490B2238461FF09BFA36
:10A6E80090B9FFF759FD08AA90F8771006F10F0006
:10A6F80017F0ADFA30B1089B012B03D8626982F8D4
:10A708007730BBE7574920E65749062238461FF0FD
:10A7180082FA002840F0DD8004F11C000A36534A12
:10A7280000968323842106460DF000FA2C23042288
:10A7380008A9304610F0A9FD0128814640F0A28002
:10A748000898FFF7E7FC002800F09E80FFF724FD3B
:10A75800D0F84880FFF720FD876FFFF71DFD90F8C0
:10A768007460FFF719FD90F8759041494046F6F777
:10A778007DFC002800F0AB803E494046F6F76CFCB3
:10A78800002800F0A480731F072B00F2A080A9F115
:10A798000503032B00F29B8037493846F6F766FC21
:10A7A800002800F0948035493846F6F755FC002813
:10A7B80000F08D806369D3F848B09A6FC3F8488079
:10A7C80093F874A0069293F87520636907929F67BF
:10A7D800636983F87460636983F87590A069036896
:10A7E8001B689847A069079A03680092D3F870908D
:10A7F800069A59465346C84741465846F6F718FC44
:10A8080038B106983946F6F713FC10B1B24500F096
:10A818002E810121204617F08FFA194995E500BFCE
:10A82800C9F50208FFDF02080000C84212E3020867
:10A83800000020413EE302085EE30208F7DF020859
:10A848006BE30208000010418FE302088FDF020863
:10A858000EE00208BDE30208A5E3020856E002087C
:10A8680082E00208C7E30208ECDF0208E6E3020818
:10A878000000164300401C450000E0400000FA4379
:10A88800EBE30208002822DD089800210DF048FBC0
:10A89800B9F1010F80460BD0099800210DF040FB5B
:10A8A800B9F1020F074605D100264FF000095CE711
:10A8B8000027F9E70A981FF0A6F9B9F1030FC6B205
:10A8C800F3D00B981FF09FF95FFA80F94DE78F4995
:10A8D8003BE58F49082238461FF09DF9A0B90C3690
:10A8E8003046FFF717FC48B1FFF756FC006D636967
:10A8F8001865204617F013FA864926E530461FF0FA
:10A908007FF9F6F7A3F8F2E78349082238461FF0E3
:10A9180082F9A0B90C363046FFF7FCFB48B1FFF7C7
:10A928003BFC406D63695865204617F0F8F97B4990
:10A938000BE530461FF064F9F6F788F8F2E7784936
:10A948000F2238461FF067F9A0B913363046FFF7D3
:10A95800E1FB48B1FFF720FC806E636998662046EA
:10A9680017F0DDF96F49F0E430461FF049F9F6F7C2
:10A978006DF8F2E76C490F2238461FF04CF990B990
:10A98800FFF70AFC08AA90F8331106F1130017F034
:10A998005EF910B1089B022B01D96449D5E46269BC
:10A9A80082F833316AE66249032238461FF033F9E8
:10A9B80010BBFFF7F1FB08AA90F94C10F01D17F037
:10A9C80046F9B0B1089B03F109021F2A11D8626940
:10A9D800204682F84C3017F0A2F9D4E90520036824
:10A9E80092F94C10DB6A98476369524A93F94C30E4
:10A9F8009BE4514A162398E4B8F1000F39D14F4926
:10AA0800052238461FF007F9002832D1FFF7C4FBAA
:10AA180008AA816C06F1090017F0F6F850B1089EF3
:10AA280047493046F6F722FB20B146493046F6F74B
:10AA380013FB08B9444988E4636920469F6C9E6407
:10AA480017F06DF9D4E90520016892F875C092F8FD
:10AA58007430CDF800C0D1F87080926F3946C04785
:10AA680039463046F6F7E4FA00283FF4D2AE3749C3
:10AA78006BE43749112238461FF0CDF800BBFFF7C9
:10AA88008BFB90F8151106F11500FFF759FB01280B
:10AA9800064613D8636983F81501204617F03FF975
:10AAA800A069036806F001015B6B984720B16369F0
:10AAB800284A93F8153138E4274946E4274944E4FD
:10AAC80027490D2238461FF0A6F8E8B9FFF764FBBE
:10AAD80090F8141106F11100FFF732FB0128064621
:10AAE800ECD8636983F81401204617F018F9A069B7
:10AAF800036806F001011B6B98470028DCD06369E6
:10AB0800184A93F8143110E4002014E421E40208F0
:10AB180049E002085DE4020892E0020883E40208C2
:10AB28009FE00208A9E402086EE00208D6E40208E1
:10AB380039E00208F8E402080DE5020833E50208E6
:10AB48000000164300401C4539E502080CE40208E1
:10AB58005FE5020871E502088AE502089DE502083A
:10AB680027E00208BDE502082DE9F04F171DB3B034
:10AB780004461646AC490B2238461D461FF04BF8D2
:10AB880020BBFFF709FB06F10F0190F88120A748C9
:10AB980017F08AF8431C06D1A549284633B0BDE80A
:10ABA800F04FF6F747BB6369C0B283F88100FAF744
:10ABB80079FD204617F0B3F89E4B9F4A4FF48071F9
:10ABC800284633B0BDE8F04F0CF0B0BF9B490822CF
:10ABD80038461FF020F8B8B9FFF7DEFA06F10C0185
:10ABE80090F88220964817F05FF8471C01D19549E4
:10ABF800D3E76369C0B283F88200FAF763FD2046A1
:10AC080017F08DF8904BD8E79049102238461FF07E
:10AC180002F820BB14360A221AA930461A960DF0FB
:10AC2800F9FA1A9B1A78252A08BF5A78B3420746B8
:10AC380002D00AB9642801D98549AEE76369C0B270
:10AC480083F88300FAF750FD204617F068F8814A28
:10AC58003B464FF4807128460CF068FFA6E17E4918
:10AC6800052238461EF0D7FF08BBFFF795FA90F883
:10AC78008010B1FA81F106F109004909FFF760FA7D
:10AC8800461C01D1754988E76369B0FA80F040092C
:10AC980083F88000636993F88000003818BF0120AA
:10ACA800FAF7F4FC204617F03AF86D4975E76D4954
:10ACB800072238461EF0AFFF8046002851D106F122
:10ACC8000B076949072238461EF0A5FF78B3F67AC4
:10ACD800322E2CD06549052238461EF09CFF48B319
:10ACE800332E27D06249022238461EF094FF20B343
:10ACF800312E22D05F49032238461EF08CFF70B3F4
:10AD0800302E1CD03846FFF705FA08B95A4944E7EF
:10AD1800FFF742FA90F83001FAF7F0FC831E012B96
:10AD280080460CD811F04BFE48B9544935E74FF02E
:10AD38000208F7E74FF00308F4E74FF001085FFA5D
:10AD480088F840466669FAF7E1FC002186F8300188
:10AD58004046FAF7F3FC404602F08EF8A2E7804638
:10AD6800EDE74749092238461EF055FF90B9FFF72D
:10AD780013FA90F81A1106F10D00FFF7E1F9411CDA
:10AD880080D0636983F81A01A0690368D3F890300A
:10AD9800984787E73B490B2238461EF03CFF18BB13
:10ADA800FFF7FAF91AAA90F91B1106F10F0016F02D
:10ADB8004EFF50B90C2300936FF00703324A4FF44B
:10ADC800807128460CF0B2FEF0E01A9B03F10802ED
:10ADD800142A05D90C2300936FF007032B4AEEE7DA
:10ADE800626982F81B31CFE729490F2238461EF0E5
:10ADF80012FF002852D1FFF7CFF91AAA90F81C11B8
:10AE080006F1130016F023FF08B92249C5E61A9B7C
:10AE18002BB1A3F10A02F52A01D91F49BDE66269DF
:10AE280082F81C31B0E700BFCCE902084CB8020830
:10AE3800D8E902080BE6020803EA020808EA020851
:10AE48002CB8020811EA0208B2F7020840EA020820
:10AE580051EA020866EA020881EA020887EA02085B
:10AE68008FDF0208A9EA020880D9020888D90208F7
:10AE780073E90208F0DC0208B1EA0208F5EA020800
:10AE88002AEB020834EB020840EB020862EB0208E6
:10AE980080EB020890EB0208CFEB0208A2490C22D3
:10AEA80038461EF0B8FEB8B9FFF776F91AAA90F836
:10AEB8001D1106F1100016F0CAFE08B99B496CE690
:10AEC8001A9B2BB1A3F10A02502A01D9984964E6CA
:10AED800626982F81D3157E79649092238461EF003
:10AEE8009AFE40B90021204616F026FF6369924A6F
:10AEF80093F91B3162E69149092238461EF08BFE10
:10AF0800804600286BD109AFADF824000C361AAA88
:10AF18000346B87016F8011F21B101331F2B02F840
:10AF2800011BF7D1C8336B44002203F8602C0AA92F
:10AF3800202304221AA810F0A8F9012806462ED1C9
:10AF4800DDF828907E494846F6F76AF9064630B19A
:10AF58007C494846F6F764F9061E18BF01260DF12C
:10AF68002809BA463B464FF0000BB34521DBA069E0
:10AF78000368F2B29B6B3946984770B36269002345
:10AF8800A2F81E3182F82031B0451DDB204616F0AC
:10AF9800C6FE6D496D4B002E08BF1946FDE5032816
:10AFA800DDDD6B49032228460CF0EAFD33B0BDE82D
:10AFB800F08F59F8040B07931EF025FE079B0BF141
:10AFC800010B03F8010BD0E763691AF8012B43441E
:10AFD80008F1010883F81E21D6E75E49DDE55E49E0
:10AFE800162238461EF017FED0B9FFF7D5F81AAA70
:10AFF80090F84F1006F11A0016F029FE08B95749C3
:10B00800CBE51A9B5A1E012A01D9A82B01DD544908
:10B01800C3E5626982F84F30A0690368DB69B7E667
:10B028005049102238461EF0F6FD00BBFFF7B4F871
:10B0380090F84E101AAA490006F1140016F007FEFF
:10B0480010B9494A3C23B9E51A9B5A1E3A2A01D934
:10B05800F02B02DD454A3C23B0E5626903EBD3736C
:10B068005B1082F84E30A06903689B6990E64049FE
:10B078000F2238461EF0CFFD30B9606906F1130182
:10B08800583016F004FE0DE63A49082238461EF0FC
:10B09800C2FD28BB06F10C0240210AA810F0D1F825
:10B0A80008B9354979E50AA8F7F7E4FD0028F8D08A
:10B0B8001AA80FF012F940220AA91AA80FF035F9B8
:10B0C800A06903681AA99B6D98472C492846F6F78A
:10B0D800B1F820221AA905F12100F8F76FFB65E7FE
:10B0E8002749052238461EF096FD00285AD1083611
:10B0F800314611F8013F1BB96269101D03324AE05D
:10B108003A2B0AD8292BF4D91E4A2A3BDBB222FA59
:10B1180003F3DA07EDD51C493FE53F2BFBD05B3B3A
:10B12800022BF8D9E5E700BF04EC020811EC02088D
:10B1380046EC020871EC02087BEC0208B4EC020849
:10B14800FEEE0208F0DC0208A2E90208B5E90208EE
:10B15800BEEC0208DAEC020808ED02081FED02084E
:10B168004AED02080EED02086FED02089DED020897
:10B17800C5ED0208D5ED0208DEED0208EDED020886
:10B18800B3E0020805000100CBF2020801331F2BCF
:10B1980002F8011F03D016F8011F0029F6D100227A
:10B1A800C2547FE59749072238461EF034FDF8B9A6
:10B1B8000B369549022230461EF02DFD38B96369D9
:10B1C80083F84D00204616F0AAFD9049E5E4904921
:10B1D800032230461EF01FFD40B96369012283F83F
:10B1E8004D20204616F09BFD8A49D6E48A49D4E4CE
:10B1F8008A49042238461EF00EFD80B908363046CA
:10B20800FEF788FF38B1FEF7C7FFD0E90A01636986
:10B21800C3E90A0146E530461EF0F2FCF7E780492B
:10B22800042238461EF0F7FC80B908363046FEF78F
:10B2380071FF38B1FEF7B0FFD0E90C016369C3E9CB
:10B248000C012FE530461EF0DBFCF7E775491122AB
:10B2580038461EF0E0FC90B9FEF79EFF1AAA90F857
:10B268007E1006F1150016F0F2FC10B11A9B402B67
:10B2780001D96D4991E4626982F87E3012E56B4923
:10B28800132238461EF0C7FC88B9FEF785FF1AAAB4
:10B2980090F87D1006F1170016F0D9FC0028E8D0C8
:10B2A8001A9B402BE5D8626982F87D30FAE4604940
:10B2B8000A2238461EF0AFFC88B9FEF76DFF1AAABD
:10B2C80090F87C1006F10E0016F0C1FC0028D0D0D2
:10B2D8001A9B402BCDD8626982F87C30E2E455494C
:10B2E800132238461EF097FC002828D1A06903686D
:10B2F800DB6898475049F5F793FF08B94F494CE484
:10B308004F491AAA06F1170016F07EFC08B94D49F4
:10B3180043E41A9E00213046F5F7A8FE68B14FF0C5
:10B3280080413046F5F798FE38B16369DE66A0695A
:10B3380003683146DB6F9847B4E443492DE4434939
:10B348000B2238461EF067FC98B963690E369C33A9
:10B3580016F8011F21B162699C329A1A762A02DD19
:10B3680000221A709EE47C2908BF0A2103F8011BF9
:10B37800EEE737490C2238461EF04DFC002839D13B
:10B38800A0690368DB6898472B49F5F749FF00284F
:10B39800B4D010361E49032230461EF03CFCE0B102
:10B3A8002C49072230461EF036FCE8B12A4908220B
:10B3B80030461EF030FCC8B12849062230461EF03F
:10B3C8002AFCA8B13046FEF7A5FE50B1FEF7E4FE10
:10B3D80090F83501FF283FF4E9AD636983F835013A
:10B3E80060E41F49FFF7D9BB0120F6E70220F4E724
:10B3F8000320F2E71B493846F5F712FFB0BB1A499C
:10B40800FFF7CBBB0FEE020873E9020817EE02083C
:10B41800F0DC02082DEE020844EE02085DEE020898
:10B4280062EE020867EE020879EE020897EE02085B
:10B43800ABEE0208B6EE0208BDE30208A5E3020877
:10B44800CDCC4C3ECAEE0208EBEE020800EF020833
:10B458000CEF0208F2E60208FCE6020807E7020819
:10B4680019EF020854EF02086AEF0208AB491622E6
:10B4780038461EF0D0FB00284BD106F11A001EF00A
:10B48800C2FB0646206803681B689847804610B9C7
:10B49800A349FFF782BBB7B2A7F6B833B3F5AF6FCE
:10B4A80002D9A049FFF779BB20680368DB68984791
:10B4B80081463846F5F7D0FB4946F5F725FC07469F
:10B4C8004046F5F7C9FB01463846F5F7D1FC6369F4
:10B4D800C3F8980007462068036839469B68984770
:10B4E800002851D0204616F01AFCB6B23846CDE9ED
:10B4F8000486F4F771FFCDE902014846F4F76CFFC2
:10B50800894ACDE900014FF4807128460CF00EFB02
:10B518004CE58649132238461EF07DFB00283AD1B7
:10B52800206803681B68984707460028B0D0804BFE
:10B5380020681B68B3F800900368DB68984780466A
:10B548004846F5F789FB4146F5F7DEFB06463846DF
:10B55800F5F782FB01463046F5F78AFC6369C3F8C4
:10B56800980006462068036831469B68984758B19A
:10B57800204616F0D4FB3046CDE90479F4F72CFFC9
:10B58800CDE902014046B9E763690022C3F8982073
:10B598006849FFF702BB68490F2238461EF03BFB9B
:10B5A80000283DD1FEF7F8FD1AAAD0F8981006F148
:10B5B800130016F029FB78B11A9E00213046F5F7E2
:10B5C80037FD60B95D493046F5F73CFD20B95C4967
:10B5D8003046F5F755FD10B15A49FFF7DEBA206835
:10B5E800036831469B6898470028D1D06369204694
:10B5F800C3F8986016F093FB00213046F5F718FD64
:10B6080010B15149FFF7C9BA3046F4F7E5FE4F4A81
:10B61800CDE900014FF4807128460CF087FAC5E4A3
:10B628004B49072238461EF0F6FAC0B9FEF7B4FDBA
:10B6380090F8161106F10B00FEF782FD01280BD8D1
:10B64800636983F81601204616F069FB6369414A6D
:10B6580093F81631FFF7B2BA3F49FFF79EBA3F4950
:10B668000F2238461EF0D7FA60B9FEF795FD90F81C
:10B67800211106F11300FEF763FD0128ECD83849C3
:10B68800FFF78BBA37490D2238461EF0C4FAC0B905
:10B69800FEF782FD90F8221106F11100FEF750FD29
:10B6A80001280646D8D800F0010001F085F9636941
:10B6B800204683F8226116F032FB2B4A3346FFF707
:10B6C8007DBA2A490A2238461EF0A5FA002851D127
:10B6D800FEF762FD1AAA90F9231106F10E0016F082
:10B6E800B6FA28B90E2300936FF00B03FFF766BB79
:10B6F8001A9E06F10C031A2B05D90E2300936FF03E
:10B708000B03FFF76BBB6369204683F8236116F0D0
:10B7180006FB174A3346FFF751BA00BFA7EF0208E6
:10B72800BEEF0208E2EF02080CF0020838F0020847
:10B7380094B30208D1E702084CF002080000C8429E
:10B748000060EA465CF002089AF00208BEF00208BF
:10B75800DAF00208E2F002089DE5020803F10208A7
:10B7680013F1020825F1020833F10208F5E0020896
:10B7780048F102085F49082238461EF04CFA014693
:10B7880098B906F10C00FEF7DBFC0128044609D83D
:10B7980000F0010010F0CCFD012C0CBF56495749B0
:10B7A800FFF7FBB95649FFF7F8B956490B22384657
:10B7B8001EF031FA70BB0F36374601363B78202B26
:10B7C800FAD000231AA90A2238461A930CF096FDDB
:10B7D8004D4906463846F5F723FD60B13B783BB145
:10B7E8001A9BBB4204D01B7813B9484B9E4204D91C
:10B7F8004749FFF7D2B94FF4616663693046C3F829
:10B808008C6010F082FD204616F089FA414A3346D2
:10B81800FFF71FBA4049082238461EF0FCF90028F5
:10B828003BD10C36374616F8013B202BFAD06BB3C8
:10B8380035493846F5F7F4FCD0B9A0690368D3F860
:10B848009C309847064636B1304B9E4228BF1E466C
:10B858000A2E38BF0A2663693046C3F8886010F09C
:10B8680055FD204616F05BFA9EB92C49FFF795B9AD
:10B8780000230A221AA938461A930CF03FFD1A9B96
:10B88800BB42064602D01B78002BDCD02449FFF7C8
:10B8980084B9244A3346FFF791B923490D22384623
:10B8A8001EF0B9F910BBFEF777FC90F8191106F1F4
:10B8B8001100FEF745FC0646A0690368D3F89830E6
:10B8C800984710B91949FFF768B9731C3FF4DAA90A
:10B8D8006369204683F8196116F021FA144A154B5A
:10B8E800002E08BF1346144AFFF768B9134A3B46AF
:10B8F800FFF764B97DE802085AF102089DF10208D1
:10B90800AFF1020886E80208EDEA0208803A090069
:10B91800D0F1020813F2020892E8020862F2020863
:10B9280029F202087EF2020891F2020896DF020864
:10B93800F0DC020873E902089FF20208B4F2020878
:10B948002DE9F04F91B00446884615461E46FEF78D
:10B9580093FC002840F0E381206803684246DF6ECC
:10B9680029463346B847002840F0D9819A492846E5
:10B97800F5F756FC30B99949304611B0BDE8F04F9B
:10B98800F5F758BC9649092228461EF044F950B9E3
:10B9980094493046F5F74EFC0321204611B0BDE826
:10B9A800F04F16F023BA9049082228461EF033F9C2
:10B9B80008B98E49E0E78E49082228461EF02BF97F
:10B9C80028B18C49082228461EF025F928B98A4949
:10B9D8003046F5F72FFC0421DFE788490622284680
:10B9E8001EF019F928B986493046F5F723FC0121DC
:10B9F800D3E78449092228461EF00DF930B960685A
:10BA0800814903685B6898478049EDE780490E22C1
:10BA180028461EF000F940B9A069036840F2DC51DD
:10BA28005B69002298477B49A6E77B49062228469E
:10BA38001EF0F1F840B9A069036840F2DC515B6977
:10BA480001229847754997E775490A2228461EF04A
:10BA5800E2F800283AD1606803681B689847804577
:10BA680032D96068036808F101015B6898470420CF
:10BA780001F01AFAA0690368D3F898309847054688
:10BA880050B116F0B9F84FF47A720023F5F75EFB5F
:10BA98000146284610F0D5FE606803681B68984781
:10BAA8000890002308A809930BF084FF43695D4AB6
:10BAB80003F26C730393036901330293C368019320
:10BAC8004368009383681EE0574955E757490522A4
:10BAD80028461EF0A0F80746D8B9606803681B68B6
:10BAE8009847CDE9080708A80BF064FF4369504A56
:10BAF80003F26C730393036901330293C3680193E0
:10BB08004368009383684FF4807130460CF00EF858
:10BB180005E14849052228461EF07DF8074670BB16
:10BB280004350A2115F8013F303BDAB2092A21D938
:10BB3800606803681B689847B8421ED2606803684B
:10BB480039465B689847042001F0AEF9A06903689C
:10BB5800D3F898309847044650B116F04DF84FF492
:10BB68007A720023F5F7F2FA0146204610F069FED2
:10BB7800089796E701FB0737D4E72F49FCE62F49DA
:10BB8800092228461EF047F838B9A0690368DB6B1C
:10BB9800314611B0BDE8F04F184729491022284610
:10BBA8001EF039F8002851D110352846F5F74AFB20
:10BBB800402828BF402047102A46394608A80FF0D9
:10BBC80040FB38B1A069036808A91B6C3A4698473E
:10BBD8001C49D1E61C49CFE607F3020811F3020815
:10BBE80046F3020850F302086EF3020877F30208DE
:10BBF800BBE10208C4E1020885F302089AF30208CF
:10BC08004AF5020897F30208EF934466A1F3020885
:10BC1800BDF30208CCF3020880F60208E5F3020837
:10BC2800F6F3020801F402082AF4020849F40208AB
:10BC380011F402084FF4020855F4020876F40208D9
:10BC480080F402088FDF020891F402089E490A2254
:10BC580028461DF0E0FF0746002872D104F11C00B9
:10BC68000A359A4A00958323054684210BF05EFF26
:10BC780028462C23052208A90FF007FB051E5DDDC9
:10BC8800089839460CF04CF9012D83464AD009989A
:10BC980039460CF045F9022D814648D00A981DF026
:10BCA800B2FF032D5FFA80FA45D00B981DF0ABFF69
:10BCB800042D5FFA80F803D00C981DF0A4FF074606
:10BCC80083495846F5F7D2F9002837D081495846B4
:10BCD800F5F7C2F990B3AAF10503072B2ED8A8F1FE
:10BCE8000503032B2AD87C494846F5F7BFF928B342
:10BCF8007A494846F5F7B0F900B3002F1EDDA06970
:10BD08000368CDE900874A461C6E59465346A0474A
:10BD1800734A3B464FF4807130460BF007FF11B071
:10BD2800BDE8F08FB846BA464FF00009C8E74FF0B3
:10BD38000008C246C4E74FF00008C1E7694B6A4AE9
:10BD4800E8E76A49092228461DF065FF98B9606945
:10BD580005F10901383015F09AFF204615F0DFFF8C
:10BD68006369634A38334FF48071304611B0BDE8D7
:10BD7800F04F0BF0DBBE5F490B2228461DF04BFF4E
:10BD880028B9A0690368DB6D98475B49F4E55B490E
:10BD9800042228461DF03FFF40B933462A46414653
:10BDA800204611B0BDE8F04FF5F76ABE54490422A9
:10BDB80028461DF030FF40B933462A464146204602
:10BDC80011B0BDE8F04FFEF7CFBEB8F1000F0DD1AE
:10BDD8004C492846F5F724FA40B9A06903681B695D
:10BDE800984708B14849FFE54849C5E5484903224D
:10BDF80028461DF010FF88B9A06903685B6898475A
:10BE08000546A06903689B689847424A00902B46FC
:10BE18004FF4807130460BF089FE80E73E490522D9
:10BE280028461DF0F8FE30B9206803681B6998475A
:10BE38003A4A034697E73A492846F5F7F1F90028C0
:10BE480078D1206803689B6C9847002837D0206811
:10BE5800344D0368DB6C9847334B002818BF1D46E8
:10BE6800206803681B6D984700282AD020682D4F4A
:10BE780003685B6D98472C4B002818BF1F46206845
:10BE8800DFF8A4900368DFF89CA01B6898478046F9
:10BE9800206803681B6C9847002818BFCA462068AA
:10BEA80003685B6C98471F4A002818BF4A46CDE9CB
:10BEB80002A2CDE900571D4A4346A02125E61C4DA4
:10BEC800CEE71B4FDBE700BFA1F40208E6E3020858
:10BED8000000164300401C450000E0400000FA4303
:10BEE800ACF40208C9F40208CFF40208CBED02084A
:10BEF80007F5020818F5020824F50208BDF502083E
:10BF0800C9F5020834F7020837F5020859F502089E
:10BF1800B4E7020870F502080ED702089FE9020884
:10BF28007FF50208F4F20208F7F2020885F5020824
:10BF38009CD302089D490B2228461DF06CFE50B97F
:10BF4800A06805F10B0115F0CAFE034608B1984A2E
:10BF580009E7984910E598490B2228461DF05BFE31
:10BF680010BB0B35954A009504F11C0083238421EE
:10BF780005460BF0DBFD202302220DEB03012846CA
:10BF88000FF083F900280ADD0128089908D0099ADA
:10BF9800A06803689B69984720B18949ECE48949FE
:10BFA800844AF5E78849E7E488490B2228461DF0CA
:10BFB80032FE0746002850D1A0680368DB6898471E
:10BFC80080462846F5F73EF90B2809D90B350A2192
:10BFD80015F8012F303AD3B2092B05D9002F01DB10
:10BFE800474504DB7A49C7E401FB0727F0E7794AAC
:10BFF80043464FF4807130460BF098FD3046F5F714
:10C0080021F93518A5EB0609B9F1850F07DDB84503
:10C018001FDD714A3B46C9F580712846A6E6A0682F
:10C02800036839461B6998478246A0680368394601
:10C038005B699847694A00905346C9F5807128465C
:10C048000BF074FD2846F5F7FDF80137B8450544AF
:10C05800D8D1002305F8013C61E66149062228464B
:10C068001DF0D9FD80B9A0685E4A03685E499B69E6
:10C07800984738B16369012283F88620204615F075
:10C088004EFE8AE7594977E45949072228461DF0A8
:10C09800C2FD074658B9A068564A036852499B69C9
:10C0A80098470028EED0636983F88670E6E752491E
:10C0B800082228461DF0AFFD70B9A06803681B6A06
:10C0C800984708B94D4957E410F014F908B94C4994
:10C0D80052E410F025F960E74A492846F5F7A0F838
:10C0E800E8B9A06803681B6A98470028EAD03E4967
:10C0F800A06815F0F4FD034628B13A49F5F790F821
:10C10800B0FA80F35B09404AA02130460BF00EFDDF
:10C118009A21B01D11B0BDE8F04FF8F7BFBC3B49FC
:10C128000A2228461DF077FD60B9A2686369D2E942
:10C138000201C3E90A01A2686369D2E90401C3E9FB
:10C148000C019BE732490A2228461DF064FD0028AD
:10C1580076D12846F5F776F80A280FD1636993F85F
:10C168009030012B07D0022B03D0002B65D1294931
:10C1780002E4294900E42949FFF7FEBB0B352849A9
:10C18800042228461DF047FD18B9636983F890001A
:10C1980074E72449052228461DF03DFD002843D1B7
:10C1A8006369012283F8902068E700BFB6F50208AA
:10C1B800BAD70208FBF20208C2F50208E6E3020851
:10C1C8004DD70208B2F70208CEF50208E4F50208D6
:10C1D800F0F50208FEF502080EF6020807F6020856
:10C1E8001AF6020828EB020814D7020821F60208FA
:10C1F80036F60208FEEE02083EF6020847F6020886
:10C208005EF602087DE8020869F6020871F602087F
:10C218007CF6020887F602088EF6020896F60208EF
:10C2280089F6020898F602086649052228461DF094
:10C23800F2FC10B963690222B4E76349FFF79CBBBB
:10C248006249032228461DF0E6FC58BBA068036833
:10C258001B6A984710B95E49FFF78EBB10F04AF881
:10C2680010B95C49FFF788BB05A810F05AF85A4C7A
:10C278009DF81410594B08A8022918BF1C4610F045
:10C2880048F8574A574B002818BF1346BDF81620E0
:10C298004FF48071CDE900323046534A23460BF003
:10C2A80045FC3CE551490E2228461DF0B4FC10B966
:10C2B8004F49FFF761BB4F490F2228461DF0ABFCE1
:10C2C80030B9636983F88400204615F028FDC8E773
:10C2D80049490B2228461DF09EFC50B963693D4A26
:10C2E80093F88410454B002918BF1A461146FFF7EA
:10C2F80043BB4349092228461DF08DFC38B9A06983
:10C30800036801211B6A98473E49FFF735BB3E4940
:10C31800082228461DF07FFC014630B9A069036851
:10C328001B6A98473949FFF727BB3949092228462C
:10C338001DF071FC30B9A06903685B6A98473549FC
:10C34800FFF71ABBB8F1000F38D13349032228464A
:10C358001DF061FC30B9A06903689B6A98472F49B2
:10C36800FFF70ABB2E490D2228461DF054FC38B9A8
:10C378006B7B13F0DF0F03D1A06903681B6D07E423
:10C3880028490B2228461DF046FC40B9EB7A13F0E9
:10C39800DF0F04D1A0690368DB6CFFF7F9BB224902
:10C3A8000A2228461DF037FC40B9AB7A13F0DF0F9C
:10C3B80004D1A06903689B6CFFF7EABB1B49FFF730
:10C3C800DBBA00BF90F602085EFD020814D7020827
:10C3D8009EF60208F0DC020800F302088AE8020868
:10C3E8001EE902081BE90208ADF60208C1F60208B8
:10C3F800D0F60208E4F60208F4F6020873E9020827
:10C4080000F702080AF7020818F7020821F70208DD
:10C4180030F702083AF7020848F702084CF7020812
:10C4280053F7020861F702086DF70208A4DF020853
:10C43800084B1A78084B1978914209D01A70074BA3
:10C448001B682BB112B19B6813B11847DB68FBE777
:10C45800704700BFFE750020FD750020584C002075
:10C4680070B5044690B0A3685B6C0BB12046984742
:10C47800A3681B6C002B69D020469847002865DD0F
:10C48800A3685B6B002B2BD1A3689B69002B2CD175
:10C49800A3685B6A002B36D1EFF31186102383F370
:10C4A80012882B482A4D0022694615F0B5FC3F2812
:10C4B8002ED94022A36800995B69002B2FD0204613
:10C4C800984700282BDDEA88A988024493B2B2EB8A
:10C4D800410F4FEA410024BF1B1A9BB2EB801EE0BC
:10C4E800204698470028D3D0CEE740226946204608
:10C4F8009847021ECCDD1748694615F0C1FC16485E
:10C5080007F0BEFDC4E7204698470028ABD0C3E734
:10C518000022284615F080FC02460028CAD12A8944
:10C52800EB889A4202D086F311889CE7A3681B6ABD
:10C538000BB12046984786F31188084B1B68002BDF
:10C5480091D05B68002B8ED098478CE710B070BDF7
:10C558005C4C00206C4C002068000020584C0020E7
:10C56800F7B51F4E336805460C462BB34B1EAF2B51
:10C5780022D83E238DF8043000238DF805108DF85D
:10C58800063001F1030EEFF31187102383F31288AD
:10C59800144A9188B2F808C0D088844538BF928878
:10C5A800ACEB00039BB23CBF03EB42039BB2CB1A3C
:10C5B8009E4505D987F311880024204603B0F0BDB5
:10C5C80001A90848032215F05BFC064822462946C3
:10C5D80015F056FC87F31188306815F044FCECE739
:10C5E800784C00205C4C0020094B1B686BB1EFF3C2
:10C5F8001182102383F31288064B1889DB88C31A2B
:10C608005842584182F3118870470120704700BF93
:10C61800784C00205C4C002070B5104B014618681F
:10C62800D0B1EFF31186102383F312880C48838866
:10C638000589C488A54238BF8088A5EB040292B258
:10C648003CBF02EB400292B2981A033181428CBF80
:10C658000020012086F3118870BD00BF784C0020AF
:10C668005C4C002030B50546AFB00A4800220023D4
:10C6780001A907F09DF950B9BDF804400DF1060174
:10C68800224628461DF08DFA20462FB030BD0024E2
:10C69800FAE700BFA4050020034B187818B1034B34
:10C6A800187880F001007047FD7500207A75002029
:10C6B800014B1860704700BF544C002038B50B4C34
:10C6C80023680A468BB180B179B1EFF31185102345
:10C6D80083F312880146064815F0D2FB85F31188CA
:10C6E8002068BDE8384015F0BEBB38BD784C002046
:10C6F8005C4C00202DE9F041784C2378AEB07BB13A
:10C7080015F0B6FB764B1B68C01AB0F5FA6F07D95F
:10C71800744A00231380744A23701380734A137079
:10C72800734D714E002201A9284615F075FB20B102
:10C73800019B1B788DF803300120EA88A988024400
:10C7480093B2B2EB410F4FEA410724BFDB1B9BB208
:10C758000128EB8002D02EB0BDE8F0812378042BAD
:10C7680000F28980DFE803F00370768730009DF8D7
:10C7780003303C2B06D10123237015F079FB584B6D
:10C788001860CFE7A3F120025E2ACBD8594A127865
:10C798001AB1594A1278002AC4D0544A012717708E
:10C7A800564A137015F064FB4D4B18600423237030
:10C7B800534B1A7822B953481F701E21FFF77EFF8A
:10C7C80001210DF103002DE015F052FB444B1860D8
:10C7D8009DF803300A2B01D00D2B17D1434F3B781E
:10C7E80083B1464A0021D154424A13782BB9012318
:10C7F8001370414A1370FFF71BFE434B1B680BB1C4
:10C808003E48984700233B7023708BE77F2B01D06D
:10C81800082B0AD1354A1378002B83D0013B3B48BB
:10C8280013700321FFF74AFF7CE7A3F120025E2A79
:10C838003FF678AF2D490A787E2A3FF673AF501C31
:10C8480008702E498B54BBE7264B9DF803201A80AD
:10C858000223D9E7234A9DF80310138843EA0123EA
:10C868001380013B0021AF2B318002D92170118048
:10C8780058E70323C8E73288DFF868802449B8F806
:10C8880000709DF803008854531C9BB2BB42338050
:10C89800FFF448AF174A13782BB901211170164AD3
:10C8A8001370FFF7C5FD1A49ADF804703A460DF14B
:10C8B80006001DF076F917480022002301A91AF096
:10C8C80012FB28B9144B1B6813B11B6803B19847B6
:10C8D80000232370A8F80030338023E7FF7D002071
:10C8E800684C0020FC740020FE7400207C75002039
:10C8F8006C4C0020FE7500207A7500207D750020A4
:10C908007B75002090F70208544C0020AFF702080E
:10C91800007E0020A4050020584C0020134B10B5C1
:10C92800134C1860134820601AF0F4F9E0B1124B68
:10C93800124A1A604FF400725A6000221A81104B92
:10C948001049206819601A814FF4006159608368A2
:10C958001BB19B6C0BB10C499847206883689B6A94
:10C968001BB1BDE810401847206010BD584C00208E
:10C97800784C0020C8A502086C4C0020B07E00202E
:10C988005C4C0020FF75002069C4000801481AF0BB
:10C99800C1B900BF28A50208034606480269816894
:10C9A8001278C2F340129A4214BFCB680B69202157
:10C9B800184700BF28A50208014B1870704700BF30
:10C9C800B0800020014B1878704700BFB08000206D
:10C9D800094B1B787BB1A0F16703052B0BD8DFE867
:10C9E80003F0030A05070A096C2070476A2070479C
:10C9F8006920704767207047B080002010B5F8F7AD
:10CA080067FE08B9FFF7C8FF00F042FA0446F8F7D6
:10CA18004FFE01280DD0002C14BFC8231423C3F5E2
:10CA28007A630A22BDE810400348A3FB022307F0FB
:10CA3800C7BB1423F3E700BF983B002070B500F094
:10CA480027FA0446F8F734FE012813D0002C14BF47
:10CA5800C8251425F8F70EFE80B9F8F729FE022834
:10CA68000AD003280AD0F8F733FE38B90120FFF7B7
:10CA780093FF03E01425EDE7002CF4D10A23A5FB6E
:10CA880003230248BDE8704007F09ABB683B0020CA
:10CA980010B5FFF77BFFC8B10D48026981681368BC
:10CAA80043F0200313600B680A4A052198470A4996
:10CAB8000A481AF015FB0A480A491AF011FBBDE8A2
:10CAC800104006480022002307F07ABB10BD00BFC3
:10CAD80028A5020801000A0045CA0008983B002062
:10CAE800683B002005CA000810B560B1F8F7C2FD20
:10CAF80048B9FFF74BFF88B1BDE81040084800224D
:10CB0800002307F05DBB06481AF0F8FA05481AF04A
:10CB1800F5FABDE810400020FFF73EBF10BD00BF8A
:10CB2800983B0020683B002010B5044610485CB1D3
:10CB38001AF0E4FA0F481AF0E1FA0020FFF72CFF88
:10CB4800204600F0ABF910BD1AF0D6FA0028F7D14C
:10CB580008481AF0D1FA0028F2D1FFF717FF002889
:10CB6800EED000220023024807F02AFBE8E700BFC6
:10CB7800983B0020683B002010B5F8F77BFD98B97A
:10CB8800FFF704FF80B109481AF0B8FA08481AF00C
:10CB9800B5FA0120FFF700FFBDE8104004484FF444
:10CBA800FA62002307F00CBB10BD00BF983B0020C1
:10CBB800683B0020024B1860024B1960704700BFA9
:10CBC800804C00207C4C0020014B00221A707047DA
:10CBD800B180002010B54379012B044618D1C088D4
:10CBE800FFF7F6FE2228A46809D10FF081FB78B17F
:10CBF800201E18BF0120BDE81040FCF7CDB83CB19D
:10CC0800194C23782BB119481AF078FA00232370AD
:10CC180010BD2E281AD008D8122821D02128F7D1E3
:10CC28005520F6F77BFE0EF09AFB302801D07428C9
:10CC3800F5E70F4B93F8CD4084F00104204615F03A
:10CC48006BF92046BDE81040FCF7BCB80FF050FB6C
:10CC58000028DDD00FF04EFB80F00100C0B2CAE71B
:10CC6800BDE81040FCF778B8B1800020F83B002000
:10CC7800844C002008B5094909481AF031FA0949D5
:10CC880009481AF02DFA094909481AF029FAFFF754
:10CC9800FFFE084B01221A70002008BD2B1F020856
:10CCA800283C0020D1CB0008F83B00202D1F0208AB
:10CCB800C83B0020B28000200D4B1B78BBB1052873
:10CCC80007D003D8013802280BD97047062805D0A9
:10CCD8007047084B012283F824207047054B002237
:10CCE800F9E7044B93F824300BB9FFF745BF7047B9
:10CCF800B2800020844C0020024B5A8C824218BF1C
:10CD080058847047844C002010B5094C84F894303E
:10CD18009DF9083084F89530BDF90C30C4F88C00C2
:10CD280084F89010A4F89220A4F8963010BD00BFA3
:10CD3800844C002010B5094C84F89D309DF80830CB
:10CD480084F89E309DF80C3084F89800A4F89A1066
:10CD580084F89C2084F89F3010BD00BF844C0020CC
:10CD6800024BC3E92801C3F8A8207047844C00206F
:10CD780010B5054CC4E92D23029B84F8AF0084F854
:10CD8800B010C4F8BC3010BD844C0020014B18838F
:10CD980099767047844C0020014BD86100F096B812
:10CDA800844C0020034B93F92020824218BF83F85B
:10CDB80020007047844C0020F8B5144C94F8883053
:10CDC800032B07460E46154611D9482204F12801BF
:10CDD80004F140001CF0F3FE0D480F2239461CF008
:10CDE80069FF002384F837302687E563F8BD3BB137
:10CDF80018225A4304F1280104F140001CF0DFFE18
:10CE080094F88830013384F88830E5E7844C0020B2
:10CE1800AC4C00200348002180F88810602228309C
:10CE28001CF0E6BE844C002008B5014630B117223C
:10CE380003481CF03FFF024A0023D37508BD00BF1A
:10CE4800844C0020014B83F8AD007047844C0020CF
:10CE5800014B83F8AE007047844C0020024BC3E9B5
:10CE6800311283F8C0007047844C0020014B83F8CE
:10CE7800AC007047844C0020014B83F8CC0070470D
:10CE8800844C0020014B83F8CF007047844C00206D
:10CE9800014B588C704700BF844C0020014B83F82D
:10CEA800CD007047844C002008B5064B18701AF066
:10CEB80078FA00230A22F4F799F9034BC3E9000131
:10CEC80008BD00BFB3800020583C002038B50FF0E3
:10CED8001EFA0446C8B90E4D2B7813F0FB0F01D18A
:10CEE800042038BD1AF05DFA0A220023F4F77EF90F
:10CEF800084AD2E90032C01A074B61EB02018342AB
:10CF080074EB0101ECDB2878EBE70120E9E700BFCF
:10CF1800B3800020583C0020002E930208B5024838
:10CF280015F017FA002008BDB3F70208014B1B687B
:10CF3800184700BF7800002030B585B004460D467C
:10CF48001022002168461CF053FE02238DF802309F
:10CF58002A46044B0193214668460BF0C5FA05B0F2
:10CF680030BD00BF35CF0008014B1860704700BFC7
:10CF78007800002008B50446EFF31183102383F3EB
:10CF8800128818F0FCFD204600F09AFB024815F0C4
:10CF9800E0F915F038FBFCE7E1F70208034A5368AB
:10CFA80023F0020353600020704700BF002004E014
:10CFB80072B6094B1A6942F004021A611A6922F022
:10CFC80010021A6140BF20BF20BF00BF00BF30BFA2
:10CFD80000BF00BFF6E700BF00ED00E0014915F013
:10CFE8006EBA00BFF1CF00080B464168012B01F172
:10CFF8000C0107D00BD9023B012B8CBF6FF08500C9
:10D0080000207047054883681B6823B11847034808
:10D0180083685B68F9E76FF057007047A8A40208B7
:10D02800072810B502D90024204610BD044B53F838
:10D038002040204619F06EFE0028F5D1F3E700BF26
:10D04800BCB80208084B1A6842F400721A601A68E1
:10D0580042F480621A601A6842F480721A60034BC4
:10D06800034A1A60704700BF00400058500400206F
:10D0780000093D0008B5044B07229A611A6842F07E
:10D0880007021A60FFF794FF00040058014B036081
:10D0980000207047DCB8020870B5104B1C680D46BC
:10D0A800B4B10F4B196800238B4202DB6FF001000B
:10D0B80070BD224612F8106B864202D00133144626
:10D0C800F2E7E06819F026FE28B12C600020EFE7AF
:10D0D8006FF00C00ECE76FF01200E9E7BC000020ED
:10D0E800DCB8020880B505460E461746984607F094
:10D0F800D3FB034600F036FCDFF81890044649F8E5
:10D108000030424630463946A84754F8090000F036
:10D11800C5FB00BF0800000008B50348034A00210A
:10D12800121A15F04AFA08BDF0050020BC8000204C
:10D138000748084A084908B5121A15F040FA07487E
:10D14800074A0849BDE80840121A15F038BA00BF66
:10D1580000000020F00500207002030800000020F5
:10D16800000000207002030870B505460C46D9B1CE
:10D1780015F0ECF8D4E901232168144815F0E9F812
:10D1880015F0E4F8D4E90423E168114815F0E1F852
:10D1980015F0DCF8E1690F4815F0DBF815F0D6F862
:10D1A800A1690D4815F0D5F8012D08D1EFF30586D2
:10D1B80015F0CCF80948A6F1100115F0CAF8214677
:10D1C8002846BDE8704006F0B5B900BF42F802082D
:10D1D80072F80208A2F80208B2F80208E1F8020898
:10D1E80030BFFFF7FDBF00BF2DE9F0410B4EDFF860
:10D1F800308006EB0807CC1B054632460949204615
:10D208001CF0CFFCA01942460021083C1CF0F0FCA1
:10D21800EC6707F10800BDE8F08100BF00000000DE
:10D228002C00000040A902082DE9F843304D804643
:10D238008946174615F08AF82E4815F08AF8AB6A21
:10D24800DB0628D515F082F82B4815F082F8112452
:10D25800AB6A1E0705D515F079F8284815F079F856
:10D268001224234EB36A9D0717D515F06FF824488A
:10D2780015F06FF8756BB36A1C0636D515F066F8AD
:10D288002048294615F065F8B9F1000F01D0802330
:10D29800B362132403E01024DAE76FF01505144E87
:10D2A800B36AD80705D515F051F8174815F051F8A5
:10D2B8001424B36AD90602D4B36A9A070BD50C4B67
:10D2C8005B681B0507D54146284600F09FFA10B158
:10D2D80080F309880224064A936A43F0FF039362A5
:10D2E80000233B702046BDE8F8836FF01505D0E7B2
:10D2F80000ED00E0F5F802080CF9020840F9020810
:10D3080054F902086DF9020884F9020810B5244C92
:10D3180015F01CF8234815F01CF8A36A99013CD5B0
:10D3280015F014F8204815F014F81E20A36ADA0145
:10D3380005D515F00BF81D4815F00BF81F20184CF3
:10D34800A36A1B0305D515F001F8194815F001F873
:10D358002120A36A590305D514F0F8FF154814F0E5
:10D36800F8FF22200E4CA36A9A0305D514F0EEFFAD
:10D37800114814F0EEFF2320A36ADB0305D514F04F
:10D38800E5FF0E4814F0E5FF2420054A936A6FEA8A
:10D3980003436FEA1343936210BD1D20C6E700BF25
:10D3A80000ED00E0A4F90208BDF90208D1F902086D
:10D3B800ECF902080BFA020831FA02084CFA0208E2
:10D3C800F8B5274C06460D4614F0C0FF254814F062
:10D3D800C0FFA36ADA0441D514F0B8FF224814F05C
:10D3E800B8FF1720A36A1B0505D514F0AFFF1F4827
:10D3F80014F0AFFF18201A4CA36A9F0513D514F038
:10D40800A5FF1B4814F0A5FFA76BA36A190409D54B
:10D4180014F09CFF1748394614F09BFF16B14FF4DF
:10D428000043A36219200E4CA36A5A0505D514F0CF
:10D438008DFF114814F08DFF1A20A36ADB0505D56E
:10D4480014F084FF0D4814F084FF1B20044A936AEB
:10D4580043F47F43936200232B70F8BD1620C1E785
:10D4680000ED00E078FA02088FFA020840F9020895
:10D47800A1FA0208BBFA0208D1FA0208EDFA02087A
:10D488002DE9F0416A4B5F688AB00446C7F3080685
:10D49800002585F3118802F07F43B3F17F4F08D14F
:10D4A80002F00C03082B10D114F050FF614814F05F
:10D4B80050FF14F04BFF604814F04BFF0021084662
:10D4C8000AB0BDE8F041FFF74FBE10074CBF0C464D
:10D4D8000125002CEDD04FF00008F31E8DF80780D1
:10D4E800092B00F29380DFE803F00585898191918B
:10D4F8009191918D14F02AFF4D4E504814F029FF58
:10D508008DF80780F36A9A0706D514F01FFF4C4878
:10D5180014F01FFF002330E0F36A002B03DA14F045
:10D5280015FF4848F4E7F36A5B00F3D514F00EFFE3
:10D53800454814F00EFF7369A26943F48073736160
:10D54800BFF34F8FBFF36F8F32F8023C726922F43A
:10D5580080727261BFF34F8FBFF36F8F03F47F4206
:10D56800B2F55F4F29D1DBB2022B26D114F0EEFEC3
:10D578002168364814F0EDFE23689DF80720CAB9E3
:10D5880002AE04F1200720686168324603C20834FD
:10D59800BC421646F7D1099A002D45D0C2F30801BE
:10D5A80021B96FEA52226FEA4222099202A918466B
:10D5B800FFF7DAFD0AB0BDE8F0811D4B9A6AD2B2D6
:10D5C80032B10DF1070201212046FFF72DFE0FE0D1
:10D5D8009A6A12F47F4F05D00DF107010120FFF779
:10D5E800EFFE05E09B6AB3F5803F93D3FFF78EFE0D
:10D5F8000346C2E70DF107020021E5E70DF1070137
:10D608000020ECE714F0A2FE114881E714F09EFE1A
:10D61800104B1149114817F4F87FA6F1100208BF02
:10D62800194614F096FE75E76FF30802BDE700BFD0
:10D6380000ED00E034FB020860FB02089DFB0208D5
:10D64800B5FB0208D7FB0208E6FB020806FC020845
:10D6580023FC020806FB02081BFB020848FC020820
:10D66800044B5A6942F010025A615A6922F00802C2
:10D678005A61704700ED00E0EFF30880EFF309818D
:10D6880001B57246FFF7FCFE01BD00BF0A4880F3F2
:10D698000888102080F3118808484FF40461401866
:10D6A80080F30988EFF314800221084380F314887B
:10D6B800BFF36F8F14F094FFC0B400204093002094
:10D6C800BFF34F8F0549064BCA6802F4E062134363
:10D6D800CB60BFF34F8F00BFFDE700BF00ED00E058
:10D6E8000400FA051EF0040F0CBFEFF30880EFF3F7
:10D6F8000980816911F8021C0229FFD001B5724620
:10D7080014F05FFF01BD00BF40B2002807DB044AE8
:10D718004109012300F01F00834042F8213070477F
:10D7280000E100E040B200280CDB4309064900F0A4
:10D738001F0020330122824041F82320BFF34F8F7E
:10D74800BFF36F8F704700BF00E100E0054B42094F
:10D7580000F01F0053F82220012303FA00F01040C4
:10D76800704700BF00E100E040B2002808DB430931
:10D77800044900F01F0001226033824041F8232051
:10D78800704700BF00E100E040B20028A8BF00F1E8
:10D79800604001F10101B8BF064B4FEA0111ACBF6F
:10D7A80000F5614000F00F00C9B2B4BF195480F809
:10D7B8000013704714ED00E0044B054A23F07F0383
:10D7C8009360BFF34F8FBFF36F8F7047000000085F
:10D7D80000ED00E042F8203C009B42F81C3C0A495E
:10D7E800019B42F8183C029B42F8143C21F00101CD
:10D7F8004FF0807342F8043C42F8081C0023203A9A
:10D808000265C0F890307047EDD00008094A034619
:10D81800906870B113F1160FC06E05D0A0F14002E8
:10D82800934205D3834203D2814228BF0020704728
:10D83800002070471052002008B515460B4A0C4BC3
:10D848009060C26F1A600E4600F09EF82C4686F370
:10D8580009880020034B9847204600210022002316
:10D86800014C204705260208EDD000081052002080
:10D87800A84D0020014B10221A61704700ED00E00E
:10D88800044B5A699B689A421EBF034B4FF0805263
:10D898005A6070471052002000ED00E0084B9B686A
:10D8A80083420AD1EFF305833BB1064B4FF0805218
:10D8B8005A605A6A22F400425A6219F059BC00BFF1
:10D8C8001052002000ED00E014498A684FF0300043
:10D8D8001044EFF3098C80E8F01F102080F31288C1
:10D8E8000F4F4FF000664A698A603E60D06F0D4C5A
:10D8F8002060D2F890000023C2F8903080F311889D
:10D9080004B5104600F040F8BDE8044002F13000CC
:10D9180090E8F01F8CF3098870470000105200202F
:10D9280004ED00E0A84D0020044800231021C2188F
:10D938000133352B82F80013F9D1704700E100E07C
:10D9480008B5EFF30583064A103B02EBC30152F812
:10D95800330049688847BDE80840FFF791BF00BF1A
:10D9680068A602080148006870470000A84D00201A
:10D97800024B034A0348012100F068B80000012067
:10D988000000002000B90208C36E054A403B13603E
:10D99800044B4021C2E901131046012100F060B890
:10D9A800AC4D002000000B152DE9F0411B4F04463B
:10D9B80000268E4202DB1046BDE8F081606838B36D
:10D9C80053B100F1FF3C10EA0C0F24D11F2822D9D3
:10D9D80025681CEA050F1ED114F022FED7F890C066
:10D9E800D4F808802568CCF3072CD2B20CF1FF3CA0
:10D9F800624548EA00000ED825F01F05154345F09A
:10DA0800100540F00100C7F89C500132C7F8A0008B
:10DA180001360C34CDE76FF01502CCE700ED00E0DD
:10DA2800044B0522C3F89420BFF34F8FBFF36F8FC9
:10DA3800704700BF00ED00E0BFF35F8F024B00228C
:10DA4800C3F89420704700BF00ED00E010B5034C08
:10DA580001232278FFF7A8FF207010BDB4800020B2
:10DA680008B50B4A00231278FFF79EFF10F1160F36
:10DA780006D00849D1F89020C2F30722904200DB73
:10DA880008BDC1F89800C1F8A0300130F2E700BF26
:10DA9800B480002000ED00E02DE9F04F644C6549AA
:10DAA800D4F890300868C3F30723984285B000F291
:10DAB800BB80FFF7C1FF49680022904201F10C01C9
:10DAC80029D1DFF87481DFF868B188F8000003A86D
:10DAD800FFF7DCFA98F80040039B584D584E594F11
:10DAE80001904FF000092146CA46019A524523D1B8
:10DAF800B9F1000F02D088F800100C464C4A0021FA
:10DB0800D2F89030C3F307239C42C0F28780FFF716
:10DB180087FF00204AE051F80C3C23F01F03134311
:10DB280043F01003C4F89C3051F8043C43F001035F
:10DB3800C4F8A0300132C0E7DA686FF31302B2F517
:10DB4800000F42D00CD8B2F5001F32D0B2F5800FCA
:10DB580035D0B2F5801F15D00AF1010A1033C4E799
:10DB6800B2F1007F3AD0B2F1805F3ED0B2F1807F4F
:10DB7800F2D1D3E9012014F053FD40F0885040F46D
:10DB8800801004E0D3E9012014F04AFD3843DBF8A3
:10DB980090C0CCF3072C0CF1FF3C61452ED9B9F1AC
:10DBA800000F01D088F800106FF0150005B0BDE82F
:10DBB800F08FD3E9012014F033FD2843E7E7D3E9D8
:10DBC800012014F02DFD3043E1E7D3E9012014F0E2
:10DBD80027FD40F0885040F48020D8E7D3E90120A1
:10DBE80014F01EFD40F08050F5E7D3E9012014F051
:10DBF80017FD40F0885040F40030C8E722F01F02BB
:10DC08000A4342F0100240F001000131CBF89C2099
:10DC1800C9B2CBF8A0004FF001099DE7C2F89840BF
:10DC2800C2F8A01001346BE74FF0FF30BEE700BF29
:10DC380000ED00E00CB90208B480002000000811D3
:10DC48000000020200000B1108B5024B1B68984740
:10DC5800002008BDB84D0020034B044A1860937893
:10DC680043F0020393707047B84D0020C0000020B5
:10DC7800094921F0070108B501F16043B3F5803F78
:10DC880008D2C1F1005202F580322B2A02D903488A
:10DC980014F019FB002008BD73E10020BC4D0020E2
:10DCA80003484FF0FF324FF0FF3305F0D9BE00BFF5
:10DCB800D0000020014805F077BF00BFD000002049
:10DCC80038B50546FFF7ECFF0B48036813B965B98B
:10DCD800002406E02A46082114F084FA04460028A5
:10DCE800F5D0FFF7E7FF204638BDFFF73BFE034BB3
:10DCF8000C221A50ECE700BFBC4D00200C000000BD
:10DD080010B50446FFF7CCFF2146034814F0E8F9A4
:10DD1800BDE81040FFF7CEBFBC4D002070B5A0FB9A
:10DD2800015434B92846FFF7CBFF064640B93046C0
:10DD380070BDFFF717FE054B0C221A500026F6E7B8
:10DD48002A4621461BF054FFF1E700BF0C000000F3
:10DD5800084B5968024611B11968884207D0D8683B
:10DD680030B1996804488A4218BF002070471846A5
:10DD7800704700BFC84D0020D04D002002460B461A
:10DD8800014805F06DBE00BF48050020014805F0B8
:10DD98000BBF00BF480500202DE9F74F8246084613
:10DDA8000F469046F3F74EFA4FF0FF3183464FF097
:10DDB800FF30FFF7E3FF1B4B1C684FF000099C4244
:10DDC80008BF00245B684E465CB9FFF7DFFF36B337
:10DDD800CAF80060B8F1000F1DD1002003B0BDE8FB
:10DDE800F08FA569A94512D8AB4510D3012D03D9E9
:10DDF8007A5D2F2A00D052B9E16801932A46384645
:10DE08001BF046FF019B002804BFA94626469C42FA
:10DE1800DBD02468D8E7B369C8F80030DDE76FF0D5
:10DE28000100DBE7E40000202DE9F041044600286A
:10DE380055D0C568002D52D00368002B4CD1284618
:10DE4800F3F700FA0746002849D02B782F2B46D144
:10DE5800244E4FF0FF304FF0FF31FFF78FFF35684A
:10DE6800D6F80480B54208BF0025DDB9A068FFF7E1
:10DE78006FFF58B3D0F80480B8F1000F26D0D8F857
:10DE88002C3033B320469847051E06DB7368C4E977
:10DE98000678C4E900631C607460FFF777FF2846C2
:10DEA800BDE8F081AB69BB4209D122692B699A426E
:10DEB80009D0E968E0683A461BF0EAFE18B1454522
:10DEC800D4D02D68D1E76FF00F05E6E76FF00105B4
:10DED800E3E76FF08505E0E76FF00F05DFE76FF028
:10DEE8001505DCE7E4000020F8B500250D600646BE
:10DEF8000F464FF0FF304FF0FF31FFF73FFF0F4B5A
:10DF08001C685A689C4208BF2C462B4624B13168CD
:10DF1800994209D0944204D1FFF738FF6FF001000D
:10DF2800F8BD24680133F1E7FFF730FFE3683B6091
:10DF38003368013333600020F2E700BFE4000020BB
:10DF480038B504460D464FF0FF304FF0FF31FFF76C
:10DF580015FF2046FFF7FCFE08B143687BB90B4B61
:10DF68005A6812B1DA686AB9012243F8324003EB01
:10DF7800C20300245D60FFF709FF204638BD6FF03B
:10DF88007704F8E76FF01B04F5E700BFC84D0020E1
:10DF980038B131B18B691844024B0278002A08BFA6
:10DFA800184670476BFC0208F7B504460846D4F8D3
:10DFB800FC30002B57D1130758D404F1FC01C0B230
:10DFC800FFF76AF8002854DBD4F8FC20002A50D068
:10DFD800D06800284DD06669A569E369002E08BF9E
:10DFE8001026002D08BF102543B9CDE90023244988
:10DFF8006A4615F020F8019B002B3DD0626A802B01
:10E0080038BF8023002A03D004DC4FF0FF3201E040
:10E018004FF40072A06AE16AD4F8FCC00028DCF86A
:10E028000870C4F800C008BF4FF48070DFF854C00F
:10E03800C4F804C00029DFF850C0B7FBF3F708BFE5
:10E048002021C4E90565C4E90737C4E90A01C4F811
:10E0580008C00E49DFF838C0C4F80CC021616262FC
:10E06800002003B0F0BD6FF00F00FAE76FF08500F5
:10E07800F7E76FF01200F4E76FF01500F1E700BF63
:10E0880097290208F3290208D729020893290208C8
:10E09800C329020810B503685A6D04461AB1196EEF
:10E0A800044818F088FE2168034818F0BEFE0023D3
:10E0B800236010BD30050020D8040020002807DAAE
:10E0C8005430522802D8034B185670476FF004009A
:10E0D800704700BF2FFF0208002805DA5A30582879
:10E0E80004D8044B18567047002070476FF004009E
:10E0F800704700BFD6FE020810B505490120FFF79A
:10E108001FFF044610B90348FFF78EFE204610BDD6
:10E118002CB90208EC0000202DE9F74343680446B7
:10E128001E6988461546014600222448002305F04A
:10E13800B5FB014600283ED12768642238461BF00B
:10E1480057FDD6F8E4101E48896A0022002305F01E
:10E1580085FB386660B3B94649F8540F4046616894
:10E16800FFF716FF8046304614F04DFC2901AB013D
:10E1780003F4006301F48071194305F003030B43B2
:10E1880042463946CDF8009006F17C0018F0D7FCDD
:10E19800054606F5807014F03EFC002D02DA204694
:10E1A800FFF778FF284603B0BDE8F043FFF786BFC6
:10E1B8006FF00B05F3E703B0BDE8F083D804002047
:10E1C8003005002070B5436804461E690D460022DC
:10E1D80001460023144805F061FB014608BB3422C0
:10E1E80020681BF005FD61682846FFF7D1FE05464B
:10E1F800304614F008FC2A46216806F17C0005F038
:10E20800D9F8054606F5807014F005FC002D03DAF0
:10E218002168054818F009FE2846BDE87040FFF758
:10E228004DBF6FF00B0070BDF804002070B5436857
:10E238001E690446304614F0E6FB216806F17C00AE
:10E2480018F021FD054606F5807014F0E4FB2168FE
:10E25800034818F0EAFD2846BDE87040FFF72EBFD6
:10E26800F8040020F8B5154B002914BF0D461D46CB
:10E27800002304461646C5F8FC3005F58077384675
:10E2880018F06DFE284614F0BEFB2146324628469B
:10E29800FFF78AFE044648B9294605F17C0004F0D8
:10E2A8001DFD041E02DAFFF709FF04460023384665
:10E2B800C5F8FC3014F0AFFB2046F8BD240200205E
:10E2C8002DE9F34707460D4614461A4818F022FD73
:10E2D80090B96FF0120054BBAC4227D22E1B042E0B
:10E2E80028BF042617F047FC3246019001A93819C7
:10E2F8001BF057FC3444EFE70026DFF838A030461F
:10E308004FF6FF790EE078B9A5EB0608C84528BF97
:10E31800C846DAF8083007481B68B9191FFA88F2A6
:10E3280098474644AE42EED30028D4DB002002B022
:10E33800BDE8F08788A5020830B585B00D4C01907E
:10E348000D4D9DF820008DF808008DF80910ADF8E6
:10E358000A200393AC4202D3002005B030BD2368E5
:10E3680013B1019A934203D1D4E9013101A8984726
:10E378000C34EFE734A9020840A9020807B5084A97
:10E3880092E80300CDE9000106488268126822B1CC
:10E398006946904703B05DF804FB6FF05700F9E752
:10E3A80050A90208A8A402083F280DD800F01F02AF
:10E3B80001239340054A1F2894BFD268D26A934329
:10E3C8000CBF01200020704700207047000800584B
:10E3D80000F01F0201233F2803FA02F307D81F2881
:10E3E800044A02D8D36000207047D362FBE76FF07D
:10E3F8001500704700080058044B184400230133E7
:10E408008B4200F8012BFADB704700BF7404002030
:10E418002DE9F041104F054600264FF001086B78B2
:10E42800F4B2A34201D8BDE8F0812B781C44204601
:10E43800FFF7BAFF68B12046FFF7CAFF57F8343034
:10E448003BB107EBC40204F01F04516808FA04F05A
:10E4580098470136E3E700BF98500020034670B1A3
:10E46800B0FA80F2C2F11F02D2B206498856064AB3
:10E47800D2F880100B43C2F88030FFF745B9FF226D
:10E48800F3E700BF7404002000080058034AD2F8DC
:10E49800803023EA0003C2F8803070470008005833
:10E4A800032921D8DFE801F0020C10190F4B1A6874
:10E4B80022EA00021A605A6822EA00025A6070478B
:10E4C8000A4B1A680243F5E7084B5A6802435A6038
:10E4D8001A6822EA00021A607047044B1A6802435D
:10E4E8001A605A6810435860704700BF0008005807
:10E4F80030B5B0B1B0FA80F3C3F11F03DBB20B48FB
:10E5080050F833408C4204D100EBC3056D68954246
:10E5180005D044B940F8331000EBC3004260002036
:10E5280030BDFF23EBE76FF00F00F9E798500020AC
:10E5380060B1B0FA80F3C3F11F03DBB2044A0021D3
:10E5480042F8331002EBC30251607047FF23F5E72E
:10E558009850002000F00302043292000F239340E9
:10E5680043EA900000F003030233064A52F82320DE
:10E57800030C02EA104093FAA3F3B3FA83F3D840EA
:10E58800704700BF000001400B88C3F30B03082B42
:10E5980013D813B96FF085007047023B032B17D8C7
:10E5A800DFE803F0220222194FF4FA4313600968E6
:10E5B800B1F5805F1AD20020704703F6B873C3F331
:10E5C8000B031C2BE6D80D4820FA03F3DB07E1D533
:10E5D8000B4B1B68EAE74FF0B0430A481B68C3F3CC
:10E5E800031350F82330E1E70023DFE7C1F31331C9
:10E5F8000131B3FBF1F31360DDE700BF1101111125
:10E6080050040020E0BA020870B5344C4FF0B04610
:10E6180014F0D3FC204614F0CFFC02F03DFBD6F8F2
:10E6280008312F4A03F00F0352F823501368B0FB48
:10E63800F5F5B4FBF3F4A54202D2204602F09AFBAA
:10E64800D6F8943043F00103C6F894304FF0B04345
:10E65800D3F894209107FBD51A6842F008021A6093
:10E668001A6822F0F00242F0B0021A605A6822F4E6
:10E678007F425A601A68920708D41A6842F0010269
:10E688001A604FF0B04213689B07FCD54FF0B043B7
:10E698009A6822F0F0029A609A6822F003029A605F
:10E6A8009A6812F00C0FFBD1A54202D3204602F063
:10E6B80061FB0C4B094A1A604FF0B04300209A687E
:10E6C80022F4E0629A609A6822F460529A60D3F861
:10E6D800082122F00F02C3F8082170BD006CDC028B
:10E6E80020BB02085004002008B5074818F012FBA8
:10E6F80038B10648FFF7B0FA0448FEF735FC0020A9
:10E7080008BD6FF01200FBE7C8A5020819E700086A
:10E718000A2838B5074D044604D1AB680D215B685B
:10E7280028469847AB6803485B68E1B2984720469B
:10E7380038BD00BFC8A5020838B50E4B1C68EFF3FA
:10E748001185102282F312880B49CA6C501CC864C8
:10E758006AB9D3E9010183681B6803B19847236844
:10E7680043F004032360236843F00803236085F320
:10E77800118838BD480300201851002010B5EFF368
:10E788001182102383F31288074BBFF35B8F01219B
:10E7980053E8000F43E80014002CF9D1BFF35B8F56
:10E7A80082F3118810BD00BF6051002038B5124BAC
:10E7B8001968EFF31184102282F312880F48C26C93
:10E7C800551E012AC56402D084F3118838BD0A6831
:10E7D80022F004020A604FF0B042126DD10303D553
:10E7E800074A1268D207EFD4D3E9010183685B684E
:10E7F800002BE9D09847E7E748030020185100208C
:10E808000020005810B50146EFF31184102383F35C
:10E818001288184B5A68520606D4164A5368DB0702
:10E828001BD46FF00A0015E01A6842F080421A60A3
:10E838001A6822F080421A600A221868400005D43B
:10E848005868400602D458684007E6D5013AF4D122
:10E858006FF0040084F3118810BD53689B07F7D448
:10E86800506810F04000F3D193680B60002BF1D191
:10E87800D7E700BF0010005873B545680469012246
:10E888001146204618F073FB0122002104F11800FC
:10E8980018F06DFB3A4904F1300018F00BFC07231F
:10E8A80084F86930042384F86A300F23002284F83E
:10E8B80054300C2384F855301146342084F86620EF
:10E8C80084F8672084F8682084F8512084F852205E
:10E8D80084F85320FEF758FFD5E9010183681B68C7
:10E8E800002B42D098470446002843D1D5E90101BE
:10E8F80083689B690831002B37D022469847044625
:10E90800002837D11F4B20481A682049196122F086
:10E918007C4222F0FF0282421E6903D14AF674202B
:10E92800864213D0186820EA0200194A02431A6086
:10E938004AF674221961196119611A611A6822F07C
:10E9480080421A600F4A13685B00FCD4D5E90101C4
:10E958008368DB68083183B101AA984768B9019BCD
:10E96800002B08BF6FF0850401E06FF057042046C4
:10E9780002B070BD002CFADBE8E76FF00404F6E79C
:10E98800D12F020800100058000DF000BC0A5917DA
:10E99800000DF04008B50A4BBFF35B8F012153E827
:10E9A800002F43E800100028F9D1BFF35B8F32B97C
:10E9B800FFF7C2FEBDE808403420FEF7A5BE08BD3B
:10E9C8005C510020F8B58378C678EFF3118E1024D7
:10E9D80084F31288057890F801C05B1B33409A4293
:10E9E80088BF9AB2AF1837402C4607708EF311884B
:10E9F8008F188F421CD1654508D1EFF3118110247F
:10EA080084F312880478447081F3118801799B1A81
:10EA1800994294B20AD3FFF7B1FE18F082FB80B195
:10EA2800094B186C03F1300118F058FB2046F8BD6B
:10EA380000EB040E01349EF805E001F801EB3440C8
:10EA4800D7E7FFF7A7FFF1E7185100202DE9F743B3
:10EA5800D8078846144605D42848FFF7B3FF03B003
:10EA6800BDE8F08352B33420FEF770FEDFF89090D3
:10EA780007463420FEF756FEFFF75EFED9F804304D
:10EA8800590711D4D9F804305A060DD43420FEF7AA
:10EA98006BFE2546D9F80430DB0711D4BFF34F8F3E
:10EAA80020BF40BF20BFF5E701A8FFF7ABFE002459
:10EAB800FFF77CFE17B13420FEF726FE2046CEE78E
:10EAC80001A8FFF79FFE06463420FEF74DFE8EB9DB
:10EAD8002A1F019B92B2002DEAD0AA4203D1002E30
:10EAE800D8D00193D6E7013DADB2012608F805302C
:10EAF8001B0AF0E7002DCDD1DAE700BF69510020ED
:10EB08000010005870B50D4614460CB9204670BD6B
:10EB18004FF0FF324FF0FF330B4805F017F90B4861
:10EB280022462946FFF74EFF064630B908484FF0FF
:10EB3800FF324FF0FF3305F009F90348A41B05F035
:10EB4800CDF8A4B23544E0E7185100207E510020EA
:10EB58003051002008B5044B044A1A64FFF70EFE32
:10EB6800FFF718FF002008BD185100202841002099
:10EB78002DE9F74301A8FFF745FE00285ED1354B84
:10EB8800019993F8532093F854C093F852E004275E
:10EB980080460446A2EB0E053CEA05055FFA81F9BA
:10EBA80039D193F8684093F8676093F86950A61BC9
:10EBB80035EA060645D108B183F85320B8F1000FAD
:10EBC80000D001913420FEF7ADFDFFF7EFFDEFF324
:10EBD8001181102383F312881F4BBFF35B8F002230
:10EBE80053E8000F43E80024002CF9D1BFF35B8FF2
:10EBF800BFF35B8F043B53E8000F43E80024002C6D
:10EC0800F9D1BFF35B8F81F31188144803B0BDE8D5
:10EC1800F04305F063B89818013280F856900CEA72
:10EC280002020120013F4FEA11214FF00108B1D142
:10EC380008B183F853200191002CE6D103B0BDE858
:10EC4800F0831E190134254086F86B9083F86850CC
:10EC58000124E7E7185100206051002030510020BE
:10EC68000048704778B90208044BB3F8E0359B02B6
:10EC78000B6000234B601846704700BF0070FF1FF1
:10EC880038B5036905461C6849B114F046FA58B10D
:10EC98002869043005F022F86FF0040038BD636974
:10ECA800002B06DB0020F9E7636943F0004363614A
:10ECB800F8E7034BA36003F18833A360F2E700BFD2
:10ECC80023016745074B186840B90748D0F8E005A5
:10ECD800C0F34E0018604FF4006058600B600123C9
:10ECE800136070478C5100200070FF1F2DE9F84316
:10ECF800D0F804900746D9F8080090460D461E46FD
:10ED080014F0B7F8B8F5001F044616D12846D9F80C
:10ED18000840FFF71FFC84420CD1294614F0A9F8DB
:10ED28000446FFF7B3FB2046FFF702FC002120460C
:10ED3800FFF7B6FB0020BDE8F883B8F5800F20D0B8
:10ED4800B6F1806F19D0B6F1C06F18D0B6F1007F58
:10ED58001AD102260F493A462046FFF7C9FBB0B937
:10ED6800D9F80810284614F089F820463146FFF7EC
:10ED780097FB2046FFF772FBDCE70126EAE703264C
:10ED8800E8E76FF08500D6E76FF01500D3E76FF07E
:10ED98000F00D0E79B3402081FB50C4BD3F8982519
:10EDA80012BA0192D3F8942512BA02920C29D3F818
:10EDB800903528BF0C211BBA0C460A4601A90393BB
:10EDC8001AF0EFFE204604B010BD00BF0070FF1F10
:10EDD8004FF0B042D2F89430D2F89410D2F8942080
:10EDE800C3F300735B00490148BF43F0010392007D
:10EDF8004FF0B04248BF43F01003D2F89410D2F855
:10EE08009420490048BF43F0100311014FF0B0426D
:10EE180048BF43F00403D2F89420002A064AD2F8E7
:10EE28008820B8BF43F08003D20548BF43F0800371
:10EE380003600020704700BF000400584FF0B04244
:10EE48000020D2F8943043F40003C2F89430024B07
:10EE58000122C3F888207047000400582DE9F041CA
:10EE68000546446806694FF0FF320021304618F025
:10EE78007EF84FF0000823682846984706F11807DF
:10EE880086F8608086F8628001221146384618F0BC
:10EE98006EF8284600F054F8A368012B2FD824698F
:10EEA800224B9C423BD01ED8214B9C4239D0214B4F
:10EEB800E31A5C425C41A4004FF0FF324FF0FF338D
:10EEC800384604F043FF44F01001284600F066F885
:10EED8000446384604F002FF002CA2BF012386F83E
:10EEE8006030002413E0144B9C421CD003F5C3137C
:10EEF80003F520639C420CBF0A240024DCE70F487A
:10EF0800616883689B69083123B96FF0040420465F
:10EF1800BDE8F081424698470028C0DAF5E70624A4
:10EF2800CAE70224C8E70824C6E700BF40420F002A
:10EF3800A0860100801A060040E13300A8A4020858
:10EF480010B544680021206A14F04AFB002808DB49
:10EF58000448616883681B680BB1984708B16FF073
:10EF6800040010BDA8A4020810B544680A486168E6
:10EF780083685B685BB19847002807DB206A01213A
:10EF880014F02EFB831C05D000EAE07010BD6FF072
:10EF98005700FBE70020F9E7A8A40208F7B50446E4
:10EFA800426806691748D5680023019383680F46AD
:10EFB80051689268DB68012A88BF08311BB96FF075
:10EFC800040003B0F0BD01AA98470028F7DB3763B7
:10EFD8002B6823F001032B6096F86210204614F08A
:10EFE800DDFA0199204600F00FF80028E9DB96F8D1
:10EFF80061300BB90020E4E72B6843F001032B6074
:10F00800F8E700BFA8A402082DE9F74F4468036990
:10F018000193E568A36ADFF80881DFF80891DFF853
:10F0280008A1DFF808B100930020009B8342019BF0
:10F038001A6B34D1C2F34202012A61D0022A6BD181
:10F0480040F2145E4FF4167C4FF4FA7740F27716CC
:10F05800374B0220421EB1FBF2F2B3FBF2F2BCFBCB
:10F06800F2F4013CFF2C54D8BEFBF2F808F1FF384B
:10F07800B8F1FF0F4DD8B6FBF2F9B9F10F0F48D828
:10F08800B7FBF2F2013A0F2A43D8023848EA09439B
:10F0980043EA007343EA025343EA04231CE00C23C7
:10F0A800D4F824C0DFF88CE003FB00F70CEB07066C
:10F0B800736873451CD014D853451BD05B4514BFE7
:10F0C800002301239B00534013F00E0F16D15CF868
:10F0D80007308B4212D1B3682B61002003B0BDE822
:10F0E800F08F434508D04B450CBF0A230023EAE7BD
:10F0F8000623E8E70223E6E70823E4E7013094E77C
:10F1080041F25C2E4FF47A6C40F2E2474FF4FA7603
:10F118009EE7013011289DD16FF01500DEE700BF92
:10F1280040E13300404B4C00A0860100801A0600E5
:10F1380000CA9A3B40420F0010B403460C46DA88D6
:10F148000068197902F04002224383689C6944B13F
:10F158001F290AD8064BA446134010BC02F0B0720F
:10F1680060476FF0570010BC70476FF01500FAE762
:10F1780040000006F0B550F8185C6B682A69DC6836
:10F1880085B0BFF35B8F1268BFF35B8F012A23D072
:10F198006B68124A9E68DF681838041BE11001FB8F
:10F1A8000266304614F082FB031E15DB3A1992F909
:10F1B80010108B4210D013744FF0FF304FF0FF3116
:10F1C8003289003BCDE902014FF00101009118BFDF
:10F1D80001232846FFF7B0F805B0F0BDACAAAAAAEB
:10F1E8002DE9F74F4468E66818368046354600270B
:10F1F8004FF00C0B6368BB4204DC637D002B49D1E4
:10F20800002044E0A26801920BFB07FA02EB0A090E
:10F2180052F80A0017F07EFD002843D0019A99F8A9
:10F22800041052F80A00B9F8062042F4803214F0AB
:10F238001CFB60BB45F8188C2169284617F050FF65
:10F24800627D12B101374835D4E7A16801EB0A099C
:10F25800012399F8042003FA02F2154B45E9043218
:10F2680051F80A008368DB69A5F11401EBB10122AA
:10F27800984700280BDB484614F018FB4FF0E8616C
:10F2880005F8080C4846FFF757FF0028DADA03B0FC
:10F29800BDE8F08F22680A23A2FB0323304604F05E
:10F2A8008FFFADE76FF01200F1E76FF05700EEE760
:10F2B800DF38020829282DD010D80F2824D006D8E6
:10F2C800072819D00A281CD06FF015007047142899
:10F2D8001DD01F28F8D147F612230FE0FA281FD0B7
:10F2E80005D83E2819D07D28EED10E4B06E0B0F5A2
:10F2F800FA7FE9D10C4B01E041F682630B600020F4
:10F30800704742F6B403F9E743F60E53F6E745F2C1
:10F318005E13F3E74AF2C623F0E74FF22443EDE722
:10F32800024BEBE748E8010020A1070090D003005A
:10F3380013B5044601A9008EFFF7BCFF08B10023EE
:10F348000193019AD2B194F83230591F072915D880
:10F35800A18E0C4808319940A1FB00010023F1F768
:10F3680045FF40F2E733C0184FF47A724FF00003BC
:10F3780041F10001F1F73AFF02B010BD4FF47A7085
:10F38800FAE700BF40420F0013B5044601A9008EFA
:10F39800FFF790FF08B100230193019A1AB394F87C
:10F3A8003230591F07291ED8981E800040F61B01CD
:10F3B800B1FBF0F101310D48C9009940A1FB0001F2
:10F3C8000023F1F713FF40F2E733C0184FF47A72C5
:10F3D8004FF0000341F10001F1F708FF00EB900046
:10F3E800643002B010BD47F23050FAE740420F00D7
:10F3F80013B590F83D2090F83240008E002A01A9FC
:10F4080008BF0222FFF756FF98B9631F072B10D8D1
:10F418000948019BA040B0FBF3F04FF47A7302FB5C
:10F428000000B0FBF3F06430C82838BFC82002B031
:10F4380010BDC820FBE700BF40420F00134B9942A4
:10F4480007B516D8124B994216D8124B994216D8BE
:10F45800114B994216D86B226F238DF804208DF832
:10F46800053001AA0223982115F016FE03B05DF8B5
:10F4780004FBE122E923F0E7D722DB23EDE7C122F1
:10F48800C523EAE775228123E7E700BF00E9A43531
:10F4980080F8A9328044E52D000B6B1B73B5254A13
:10F4A800254E264D0369B14298BF154640F69C018A
:10F4B800EA7883F8C72201230DF10702044615F004
:10F4C80060FE002834DB9DF807302A7823F01F03FC
:10F4D80002F01F0213438DF807300DF107020123D4
:10F4E80040F69C01204615F022FE002820DB6B78B0
:10F4F8008DF807300DF10702012340F69D012046E3
:10F5080015F015FE002813DBAB788DF807300DF1E8
:10F518000702012340F6B901204615F008FE00282D
:10F5280006DB07232A1D40F6F501204615F0FFFDEE
:10F5380002B070BDA0FF0208FF45C323ABFF02085D
:10F5480010B50649044615F0C3FE002804DB204622
:10F5580015F083FD00EAE07010BD00BF853A02088F
:10F5680013B5002A0C4601A908BF0222FFF7A2FE24
:10F5780008B1002301930C2C28BF0C2401990E48D4
:10F58800052C38BF05248142A4F1050307D90B498E
:10F59800C85C072A0BD90238C0B202B010BD0848AF
:10F5A800C05C084B994298BF00F1FF30F1E7032A8D
:10F5B80088BF00F1FF30EFE71FA1070098FF02089E
:10F5C80090FF020847E8010038B50C4621B101292F
:10F5D80015D06FF0850038BD456805F1240014F09A
:10F5E800F7FA05F12C0014F0F3FA05F1340014F0E1
:10F5F800EFFA05F13C0014F0EBFA2046EBE744681B
:10F60800124A4FF4B01104F1240015F0F6FC00285A
:10F61800E1DB0F4A4FF4B01104F12C0015F0EDFCBA
:10F628000028D8DB0B4A4FF4B01104F1340015F070
:10F63800E4FC0028CFDB084A4FF4B01104F13C0089
:10F6480015F0DBFC00EAE070C5E700BFD6FC020855
:10F65800E5FC0208EFFC0208F9FC02082DE9F74F67
:10F668000669824696F840000A46002844D0B6F853
:10F6780030B069465846FFF71DFE214B96F8328098
:10F68800B58E009F03FA08F9DAF80430B9FBF7F7EA
:10F6980093F84B300435BC0863B901A95846FFF705
:10F6A80009FE019BB9FBF3F943F6FC73994594BF36
:10F6B8000023012396F83BC0D1008CF0010C1C31CB
:10F6C80001EB0C11A1EB8801A8EB430321EAE171DE
:10F6D800980001EB830196F833300433013991FB2C
:10F6E800F0F103FB0155083504F5FA7007FB050036
:10F6F8004FF47A73B0FBF3F003B0BDE8F08F00BFAE
:10F7080040420F002DE9FF470769BFF35B8F1E4694
:10F7180005468846924607F11409022359E8002F46
:10F72800002A03D149E800310029F7D1BFF35B8FE4
:10F7380059D118374FF0FF324FF0FF33384614F0E5
:10F748009BF92846FFF7FCFE0446002840D1274ACB
:10F75800019000234FEA48604FEAD811F1F746FDBF
:10F7680000BA0390042303AA8621284615F094FCC6
:10F77800041E2ADB052342465146284615F0C0FDE3
:10F78800041E22DB01221146284614F083FA019B4D
:10F79800D1211A46284615F07FFC041E15DB384691
:10F7A80014F0AEFA4FF47A7303FB06F00A21A0FBBB
:10F7B800010104F0F9FF4FF0FF324FF0FF333846F4
:10F7C80014F05AF9284614F0F6F9284614F003FD07
:10F7D800384614F095FA0021484614F093FA20466A
:10F7E80004B0BDE8F0876FF00F04F8E70048E801BF
:10F7F8002DE9F04F046985B094F840B000910546B2
:10F8080092460193BBF1000F00F05781FF2A00F2E6
:10F818005481BFF35B8F04F11406022356E8002FCE
:10F82800002A03D146E800310029F7D1BFF35B8FE6
:10F838000FD0BFF35B8F56E8002F032A03D146E8A9
:10F8480000310029F7D1BFF35B8F04D06FF00F08A8
:10F8580019E04FF0000B204604F1180714F05DFA88
:10F868004FF0FF324FF0FF33384614F005F92846C1
:10F87800FFF766FE804650B1384614F041FA002181
:10F88800304614F03FFA404605B0BDE8F08F94F8D2
:10F898003C30022B40F0B080384614F031FA414633
:10F8A800304614F02FFA2046FFF7A2FD0A23A0FBEA
:10F8B8000323284614F002FBB0F1000925DD4FF0C0
:10F8C800FF324FF0FF33384614F0D6F8BBF1000F83
:10F8D80014D0D4F8E0318BB1BFF35B8F032356E823
:10F8E800002F002A03D146E800310029F7D1BFF3E1
:10F8F8005B8F03D12146284614F0ABFB384614F041
:10F90800FFF96FF00F09C846BDE725D019F1580F68
:10F9180022D04FF0FF324FF0FF33384614F0ACF8E6
:10F92800BBF1000F14D0D4F8E0318BB1BFF35B8F7B
:10F93800032356E8002F002A03D146E800310029A6
:10F94800F7D1BFF35B8F03D12146284614F081FB22
:10F95800384614F0D5F9D6E70223BFF35B8F56E893
:10F96800002F002A03D146E800310029F7D1BFF360
:10F978005B8F4FF0FF324FF0FF33384614D014F04E
:10F988007BF8BBF1000FB9D0D4F8E031002BB5D02B
:10F99800BFF35B8F032356E8002F002AA7D146E860
:10F9A80000310029A3D0F6E714F066F82846FFF7DF
:10F9B800C7FD814600B3384614F0A2F9304600214D
:10F9C80014F0A0F94FF0FF324FF0FF33384614F02F
:10F9D80053F8BBF1000FBBD0D4F8E031002BB7D0FF
:10F9E800BFF35B8F032356E8002F002AA9D146E80E
:10F9F80000310029A5D0F6E7019BC4F8F43104F1E1
:10FA08006C0017F077FA5FFA8AF1284614F0AAF822
:10FA1800061E47DB009A53460021284615F0D6FB00
:10FA2800061E3FDB218EA1F5FA735942594128463B
:10FA380014F042F8061E35DB01221146284614F060
:10FA480029F9E26A94F936100523284615F058FC7E
:10FA5800061E27DB51462846FFF700FE184B00EB31
:10FA6800900000F5FA70984228BF184642F21073C9
:10FA7800984238BF18468301C0F38F22C0F387002D
:10FA88008DF80C208DF80D008DF80E3003AA032395
:10FA98008321284615F000FB061E03DB384614F0C8
:10FAA8002FF9F0E60023C4F8F431284614F093FB4C
:10FAB800384614F025F9B046E5E66FF01508E2E699
:10FAC800FFFF030037B5002305690446FFF790FEE2
:10FAD80080B90A4A002301A905F16C0003F068FF08
:10FAE800002809DA204614F066F8204614F073FB63
:10FAF8006FF0730003B030BD0198FBE7F0490200D6
:10FB0800F0B504460569476889B005F1180017F093
:10FB180026FA05F1A00105F16C000123042217F073
:10FB2800CEF90123082205F1D80105F1A40017F048
:10FB3800C6F96B4905F5FC7017F0BCFA01220021E3
:10FB480005F5467017F013FA0026012105F1140097
:10FB5800C5F8C04214F0D6F8314605F5F470C5E989
:10FB6800786685F8406014F0CDF8284685F8C462B8
:10FB780014F0D3F897F8493085F8C532252385F86D
:10FB8800C732314605F5437014F0BCF8554905F500
:10FB9800367017F0A5FA544B059305AB534985F811
:10FBA80008634FF42062009305F502704FF0FF33AD
:10FBB800CDE9066604F06AFA204600F0E5F9002867
:10FBC800C0F286804A49204615F082FB00287FDB78
:10FBD8002046656815F05EFB002879DB204613F0A7
:10FBE800EAFF002874DB95F84830002B4FD195F8D0
:10FBF8004730002B6ED195F84A3083F001038DF819
:10FC08000C3003AA01239621204615F045FA002856
:10FC18005EDB0025022303AA8F212046ADF80C5095
:10FC280015F03AFA002853DB40238DF80C3003AA6C
:10FC380001239321204615F02FFA002848DB0121E3
:10FC4800204614F0A9FA002842DB2A4BCDE90335F7
:10FC5800082303AA1946204615F01EFA002837DBA8
:10FC680040F2FF31204613F0F5FE002830DB40F665
:10FC7800AC01204613F0C1FF40F68901204613F07D
:10FC8800BCFF204614F0A7FA00EAE07020E0B5F8BF
:10FC9800443095F846108DF80C109A019B0A8DF89F
:10FCA8000D3053BAADF80E3003AA0423972120462D
:10FCB80015F0F2F900280BDB7F238DF80B300DF1DE
:10FCC8000B0201238921204615F0E6F900288EDA77
:10FCD80009B0F0BD204613F054FF00288BDAF7E78F
:10FCE800AB470208C540020808FD02080089002049
:10FCF800853A020803F703D373B505460C46164642
:10FD0800FFF79CFB002819DB0D4A00236006E10978
:10FD1800F1F76CFA042300BA01900DEB0302862177
:10FD2800284615F0B9F9002808DB05232246314694
:10FD3800284602B0BDE8704015F0E2BA02B070BDC6
:10FD48000048E8012DE9F3418846066947680546F9
:10FD580001A9B8F8040013F04CFE002840F09B807D
:10FD6800284614F003FF0446002840F096804346D6
:10FD780006F12C0208F1140153F8040B42F8040BA5
:10FD88008B42F9D198F80630053B012B04D8B38E85
:10FD98000B2B9CBF0C23B3860121284614F0FCF9D9
:10FDA800041E70DB98F90A20D8F800102846FFF7DF
:10FDB800A3FF041E67DBD8F800102846FFF76EFB88
:10FDC800041E60DBB8F804400DF10301204613F06F
:10FDD80010FE97F84B3098F8062073B901A9204611
:10FDE800FFF768FA344B01999340B3FBF1F343F6FC
:10FDF800FC718B4294BF002301239DF8030098F8FF
:10FE080007108DF8073004238DF804208DF80500BD
:10FE18008DF806100DEB03028B21284615F03CF9EE
:10FE2800041E30DBB8F80410A1F5FA7359425941A1
:10FE3800284613F041FE041E25DB98F80B2082B3F8
:10FE48001E4B03EA02231201D2B2134343F4806328
:10FE580043F004035BBAADF8043001AA02234FF45F
:10FE6800E861284615F063F9041E0CDB97F8491081
:10FE7800284614F09DF9041EA1BF002386F86830B7
:10FE8800012386F84030284614F0A5F906F1180039
:10FE980013F036FF01E06FF01504204602B0BDE80C
:10FEA800F08198F80E1041F2244343F244420029AD
:10FEB80018BF1346CEE700BF40420F0000F0FFFF17
:10FEC800F8B504460D4615F056FE4BF67F37064644
:10FED800204600F051F890B115F04DFE831BBB424F
:10FEE80009D94BF680335D4315F045FEA5F53B4730
:10FEF800803F064609E00A2016F0DDFEE8E700200C
:10FF0800F8BD0A20002104F04FFC204600F034F828
:10FF18000028F4D015F02FFE801BB842F1D32046FC
:10FF280015F09BF815F027FE124F064602E00A204E
:10FF380016F0C1FE204600F01FF80028DFD015F0AB
:10FF48001AFE801BB842F2D915F015FE064603E0EA
:10FF58000A20002104F028FC204600F00DF80028B3
:10FF6800CDD015F008FE801B8542F1D86FF07300E4
:10FF7800C6E700BFFF760100024B5869C0F3400096
:10FF8800704700BF0004005810B503694468186141
:10FF98000022DA60206816F0BDFE10B96FF012007A
:10FFA80010BD237E83BB002211463220FDF7ECFBF7
:10FFB800184AD2F8903043F48053C2F890304FF486
:10FFC800B011154A04F1240015F017F80028E7DBF2
:10FFD800124A4FF4B01104F12C0015F00EF8002865
:10FFE800DEDB0F4A4FF4B01104F1340015F005F8C8
:08FFF8000028D5DB0B4A4FF491
:020000040801F1
:10000000B01104F13C0014F0FCFF00EAE070CBE713
:10001000E06816F083FE0028C9D1C3E70008005845
:10002000D6FC0208E5FC0208EFFC0208F9FC020815
:1000300043681B6803F1080252E8002F42F00102F6
:1000400003F1080040E800210029F3D1094A934256
:1000500003D0A2F57442934203D15A6842F04002A1
:100060005A6053E8002F42F4807243E800210029CF
:10007000F7D170470038014043681B6803F108025C
:1000800052E8002F22F0010203F1080040E80021AD
:100090000029F3D1094A934203D0A2F57442934256
:1000A00003D15A6822F040025A6053E8002F22F42C
:1000B000807243E800210029F7D1704700380140E1
:1000C0002DE9F84F05460C792B694068D3F800807C
:1000D000012C0E4619D0A71ED7F1000949EB0709DC
:1000E0004FEA89297379022B9CBF4C4A32F813706E
:1000F000B37988BF4FF40057022B09D0042B34D0BA
:10010000003C18BF0124240306E04FF4C069E9E76E
:10011000B4FA84F46409240796F807B0BBF1010F20
:100120000CBF4FF4407A4FF0000AB04520D102686E
:10013000136823F0805323F4B05343EA09032343A5
:100140001360536823F440533B4353606B681A6851
:10015000936823F4407343EA0A039360D8F80010CD
:100160006868BDE8F84F15F05BBA4FF48054D3E7E8
:100170003168D8F80030994206D015F051FA0028BD
:1001800049D13368C8F800306B681A68136803F403
:10019000C06399451FBF136823F4C06343EA090392
:1001A00013606B681A68536803F440539F421FBF83
:1001B000536823F440533B4353606B681A681368D9
:1001C00003F010239C421FBF136823F01023234326
:1001D00013606B681A68936803F440739A451FBFF5
:1001E000936823F4407343EA0A0393606B681B68C7
:1001F000ABF103009A684142C2F3803241418A4226
:1002000008D09A68BBF1030F0CBF42F4804222F47D
:1002100080429A600020BDE8F88F00BF6AD20208D1
:10022000F8B5456803692C681F68236823F001034B
:1002300023600646A86816F071FD002866D0D5E94F
:1002400002018368DB6803B1984754E8003F43F03C
:100250000C0344E80032002AF7D139463046FFF754
:100260002FFF10B16FF01500F8BD2B7E1BB1A368F6
:1002700043F00803A3606B7E1BB1636843F4004343
:100280006360AB7E1BB1636843F480336360EB7ED5
:100290001BB1636843F4003363602B7F23B31D4BB2
:1002A0009C4207D0A3F574439C4203D003F57053DE
:1002B0009C42D7D173681A68936843F48043936073
:1002C00023686A7F23F0787343EA425323602368EC
:1002D000AA7F23F4F81343EA02432360EB7F1BB1A8
:1002E000A36843F40043A36095F820301BB1236852
:1002F00043F000532360236843F001032360E36964
:100300009A02FCD5E3695B02FCD5ADE76FF0120001
:10031000AAE700BF003801402DE9F04143681C689E
:1003200003691E680B79012B02460D4617D0981EF3
:1003300041424141890295F805E0AF79BEF1020FD3
:1003400096BF31484FF4005C30F81EC0022F09D030
:10035000042F01D0002B45D04FF4805004E04FF41F
:10036000C061E8E76BB10020A3F10308B8F1010F09
:1003700002D943B1042F06D16FF085031846BDE8BA
:10038000F0814FF08050BCF5805F2DD0BCF5405F10
:100390002CD0BCF1000F0CBF012303239E45EBD1F1
:1003A00015F0A7F88742E7D1EB7963B1012B1FD194
:1003B000164B9C4207D0A3F574439C4203D003F52F
:1003C00070539C42D8D1236823F00103236029464F
:1003D0001046FFF775FE034668B1236843F001033A
:1003E0002360C9E71846CEE70023D7E70223D5E705
:1003F000032BDDD0C0E7226842F00102226095E8BD
:10040000030086E80300B9E76AD202080038014019
:1004100010B50446006903691BB94360083003F056
:1004200061FC20460249BDE8104012F04CB800BF04
:1004300059040108037E5B0707D5064BD3F89020CB
:1004400021B122F40042C3F89020704742F40042E8
:10045000F9E700BF0004005870B505464468032959
:1004600003D8DFE801F0160528256FF0850070BD80
:100470000021204615F04BFB0028F8DB0F48A1684F
:1004800083681B6813B96FF05700F0E7BDE8704050
:1004900018470A48A16883685B68002BF3D0984727
:1004A0000028E4D168680121BDE8704015F02FBB39
:1004B00001212046F8E70020D9E700BFA8A40208E0
:1004C0002DE9F04F1F4643680469D3F8008089B0D6
:1004D00082468946164612B9002F00F07282B9F89A
:1004E0000430990469D44FF0FF324FF0FF3304F128
:1004F000080003F02FFCC4F80490331E18BF01233A
:1005000002933B1E18BF01230393DAF810300193C6
:100510001B68DAF804B09945DBF8005054D1DDE9E6
:100520000223B9F80410584615F09EFAB9F80400F1
:1005300015F0FCF90546002E40F0FE80E66300232E
:10054000236404F154022B4604F1400104F13C0001
:1005500015F0D6F92065002F40F0F5806764002380
:10056000A36404F15C022B4604F1480104F1440049
:1005700015F0C6F90023A065206CA3631A468242D9
:1005800040F0E8800022A56C1146A94240F0E980C5
:1005900093422CBFE364E264204615F0D2F90028B0
:1005A00040F0E880B9F80430DE0404D5DAF804003D
:1005B0000121FFF73FFF002614E02369002B92D1B1
:1005C000636899458FD198E7DBF81020B9F80410DB
:1005D000022AC1F3451340D0032A41D0012A10D08A
:1005E0006FF08506236813B19B889A0405D4002315
:1005F000636004F1080003F075FB304609B0BDE804
:10060000F08F043B1C2B8CBF00230123002BE7D071
:100610006B68AF480A044CBF43F0100323F010038B
:100620006B608368DBF80810DB68002B00F0C0818A
:1006300007AA98470028C0F2BB81079AD9F80000A2
:1006400000231946013322FA03FC844540F2BF819E
:10065000082BF6D16FF01506C4E7043B0C2BD2E74C
:10066000082BD5D0102BBBD1D2E72B6843F0020367
:100670002B60B9F8043013F0040F2B6814BF43F05B
:10068000010323F001032B60B9F8043013F0100FBD
:100690002B6814BF43F0800323F080032B60DDE957
:1006A0000223B9F80410DAF8040015F0DDF92B681C
:1006B00023F400532B6099F814301BB99BF81830C1
:1006C0009B072AD52B6843F400732B606B6823F0DB
:1006D00004036B60B9F804307E4913F0010F2B68F6
:1006E00014BF23F4827343F482732B60B9F804209F
:1006F0006B68C2F34512043A23F4706351F8222068
:100700001343019A6B60012382F868306B6843F4ED
:1007100080536B60C2F8009008E7B9F8043013F01A
:10072000010F2B6823F40073CFD143F480232B6097
:100730006B6843F00403CCE73368E363002B3FF4BA
:10074000FEAE7368FCE63B686364002B3FF407AFC2
:100750007B6805E7E16B01EBC201013249680B449C
:100760000DE7606C00EBC1000131406802440CE70A
:1007700098F80C30D8F80830DD07F9D4D8F80C30E8
:100780000493049BD8F808300493049BDAF80430EF
:100790001B681D68002E6BD1002F74D13E4615F4E6
:1007A000444F03D1BE42B8BF3E463746DAF8103058
:1007B000C3E91867DAF804301B681A681A6842F04F
:1007C00040021A60DAF804000121FFF733FED8F87E
:1007D0000050D8F8007005F4444507F482772046AD
:1007E00015F0AFF8064608B32368D8F800609B8878
:1007F000D80706F444466FD4B6F5004F4BD1636E6C
:10080000002B59D1D8F8083013F4B87F00F0888055
:10081000D8F80830580607D5D8F80C300593059B52
:10082000D8F808300593059B6FF00406DAF8043019
:10083000DAF810701D68AB68D90700F18D802B685D
:1008400003F48273B3F5827F40F08D80AB681A06A3
:1008500040F184802B685B0640F180802B6803F4B4
:100860004443B3F5004FF1D1284615F06AF9EDE79E
:100870003146484615F072F80646002F00F0A38076
:100880000028FFF6AFAE3946484615F067F8071E58
:1008900085DA3E46A6E6236E53B1D8F808309907AC
:1008A000FBD52146404615F0A7F8236E013B236691
:1008B000B6F5404FA3D1A5E7D8F80830DA07FBD545
:1008C0002146404615F064F8636E013B636699E784
:1008D000A8A40208ACBA0208B6F5004F19D0D8F89F
:1008E00008309B0715D5236E9BB12146404615F075
:1008F00083F8236E013B2366B6F5404F82D0D8F8CB
:100900000830DE077FF57EAF636E002B3FF47AAFD1
:10091000D6E7D8F8043023F08003C8F80430EBE7BA
:10092000B5F5404F0FD1B7F5827F7FF458AF236EF6
:10093000002B7FF454AF504615F0B3F8D8F80050B0
:1009400005F444454BE7B5F5004F7FF448AF002F61
:100950007FF445AF636EEBE72B7B6CE7DAF80400BE
:100960000021FFF767FDAB68980606D5AB680693D4
:10097000069B2B6823F040032B60EB680793079BD3
:10098000AB680793079B3B689B88D90402D4284631
:1009900015F0D7F82B6813F4444F0CD0384614F0F8
:1009A000D0FF40B1504615F07CF8002E3FF403AE66
:1009B0006FF0040616E6BE6307F1200003F092F91B
:1009C000F3E73E4619E60028BFF6E9AE0AE62846F8
:1009D00015F0B7F8084A2B6852F8212023F03803A5
:1009E00013432B60B9F804309B073FF53EAE2B68EC
:1009F00023F002033CE600BF60BA020810B54FF0D6
:100A0000E02399691C699B6900B103600B4A0C489B
:100A10001268002908BF1146002B08BF134614F4C2
:100A2000803F01D1994205D20168114401604FF025
:100A3000E021096900681044C01A10BD0C52002062
:100A40000052002008B50020FFF7D8FF014B1B68BB
:100A5000184408BD0452002073B52B4B2B4A19686B
:100A60002B4CD2E90032D4E90065CB1842F10002E8
:100A70001B1842F10002954208BF9E4240D0C4E9D3
:100A80000032244CA04203D8231A994298BF0C1874
:100A90004FF496535C43204B1D68FFF7D3FF431B75
:100AA0009C422FD9241A2C446FF07F439C4228BFCC
:100AB0001C461A4B1B68A34205D9194A1178F9B98B
:100AC000012111701C46174D01A8FFF797FF2968F7
:100AD000154B084415491A681C6000264FF0E023A6
:100AE0000E60013C99695C614FF000749E61C3F82F
:100AF000044D019B994288BF9B185B1A18442860DB
:100B000002B070BD0024D4E7FC510020E83F002073
:100B100048000020A0D30600F03F0020085200202B
:100B2000B5800020045200200C520020005200200A
:100B300070B5EFF31186102383F31288054BD3E9C8
:100B40000045FFF77FFF86F31188001B001945F170
:100B5000000170BDF03F002038B5144B102283F81F
:100B60002320134B4FF4F0721A60124B4FF496553A
:100B70001D60114B00241C604FF0E02341F2BF22A6
:100B80005A6107229C611A61FFF75CFF0B4BB0FBB7
:100B9000F5F0C3E900040A4B6843C3E90004094BBC
:100BA00001201C60FFF758FF204638BD00ED00E033
:100BB000085200200C52002000520020E83F002084
:100BC000F03F0020FC510020F8B5164C0546D4E952
:100BD0000076FFF737FF4FF49653C01BB0FBF3F0DE
:100BE0004343DB19104A46F10006C4E90036D2E956
:100BF00000311B1841F10001C2E900310B4B4FF0ED
:100C0000000CC3F800C00A4B4FF0FF364FF0FF371F
:100C1000C3E90067074B83F800C02946BDE8F840E8
:100C200003F0E8BFF03F0020E83F0020FC51002027
:100C300048000020B580002010B5064B1C68FFF767
:100C400001FF4FF49653001BB0FBF3F0024B18600A
:100C500010BD00BFF03F0020FC510020684620F08E
:100C600007018D4619B5EFF31184102383F3128821
:100C70000020FFF7C3FE084A084910680B680344C8
:100C80000B60204600231360FFF79EFFFCF7FCFD7E
:100C9000BDE81940854670470052002004520020EC
:100CA00010B54FF0B0439A68D96812F00C0205D025
:100CB0000C2A4AD101F00303012B50D14FF0B0416F
:100CC0002B480B6813F0080306D00B6813F00803D9
:100CD00037D1D1F8941007E00C68240756BFD1F83B
:100CE00094300968C3F3032350F82330002A0CBF63
:100CF000184600204FF0B0418A6802F00C020C2A1E
:100D00001ED1CA6802F00302022A2ED0032A06D19D
:100D10000B68184A13F4801F174B08BF13464FF097
:100D2000B042D068D168D268C0F306205843C1F3FE
:100D300002130133B0FBF3F0530F0133B0FBF3F0B8
:100D400010BD0B68C3F30313CEE7042A0AD0082AA8
:100D500005D11B6813F4801304D10648CAE70023A9
:100D60001846C7E704480023C4E7034BD7E700BF92
:100D7000E0BA02080048E8010024F400204A0346D3
:100D800007CA84B00DF1100C0CE9070018463BB3FC
:100D90001C4B1B6803F4C063B3F5007F22D11A4BD0
:100DA000984229D8194B984224D9194B98428CBFA4
:100DB00002200120174904AB03EB80000B6850F8B8
:100DC0000C2C23F0070313430B600B6803F007039D
:100DD0009A4213D0086800F00700831A584258411D
:100DE00004B070470C4B984206D80C4B984201D97E
:100DF0000B4BDBE70020DDE70020F1E70120EFE708
:100E000058A9020800040058006CDC0280A81201F6
:100E100000512502004000580024F400808D5B0042
:100E2000001BB70030B5194B194A11F0805F08BF9D
:100E30001C46036818BF144683EA010525420DD0FD
:100E400043F30904013409D001EA0204114A1A40AB
:100E500042F09F4242F4E002944203D10023036037
:100E6000012030BD0A0D02F4E064B4F5806F05D1B5
:100E7000C3F38924C1F389218C4201D20020F0E719
:100E800052B203EB82230360F8E700BF00FC0F704F
:100E900000FCFF7F00FC0F002DE9F04FD1E9039526
:100EA00087B006463C300F469A46059514F0A4FEDE
:100EB0009046044680B1C2F389246CB1F36BCAF347
:100EC0008922C3F38923934204D16FF0010007B054
:100ED000BDE8F08F6CD30024C8F3892B284614F0AA
:100EE00074FE031D4B45F0D8A9EB000905AACDE916
:100EF0000192042303933A6800920021324630465F
:100F000014F0ADFE0028E2D1059B1BBA6B4023F024
:100F100000430593BBF1000F1ED0290D01F4E062E0
:100F2000B2F5806F18D1AAEB0402C2F3892CC5F385
:100F30008920844510D322F07F4222F4700222F4EB
:100F40007F7222F0030242F0804242F48012AA42F1
:100F5000BBD049B204EB8124AAEB0401694011EA39
:100F6000080127D145F309030133AED0129BC5F325
:100F70000908984528BF9846119B0293109BCDF80D
:100F80000C8004334B4401933B6800933246434644
:100F9000304614F064FE002899D1129BA3EB08029E
:100FA000119B014603EB080018F026FE60198EE73E
:100FB000014C91E71D4691E700FCFFFF30B587B07B
:100FC00003AD094B00951446084A14F0FDFE0028B5
:100FD00004DA831C00D1002007B030BD294620462A
:100FE00014F0FDFDF7E700BF0C00F07F0000F07F7C
:100FF00038B50749044618F03EFE05490546201855
:1010000018F07BFE0444605DB0FA80F0400938BD02
:101010006BFC0208F0B51C4640F2FF339A4285B0E3
:1010200005460E4604F1080C08D11B496046F0F74E
:1010300005F902232370002005B0F0BD036FCDF841
:1010400000C0013343EA82239702144A14F0BCFE25
:101050000028F1DB000D02AB2070009347F0005335
:101060000F4A43F008033146284614F0ADFE00282D
:10107000E2DB40F20223B3EB105F4FEA105202D1E1
:10108000039B6360D7E740F201239A42D3D1C0F3B8
:1010900009006060CFE700BF6BFC020800FC0F781E
:1010A00000FC0F702DE9F04FABB000251F46CDE9D5
:1010B0000A55BDF8E0300593BDF8DCB0BDF9E43069
:1010C00006908A460493A946384614F07EFDDAF865
:1010D0000C3000EB0208984565D20423039309AB5A
:1010E000CDE90183069ADAF8003000930021042349
:1010F000104614F0B4FD002840F01981099B1BBA7A
:101100007B4043F000470997DAF800300A9308F172
:1011100004030B933C460AAB369A89EA0406164050
:10112000844A16403DD1369AC2F38922002A00F043
:10113000A4804FF03C0C0CFB05FC0CF1A8026A44A7
:10114000349942F86C1C359942F8681C369942F87B
:10115000483C42E91919059922F85A1C049922F8C9
:10116000581C3A9942F8541C3B9922F85CBC42E95D
:101170001414DDE90A010CF1A80342F8707C42E97D
:101180001EA80DEB030C443AACF14C0382E80300BB
:10119000CDE904663B93684B36960135B1463A93E8
:1011A000B346424690E7359B002B40F3BE8034990E
:1011B000349B0831349135991C68099401395B6876
:1011C00035919046A8E7B2F5817F1ED11C460026D6
:1011D000099BC3F309029642E3D2049AA168C3F3C0
:1011E0008923134441EA83212378626803F540731D
:1011F00041EA0351DDE93A3098470028C0F2978070
:1012000004F10C04CDD10136E2E71A46049B04EB4D
:101210008321DDE93A3098470028C0F28880C0D0A9
:10122000002D00F084802AAB013D3C2202FB0532F8
:1012300052E91C73349352F8683C359352F8643C7D
:10124000369352E9110132F85A3C059332F9583C71
:1012500004930AAE52F8543C3A9352E91EA852F84D
:10126000503C52F84C4C3B9386E8030052F8609C8B
:1012700032F85CBC52F8483C0994369AC2F3892291
:1012800032B1C4F389225A458BD305998A4288D258
:10129000C4F30A52002A84D040F201118A4292D14A
:1012A000254A07933A9B93423FF47BAF3C222AABFB
:1012B00002FB05360021A6F1780018F09DFC349B56
:1012C00046F86C3C359B46F8683C369B26F85CBC7F
:1012D00046E91939059B26F85A3C049B26F8583CE8
:1012E0003A9B46F8543CC4F3090B3B9B46F8503CF0
:1012F0000BF101030593C4F38924049B0F4A46F8BC
:10130000707CA4EB0B041C4423B20493079B46E9B6
:101310001EA89A460023CDE9353201354FF0005919
:1013200034934FF0FF3798463BE7002078E72BB027
:10133000BDE8F08F0000F07F250E010800FC0F6073
:101340002DE9F04F85B09846836E0F9D119EDB69A5
:101350001446AA199A42074689461ED96FF05300CF
:1013600043E02368E06802331DD1D4E901130B4444
:101370009D4218D28D4216D3A3EB050AB24528BF71
:10138000B246691A01445246109818F00EFC109BA0
:10139000534410935544A6EB0A064EB36FF0010B6D
:1013A00008F1FF3ADDE7C4F800B0BB6E5B69B5FB3E
:1013B000F3F25A436260B96ED1F814C0896A0AEB3D
:1013C0000C032B44B3FBFCF30CFB03F38B4228BF51
:1013D0000B46A3604946CDE9010300920E9B054AE6
:1013E0003846FFF759FD0028BBDA05B0BDE8F08F9D
:1013F0003046FAE700FCF7FF2DE9F04F97B01446AE
:101400000A93C36E126807460E4653B1934205D83D
:101410006FF05305284617B0BDE8F08F61688B4226
:10142000F6D900214FF004080EABCDE9011300926C
:10143000CDF80C8043463A463846CDE90E1114F0FB
:101440000EFC054610B110F1540FE3D1CDF80C801D
:101450000FAB4FF000080293CDF80480636800934F
:101460003A4604234146384614F0F9FB0546002865
:1014700048D010F1540FCDD1414654F8213033609B
:1014800081F00103099354F82330736016AB03EB2A
:1014900081014FF0FF3551F8203CB3600023F36029
:1014A00002230893A44A92E8030010AB83E80300E8
:1014B000042206F108014FF0FF3002F00BF8002380
:1014C000CDE906330C90A94605934FF0FF389B46B3
:1014D000404614F07AFB0422BB6E039283440DAAAB
:1014E000CDE901B232680092DB693A460021384604
:1014F00014F0B5FB044668B114F1540F00F01A81E2
:10150000254687E7DDE90E31C91A0029D4BF00213D
:101510000121B2E70C9804220DA901F0DBFF0D9B1D
:101520000C901BBA88EA030ABAF1000FCDF834A078
:101530001DDA4FEA185303F4F063A3F5A064634285
:101540006341F268002A40F0FD80D6E90032C6E926
:101550000023099A16AB03EB820353F8203CB360D7
:10156000089B012B3FF454AF012308939AE75046A0
:1015700014F02BFBBB6EDA6900EB0B03934200F215
:10158000D9804FEA1A5101F4F061B1F5A06F3368C8
:101590000BF1040833D10421039114A9CDE9018191
:1015A00000932146134638463A4614F058FB044649
:1015B0000028A1D1149A0C9B9A4240F0BB800D9B4D
:1015C000F86A1B0D04220CA98AEAC37A01F082FF93
:1015D000F8620D9814F0F9FA059BB382109BB36181
:1015E0005844119BF361C6E9030A069BF3754FF05B
:1015F000FF330C934B464D46D046994668E70CA9FD
:101600000438CDE9008002913846394614F003FCD5
:10161000044600287FF470AF0D9B190D11F4E060B3
:101620001CD1059AC3F389239A4201D8013305934B
:101630000D99209B0A9A4B4013400B9364D132685A
:10164000DDE92230CDE9142814AA9847041E0B9B2B
:1016500057DA14F1540F3FF474AF51E7B0F5806FCF
:101660001DD1059A48B242FA81F18AB20592334AF5
:1016700009EA020242F09F4242F4E002934202D1A0
:1016800049F00049D4E7B9F1FF3FD1D0C3F3892332
:10169000C9F389229342CBD809EB8029C8E7B0F57A
:1016A000C06F336813D101F0010208210692BA6EAF
:1016B000039110A9CDE901810093D36921463A46EF
:1016C000384614F0CCFA04460028B1D014E7C1F330
:1016D0000A0240F2FF518A42AAD10821BA6E039150
:1016E00012A9CDE901810093D36921463A463846D3
:1016F00014F0B5FA044600287FF4FEAE01230793E8
:1017000096E70D9B03D199464B46A94673E70C4AD1
:1017100089EA03010A4052B1022CF5D1C9F38922AA
:10172000C3F389218A42EFD343F00049ECE74FF03D
:10173000FF39E9E7002304E764A9020800FC0F0071
:1017400000FCFF7F0021B17513B3B96E8869B2FB4D
:10175000F0F300FB1323DBB9079BCBB14FF0FF3352
:10176000149314AB0293129BCDE900233846CA6947
:101770003368394614F04FFB20B110F1540F01D0FB
:10178000054647E6DDE91332981A43424341B375F3
:10179000314607F13C0014F02FFA88B1FB6BC5F31A
:1017A0008922C3F389239A4204D145F00045219B45
:1017B00043B912E0691CFAD09A4288BFA5F580654A
:1017C000219B3BB1B28AC5F38923934228BF1346BC
:1017D000219A1380002DBFF61DAEB38AC5F389256B
:1017E000AB4294BF00256FF0010513E62DE9F04FE1
:1017F0008DB015680693036A8B61436ACB612B78C1
:10180000049280460E46002B00F08880464CC4F3BC
:101810000A53022B059304D12846444918F06DFA67
:1018200005444249284618F026FA0128074606D101
:101830002B782E2B0CD105F1010A5546E7E702283B
:1018400006D102463A49284618F0E9F9002865D041
:1018500005EB070AD1464FF0010B3449484618F012
:101860004CFA81443149484618F005FA0246C8B19D
:10187000012805D199F800102E2910D19144ECE7E8
:1018800002280CD107902A49484618F0C8F9079A4F
:1018900028B9BBF1010BF1D109F1020ACDE70BF137
:1018A000010BEBE72B78002B34D0049B1D60059BCC
:1018B000022B36D1C4F3892440F2FF339C4206F157
:1018C00018091BD10DF1240B1A4B0293069BCDF87E
:1018D0000CB0CDE900734A464FF0F0433146404624
:1018E000CDE909850B97FFF787FD041E12DBA4D114
:1018F000F37D002BE8D16FF001040BE00E4B0F4A93
:10190000CDF8009043EA84233146404614F05CFA57
:10191000041ED7DA20460DB0BDE8F08F6FF0150435
:10192000F8E76FF01304F5E700FC2F006BFC0208EA
:101930004AFD0208F15E02080800002000FC0F705A
:101940002DE9F04F9046CE6A4A6BB24285B0074609
:101950000C465BD2B61A9E4228BF1E46DFF8B0B0D6
:10196000B14601F1400AB9F1000F01D1304618E04B
:10197000216B080304D5BB6EE26BDB699A421BD175
:10198000CA01636B10D404F13C02029204F13802E4
:10199000CDE900325146D4E90A23384614F006FB5B
:1019A00030B105B0BDE8F08F6FF00102C4E90E233D
:1019B000216B41F400212163BB6EE26BDB69019274
:1019C0009D1A4D4528BF4D4611F08071CDE9028525
:1019D00015D0A2884BEA8222009204F108015246F7
:1019E0003846FFF7ADFC0028DBD1636B2B44636303
:1019F000E36B2B44E363A844A9EB0509B3E7A26BAF
:101A000000923846524614F02AF9ECE70020C8E765
:101A1000000010202DE9F0470123144600228CB06D
:101A2000C4E90623194BDFF86880DFF868900646A2
:101A30000F460FCB08AD85E80F0004F1180A504699
:101A400014F0A8F810B16FF0010018E02946204604
:101A500014F0AEFCB0B93B6806937B68079305AB06
:101A6000CDE90283CDE900900B4B05965246214605
:101A70003046FFF7C1FC0028DFD0831CDDD00CB05E
:101A8000BDE8F0876FF05300F9E700BF6CA90208CA
:101A9000E15D020808000020FF03F07F2DE9F04F10
:101AA00095B004460D46164600211C220CA805934D
:101AB00018F0A2F801231393494B0FCB0DF1200826
:101AC00088E80F0040F2022A12A814F063F820B14F
:101AD000A76A002F54D1384640E041460CA814F0C4
:101AE00067FC002879D112993046A847002835D1E3
:101AF00013993046A84788BB12AA0CA9204614F0B7
:101B0000B8F958BBDFF8DCB0374F8146BDF8442048
:101B10001FFA89F39A42D7D906AA0BEA89230092C1
:101B20003B43324A0CA9204614F04EF9002804DA4F
:101B3000821C13D109F10109E8E7BAEB105F4FEA03
:101B400010530ED1079B0093CDE90156069B224608
:101B50000021204614F073FA0028EBD015B0BDE840
:101B6000F08F059A002AE5D0B3F5007FE2D10699FF
:101B70003046A8470028F1D107993046A847EBE73F
:101B8000BB79012B01D03F68A3E73B6B13F4403FC7
:101B900013D13B6B03F08273B3F5802FF3D1CDE902
:101BA00001567B6B0093BB6B224607F14001204638
:101BB00014F045FA0028E6D0D0E7DB01E9D4CDE9FE
:101BC0000156FB6A0093BB6A224607F1400120469A
:101BD00014F035FA0028DCD0C0E76FF05300BDE701
:101BE0006CA9020800FCFF030800002000FC0F7035
:101BF00038B5C26D436D1344C26EB3FBF2F10025DC
:101C000002FB1133826E4365C565D36A016EDB004A
:101C10008B4294BF836581650446D26A406E294633
:101C200017F0EAFF0549012322462046FFF736FF59
:101C300018B1C4E91655E36E236638BD155C020879
:101C40002DE9F04F044687B00D4605A9204614F053
:101C5000CDFB064658B9DDF81480A06E414614F05D
:101C60002DFA0646002853D010F1540F56D03046B6
:101C700007B0BDE8F08F2A6BCDF80C900DF1130A78
:101C800012F0807FCDE9017AA3EB07031CD0AA886C
:101C9000244941EA8222009205F108015A46204671
:101CA000FFF74EFB70B9CDE902A9CDE9008701230A
:101CB000224604F11001204614F0B7FA60B110F189
:101CC000540F2BD00646D2E7AA6B00925946224603
:101CD000204613F0C4FFE5E70137EB6BBB42CAD8DF
:101CE000A36EE1699A6AE86C17F05FFF23692B64C1
:101CF00063696B64A369AB64A06E04F1100114F016
:101D0000DFF92B6BC5F8388043F480232B63AEE7F3
:101D1000074605F1400B4FF00109DEE74FF0FF33B6
:101D2000236192E70000102007B5002304490193C6
:101D300001AAFFF7B3FE00B9019803B05DF804FBF8
:101D4000555C02082DE9FF41144601230022C4E935
:101D50000623134B06460F460FCB8DE80F006D464A
:101D600004F11808404613F015FF10B16FF00100A0
:101D700010E02946204614F01BFB70B93946404656
:101D800013F012FF30B142462146304614F071F88C
:101D90000028E7D004B0BDE8F0816FF05300F9E708
:101DA0006CA902082DE9F04F0D46816E6A688B69B7
:101DB000C96914325F1E4FF0000A8A4294BFBF18EF
:101DC0007F188BB0B7FBF3F704465F43D1466FF043
:101DD000030B6E68BE4219D32B694FF0FF32089295
:101DE000A9EB0302CDE9003208AE02962B6809F197
:101DF00004022146204614F00EF8002847D1089B23
:101E0000534500F0B0806FF0530040E0ABEB0603A9
:101E10003B44043640F2FE32934294BFF618B618A3
:101E2000BE424FF0FF0335D38DF81F30A26ED2E9CA
:101E30000632D21AB24236D3012203920DF11F02AA
:101E4000CDE901622A68009200212246204613F063
:101E500006FF10B110F1540F19D1A36E9A690096C4
:101E60004FF0FF33099309ABCDE9012321462B68DD
:101E70000892204613F0CFFF10B110F1540F06D195
:101E8000404A08AB2946204614F037FA58B10BB047
:101E9000BDE8F08FA7F11402964228BF1646BE4255
:101EA0008DF81F30C2D29DF81F206B68E868D243BE
:101EB000ABEB0308C2F3C01202F5A062B04448EADB
:101EC0000258AB6848F47F2848F4406888EA030366
:101ED0001BBA089308AB1946042201F0FBFA08224A
:101EE00008ABE860039202936B6801932B6809903A
:101EF00004F110010093224600232046059114F0BE
:101F000094F90028C3D10599B9F1000F04D16B6889
:101F1000D5F80CA003F104099DF81F306E60DB4377
:101F20001B0603F0004383EA0803AB60B7424FF09F
:101F3000FF33EB6006D9A36E62699B6A1344B34218
:101F40003FF647AF4FF0FF33236022460023204681
:101F500014F031F900289AD1A06E0369984700283F
:101F60003FF437AF93E70422CDE9009202962B6845
:101F70002146204613F04FFF002888D1089B002BF4
:101F800085D040E708FCFF5F2DE9F04F97B0CDE921
:101F90000823836EBDF884805A6A8B68BDF888B0C8
:101FA0000133002A04460D468B601ADC0027002608
:101FB00000234FF0FF32CDE91132CDE913236968D8
:101FC000A06E1091C36C002B3CD0083B159314F00D
:101FD00075F8002838D010F1540F40F0BB803E4611
:101FE00010E0013242F00102B3FBF2F102FB1133C7
:101FF000002BDBD1012610A928461093119613F06F
:10200000D3FDD0B14FF0FF3300274FF0010923611A
:1020100010A92846CDE9107913F0C6FD50B1291D4D
:10202000204614F0E3F950B110F11C0F40F09280FB
:10203000002EBDD16FF01B008CE03746B7E7074696
:102040004E46B5E7C369C0E70DF14009042305F129
:1020500008024946204614F031F90028BBD10BABE9
:1020600007933E4B0693C8F100031BB2CDE904B3BE
:102070003B4B0293099B0193089B009302462099D6
:10208000CDF80C804FF0FF332046CDE90B49FFF728
:1020900009F800289FD105F11801084613F07AFDD0
:1020A00060B9EA7D0B462F4902F5C06241EA02524F
:1020B0002046494614F021F900288CD10023CDE9AF
:1020C0000D330F9346B904F13C010DA813F087FDC1
:1020D00004F1300113F083FD04F1480A0DA85146C4
:1020E00013F07DFD0D9B02466FF309032946204640
:1020F0000D93FEF763FF68BBDDE90D3213430F9AC2
:10210000134308D0184A0DAB4946204614F0F5F8A1
:1021100000287FF460AF49462046FFF743FE0028C1
:102120007FF459AFD5E90032C5E90023119BEB607C
:10213000ABEB0808129BA5F814802B61A064CAE9D8
:10214000010036B904F13C03303494E8070083E819
:102150000700304617B0BDE8F08F00BFA563020846
:1021600000FC0F4008FC0F000CFCFF7F2DE9F04F36
:1021700097B006460892209ADDF884800D461F46E7
:1021800003EBC200002140F2014440F2FF4C9842B0
:1021900028D1002949D1AB7D002B5CD14FF0FF3312
:1021A0003361B5F814904FF00008C346A9EB080A54
:1021B000BAF1010F00F2E480B8F1000F40F0148191
:1021C000B36E5A6A002A00F324810023CDE900533C
:1021D000CDF80890209B3A4629463046FFF7D4FEBA
:1021E000044613E11A684FEA125EC2F30A52A24291
:1021F00004D1AA8A0132AA820833C8E7624504D111
:10220000AA8A013AAA820121F6E70EF4E062B2F549
:10221000C06FF1D15A681268AA615A685268EA61BF
:102220001A68C2F30052EA75E6E7AB8A002BB2D116
:10223000424629463046FFF785FD044628B1831CF7
:10224000A9D0204617B0BDE8F08F98F81730002BC2
:10225000A1D0022476E0AB8AFE2B9FD8EA682B68D7
:1022600010934FF0FF31CDE913122B69B06E11922C
:102270001293C16C01B3083915910BA90791B649A6
:1022800006910021CDE90411CDE9021120990B96A8
:10229000CDE900710DF1400B29463046CDF830B044
:1022A000FEF700FF044648B114F11C0F3FF476AF6F
:1022B00014F1540FC5D171E7C169DCE70DF13408A1
:1022C00006F13009CDE90D000F904946404613F064
:1022D00086FC06F13C03194606F1480A099313F0FF
:1022E0007EFC514613F07BFCDDE90E100D9A014394
:1022F0006FF3090211430D9210D042462946304631
:10230000FEF75CFE044600289BD1944A434659469A
:10231000304613F0F2FF04460028C5D15946304636
:10232000FFF740FD04460028BED1119BEB60129BD5
:102330002B6199E8070006F13C0383E80700B464C9
:10234000CAE90144089BD6F828801B681093089BB3
:102350005B68119306F120030993B8F1000F3FF475
:1023600070AF08F1080910A9484613F01DFC824619
:10237000002800F08480D8F80080EEE7C14612E71C
:1023800010AB1FFA88F20793754B069353421BB2AA
:10239000CDE90493734B0293209B0392CDE9007324
:1023A00000224FF0FF3329463046CDF840B0FEF70B
:1023B00079FE044650BBB36EDA6C02B9DA69BAF141
:1023C000FE0F0ED899694B1E03EB5203283AB3FB5C
:1023D000F1F34B43934228BF1346109A9342BFF444
:1023E000EBAE08EB5A08E1E61FFA88F8CDE901895F
:1023F000209B00953A462946304614F09DFA044643
:102400000028BBD010F11C0F3FF4DAAE002C99DA93
:1024100017E7AB680132013342F00102B3FBF2F17E
:1024200002FB1133002B7FF4D0AE4FF0010810A94E
:1024300028461093CDF8448013F0B6FB824600285E
:102440007FF4C3AE3046FFF76FFC041EFFF6F9AE13
:10245000F36E1C1BB4EBD30F7FF6B7AECDE901A929
:10246000209B00953A462946304614F065FA04460A
:1024700018B110F11C0FC9D1A7E6C146A5E6AE46BA
:10248000BEE80F00CC46ACE80F009EE80F008CE8D9
:102490000F00089B994506D040F2FF4140F20140F1
:1024A000209B9A451FD108F1200AB8F80420B8F8FB
:1024B0001CB05A45FFF45FAF98F81F1000293FF495
:1024C0005AAF0999504613F06FFB18B1A2EB0B02FB
:1024D000A8F8042052464946304613F0CAFC0028AA
:1024E000E3D00446ADE657F83A30C3F30A528A42C5
:1024F0001ED1B8F80420C3F389239A420AD198F870
:102500000630022B03D04FF0FF33C8E902330AF143
:10251000010AC5E7FBD998F80630013A022BA8F862
:102520000420F4D1D8F82830013BC8F82830EEE771
:102530008242ECD1B8F80420C3F389239A42E6D34F
:1025400098F806300132022BA8F80420DFD1D8F821
:1025500028300133E9E700BFA56302080CFCFF7FC8
:10256000415C020800FC0F402DE9F04F866A9DB0E7
:1025700005460F4691469A46002E5FD13B6804936C
:102580003E467B6805930FCE0CAC0FC496E80F0057
:102590000DF1300814AE84E80F00CDE900A64B46DB
:1025A0003A4641462846FFF7E1FD041E71DB04A9C7
:1025B000384613F0F9FA48B9C646BEE80F00BC46E3
:1025C000ACE80F009EE80F008CE80F00022C29D128
:1025D00005F1480239462846FEF7F0FC044600287B
:1025E00057D1149BFA7D0493159B0593954B01904D
:1025F00002F5C06243EA025308930123009318379F
:1026000008AB04AA314628460997FFF7AFFD041E20
:102610003FDBB446BCE80F0047460FC79CE80F00FD
:1026200087E80F00DFF82092884F4FF0000B012C55
:1026300040F0B38005F1200303938DE006F108001C
:10264000B84201D1366897E7394613F0ADFA002851
:10265000F8D1B379012BF5D1336BD901F2D5AB6E3B
:10266000F26A9B6A9A42EDD9736BF363EB6E2B6649
:1026700031462846FFF7E4FA044650B9336B23F09D
:10268000807333633146284614F059F80446002815
:10269000D8D020461DB0BDE8F08F0AF1080104A88B
:1026A00013F082FA08B9CAE902249AF80630022B1C
:1026B00007D10AF12C0104A813F076FA08B9CAE987
:1026C0000B24DAF800A052E00121284613F02DFC7B
:1026D000314605F1300013F08FFA002863D02A6BE1
:1026E000C5F838A0C2F389233A40C5E90C2AC4F3DF
:1026F0008922934201D2A4F58064149A0292069230
:1027000040F2FF32934214BF49EA83230023089327
:102710000023CDE9093401930223DDF854A000938E
:1027200006AA08AB31462846CDF81CA0CDF82C806F
:10273000FFF71CFD041EACDB012C37D1029BB64613
:10274000CDE9043ABEE80F00C446ACE80F009EE8AD
:102750000F008CE80F00A346039904A813F024FA95
:10276000DDE90C2408B9C5E90824D5F828A0BAF198
:10277000000F92D1324604A92846FFF74BF9041EF8
:10278000A2DAA21C85D1324604A92846FFF7DAFA5C
:10279000044670B1831C7FF47CAFBBF1000F0CBF0B
:1027A0000024032475E740F2FF33A6E74FF0010A47
:1027B000E9E72B6BC3F3090323B1CAF100012846F3
:1027C00013F0B3FB314605F1300013F015FA002881
:1027D00035D02A6BC2F389233A402A630022C5E927
:1027E0000D22149A0492159A059240F2FF329342F8
:1027F00014BF49EA8323002308939DF867301149E9
:1028000003F5C06341EA03530022CDE90A380223ED
:1028100009920192009304AA08AB31462846FFF7BB
:10282000A5FC041EFFF635AFB646BEE80F00C44651
:10283000ACE80F009EE80F008CE80F00F7E640F2CE
:10284000FF33CEE708FC0F000000F04FFF030080CD
:102850002DE9F041036BC3F30903A0B004460F4612
:10286000002B52D000251C22002108A817F0C4F923
:1028700001238DF837300F9300260EA813F08AF944
:1028800028B1002EEED1002D39D10125EBE70EAA9B
:1028900010A9204613F0EDFA58B99DF837300BBB5C
:1028A00018AA0EA92046FFF7B5F800282FDA811CD8
:1028B0005FD020B0BDE8F08191423ED1039A9342AF
:1028C0003AE0236BC3F389226FF39E232363002333
:1028D000C4E90D3340F2FF339A4235D0314B43EA1D
:1028E000822332E00DF1400EBEE80F000DF1200C06
:1028F000ACE80F009EE80F008CE80F00BDE7216BED
:10290000494249B2204613F010FB0020D1E7002DC8
:10291000E8D10DF108080346234ACDF8008018A934
:10292000204613F051FA0028C3DBDDE90E31029A8C
:102930009A42C1D1039B9942D4D008A904F1300036
:1029400013F05AF90028BCD100230493174BCDF89B
:102950001C800022CDE90523022304AA08A92046F1
:10296000FFF702FE0028A4DB032808BF46F001069B
:1029700083E7002DB6D0002FB4D004F1480210A98F
:102980002046FEF71BFB002893D19DF85720084BEB
:1029900002F5C06243EA0253049316AB0593012388
:1029A000DBE700BF0000F04F00FCFF7F08FC0F607A
:1029B00008FC0F0010B5036B9B0590B0044622D5B0
:1029C00000F1200208A913F054FA002844D1234B47
:1029D0000293A36EDB690393E36E0493236F059365
:1029E000636F0693A36F07931D4B009302AB019394
:1029F0006A46012308A9204613F0D8FF60BB236B69
:102A000023F400732363E36B1B0D13F4E06F06D113
:102A10000121204610B0BDE81040FFF719BF04F1B6
:102A2000400208A9204613F024FAA8B9E36BA0637A
:102A3000C3F38922236B6FF39E23C4E90C30094B47
:102A400043EA8223CDE9023002AA012308A92046E5
:102A500013F0ACFF0028DBD010B010BD0100020065
:102A6000180010200000F04F73B514460E4600F118
:102A7000480221460546FEF7A1FA70B9E27D084BEF
:102A800002F5C06243EA02530093183401236A46F8
:102A900031462846019413F089FF02B070BD00BF93
:102AA00008FC0F002DE9F0438BB013F0020F06462F
:102AB0000D460392984637D1129B2B6505F1080706
:102AC00000236B63EB63EB64C5F830802B1D03AA16
:102AD00039463046FEF78AFE041E05DAA31C1AD1D9
:102AE0000398FEF785FAB0B10123AB71B36A2B608E
:102AF000A01CB5625BD118F4807F0CD0039C744994
:102B0000204617F0B8F8225C002A4DD1336F83427B
:102B100013D26FF023042B6B43F480132B632946ED
:102B2000304613F0CAFF04E0FFF744FF04460028D4
:102B3000C2D020460BB0BDE8F083AB886549DFF812
:102B4000988140EA832041EA832140F4801048EADA
:102B50008323CDE90412CDE90604CDE908323946D4
:102B6000032304AA304613F021FF10F11C0F044682
:102B7000CFD00028CFD144464FF000084FF00C09C9
:102B80002B6D9A68424538D81B68002B65D0EB64E2
:102B9000B06E05F1400113F093FA40F20123B3EB5C
:102BA000145F64D00024C4E76FF01304B3E718F493
:102BB000007F40F08380240D012C40F08280AB88A0
:102BC00018F4806F4FEA832308D043F000542B6B36
:102BD00043F4803344F480142B63CDE705F12802DD
:102BE00043F00053009243F008033C4A3946304614
:102BF00013F0EAF8041EBFDA8DE72A6BD10705D47B
:102C00002B6B9A071DD408F10108B9E75868B5F88D
:102C100004C009FB08F28118825C8B684968009146
:102C200043EA8C2302F5407243EA025339462C4AA8
:102C3000304613F0C9F80028E2DA831CE0D00446DD
:102C400069E72A6D526809FB08229168B26F9142C8
:102C50003AD843F480332B63D5E7B36E986AFBF719
:102C600033F8E864002893D16FF00B0453E72B6B23
:102C700043F080736FF001022B63C4F30904002357
:102C8000AA62EC622A646B64B36E9A6AAA64002C2E
:102C900088D040F2FE339342A98828BF134643EA06
:102CA0008123EA6C009243F000530C4A39463046C7
:102CB00013F08AF8041EBFF675AF2CE76FF010040E
:102CC00029E76FF0140426E76FF01B0423E700BF29
:102CD0006BFC0208000010400000102000FC0F7088
:102CE00000FCFF7F30B597B0054613F0F4F90446B9
:102CF00020B16FF00B04204617B030BDAB6E01461B
:102D0000DA6A686E16F078FFD5E91A326C65DB6A0C
:102D1000DB00C5E91742934294BFAB65AA650EA9D3
:102D2000284613F0A1FB0446002832D11B4B029326
:102D3000AB6EDB690393EB6E04932B6F05936B6FA4
:102D40000693AB6F0793164BCDE90830154B0A93EA
:102D5000154B0B93154B0C9302AB0D9308AA032351
:102D60000EA9284613F022FE044690B98DF84E00B5
:102D7000034602460EA9284613F018FE044640B941
:102D8000009001236A460EA92846019313F071F8BA
:102D90000446284613F0D6F8ADE700BF0100020054
:102DA000000010400800F00F4DFD02081800102030
:102DB0002DE9F0439BB0044613F08DF90646002838
:102DC00040F09F8001461C2212A816F015FF012337
:102DD00019934D4BDFF83481DFF834910FCB08AFF6
:102DE00087E80F0018A812F0D5FEB0B1236B03EBF3
:102DF000D373236304F1300207CA04F13C0383E870
:102E00000700E26EE36AB3FBF2F102FB1133636584
:102E10000023C4E91633226635E0394612A813F0C0
:102E2000C7FA00286AD10823079305ABCDE90293BE
:102E3000384B0190009318AA374B12A92046CDE9D0
:102E40000548FEF7D9FA051E19DB4CD045F30905F4
:102E5000013548D0129B2362139B63620CAB009335
:102E60002D4A2E4B12A9204612F0AEFF051E06DB9E
:102E70000C9B9AB21B0C022B09D06FF01505204653
:102E800013F060F82E4630461BB0BDE8F083012AEF
:102E9000F3D8236B82F0010223F4007343EA422348
:102EA00023630F9B1BB1226F9342E6D82367109BCD
:102EB0001BB1626F9342E0D86367119B43B1A26F6D
:102EC0009342DAD8E26FA3679A4294BFE267E3675E
:102ED000A36E0E9A196A09B19142CED1E266DB69FE
:102EE0000D9A9A42C9D104F1300212A92046FEF788
:102EF00065F8054600283FF475AFC0E76FF053054D
:102F0000BDE76FF00B06BEE76CA902084DFD020895
:102F1000F15E02080800F00F00FCFF7F180010208F
:102F200070B598B004460391FFF744FD00285CD1CA
:102F3000034603AA06A92046FEF758FC002854DBE6
:102F4000C0F3892340F2FF32934250D0000DA26AB1
:102F50000E9202284FEA832504AE20D145F000539B
:102F6000244A009643F0080306A9204612F02CFFDD
:102F700000283ADB324610A9204612F07AFF0028DA
:102F800033D1159B33F47F022DD10121204612F05D
:102F9000CCFF0EAB8DF83E20ADF83C20A3620023A1
:102FA00045F09F45059345F4E0050123324606A907
:102FB0002046049513F0FAFC0E9BA362A8B9236B7C
:102FC000C3F309038BB14FF0FF31204612F0ADFF80
:102FD00006AA10A9FEF7B6FE38B910AA06A920461F
:102FE000FFF742FD01E06FF0260018B070BD6FF0F2
:102FF0001500FAE700FC0F702DE9F04FADB0CDE9F8
:1030000004120546FFF7D6FC0346002840F0158160
:103010000DF1200904AA49462846FEF7E7FB061EE3
:10302000C0F20D8140F2FF38C6F38927474505D12C
:103030006FF0150420462DB0BDE8F08F0DF10E03A2
:1030400005AA10A92846FEF7D1FB041E32DBC4F303
:1030500089234345ECD010A9484612F0A5FDAB6A80
:103060001893A31C804635D1DDF814A07A49504648
:1030700016F001FE1AF800301BB1330D022B40F0A0
:10308000E0802B6F8342C0F0DF80B8F1000F19D0D1
:103090002B6B6FF39E2343EA872343F09F4343F454
:1030A000E0032B63089B6B630234099BAB634FD136
:1030B000BB460DE0A21CBDD10598FDF799FF002885
:1030C000C9D1B7E7BDF80E30BB42F1D807F1010B0B
:1030D000002343E0330DB3EB145F4FEA145206D0E4
:1030E000022A0CBF6FF014046FF01304A2E7BDF8BE
:1030F0000E30002840F0AB809F4201D1002499E7B8
:10310000022A25D1554A0DF1880A42EA8323CDF8D7
:1031100000A0534A10A9284612F056FE002854DB9E
:1031200052461AA9284612F0A4FE00284DD11F9B32
:1031300033F47F0247D10121284612F0F6FE18AB86
:103140008DF86620ADF86420AB62B8F1000F9FD116
:10315000BDF80E20434BBB4643EA8223BDF80E2048
:103160002293414B3C4943EA82230024CDE9243495
:10317000059B239418464FEA822A16F07CFD059B96
:1031800027936FF313064AEA070346EA0A0643F059
:103190008053064343F48013CDE928392696B8F1CD
:1031A000000F02D12F4C44EA8B2400232B9322AA38
:1031B000052310A928462A9413F0F8FB044630B1E1
:1031C000189BAB6236E76FF02600044632E7B8F191
:1031D000000F17D02B6B1A0D12F4E06F12D06FF3A3
:1031E0009E23C5E90C301F4BA86343EA8723CDE932
:1031F000063006AA01234946284613F0D7FB0446A9
:103200000028DDD1189BAB622B6BC3F30903002BA5
:103210003FF474AF4FF0FF31284612F086FE10AA3B
:103220001AA9FEF78FFD044600287FF403AF1AAAFF
:1032300010A92846FFF718FCC7E70446FAE634460B
:10324000F8E66FF01304F5E66FF02304F2E6022AC5
:103250007FF41EAF56E700BF6BFC02080800002099
:1032600000FC0F700000F04F000010402DE9F04707
:10327000A6B005460191FFF79DFB044688B9AB6AED
:103280001C9301AA0DF102031EA92846FEF7AEFA0F
:10329000831C044609D1DDF804804046FDF7A8FEF2
:1032A00040B9204626B0BDE8F0870028A8BF6FF0DF
:1032B0001004F6E73D49404616F0DDFC2B6F8342D3
:1032C000064670D3EB6E2B6604AF3946284613F0E2
:1032D000CBF804460028E4D10DF1780CBCE80F00CF
:1032E0000CAC0FC49CE80F0084E80F000DF1480AF5
:1032F0009DF84730002B4DD1DFF8B490012302AA8E
:1033000039462846CDE9029A13F050FB04460028BE
:10331000C7D19DF88F30D3B10121284612F005FEA8
:103320001CABAB6214AA01230CA98DF87640ADF852
:103330007440CDE9149713F039FB1C9BAB62044633
:103340000028AED14FF0FF31284612F0EEFDBDF857
:103350000220184B43EA8223149300231593164B43
:1033600043EA8223CDE918379DF88F30002B104BAC
:1033700046EA822618BF0023CDE91A3746F4001624
:10338000042314AA1EA92846CDE9166813F00EFBE3
:10339000044686E752460CA9284612F06AFD044608
:1033A0000028A5D07DE76FF023047AE76BFC0208C4
:1033B00008FC0F600000104008000020F0B587B046
:1033C00001F1080603920C46002303AA3146054684
:1033D000FEF70CFA00282ADB030D022B29D1C0F3DB
:1033E000892040F2FF33984204AF15D12B6A049331
:1033F0006B6A05933A463146284612F03AFDB0B959
:10340000A368E362E36823630223A080A062A37140
:10341000AB6A2360AC620AE0074B084A009743EAB4
:1034200080233146284612F0CFFC0028E2DA07B0AC
:10343000F0BD6FF01300FAE70800002000FC0F70E9
:103440002DE9F0410C46154606464FF484720021E2
:10345000284616F0D1FBA36A63B92846022300F878
:10346000083B1A49EDF7EAFEA36A0133A362012083
:10347000BDE8F081012B22D004F1200804F10807F7
:10348000A288A38B93420BD1E07F0028F0D0424664
:103490003946304612F0EDFC0028E9D1A080024602
:1034A0002B4639463046FDF7B5FD08B1831CDFD108
:1034B000A388023003F10103A380E1D0D4E72846BA
:1034C000022300F8083B0249CCE700BF4BFD02088D
:1034D0004AFD020830B50C4D0A44914200D130BD7E
:1034E00011F8013B83EA000404F00F0455F824406E
:1034F00084EA101080EA131303F00F0355F8233009
:1035000083EA1010E9E700BF60BB0208F8B50F4678
:1035100014461D46084E304613F000FC10B96FF0FB
:103520008300F8BDB368A2B21B683946304698479D
:103530000028F4D12C60F4E788A502082DE9F041B9
:1035400004460D46EFF31187102383F31288DFF84A
:103550007080D8F808600EF0FDFE0EF0FBFE042C23
:1035600096BF184B184A53F82420184898F8103082
:1035700021460EF0F2FE45B1EB69C3F3080323B117
:103580000EF0E8FE12480EF0E8FE0EF0E3FE36B153
:10359000304613F0D3FD024608B1037803B90D4A53
:1035A0000D4831460EF0D9FE29462046F2F726F89E
:1035B00087F311883046BDE8F041FAF773B900BFD0
:1035C00010520020A0BB020856FD020864FD02084C
:1035D0008DFD0208BAE70208AEFD020838B50A4BB5
:1035E00053F82040013053F82050A54200D838BD90
:1035F000606830B1037EDB0701D413F06EFB083442
:10360000F3E723689847FAE7B4BB020870B52E4B7E
:103610002E4C2F4D012286B01A70AC4223D30320CA
:10362000FFF7DCFF2B4C2C4DAC4202D054F8043B8E
:10363000EBB90420FFF7D2FF284C294D2646AE42B5
:1036400004F1300415D301F00DF9244CAC422CD315
:1036500001F018F9F4F714FA224A938923F00103D0
:10366000938106B070BD54F8043B9847D5E798475E
:10367000DAE754F80C3C059354F8103C049354F8E2
:10368000143C039354F8183C029354F81C3C0193E7
:1036900054F8203C009354E90A2354E90C0100F04B
:1036A00099FD54F8303C5E65C8E7D4E90A2352EA34
:1036B0000301206803D113F043FD3034C6E70A4903
:1036C000183001F0B7F9F8E7B680002014A8020816
:1036D00018A8020828A9020834A9020818A8020894
:1036E00018A80208904000205D72020870B5164EBE
:1036F000164D1749982386B003FB0066012200236C
:10370000CDE904230F22CDE902320193142303FBF8
:10371000005504464FF4A07000FB04110D4B0095BA
:103720004FF48072304600F055FD337C0A4AEE605B
:1037300023F0040333744FF4046304FB0333134492
:103740002C746B6006B070BDF83F00201052002052
:10375000809B00209B6E0208409300207FB50020D4
:10376000FFF73CFF2C4B83F308882C4C2C4D6369EE
:1037700043F400736361F02384F822300023E3777D
:1037800023766376A37684F82030636A43F4E023DB
:103790006362F9F769FFFAF771F84FF0FF33A3623C
:1037A000E362FAF77DF9FAF7E7F81E481E4C00F0DD
:1037B00069FDF9F74BFCAC422AD30120FFF70EFF5D
:1037C0000220FFF70BFF01F045F8184B184C5C6125
:1037D000184B059300250123174900954FF4C0525B
:1037E000CDE90353CDE90155144B204600F0F2FC1E
:1037F000237C064623F004032046237413F0E9FCDF
:103800002846FFF773FF0D4A31462046FAF718F8AD
:1038100054F8043B9847CEE7809B002000ED00E081
:1038200014A80208E041002010A80208105200204D
:103830009040002011FE0208C09C00200D360108B7
:1038400038B5064C064DAC4201D3002038BDD4E952
:103850000112204613F0A9FA1834F4E718050020E5
:10386000480500201FB5054C0294CDE900230A4607
:10387000002113F05EFA04B010BD00BFE72102087A
:1038800038B5064C064DAC4200D338BD204613F087
:10389000AEFA0028F9D12034F5E700BFD8040020A3
:1038A0001805002073B50C46EFF31181102585F340
:1038B000128805694DB125602B680361C369013326
:1038C000C361002081F3118811E052EA030603D19D
:1038D00025606FF00B00F5E7CDE9002302460830C4
:1038E00000F0D0FE18B9034B9B685B69236002B0FF
:1038F00070BD00BF10520020F7B504460F469DF87A
:103900002000EFF31186102181F31288616A256986
:10391000A9423CD22568AC4219D0C5B1284613F063
:10392000C5FA05F1180001F015F9E2686869394631
:1039300016F03BF90023C5F89430284600F02EFD20
:1039400004F10800314600F025FE00202DE0E26879
:10395000A8B1206AA56983189D4208BF63692362E4
:1039600001316162394616F020F9102104F1280076
:1039700013F04FFE0028E3D186F3118815E0E069CB
:103980006369834208BFA069801AE061E8E752EAF0
:1039900003010CD00749896804F108004F61CDE9A3
:1039A00000233146224600F06DFE03B0F0BD6FF0FB
:1039B0002200E1E710520020F7B504460846EFF375
:1039C0001187102181F31288656A002D33D0E668D3
:1039D000E169A2698B199A4208BF6369E361013DFD
:1039E0006562324616F0E1F82568AC4232D02846CE
:1039F0008DB313F05BFA05F1180001F0ABF8206A03
:103A0000A26983199A4208BF63692362636A01331A
:103A1000636232466969002616F0C7F82846C5F881
:103A2000946000F0BBFC04F10800394600F0B2FDE0
:103A3000304603B0F0BD52EA03010FD0094989684E
:103A40004861CDE900233946224604F1080000F020
:103A500019FEEEE7002087F31188EAE76FF02200F5
:103A6000F9E700BF105200202DE9F04F044685B061
:103A70009346EFF31189102686F31288DFF828A108
:103A8000C168DAF8082061B18068904209D05BEA29
:103A9000030124D189F311886FF00F0005B0BDE850
:103AA000F08F01310129C4E9022110D1DAF8083080
:103AB000D3F8802012B99A7B83F88C2000212161F1
:103AC000D3F8841004F1100229B9C3E9202289F344
:103AD00011880020E2E70A60C3F88420F7E7C2F803
:103AE0008840A56892F90E1095F90E209142A8BF62
:103AF000114627464FF0000895F90E208A420ADD4C
:103B0000B868CDE9021313F026FADDE9021348EA9A
:103B100000005FFA80F8D5F888704FB12A7C9207D0
:103B200006D5BC4204D0013E02D0BD68002DE3D1D1
:103B3000CDE900B31D482246494600F0A3FD20B957
:103B4000DAF80830C3F88800C3E7EFF311851023D3
:103B500083F31288DAF808300022C3F88820A068BE
:103B6000D8B190F98C10D0F880304BB913F0F3F93C
:103B700098B10E48294600F00DFD6FF00A008DE760
:103B80001C4654F8102DA24205D022B192F90E2005
:103B90009142A8BF11461B68E7E7B8F1000FE8D1D2
:103BA00085F31188E9E700BF10520020B78000209C
:103BB0002DE9F04183680546002B00F088804748D6
:103BC0008268934240F08680EB68012B04D9013B68
:103BD000EB600020BDE8F081EFF31187102383F341
:103BE00012888368D3F8802005F1100600216AB19D
:103BF000964229D12A69F9B9D3F88410C3F88020F4
:103C00008E4201D1C3F8842000232B61836893F98D
:103C10008C1093F90E208A4205D0D3F88030B3B9C6
:103C2000A86813F098F92C68A5421DD10023C5E9B6
:103C3000023387F31188CCE70A60D3F884209642D8
:103C400008BFC3F88410DFE711461268CFE71846B3
:103C500050F8102D824205D022B192F90E209142E7
:103C6000A8BF11461B68DAE7002CDFD0D4E9003288
:103C700013605A60237C4FF0000823F00203237482
:103C8000C4E90088C4F8088004F1180000F062FF5D
:103C9000AC60D4F8803013B9A37B84F88C30C5F8BD
:103CA0001080D4F8843073B9C4E92066002320461C
:103CB000C4F88830C4F8943000F070FB08483946E6
:103CC00000F068FC85E71E60C4F88460EEE76FF0E2
:103CD00015007FE74FF0FF307CE700BF1052002057
:103CE000B780002070B5EFF31186102383F312889C
:103CF0000468A0421CD0DCB1D4E9003213605A60E1
:103D0000237C002523F00203C4E900552374A56039
:103D100004F1180000F01EFFC4F8945065612046BD
:103D200000F03CFB31460A48BDE8704000F032BC70
:103D3000D0E902329A4218BF013383600221103069
:103D400013F067FC0028EDD186F3118870BD00BF29
:103D5000B880002013B5EFF31181102484F312888A
:103D6000846834B1013C846081F31188002002B082
:103D700010BD52EA030404D181F311886FF00F00E3
:103D8000F5E7CDE900230246014800F07BFCEEE7B1
:103D9000B8800020F8B50546EFF31187102383F3B0
:103DA000128800232C68A5421AD0CCB1D4E9003285
:103DB00013605A60237C002623F002032374C4E9B5
:103DC0000066A66004F1180000F0C4FE6FF00A035C
:103DD000C4F894306661204600F0E0FA0123E1E780
:103DE0000022AA602BB139460348BDE8F84000F034
:103DF000D1BB87F31188F8BDB880002007B5064B0A
:103E00000093064906484FF0FF334FF4805200F00C
:103E100041F903B05DF804FBCCBB020800B50020FB
:103E2000284100202DE9F04FDFF87C8185B0044661
:103E30004FF0FF364FF0FF37EFF31189102383F374
:103E40001288D4F89C504DBB022104F1B40013F049
:103E5000A2F8002874D004F1AC0BD4F8AC505D4546
:103E600079D0002D77D0D5E9003213605A602B7CD1
:103E70004FF0000A23F002032B74C5E900AAC5F82D
:103E800008A005F1180000F065FE0123C5F8943084
:103E9000C5F814A0284600F081FADEE7D4F8A02087
:103EA0002B68C4F89C30954208BFC4F8A030D4F801
:103EB000B43043F00203C4F8B430EB6823F00403D9
:103EC00043F00103EB606B6889F31188284698473B
:103ED000EFF31189102383F31288EB68D80623F0DF
:103EE000010243D4EA60EB689A071BD5D8F80000BA
:103EF00023F00203EB60A8B10268002190B143688F
:103F00009D4243D10368002938D1D8F80420C8F86D
:103F10000030904201D1C8F80430002340F8083B3B
:103F2000FFF7E0FED4F8B43023F00203C4F8B43055
:103F3000DB0502D4D4F89C3083BB89F311887BE77E
:103F4000D4F8B430D90606D5C4F8B40089F3118882
:103F500005B0BDE8F08F0023CDE90067029304F1BE
:103F6000A4024946114800F0A1FC65E723F01103C3
:103F7000EB6005F11000FFF7B5FEB4E70B60D8F871
:103F80000430984208BFC8F80410C6E701461AB1C9
:103F9000136810461A46B1E71346FAE789F3118809
:103FA00013F003F948E700BF30520020B980002029
:103FB000F8B5C3689A0704460E46C3F3400542D4D9
:103FC0005F0742D40B680BB983680B60E368D807BE
:103FD00044BFA368336037684CBF0225012557B33F
:103FE0001B4B9A68D7F898309A421ED113F09DF86F
:103FF00080F00100C0B2D7F8B430D907C3F3800213
:104000001CD5F2B1F8B100232360D7F8A03073B902
:10401000C7E92744384613F017F8E36843F0040370
:10402000E3603368A3602846F8BD0020E3E71C6026
:10403000C7F8A040EEE76FF0150506E06FF0120537
:1040400003E01B07DFD56FF00F0500233360EAE7BD
:104050001052002037B501900846EFF31185102368
:1040600083F3128801A9FFF7A3FF041E06DD0548AC
:10407000294600F08FFA204603B030BD85F3118841
:10408000F9E700BFB980002001460148FFF7E2BF11
:1040900028410020F0B589B004460020C4E927007B
:1040A0000E9D04F1A400C4E9290004F1AC00C4E9A8
:1040B0002B0055B32879002840F2011008BF0120D9
:1040C000C4F8B40000204FF0FF364FF0FF37CDE9C1
:1040D0000330CDE90100CDE906670D4B0094204681
:1040E00000F0E6F855B1296811B1204613F023F825
:1040F0006B791BB1A38943F00103A381204613F020
:104100001FF8C4F8984009B0F0BD0120D8E700BFFF
:10411000253E010837B501900846EFF311841021C0
:1041200081F31288C16811F01E0F14D153EA020501
:1041300006D101A9FFF73CFF84F3118803B030BD1D
:1041400041F00801C160019981620449103000F01A
:1041500071FC0120F0E70020EEE700BF8970020843
:1041600001460148FFF7D6BF28410020F0B585B0D1
:104170000C46019017461D46EFF31183102181F381
:10418000128803A92046039312F010FF55EA070393
:10419000039E07D101A92046FFF70AFF86F3118885
:1041A00005B0F0BDE368074943F00803E360019BF5
:1041B000A3623A462B4604F1100000F03BFC0120BC
:1041C000ECE700BF8970020801460148FFF7CEBF47
:1041D000284100202DE9F043073285B01F4622F028
:1041E000070200F15803C0E916337F32109B838128
:1041F00000250E4622F03F020F9981730423C0E987
:104200000655044685600374C573002100203F2ACB
:10421000C4E9080106F14009A2F1400803D885F37A
:104220001188184602DFB51829462046F8F7E0FF46
:10423000A37B84F88C300730C4E91B980E9B20F0D8
:1042400007004FF000086067C4E92088C4F8888040
:1042500002930D9B01932D1A0C9B00932A463B461B
:1042600031462046F9F7BAFA054BC4F854809B68EA
:1042700003B19B6FA367284605B0BDE8F08300BF7C
:1042800010520020012310B5827B03748381002328
:10429000C0E92033C0E91B33C0F8883080F88C2097
:1042A000044600F07FFE014B9C6010BD10520020C0
:1042B000F0B587B000250595109D04950F9D0395D9
:1042C0000E9D0295DDE912760D9D01950C9D0095E0
:1042D0000446FFF77FFF56EA070305D1204612F098
:1042E0002FFF204607B0F0BD3A46334604F11800D0
:1042F000014900F09FFBF4E75D7202080A4B9A68DF
:104300006FF00A01C2F89410C2F89000074A4FF00B
:1043100080515160002282F31188BFF36F8F9B6838
:10432000D3F89400704700BF1052002000ED00E069
:1043300038B5184CA168E0690B68814214BF1A4671
:10434000002249680B605960A368E1692AB9124AE2
:10435000C3E900210B60E3610AE092F90E5093F982
:104360000E00854212DD5168C3E900210B605360E5
:10437000A569094B9D4200D005B9E568A3689D4237
:1043800002D0284612F0E4FF656138BD8A42DED0D3
:104390001268DBE7105200202852002070B590F917
:1043A0001020037C002A2FDBD9062DD11A4C63F094
:1043B0007F032246037452F8183FE169934207D104
:1043C000C0E900210860E0610FE09942F8D01B6865
:1043D000002BF5D093F90E6090F90E50AE42F4DD4B
:1043E0005968C0E9003108605860A569954200D05D
:1043F00005B9E568A3681A7CD20606D1DA897F2A56
:1044000003D9AA690AB9636170BDAB4202D02846DC
:1044100012F09EFF6561F7E71052002038B590F961
:104420001020037C002A014604DA03F07F030374A2
:1044300012F0BDFE0D4D2A46AB6852F8184F94425B
:1044400000D004B9EC688B4207D01A7CD20604D1A4
:10445000DA897F2A01D9A2692AB1A34202D0204673
:1044600012F076FF23466B6138BD00BF105200206A
:104470002DE9F843002A027C0CBF4FF010084FF0E2
:10448000080818EA020F04460D465ED148EA020306
:10449000D2090CD10374B8F1080F71D1A36813B11C
:1044A000204612F08CFE04F1180610270BE003F0F2
:1044B0007F03037412F07BFEEDE785F31188EFF3C1
:1044C000118587F31288304600F044FB0B30F4D09E
:1044D000A66D04F15807B74211D04FF0000976B12C
:1044E000304612F06CFEC6F8949006F1180000F009
:1044F00031FB3046FFF752FFA66DB742EFD1234B99
:104500009B689C423CD1EFF30587003F18BF012711
:10451000DFF878904B4653F8186F9E4200D00EB9E2
:10452000D9F80C60D9F80830B34202D0304612F006
:104530000FFFB8F1100FC9F8146006D020460EF036
:104540005EF817B11248FFF79DFE104B9B68A3421F
:1045500018D1EFF30583ABB9A289D2070BD585F348
:10456000118883F311880423184602DFEFF31185C5
:10457000102383F312882846BDE8F843FFF7BEBE38
:104580000027C5E785F31188BDE8F88310520020A5
:10459000E041002049B9EFF3058030B9044B5A6976
:1045A0009B689A4201D0FFF7A9BE81F3118870473A
:1045B0001052002001460148FFF7ECBFBA800020EE
:1045C00070B50F4D2B46064653F8184F9C4200D04D
:1045D00004B9EC68AB681A7CD20604D1DA897F2A68
:1045E00001D9A2692AB1A34202D0204612F0B0FE3E
:1045F00023466B613046BDE87040FFF7DBBF00BF6C
:104600001052002070B5EFF31186102383F3128847
:104610001A4CA168E0690B68814214BF1A46002257
:1046200049680B605960A368E1692AB9144AC3E973
:1046300000210B60E3610AE092F90E5093F90E003D
:10464000854216DD5168C3E900210B605360A569FE
:104650000B4B9D4200D005B9E568A3689D4202D08E
:10466000284612F075FE65613046BDE87040FFF7E0
:1046700045BE8A42DAD01268D7E700BF1052002048
:1046800028520020F8B5DDE906670C461146EFF325
:1046900005832BB1002383F311880423184602DF1E
:1046A0000C4B0D4A98681060EFF31182102282F3D0
:1046B00012889D68284612F097FD32463B4605F168
:1046C0001800064900F0B6F92046BDE8F840FFF7AB
:1046D00015BE00BF10520020385200205D72020843
:1046E000F8B50446EFF31187102383F31288037C97
:1046F00003F01F02002A0CBF0126002649B233D165
:1047000003F07F03037412F052FD284D037C817384
:1047100063F07F032A46037452F8183FE869934216
:1047200007D1C4E900200460EC610DE09842F8D0A4
:104730001B68002BF5D093F90EC08C45F6DD596847
:10474000C4E900310C605C60AC69944200D004B9EB
:10475000EC68AB689C4202D0204612F0F9FD6C6117
:1047600087F311883046F8BD9B071CD5856812F089
:104770001EFD81732B689D4209D16B68C4E900530B
:104780001C606C60ECE76A689A42F6D01B68002BEC
:10479000F3D093F90E208A42F5DD5A68C4E900325D
:1047A00014605C60DCE78173DAE700BF1052002020
:1047B00051EA00032DE9F04706460D4607468846B4
:1047C00005D112F0F2FC38464146BDE8F087EFF320
:1047D0001189102383F31288DFF868A01A4BDAF8E6
:1047E00008001860FFF71AFEDAF808001749324689
:1047F0002B46183000F01EF9DAF808301A7CC3F89E
:10480000909042F004021A746FF00A02C3F89420E8
:104810000F4B4FF080525A600446002383F31188F7
:10482000BFF36F8FB5F1FF3F08BFB6F1FF3FCAD0AE
:1048300012F0B7FD201A20EAE07007464FEAE07850
:10484000C1E700BF10520020385200205D720208FC
:1048500000ED00E0024B03F11802C3E906227047A5
:1048600010520020EFF31181102383F31288044BC0
:104870009A68D37B013BD37381F31188704700BFE3
:1048800010520020EFF31180102383F31288034BA2
:104890009A68D37B0133D373FFF792BE1052002086
:1048A000014B9868704700BF10520020D3B5DDE976
:1048B0000667089CCDE90067FFF7E4FE1CB1034BD7
:1048C0009B685B69236002B0D0BD00BF105200201E
:1048D000027C12F01F02034610D10A4988420DD013
:1048E0000949086868B1D9897F2909D893F90E2048
:1048F000064B1B689A42B8BF0020704700207047E3
:1049000010467047F83F0020540400204052002019
:10491000094BBFF35B8FC01A084BC0105843084BBC
:10492000012203EB800353E8001F43E80020002826
:10493000F9D1BFF35B8F704778420020ABAAAAAAD7
:104940003C520020F8B5144B144D1E7C182303FB79
:1049500006550446284600F0FDF8114B03EB860788
:104960006CB1BFF35B8F53F82630BFF35B8F03B19D
:10497000013C0C492246E317284600F05BF8BFF3E0
:104980005B8F002357E8002F47E800310029F9D159
:10499000BFF35B8FF8BD00BF1052002078420020AB
:1049A0003C52002011490108F8B5EFF3118710239C
:1049B00083F31288144E154BB5681868A84204D1C9
:1049C00012F0C6FC87F31188F8BD00221A60327C11
:1049D0000F4BBFF35B8F53F82230BFF35B8F002B7D
:1049E000F0D02846FFF774FF04460028EAD02B7C5D
:1049F000DB06E7D1FFF79CFC7369AB42E2D12046AE
:104A0000FFF7A0FFDEE700BF105200203852002061
:104A10003C520020024B1868984208BF00207047A3
:104A200058040020024B186808B1FCF705B970471C
:104A300060040020B3F1FF3F08BFB2F1FF3F2DE952
:104A4000F84F0446994615461F467AD00161EFF3A8
:104A50001186102383F31288B9F1000FDFF8E88084
:104A600024DBFFF7DFFF394B1A68003A18BF012239
:104A7000451949F100035219D8E9005743F10003E1
:104A80005519014643EB07074FF00108DFF8C090C6
:104A9000C4E90223FFF7BEFFD9F804A0E0B9C4E9D6
:104AA000009ACAF80040C9F8044027E0D8E900138A
:104AB0006FF00102521A4FF0FF3161EB0303521BFA
:104AC00063EB0903012A73F100014FF00008BCBF3A
:104AD000012200234146D9E7D0E9022ED4E9023C65
:104AE00093427CEB0E0B23DAD21A6EEB0C03C0E977
:104AF00002234368C4E900031C604460FFF78AFF97
:104B000084420FD1114B1B6801330BD1B8F1000F58
:104B100002D1FFF787FF0146084612F020FC002172
:104B200011F02BF886F3118828463946BDE8F88F36
:104B30009B1A6CEB0E025045C4E90232AFD00068FC
:104B4000ACE700252F46EFE79042002060040020EC
:104B500058040020F8B50446EFF31186102383F3C0
:104B60001288026862B3FFF755FF174B5B689C42DF
:104B700008D0D2E90231D4E90275DB1941EB050115
:104B8000C2E90231D4E900320025844213605A6040
:104B9000C4E900550CD000200C4A136823F0010131
:104BA0008C4204BF43F00103136086F31188F8BD03
:104BB000FFF738FF12F0D3FB294610F0DEFFEAE7DB
:104BC0006FF01500E8E700BF5804002044520020B1
:104BD000EFF31182102383F31288054B1B6840F01A
:104BE00001001B1A5842584182F31188704700BFD8
:104BF000445200202DE9F047314E324DDFF8C89085
:104C0000324F306000230C462B60D6F80080B8F19C
:104C1000000F0ED14FF0FF3340462B6012F09FFB88
:104C2000414610F0AAFF84F31188BDE8F047FFF772
:104C3000BBBEFFF7EFFE6FF0004330B1D0E90212C8
:104C4000994272F10002B8BF0B464345194684BF32
:104C5000434641464FEAE37C38B18268D0F80CE025
:104C6000D21A6EEB0C0EC0E9022ED9F80020D21831
:104C7000D9F8043043EB0C03C9E90023A8EB010188
:104C800031604FF0000A4FF01008FFF7C3FE002814
:104C9000BBD0D0E902120A43B7D1D0E900210A60A3
:104CA000516002693860C0E900AA84F31188904716
:104CB000EFF3118488F31288C7F800A0E5E700BF7E
:104CC00048520020600400209042002044520020FE
:104CD00010B5EFF31184102383F31288FFF7A2FEBF
:104CE000044AD2E90031C01841F1000184F311886F
:104CF00010BD00BF904200202DE9F0410446EFF3C3
:104D00001186102383F3128803681BB186F3118880
:104D1000BDE8F081FFF75CFF07460028F6D1D4E933
:104D20000A586A1C48F10003022A73F1000324D3D5
:104D300012F03BFB281848EB0101012871F100013A
:104D400040DB12F032FB6FF00203281848EB010140
:104D500083426FF000438B4139DB12F026FB6FF08A
:104D600001022D1848EB0103521B4FF0FF3161EB9C
:104D7000030319492046FFF75DFE236B01332363CC
:104D8000236A43B186F3118820469847EFF31186D2
:104D9000102383F3128854F8180FA042B6D00028CD
:104DA000B4D0D0E9003213605A60027C002322F0B4
:104DB0000202C0E9003302748360C0F89430FFF748
:104DC000EDFAA3E76FF001024FF0FF33D1E73A4667
:104DD0004FF00043CDE700BFF94C0108B3F1FF3FAE
:104DE00008BFB2F1FF3FF8B5044616461D4614D081
:104DF000EFF31187102383F31288FFF7ABFEDDE991
:104E000006010023C4E90A01236332462B462046EB
:104E10000249FFF70FFE87F31188F8BDF94C01082E
:104E2000F0B51423134E03FB01000024102701B931
:104E3000F0BD10F8073C40F80C4C03F03F03102B7A
:104E4000A0F1140C0CD826FA03F3DB0708D550F8B0
:104E5000143C2BB150F8105C2B605D6040E90544B8
:104E600082F31188EFF3118287F3128801396046CB
:104E7000DDE700BF160101002DE9F74F1D46234B6A
:104E80009F68012387F8603087F8613052EA050394
:104E900016460CBF0123002307F16002804612F082
:104EA000F3FA8146EFF3118B4FF0100A8AF3128860
:104EB00097F8604054B901465A464046FFF7B0FFA4
:104EC0008BF31188204603B0BDE8F08F002387F8EC
:104ED000603056EA050304D18BF311886FF00A04A1
:104EE000F0E7CDE900650A4A0A485946FFF7CAFBD0
:104EF0000446EFF311858AF312882A464946404654
:104F0000FFF78EFF85F31188DCE700BF1052002009
:104F100064040020BB80002010B50346EFF3118429
:104F2000102282F31288C1600121816000688342EF
:104F300003D184F31188002010BDD0E90032136042
:104F40005A600023C0E9003312F01DFB02482146DD
:104F5000FFF720FBEFE700BFBB80002073B50446DE
:104F6000EFF31186102383F312888368594003EA14
:104F700002050A405340009300226B460849019203
:104F800012F0B6F9DDE9003223EA020304F10C0065
:104F9000A3603146FFF7FEFA284602B070BD00BF9D
:104FA000E1760208014B8367704700BF18050020B7
:104FB00070B50A4E041F00F11C020025012056F8AE
:104FC000041B54F8043FC9435B1845EB05011B184B
:104FD00041F10000A242F2D170BD00BF3CC70208FF
:104FE000F8B5064608460D46FFF7E2FF0024DFF855
:104FF00038C00246C117C0F1000E20465CF8043BE1
:1050000055F824702EEA0303DB1940EB00079B18C8
:1050100046F8243004F1010441EB0702082C4FF05C
:105020000001EBD1F8BD00BF3CC7020838B50A4605
:105030000C46283112F004FC0546283012F00DFC15
:1050400004F1500105F1500012F0E7FB04F1780182
:1050500005F17800024ABDE8384012F0BEBE00BF3C
:105060005CC702082DE9F0419EB0074668460C4631
:1050700013F065F969460AA813F061F90AA9084610
:1050800013F05DF90AAA1046214612F0A6FE0AAAFC
:105090006946684612F0A1FE6946684613F04FF96A
:1050A0006A460AA9684612F098FE69460AA813F0F3
:1050B00046F904250AA9084613F041F9013DF9D142
:1050C0006A460AA9684612F088FE69460AA813F0E3
:1050D00036F909250AA9084613F031F9013DF9D13D
:1050E0000AA908466A4612F078FE0AA914A813F025
:1050F00026F9132514A9084613F021F9013DF9D129
:105100000AAA104614A912F068FE0AA9084613F06C
:1051100016F909250AA9084613F011F9013DF9D13C
:105120006A460AA9684612F058FE69460AA813F0B2
:1051300006F931250AA9084613F001F9013DF9D114
:105140000AA908466A4612F048FE0AA914A813F0F4
:10515000F6F8632514A9084613F0F1F8013DF9D1DA
:105160000AAA104614A912F038FE0AA9084613F03C
:10517000E6F831250AA9084613F0E1F8013DF9D116
:105180006A460AA9684612F028FE6946684613F086
:10519000D6F86946684613F0D2F822466946684652
:1051A00012F01BFE69460AA813F0C9F80AA92246A4
:1051B000084612F012FE14A812F024FB14A920468F
:1051C00013F01EFD044614A812F020FB14A90AA82F
:1051D00013F016FD14A98046084612F027FB0AA812
:1051E00013F00EFD1449064614A812F01FFB0146E9
:1051F0000AA813F005FD694605460F4A384612F025
:10520000ECFD46EA050282F001026946384612F0DA
:105210009AFB2821684613F071FC0DEB010013F096
:105220006DFC14A813F06AFC44EA080444EA060082
:105230001EB0BDE8F08100BFACC702082DE9F04107
:10524000C6B0074688466846114601221C4612F041
:10525000C5FB0AA812F0DAFA14A812F0D3FA6946CC
:105260001EA812F0DAFA28A812F0D0FA013C0025A4
:105270002146404613F031FA2E46464032461EA9DA
:1052800005460AA812F0F6FA28A9324614A812F028
:10529000F1FA0A4632A81EA912F0DFFA0AA914AAE6
:1052A0003CA812F0DAFA084612F0CAFA28AA1EA997
:1052B00014A812F0C5FA0AAA32A928A812F08DFD86
:1052C00014A93CAA084612F088FD3CA932A813F0A4
:1052D00036F80AA93CA813F032F814AA28A91EA887
:1052E00012F0AEFA104612F0B8FA32AA3CA90AA897
:1052F00012F073FD3CA932AA084612F0AEFA14A9C6
:10530000084613F01CF8254A3CA928A812F07CFC9A
:105310001EA9084613F013F832A9084628AA12F06D
:105320008FFA14AA694628A812F057FD32AA3CA9A0
:1053300014A812F052FD013C9AD22A461EA90AA8CE
:1053400012F098FA14A82A4628A912F093FA0146F6
:1053500013F071FC0AA914AA084612F03EFD0AA92E
:10536000384613F0D3FB2821684613F0C7FB0DEB3A
:10537000010013F0C3FB14A813F0C0FB32A813F014
:10538000BDFB1EA813F0BAFB28A813F0B7FB3CA87E
:1053900013F0B4FB46B0BDE8F08100BF42DB010072
:1053A0002DE9F04F9DB00C4601900021642203A826
:1053B00014F022FC0DF10C08DFF8CCE04146002689
:1053C00004F13C0A251F5EF8047BAC460846002227
:1053D00003685CF8049F4FF0000BE7FB093B9B1848
:1053E0004BF10002E24540F8043BF1D10136092EB1
:1053F0000A6401F10401E5D10021202203A814F080
:10540000FBFB03AB00210020D3F84090DFF87CE0E9
:105410009C460646C1F10807DCF800205EF804ABA4
:105420004FF0000BE9FB0A2B921900F101004BF140
:105430000006B8424CF8042BEED10131082903F1E3
:105440000403E0D11C3401210020D8F8002055F8D5
:10545000043FD2439B1840EB00025B1842F100016D
:10546000AC4248F8043BF0D103A90846FFF7B8FD69
:105470000198082203A912F08CF9642103A813F003
:105480003DFB1DB0BDE8F08FD8BB02083CC7020849
:105490002DE9F041044600F128060122304604F1CE
:1054A000500804F178050F4612F098FA404612F0C1
:1054B000ADF93146284612F042FF194A29462046E6
:1054C00012F08BFC42462946284612F0C6F92046C7
:1054D000214612F0B5F92946224612F07EFC2146FB
:1054E0002046FFF7BFFDB8B122462946204612F0FC
:1054F00074FC204613F0B9FBFB7FB0EBD31F03D144
:105500002146204612F092F928463246214612F0F2
:1055100064FC0020BDE8F0814FF0FF30FAE700BFE7
:1055200084C702082DE9F041E6B004AD2E4B2F4AA6
:10553000DFF8BC802F4F0446284613F00BFC20A850
:1055400012F064F92AA812F061F934A812F05AF99D
:10555000204613F0F0F81F23CDE901530CAA16AB37
:1055600020A92046CDF8008013F051FA9F23CDE901
:105570000153009716AB0CAA20A9204613F047FA56
:105580001E263EAA2146204613F092F9CDE9015687
:1055900016AB0CAA20A92046CDF8008013F037FAEC
:1055A00006F18003CDE90153009716AB0CAA20A9A0
:1055B000204613F02CFA013EE3D20CA8282113F068
:1055C0009DFA3EA8A02113F099FA16A8282113F0FD
:1055D00095FA20A8782113F091FA2021284613F09B
:1055E0008DFA66B0BDE8F081B6FF0208D6FF02086A
:1055F000BCBF0208FCBB02082DE9F047ADF5846D85
:1056000000F12009B8AF0D46044649463846904699
:10561000082212F0B1F8294618A8FFF739FF28B17F
:105620004FF0FF300DF5846DBDE8F087214640A8AE
:10563000FFF72EFF0028F3D13846FFF7B9FC00280A
:10564000EED190AA18A968A813F032F918A9384623
:10565000FFF7ECFC3A4668A990A813F07EF890A9F1
:10566000E0A8FFF7E3FCFC221146404613F035F8B2
:1056700008B9013AF8D101324FF6FF71D2B28DF874
:105680000B20ADF808108DF80A10FC24214648467E
:1056900013F023F808B9013CF8D10134E4B24FF615
:1056A000FF71944218A88DF80F40ADF80C108DF8DA
:1056B0000E1038BF144613F03EF8DFF810A118A9F9
:1056C000084668AA13F0F4F843462246032102A8CC
:1056D00013F041F94B460646052103A813F03BF9A8
:1056E000002E054637DD7610A02202FB067218A9AF
:1056F000084613F032F8002D4CDD0EAB6D10782209
:10570000009302FB05A204AB18A9084613F07DF82C
:10571000013CD4D240A990A8FFF788FC18A990AA10
:10572000084613F01AF818A940AA084613F0C0F862
:1057300018A940AA084613F0BBF818A940AA0846C1
:1057400013F0B6F818A968A813F0A0FA204968A8C1
:1057500013F0CBF966E7CED006EBD6766FF09F015B
:1057600076104E43B9199AA812F057F806F128019D
:10577000394490A812F051F806F150013944A4A818
:1057800012F04BF806F178013944AEA812F04EF849
:1057900090AAACE7BCD005EBD5756FF077036D1020
:1057A00005FB03A529469AA812F037F805F1280150
:1057B00090A812F032F805F15001A4A812F036F8C2
:1057C0000EAB009390AA04AB9EE700BF7CC3020817
:1057D000F6FF020810B594B0044601220AA812F0A0
:1057E000FDF80AAA0E49684612F02AF8104612F08F
:1057F00034F8114613F01FFA0AAA6946684612F0F7
:10580000ECFA6946204613F081F92821684613F026
:1058100075F90DEB010013F071F914B010BD00BF64
:10582000D4C702082DE9F04FA7B003680E93436870
:105830000F9383681093C3681193036912934369AC
:10584000139383691493C3691593036A1693436A88
:105850001793836A1893C36A1993036B1A93436B64
:105860001B93836B1C93C36B1D9300F1380322932E
:1058700000F1B8030C931C9B0B931A9B08931B9B82
:105880000993189B0693199B0793149B0593159BEB
:105890000A93129B0393139B0493109B0193119BF8
:1058A0000293DDE90E63DDE916BADFF88481DDF8E5
:1058B00074E0009300F138094FEA9A324FEA9A44B3
:1058C00044EA8B3442EA8B4262404FEACA5444EACB
:1058D0005B244FEA9B314FEA9B4CD8E900754CEAB8
:1058E0008A3C624041EA8A4159F8084F4FEACB535B
:1058F00081EA0C0143EA5A234B40D9F804103C19C1
:1059000045EB01051919089B23EA0B07099B23EABC
:105910000A04069B42EB05020BEA0303079D7B404A
:10592000CB180AEA05050B9984EA050442EB040248
:105930005B1800994FEA86744FEA167545EA01151F
:1059400044EA91044FEA81774FEA117141EA061166
:1059500047EA960787EA0107009984EA05044FEAB7
:10596000466545EAD1154FEA416141EAD61184EA1C
:10597000050487EA0107039D01994EEB020281EAC3
:10598000050E0299049D81EA050C0099039D0CEA1D
:10599000010C019929400B91029D04990D400B992E
:1059A0000EEA060E8EEA010161188CEA050547EB46
:1059B0000504059DDDF824E013EB050C0A9D42EB80
:1059C00005055B180399059104990A9108990B91B3
:1059D0000C9942EB0402494508F1080840F089811E
:1059E00014490C9100210B910B9910310B910C99DA
:1059F0000D91229905910899209109992191069973
:105A000008910799099103991E9104991F91019991
:105A1000039102990491009902916FF00101CDE97F
:105A200006BA0196E346AA461E4600920A9103E092
:105A3000F8A9020870AA02080A9901F00F040834B4
:105A400000EBC40150F8347049684FEAD1484FEA7E
:105A5000C10E48EA47384EEA577EFC0C4FEAC709A8
:105A600088EA0E0EBF0949EA517944EA413447EA0F
:105A700081678EEA911E059984EA0904674051F80E
:105A8000084F059149683F194EEB010E0599C1E990
:105A9000007E0A99A1F10D0404F00F04083400EB14
:105AA000C40150F83480D1F804904FEA590141EA1A
:105AB000C87123914FEA182141EA096124914FEA04
:105AC000192141EA086125914FEA5804249944EAD2
:105AD000C97461402491259C23994C4021464FEA8A
:105AE000D818249C48EA496884EA0804E41981EA41
:105AF000D911059F4EEB0101C7E900410A9FA7F1AB
:105B0000050E0EF00F0E0EF1080E00EBCE0750F84A
:105B10003EE07F6814EB0E0441EB0701059F4FEA5E
:105B2000953EC7E90041AF0C47EA8C374EEA8C4EF0
:105B30008EEA070EEF0547EA5C278EEA070E089FFC
:105B40004FEA9C384FEA9C4949EA853927EA0C0715
:105B500048EA854888EA090823974FEACC59099F03
:105B600049EA552988EA090827EA0509069F0CEA47
:105B7000070C079F3D40239F87EA0C07DDF834C0E0
:105B800018EB070789EA05054EEB050E5CF8085F80
:105B9000CDF834C0DCF804C0CDF88CC07F194EEBD2
:105BA0000C0E3F19209CDDF8108041EB0E013F19CF
:105BB000219C4FEA127544EB01014FEA837E1C0FD2
:105BC0004FEA827C4EEA920E4CEA930C44EA0214AD
:105BD00045EA031584EA0E0485EA0C054FEA436E94
:105BE0004FEA426C4EEAD21E4CEAD31C84EA0E0401
:105BF00085EA0C05DDF80CE0DDF804C08CEA0E0C3B
:105C0000DDF808E08EEA080E0CEA030C0EEA020E3C
:105C1000019B039A1340029A8CEA0303E31802EAF9
:105C200008021E9C8EEA020245EB020217EB040CEE
:105C30001F9CCDF87C8041EB0405FB1841EB020270
:105C40000A9901310A9103991E91089920910999A5
:105C500021910A990E295ED10C9980310C910B99F2
:105C600040297FF4C1AE0E99CB180F9941EB020287
:105C7000C0E90032109B009A02999E19119B43EBD8
:105C80000203C0E90263019A129B9B18139A42EB2C
:105C90000102C0E90432039A149B9B18159A4146ED
:105CA00042EB0102C0E90632169B179A079913EBE3
:105CB0000C0342EB0505C0E90835189B199A13EB54
:105CC0000B0342EB0A02C0E90A32069A1A9B9B18A0
:105CD0001B9A42EB0102C0E90C32089A1C9B0999FD
:105CE0009B181D9A42EB0102C0E90E3227B0BDE8B5
:105CF000F08F0699089107990991019903910299EA
:105D0000049100990196CDE906BA0291E346AA46AC
:105D10001E460092D0E506990891079909910199CC
:105D200003910299049100990196CDE906BA029176
:105D3000E346AA461E4600927EE600BF054B5A780F
:105D4000022A04D11878C31F5842584170470020D6
:105D5000704700BF4C5200200E4B0340B3F1607FF0
:105D600006D1B1F5885F0CBF00206FF08600704748
:105D7000B3F1707F0BD101F4E043B3F5005F06D1BE
:105D800011F4E06F14BF00206FF0860070476FF0D1
:105D9000860070470000C07F8A42F8B506460D466F
:105DA00000F0D2806C4B22F4FF7121F00101994286
:105DB00022F0FF070FD003F588539F420BD022F447
:105DC0007F7121F00301A3F57063994203D003F5BD
:105DD000A0639F4227D1604B25F4FF7121F00101A0
:105DE000994210D05D4925F0FF038B420BD025F47A
:105DF0007F7020F00300A1F57061884203D001F5A7
:105E0000A0618B420FD115F0FF000BD0544B40F036
:105E10000070984240F09A8082EA0500FF288CBF0B
:105E200000200120F8BD05F0FE43B3F1A06F11D1B1
:105E300002F0FE43B3F1A06F71D182EA050333F49F
:105E40007E136CD12C046AD5C5F30540C2F305421C
:105E50009042E4E7B3F1407F61D102F0FE43B3F139
:105E6000407F5CD182EA050030F47E1457D1314680
:105E70002846FFF771FF002868D13A4912F47C10D8
:105E800001EA020116D0B1F1607FC2F3054335D1BA
:105E9000D1B241F0007101F17E410339102901D8DE
:105EA000314C645C15F47C1F2ED19C4214BF002041
:105EB0000120B7E7B1F1607F0AD1D3B243F000739C
:105EC00003F17E43033B102B44D82849CB5CDFE72A
:105ED000B1F1707F16D106F4E043B3F5005F37D11E
:105EE000C6F3022101238B4006F4E041B1F5005FC7
:105EF000D8D1C6F302260124B440D3E7B1F1707FB4
:105F0000D0D1F1E70346CDE718B9C5F30541A14269
:105F10001AD0290403D5C5F3054098427FE725F43C
:105F20007F03B3F1106F0AD102F0FE43B3F1106F9B
:105F30000CD10F48104040F01060A842B6E70D4B5E
:105F40009D4203D1AF42B1E701206BE7002069E732
:105F50000346C9E703469BE700020006001300065C
:105F6000FF0000020000C07F1600030816000308AF
:105F70000000FFF60001000A37B505460C46FFF7A2
:105F8000DDFE78B1002301930A46084801AB29469B
:105F9000FDF7BCFA20B9019BA34218BF6FF0930034
:105FA00003B030BD6FF08800FAE700BF5052002008
:105FB0002DE9F843884617461C4600F0D9FA0546F5
:105FC000002844D1D8F80060B6F8009009F4E04306
:105FD000B3F5804FB36808BF27F0010737EA030322
:105FE0002DD1A4B3244B24F4FF7222F001029A4273
:105FF00010D0224A24F0FF0393420BD024F47F7187
:1060000021F00301A2F57062914203D002F5A06273
:1060100093421FD114F0FF0304D0194A43F00073D8
:1060200093421ED0F16822464846FFF7B5FE074668
:1060300068B9316922464846FFF7AEFED0B96FF025
:1060400084050023C8F80030304613F08DFB284645
:10605000BDE8F88304F0FE43B3F1407F04D123048C
:10606000E0D56FF08605ECE7B3F1A06FF7D0044BF5
:106070009C42D6E73D46EAE7000200060013000610
:10608000FF00000238B500F0FE43B3F1407F044644
:106090000D4602D06FF0860038BDFFF75DFE002888
:1060A000F8D114F47C1F18D0C4F30543032B1370EC
:1060B00022D9224A2240B2F1607F31D1E4B244F0C9
:1060C000007404F17E44033C102CE3D81C4A125D9A
:1060D0009342DFD8202BDFD90EE0184B2340B3F1D9
:1060E000607F0FD1E3B243F0007303F17E43033BC3
:1060F000102B04D9002313706FF08500CCE71149F1
:10610000CB5CD3E7B3F1707FF4D101F4E043B3F596
:10611000005FEFD1C1F3022101238B40DBB2C5E761
:10612000B2F1707FB6D105F4E042B2F5005FB1D1B3
:10613000C5F302250122AA40CAE700BF0000C07FC4
:1061400016000308160003082DE9F04F9B468FB098
:1061500001F0FE430024B3F1806FDDE91868DDF83B
:10616000689009940F46924674D10B464FF48072A2
:1061700009A9FFF71DFF054600286FD1099B1B8861
:1061800003F4E042B2F5005F1CD113F4E06F19D0C4
:10619000374927F480728A420AD001F500718F4294
:1061A00006D034498F4203D0A1F53F418A4209D13C
:1061B000C3F3022301249C40102C0ED900266FF05B
:1061C000830530E042F20402934202D12A4B9F42FF
:1061D0000DD02A4B9F420CD10D24A04540D321461F
:1061E0000AA8FFF7C9FE054620B100261BE00C24D3
:1061F000F3E700240998026C00F1200146B3351939
:10620000D0F804C05FEA1C2CA8EB040323D1CDE92D
:1062100005390AABCDE903B50093CDE9014A3B4608
:1062200013F0F2FA0546099813F09EFA0746DDB915
:10623000D8B924B122460AA9304613F0B6FCD9F8E1
:1062400000301C443846C9F800400FB0BDE8F08F5C
:106250003546D5E726466FF08605E4E72646E2E7B1
:1062600000266FF08905DEE72F460024EAE700BF2D
:106270000010C00400FF4004000180040013C004AB
:106280002DE9F04188B01E460023079301F0FE433C
:10629000B3F1806F109F0C46904614D06FF08605C6
:1062A000079813F061FA002814BF014629460B46EF
:1062B0005A421343DB173A68084622EA03023A605F
:1062C00008B0BDE8F0810B464FF4007207A9FFF754
:1062D0006FFE05460028E3D10798038803F4E042E7
:1062E000B2F5005F17D1C3F30222012113F4E06F6E
:1062F00001FA02F10FD0194D24F48072AA4215D090
:1063000005F50075AC4211D0154DAC420ED0A5F587
:106310003F45AA420AD042F20402934202D1114BF5
:106320009C4218D0104B9C4202D10D21B142B5D8ED
:106330004368026C1B0A00F12001AFD10F9B03934D
:106340000E9B0497CDE90163CDF80080234613F03E
:10635000A9FA0546A4E70C21E8E700BF0010C00435
:1063600000FF4004000180040013C00410B5114C6C
:106370002378580744BF03F0FB032370990705D522
:1063800000F096F8237823F00203237063781BB1A2
:10639000094A0023636053600023074863700821A3
:1063A00000F018FD2378DA0744BF23F001032370BF
:1063B00010BD00BF4C5200205052002038B5FFF7EE
:1063C000BDFCA0B9124C2378980707D400F068F8F8
:1063D000237843F0020323700546A8B9D9076278F1
:1063E0005CBF43F00103237022B15A0708D5002592
:1063F000284638BD074962604A6002226270F4E7AD
:1064000043F004032370F2E7FFF7B0FFF0E700BFAB
:106410004C5200205052002000F14042072A30B573
:106420000CD81E4B442404FB02331A7E022A02D1EC
:106430005A69824226D06FF08B001CE0421E6FF03A
:1064400040439A420ED2154A00241346157E022D6F
:1064500002D15569854212D00134082C02F1440260
:10646000F4D1E8E700F1004303F58033B3F5704F52
:10647000E9D36FF0870030BD6FF09600FBE7442250
:1064800002FB04331A7E022AF6D1DA69501CF3D0DB
:106490000132DA6100200B60EDE700BF58520020A6
:1064A000024B012283F8202200207047585200201E
:1064B0002DE9F0410A4C002526464FF0010803273C
:1064C000C4F81C8027762046013512F052FF082DB3
:1064D00004F14404F4D1002386F82032BDE8F081B1
:1064E00058520020F8B5214D95F8203206460F4647
:1064F000002B35D000242B462246197EF9B13CB939
:10650000022905D1D96919B91979002918BF1C4682
:106510000132082A03F14403EFD114B96FF08C0063
:106520000BE0237E022B04D1E3695A1C1CBF01330C
:10653000E361204612F01DFF10B100240EE01C465E
:10654000237E83B9012323763EB1651BAD1003F191
:10655000F0335D4305F18045356000203C60F8BDB7
:106560006FF08800E9E76FF09600E6E758520020E8
:1065700038B5094B00250D6093F8203243B1FFF781
:106580004BFF10F18C0F02D10D606FF0870038BD0A
:106590006FF08800FBE700BF5852002010B500F0F4
:1065A000FE44B4F1A06F0FD0B4F1806F0FD1094C4D
:1065B000A04209D10120B1F5105F107004D10BB1D8
:1065C00002221A70002010BD6FF08500FBE7024C1C
:1065D000EEE700BF004440040002C0032DE9F0478D
:1065E000054600F108071C46894638460E889DF985
:1065F00020A0904613F0AFFA2C60B9F80290314613
:1066000000234A46204613F0B8F8014600284DD032
:10661000384600F021FC00283CD153464A4641460A
:10662000384600F039FCA8BB04F0FF42B2F1906F8D
:1066300006F4E04332D0B3F5005F0DD0687142F24A
:1066400004039E4202D11B4B9C422DD01A4B9C420C
:106650000CBF0D2400241CE0C6F30222012393404A
:106660006B7116F4E06FEAD0144A24F480739342FD
:106670000AD002F50072944206D0114A944203D027
:10668000A2F53F429342DAD1C6F302260124B44078
:10669000E4B22C71BDE8F04712F0C9BD0122B3F598
:1066A000005F6A71CBD1DCE70C24F2E76FF0850064
:1066B000BDE8F087000180040013C0040010C0048E
:1066C00000FF40042DE9F04F144602689B4602F09B
:1066D000FF4385B0B3F1906FDDE90E7805460E46B5
:1066E00000F083804179436A2344B3FBF1F34B43C9
:1066F000BB427CD83F4B9A4261D182680023002A7A
:1067000045D0177907F01F070393C8F80030002C15
:1067100039D0686A05F1080930B3A7EB000AA24531
:1067200028BFA246093031465246484413F03DFA8C
:106730006B6A53449F42A4EB0A0456446B6213D124
:1067400003AB00933A465B4605F11101484600F061
:10675000F5FB12F06CFDB8B9D8F80030039A134479
:10676000C8F80030934468620DF10C0AA74210D9B2
:106770004CB1686A093022463146484413F015FA94
:106780006B6A23446B62002005B0BDE8F08F1F46A2
:10679000BAE75B463A463146CDF800A0484600F0DD
:1067A000CDFB12F044FD0028EED1039AD8F800305A
:1067B0001344E41B3E449344C8F80030D6E714B9B0
:1067C000C8F80040DFE75B4622463146CDF800803E
:1067D00005F1080000F0B2FB12F029FDD8F80030F6
:1067E000BB4288BF6FF09600CEE7BC42E7D96FF09E
:1067F0008900C9E700444004F0B5044687B00F465D
:1068000016460021102202A81D46019113F0F4F94A
:10681000636A2BB123681B4A23F4806393422DD013
:1068200001AB2A4602A904F1080000F0C7FB12F0F0
:10683000FEFC0446D8B9102E344628BF102426B1D9
:10684000224602A9384613F0B0F92B68224692EA94
:106850000301D21A8A430B401A43D217019B8A21A3
:1068600003F096031140D2431A400A43544202A84F
:10687000102100F0AFFA204607B0F0BD6FF086049B
:10688000F5E700BF0040400410B5036804462BB193
:10689000054A934205D1043013F0CEF80020206061
:1068A00010BD6FF08800FBE709000002F8B507682B
:1068B00005460C4607BB124B994213D1061D3046C4
:1068C00013F0B6F83046394600F04AFA064628B9C1
:1068D0002C603046BDE8F84012F0A9BC2846FFF70E
:1068E000D3FFF6E701F0FE44B4F1007F14BF6FF070
:1068F00086006FF08500F8BD6FF08800FBE700BFF1
:106900000900000210B5074B04689C4206D1043010
:1069100013F097F8BDE8104012F089BC6FF08800C2
:1069200010BD00BF090000022DE9F041047844F0D9
:10693000007404F17E44033C102C1F4698BF124B98
:106940003A6098BF1C5D06468846154688BF0024FD
:106950001AB12121404613F04FF9AC420DD83268EC
:106960000A4B9A420CD14146301D13F0AAF812F09E
:106970005EFC00B93C60BDE8F0816FF08900FAE789
:106980006FF08800F7E700BF270003080900000246
:106990002DE9F047294B164602681340B3F1607F9A
:1069A0008AB080460D4645D1D0F804A05FFA8AF33C
:1069B00043F0007303F17E43033B0022102B01924E
:1069C00098BF1F4A00F1080794BF12F80390914640
:1069D00001AB202202A9384612F0BDFD044628BBB7
:1069E0005146384612F07FFD0446D8B94A4608F1B0
:1069F0007801384612F098FD044698B9019A02A928
:106A0000384612F091FD044660B901AB202202A97C
:106A1000384612F0A0FD044620B9324602A92846A5
:106A200013F0C3F8019902A800F0D4F920460AB087
:106A3000BDE8F0876FF08804F8E700BF0000C07F72
:106A40003800030838B50268044672B10B4B134096
:106A5000B3F1607F0BD14021783000F0BBF904F135
:106A6000080012F031FD00232360002038BDB82259
:106A7000002113F0C1F86FF08800F7E70000C07F35
:106A80002DE9F043D0F8008095B00446B8F1000F2E
:106A900040F0A280524D03601D40B5F1607F0DD1E2
:106AA000DBB243F0007606F17E43033B102B0392EA
:106AB0000ED94660002A49D117464EE0B822414619
:106AC00013F09AF86FF08505284615B0BDE8F083FD
:106AD000102B20D8DFE803F02525251F1F252509C9
:106AE0001D1B191F1F17151311003E4B63606FF01C
:106AF00085052046FFF7A6FFE6E73B4BF6E73B4B55
:106B0000F4E73B4BF2E73B4BF0E73B4BEEE73B4B0D
:106B1000ECE73B4BEAE73B486660C35C002BC9D01F
:106B2000E5E7402A666013D9402703AB0193402371
:106B30000093304604AB12F025FD054668B14021B4
:106B400004A800F047F9002DBED0D2E70027ECE7FB
:106B500012B104A813F029F840270DF11009039D84
:106B60004B46A84529D1BD4206D2C5F14002362187
:106B700009EB050013F040F805F1770204F1770303
:106B800022449A4221D1BD4207D204F17800C5F1D6
:106B900040025C21284413F02FF804F10808314624
:106BA000404612F0A0FC05460028C8D13A4604A988
:106BB000404612F0B9FC0546C1E71A7882F0360269
:106BC00003F8012B08F10108CBE719F8011B81F04C
:106BD0006A0103F8011FD4E76FF0880574E700BF6E
:106BE0000000C07F0A000002130000021200000231
:106BF00011000002100000020D0000020C00000253
:106C00000B0000024900030810B4046844B1064BAD
:106C10002340B3F1607F03D110BC083012F084BC74
:106C20006FF0880010BC70470000C07F2DE9F04F66
:106C3000CFB00446039100F1480346AD00F1680669
:106C4000186859682A4603C20833B3421546F7D17B
:106C500004AAD2E94483D2E94797D2E942160193C4
:106C6000D2F824B13D4BD2F8185102934FF0000CEA
:106C7000BCF10F0F5AD8039B53F82C301BBA4FEAC4
:106C8000F52E87EA0900DDF808A093608EEAB51EAC
:106C900028408EEA756E784070445AF804EBCDF8BF
:106CA00008A0704403444FEA713E46EA010006EA38
:106CB000010A8EEAB10E00EA080040EA0A008EEAF4
:106CC000B15EDDF804A0CDF804800CF1010C5B444A
:106CD0008644BCF1400F9A4402F104027344BB465F
:106CE0001DD104A8C0E94897C0E946A5C0E9446899
:106CF000C0E94231C0E9003E45A904F144036434CF
:106D000053F8042F51F8045F9C422A441A60F7D1CB
:106D10004FF4947100F05EF84FB0BDE8F08FB046CC
:106D20004F460E46A94619465546A1E7136852F844
:106D300034AC52F8380C4FEAF34E8EEA734E8EEABA
:106D4000932E52F8143C03444FEABA4080EAFA10FA
:106D5000734480EADA00034491E700BFFCC70208ED
:106D600003460846C1B9C3E910110D4A0D49DFF8C1
:106D700038C0C3E912120D4A0D49C3E914C20D4AC5
:106D8000C3E916120C4A1A6602F17452A2F52302E4
:106D9000A2F692425A6670476FF08600704700BFB5
:106DA00085AE67BB67E6096A72F36E3C3AF54FA59C
:106DB0007F520E518C68059BABD9831F014B1B681A
:106DC000184700BF70040020014B1B68184700BF24
:106DD0006C04002010B50A46044619B1024B00218C
:106DE0001B68984710BD00BFFCC80208F0B50C4BEB
:106DF0000C4E0446586800B9F0BDC579C5F384054A
:106E000056F825502D78A54208D1457905F00F0791
:106E1000B1EB871F02D1B2EB151FEDD00833E9E7C4
:106E200004C9020800C9020810B5044680B1406BCD
:106E300040B12368074ADB79C3F3840352F8233057
:106E40005B69984720463821BDE81040FFF7C2BF74
:106E500010BD00BF00C9020838B505460C46A9B1EF
:106E60003822002112F0C8FEE3790A4AC3F38403F2
:106E700052F823301B6913B92C60002038BD9847A5
:106E800068630028F8D16FF08C00F7E76FF0860098
:106E9000F4E700BF00C9020870B4DCB2012C25D8A9
:106EA00004681CB3E57905F00305012D05D8657963
:106EB00005F00F05B2EB851F18D142600372E5792A
:106EC0000C4E406BC5F38405012B56F8255008D0B5
:106ED000637903F0F004302C03D003F0E003402B7F
:106EE00002D1AB6870BC1847EB68FBE76FF0860017
:106EF00070BC704700C9020838B5036805461446DF
:106F0000BBB1102A13D8DA79D20707D41B795B09F1
:106F1000B4EB830F4FEA83020BD314462CB1224605
:106F200005F1200012F041FE2C63002038BD02481C
:106F3000FCE76FF08600F9E7809FFFFFF0B404687C
:106F4000049F1CB96FF08600F0BC704700243C60C1
:106F500006683EB3347914F01F0423D0767906F026
:106F6000F006102E11D1A2421ED13A6002680F4CD9
:106F7000D279C2F3840254F8222054680A46A44607
:106F800090F90810406BF0BC6047994208D1C36982
:106F9000002BD7D1B2FBF4F304FB1322002AD1D18A
:106FA0000348D1E70348CFE70348CDE700C902080B
:106FB000809FFFFF809CFFFF809DFFFF10B5014673
:106FC000006808B30020106018600A68537903F065
:106FD000B004302C17D003F0E004402C13D003F0A1
:106FE000F003602B0FD0902B0DD0A02B0BD09279FB
:106FF000463A012A07D9102B09D1CB698342A0F563
:10700000C54008BF002010BD6FF08600FBE70148B7
:10701000F9E700BF809FFFFFC02AF0B544D0B2F56A
:10702000807F43D0802A40F0BA800A230360034661
:107030000024520943F8044F01EB820251F8044B3B
:1070400043F8044F8A42F9D103680C2B30D00E2B41
:107050005ED00A2B26D1534D534900F1A006426958
:1070600055F8044B8768C2F307237C40CB5C634030
:10707000140E10300C5D83EA0443D4B20C5D83EA35
:107080000463C2F307440C5D83EA042350F8044C04
:10709000836063400468C36063405A400361426197
:1070A0008642DCD10020F0BD0C23BFE70E23BDE7F4
:1070B0003C4C3D4900F1C005C26954F8046B876837
:1070C000C2F307237E40CB5C7340160E18308E5DF2
:1070D00083EA0643D6B28E5D83EA0663C2F30746AF
:1070E0008E5D83EA062350F80C6C8360734050F881
:1070F000086CC360734050F8046C03617340066809
:10710000436173405A408361C2618542D4D1C9E76B
:10711000244D254900F1E006446A55F8042B8768A0
:10712000C4F307237A40CB5C87695340220E20309A
:107130008A5C83EA0243E2B28A5C83EA0263C4F3B4
:1071400007428A5C83EA022350F8142C8360534080
:1071500050F8102CC360534050F80C2C036153407E
:10716000DAB243618A5C7A401F0ECF5D82EA076221
:10717000C3F30727C3F30743CF5DCB5C82EA072243
:1071800082EA034350F8042C836153400268C361D0
:1071900053405C40036244628642BDD182E76FF097
:1071A0001F0080E754C902085A0103082DE9F04F77
:1071B000C9B002AD044628460E46174612F0EAFC56
:1071C0000023314663603A462846FFF725FF06460E
:1071D000002835D1029F039B3448DFF8D4C02760D4
:1071E00004A903EB870301EB830251F82330A3606A
:1071F0005368E36093682361D368636104F1180EF8
:10720000103A7B1E984671469146B8F1000F20DC7B
:10721000002F4FEA0313C8BF1C46C3F10003D8BFB9
:10722000002302EB0300D8BF00240EEB0401D35867
:107230004EF8043043684B6083688B60C368CB6052
:1072400002A84FF48C71FFF7C5FD304649B0BDE888
:10725000F08F01F11004A9F1040B01945BF8044FC5
:10726000250E1CF8055050F825A0E5B21CF8055075
:1072700050F8255085EA3A2AC4F30725C4F3074499
:107280001CF805501CF8044050F8255050F82440D4
:107290008AEA356585EA344541F8045B019CA142E0
:1072A000DCD108F1FF38A9F11009AEE77CC902086A
:1072B0005A0103082DE9F04F012993B08C469E46F0
:1072C00000F274834368176856689568D46850F86C
:1072D000082B4FEA6208990008F1FF38BCF1000F53
:1072E00040F0BC81421850F8233087EA030A536803
:1072F0007340029393686B400393D3686340DDE966
:10730000020404931E46D34B3032554652E9069B85
:10731000CDF814B052F810BCCDF818B052F80CBC2F
:10732000CDF81CB052E9081752F808BCCDF820B0CF
:10733000B8F1000F52F804BCCDF824B002F12002DD
:1073400000F3CA80BCF1000F03D1DDE90204049E02
:1073500055465FFA85FC020E53F82CC053F82220E4
:1073600081EA0C0181EA3221C6F307225FFA80FC30
:1073700053F8222053F82CC081EA3261C4F307424B
:1073800087EA0C0753F8222081EA3241220E5FFA85
:1073900084FC53F8222053F82CC00E9187EA322740
:1073A000C5F3072289EA0C0953F8222087EA3267DD
:1073B000C6F30742C4F3072453F8222053F82440AD
:1073C00087EA3247320EF6B253F8222053F826608D
:1073D0000F9789EA3229C0F30722C0F3074053F818
:1073E000222053F8200089EA3269C5F307422D0EA6
:1073F00053F8222053F82550974B89EA3248059AD2
:10740000CDF84080724082EA352585EA346484EA0A
:1074100030403C0E069A1D5D1190CCB21C5D54406C
:1074200084EA0564C0F30725079A5D5D84EA0524B4
:10743000C8F307455D5D84EA05444FEA18650A9480
:107440005E5DFDB25D5D554085EA0665C1F30726C8
:107450009E5D85EA0625C0F307469E5D85EA0645E2
:10746000060E0B9513F806C0089ACEF800405FFA96
:1074700088F6C0B29E5D564086EA0C66C7F3072CBC
:10748000099A13F80CC086EA0C26C1F3074C090EC2
:1074900013F80CC086EA0C4613F801C0195C0C9670
:1074A0005140C8F30722C7F307479A5CDB5D81EAC6
:1074B0000C6181EA022282EA03430D930AA8CEF806
:1074C0000450CEF80860CEF80C302021FFF782FC83
:1074D000002013B0BDE8F08F4FEA106C08F1FF38C0
:1074E00053F82CB05FFA85FC53F82CC081EA0C0CE1
:1074F000C6F307218CEA3B2C53F821108CEA316C3F
:10750000C4F3074153F821108CEA314C210E53F893
:1075100021B0C1B253F821107940C5F3072781EAA1
:107520003B2153F8277081EA3761C6F3074753F8C8
:10753000277081EA3741370EF6B253F827B0019130
:10754000E7B253F8266053F82770059989EA0707D0
:10755000C0F3072987EA3B2753F8299087EA39695E
:10756000C5F307472D0EC4F3072453F8255053F8ED
:10757000244053F82770C0F30740714053F82000AF
:1075800081EA3526019986EA34665FFA8CF486EA48
:107590003046080E53F82450069953F820006940ED
:1075A00081EA3025C6F3072089EA374753F82000DF
:1075B000079985EA3065C7F3074053F8200085EA4C
:1075C0003045380E53F820409DF8040053F8200051
:1075D000414081EA3420CCF3072453F8244080EA68
:1075E0003460C6F3074453F8244080EA3440340E34
:1075F000F6B253F82490FCB2C7F3072753F824409F
:10760000089953F8266053F82770614081EA3924BD
:107610000199C1F30729099953F8299084EA39643B
:10762000CCF307494FEA1C6C714053F82CC053F857
:10763000299081EA3C260199C1F3074186EA376621
:1076400053F8211084EA394486EA31464FF0010CA0
:107650005CE600BF7CC902085A00030850F82330DA
:10766000D44A01447B4002934B68734003938B6878
:107670006B400493CB68DDE903056340029C0593EE
:1076800030311E464FF0000C51F810BCCDF818B048
:1076900051F80CBCCDF81CB051E9083751F808BCC2
:1076A000CDF820B051E906A9B8F1000F51F804BC9B
:1076B000CDF824B001F1200100F3BA80BCF1000F35
:1076C00003D1DDE90305059E029C5FFA84FC310EBF
:1076D00052F82CC052F8211083EA0C0383EA3123BC
:1076E000C0F307215FFA80FC52F8211052F82CC039
:1076F00083EA3163C5F3074187EA0C0752F821108A
:1077000083EA3143210E0E9352F8211087EA312784
:10771000C5F3072152F8211087EA3167C6F3074104
:1077200052F8211087EA3147E9B22D0E52F82110A4
:1077300052F825500F978AEA010C010EC0F307405A
:1077400052F8211052F820008CEA312CC6F30721A0
:10775000F6B252F8211052F826608CEA316CC4F36C
:107760000741C4F3072489EA060652F8244052F878
:107770002110914A86EA352585EA346484EA30404E
:10778000040E069E155D1190DCB28CEA3141145D49
:107790001091744084EA0564C7F30725555D84EAB7
:1077A0000524C1F30745555D84EA05481D0E079C75
:1077B000565DCDF82880FDB2555D654085EA0665C9
:1077C000C1F30726965D85EA0625C0F30746965D58
:1077D00085EA06453E0E0B9512F806C0089CCEF8C9
:1077E0000080CEB2090E965D664086EA0C66C0F354
:1077F000072CC0B212F80CC086EA0C26C3F3074C63
:10780000C3F3072312F80CC0D35C86EA0C4612F8C7
:1078100001C0115C09980C96C7F307474140D25D3F
:1078200081EA0C6181EA032383EA02430D9345E672
:107830004FEA166C08F1FF3852F82CB05FFA84FC5E
:1078400052F82CC083EA0C0CC0F307238CEA3B2CC3
:1078500052F823308CEA336CC5F3074352F82330D7
:107860008CEA334CC3B252F823305F40230E52F8F7
:10787000233087EA3327C5F3072352F8233087EAFA
:107880003367C6F3074352F8233087EA3343019343
:10789000030EC0F3074052F823B052F82000079FB0
:1078A000EBB22D0E52F8233052F825508AEA03032A
:1078B000C6F3072AF6B252F82AA052F8266083EAE5
:1078C0003B2383EA3A6AC4F30743C4F3072489EAF3
:1078D000060652F8244052F8233086EA352686EA16
:1078E000346686EA30465FFA8CF08AEA334352F80F
:1078F0002040069860400446300E52F8200084EA8A
:1079000030240198C0F3072052F8200084EA306444
:10791000C3F3074052F8200084EA30444FEA1C6069
:1079200052F820509DF8040052F82000474087EAA2
:107930003520C3F3072552F8255080EA3560C6F399
:10794000074552F8255080EA3540019D2D0E52F82A
:107950002590DDB21B0E52F82550089F52F82330B7
:107960006F4087EA3925C6F30729F6B252F8299005
:1079700052F82660099F85EA3965CCF30749CCF3B4
:10798000072C774087EA332652F82C3052F829909A
:1079900086EA3366019BC3F3074785EA394552F807
:1079A00027304FF0010C86EA33466DE66FF0860013
:1079B0008FE500BF7CCD02085A01030800B50346DD
:1079C000F5F7D4FF03495DF804EB0144184600F0D5
:1079D00003B800BF10000000F8B5504A0D46002360
:1079E000D0E90001E9F7B6FB002AAEBF4C4B4D4B86
:1079F00002F5A8320446B8BF02F5C072E41841F19E
:107A000000064FF46161B2FBF1F301FB13223C214C
:107A1000E01CAB60B2FBF1F301FB13226B602A6048
:107A200046F1000107220023E9F794FB002A55DA0A
:107A30000732AA613C483D4A20184FF0000366F126
:107A40000001E9F787FB394B03FB104448F6AC61B2
:107A5000B4FBF1F1214440F2B457B4FBF7F3C91A77
:107A6000334BB4FBF3F3C91A48F69463B1FBF3F359
:107A7000234440F26D16B1FBF6F2B1FBF7F15B1A4D
:107A800006FB1233992103EB830402345E1CB4FB22
:107A9000F1F7794302314FF0050CB1FBFCF1761A96
:107AA00040F2F9518C428CBF6FF0090102214FF472
:107AB000C874394404FB0020012998BF0130B3F594
:107AC000997F13D3A3F59973EB61A0F26C70002337
:107AD000C5E90410EE602B622846F8BD002EAA61AD
:107AE000A8DB124A002320463146AAE7970710D1A7
:107AF0004FF0640C92FBFCF70CFB17275FB992FB6D
:107B0000F4F704FB1722B2FA82F252093B33134412
:107B1000DAE70022FAE70122F8E700BF805101000E
:107B20006CFA0A006BFA0A0050C5FDFFB13A020078
:107B3000B03A02000CB430B58BB004460D4620229A
:107B4000002102A812F058F802238DF80A30002D07
:107B50000C4B0393069412DB01D06B1E1C440FAA3E
:107B60000E99079402A8019200F0C2FC15B1069B81
:107B700000221A700BB0BDE8304002B070470024FC
:107B8000EDE700BF0DA302080EB470B58BB00FADCA
:107B9000044655F8046B2022002102A812F02CF8AC
:107BA00002238DF80A302A46084B0393314602A877
:107BB0000694019500F09CFC0028A4BF00232354E8
:107BC0000BB0BDE8704003B0704700BF0DA30208C2
:107BD0002DE9F84F81468846002319F80300202834
:107BE00003F1010200F08F81A0F10901042940F2A4
:107BF0008A812B28144631D02D2834D0042540F01A
:107C00002003692B31D06E2B5FD000224FF00A0A7F
:107C1000964617461346114615F4006C6AD040F09C
:107C20002006A6F1610BBBF1050F63D8573EF6B2F3
:107C3000564564D340F02000782805F0800640F0D7
:107C4000A480002E52D053EA010640F0A08045F4F3
:107C5000006C1FFA8CFC4FF0100A84E0042519F820
:107C600002009C1CCBE74425F9E7A84BA84F00264F
:107C700013F8011B51B119F8042042F020028A4286
:107C800004F1010025D0A34A93422FD13046394652
:107C900012F049FA50B119F80430282B06D10134FA
:107CA00019F80430292B04F1010414D16B0602D514
:107CB00007F100431F46B8F1000F02D04C44C8F84A
:107CC000004030463946BDE8F88F934B934F00266D
:107CD000CEE70446CCE723F02002413A192ADFD947
:107CE000A3F13002092ADBD95F2BD9D00026002767
:107CF0000024E0E7A0F13006F6B256453AD245F04E
:107D0000800C15F480701FFA8CFC24D1BAF10A0F94
:107D100014BF4FF00F0B4FF0100BDE450EDCA80523
:107D200026D4AAFB0335F3180AFB015545F10001DF
:107D300053EA010017D00EF1010E14E045F4C07CA7
:107D4000BAF10A0F1FFA8CFC05D1042E03D9052EB7
:107D500008BF06460227002E18BF47F001071CF493
:107D6000007F00D1013219F804006546013453E761
:107D7000013AD6E7FE2E7FF45DAFAE053FF55AAF70
:107D800045F4007C1FFA8CFCEDE7002EAED0BCF170
:107D9000000F70D092007026864219D119F80400A5
:107DA0002B2804F1010604D02D2866D145F4806506
:107DB000ADB219F806C0A61C04466046A0F1300C0E
:107DC000BCF1090F5CD901340CBF06F1FF34B41EBD
:107DD00053EA010004F1FF3400F09280280575D5C4
:107DE0003632B1F5800F64D34D48B1F5000F64D23F
:107DF000824262DB3B4303F00306032E084603D0B6
:107E000003F00606062E09D1043341F10000B0F557
:107E1000000F22BF013201234FF48000B2F5806FC2
:107E20006BDAB0F5800F4FEA900126BF21F4801184
:107E300002F2FF3200229B0843EA807341EA0257B4
:107E4000184639461E4601F087FC0138022804D83E
:107E5000F5F78CFD334B22221A503046394601F09B
:107E60007BFC013802283FF621AFF5F77FFD2D4B53
:107E700022221A501AE765268EE74FF0FF349DE75D
:107E8000002440F2D34A4FF00A0B5445DCBF30388F
:107E90000BFB040419F80600A0F1300CBCF1090F2B
:107EA00006F10106F1D9680548BF64422244344610
:107EB0008EE7DB184941013A93E75E0846EAC1764E
:107EC00003F001033343490801328EE796441EF55F
:107ED000A27F0FDDBEF59B7F0FDA03F00100384370
:107EE00001308008181841F1000100F0ABFF064690
:107EF0000F46B2E700260027AFE7054F0026ACE7A4
:107F000000260027D2E6134667E600BF5D0203089D
:107F10000000F07F600203085A0203080000F87FA7
:107F200002FCFFFF0C0000002DE9F0470023804613
:107F30000F4618F803C0BCF1200F03F1010200F056
:107F40006081ACF10901042940F25B81BCF12B0F87
:107F5000144630D0BCF12D0F32D000264CF0200357
:107F6000692B2FD06E2B57D000214FF00A098E4677
:107F70000B460D4616F4006061D04CF02002A2F1D1
:107F8000610ABAF1050F5AD8573AD2B24A455BD3C3
:107F90004CF0200CBCF1780F06F0800240F08F808E
:107FA000002A49D0002D40F08C8046F4006080B259
:107FB0004FF0100972E0002618F802C09C1CCDE7B3
:107FC0004026F9E7904B4FF0FF4513F8011B51B1E4
:107FD00018F8042042F020028A4204F101001ED069
:107FE0008A4A934228D1284612F0AAF850B118F8CC
:107FF0000430282B06D1013418F80430292B04F161
:1080000001040ED1730601D505F100450FB14444BA
:108010003C602846BDE8F0877D4B7E4DD5E70446A1
:10802000D3E723F02002413A192AE5D9A3F130021F
:10803000092AE1D95F2BDFD000250024E6E7ACF167
:108040003002D2B24A4530D246F0800016F4807C2D
:1080500080B21CD1B9F10A0F14BF4FF0070A4FF0DC
:10806000080AD64507DCB6051DD405FB0925ADB1C8
:108070000EF1010E12E046F4C070B9F10A0F80B2A1
:1080800005D1042A03D9052A08BF62460223002A23
:1080900018BF43F00103860500D4013118F804C06D
:1080A0000646013466E70139DFE7FE2A7FF470AF48
:1080B000B2053FF56DAF46F4007080B2EEE7002ADE
:1080C000BAD0002860D089007022624519D118F812
:1080D00004202B2A04F1010004D02D2A56D146F4A5
:1080E0008066B6B218F800C0A01C14466246A2F121
:1080F000300CBCF1090F4CD901340CBF00F1FF3436
:10810000841E013C002D7AD0320562D51931B5F1BB
:10811000007F55D3B5F1806F55D211F17E0F52DB40
:108120002B4303F00302032A03D003F00602062ABE
:1081300005D10433B3F1806F24BF5B0801317F297F
:108140005ADCB3F1007F4FEA930526BF7F3125F457
:108150000005002145EAC155284601F061FB0138C0
:10816000022804D8F5F702FC2B4B22221A5028468D
:1081700001F056FB013802283FF644AFF5F7F6FB55
:10818000254B22221A503DE765229EE74FF0FF342F
:10819000ADE700244FF00A09DF2CDCBF303A09FBC1
:1081A000042418F80020A2F1300CBCF1090F00F1F2
:1081B0000100F1D9720548BF644221440446A0E79A
:1081C0006D000139A3E705F0010242EA55050131CE
:1081D000A0E78E441EF12D0F0CDBBEF1270F0BDC48
:1081E00005F001001843013005EB900011F0EDFDA2
:1081F0000546BCE70025BAE74FF0FF45B7E7002585
:1082000000E7134695E600BF680203086B02030807
:10821000650203080000C07F0C000000242A2DE93D
:10822000F041054601D8012A0AD1F5F79FFB344BEE
:1082300016221A5001B10D600020BDE8F0813046D1
:10824000064616F8014B202CF9D0A4F10907042F9B
:108250002346F4D92B2C32D02D2C33D14FF0010CE6
:108260003378861C302B34D1307840F020007828C9
:108270002BD132F0100028D1737835461022023607
:108280000CF10047013F0020B7FBF2FE02FB1E7815
:10829000392B82BF03F1FF3343F02003263B303BF1
:1082A0009A421DD9704502D817D1984515D24CF085
:1082B000020C3446354614F8013B2646E8E74FF0F9
:1082C000000CCDE74FF0000CCCE7002A08BF0822D5
:1082D000D6E7002A08BF0A22D2E700FB0230E8E70F
:1082E00001B10D601CF0010F18BF40421CF0020FDD
:1082F000A3D0F5F73BFB024B22221A5038469CE7ED
:108300000C000000242AF0B5044601D8012A40D10F
:10831000F5F72CFB2D4B16221A5001B10C600020F2
:10832000F0BD2F463D4615F8010B2028F9D0A0F1ED
:108330000906042E0346F4D92B282CD02D282CD145
:1083400001262B78BD1C302B2DD1287840F0200041
:10835000782824D132F0100021D16B782C461022DD
:1083600002350020392B82BF03F1FF3343F0200395
:10837000263B303B9A421AD9A0FB02040CB9C01824
:1083800001D346F002062F462C4617F8013B3D4626
:10839000E8E70746C6E70026D3E70026D3E7002A2A
:1083A00008BF0822DDE7002A08BF0A22D9E701B189
:1083B0000C60F20748BF4042B307B1D5F5F7D6FAD3
:1083C000024B22221A504FF0FF30A9E70C000000A8
:1083D0002DE9F0410126B24201DCBDE8F0810746FB
:1083E0003B461F4613F8014B002CF6D0252CF8D144
:1083F0001D78252D07F10207F2D00023DFF8EC806D
:108400009C461C461F2C27D8A5F1200EBEF1100F4C
:1084100006D828FA0EFE1EF0010F53D12E2D3CD0A7
:108420002E2D27D8242D33D02A2D36D0BCF1000F85
:10843000D3D0B445D4D145F02007A7F1650CBCF1E9
:10844000020F0B6801D9612F42D1073323F00703D4
:1084500008330B600136BEE77F2CDFD96C2D23D0AB
:108460001DD8682D27D06A2D01D04C2DDED144F4C3
:10847000207408E0A5F1300EBEF1090FEED80A24F1
:1084800004FB03E3202417F8015B002DBAD1CDE7EC
:10849000BCF1000F18D0B34218D00023F3E7742DBD
:1084A000F1D07A2DEFD0C1E7250648BF44F400741F
:1084B00044F08004E7E7E50548BF44F4007444F461
:1084C0008074E0E70024DEE79C46E6E76325B2E738
:1084D000692D02D007D8632D03D0250601D5A40548
:1084E000B3D40433B5E7732DF6E700BF8928010044
:1084F0002DE9F04F8378D0F8049093B09C07CDE934
:108500000812804615D50B920B460025187890B1BD
:10851000252814D0013306934146C847002805F1A9
:10852000010580F2F88398F8023043F0040388F8DC
:1085300002304FF0FF35284613B0BDE8F08F93F8B6
:1085400001A09A1CBAF1250F0692E5D04FF0000B5E
:108550005E465F465C461F2C23D8AAF12003102BF1
:1085600022D8DFE803F01521211B2121210B212135
:10857000211321182121090044F00104069B13F85E
:1085800001AB0693BAF1000FE5D11BE044F0020401
:1085900044F00404F2E744F00804EFE744F0100468
:1085A000ECE77F2C00F2F680BAF12E0F00F0D380BA
:1085B00000F2AC80BAF1240F00F0D380BAF12A0F98
:1085C00000F0B480BBF1000F06D0099B08980B9314
:1085D0005A460BA9FFF7FCFE002E4AF02003B8BF55
:1085E00024F040040493A3F16503BCBFA4B20026A9
:1085F000022B04D94AF02003612B40F08C826FEAF1
:108600000A0A0AF0200307930B9B073323F00703A2
:1086100003F108020B92049A612AD3E9000104F0E5
:10862000400340F0E480002B08BF4FF0FF36079B6B
:1086300000930CAA334611F0E3FD0130C3B2B342FC
:108640000393A8BF03F1FF364FF0010C7023CDE96F
:10865000043CDDF830A044F4C0540AF10903122BA5
:108660000DD90AF16303C62B40F2F3800AF2E73317
:1086700040F2CE7293428CBF0423032305939DF8EE
:108680003430D80700F1E780A20700F1E780C4F397
:10869000800B4FEA4B1B5FFA8BFB13F00C0F00F0C3
:1086A000E980BBF1000F0CBF03230423BB420EDAA9
:1086B0002007A7EB03070BD42F4441462020C847CF
:1086C000002805F10105FFF62EAFBD42F5D10027C8
:1086D000BBF1000F07D041465846C847002805F1B6
:1086E0000105FFF620AF9DF83430AE4C13F0080FB3
:1086F000AD4B08BF1C462646324616F8010B002833
:1087000040F0AF802C1B02EB040B7BE1AAF130039D
:10871000092B3FD814F0400F4FF00A0212BF02FBA2
:10872000063602FB073744F0200427E7BBF1000FB1
:108730007FF424AF0B9A600652F8043B0B9201D5EC
:108740001E461BE7002BA7BF44F020041F465F42D4
:1087500044F0280412E763063FF5EDAE44F0400410
:108760000CE7BBF1000F3DD014F0400A099B0898BC
:108770000B930CBF3A4632460BA9FFF729FE0B9B21
:1087800053F8042B0B93BAF1000F01D01646F5E60F
:108790001746F3E6BAF16C0F16D00CD8BAF1680F91
:1087A00019D0BAF16A0F03D0BAF14C0F7FF40AAFB7
:1087B00044F42074E2E6BAF1740F3FF4DFAEBAF18C
:1087C0007A0F3FF4DBAEFDE6200648BF44F40074A8
:1087D00044F08004D2E6E30548BF44F4007444F456
:1087E0008074CBE65E463446BB463746C6E6002B71
:1087F000049B08BF0626652B0FD1721CD2B244F42D
:1088000080541346112A4FF0650E4FF0000228BF26
:1088100011239446CDF810E007E0049B662B10D19D
:1088200044F40054B44601221123CDE9002C0CAAD3
:1088300000F0FCFBC3B203930223DDF830A00593E4
:108840000BE716F0FF02DCD1652304939446012365
:10885000EBE7022312E74FF02D0B1EE74FF02B0B37
:108860001BE7079BC01A4146C0B2C8470028BFF6A5
:1088700043AF58E614F4405F40F09880039B4833C0
:10888000002E6B4408BF0126133B039A1AB113F85C
:10889000012D302A78D014F0100F039B18BF3346F7
:1088A0001AF1040F75DBB24573DA534544F40054F2
:1088B0007FDD0AF101069E1B2AEAEA730133BBF150
:1088C000000F00D00133002E75D0721C13449F425C
:1088D000CCBFFF1A002714F0090F03D12F44BD426B
:1088E0006DD10027BBF1000F07D041465846C8475D
:1088F000002805F10105FFF616AE230511D5414606
:108900003020C8470028FFF60EAE079BC3F1780061
:10891000414600F0F800C847002805F10205FFF6BF
:1089200002AE200704D4AB467D195D454FD1002728
:10893000A1046AD52AEAEA73AAEB030A7642039AEB
:10894000524584BF0CAA524403F1FF338CBF5079C7
:1089500030209E4205F1010B41DC41460493C8479B
:108960000028049B0AF1010AFFF6DDAD5A1C09D16B
:1089700041462E200493C8470028FFF6D4AD049B3F
:1089800005F1020B5D46DAE7039A013AD2B203928F
:108990007BE75E1E14F4006F059A14BF05230323C2
:1089A00013448CE761DB020843FE0208A10483D470
:1089B000F0E7002680E7E20648BF013387E741463B
:1089C0002020C847002805F1010588DAABE54146BB
:1089D0003020C84700280BF1010BA6DAA3E5414679
:1089E0000393C8470028FFF69EADE6060AD5039B11
:1089F000013307D105F1020B41462E20C84700285C
:108A0000FFF691AD5D465F4418E29DF835004146A2
:108A1000C8470028FFF687AD002E61DD41462E20B5
:108A2000C8470028FFF67FAD01240CAB039AA24291
:108A3000CABFE218302050794146C8470028A346F3
:108A4000FFF671AD0134A6420CABEFDAAC1C5C440E
:108A5000049B079A981A4146C0B2C8470028FFF6FF
:108A600062ADBAF1000FB4BF2D202B204146B8BF34
:108A7000CAF1000AC8470028FFF655AD059B042B34
:108A80003AD14FF47A76BAFBF6F505F1300041465B
:108A9000C0B2C847002804F10304FFF644AD06FB4A
:108AA00015AA6426BAFBF6F505F130004146C0B2BE
:108AB000C847002804F10104FFF635AD06FB15AAEE
:108AC0000A26BAFBF6F505F130004146C0B2C847A8
:108AD000002804F10104FFF626AD06FB15AA13E0F9
:108AE000E40601D46C1CB3E741462E20C847002899
:108AF00005F10204ACDA16E5059B032B04F1020430
:108B0000CFD0059B012BDBD10AF1300004F1010B22
:108B10004146C0B272E7AAF16303122B00F2E5806E
:108B2000DFE813F013005400E300E300E300E30088
:108B30005400E300E300E300E300E300FC00DD0099
:108B4000E300E3002900E300AB000B9B1A1D1B6848
:108B50000B928DF8303001260DF1300A20072CD50C
:108B60000AEB060B54465C4529D1A5EB0A0A04EB37
:108B70000A0BBF1B46E70B9B1A1D0B92D3F800A0F4
:108B8000A94BBAF1000F08BF9A4614F0400F14BF6A
:108B900031464FF0FF31504611F0A3F80646DDE7AD
:108BA00041462020C8470028FFF6BDAC013CA64244
:108BB000F6D32F443D1B2746D2E73C46F7E714F88F
:108BC000010B4146C8470028CDDAACE421060B9BD7
:108BD00032D5A2052BD5073323F00703D3E90001D3
:108BE00003F108020B9224F0100B00291FFA8BFBF3
:108BF00032DA404261EB41014BF4806B0CAC0A234A
:108C0000224611F08AF81BF0400FA0EB040200F09E
:108C10009C802BF0010396429BB240F39F80BAF1F7
:108C2000000F40F09D802BF011039BB21FE01A1D36
:108C300018680B92C117D6E71A1DE00519680B9248
:108C400001D40846F6E7A2054BBF48B208B241F38B
:108C5000C01141F3C031C6E750EA0103CED163062B
:108C6000CCD5002ECAD124F01104A3B2324634462A
:108C700040F206410B426FD126E024F01004A4B26A
:108C80000A2314F0800C0B9A4CD014F400711DBF11
:108C9000073222F0070202F10801101D19BF0B91E3
:108CA000D2E900010B90106850EA010247D124F08C
:108CB000160B62061FFA8BFB45D5002E43D124F01C
:108CC0001704A3B23246344619075FD4D90704D536
:108CD000A74272DD3C1BA6183C46A34650E044F078
:108CE000100410234FF0780ACBE74AF02003782BCA
:108CF00004D1CAF1780343F01003C2E741462520AE
:108D0000C8470028FFF60FAC41465046C847002828
:108D1000FFF609AC0235069BFFF7F8BB08234FF0BE
:108D2000000AAEE7111D0B9114F480711068BBD0DE
:108D300014F400711ABFC0B2614680B2B4E724F0E7
:108D400006041FFA84FB0CAC5AE714465B46D906AE
:108D50008ED5BAF1000F05D10134B5E71446F6E718
:108D60003446F4E70234AFE741462020CDE9033230
:108D7000C8470028FFF6D7ABDDE903320BF1010B42
:108D80005F45F1DC2C1B04EB0B055C46D90616D5C0
:108D9000414630200392C8470028FFF6C4AB039A2F
:108DA000BAF1000F32D0023541465046C84700287C
:108DB000039AFFF6B8AB2E441DE016468DE740F24D
:108DC00006410B42F7D013F0020F14BF2B202020D6
:108DD00013F4806F039205F10105414618BF2D2061
:108DE000E4E7414630200392C8470028039A05F182
:108DF0000105FFF698AB731B9A42F2DB16460DF1A4
:108E0000300A2EB902EB050B3F1BFBE50135D2E71B
:108E1000013E41461AF806000392C8470028039A0B
:108E2000EFDAFFF780BB00BF47FE02084146202073
:108E3000C847002805F10105FFF675AB7B1B002B29
:108E4000F4DC68E72DE9FF47804616460F46002907
:108E500000F0A280B1FA81F4341B002E04F10A0460
:108E6000C0F2A280304600F029FB0444304600F0F6
:108E70002BFBA4EB060905466946304600F04CFB87
:108E8000A9EB05037D336A464046394610F06CFF76
:108E9000A64282460D4600F38380B9F13F0F00F3EE
:108EA00081804FF0FF33A9F1200003FA00F003FAAC
:108EB00009F2C9F12001024323FA01F10A4303FA3E
:108EC00009F328EA030327EA020213430CBF012037
:108ED0000020002D00F08A80B5FA85F3E31A03F232
:108EE0003E4340F2FE72934200F38680002B23EA59
:108EF000E371CCBF0A460122121BA2F23344C4F133
:108F00002007A2F2344EA2F253432AFA04F605FADD
:108F100007F73E4325FA03F3CEF1200CA2F25447A3
:108F20001E4305FA0CFC2AFA0EF343EA0C0325FA59
:108F300007F73B4313F0010325FA04F4CEF12008B0
:108F4000A2F2544218D04FF0FF3707FA02F307FAA3
:108F50000EFC4CEA030C27FA08F34CEA030C07FA60
:108F60000EF72AEA070A25EA0C055AEA050A41D152
:108F700000283FD006F001039A1944F10004C4F31D
:108F8000130452EA040008BFC91844EA0157104606
:108F9000394604B0BDE8F087B0FA80F420345BE7CE
:108FA000012096E7002094E7C6F10009484600F04A
:108FB0008BFA241A484600F087FAA61B0546694634
:108FC00048462E4400F01CFB06F17C036A464046EE
:108FD000394610F0C9FE82460D464046394600F03B
:108FE00083FA81458CBF0020012072E7BAFA8AF328
:108FF000203373E70123BFE701490020C9E700BF21
:109000000000F07F1FB502AB0093074A4FF0CC334E
:1090100011F053F8DDE90201C00840EA4170C908C7
:1090200005B05DF804FB00BFCDCCCCCC2DE9F04FF2
:109030009BB00F0D0A939DF8903005920C93C1F3ED
:109040000A52C1F31303C90F044607917AB950EAD3
:1090500003017CD1059930234B71079B0A6043F0D3
:1090600002030B71012630461BB0BDE8F08F40F2C1
:10907000FF718A420AD10343079B059A14BF43F04C
:10908000080343F0040313710026ECE7A2F2354A0B
:1090900043F48015234301BF27F001077F057F0DAF
:1090A000B7FA87F704F001024FEA85080CBF7F0981
:1090B0000127BAF1000F089248EA94784FEA840633
:1090C000C0F2B680504600F0EDF9BAF1030FC8BF08
:1090D0000138049000F000FA049B7C30A3EB0A0AEC
:1090E000824416A9184600F08BFA12AB019310AB1C
:1090F0000093204653462946029716AA10F0EBFE2D
:10910000049B152B04460D4600F28E8014ABA94A31
:10911000009330464FF0CC334146DDE9109A10F011
:10912000CCFF149B159A9B0843EA827303EB8303DD
:10913000B34210D14146304600F0D6F9049B834239
:109140008CBF4FF000084FF00108002715E0DFF852
:1091500068A21D469EE7089B002B55D1013E48F1B1
:10916000FF31F01B61F1000100F0BEF9049BDDF856
:10917000208083428CBF002701270C9B002B40F0EE
:10918000C880DDF828900026069609964FF00A0B55
:10919000DDE91001FFF736FFDDE912A3CDE90D018E
:1091A000194650460F93FFF72DFF0A460D990B9075
:1091B00003468B420E9B72EB03010F9B80F0C48031
:1091C000204629460F92FFF71DFF0B9B0F9A139223
:1091D0000BFB03F50D9B10930E9B11930B9B1293AE
:1091E000069B002E14BF4FF0000808F00108013361
:1091F0000BFB1046554514BF002707F00107F6B2D8
:10920000069304460D46C3E7B01C48F1000100F088
:109210006BF9049B83428CBF00200120B9EB000056
:109220006AF10002CDE910024FF000084746A4E7BA
:10923000CAF1000B584600F03BF9BAF1FF3F0CBFF2
:109240008146A0F10109ABEB090B0AEB0903584673
:10925000049300F041F916A9A0F17D0A584600F0E8
:109260005BF912AB0193A9EB0A0A10AB00932046FD
:1092700029460297534616AA10F02DFEB9F1010FA8
:1092800004460D460ED8089B13B94FF0010874E749
:10929000109B119A013B42F1FF32CDE910324FF0A1
:1092A000010852E7B9F13E0FBED84FF0FF33A9F1E4
:1092B000200003FA09F203FA00F0C9F1200123FAB1
:1092C00001F102430A4303FA09F328EA020826EAF5
:1092D000030656EA08060CBF4FF001084FF00008DD
:1092E00033E700FB02F6A1FB0012013332448C424B
:1092F00075EB0206F5D2049ADDF828901344259AFE
:109300001344D20F9342B8BF13469945A8BF99465C
:1093100039E70A21002201230846E8E70BFB01FE9A
:10932000A0FB0B010CF1010C7144844275EB010EA2
:10933000F4D2CC450DDDB9F1000F02D154EA05019C
:1093400007D0012309933BE70A2000214FF0010CCD
:10935000EBE7002F32D04FF00A0B50461946FFF7CB
:1093600051FE0BFB00F252450B910E9026D1DDE928
:109370001001FFF747FE8A460D9029462046FFF769
:1093800041FE0D9A0E9B1293CDE9102A0B9A13926F
:10939000069A002E14BF4FF0000808F001080132B1
:1093A0000BFB10469A46F6B20B9B069204460D46FE
:1093B000D3E700BFCDCCCCCCCCFBFFFFB8F1000F86
:1093C00005D0052E03D104F001060436F6B2069B43
:1093D000DDF810809844099B53B9DDE912239D42C2
:1093E00008BF944204D1089B002B47D1002F45D0E1
:1093F000042E94BF0026012630194FF00A0245F1D1
:109400000001002301271446904271EB030537D277
:10941000EEB1B9451BDA0C9B6BB1259ADDF82890AB
:1094200008EB07031344012BB8BF01239945A8BFDC
:1094300099464F450BDD05304FF00A024FF000030F
:1094400041F10001E7F7D6FE08F10108013F4F4561
:10945000A8BF4F463EB20FFA88F8059B08FA87F777
:1094600006F10508013F98444FF00009B1450EDBB5
:10947000059B1A461F60079B1371F4E50126BBE7A5
:1094800004FB03F5A2FB042301372B44BCE70A22AB
:109490000023E7F7AFFE303208F8012D09F101098A
:1094A000E4E700BF014B5843800C70474134010092
:1094B000014B5843000D7047FB2E0B00014B5843E6
:1094C000C00C70474F931200024B5843C00C013040
:1094D000704700BF4F931200024B5843C00C01303D
:1094E000704700BF4F9312000A4A70B503464FF011
:1094F000CC3600204FF0333506FB03F402FB014469
:10950000A3FB023121449D4275EB010401D30130DC
:10951000F2E770BDCDCCCCCC2DE9F04F1A23354EFF
:10952000B0FBF3FA03FB1A0389B004460D4606EBC1
:109530000A1653B9D6E90023C1E90023D6E902018E
:10954000C5E9020109B0BDE8F08F2B4A02EBC30365
:10955000D3E9008904AB0093D6E90223404649468B
:1095600010F0ABFD06AB0093D6E9002383460F460F
:109570004046494610F0A1FDDDE9066216EB0B06F8
:1095800052EB07084FF0000328BF0123814633B197
:10959000049B059A013342F10002CDE904322046D2
:1095A0000391FFF799FF07461A2000FB0AF0FFF727
:1095B00093FF3F1A3246434603990097484610F0FE
:1095C00093FD4FEA141C0D4A640004F01E0352F888
:1095D0002C40DC4004F00304241841F10001C5E9EB
:1095E0000041DDE9042300973046414610F07CFD40
:1095F000A6E700BF48AD020878AC02087CD102089B
:109600002DE9F04F1A27DFF8E4A000F11905B5FBAA
:10961000F7F56F433A1A4FEA051B89B004460E4628
:109620000AEB05150AD1D5E90023C1E90023D5E9E4
:109630000201C6E9020109B0BDE8F08F2C4B03EB33
:10964000C203D3E9008904AB0093D5E90223404665
:10965000494610F032FD5AF80B206B68013ACDE90B
:10966000020106A963F1000300914046494610F04B
:1096700024FDDDE906528A4602996D18039952EBE2
:1096800001084FF0000328BF0123814633B1049B3A
:10969000059A013342F10002CDE904323846FFF762
:1096A0001BFF07462046FFF717FF3F1A2A4643468F
:1096B00000974846514610F017FD4FEA141C0D4A1A
:1096C000640004F01E0352F82C40DC4004F0030454
:1096D0000134241841F10001C6E90041DDE9042309
:1096E00000972846414610F0FFFCA2E718AE02089A
:1096F00078AC0208D0D1020838B5C0F3C7537F3B1D
:10970000162B014620F0004519DC002B024608DA32
:1097100000281BDB002D14BF4FF07E5100210846AE
:1097200038BD0C4818410842F9D00029C2BF4FF497
:10973000000141FA03F3D21822EA0001EFE7B5F184
:10974000FF4FECD3E7F7DCF90146E8E74FF00041C3
:10975000E5E700BFFFFF7F000B4631F0004104D179
:1097600000280CBF022003207047094A134208D08A
:10977000084B994207D9914207D1B0FA80F04009CD
:10978000704703207047042070470020704700BFD7
:109790000000F07FFFFFEF7F38B5C0F3C7540D46E0
:1097A000034620F0004184B941B34FF09841E7F7F8
:1097B000AFFA1A4BC0F3C7549D42A4F1190406DA5C
:1097C000BDE83840C00F10F015BDFF2C08D04CF29A
:1097D00050339D4209DDBDE83840C00F00F03AB873
:1097E0000146E7F78DF9034608E02B19FE2BF2DC62
:1097F000002B05DD20F0FF4040EAC353184638BD7A
:1098000013F1180FDCDB193320F0FF404FF04C51FF
:1098100040EAC350E7F77CFAE5E700BFB03CFFFF42
:1098200030F000400DD0A0F50003B3F1FE4F0AD395
:10983000074B421E9A4208D9A0F1FF4358425841B3
:10984000704702207047042070470320704700BF14
:10985000FEFF7F0008B1024870474FF0FF4070479D
:10986000000080FF08B1024870474FF0FF4070478A
:10987000000080FF08B510F063FC014808BD00BF80
:109880000000C07F7047034600201A7B12B11A689F
:109890008A4206D00130182803F11003F5D14FF0A9
:1098A000FF30704730B50D0100EB01110B7BABB100
:1098B000D0F888310A7AD0F88441032B4FEA02218C
:1098C000C4EB02220BDC0BB104EB62010133C0F8E4
:1098D0008831C0F8841128440023037330BD04EBA1
:1098E000E201F3E72DE9F041D0F88041C0F88C2186
:1098F00000EB041305461B7B0F4616464FEA04187F
:1099000013B12146FFF7CEFF05EB0803002245F80F
:1099100008701A725A8101221A735E601444182367
:1099200094FBF3F203FB1244C5F88041BDE8F081DB
:1099300038B505461446FFF7A6FF431C01460AD07A
:1099400005EB00125368E41A42F210739C4204D9EA
:109950002846FFF7A7FF002038BD137AFF2B01D15F
:109960000120F9E701331372FAE770B50546144692
:10997000FFF789FF431C06461FD02046E7F770F922
:10998000D5F89411E7F7C4F9E7F7C4FBA0B10C23AD
:1099900005EB061503FB04F2B2F5FA6F6B8928BFDD
:1099A0004FF4FA62934208D2D21A824228BF02468A
:1099B000B2F5803F03D290B270BD0020FCE74FF6B5
:1099C000FF70F9E738B504461546FFF75CFF431C06
:1099D0000CD0010104EB00100C4443895A19B2F574
:1099E000803F34BF92B24FF6FF72628138BD70473C
:1099F0007047704770470020704770470A207047D3
:109A0000C82070474FF47A6070474EF66020704768
:109A100038B50446806E03681B6898470546606E3B
:109A200003685B6E984794F8243063B9B4F87030DB
:109A30005B0708D4236A03F5FA535B1B23EAE3733D
:109A4000984228BF184638BD034608465A6D0AB1E9
:109A5000996D1047704710B503689B6A0446984794
:109A6000034628B1206C18B158436423B0FBF3F0CF
:109A700010BD38B500230446C0E90A33C0E90C33F1
:109A8000A0F87030806E03681B68984723682062D6
:109A90005B6A05462046984720642046FFF7DBFFB7
:109AA000C4E90E05606EA56103681B689847606E87
:109AB00003689B6A984784F8240038BD70B5036832
:109AC0009B6A054698470446C8B12B6CBBB1A86E8B
:109AD00003681B689847EB6BC31A06460FD05C43BC
:109AE000632C0CD92846FFF7B6FF6423B4FBF3F4CC
:109AF000AB6BEE631C44844294BFAC63A86370BD3F
:109B0000037813F0380F1FBF4FF40860C3F38303CB
:109B1000D84000F0010008BF0120704770B5456EC5
:109B20002B685E6A03681B6A04469847014628460C
:109B3000B047606E03689B6A984718B9606E036807
:109B40009B69984794F82430834217D084F8240006
:109B5000B0B9A06E03681B6898472062A06E0368C6
:109B60001B689847236AC01AB0F5FA5F82BFB4F841
:109B7000703043F00403A4F8703001E00028EDD009
:109B8000606E03689B6C9847606E03681B6E984715
:109B9000606E0368DB6C984794F8513001462BB92E
:109BA000012384F8500084F8513070BD94F950308E
:109BB0008342FAD0236884F850001B6B2046BDE82E
:109BC00070401847F8B51C46023BFD2B0D46164663
:109BD00001D90020F8BD13780B709A09F9D103F070
:109BE00003020923D34013F0010323D10B81CB805F
:109BF0000121735C2B719A09032AEAD003F03F0319
:109C000002FB0333DAB2402AE3D801315718A742E6
:109C1000DFDC314405F10A000FF0C7FFE21B92B20E
:109C2000B82A6A80D5D8F11905F14A000FF0BDFFB6
:109C30000120CFE7052CCCDDB6F80130CB80B6F89B
:109C400003300B810521D4E72DE9F84303689B6AB3
:109C5000044689469847054610B90120BDE8F883B7
:109C6000E06E03685B69984700268046464517DB2F
:109C7000606E0368FF219B689847A26BB2EB500FA0
:109C80004FEA5003E9D29B1A691E642202FB0311BA
:109C90002046B1FBF5F10131FFF7D6FE0020DDE7EC
:109CA000E06E03683146DB699847074608B901361C
:109CB000DCE7E06E036831465B6A9847A0EB090079
:109CC0000028F4DC3846FFF71BFF0028EFD0C4E77C
:109CD00010B50446C06E03681B68984730B9B4F8E5
:109CE000703043F00103A4F8703010BD00230371FD
:109CF000438080F80231F8E7C06E03685B6818475C
:109D000010B5806E03681B680C469847001B00283E
:109D1000D4BF0020012010BD10B5806E03681B6801
:109D20000C469847204410BD2DE9F04703681B6896
:109D300005460E469847044630B9E86E036831463A
:109D40005B68BDE8F0471847012817D0D5F86C804C
:109D500020F07F47D8F8003039462846D3F80890DD
:109D6000FFF7DAFF220E013A0346D2B231464046EF
:109D7000C8471FB139462846FFF766FEBDE8F087A1
:109D80002DE9F0430446C3B04FF08147606E03688D
:109D9000FF225B6802A99847061E60DD2368606E9B
:109DA000D3F8048003685B6B98470546606E0368D0
:109DB0001B6B98472946024602AB20460096C047D7
:109DC000E06E03681B6898470546002847D00146A7
:109DD000334602AA2046FFF7F5FE002839D0606E10
:109DE00003685B6B98473946E6F792FFE7F76CF933
:109DF00085F80201D4F86480D8F800304046D3F8E2
:109E00000C905B6B9847324601464046C8478046F7
:109E1000606E036831469B689847636903446361D9
:109E2000236828469E6801F065F8434602462946A5
:109E30002046B0472B789B074BBF636B236B0133E6
:109E400001334CBF6363236329462046FFF76CFF51
:109E50009CE7E06E036829465B68984796E743B045
:109E6000BDE8F0832DE9F843036804469B690D467D
:109E70009847A76C226806463FBBA564D369204675
:109E800098472844E0646568236828461F6901F004
:109E900031F8294602462046B847E56ED4F80480DA
:109EA0002B6894F844909F6831462046FFF734FFB2
:109EB000414603464A462846B84700236360314678
:109EC0002046FFF7C1FDBDE8F883E36CEB1A002BD9
:109ED000A5EB07070ADBB4F8703043F00203A4F8DF
:109EE0007030D369204698472844E06423682046B0
:109EF000DB6A9847B842C6D2606E03685B6D9847CC
:109F00002368A564DB69204698470544E564BAE701
:109F10002DE9F0430446806E0368C1B01B68984782
:109F20000546E06E036829461B69984748B9E06119
:109F3000E06E03685B69984700B9A06441B0BDE872
:109F4000F0832046FFF7BAFD29462046FFF77CFE46
:109F50000028F3D0606E0368DB6A98470646606E9F
:109F600003689B6B984706B900BBA1692046FFF7C1
:109F7000C7FE30B9A1690131491B2046FFF764FDD6
:109F8000DCE7E6690EB9E5612E4623682046DB6909
:109F90009847AE1B864248D9B4F87030606E43F0E3
:109FA0000203A4F870300368DB6B9847E06E00236F
:109FB000E36103682946DB6A984784F84400E06E51
:109FC00003682946DB68984760600028B6D00378AC
:109FD0008DF80030092203F0030322FA03F3DB07B4
:109FE00041BFC388ADF801300389ADF803304CBFE1
:109FF0000522012203790DF80230561C6F464022DB
:10A0000000F10A01B81900F055FFD4F80480B8F83F
:10A01000022006449319FF2B13DDE06E03684146CE
:10A020005B6898470023636088E7236820469B6944
:10A030009847014605462046FFF76EFE691CA06161
:10A040009BE708F14A01B8190FF0AFFD606EB8F850
:10A0500002900368B1449B684946984700EB40066C
:10A06000606EE5600368B6F5167FDB6A2CBF760884
:10A070004FF496769847C0B1236820469B6998476D
:10A08000E66ED4F80480336894F844909F680146E3
:10A0900005462046FFF740FE414603464A46304605
:10A0A000B84700236360294667E7606E03689B6BCF
:10A0B00098470028E0D0606E03689B699847804607
:10A0C0000028D9D1606E03684A461B6969469847E3
:10A0D00028B94A4629462046FFF7C4FE2EE73146F6
:10A0E0002046FFF719FEC4F81C80A060C4F8488021
:10A0F00024E770B543680446002B43D0406E0368E4
:10A100009B6998470546606E03685B69984700281D
:10A1100040D0656E60682B689E6800F0EBFE0146DB
:10A120002846B04723690344054623612046FFF7CC
:10A13000C5FCA36B606E9D4234BF5B1B0023A36311
:10A140000368DB69984761680A794888930902F0D7
:10A150003F0203FB02222368023250FA82F2DB68DC
:10A160002046984761680B789B074BBFE36AA36A58
:10A17000013301334CBFE362A3622046FFF7BCFD0D
:10A18000002363602046FFF7FBFD2046BDE87040DA
:10A19000FFF7BEBEEDB9A1682046FFF7B1FDC0B123
:10A1A000606E0368DB69984761680A79488893099B
:10A1B00002F03F0203FB02222368023250FA82F2CD
:10A1C0001B692046984761682046FFF795FD65604A
:10A1D000D8E770BD2DE9F047054608791E460C46C4
:10A1E000904600F057FEEF6E3B6898B16288B82A3F
:10A1F00010D831462846D3F80890FFF78DFD214648
:10A20000034642463846C84731462846FFF71CFCFD
:10A21000BDE8F087214638465B68BDE8F04718473F
:10A220002DE9F041E6B0044630A81E46DDF8B081C5
:10A230000D461746E8F720F82022A91830A80EF09E
:10A24000A1FE4246314630A80EF09CFE10A930A86F
:10A250000EF09CFE10A968460EF06BFD6946204684
:10A260000EF0A8FD30A8E8F707F8214630A8202214
:10A270000EF088FE394630A820220EF083FE4246BA
:10A28000314630A80EF07EFE20A930A80EF07EFEEA
:10A2900020A908A80EF04DFD6B462A4608A904F136
:10A2A00020000EF057FD40210DEB01000EF026FCC2
:10A2B000202168460EF022FC66B0BDE8F08110B5A2
:10A2C0002022044600210FF097FC204610BD10B557
:10A2D0000446084621460EF0EDFEB0FA80F0400933
:10A2E00010BD10B50446FFF7EAFF4022002104F13B
:10A2F00020000FF081FC204610BD38B5044600F167
:10A300002005284620220EF0C2FE94F8203023F0CB
:10A31000070384F8203094F83F3003F03F0343F004
:10A32000400384F83F3029462046BDE838400EF00F
:10A3300041BD602A38B50B4613D10A4603F14004EB
:10A3400000F1200152F8045B41F8045BA242F9D10C
:10A35000603352F8041B40F8041B9A42F9D10120E3
:10A3600038BD402A0DD100F120010A4603F1400416
:10A3700053F8045B42F8045BA342F9D10EF01AFDD6
:10A38000EDE70020ECE73F2A70B51ED95F2A00F107
:10A39000200300F1600407D853F8042B41F8042B84
:10A3A000A342F9D1402070BD1A460D4652F8046B05
:10A3B00045F8046BA242F9D1403150F8042B41F822
:10A3C000042B9842F9D16020EDE70020EBE75F2AEB
:10A3D00030B513D903460A4600F1200453F8045B54
:10A3E00042F8045BA342F9D12031603053F8042BCA
:10A3F00041F8042B8342F9D1602030BD0020FCE7F6
:10A4000070B5402A88B006460C460FD100F12001F5
:10A410000B4604F1400254F8040B43F8040B944239
:10A42000F9D130460EF0C6FC012002E0602A02D0CD
:10A43000002008B070BD01F12005294668460EF0E5
:10A44000B9FC2022214668460FF0E9FBB0B9294645
:10A4500006F12003603451F8042B43F8042BA14289
:10A46000F9D16C463346224603CA596008A98A428C
:10A470001860144603F10803F5D1D5E72146684674
:10A4800004F140050EF096FC2022294668460FF0A4
:10A49000C6FB0028CCD106F1200354F8042B43F866
:10A4A000042BAC42F9D16A463346144603CC5960BA
:10A4B00008A98C421860224603F10803F5D1B3E7DE
:10A4C000602AF8B506460D4601D00020F8BD01F11E
:10A4D00020042046E8F7D2FB471E2846E8F7CEFBCB
:10A4E00098B10137F1D12C4606F1200123460A46E6
:10A4F00004F1400053F8044B42F8044B8342F9D175
:10A5000030460EF057FC0120E0E70137DDD0EBE7E5
:10A5100013B5044600930846134604F12001224671
:10A52000FFF77EFE02B010BD30B589B005460C467F
:10A5300068461146FBF74EF96A4605F120012046B0
:10A540000EF0E4FB09B030BD0020704700207047DA
:10A550000020704770477047704700207047704771
:10A5600070477047704770477047704700207047CA
:10A57000002070470020704700207047002070477F
:10A5800070B5446E2368054608469E6800F0B2FC2C
:10A5900001462046B047052204460021686F00F0BE
:10A5A000A3FD34235C436423B4FBF3F4604370BD28
:10A5B00008B504220121406F00F096FD782358432E
:10A5C00008BDC0F3400080F0010000F001007047BA
:10A5D000FFF74FBAFFF78DBD10B50446FFF79EFA9F
:10A5E000A06E03681B689847014604F18000BDE82F
:10A5F0001040E8F75DBA2DE9F0470446806E036825
:10A600001B680F4698478146E06E03685B69984770
:10A6100000268046464524DAE06E03683146DB6951
:10A6200098470546F8B10078FFF7CBFFD8B1284628
:10A63000E8F71CFAB84216D1D4F86480D8F8003094
:10A640002846D3F808A000F055FC01464046D04704
:10A6500004F18008024639464046FFF786F9054670
:10A6600018B9BDE8F0870136D4E7E06E036805EB62
:10A6700009029B6A314698472A4639464046FFF709
:10A68000A1F9636D002BECD0A16D2846BDE8F04721
:10A69000184770B50C4605468030E8F78BFA2379E9
:10A6A0009A0903F03F03064602FB0333686E628893
:10A6B00052FA83F1036802319B689847044600EB25
:10A6C0008000E6F7CDFA3146E6F722FBE6F722FDF9
:10A6D00006235C43B4F5FA6F28BF4FF4FA64A04236
:10A6E00028BF2046421C0021686F00F0FDFC14309A
:10A6F00070BD38B50B799A0903F03F03054602FB9C
:10A700000333406E4A8852FA83F1036802319B6832
:10A71000984740F291120446FA21686F00F0E4FC79
:10A720004FF47A7300FB04F20021B2FBF3F2686F7E
:10A73000013200F0D9FC143038BDF8B50B7903F0C4
:10A740003F04013C23F03F031C43E4B20C71A40915
:10A750000D46013401F10A0600272B7903F03F036F
:10A7600013FB04F3BB4200DCF8BD3046264422460E
:10A77000314627440FF019FAEFE7F8B50B78054694
:10A7800018460C46FFF71DFF08B90020F8BDFF2B47
:10A79000FBD00B7903F03F079B09013307FB033321
:10A7A000402B07F10106F0DC2B6828465B6C9847CC
:10A7B0000028EAD022799209013207FB024005F510
:10A7C00006710A300FF0F1F9237923F03F031E439D
:10A7D00026712046E8F74AF90646A86E03681B680A
:10A7E00098473146024605F18000FFF77BF82B6859
:10A7F00021469B6C28469847237903F03F03013399
:10A8000040EA0360C2E72DE9F047202B92B0814671
:10A810000E4617461C4604D90025284612B0BDE84E
:10A82000F087FFF755FA05460028F5D003461022B9
:10A8300003F84A2B06F12008324652F8041B43F86D
:10A84000041B4245F9D1D9F8780003681B68984782
:10A8500005F16E098246C5F86A001CB322463946E6
:10A8600005F1AE000FF0A1F904F164036B800DF166
:10A87000040C334618685968624603C208334345DE
:10A880009446F7D1CDF824A074B1224639460AA8DF
:10A890000FF08BF904F1240301AA49463046FFF773
:10A8A00037FEBAE76423E1E72423F5E72DE9F04F0B
:10A8B000AFB09A469DF8E080DDF8EC904FEA98132F
:10A8C00008F03F0403FB044409F105032344A62BCD
:10A8D00006468B46174604D9002528462FB0BDE80A
:10A8E000F08FFFF7F5F905460028F5D02023037017
:10A8F0009BF8003080F84A3096F8183280F84B30D8
:10A90000514622460DF101008DF8008004F1020A43
:10A910000FF04BF904F1B903E8460DEB0A006B4464
:10A92000B9F1000F12D09DF8E42003F8B82C3A9941
:10A930004A460FF03AF909EB0A03424605F14C0189
:10A94000384600F029FC02306880C6E7FF2203F891
:10A95000B82C736F1A680146166818460422B0476F
:10A96000A31DEAE77FB509788DF814100B990391C0
:10A970000A9902919DF8241001919DF820100091F0
:10A9800005A9FFF793FF07B05DF804FB2DE9F84335
:10A990000229DDF8249007460D4690461E461DD834
:10A9A00009F11103B82B19D8FFF792F9044690B1B9
:10A9B000AD00057098F8003080F84A3097F81832EA
:10A9C00080F84B3000F14C01089A4B46304600F0BD
:10A9D000E3FB023060802046BDE8F8830024FAE7FC
:10A9E000F8B50729089F15461E4622D107F1300306
:10A9F000B82B1ED8FFF76CF90446C0B11C230370B6
:10AA0000337880F84A302A4600F14B0305F12001E3
:10AA100052F8040B43F8040B8A42F9D1079A0698BE
:10AA20003B4604F16B0100F0B7FB2130608020460B
:10AA3000F8BD0024FBE72DE9F0411F464B1F012B19
:10AA4000DDF818800E46154619D808F11003B82B0A
:10AA500015D8FFF73DF9044670B1B60006702846D8
:10AA60003A4610F8013B84F84A3004F14B01434662
:10AA700000F092FB013060802046BDE8F0810024A8
:10AA8000FAE770B50E461546FFF722F9044638B1CD
:10AA90000C2300F84A3B2A4631460FF086F86580C1
:10AAA000204670BD2DE9F04102F10108B8F1B80F60
:10AAB0000F4616461D4614D8FFF70AF9044668B13A
:10AAC0002D01282345F00305037080F84A503246D3
:10AAD00039464B300FF069F8A4F802802046BDE8F3
:10AAE000F0810024FAE72DE9F0470B78FF2B0546AB
:10AAF0000C4690464CD003681B6D984704F14A09F8
:10AB0000064604F10A0AEEB9A27849462846FFF73C
:10AB1000B8FF074600283BD0237904F10A01402200
:10AB20000A3000F0D8F93B78387123F0030343F082
:10AB300002033B703246434639462846BDE8F0479B
:10AB4000FFF748BB2B682146DB6C2846984708F581
:10AB50009678A2788044334649462846FFF7A2FFFC
:10AB6000074690B12379402251460A3000F0B3F9EC
:10AB70003B78387123F0030343F002033B7000225B
:10AB8000434639462846FFF725FB013EF6B2BAE7B1
:10AB9000BDE8F087F0B591F84A7007F00F03032B7A
:10ABA000C3B006460C4636D14B88042B33D901ADD1
:10ABB000284600F06AF923788DF804304022237982
:10ABC00004F10A010DF10E0000F085F962888DF89C
:10ABD0000800013A92B204F14B010DF14E00ADF8BC
:10ABE00006200EF0E2FFF06F036829461B689847C5
:10ABF00088B9F06F036829465B6898472946304654
:10AC0000FFF79BFD3F094FF4967207FB022229468E
:10AC10003046FFF768FF002043B0F0BDB82A70B59A
:10AC20000E4615460DD8FFF753F8044638B13C23BD
:10AC300000F84A3B2A4631460EF0B7FF65802046B1
:10AC400070BD0024FBE770B50E4615461C46FFF7A5
:10AC50003FF848B1242303700923C0F84A60C0F8C4
:10AC60004E5080F85240438070BDB82A70B50E46F1
:10AC700015460DD8FFF72CF8044638B12C2300F800
:10AC80004A3B2A4631460EF090FF6580204670BD53
:10AC90000024FBE72DE9F04117460A78064602F04A
:10ACA0003C0024280D4605D129463046BDE8F04138
:10ACB000FFF722B85C1EE4B2022CF5D822F00302A2
:10ACC00042F00102A4010A700C71F06F03685B6826
:10ACD00098472B78C3F38303082B10D0042B14BFA1
:10ACE0000124032433682946DB6B3046984722460B
:10ACF0003B1829463046BDE8F041FFF76BBA022405
:10AD0000F0E72DE9F0411F460B789DF818500646F4
:10AD100003F03C0024280C4605D121463046BDE80E
:10AD2000F041FEF7E9BF013DEDB2022DF5D823F069
:10AD300003030B701388CB8053880B81AD010D7119
:10AD4000F06F03685B6898472278C2F38302082A91
:10AD500010D0042A14BF0125032533682146DB6B7C
:10AD6000304698472A463B1821463046BDE8F04118
:10AD7000FFF730BA0225F0E72DE9F04194460A7852
:10AD8000069F22F0030E02F03C024EF0020E242A2F
:10AD900006460C461D4681F800E021D14B885A1921
:10ADA000B82A03DDBDE8F041FEF7A6BF03F14A0073
:10ADB0002A46614620440EF0F8FE63881D440023B5
:10ADC000658023710525F06F036821465B6898470D
:10ADD0003B462A4621463046BDE8F041FFF7FAB926
:10ADE0004022614604F10A0000F075F825782071D0
:10ADF00005F03C05A5F120035D425D41E3E72DE947
:10AE0000F0410D7825F0030545F002050D70002591
:10AE10000D710646C06F036817460C465B6898477D
:10AE20003B462A4621463046BDE8F041FFF7D2B9FD
:10AE30002DE9F0411E460B7843F003030B70138895
:10AE4000CB8053880B8100270F710546C06F0368C4
:10AE50000C465B68984733463A4621462846BDE88B
:10AE6000F041FFF7B7B938B50446FEF7D1FD054606
:10AE7000A06E03681B689847014604F18000E7F75D
:10AE80005FFEA84228BF284638BD0022027002712A
:10AE90004280704700F03F038009032800F101025F
:10AEA00006D013FB02F04028CCBF002001207047E1
:10AEB0000020704738B59D0903F03F0405FB0444AA
:10AEC000402C06DC944204D822460EF06EFE20464A
:10AED00038BD0024FBE713F03F0F10B51C4606D128
:10AEE0001846FFF7D7FF00B90024204610BDFFF732
:10AEF000E1FFF8E703799A0903F03F0302FB03330C
:10AF000042880078023310F0030052FA83F305D030
:10AF1000C21E504250418000184470470420FBE795
:10AF200070B504784688C4F38304B0B0092C0D468C
:10AF30008DF8044000F14A010FD103798DF80530F6
:10AF400032460DF106000EF030FEB31C01AA0821B6
:10AF50002846E8F7C7FB30B070BD32460DF105005A
:10AF60000EF023FE731CF1E770B503780B70092215
:10AF700003F0030322FA03F3DB0741BFC388A1F800
:10AF800001300389A1F803304CBF05220122037967
:10AF90008B540D46561C044600F10A014022A819A4
:10AFA000FFF788FF3044C6B2628804F14A0155FABF
:10AFB00080F00EF0FAFD6388F018C0B270BD012A6F
:10AFC0002DE9F04106468846154603D80027384645
:10AFD000BDE8F0810B78037003F003020923D3402E
:10AFE00013F001032AD10381C380012118F8014025
:10AFF00034712046FFF74EFF07460028E6D0A3092C
:10B0000004F03F0403FB04440131E2B251FA84F43A
:10B01000AC42DBDC414406F10A00E4B20EF0C5FDAF
:10B02000A542D3D92A1B92B2B82A7280CED808EB97
:10B03000040106F14A000EF0B8FDC8E7052DC5D998
:10B04000B1F80130C380B1F8033003810521CDE7A9
:10B05000002910B503461DDBD0F820418C4219DDD4
:10B06000621E50F82100C3F8202103EB81028031D9
:10B070001944043B03EB84039A4200D110BD546889
:10B0800042F8044B4C7801F8014BD2F8A040C2F8CA
:10B090009C40F1E70020F1E730B5D0F82041202CAA
:10B0A0000DD040F8241000EB84050119013481F81B
:10B0B0008020C5F8A030C0F82041012030BD00201C
:10B0C000FCE7A0F14103052B02D83738C0B2704726
:10B0D000A0F16103052B01D85738F7E73038C0B22B
:10B0E0000A2828BF0020704737B503681546042298
:10B0F0000C461B680DEB02019847A54206D9019B3F
:10B100002D1BB3FBF5F205FB12331C44204603B0A4
:10B1100030BD2DE9F047B4B002AC804689461E46EA
:10B12000A2461A440F2EA2EB06051ADC002E0ADDF9
:10B130001022002120460EF05FFD204632462946AF
:10B140000EF033FD103401230093A4EB0A024B46AA
:10B1500051464046E8F740FA20EAE07034B0BDE8D6
:10B16000F087234605F1100C286869681F4603C75D
:10B17000083565453B46F7D11034103ED2E713B58C
:10B180000C4611461A46002300932346E8F724FA9A
:10B1900020EAE07002B010BDF8B58F1C0D463946AC
:10B1A0000646FFF7B6FF044608B90020F8BD024680
:10B1B0002B4639463046E8F755FA0028F5D1A01C51
:10B1C000F4E773B500238DF80730934206D19DF85C
:10B1D0000700B0FA80F0400902B070BDC55CCE5CDB
:10B1E0009DF8074075402C438DF807400133ECE78C
:10B1F000022B2DE9F34106460F46154619DD9C1E2C
:10B20000230716D102F1020801AB22464146E8F7B6
:10B2100029FA70B90222294601A8FFF7D2FF40B1EE
:10B22000234642463946304602B0BDE8F041FFF7BA
:10B23000A6BF002002B0BDE8F0810144002388428F
:10B2400000D1704700F8013BF9E7F8B50646104613
:10B250000D461446E5F7FAFFB0EB450F17D122462D
:10B2600031468B1BAB4202F1020201D30120F8BD33
:10B2700012F8020C12F8017CFFF723FF044638464F
:10B28000FFF71FFF40EA041001F8010BE9E7002077
:10B29000EDE7F0B504460020074625780DB1904251
:10B2A00008DB214614F8012B1AB19A42F9D1002388
:10B2B0000B70F0BD41F8204025462E782C46013514
:10B2C0001EB19E42F9D127702C460130E5E7704748
:10B2D0000020704770470020704700207047002012
:10B2E000704700207047808870470020704700201A
:10B2F000704770470020704700207047002070475B
:10B3000010B503689B6C0446984728B12368204613
:10B310001B6CBDE81040184710BD07B5002301A8FD
:10B320000193EAF7ADF800B1019803B05DF804FBB2
:10B33000E8F70ABB0846E8F733BB08B55520E8F73D
:10B34000F1FA4FF4FA700021F9F732FA00F00BF835
:10B3500008B5ECF7E9F94FF4FA700021F9F728FA8B
:10B360000120F1F70BFE08B5ECF7DEF906F0DAFD87
:10B3700000F0E1FF06F0FEFF3E2832D00ED8142880
:10B380002FD007D80A282CD00F282AD0072818BF7A
:10B390007D2070471F2824D02928F8E7B0F5CB7FFF
:10B3A0001AD00CD8FA281CD006D8C82819D0CB2817
:10B3B00014BF7D20C8207047B0F5C87FE7E7B0F51F
:10B3C0004B7F0CD005D8B0F5FA7F0AD0B0F5487F96
:10B3D000DDE7B0F57A7FDAE74FF4C87070474FF4D5
:10B3E0004870704783689B6D0BB1C068184718465A
:10B3F000704790F9550A70478368DB6B0BB1C068E2
:10B4000018477047A0F10400F6E783681B6C0BB186
:10B41000C068184718467047A0F10400F5E7836834
:10B42000586C00B100477047A0F10400F7E783684B
:10B43000986C00B100477047A0F10400F7E770472F
:10B44000406A7047806A704708B583689B6913B18A
:10B45000C0689847034683F00103D8B208BDD0F80E
:10B460007409704708B5FFF7D0FF08BDBFF35B8FC5
:10B470000068BFF35B8F704708B51830FFF7F6FF21
:10B48000003818BF012008BD00F6AC30FFF7EEBF52
:10B4900000F6A830FFF7EABF00F6A430FFF7E6BFDA
:10B4A00008B51C30FFF7E2FF003818BF012008BDC7
:10B4B00000F6A81000F08ABD08B50BF076FF0A224E
:10B4C0000023E5F797FE08BD37B505461C469DF8F5
:10B4D0001C30009300F6A8109DF8183000F03FFDD6
:10B4E000A5F8684A34B14FF47A735C43C5F88C49C7
:10B4F00003B030BD43F69824F8E700F6A81000F03A
:10B50000ADBEBFF35B8F50E8003F40E80012002A59
:10B51000F9D1BFF35B8F70472DE9F84300F506675B
:10B5200006463846FFF7A2FF044606F65C00FFF722
:10B530009DFFE4B2A042884623D04FF48373634357
:10B5400006EB030992B2B9F82C51954228BF154673
:10B550002C33F1182A4640460EF027FBB9F92E018C
:10B56000E5F782FB706299F93001E5F77DFB611C1C
:10B57000B06201F007013846FFF7C3FF2846BDE877
:10B58000F8830020FBE7BFF35B8F50E8003F0133F7
:10B5900040E80032002AF8D1BFF35B8F704708B54E
:10B5A00000F1200203460021BFF35B8F52E8000F39
:10B5B000012804D142E8001CBCF1000FF6D1BFF312
:10B5C0005B8F0CBF0120084604D103F6A830FFF7BB
:10B5D000DAFF012008BD2DE9F047099C9DF9208084
:10B5E0001E4631B92AB904F6AC30BDE8F047FFF782
:10B5F000CABF04F65C094846FFF738FFC5B204F538
:10B600000660FFF733FF6F1C07F00707C0B28742E1
:10B610000BD104F6AC30FFF7B6FFD4F8DC3A73B3C5
:10B62000D4F8E00ABDE8F04718474FF483735D4350
:10B63000B2F5807F28BF4FF4807205F12C002544BD
:10B64000924620440EF0B1FA39464846A5F82CA19E
:10B65000A5F82E6185F83081FFF753FF3046E5F7F6
:10B6600003FB60624046E5F7FFFAA06204F6A430EF
:10B67000FFF789FF60690368DB699847CDE7BDE89C
:10B68000F08710B5044600F0B1FD38B994F8AC303D
:10B6900023B12046BDE8104000F056BD10BDC06883
:10B6A000836800229B691146184783685B680BB169
:10B6B000C06818476FF04F00704783681B690BB173
:10B6C000C0681847704783689B6B0BB1C068184708
:10B6D0001846704790F8CD3A13B190F8D80A7047E1
:10B6E000036993F87400704790F8CD3A13B190F85D
:10B6F000D90A7047036993F87500704708B5FFF7DA
:10B70000E9FF08288CBF1020202008BD12207047B8
:10B71000036993F94C006FF008039842B8BF1846CC
:10B720001628A8BF1620704708B5C06883681B6834
:10B730009847C043C00F08BD70B5044686B00A469E
:10B7400001A9E8F70FFC94F8CC2AEAB1D4F8B83A8A
:10B750000199994218D1D4F8BC3A0299994213D16F
:10B76000D4F8C01A039B4B4033F07F430CD1D4F87C
:10B77000C41A049B4B4033F07F4305D19DF814104D
:10B7800094F8C83A994230D0A3681B787BBB72B357
:10B79000D4F8B83A019A9A4229D1D4F8BC3A029A1C
:10B7A0009A4224D1D4F8C02A039B534033F07F43FC
:10B7B0001DD1D4F8C42A049B534023F07F4323F0C7
:10B7C000FF03A3B99DF8142094F8C83A9A420ED109
:10B7D0009DF8102094F8C43A9A4208D001AD0FCDDC
:10B7E00004F6B8240FC42B68236006B070BD01A90D
:10B7F0002046FFF799FF50B101AD0FCD04F6B826F2
:10B800000FC62B683360012384F8CC3AEDE784F847
:10B81000CC0AEAE70021FFF78FBF0121FFF78CBFB9
:10B820002DE9F04304468BB000F6883900F11C0680
:10B830004FF0FF324FF0FF334846F8F78BFA3046AF
:10B84000FFF714FE0028F3D01022002105A80127DD
:10B8500004F664150EF0D0F98DF82170099502AA4E
:10B8600001A928460BF0F8FEDDF80480B8F1000FBE
:10B870000BD028460BF0EDFE029B002B12DB394665
:10B8800004F12000FFF73DFE0CE02046E8F722FB24
:10B890000A23A0FB0323394605A8F9F7EDFA10F1B6
:10B8A0000B0F12D1606903689B6998472046E8F73F
:10B8B000B7FC00213046FFF724FED4F8E43A002B11
:10B8C000B6D0D4F8E80A9847B2E788B9089B03F4E1
:10B8D000FE13B3F5804F0BD1CDE9030003AA04A9F1
:10B8E00028460BF0B9FE28460BF0B3FE039BC4E7D5
:10B8F00028460BF0AEFED5E710B503690446A3B1A8
:10B90000E8F708FBE0680BF009FA70B12046E8F7A9
:10B9100087FC94F8791A2046FFF7CFFEA368DB6C0A
:10B920001BB1E068BDE81040184710BD10B50446D3
:10B93000FFF7B5FE002104F11800FFF7E2FD04F661
:10B94000A81084F8CC1A00F041FB2046BDE8104056
:10B95000E8F766BC10B50446FFF7A1FE04F1180035
:10B960000021FFF7CEFD84F8CC1A2046BDE8104038
:10B97000E8F756BC2DE9F0410546806884680F461B
:10B980001646984684B1E868A446BDE8F041604791
:10B9900014B140460BF093F92846FFF786FE27F8CE
:10B9A0001400803003D00134A642F1DC3446204636
:10B9B000BDE8F08138B505460C4611B9D0F87C4990
:10B9C00054B12846FFF771FED5F874391C44A042E3
:10B9D000D4BF0020012038BD2046FCE710B5044646
:10B9E0001830FFF743FD08B9002010BD04F11C001A
:10B9F000FFF73CFD0028F7D1A368DB682BB9204690
:10BA00000021BDE81040FFF7D5BFE0689847002847
:10BA1000F5D0EAE7B2F5807F2DE9F84F0446894674
:10BA200016464DDCFFF710FD0746002848D020469B
:10BA3000FFF7D4FF0546002842D1BFF35B8F04F126
:10BA40001C0A01235AE8002F002A03D14AE80031DA
:10BA50000029F7D1BFF35B8F32D1294604F12000D2
:10BA6000FFF74FFD606903685B699847FFF724FDA6
:10BA700004F66408C4F8B40A2046FFF7CEFE49462F
:10BA8000324640460EF091F804F66419A4F8A26B11
:10BA900048460BF0DEFDE06883683246D3F810B00C
:10BAA00041464B46D84700280EDA606903689B6917
:10BAB000984750462946FFF724FD2046E8F7B0FB9B
:10BAC00000273846BDE8F88F294604F11800FFF733
:10BAD00018FD04F68830F8F705F9F2E72DE9FF477D
:10BAE0000446C0F87C19FFF7E7FC04F5186A002348
:10BAF00084F89339D4F88029DAF804300D4652EAF4
:10BB00000301064603D0964275EB03030FDB94F85E
:10BB10008839012B0ED9002384F88839D4F88C3960
:10BB20009B1945F10005C4F88039CAF8045004B0E7
:10BB3000BDE8F087013384F8883941F28833F3187F
:10BB400045F10002C4F8803904F11800CAF8042055
:10BB5000FFF78CFC0028EAD004F11C00FFF786FCFC
:10BB60000028E4D12046FFF76FFC804628B9D4F8BE
:10BB70009C3A0133C4F89C3AD9E72046FFF72EFFE0
:10BB800007460028D3D12046E8F752FA814609F04B
:10BB9000F6FF09F0F4FF0A23B9FBF3F292B2012A8F
:10BBA00038BF012202F2A733B3FBF2F3D4F8942991
:10BBB000801A3022B0FBF2F0B0EB031FB7D308229B
:10BBC00069462046FFF7D6FE002805DAD4F8983AF1
:10BBD0000133C4F8983AAAE7D4F8901A0728014428
:10BBE000C4F8901A05DCD4F8943A0133C4F8943AB6
:10BBF000ECE7D4F88C399B1945F10005C4F880397D
:10BC00006A46CAF80450384684F8887932F9026FD7
:10BC10000346154635F902CC664503DA013B25F8A3
:10BC200002C9F7D204AD05EB43030130072823F81E
:10BC30000E6CEBD1BDF90EE0BDF900C0D4F89C0943
:10BC4000BDF90820BDF90630E645AEEB0C0606440A
:10BC5000134408BFD4F8A009D4F89829C4F89C6903
:10BC600002F1010208BF013003EBD37308BFC4F82F
:10BC7000A009B2F5005F4FEA6305C4F8982943F3C1
:10BC80004F031CD35208C4F89829D4F8A0295208AD
:10BC9000C4F8A029D4F8942A5208C4F8942AD4F8F5
:10BCA000982A5208C4F8982AD4F89C2A7608490899
:10BCB0005208C4F89C69C4F8901AC4F89C2AD4F8B5
:10BCC0007469A4F890393EB106F107084545CCBF28
:10BCD0004FF000084FF00108012284F89329B4F9CD
:10BCE0008C2A84F892899A4231D194F88E3AFF2BAB
:10BCF00002D0013384F88E3A2046E8F799F90A23F6
:10BD0000B0FBF3F39BB23E2B66D040F2752290421B
:10BD10002AD8142B63D0D1281DD80A2B62D00F2B20
:10BD200063D0072B14BF6FF07A036FF08603002EE9
:10BD300070D1AB42B8BF2B466FF031029342D4BFF3
:10BD4000C4F87439C4F8742984F87869EFE6A4F863
:10BD50008C3A0023CEE71F2B4AD0292B14BF6FF05B
:10BD60007A036FF07F03E2E7B3F5CB7F43D040F671
:10BD7000E572904216D8FA2B40D040F6CD12904290
:10BD800008D8C82B3DD0CB2B14BF6FF07A036FF0CF
:10BD90007803CCE7B3F5C87F14BF6FF07A036FF078
:10BDA0007503C4E7B3F54B7F2ED041F6C1729042C4
:10BDB0000AD8B3F5FA7F2AD0B3F5487F14BF6FF0E5
:10BDC0007A036FF07203B2E7B3F57A7F14BF6FF0B6
:10BDD0007A036FF07103AAE76FF07D03A7E76FF0B6
:10BDE0008203A4E76FF08503A1E76FF083039EE76A
:10BDF0006FF080039BE76FF0750398E76FF07703B0
:10BE000095E76FF0780392E76FF072038FE76FF0BA
:10BE100074038CE794F87829072A82BF02F00F0791
:10BE2000B7FA87F77F09511C072A84F8781905D9D2
:10BE300027B906F10D0295423FF779AEAD1B002DF3
:10BE4000CCBF04226FF00302AD1848BF073506EBE4
:10BE5000E5069E42B8BF1E466FF031039E42D4BF36
:10BE6000C4F87469C4F8743961E638B500F118058E
:10BE7000044680F8781A2846FFF7F8FA58B12046A9
:10BE8000FFF70DFC28460021FFF73BFB2046BDE8ED
:10BE90003840E8F7C5B938BD08B503468068006981
:10BEA00038B183F8791A03F11800FFF7DFFA08B9FF
:10BEB000012008BD1846FFF700FCF9E783685B69BD
:10BEC0000BB1C06818471846704708B583681B6DEA
:10BED00023B1C0689847C043C00F08BD1846FCE7AF
:10BEE00010B58023016080F8B230002100230022C9
:10BEF000C0E92E230446C0F8AC10A0F8B010A82268
:10BF000004300DF079FE204610BD38B505460068B6
:10BF100003681B6898470446286803685B6898476D
:10BF200034B128B1E31F834202DC001B40B238BDAC
:10BF30006FF00700FBE738B50546006803681B682B
:10BF400098470446286803689B6898472CB120B13D
:10BF5000001B0B2801DC40B238BD0C20FCE72DE9AA
:10BF6000F047054698469DF820600F469146FFF73A
:10BF7000CCFF04462846FFF7DEFF824628680368A8
:10BF80001B6898474EB140B1B0421FBF09EB060293
:10BF9000121A02F307024FFA82F94C45B8BF4C4619
:10BFA00061B25145A8BF5146286885F8AC7049B2C6
:10BFB00085F8AD1085F8B080036895F8AF20DB6890
:10BFC0000AB195F9AE10BDE8F047184710B5A822A0
:10BFD0000446002104300DF00FFE002384F8B13038
:10BFE000802384F8B23000220023C4E92E2310BD40
:10BFF00000F1A80283885B088380C3885B08C38044
:10C0000003895B08038143895B08438108309042C0
:10C01000F0D1704738B590F8B13090F8AC2090F975
:10C02000AD400133DBB2054680F8B1306AB9221D5C
:10C03000D2B2082A07D80922B3FBF2F202EBC202FD
:10C040009B1A043B5CB2204638BD03F00303012B6E
:10C0500009D0032B0AD02846FFF757FFA04207DD7F
:10C0600095F9AD40EFE7013C64B2F4E70134FBE73A
:10C070002846FFF760FFA042F2DBE4E710B500EBD3
:10C08000C1011446B1F844204FF6EF739A4201D92A
:10C09000FFF7AEFFB1F844300133A1F8443024B1CA
:10C0A000B1F846300133A1F8463010BD90F9B230F6
:10C0B00001294FEAC303034408D1B3F84A200132EF
:10C0C000A3F84A20802380F8B2307047022905D1B6
:10C0D000B3F848200132A3F84820F3E7B3F844202E
:10C0E00012B1013AA3F84420B3F84620002AE9D05F
:10C0F000013AA3F84620E5E714290BD800EBC1006C
:10C100008388772B06D900894FF47A725043B0FBAD
:10C11000F3F070474FF0FF30704714290BD800EB55
:10C12000C1008388772B06D9C0884FF47A725043B8
:10C13000B0FBF3F070474FF0FF30704780F8AD1060
:10C1400000680368DB6818472DE9F84F90F9ADA047
:10C150000AF108010446FFF7CFFF411C054643D012
:10C160000AF109012046FFF7C7FF0AF1070B5946FC
:10C1700007462046FFF7C0FF0646204694F8B080E9
:10C18000FFF7D9FE824594F9AD900CDA7A1C0AD0FB
:10C19000EF1B312F07DD09F10101204649B2BDE84F
:10C1A000F84FFFF7CBBFB8F1000F1BD05946204620
:10C1B000FFF7B3FF08EB4808B0EB480FD4BF0127E7
:10C1C00000272046FFF7A1FE48450DDA731C0BD06F
:10C1D000761B312E08DC322D06DC2FB194F8AD1021
:10C1E0000139DAE70127ECE7BDE8F88F38B50446F6
:10C1F00090F9AD50FFF79FFE85422ADA94F9AD1011
:10C2000001F10803142B24D804EBC103B3F8442034
:10C21000FAB1B3F8463094F8B0504FF47A70434313
:10C22000B3FBF2F3B3F5617F28BF132A8CBF012063
:10C23000002085B1772A0ED920B905EB8505B3EB2F
:10C24000450F05DD0131204649B2FFF777FF012098
:10C2500038BD0020FCE70028F4D1F9E770B590F86C
:10C26000AF300446B3B190F9AE6000F1AE052046A0
:10C27000FFF761FE864215DA2B7801332B702068B8
:10C2800094F8AF200368DB684AB194F9AE10984780
:10C29000012070BD90F9AD6000F1AD05E7E794F9BC
:10C2A000AD10F4E70020F4E708B50BF07EF80A22A1
:10C2B0000023E4F79FFF08BD7047E8F70DBA70B59B
:10C2C000C0B0044600214FF4807268460DF094FC23
:10C2D0006D46631E00203F34012113F8012FAE5C30
:10C2E0000EB9A9540130A342F7D140B070BD7047D8
:10C2F000704770470020704700207047002070474B
:10C3000070477047202200210DF076BC4FF49670E4
:10C310007047704770470020704708B52022002101
:10C320000DF06AFC002008BD7047002303604360E5
:10C3300083607047704770477047002108B5084612
:10C34000E8F7DCFB00210846E8F7D8FB00210846A7
:10C35000E8F7D4FB00210846E8F7D0FB01210020D4
:10C36000E8F7CCFB01210020E8F7C8FB0121002001
:10C37000E8F7C4FB02210020E8F7C0FB03210020FE
:10C38000E8F7BCFB02210020E8F7B8FB02210020FF
:10C39000E8F7B4FB04210020E8F7B0FB05210020FA
:10C3A000E8F7ACFB05210020E8F7A8FB002008BD5A
:10C3B00070470020704708B5FFF79CFFFFF7BDFFEF
:10C3C000012008BD08B5FFF797FF08BDFFF794BF30
:10C3D0002DE9F84F9DF8287090F8C1509DF830B0C5
:10C3E00090469A4690F8C020EB19013393420446D8
:10C3F0000E463ADA00215046E4F728FE002836D0EF
:10C400000AF100490B98E4F72BFC4946E4F780FC5D
:10C410004FF07C51E4F774FBE4F77CFE8146BBF1FE
:10C42000000F12D000215046E4F710FE68B1032F30
:10C430009FBF0123FA00934003F1FF3388BF4FF001
:10C44000FF3323EA090303F1010904F80580AB1C5B
:10C450000135EDB257FA83F36655E1180022013237
:10C46000D0B2874205D284F8C130BDE8F88FD146FA
:10C47000C8E701F8019D4FEA1929F0E7F0B5044635
:10C4800020B30020235C261803B31A061FD503F13E
:10C490003E02D2B21D2A1CD903F12002D2B20F2AC9
:10C4A00019D903F11002D2B2042A0FD8042200EBEA
:10C4B000020C8C450AD8B6460127BA420DD1032A90
:10C4C0001BD1E02B727812D19F2A14D8F0BD012223
:10C4D000EDE70222EBE70322E9E71EF8015F002DFA
:10C4E000F4D005F0C005802DF0D10137E5E7ED2B44
:10C4F00001D19F2AEAD86046C4E7042AFBD1F02B79
:10C50000727801D18F2AE0E7F42BF4D18F2AF1E77A
:10C51000F8B503780B70427806460C468AB343F0B0
:10C5200010030B708368C1F80130C368C1F805308F
:10C530000925338A33B1237843F020032370338AEB
:10C5400063530235738A33B1237843F04003237079
:10C55000738A63530235706888B103787BB1C5F183
:10C560002001FFF78BFF074648B1237863F07F0374
:10C5700023700246716860190DF017FB3D44E8B264
:10C58000F8BD0125D5E7002370B5C0E9093304469D
:10C590000360C3624AB308782070C30627D5082A0F
:10C5A00023D9D1F801306362D1F80530A3620923A1
:10C5B000860608D5012B0CBF03250B25AA4214D3F0
:10C5C000CD5AA5850233450606D59D1CEEB2B24272
:10C5D0000BD3CB5AE3852B46000604D5D51A1F2D65
:10C5E00007DC002D06DC01236370204670BD0123AB
:10C5F000DEE71F252A461944A01C25440DF0D5FA74
:10C600000023AB70EFE770B504460E4615460021D7
:10C610004FF4C0720DF0F0FA0023C4E96233C4E9AC
:10C620006C33C4E96A3384F89031C4F8943184F8E7
:10C630009831C4F89C3184F8A031C4F8A4310022A8
:10C640000023C4E96E23C4F8806184F8845170BD6E
:10C65000F8B50D46044600F5C077E37D26462BB1BC
:10C660000822294620460DF0DAFA18B11834BC42E7
:10C67000F3D100263046F8BD0B69D21AB2F5616FCE
:10C6800005D3888A012894BF00200120704700202C
:10C6900070472DE9F04FCDB00D46029200219B4628
:10C6A00018229DF858310393824600240DF0A4FA15
:10C6B00005F5C0732946019326460CAF039B5A46E5
:10C6C0002846E8F797FBB8B3CB688A68ABEB03035F
:10C6D0009B184FF0000242EB020C029A9B1A8A7DD3
:10C6E0004FF00F004FF0960E12FB00E26CF1000CC1
:10C6F000B3EB020907EBC40EC8464FF0000047F841
:10C7000034806CEB00090DF11008CEF804904FF066
:10C71000010E08F804E004F1010ED21807EBCE096F
:10C720004FF0FF3340EB0C0008F80E3047F83E2086
:10C730000234C9F804000136019B18319942BDD179
:10C74000F3B203938AF80130002E3BD004ABCDE95D
:10C7500001330CAA01261046B44237DC00221346EE
:10C7600016461146944263D150F8335000EBC30291
:10C770000133546850F8331000EBC30201238AF8E8
:10C780000030039B5268F6B29B1B8AF802606E1859
:10C7900044EB02008AF80330C30F9B1940F10000FC
:10C7A0005B08491B43EAC07362EB04024010CAE90C
:10C7B0000230D30F5B1842F100025B0843EAC273F8
:10C7C000CAF8103050464DB0BDE8F08F029952F8CB
:10C7D000088F11F9013FD2F804E002919C460F4600
:10C7E000731E114651E9029BC8457EEB0B0507DB22
:10C7F000F34508BFC1450DD117F9015C654509DA5C
:10C80000C1E9009B013B17F8019C07F80199A1F1D0
:10C810000801E7D201330CAD0CA945F8338001EBD8
:10C82000C30104ADC1F804E005F803C0013693E785
:10C83000019D15F9017B0195002F394403DD8E42DE
:10C84000BCBF13460E4601328CE70123C0F88C11A1
:10C8500080F89031C0F8941180F898317047012326
:10C86000C0F88C1180F89031C0F8941180F898319C
:10C87000704710B50299C0F89C11012180F8A011F1
:10C88000D0F8AC119DF80C400131C0F8AC1124B1C6
:10C89000D0F8B0110131C0F8B011C0E96E2310BD5D
:10C8A000F8B5D1F8887106460C46AFB19F4217D84B
:10C8B00003F56175C1F88851D1F8A4510135C1F86B
:10C8C000A451E8F74FFB3378012B02BFD4F8A8310D
:10C8D0000133C4F8A83108E003F56175C1F8885147
:10C8E0003022002130460DF087F93046F8BD2DE9A1
:10C8F000F04305468FB00E460AF057FD0A2200238A
:10C90000E4F778FC4FF47A720023E4F723FC3368F1
:10C9100007461B68304698473B4602460446294670
:10C9200002A8FFF7BDFF9DF80830022B0CD195F847
:10C930008431DDE904985BB1B8F1000F08DAD5F86D
:10C94000B4310133C5F8B43100200FB0BDE8F08335
:10C9500014EB090148F100036FF001004A1E43F196
:10C96000FF3390424FF000029A41EDD333683046D6
:10C970005B6898470520F0F79BFA9DF81830284629
:10C98000CDE900734A464346FFF773FF0120DCE719
:10C9900010B50A460446E8F7D5FA30B1D4F88C0150
:10C9A000C2F5132101F52861084410BD7047BFF39B
:10C9B0005B8F50E8003F40E80012002AF9D1BFF336
:10C9C0005B8F70477047002070470020704710B59C
:10C9D0000C46D1E9001205F0B8FE031E04DB6068C6
:10C9E000C31A5842584110BD0020FCE713B500237C
:10C9F000CDE90033044601A96846F1F779FA10B190
:10CA0000002002B010BD01980028F4D02146E4F7C0
:10CA10000BFC0028EFD10120F3E700B5C3B0694655
:10CA200005F026FFB0FA80F0400943B05DF804FB42
:10CA300010B50446FFF7F1FF30B1204605F0B5FE12
:10CA4000B0FA80F0400910BD0120FCE77FB50C462C
:10CA5000164601461D460122002301A8CDE90133F7
:10CA60008DF80C3005F0F5FD002802DA002004B046
:10CA700070BD2146324601A805F05BFE044601A8C0
:10CA800005F045FE002CF1DB2C600120EFE7F8B546
:10CA900005460E4617460024BC4207D02B68315D80
:10CAA0009B682846984708B10134F5E72046F8BD51
:10CAB00070470020704707B503688DF80710DB68E2
:10CAC00001220DF10701984703B05DF804FB002037
:10CAD00070474FF0FF3070474FF0FF30704770479E
:10CAE000F8B5054616460C468F18BC4202D095F89C
:10CAF00058300BB93046F8BD2B6814F8011B9B6801
:10CB000028469847F1E7002070474FF0FF30704704
:10CB10004FF0FF3070477047704738B505464068A2
:10CB2000144605F012FE031E01DBA34203D00022CF
:10CB30002A7223EAE374204638BD10B55421044616
:10CB400005F00FFA204610BD10B50C21044605F083
:10CB500008FA204610BD10B55C21044605F001FA24
:10CB6000204610BD38B5D0E912329A42044611D39E
:10CB700090F8505055B900F108014022406805F086
:10CB8000D8FD002804DC012384F85030002038BD93
:10CB9000C4E912050120FAE710B50446FFF7E2FFE9
:10CBA00018B1E36C1C44207A10BD4FF0FF30FBE756
:10CBB00010B50446FFF7D6FF28B1E36C5A1CE264B7
:10CBC0001C44207A10BD4FF0FF30FBE738B590F8D9
:10CBD000583004460D463BB10430FFF7E9FFA84248
:10CBE0001CBF002384F85830012038BD10B504461E
:10CBF000FFF7B8FF10B1D4E91203C01A10BD70B529
:10CC000004460846A36861689E188E42154603D8FC
:10CC1000216819440CF0C9FFA3682B44A36070BDC0
:10CC20008079704700238371704703689B681847B9
:10CC300070B505460C46084649B1E4F707FB2B687A
:10CC4000024621462846DB68BDE87040184770BDA3
:10CC500008B5FFF7EDFF08BD10B5C279044652B123
:10CC60000023C371A379072B66D8DFE803F01321F3
:10CC70004B9E7CB21C1A006803681B69984708B970
:10CC8000002010BD206803685B699847021EF7DB2F
:10CC9000D2B2E7E77B2A40F0A2800123A3710320F0
:10CCA000EFE77D2A0AD02C2A02D10123A37115E0D7
:10CCB000617929B97D2A0DD10723A3710420E0E70A
:10CCC0003A2A0DD1214400230B7263710223A37110
:10CCD0000120D6E71046E9F7A3FF18B10520D0E7F9
:10CCE0000E2929D822F02003413B192B05D9A2F1A6
:10CCF0003003092B01D95F2A1ED14B1C21446371DB
:10CD00000A72EBE7617951B91046E9F789FF00280B
:10CD1000E4D1222A01D10323C8E77B2ABDD0A2F1A6
:10CD20003003092B0BD9A2F16103192B07D9A2F10A
:10CD30002D03012B03D949B94FF0FF30A1E77E291C
:10CD4000DBD91046E9F76CFF20B9F5E72C2A01D0B2
:10CD50007D2AF6D121440023E2710B726371052311
:10CD6000A37102208DE76E2A08D163797E2BE3D868
:10CD70005A1C627123440A221A72CCE7722A07D124
:10CD800063797E2BD8D85A1C627123440D22F3E7B5
:10CD9000222A03D05C2A01D02F2ACDD163797E2BA1
:10CDA000CAD8591C61712344E6E7222A05D1637968
:10CDB000234400221A726271D1E75C2A01D1042354
:10CDC00074E763797E2BB7D8591C234461711A72BA
:10CDD00084E72C2A3FF469AF7D2A3FF46DAF1046FB
:10CDE000E9F71EFF00287FF479AFA5E7F0B5C5B0DD
:10CDF00001AE00240125074686F80851746034729C
:10CE0000866031603046FFF727FF031E0BDC0CB94C
:10CE1000013302D1002386F8083196F80801002377
:10CE2000BB6045B0F0BD013B032BEBD8DFE803F05E
:10CE3000020A101506EB041303A903F18800E4F7B6
:10CE4000FDF9DFE73B687D711B6838469847D9E7F5
:10CE5000062CDFD80134E4B2D4E7002CDAD0013C50
:10CE6000F9E700207047F0B50346A1B11D6842798B
:10CE7000B1FBF2F12A888A4288B22DD91B7903F1DD
:10CE80000042013A35F81220824204D20124AF1E3A
:10CE9000E2B2934201D800201BE0621C37F8126016
:10CEA000864217D8881B5A1E6423B3FBF2F148430D
:10CEB00004F10041013914FB03F335F81110B3FB01
:10CEC000F2F3891BC3F1640389B2B0FBF1F018449B
:10CED000C0B2F0BD1446DBE76420FAE77047704744
:10CEE00070470120704738B50123037100F1080530
:10CEF00000F12804A54200D138BD686810B103686C
:10CF00001B6898470835F5E738B50023037100F131
:10CF1000080500F12804A54200D138BD686810B1A9
:10CF200003685B6898470835F5E70079704738B5BE
:10CF300003790BB9002038BD00F1080500F1280481
:10CF4000A542F7D0686808B90835F9E70368DB68D7
:10CF500098470028F8D0EEE738B500F1080500F151
:10CF60002804A54200D138BD686810B103681B6968
:10CF700098470835F5E770B503790BB9002070BD07
:10CF800000F1080600F12805AE42F7D074680CB92C
:10CF90000836F9E7236820469B6898470028F7D0B1
:10CFA000236820465B6998470028F1D0E7E72DE920
:10CFB000F84F07798A46144607B11AB9002420466B
:10CFC000BDE8F88F00F1080800F128064FF0000BCB
:10CFD000B04505D1002FF1D0BBF1000FEED0EEE748
:10CFE000D8F80450B5B12B6828469B68984788B19B
:10CFF0002B682846DB689847814658B12B68224643
:10D000009B69514628469847CB46A04214BF00274B
:10D0100007F0010708F10808DAE7F8B503790F46C9
:10D020000BB90020F8BD00F1080600F12805AE425A
:10D03000F7D074680CB90836F9E7236820469B6876
:10D0400098470028F7D023683946DB69204698477F
:10D050000028F0D0E6E7406803681B68184740687E
:10D0600003685B681847406803689B681847406816
:10D070000368DB681847406803681B691847038921
:10D080001BB9406803685B69184701207047704707
:10D09000704700207047704770474FF07C507047D2
:10D0A00070474FF496707047806803681146D3F854
:10D0B000F430184770477047836803F50053D3F87E
:10D0C0009C360BB9C36918470020704770477047FA
:10D0D00070477047806800F506707047C2689368B3
:10D0E0001B6A0BB1D06818471846704770478068B4
:10D0F00000F50D50704770478168406801F5BD51DB
:10D100000831EBF7BDBA38B5044680680D46602299
:10D1100000F506700CF049FD60682946BDE838400E
:10D12000EBF77EBAEFF798BEC068FEF7B5BEC068F1
:10D13000FEF7C4BEC068FEF7C8BEEFF7B1BA531E13
:10D14000AF2B70B505460E46144602D90024204682
:10D1500070BD0389002BF9D140680368DB689847EC
:10D160000028F3D06868036822469B6931469847D7
:10D17000A042ECD096F90030002BE7DB2246314686
:10D1800005F10A000CF011FD2C81E0E7084611467C
:10D19000EFF7EAB90846EFF769BA04F0B6BE13B57F
:10D1A000044608466946FDF7BBFED4F804256B46E5
:10D1B00003CB04EBC20291605060D4F80435A02286
:10D1C000013393FBF2F102FB1133C4F8043502B0D2
:10D1D00010BD37B5044608466946FDF7A1FE251D7A
:10D1E00004F204540822294668460CF018FD18B9C8
:10D1F0002860686003B030BD0835A542F2D1F9E778
:10D20000C06800F6A810FEF7E1BE406800F07FB9E4
:10D210000420EAF7F1B82020EAF7EEB80220EAF796
:10D22000EBB80120EAF7E8B81020EAF7E5B84FF4C8
:10D230000070EAF7E1B80820EAF7DEB808B54FF465
:10D240008060EAF7D9F8BDE808402020EAF7D4B8B2
:10D2500003891BB940680368DB69184700207047E1
:10D26000F7B50E46044669463046FDF759FE251DC2
:10D2700004F204570822294668460CF0D0FC98B9FD
:10D28000337803F00303023B012B07D9D4F80C35A4
:10D290000133C4F80C35012003B0F0BDD4F80835D3
:10D2A0000133C4F80835F6E70835BD42E2D1002065
:10D2B000F2E7C06883689B6D0BB1C06818471846D9
:10D2C000704783685B6A0BB1C0681847704708B540
:10D2D000C068FFF7F6FF08BD38B5C368BFF35B8FC2
:10D2E000044603F6A431002251E8000F41E800256E
:10D2F000002DF9D1BFF35B8FBFF35B8F03F6A8312D
:10D3000051E8000F41E80025002DF9D1BFF35B8FF4
:10D31000BFF35B8F03F6AC3151E8000F41E8002505
:10D32000002DF9D1BFF35B8F9A68526D0AB1D868AE
:10D330009047E068FFF7C5FFA3680022C3E90C220D
:10D34000C3E90A22A3F8702038BD37B504468068C7
:10D3500000F5805090F8CC5890F8C43890F9C32864
:10D3600090F8C218019590F8C50800900039E0685F
:10D3700018BF0121FEF7A8F8D4E9023203F5805363
:10D3800092F9552A83F8C328D4E90250FEF76AF8C7
:10D3900005F5805585F8CC0803B030BDC068E6F7C8
:10D3A0000DBC70B5064690B00D4640226946284631
:10D3B00005F0BFF9041E04DCB4FA84F0400910B093
:10D3C00070BD22466946304605F0BFF9A042ECD058
:10D3D0000020F4E7F8B504460E4623686168186833
:10D3E000A268036809685B68984708B90120F8BD1E
:10D3F000A36893F8402022B9626813680133136070
:10D40000EBE7E2681D46114603F1200055F8047B66
:10D4100041F8047B8542F9D102F1200105F1200099
:10D4200055F8047B41F8047B8542F9D193F840100C
:10D4300082F8401093F8411082F84110002182F8E0
:10D440004210D3F89410C2F8431093F8421082F8B7
:10D450004710D3F88410916402F14C0003F14401A9
:10D4600003F1840551F8047B40F8047BA942F9D10B
:10D47000D3F88810C2F88C10D3F88C10C2F8901032
:10D48000D3F89030C2F89430E1689822304605F025
:10D490005CF9982805D1626813680133136022692A
:10D4A000ABE70020A3E70B4601461868FFF792BFE1
:10D4B00038B505460C46D4E900010368A268DB686C
:10D4C0000978984708B9012007E0E1680422284656
:10D4D00005F03BF9042801D0002038BDA1682022C6
:10D4E0002131284605F031F920280246F4D1A168FF
:10D4F0002846013105F029F92028EDD1626813781A
:10D5000001331370D7E7002201600271704738B50C
:10D510000546EAF7DDFF044610B12846EAF7EEFFBC
:10D52000204638BD01207047012070470120704718
:10D530007047002070470020704770477047704761
:10D54000002070470020704700207047F0B500F5BC
:10D5500080530246D3F8D8500023184602F51E76B1
:10D56000B8279D4201DD182800D1F0BD07FB03F468
:10D5700091F800C0345DA44501BF00F24A4402EBBB
:10D580008404013063600133EBE7F0B402F24A42F5
:10D5900000EB82029DF8145054689DF818609DF8C5
:10D5A0002070002C16DB00F58052D2F8D820A24261
:10D5B00010DD03680897CDE90556B822D3F8AC50C2
:10D5C0000B7902FB0404AC4601F10A0204F51E715A
:10D5D000F0BC60470020F0BC7047F0B4052A0E464E
:10D5E000DDE9044519460FD1042D20D923799A0885
:10D5F0001DD123686255053402680494D2F8CC40EA
:10D600003246A446F0BC6047062A10D1022D0ED93E
:10D61000A278033DAA420AD834F8033B0568CDE955
:10D620000442D5F8D0403246A446F0BC6047F0BC76
:10D63000704711461A460123FDF72CBB2DE9F04136
:10D640000D46044606999DF81C309DF82080099FE0
:10D650009DF82860402205F14400FDF73CFC85F868
:10D660004200A06F03681B689847C5F888002368CC
:10D670002946D3F8A83020469847B8F1030F10D1B7
:10D68000032E0BD923683946D3F8A4302046984797
:10D6900020B104F580540023C4F88C310120BDE88A
:10D6A000F081B8F1010FF9D1002EF7D023683A4686
:10D6B000D3F8D880294633462046C047EEE70023FA
:10D6C000CA5C1AB1C25401331F2BF9D10022C254D3
:10D6D0007047C0F3400080F0010000F00100704787
:10D6E00037B5036801920D46D3F8A43001A904466A
:10D6F000984730B104F580540023C4F88C31FF23DF
:10D700002B7003B030BD10B5036804461B68984702
:10D710006368834228BF581C606010BD08B5202292
:10D720000CF07DFAB0FA80F0400908BD38B5044627
:10D7300004F1980594F84330084633B92246294647
:10D74000FCF7F2FE012384F84330284638BD10B5BB
:10D7500002F24A4200EB82020C465368002B17DBB0
:10D7600000F58052D2F8D8209A4211DDB82202FB8F
:10D77000030300F5067103F51E70FFF7D7FF21467E
:10D7800000F1200350F8042B41F8042B9842F9D102
:10D7900010BDF0B50C4685B000F506710546204673
:10D7A00016461F46FFF7C2FF0023CDE90233CDE93D
:10D7B00000730246214633462846FDF7D3F801465A
:10D7C00048B140F6B833009394F8423004F1440273
:10D7D0002846FDF7D1FA05B0F0BD10B501238EB093
:10D7E000CDE901310446002306A901A8CDE90333A0
:10D7F0000593FEF78DFE06AA034604F50671204642
:10D80000FDF701F80EB010BD2DE9F3411F4691F868
:10D810004230FF2B04460D46164610D13A4631469B
:10D82000FDF72FF9024640B32368D3F8E06029469C
:10D83000C8232046B44602B0BDE8F0416047036803
:10D840001B6D984730B3314601233A462046FDF719
:10D8500029F90146A0B94FF4FA7831463A462046F4
:10D86000FDF70FF9014640B1CDF8008095F8423040
:10D8700005F144022046FDF77FFA02B0BDE8F081D1
:10D88000C823009395F8423005F144022046FDF785
:10D8900073FAE0E74FF0C808DFE72DE9F04F03F235
:10D8A0004A4300EB8303AFB0D3F80490B9F1000F03
:10D8B0000F46DDE938A63A990446C0F2BB8000F570
:10D8C0008053D3F8D8304B4540F3B4804FF0B808BC
:10D8D00008FB09F808F51E75022A054440F0F2809D
:10D8E000052940F2A7803279D6F800B000209208CE
:10D8F0007054032A00F29E80DFE802F00252A96011
:10D90000A06F026812689047B82202FB094206F134
:10D910000508C2F800032268CDF80080D2F8B09064
:10D920005B463A4629462046C8474046E3F78EFC08
:10D93000804620230DF11009B044CDE90053324652
:10D94000431D04214846E5F7EFFE98F80630606F66
:10D950008DF81430036801221B680DF115019847FA
:10D960003878FFF7B6FE0623A0B1CDE90293032372
:10D9700001933B790093524607F10A03294620465A
:10D98000FCF7F0FF0246002854D02368D3F8E0608B
:10D99000C8234CE04A4629462046FFF735FF49E0B8
:10D9A000226805363896D2F8B4605B463A46294676
:10D9B0002046B4462FB0BDE8F04F604722688DF88E
:10D9C00015000DF11503053601930096D2F8B860E5
:10D9D0005B463A4629462046B0470DF11500E3F76D
:10D9E00035FC064630B3A06FFFF78DFE0423584583
:10D9F00008BF0BF101008DF81430053604AB04901C
:10DA000000930221019653462A462046FCF7BEFFAA
:10DA1000014678B1B82303FB094393F8BA32FF2BD0
:10DA20000BD123680246D3F8E0604FF41673294601
:10DA30002046B0472FB0BDE8F08F08F52F724FF4A5
:10DA40001670009022442046FDF796F9F2E7B822BE
:10DA500002FB094206F10908D2F80C13594538BFF8
:10DA6000C2F80CB3A06F026812689047B82202FB9C
:10DA70000949711DC9F800032268CDF8048000919E
:10DA80005B462946D2F8BC9020463A46C8474046F5
:10DA9000E3F7DCFB202301930DF1100804F5067376
:10DAA0000093324600F1090304214046E5F73CFEAD
:10DAB0003878FFF70EFE042310B1CDE9028356E754
:10DAC000424668E7002A58D10429B3D933460439BD
:10DAD000066853F8042B00F59D59C9B20091CDF8A2
:10DAE0000490D6F8D4602946B04703460028A1D058
:10DAF0003878FFF7EEFDD8B1CDE902930123019309
:10DB00003B790093524607F10A0329462046FCF769
:10DB100029FF024600288DD02368D3F8E0604FF437
:10DB2000967329462046B4462FB0BDE8F04F6047B3
:10DB3000CDE90093012153462A462046FCF726FFF3
:10DB4000014600283FF476AF04EB080393F8BA329D
:10DB5000FF2B0BD008F52F724FF4967038902244AB
:10DB600020462FB0BDE8F04FFDF706B92368024606
:10DB7000D3F8E0604FF49673D3E7012A7FF45AAFED
:10DB800000293FF457AF03683246D3F8D890CBB2A0
:10DB90002946C8473878FFF79CFD00283FF44AAF74
:10DBA000A04498F8BA32FF2B3FF444AF2368D3F86F
:10DBB000DC603B7907F10A0229462046B4462FB0C3
:10DBC000BDE8F04F6047F8B500F580570E1ED7F856
:10DBD000D8400CBF0C2314239C42054609DA631C71
:10DBE000C7F8D830B82303FB040404F51E7420469C
:10DBF000F8BDC6B14FF0FF31D7F8D8702A460020E3
:10DC00000B46B84217DB002B13DBB82202FB035391
:10DC100003F51E74002EEAD12B682146D3F89C3000
:10DC200028469847E3E70368D3F8943098470028DC
:10DC3000E0D10024DBE74EB192F8B8421CB9D2F82B
:10DC400000438C4212D30130B832DAE792F8B9427D
:10DC5000E407F8D4D2F80043A142F4D992F8B8C24C
:10DC6000BCF1000F1CBF21460346ECE721460346EA
:10DC7000E9E7F0B5AFB00C4615460021B8220746DB
:10DC800068461E460BF0B8FF6846FCF718FBB82242
:10DC9000694620460BF089FF2A4602F1200C2546F2
:10DCA000106851682B4603C3083262451D46F7D100
:10DCB000FF2384F84230B11C04F12000FFF7FFFC81
:10DCC000337803F00F0384F840303378DB0641BF2C
:10DCD000736AC4F88C30B36AC4F89030349BC4F8CB
:10DCE0008430B86F03681B689847C4F888002FB069
:10DCF000F0BD2DE9F04F90460A781F4602F003026E
:10DD00000923D340DA07BFB004460E4603D5CB88BB
:10DD10000BB90B894BB122683379D2F8E85003F084
:10DD20003F033A4641462046A8479DF8242148999A
:10DD300004A8FEF728FC9DF81130002B5ED09DF85A
:10DD40001230002B5AD004F580534FF00009D3F85D
:10DD5000D8A004F51E73CA4541DC002596F800A042
:10DD60002AF0030343F0010304F59D5B3370594629
:10DD70003046FDF7F9F8B146039009F80AAB7DB1DA
:10DD800095F84010002976D1B82210A80BF034FF86
:10DD900010A8FCF794FAB82210A928460BF005FF4A
:10DDA0009DF81010236801F00F01D3F88C30204645
:10DDB000984748BB10A8FCF782FA04AB424610A96A
:10DDC00020460097FFF755FF2368CDF80090D3F861
:10DDD000A0503379012210A92046A8470EE0194629
:10DDE00040461D46FFF79AFC05F1B80348B1B82339
:10DDF00003FB0949D9F8FC32BB42AFD33FB0BDE8C1
:10DE0000F08F09F10109A6E723682046D3F898307E
:10DE1000984720B1337903F03F038342CAD20021EF
:10DE20002046FFF7D0FE0546C8B910A8FCF747FA10
:10DE300004AB424610A920460097FFF71AFF23685B
:10DE4000CDF80090D3F8A05033792046012210A9D4
:10DE5000A84723682046D3F890309847CEE704AB14
:10DE60000146009742462046FFF703FF0023C5F80E
:10DE7000943085F843302368039A0092D3F8F0A0D9
:10DE800020225B4641462046D0470DF1120105F1A4
:10DE90002000FFF714FC9DF81030C5F8847003F0E3
:10DEA0000F02DB0642BF0D9BC5F88C300E9B85F838
:10DEB000402048BFC5F89030A06F03681B689847A2
:10DEC000C5F888002368CDF80090D3F8A0703379A6
:10DED000002229462046B84790E72DE9F047ACB02C
:10DEE0000746DDF8D0A05046884615461E46E3F7A3
:10DEF000ADF9A02804463BD8032E01D99E2837D877
:10DF000006F003035146621C0DF10D0002958DF8D9
:10DF10000C300DF108090BF048FE651D202307F5B4
:10DF2000067ACDE900A335982B464A460421E5F749
:10DF3000FBFB032E0DD905F1B0030DEB0305002308
:10DF400005F8A83C04F1B003E51D0DEB030404F84B
:10DF5000A26C51464046FFF7E9FBCDE90095034628
:10DF6000424602213846FCF711FD2CB0BDE8F0878F
:10DF70000020FAE72DE9F347DDE90B5901950A9DE9
:10DF8000009504460E46FFF7A8FF054630B3676EBE
:10DF90003B68D3F80880FCF7ADFF01463846C04720
:10DFA00096F84230FF2B074604F5805819D12368B4
:10DFB0002A46D3F8E0A0314600232046D047236804
:10DFC0003946D3F8C030204698470146C9F80000CA
:10DFD0002046FBF7A1FEC8F88C01012002B0BDE885
:10DFE000F08700220092294606F144022046FCF701
:10DFF000C3FE236896F84220D3F8C4303946204641
:10E0000098470146C9F800002046FBF785FEC8F88E
:10E010008C010220E2E72DE9F047ACB0DDE935984C
:10E02000044648460D4692461F46E3F70FF9A028DE
:10E03000064603D900202CB0BDE8F0879DF8D0300B
:10E04000CDF808A007F0030747EA8307421C4946BA
:10E050000DF10D008DF80C700BF0A7FD04F50671A5
:10E060002846FFF763FB053602AA03460196009295
:10E0700002212A462046FCF789FC06460028D9D012
:10E08000676E3B68D3F80890FCF734FF01463846CA
:10E09000C84795F84230FF2B074604F5805917D141
:10E0A00023683246D3F8E0A0294600232046D04713
:10E0B00023683946D3F8C030204698470146C8F84F
:10E0C00000002046FBF728FEC9F88C010120B2E7CA
:10E0D00000220092314605F144022046FCF74CFE36
:10E0E000236895F84220D3F8C43039462046984733
:10E0F0000146C8F800002046FBF70EFEC9F88C0167
:10E10000022098E72DE9F041ACB00546349CA52CDF
:10E110000F4690461E4603D900202CB0BDE8F08182
:10E12000BDF8C830ADF808308DF80A402CB13399ED
:10E1300022460DF10B000BF038FD0334062100944C
:10E1400002AB3A462846FCF776FC01460028E3D0AD
:10E15000FF2E09D12B680246D3F8E440394600234C
:10E160002846A0470120D8E70023009342463346C3
:10E170002846FCF701FEF5E7F7B5036800F59D5763
:10E18000D3F8EC5020223B460446A847064610B977
:10E19000002003B0F0BD2046FBF79AFD054600289D
:10E1A000F6D0F2B23946FCF70AFF0023204601AA56
:10E1B00029460193FCF73CFE0120EAE710B513461F
:10E1C0000268D2F8EC402022A047C0B210BDF8B5DA
:10E1D00005460E461746FBF77BFD044610B90026A0
:10E1E0003046F8BD31463A46FCF7E9FE064688B1AE
:10E1F000237803F03C02102A0CD143F00103237072
:10E20000E86F036805F580559B6821469847C5F877
:10E210009C43E5E721462846FBF76EFDDFE72DE945
:10E22000F0430E468BB00446806F1F469046FFF7C2
:10E230006AFA96F840300490032B44D1D6F8943013
:10E2400005934046E3F702F80F280246414688BF8F
:10E250000F2206A815460BF0A8FC083504F5067831
:10E2600041463046FFF762FA04ABCDE90003029560
:10E270003346424607212046FCF7B2FB0546F8B17B
:10E28000D4F86480D8F80030D3F80890FCF732FE58
:10E2900001464046C84796F84230FF2B804620D1C1
:10E2A00023682A46D3F8E090314600232046C84729
:10E2B00023684146D3F8C030204698473860012093
:10E2C0000BB0BDE8F0834046E2F7C0FF0F280246DE
:10E2D00088BF0F221546414605A80BF066FC0435A1
:10E2E000BCE700220092294606F144022046FCF7D2
:10E2F00043FD236896F84220D3F8C43041462046B7
:10E30000984738600220DBE72DE9F043B3B00446BC
:10E31000806FDDF8EC800E4617461D46FFF7F3F9D7
:10E320003A9B049018602A46394605A804F50677FA
:10E330000BF03BFC39463046FFF7F8F9043504ABE7
:10E34000CDE90003029533463A4607212046FCF703
:10E3500047FB0546F0B1676E3B68D3F80890FCF7C1
:10E36000C9FD01463846C84796F84230FF2B07469C
:10E3700013D123682A46D3F8E09031460023204683
:10E38000C84723683946D3F8C03020469847C8F8B4
:10E390000000012033B0BDE8F0830022009229463E
:10E3A00006F144022046FCF7E7FC236896F8422079
:10E3B000D3F8C430394620469847C8F800000220F8
:10E3C000E8E72DE9F043B1B0A82BDDF8E48004467E
:10E3D0000D4617461E4603D9002031B0BDE8F08334
:10E3E000806FFFF790F9389B0290186032463946EB
:10E3F00003A80BF0DAFB04F506712846FFF796F93F
:10E40000043602AA03460196009200212A462046BD
:10E41000FCF7BCFA06460028DED0676E3B68D3F8EE
:10E420000890FCF767FD01463846C84795F842302A
:10E43000FF2B074611D123683246D3F8E0902946D6
:10E4400000232046C84723683946D3F8C030204609
:10E450009847C8F800000120BFE70022009231462B
:10E4600005F144022046FCF787FC236895F842201A
:10E47000D3F8C430394620469847C8F80000022037
:10E48000ABE72DE9F04786B00446806FDDF83890A1
:10E490000E4615461F46FFF736F9386002904FF0DA
:10E4A0000008606F8DF80C50CDF80D8003680422D1
:10E4B0001B680DF11101984704F506713046FFF70E
:10E4C00035F90D22019202AA0346009241463246D6
:10E4D0002046FCF75BFA0546F0B1676E3B68D3F85F
:10E4E00008A0FCF707FD01463846D04796F84230B1
:10E4F000FF2B074613D123682A46D3F8E0A0314604
:10E5000043462046D04723683946D3F8C0302046DA
:10E510009847C9F80000012006B0BDE8F08706F171
:10E52000440229462046CDF80080FCF725FC2368EC
:10E5300096F84220D3F8C430394620469847C9F8A7
:10E5400000000220E8E72DE9F84307460C46904614
:10E5500000F5A55900264FF0FF35D9F8283033B122
:10E5600021464846FFF7DAF810B1354607E0354650
:10E570000136102E09F13009EFD16B1C25D0302364
:10E5800003FB05750FCC05F5A5560FC694E80F00E3
:10E5900086E80F004FF47A7303FB08F141F2C84399
:10E5A0003846E950FBF7B8FB05F5A6530022186082
:10E5B00041F2CC43EA50B86F03681B68984741F2B8
:10E5C000C443E8500120BDE8F8830020FBE7F8B51C
:10E5D00004460F4600F5A556002520223946304650
:10E5E0000BF01DFB78B9302303FB054341F2C84211
:10E5F000985003F5A652106041F2CC42985041F277
:10E60000C4429850F8BD0135102D06F13006E4D112
:10E61000F8E770B50E4600F5A55500F5BD54AB6A98
:10E620002BB12022314628460BF0F9FA20B13035C3
:10E63000A542F4D1002070BD0120FCE7F8B50546E5
:10E640000F4600F5A5540026A36AC3B139462046FB
:10E65000FFF764F898B1A86F03681B6898473024E7
:10E6600004FB065441F2C443E05041F2C84328463B
:10E67000E158FBF751FB04F5A6542060F8BD0136C4
:10E68000102E04F13004DFD1F8E7FF2381F8423087
:10E6900070472DE9F84300F580530E46D3F8D89023
:10E6A000174600F51E740025A94504DC4FF000084C
:10E6B0004046BDE8F88320463A4631460BF0AFFAB3
:10E6C000A046B8340028F3D00135EDE7F8B500F5E1
:10E6D000A65605460F460C36002456F8043C23B3D4
:10E6E0000422394630460BF09AFAF0B930235C43E5
:10E6F0002E1941F2CC4304F5A554F050A86F0368DD
:10E700001B68984741F2C443F05041F2C843284681
:10E71000F158FBF701FB06F5A656291930602022B7
:10E720002846BDE8F840FFF7B4BF0134102C06F1CD
:10E730003006D2D10020F8BD2DE9F04F054687B054
:10E7400000F5A55400F5BD574FF47A784FF0200935
:10E750004FF0020AA36A93B1A86F03681B68984739
:10E76000626AA36AB3FBF8F303EB830302EB530281
:10E7700082420AD80023A3622362E36263623034D8
:10E78000BC42E7D107B0BDE8F08F216A2846FBF70D
:10E79000B7FA0028F3D0202221462846FFF779FF58
:10E7A00006460028EBD090F84230FF2BE7D0A86F48
:10E7B000FEF7A9FF05F5067BD6F89430039003AA6F
:10E7C000CDF811300421092304F12C00CDE900B962
:10E7D0008DF810A0E4F7A8FF59463046FEF7A6FFD3
:10E7E000092103AA034601910092002132462846DE
:10E7F000FCF7CCF8014640B1002296F84230009276
:10E80000284606F14402FCF7B7FAA16A2846FBF74E
:10E8100083FA2062B3E738B50D4691F84010B1FA9B
:10E8200081F14909FFF7CFF9044638B1B8222946EA
:10E830000BF0BBF9002384F84330012038BD2DE9EB
:10E84000F04700F5805A0546DAF8D870894600F599
:10E850001E780024A7421FDD40464946FEF75EFFB2
:10E8600008F1B808064608B90134F3E77B1ECAF878
:10E87000D830B82303FB045403FB0755B834AC422B
:10E8800002D13046BDE8F087B82204F51E7104F5C8
:10E89000E0700BF08AF9F1E70026F2E72DE9F84F76
:10E8A00000F580580746D8F89843072C89469346C8
:10E8B0001D4603DD00252846BDE8F88F04EB8414CF
:10E8C00004F58C56113606442022002130460BF008
:10E8D00093F9202D02D0102D18BF00252A46594645
:10E8E00030460BF062F9202DAA4601D0102DE1D15F
:10E8F00004F58C5510353D4404F58D54534632468D
:10E90000012128461134E4F7EDFE49463819FEF797
:10E91000D6FED8F898330133C8F89833CBE70729E7
:10E9200008B5034610460AD801EB8111194401F5D8
:10E930008C51412210310BF038F9012008BD002024
:10E94000FCE770B500F58C54113400254E1C2022D4
:10E95000214630460BF063F930B10135082D04F142
:10E960004104F4D14FF0FF35284670BD08B5034689
:10E97000104603F58052D2F8D8208A4208D9B8222E
:10E9800002FB013101F51E710BF00FF9012008BDEA
:10E990000020FCE738B5044604F58055FBF71AFE65
:10E9A000D5F88C1159B12046FBF7AAF938B1236884
:10E9B0002046D3F8C83098470023C5F88C31D5F8E5
:10E9C0009C1359B1236820461B689847D5F89C13BF
:10E9D0002046FBF791F90023C5F89C332046BDE89B
:10E9E0003840FFF7A9BE30B5D3B0054604A80C46A1
:10E9F00000F052F8102229460DEB0200EAF746F922
:10EA000023780DF10D01C3F38303012204A80B70D9
:10EA100000F058F8628804F14A0104A800F052F8A6
:10EA20000DF10E04022310220093294623460DEB1C
:10EA3000020000F052F8238843B90123238004A880
:10EA4000248800F015F8204653B030BD4FF6FF7211
:10EA50009342F4D14FF6FE73F0E7431E0F3013F8E4
:10EA6000012F1AB98342FAD1012070470020704764
:10EA700010B504460AF028FD04F170000AF092FD7A
:10EA8000D4F8300120B10AF095FC0023C4F83031ED
:10EA9000002384F8343110BD10B5702204460021E3
:10EAA0000BF0AAF8C022002104F170000BF0A4F8CA
:10EAB00000232046C4F8303184F83431EAF7DAF81C
:10EAC000204610BD10B490F834411CB110BC703019
:10EAD0000AF0D9BD10BC0AF027BD30B58BB0044692
:10EAE0002022002102A81D460BF086F801AB02A9E6
:10EAF000202204F170000AF0E1FD0E9A202A28BFBE
:10EB0000202202A928460BF050F82046FFF7B0FF5C
:10EB10000BB030BD0346BFF35B8F53E8000F43E8F3
:10EB20000012002AF9D1BFF35B8F7047BFF35B8FF0
:10EB30000068BFF35B8F704708F0F7BD0020704797
:10EB40000B0A017043700B0C090E8370C170704783
:10EB50000068704700F5805090F8DA08003818BF58
:10EB60000120704708B50846E2F77AF84FF0834174
:10EB7000E2F7CEF8E2F7CEFA00F5FA7008BD70477A
:10EB800070B5036804465B6915469847606E036874
:10EB90001B6B9847606E036829469B68BDE8704010
:10EBA000184700F5805090F81F08704700F5805016
:10EBB00090F8CD08C04300F00100704700F5805088
:10EBC00090F8D90800F00100704700F5805090F8E7
:10EBD000DC087047FFF7A3BEA0F5BD50FFF7FABFF2
:10EBE000FFF7C4BEA0F5BD50FFF7FABFFFF713BE95
:10EBF000A0F5BD50FFF7FABFE9F7F6BFA0F5BD508D
:10EC0000FFF7FABF08B500F58050D0F88009E9F7A2
:10EC100095FE08BD10B400F580509DF804400194A5
:10EC2000D0F8800910BCE9F7C1BE2DE9F3411646C2
:10EC30000F462022314605469846FFF72AFD05F586
:10EC4000005468B390F8403053B3012384F8103374
:10EC500090F8403084F81133D0F88C30C4F8143375
:10EC6000D0F89030C4F8183305F50C5200F12003A9
:10EC70001C32403053F8041B42F8041B8342F9D184
:10EC8000099B0193089B0093324643463946284628
:10EC9000FFF72FF8002384F8103302B0BDE8F081AD
:10ECA000002384F81033EBE708B503685B699847E5
:10ECB000BDE8084003F03CB9FBF7EBBCFBF719BD1E
:10ECC00008B583220021406FFCF70EFA143008BD0E
:10ECD00000F580520346D2F8800982F8C31820B1AB
:10ECE00003F5BD510831E9F7CBBC7047C0F34000D4
:10ECF00080F0010000F001007047F7B504460D46B2
:10ED000016461F4608F051FB0A220023E2F772FA6A
:10ED10004FF47A720023E2F71DFA04F50D540090C7
:10ED20003B46324629462046E6F776F803B0F0BD6A
:10ED300010B50446FBF74CFC2046EBF7A5F920463E
:10ED4000EBF794F938B1A06F03681B68984704F596
:10ED50000054C4F8380510BD2DE9F043044685B0D1
:10ED60000846884615461E46FFF777FE04F580598B
:10ED7000074658B199F8DB380133DBB232462946F1
:10ED8000204605B0BDE8F043FBF784BF2946404666
:10ED9000FFF729FE99F8DB18ADF80C000131C9B274
:10EDA0000091334603AA29462046ADF80E70FBF7C2
:10EDB000A8FF05B0BDE8F083F0B500F580560F461A
:10EDC00096F8383800F5BD5187B005460C31D3B9F7
:10EDD000FEF703FD0446A0B117B306F6FD0302AA31
:10EDE00006F60D1618685968174603C70833B3426C
:10EDF0003A46F7D10023224602A92846FFF7ACFF86
:10EE0000012007B0F0BD00F5BF5353E90223CDE95F
:10EE1000002300F5BE54D4E90423E2F7EDFCD9E762
:10EE200001463A462846FBF7EAFFE9E72DE9FF41AC
:10EE300000F50053044693F811350F4690466E4690
:10EE40006BB11022002168460AF0D6FE43463A46CE
:10EE500069462046FFF780FF04B0BDE8F08100F569
:10EE6000805303F6FD05EC4603F60D132868696828
:10EE7000624603C208359D429446F7D104F5145505
:10EE800001352846FFF7E9FD43463A4600280CBF06
:10EE900029463146DDE711461A46FFF7C7BF00F5A0
:10EEA000805393F8C13823B1816F00F50D50FDF701
:10EEB0001EBD704710B50446806E03681B689847F6
:10EEC00041F2883140184FF0000204F50C535241D2
:10EED000C3E9020210BD10B500F50C54D4E90032AC
:10EEE00013430BD000F5805300F5BD51D3F88009D2
:10EEF000E9F76CFC00220023C4E9002310BD10B523
:10EF000000F50C54D4E90232134304F110040BD081
:10EF100000F5805300F5BD51D3F88009E9F7EAFC0C
:10EF20000022002344E9022310BD00F58050C0F800
:10EF300084190B6808461B68184710B500F5805007
:10EF40001446D0F8840928B103689B699847231AAE
:10EF50005842584110BD07B50023012201A98DF880
:10EF60000430FFF7EAFF03B05DF804FB07B50123A7
:10EF70008DF80510022201A98DF80430FFF7DDFF9E
:10EF800003B05DF804FB1FB506248DF804404C1E49
:10EF9000614261418DF80510ADF80620110C120E8A
:10EFA0008DF809201A0C8DF80810ADF80A308DF88C
:10EFB0000C201B0E0A2201A98DF80D30FFF7BDFFB2
:10EFC00004B010BD2DE9F0411C4600F58053054604
:10EFD000D3F88409ACB088461746B0B10368DB6843
:10EFE000984790B1661CB02E8DF8008010D9B026DD
:10EFF000AF242FB1224639460DF101000AF0D5FDAC
:10F00000324669462846FFF798FF2CB0BDE8F081EC
:10F01000002CEED10126F3E72DE9F043ADB01C46FC
:10F020009DF8D830DDF8D0909DF8D480012B0646AD
:10F030000D469DF8E0003799174643D1042841D981
:10F0400006F5005CD1F800E0DCF8F422724539D115
:10F050000023CCF8F4322046FBF71CFF70B3404687
:10F06000FBF718FF50B38D23ADF804302B68CDF8B3
:10F070000630AB88ADF80A304022434649460DF1D0
:10F080000D008DF80C80FBF715FF00F1B00300F1C7
:10F090000A080DEB030501A82346402239464044E7
:10F0A00005F8A34CFBF706FF00EB08039DF80410DE
:10F0B000013B0DF105023046FFF784FF00202DB023
:10F0C000BDE8F083CDE93710CDE935833A462346D4
:10F0D00029463046CDF8D0902DB0BDE8F043FEF77C
:10F0E000ADBA70B504460D460121EAF77BF92A4610
:10F0F00020462023BDE870408121FFF763BF032B2A
:10F1000001D9EAF78FB970472DE9F041ACB0044658
:10F11000329DAD2D084617461E461DDC4FF081413D
:10F120004FF088088DF80080E1F7F2FDE1F7CCFFA1
:10F130008DF801003846E1F7C7FF2A468DF8020036
:10F1400031460DF103000AF030FDAB1C0DF1010258
:10F1500041462046FFF736FF2CB0BDE8F0812DE98F
:10F16000F041ACB005469DF8C8000F4611469DF829
:10F17000D42000F0030402F10C0842FA04F408EB76
:10F180000406AF2E2FDC4FF0890CCDE901138DF86A
:10F1900003003499ADF800C003A88DF802200AF0EE
:10F1A00004FD68462246339940440AF0FEFC06F10D
:10F1B000B00397F902010DEB0304E1F755FD4FF0A1
:10F1C0007A51E1F7A5FD4FF08141E1F7A1FDE1F7AB
:10F1D0007BFF9DF8001004F8B00C33460DF10102DE
:10F1E0002846FFF7EFFE2CB0BDE8F08170B54B88E4
:10F1F000AC2BACB005460C462CD88E2391F90201FD
:10F200008DF80030E1F730FD4FF07A51E1F780FDE5
:10F210004FF08141E1F77CFDE1F756FF8DF80100E9
:10F22000686E03681B6B9847E1F74EFF6688237989
:10F230008DF80200324604F14A0101A88DF803302E
:10F240000AF0B3FC9DF80010F31C0DF101022846F2
:10F25000FFF7B8FE2CB070BD70B54B88AC2BACB0CE
:10F2600005460C462CD8842391F902018DF8003014
:10F27000E1F7FAFC4FF07A51E1F74AFD4FF0814196
:10F28000E1F746FDE1F720FF8DF80100686E0368A5
:10F290001B6B9847E1F718FF66888DF80200FF2383
:10F2A000324604F14A0101A88DF803300AF07DFCD2
:10F2B0009DF80010F31C0DF101022846FFF782FEB5
:10F2C0002CB070BD00231A469021FFF77BBE70B5AD
:10F2D00000F580530D4604462022D3F88009FEF73E
:10F2E00021F92A4620462023BDE870408F21FFF7F0
:10F2F00069BEF8B506460D4614460AB102700124EF
:10F3000033192A46194605F1200052F8047B41F8CA
:10F31000047B8242F9D195F8402083F8202095F8AB
:10F32000412083F8212095F8422083F8222004F11F
:10F33000230305F14402334405F1840152F8040B20
:10F3400043F8040B8A42F9D104F16300304405F11B
:10F350001F01002311F8012F1AB1C25401331F2BD2
:10F36000F8D1C3F12002184400210AF045FC04F151
:10F370008300D5F884103044FFF7E2FB04F18700E6
:10F38000D5F88C103044FFF7DBFB04F18B00D5F887
:10F3900090103044FFF7D4FB04F18F003044D5F8CF
:10F3A0008810FFF7CDFB04F19300F8BD2DE9F04F75
:10F3B000A9B00646DDF8C8A00C4699469046002A3A
:10F3C00040F0878000F5005393F81013002973D0A4
:10F3D00093F8110394F84020904215D1D3F8140308
:10F3E000D4F88C2090420FD1D3F81823D4F8903061
:10F3F0009A4209D1202206F50C50A1181C300AF0BF
:10F400004BFC011E18BF01213046E9F7EBFFBAF1B2
:10F41000000F55D04846FBF73DFD00283BD006F5D0
:10F42000E0551C3506F50B5B2F460BF11C0B4FF01E
:10F43000FF3307222146384601930AF0F0FB0028EB
:10F440003CD0BA6A019B9A4238BF3D4607F16C072F
:10F4500038BF13465F45ECD123682B60A388AB808F
:10F46000A379AB7105F1080204F1200304F1400116
:10F4700053F8040B42F8040B8B42F9D1B06F0368C8
:10F480001B6898474B46A8624022514605F12C0064
:10F49000FBF721FDE871B8F1000F11D021460022E1
:10F4A00003A8FFF726FF03AA03468A213046FFF789
:10F4B00089FD29B0BDE8F08F0121A5E73D46CBE7E6
:10F4C000202322468021304629B0BDE8F04FFFF7C7
:10F4D00079BDBAF1000F9DD1E0E730B500F50052DB
:10F4E00092F8E246072C0FD892F8E13642F2D8653E
:10F4F0001844013303F007030134415582F8E13623
:10F5000082F8E246012030BD0020FCE730B59FB014
:10F510000DAA04460D46FFF702FA08B312238DF830
:10F5200000308DF801500DF155030DF102020DF17F
:10F53000750153F8040B42F8040B8B42F9D10DF11D
:10F5400035030DF122020DF1450153F8040B42F889
:10F55000040B8B42F9D1322269462046FFF7EDFCBD
:10F560001FB030BD70B5054600F5005442F2D866B4
:10F5700094F8E23603B970BD94F8E0362B4428467F
:10F58000995DFFF7C3FF0028F5D094F8E03601330A
:10F5900003F0070384F8E03694F8E236013B84F880
:10F5A000E236E5E770B50446FFF7F4F92046FFF7C9
:10F5B000D9FFA06E03681B68984704F50C53D3E984
:10F5C000002352EA030105464FF0000606D09042A0
:10F5D00076EB030302DB2046FFF77DFC04F50C53BA
:10F5E000103353F8082C53F8043C52EA030108D0B6
:10F5F000954276EB030304DB2046BDE87040FFF73D
:10F600007EBC70BD38B504460846114604F58052EC
:10F61000D2F8143B83B1D2F80C3BAD225343E5182A
:10F6200041F6B01203F5CD53AA5C0A601133E1181C
:10F630000AF0BBFA012038BD1846FCE700F58050FF
:10F64000D0F8142B5AB1D0F80C3B013303F001036E
:10F6500048BF5B42013AC0F80C3BC0F8142B70471E
:10F6600070B500F5805393F8984914B101242046F1
:10F6700070BD00F5005696F87E36002BF7D000F5E9
:10F680001A55D5E900321343F0D0806E03681B6829
:10F690009847D5E90023904274EB0303E6DB002290
:10F6A000002386F87E46C5E90023E0E710B504464E
:10F6B000806E03681B68984704F51A520023C2E95C
:10F6C0000203832120461A46BDE81040FFF77ABCAA
:10F6D0002DE9F041ACB00646339CA72C8846154670
:10F6E0001F4639D81B238DF80030C2B392F90201AE
:10F6F000E1F7BAFA4FF07A51E1F70AFB4FF0814196
:10F70000E1F706FBE1F7E0FC40B28DF801000023D1
:10F7100041463046ADF80230FFF713F98DF804008A
:10F72000FDB12878FFF7E2FAD8B12B798DF80530D2
:10F73000ADF806708DF80840ACB1224632990DF153
:10F7400009000AF032FA04F1090230466946E9F785
:10F750003BFF3046FFF7AAFF2CB0BDE8F081104612
:10F76000D3E7FF23E2E70922EFE770B500F5805306
:10F770000446D3F8143B03B3FFF772FFE8B9A06E59
:10F7800003681B68984742F29062A31853E902513C
:10F79000A2585B68AA4273EB0106BCBF2A460B461F
:10F7A000801A63EB4303B0F57A6F73F1000304DB57
:10F7B0002046BDE87040FFF779BF70BD70B500F519
:10F7C0008054D4B094F8986905466EB3D4F89C2957
:10F7D000D4F8A0399A422ADA26A8FAF770FDD4F8AC
:10F7E0009C1926AA2846FFF7C1F8C0B19DF8D83069
:10F7F000ABB1489BD4F8AC29934210D9D4F8A829CE
:10F80000934201D9C4F8A839032226A901A8FFF719
:10F8100070FD01A902462846FFF78FFB20B1D4F8FE
:10F820009C390133C4F89C39304654B070BD19D1AD
:10F8300094F8A439002BF2D000F50053D4F8AC2989
:10F84000D3F838359342EAD9D4F8A829934288BF2F
:10F85000C4F8A83926A8FAF732FD26A9284601F0EF
:10F8600077FED1E704238DF89830D4F8A8398DF8C5
:10F8700099301A0A8DF89A201A0C8DF89B201B0ECD
:10F88000052226A98DF89C30FFF757FB0028CBD026
:10F89000002684F89869C7E7F8B50446806E0368C7
:10F8A0001B680E461546984704F5D95100220831C9
:10F8B0001301CF5C77B9234441F61C329E5003F507
:10F8C000805203F5D953C2F8245B1860012382F8F3
:10F8D000283BF8BD0132102AEAD10123002204F5A9
:10F8E000D95C04EB0217190107F5D9575CF8011030
:10F8F0003F68C91B32EA210228BF1A460133102B88
:10F90000EFD104EB021441F61C330122E65004F55A
:10F91000805304F5D954C3F8245B206083F8282B66
:10F92000D7E72DE9F04F0446DFB0C81CFFF710F908
:10F93000A2F10D05A02D28BFA0250DF11C0891F8FE
:10F9400001B091F802A00E462A460D31814640468C
:10F950000AF02BF900230622F11D204608F8053095
:10F96000FEF797FE0746002862D0BBF1010F4FF06B
:10F97000000319D9BBF1030F5CD10593A56F2B6868
:10F9800028461B6898476B689842024698BF5A1CE5
:10F9900006AB6A603946CDE90183CDF800B0534625
:10F9A0002046FEF738FB0DE005AA0593E6D006AB2E
:10F9B000CDE901230146CDF8008053464A46204652
:10F9C000FEF7D8FA054670B3059B0DF114088BB10C
:10F9D00030A8FAF774FC002604F58059D9F8D8301D
:10F9E0009E4211DB4FF0FF36D8F800103246204619
:10F9F000FFF752FF069BD8F80020E9B22046FFF738
:10FA0000C2FA5FB0BDE8F08F30AA31462046FEF75B
:10FA1000ADFF30B12022394630A80AF000F90028A5
:10FA2000E2D00136DAE703212046FFF79FFAE8E744
:10FA30000221F9E70121F7E730B500F5D8541C346D
:10FA40000023257B95B125688D420FD11B0122B182
:10FA5000C11801F5D95109681160034403F58053B9
:10FA60000022D3F8240B83F8282B30BD0133102B50
:10FA700004F11004E5D14FF0FF30F6E770B5B2B0F5
:10FA800000230D4601AA096801930446FFF7D4FF3D
:10FA9000061E08DB04A8FAF712FC04AA3146204629
:10FAA000FEF764FF30B92946204632B0BDE8704009
:10FAB000FEF70CBE2B68A06E029303681B68984784
:10FAC000019BC01A08230DEB0302039082212046FC
:10FAD000FFF778FA202204A92046FEF7DAFD32B0BB
:10FAE00070BD2DE9F04F934600F50052ADB092F88D
:10FAF0000025022ADDE937A806460F46994661D956
:10FB000010228DF80020002B5AD093F90201E1F762
:10FB1000ABF84FF07A51E1F7FBF84FF08141E1F794
:10FB2000F7F8E1F7D1FA40B200228DF80100ADF804
:10FB3000022004246D4639684DF804102A19B9884A
:10FB40009180A21DB9F1000F41D099F80000FFF794
:10FB5000CDF800283BD099F804303699B0326A4489
:10FB600004F1080002F8B03C04F1B0036B442844EF
:10FB700003F8A9BCFEF7E4FFB8F1000F04F10C0490
:10FB800008DDBAF1000F05D02819424651460AF0A7
:10FB90000CF844443998E1F759FB2718B02F024676
:10FBA00084BFB027C4F1B0023999281909F0FDFFCC
:10FBB0003A4629463046E9F707FD2DB0BDE8F08FFB
:10FBC0001846B1E707228DF800200124B2E7FF2391
:10FBD000C3E72DE9FF41DDF82880044615461F469E
:10FBE0000E46FEF72BFD00222B462046CDE90122D2
:10FBF0003146CDF80C800097FFF773FF204604F5DF
:10FC00008054FFF753FDD4F8143B6DB12878FFF70B
:10FC10006DF848B128799BB2424606F1200104B044
:10FC2000BDE8F04102F085B9FF20F4E72DE9FF417E
:10FC3000DDF82880044616461F460D46FEF7FEFCFA
:10FC40000023CDE901332046CDF80C8000973346E0
:10FC500001222946FFF745FF204604B0BDE8F041E8
:10FC6000FFF724BD2DE9F04385B00446DDE90C988B
:10FC700015461F460E46FEF7E1FC20460121E9F736
:10FC8000B1FB04232046CDE9019302222B463146E5
:10FC9000CDF80C800097FFF724FF204604F5805430
:10FCA000FFF704FDD4F8143B6DB12878FFF71EF878
:10FCB00048B128799BB2424606F1200105B0BDE863
:10FCC000F04302F036B9FF20F4E72DE9F04F00F5DC
:10FCD000E25700F50C569DB00C46904604370436AA
:10FCE00000254FF06C0901F1280AD7F800C0BCF1DB
:10FCF000000F0BD0A8452ADD09FB05406C22A7F1B7
:10FD0000280109F052FF05F1010B5D466C37B7423F
:10FD1000EBD1002705F1FF39B9451BDC28461DB0A2
:10FD2000BDE8F08F09FB03F05AF80000884238BFA5
:10FD30001A46013309FB0240AB42816AF2DB8C4573
:10FD4000E4D96C22A7F1280109F02FFFDEE7012397
:10FD50000022EFE701372646B846454501D16C340D
:10FD6000DAE7D6F89420A36A9A4206F16C060ED917
:10FD70006C22214601A809F018FF6C22314620466A
:10FD800009F013FF6C2201A9304609F00EFF08F1BB
:10FD90000108E2E7072A2DE9F041A8BF072200F594
:10FDA000E05500F50B540F4616461C351C34AB6A63
:10FDB000A8462BB132463946284609F030FF20B11B
:10FDC0006C35A542F3D14FF000084046BDE8F08104
:10FDD000012A08B50CD900F50053D3F814351BB926
:10FDE0000121FFF7C3F801E0E9F790FD012008BD0C
:10FDF0000621F6E70D2A08B503D9FFF792FD012089
:10FE000008BD0621FFF7B2F8F9E72DE9F041072A0E
:10FE100096B004460D46164603D80621FFF7A6F80D
:10FE200022E091F80180B8F1000F01D00121F5E73F
:10FE3000E81CFEF78DFE8978074605AA2046FEF7E6
:10FE40006EFDC0B1073E073504F5BD53CDF80880FF
:10FE5000019600950C3305AA39462046E8F776FE50
:10FE600030B12046FFF777F8012016B0BDE8F081E9
:10FE700004212046D2E70221FBE72DE9F04F042AB6
:10FE8000A7B006460D46144604D806213046FFF7B3
:10FE90006DF843E08F7891F801803846FAF7FAFF61
:10FEA00018B9FF2FF1D1032210E0FF2FFBD0BA09C0
:10FEB00007F03F0302FB033305339C42E5D3E21E08
:10FEC0003B46E91C05A8FAF7F5FFC21C914615F858
:10FED00002A02A4409F102094C4592F801B04146BA
:10FEE00015AA30468CBFA4EB09040024FEF717FDC9
:10FEF00008B90221CAE75AEA0B23C6D0A52CC4DCF4
:10FF00004D44CDE9003502943B4605AA15A930467B
:10FF1000FEF7F8F830B13046FFF71DF8012027B0A2
:10FF2000BDE8F08F0321B1E7F0B500F58054AFB024
:10FF300094F8983905462BB10421FFF717F80120F2
:10FF40002FB0F0BD042A3CD9481CFEF701FED4F8BE
:10FF5000D820C4F8A02994F81529C4F8AC094AB1EE
:10FF600005F5005292F8981621B9D2F83835003BC1
:10FF700018BF0123002684F8A4393746D4F8A039E5
:10FF80009E4220DB94F8A43902223B448DF80020E5
:10FF90001A0A8DF802201A0C8DF801308DF8032012
:10FFA0001B0E0522694628468DF80430FEF7C5FF72
:10FFB0000023C4F89C39C4F8A839012384F898397F
:10FFC000BDE71846C3E76846FAF779F96A4631464D
:10FFD0002846FEF7CBFC18B19DF8403003B101373D
:10FFE0000136CBE7012A70B5054619D9541E1F2CDE
:10FFF00028BF1F2441F2AC762246013130442C4404
:020000040802F0
:1000000009F0D3FD0023A35505F5805305F5BD5137
:10001000D3F880090831E8F733FB284601F0DDFB0F
:100020002846FEF798FF012070BD13B5092304464A
:10003000806F8DF8003003681B689847030A8DF8BD
:100040000230030C8DF801008DF803300522030EF9
:10005000694620468DF80430FEF76FFF012002B09C
:1000600010BD042A38B504460D462DD9FCF753F9C6
:1000700038B12046FEF76FFF204601F0C3FB012098
:1000800038BD681CFEF764FD0546A06F03681B6859
:100090009847854218D3A06F036829465B68984744
:1000A0000220ECF705FF07F080F90A220023E1F7B0
:1000B000A1F84FF47A720023E1F74CF8014604F5F9
:1000C0000D50FCF7C2FBD4E706212046FEF74EFF99
:1000D000D5E7012A10B504460ED949784B1E59427E
:1000E000594123682046D3F8F430984730B1204670
:1000F000FEF731FF012010BD0021F2E70321204669
:10010000FEF734FFF6E7202A10B5044616D9013170
:100110002022FEF7BEFA014658B12046FEF7B5FA96
:1001200020460121E9F75EF92046FEF714FF012081
:1001300010BD02212046FEF719FFF8E70621FAE775
:100140002DE9F041872AAEB006460C4617467CD909
:100150004B1C194620221D46FEF79BFA8046684636
:10016000FAF7ADF82B4604F1210C6D461868596872
:100170002A4603C2083363451546F7D194F8213067
:100180008DF8403094F822308DF8413094F82330C7
:100190008DF8423011AD04F1240304F1640C1868A9
:1001A00059682A4603C2083363451546F7D108AD9E
:1001B00004F1840C186859682A4603C20833634561
:1001C0001546F7D1002218468DF83F20FEF7C0FCF7
:1001D000CDE923222190B06F03681B6898478F2FC9
:1001E000229010D904F18800FEF7B2FC239004F1AC
:1001F0008C00FEF7ADFC932F249004D904F19000FD
:10020000FEF7A6FC2290002325938DF84330B8F129
:10021000000F0FD0B8226946404609F0C6FC3046B0
:100220000121E9F7DFF83046FEF795FE01202EB0F8
:10023000BDE8F08169463046FEF7EDFA0028EED1C0
:1002400003213046FEF792FEF0E70621FAE7202A66
:1002500038B5044620D94D1C29462022FEF719FA4C
:100260000146A0B12046FEF7EAFA80B104F58053BA
:100270002022D3F880092946FDF754F920460121B0
:10028000E9F7B0F82046FEF766FE012038BD0221EE
:100290002046FEF76BFEF8E70621FAE7202A10B5A4
:1002A000044613D901312022FEF7F3F9014640B18B
:1002B0002046FDF761FF20B12046FEF74CFE0120ED
:1002C00010BD02212046FEF751FEF8E70621FAE7AD
:1002D00010B5202AA6B0044616D901312022FEF717
:1002E000D8F9014658B1032201A8FFF702F801A985
:1002F00002462046FEF721FE012026B010BD022155
:100300002046FEF733FEF7E70621FAE770B5202A0C
:10031000A2B0044635D800F5805300F5BD5193F8DE
:1003200038380C31DBB9FDF758FA054620B30378AD
:1003300043F0010303700DF109010B238DF8083020
:10034000FAF712FE294606462046F9F7D5FC721C3C
:1003500002A92046FEF7F1FD012022B070BD00F594
:10036000BF5353E90223CDE9002300F5BE55D5E97B
:100370000423E1F741FAD8E703212046FEF7F6FD12
:10038000EAE701312022FEF784F9014660B10B2330
:100390000DF1090220468DF80830FDF70FFF08B176
:1003A000421CD5E70421E8E70221E6E7622A10B5FE
:1003B00004460ED9013AD2B20131FDF708FF40B12F
:1003C00020460121E9F70EF82046FEF7C4FD012082
:1003D00010BD06212046FEF7C9FDF8E770B50446BA
:1003E000806E0368AEB01B68984742F29063E218D3
:1003F000E050002104F58055516095F8183B43B159
:100400002046FFF71BF9B5F8140B85F8181BECF71D
:1004100077FC01AA02A92046FFF7F4F8064658B176
:10042000019A02A92046FEF788FD10B1012385F844
:10043000183B01202EB070BD0A23012269462046D8
:100440008DF80030FEF779FD0028F2D004F5005356
:10045000002083F87E66002104F51A53C3E90001E9
:10046000D5F8143B002BE4DD2046FFF71FF9E0E749
:10047000012A38B504461AD94A7802F10903DBB2D9
:100480001F2B14D800F5805500F5BD5185F8F427D1
:10049000D5F880090831E8F7F3F8D5F890390BB1B1
:1004A000002098472046FEF756FD012038BD062162
:1004B0002046FEF75BFDF8E7012A10B5044626D971
:1004C00004F58053487883F8CD08022A18D088783C
:1004D00000F0030083F8CE088878C0F3810083F829
:1004E000CF088878032AC0F3011083F8D00807D01A
:1004F000C87883F83808042A1CBF0A7983F81F28B3
:1005000004F5BD51D3F880090831E8F7B9F8204661
:10051000FEF721FD012010BD022A10B5044604D9C2
:100520004B7813B98A78022A05D906212046FEF7AE
:100530001DFD012010BD00F5805300F5BD5183F86D
:10054000DB28D3F880090831E8F79AF82046FEF74F
:1005500002FDEEE730B500F5805585B00C238DF82F
:100560000430D5F8883904460BB1984703468DF816
:100570000530D5F880091B0A8DF80630E8F77EFAB9
:10058000030A8DF807008DF80830030C000E8DF873
:100590000A00D5F880098DF80930E8F78BFA030ACC
:1005A0008DF80C30030C8DF80B008DF80D300B22FC
:1005B000030E01A920468DF80E30FEF7BEFC012087
:1005C00005B030BD10B592B00E2304460DF1050103
:1005D000402200F506708DF80430F9F7D4FE412270
:1005E00001A92046FEF7A9FC012012B010BD70B58C
:1005F000402A98B0044604D94D1C2846E2F73EFB39
:1006000020B906212046FEF7B1FC3FE06846F9F725
:1006100068FE294604F5805540226846F9F789FEB0
:10062000D5F880096946E7F7FBFF90B395F815699F
:1006300016B1204601F00CF96022694604F50670F7
:1006400009F0B3FA2046E9F71FFD04F50053002234
:10065000C3F8382595F8183943B104F5BD51D5F8DC
:10066000800985F818290831E8F70AF816B12046FC
:1006700001F0B3F80023D5F88009C5F8D83004F5A7
:10068000BD51E8F725F82046FEF765FC012018B0BB
:1006900070BD0421B6E7F0B5052A93B004460E46B6
:1006A00015462ED94F783846FAF7F4FB38B33B4657
:1006B000AA1EB11C02A8FAF7FDFB30B9BB0607D091
:1006C00006212046FEF752FC14E0831D9D42F7D31D
:1006D000023031182A1A2046FAF7A0FA014660B112
:1006E0000023009320463B4602AAFAF745FB20462A
:1006F000FEF731FC012013B0F0BD0321E1E7012139
:10070000DFE70621DEE7F0B5202A93B005460E4666
:10071000144637D920220131FDF7BBFF213C3F2C85
:1007200028BF3F24224606F12101074602A809F00E
:100730003CFA04F148030DEB0304002604F8406C76
:10074000F7B101AB02AA39462846FDF768FD90B122
:1007500005F50053C3E9BD66C3E9BB66C3F8E862AB
:100760003A68C3F8E822C1B2019B2846FEF70BFCA9
:10077000012013B0F0BD03212846FEF7F7FBF7E791
:100780000221F9E70621F8E72DE9F041212AB2B06C
:1007900004460D46164655D901F10108414620226E
:1007A000FDF777FF04AF0146213530BBB82238464C
:1007B00009F022FA3846F9F782FD4346BC4618682C
:1007C0005968624603C20833AB429446F7D100230E
:1007D000A06F8DF852308DF8503003681B68984731
:1007E000394626902046FEF716F848B341462022A7
:1007F0002046FDF74EFF014610B303AAA6F12103E0
:1008000000920197DBB22A462046FDF77DFD90B1AC
:1008100004F500530022C3E9BC22C3E9BA22039ABB
:10082000C3F8F822C1B2049B2046FEF7ACFB0120BE
:1008300032B0BDE8F08104212046FEF797FBF6E7D1
:100840000321F9E70621F8E730B5202A85B00446F0
:100850002AD920220131FDF71CFF054610B303AB56
:100860000093014602AB01222046FDF70AFEA0B12B
:1008700004F500530022C3E9BB22C3E9BD22C3F83B
:10088000E8222A68C3F8EC22C1B2DDE9022320463F
:10089000FEF779FB012005B030BD04212046FEF7AC
:1008A00065FBF7E70221F9E70621F8E7F0B5212A11
:1008B00089B0044644D94D78002D41D1202202311F
:1008C000FDF7E7FE0646002838D0606FADF81650F9
:1008D0004FF60363ADF814308DF818500368042206
:1008E0001B680DF119019847FF2396F8427086F8AE
:1008F000423004AB019303AB009305AA09233146B0
:100900002046FDF75EFD86F8427090B104F5005375
:10091000039AC3F8F852C3E9BB55C3F8E852C3F8C9
:10092000F422C1B2049B2046FEF72DFB012009B042
:10093000F0BD04212046FEF719FBF7E70221F9E795
:100940000621F7E7212A7FB504460E4615462BD926
:1009500001312022FDF79DFE014618B303AAA5F13F
:100960002103019202AA0092DBB206F12102204685
:10097000FDF727FD88B104F500530022C3E9BC222E
:10098000C3E9BA22029AC3F8F822C1B2039B2046F7
:10099000FEF7F9FA012004B070BD04212046FEF7ED
:1009A000E5FAF7E70221F9E70621F8E7202A10B572
:1009B00004460DD90131FDF72CFE20B12046FEF78B
:1009C000CAFA012010BD02212046FEF7CFFAF8E74F
:1009D0000621FAE7202A10B5044602D90131FDF7B5
:1009E000F6FD2046FEF7B7FA012010BD012A38B502
:1009F00004460D4602D94B78072B05D9062120461F
:100A0000FEF7B4FA012038BD806E03681B68984772
:100A10002046FEF7A7FD69782046FEF75EFD08B97F
:100A20000421ECE72046FEF79DFDEBE7F0B5012A37
:100A300093B006460C4602D94F78072F02D90621FB
:100A4000304602E0412A03D90121FEF78FFA29E05E
:100A5000312AF4D98D1C0DF1250301F1220255F83C
:100A6000041B43F8041B9542F9D1002110220DF11B
:100A700015008DF84410323409F0BEF80DF105036D
:100A800055F8042B43F8042BA542F9D101AA3946A5
:100A90003046E8F7A9F840B13046FEF70BFA304689
:100AA000FEF759FA012013B0F0BD0221C8E7F8B5EE
:100AB00000F500560546D6F8DC72EFB1012A1BD9C5
:100AC000D6F8E032541ED6F8E42203EB040C944529
:100AD0000ED8F8182246013109F067F8D6F8E0324E
:100AE0002344C6F8E0322846FEF735FA0120F8BD67
:100AF0000321FEF73BFAF9E704212846F9E7F0B5B0
:100B000000F50055A3B0D5F8DC2204464AB3D5F869
:100B1000E03233B301A900F50670F9F7F9FC1423AC
:100B20008DF844300DF1450601AB11AF1A4603CAEA
:100B3000BA4230607160134606F10806F6D14122D0
:100B400039462046FEF7F9F9D5F8DC0208B101F084
:100B500006FA0023C5E9B733C5F8E432012023B013
:100B6000F0BD04212046FEF701FAF7E72DE9F04732
:100B7000A2F10B03B12B86B004460E465BD84B7A2C
:100B80000A3AD5B203F0030145FA01F9B9F1400F71
:100B900005DC01228A40013A12EA050A04D0062146
:100BA0002046FEF7E3F940E0701CFDF7D1FF074651
:100BB000701DFDF7CDFF394602462046FAF743F88F
:100BC0008046B0B306F10A0201462B462046CDF816
:100BD00000A0FAF7D1F898F80430606EB8F8021067
:100BE0001944036802319B68984723680146D3F88B
:100BF000C4305FFA89F2204698470623ADF80C30DE
:100C00003B0C8DF81030ADF81200030C000EADF85F
:100C10000E708DF815003F0E0A2203A920468DF8AC
:100C200011708DF81430FEF788F9012006B0BDE888
:100C3000F0870321B4E7082A12D9481CFDF788FF82
:100C40000146701DFDF784FF002302462046F9F798
:100C5000FAFF014638B120460022FAF7D0F82046C4
:100C6000FEF779F9E1E704219AE710B5082A92B076
:100C700004462AD907220231FFF78CF800B3162365
:100C80008DF80030836A8DF801301A0A8DF8022041
:100C90001A0C1B0E00F12C018DF803208DF8043086
:100CA0004022C3798DF805300DF10600FAF702F9FC
:100CB0006946821D2046FEF740F9012012B010BDA2
:100CC00002212046FEF752F9F7E70621FAE72DE95F
:100CD000F041012A88B0044640F2C2804B78002BD4
:100CE00033D11823ADF8003000F58053D3F88809CC
:100CF00000B18047ADF80200A06E03681B689847FA
:100D00004FF47A73B0FBF3F00023ADF804008DF8D4
:100D10000730E56EB4F87030ADF80830000C8DF88F
:100D200006002B68A06E1E6903681B689847014681
:100D30002846B0470B228DF80A0069462046FEF788
:100D4000FCF8012008B0BDE8F081012B36D1406EDF
:100D50004FF48C73ADF8003003681B6A9847ADF808
:100D60000200606E03681B6B9847E0F7ADF98DF8E1
:100D70000400606E03685B6B98474FF08141DFF7BA
:100D8000C7FFE0F7A1F94FF47A712369B3FBF1F3E0
:100D9000ADF806301B0C00228DF808306369B3FBF8
:100DA000F1F3ADF80A301B0C8DF809208DF80D20F9
:100DB0008DF805008DF80C300E22BEE7022B4FD1C6
:100DC0004FF40673226BADF80030636BE16AB0F844
:100DD00028E0806AB4F82CC0278EA68EADF80AE011
:100DE0009D18ADF802504FEA15482D0E8DF80550AC
:100DF0000D188DF80480ADF806504FEA15482D0EF9
:100E00008DF80950050C000E8DF80D00080C090E28
:100E10008DF81110110C120E8DF810008DF81520A0
:100E2000606E8DF808801A0C1B0E8DF818208DF856
:100E30000C50ADF80EC0ADF812708DF81410ADF86E
:100E400016608DF8193003681B6F9847030CADF8D6
:100E50001A00000E8DF81C308DF81D001E226CE764
:100E600006212046FEF782F86BE7012A10B50B46F3
:100E700004462DD94978D9B900F51450112A00F14A
:100E8000010011D99A1C123352F8041B40F8041BBC
:100E90009A42F9D104F50053002283F81125204627
:100EA000FEF759F8012010BD102208F0A5FEF1E769
:100EB000022A0DD101290BD100F5005300F5145081
:100EC00083F8111510220021013008F095FEE6E7A5
:100ED00006212046FEF74AF8E4E72F2AF8B5044633
:100EE0000D4633D94F1C38461F2108F0FAFE431E29
:100EF0001D2B064624D804F5C6531E3318461F2260
:100F0000002108F079FE3246394608F04EFE04F51D
:100F1000C75305F120021D33303552F8041B43F846
:100F2000041BAA42F9D104F5805304F5BD51D3F84E
:100F300080090831E7F7A4FB2046FEF70CF803E030
:100F400006212046FEF712F80120F8BD00F5C65034
:100F50001F2200211E3008F04FFE04F5C75010225A
:100F600000211D3008F048FEDDE770B58CB01C2371
:100F70008DF8003000F58053044693F8DE3833B323
:100F800000F5C6531E330DF1010203F11C0153F8A5
:100F9000040B42F8040B8B42F9D1198811809B781D
:100FA000937004F5C75303F12D0608AD1D3318687F
:100FB00059682A4603C20833B3421546F7D1302296
:100FC00069462046FDF7B9FF01200CB070BD012233
:100FD0006946F7E7012A10B5044617D991F901309F
:100FE000002B13DA0131013AF9F73FFE014640B117
:100FF00020460022F9F703FF2046FDF7ACFF012051
:1010000010BD03212046FDF7B1FFF8E70621F9E7FF
:10101000012A10B5044613D904F58053487883F8A3
:10102000D908022A05D08A78402A28BF402283F8AE
:10103000DC2804F5BD51D3F880090831E7F720FB1F
:101040002046FDF788FF012010BD07B519238DF854
:10105000043000F5805301A993F8D9288DF80520B4
:1010600093F8DC388DF806300322FDF766FF012087
:1010700003B05DF804FB032A2DE9F04104460E4657
:10108000174623D9F8F724FE0546E8B10146BB1EF2
:10109000B21C204696F80180F8F794FD58B120461E
:1010A000002342462946F9F795F82046FDF753FFFD
:1010B0000120BDE8F08129462046F8F71DFE0621F3
:1010C0002046FDF753FFF3E70321F9E70621F8E790
:1010D00010B5042AB2B0044617D18B23ADF80C30FA
:1010E000D0F81832CDF80E300722B0F81C32ADF827
:1010F000123005A9E8F7FAFE03A900F1080220461C
:10110000FDF71BFF012032B010BD232A24D9043182
:101110002022FDF7BEFA0146E0B103AB00930322A3
:1011200002AB2046FDF7ADF978B104F5005300227B
:10113000C3E9BD22C3E9BA22029AC3F8F022C1B2C0
:10114000039B2046FDF71FFFDCE704212046FDF747
:101150000DFFD7E70221F9E70621F8E770B506464B
:101160000C461546002A4BD000F079FB00284ED1E2
:101170002378013B412B43D8DFE813F04B005700A5
:101180005D0069007B00810087006F009300B7005D
:10119000BD00C3008D00750099009F00AB00B10039
:1011A000E100E700C9004400ED00F300F900FF0092
:1011B0000B0123012901A5002F0135013B0141014C
:1011C00047014D015301D500170159015F01650128
:1011D000CF004200420042004200420042001D0196
:1011E000710111014200770189016B0105018F0135
:1011F00095019B01DB0063007D018301A10151008A
:10120000002070BD2A4621463046E8F7ADFB01209C
:10121000F7E72A4621463046E0F71EFBF7E72A4665
:1012200021463046FEF7D4FDF1E72A4621463046F6
:10123000FEF7E0FDEBE72A4621463046FEF7E5FDE6
:10124000E5E72A4621463046FEF717FEDFE72A4645
:1012500021463046FEF768FED9E72A462146304649
:10126000FEF7C0FED3E72A4621463046E0F7BCFB36
:10127000CDE72A4621463046FEF7D7FEC7E72A4685
:1012800021463046FEF7EDFEC1E72A4621463046AC
:10129000FEF71FFFBBE72A4621463046FEF733FF25
:1012A000B5E72A4621463046FEF74AFFAFE72A4611
:1012B00021463046FEF7CBFFA9E72A4621463046B5
:1012C000FEF7ECFFA3E72A4621463046FFF700F879
:1012D0009DE72A4621463046FFF718F897E72A4649
:1012E00021463046FFF762F891E72A46214630460C
:1012F000FFF774F88BE72A4621463046E8F764FB8F
:1013000085E72A4621463046FFF7B2F87FE72A46AE
:1013100021463046E8F7E8FB79E72A462146304681
:10132000E8F710FC73E72A4621463046FFF7C4F879
:101330006DE72A4621463046FFF7EEF867E72A4672
:1013400021463046E8F734FC61E72A46214630461C
:10135000FFF700F95BE72A4621463046FFF732F9EE
:1013600055E72A4621463046FFF741F94FE72A461E
:1013700021463046FFF78FF949E72A462146304695
:10138000FFF7C1F943E72A4621463046FFF7FCF94B
:101390003DE72A4621463046FFF756FA37E72A4608
:1013A00021463046FFF782FA31E72A462146304689
:1013B000FFF78EFE2BE72A4621463046FFF7C2FA9A
:1013C00025E72A4621463046FFF7F0FA1FE72A466E
:1013D00021463046FFF7FEFA19E72A4621463046F5
:1013E000FFF704FB13E72A4621463046FFF71EFBB2
:1013F0000DE72A4621463046E8F7FAFB07E72A467A
:1014000021463046FFF753FB01E72A462146304686
:10141000FFF775FBFBE62A4621463046FFF7A6FBA1
:10142000F5E62A4621463046E8F710FCEFE62A4664
:1014300021463046E8F734FCE9E62A4621463046A4
:10144000E8F788FCE3E62A4621463046FFF70DFC24
:10145000DDE62A4621463046FFF739FCD7E62A4624
:1014600021463046E8F7F0FCD1E62A4621463046D0
:10147000FFF7FBFCCBE62A4621463046FFF72DFD61
:10148000C5E62A4621463046FFF76FFDBFE62A46ED
:1014900021463046FFF79EFDB9E62A4621463046F2
:1014A000FFF7B6FDB3E62A4621463046FFF7CDFDED
:1014B000ADE62A4621463046E8F7E6FCA7E62A468E
:1014C00021463046FFF7D7FDA1E6F8B59DF8184054
:1014D00015465CB31A78032A38D100F5805691F886
:1014E000411096F8CE78022F4FEA510120D0012FFB
:1014F00014BF002201F0010296F8CF78022F19D113
:1015000042F0020296F8D068022E19D142F004028D
:10151000012C1CBF5B789A4312F0010406D0079996
:1015200041F8045BE8F7E2FC041DE4B22046F8BD94
:101530000122E1E7012F04BF01F002073A43E1E78E
:10154000012E04BF01F004010A43E1E70024EDE7A6
:10155000F8B500F5145318330C460A46054603F156
:10156000200153F8040B42F8040B8B42F9D10123FC
:1015700084F8403005F58053002693F8183984F834
:10158000413040223146A4F8426004F1440008F0A2
:1015900033FB762305F5BD5284F8203004F1210099
:1015A0000B3204F12007314612F8016F0B4601316E
:1015B0008EB905F50055C3F11F021844002108F04B
:1015C0001BFBD5F83835C4E921330023C4E92333A4
:1015D000C4F89430F8BD1E2907F8016FE4D10B461A
:1015E000E7E710B50446806F0368D4B01B689847DE
:1015F00004F50053C3F8380526A8F8F760FE26A9BD
:101600002046FFF7A5FF26A9002201A8FDF771FEDD
:1016100001AA03468A212046FDF7D4FC54B010BD30
:1016200010B5044604F58053084693F815395BB1AC
:10163000202A04F51451A8BF2022183108F0EFFA2F
:10164000B0FA80F0400910BD1846FCE72DE9F047DC
:10165000D8B005462AA80F46F8F731FE2AA9284631
:10166000FFF776FF3846DFF7F1FD0DF1100806466B
:101670004FF0200976B92846FDF7F2FF38B905F595
:10168000005393F8983613B92846FEF70FF858B070
:10169000BDE8F087962E41D996239A46013BFA5C25
:1016A0000A2A03D04B2BF8D14FF0960A52463946FE
:1016B0004046002408F079FA08F80A40434613F837
:1016C000012B01340D2A08BF03F8019CA245F6D175
:1016D00008EB04022346002012F8011D0A2903F139
:1016E000FF331DD020291BD0D5F878A0DAF80030C0
:1016F00050461B689847DAF80430984200D8581CC6
:101700000023CAF804001A460090CDE90133CDF851
:101710000C802AA92846FEF7E4F904E0B246C5E7A2
:101720001070002BD8D12744361BA3E770B500F505
:101730008053044693F815390D465BB351B30B78CB
:1017400043B3E8F793FC30BB04F5005696F87D06EA
:1017500001280BD904F5175104F5155080223D31AD
:101760003D3008F022FA012086F87D0604EBC01017
:1017700000F515507F2229463D3008F09FFA96F873
:101780007D3642F2FC5204EBC31400210133A15414
:1017900086F87D3670BD29462046BDE87040FFF7CB
:1017A00055BF73B500F500530446D3F89C667EB16F
:1017B000002500F51A50C3F89C56203005F0A2FC15
:1017C00008236A4682212046CDE90065FDF7FAFB31
:1017D00002B070BD006BFFF7E4BF10B500F5805399
:1017E000044693F8153963B100F5005393F8983621
:1017F0003BB9E8F73BFC20B12046BDE81040FFF7BD
:10180000F0BE10BDF8B500F58053044693F81539C5
:10181000ABB1E8F72BFC90B104F50055D5F838359D
:1018200013B92046FFF7D9FF002642F27D5795F8FD
:101830007D36F1B28B4203D8002385F87D36F8BDA2
:1018400007EBC11121442046FFF700FF0136EEE708
:1018500000F51452202318328F21FDF7B3BB2DE978
:10186000F04700F58058ADF5187D98F81549054604
:101870000F46164664B10B780F2B00F0098109D88A
:10188000092B00F0DB800D2B00F0F780022B22D01B
:10189000002031E0272B00F00B812A2B00F0AC80D8
:1018A0001E2BF5D1202AF3D920220131FFF7B8FEF3
:1018B00010B357A8F8F703FD57A92846FFF748FECD
:1018C000032257A92DA8FDF714FD2DA9024628468D
:1018D000FDF733FB0FE00D2ADAD906220731FFF7B7
:1018E0009FFE48B17B78012B0AD9032B08D0012138
:1018F0002846FDF73BFB01200DF5187DBDE8F0877C
:101900000D3EA02E28BFA02604AC07F10D013246E3
:101910002046D7F8038008F048F9BB78CDF8B480AA
:1019200003F0030303AF4FF0000A324621460DF1E6
:10193000B9008DF8B83004F806A008F036F9202375
:10194000C7F800A00DF1B409019305F506730093E3
:101950004A46731D04213846E1F7E6FE3A680AB9A3
:1019600001223A6040F6B83302212846FDF70BFB0E
:1019700005F500562846FFF714FF3B68C6F89C366D
:1019800005F51A5040F6B83200232030F2F71CFC5F
:10199000B8F1000F18D005F5145305F5155238337A
:1019A000383253F8041F4145A5D09342F9D196F837
:1019B0007C3503F64E1205EB8202013303F00F0370
:1019C000C2F8048086F87C352378A3F14102192AF5
:1019D00098BF203357AE98BF23700022334621466C
:1019E0002846E7F701FF9DF85C31002B83D0314694
:1019F0002846FFF72BFE7EE7082A7FF649AF07222D
:101A00000231FFF70DFE00283FF476AF57AC1623E6
:101A1000237005F50053D3F8380518B9A86F03688B
:101A20001B689847030AA370030C6070E370000EF4
:101A30000023207163710622214648E7202A7FF6A1
:101A400027AF20220131FFF7EBFD00283FF454AF10
:101A5000222E0ED997F8223098F818299A4208D0E9
:101A600005F5BD51D8F8800988F818390831E6F72E
:101A700007FE2846FDF76FFA3DE7202A7FF608AFFC
:101A800020220131FFF7CCFD00283FF435AFF0E70D
:101A9000202A7FF6FDAE20220131FFF7C1FD00288C
:101AA0003FF42AAF05F50053012283F89826E0E7BA
:101AB000232A7FF6EDAE20220431FFF7B1FD002886
:101AC0003FF41AAF686F00232D9303682DAC0422F6
:101AD0001B68214698472D9A0AB901222D92284663
:101AE00040F6B8330221FDF74EFA42F21852A91817
:101AF000AA58CDF85E218A88ADF862218B2359A9B6
:101B000007222846ADF85C31E8F7F0F99DF85C1142
:101B1000C31D0DF25D122846FDF754FAEBE643684B
:101B2000B3F86E014FF6FF7240F6AC53904208BF17
:101B3000184670472DE9F04104461746FFF7EFFFBE
:101B40000E46054658B123694BB1984738B11FB1CD
:101B500005F19503B34204DA0023A3776377BDE868
:101B6000F081B54201D80023F8E7A37F002BF6D11E
:101B7000637F0133DBB2022B6377F0D90123A377B4
:101B8000E368002BEBD029463046BDE8F04118470A
:101B900038B590F820300446DBB905F006FC002388
:101BA0000A22DFF727FB237F2BB1A36947F22F52CD
:101BB000C31A93420DD9A0610123206823770368DB
:101BC0001B689847B0F5FA6F054603D20023637788
:101BD000E37738BD206803681B6C984780F00102EA
:101BE00029462046D2B2BDE83840FFF7A3BF002007
:101BF00070470346184601330278202AFAD070470E
:101C000008B505F0D2FB0A220023DFF7F3FA08BD7E
:101C1000F7B51546FFF7EDFF0C460646E8F77EFAE6
:101C2000074610B12C60012712E0019001A930464F
:101C3000F6F77AF904460198B04209D0FFF7D9FFC8
:101C400003782BB921462046DFF7F6F90028E9D1C1
:101C5000384603B0F0BDF7B51446FFF7CAFF0E468D
:101C60000546E8F75BFA074620B1266001273846AB
:101C700003B0F0BD019001A90A222846F6F7CEFA7A
:101C800001460198A842F2D0FFF7B3FF0378002B7A
:101C9000EDD12160EAE70023CA5C1AB1C2540133D6
:101CA0000F2BF9D1C3F110020021184407F0A4BF93
:101CB000F8B5064608461546FFF79BFF0746E8F7C6
:101CC0002DFA044608B12846F8BD31593846DFF7E9
:101CD000ABFA10B934442079F6E70834202CF4D15B
:101CE0004FF0FF30F0E72DE9F0410368DB68044670
:101CF0000F46984700250646B54202DB0020BDE8A6
:101D0000F081236829461B69204698473946DFF74A
:101D10008BFA30B92368294620465B69BDE8F0415B
:101D200018470135E8E7426992F84E305B003B2BDB
:101D3000DCBF002382F84E30806903681B681847B7
:101D400070B504460D46E8F72BFA636990F91B213C
:101D500083F81B216369002683F82461A069036866
:101D6000D3F894309847A0690368D3F89030984727
:101D700015B1636983F824612046BDE87040FFF720
:101D8000D2BF10B5044650F8880C036894B05B6C61
:101D9000984770B9FFF734FFD4E90E239042994178
:101DA00007DAC8220023204614B0BDE81040F2F73D
:101DB0000BBA94F8303054F8A00C032B08D0042B45
:101DC0000FD0022B13D114B0BDE81040F9F7C0BA00
:101DD00054F88C1C03686A46DB6B0431984714B0D6
:101DE00010BD03685B6A14B0BDE810401847036873
:101DF0001B6AF8E710B580F8D0100446FFF700FF23
:101E000041F28833C01841F10001C4E9360144F6BB
:101E1000206204F1A0000023BDE81040F2F7A0B951
:101E200070B50546C3880689848842B11A4493B2C6
:101E3000B2EB440F4FEA440024BF1B1A9BB2A342EB
:101E40000DD3A642A3EB04023CBF6400A6B2F61A6F
:101E500092B2B0B213462A6813440B6070BDA6421A
:101E600094BFC3EB0600C3EB040080B2F3E78368C2
:101E7000DB6903B11847704708B505F096FA0A22E6
:101E80000023DFF7B7F908BD2DE9F0410546884684
:101E9000174600262A89E988AC883EB1901963006C
:101EA00082B2B0EB440F24BFD31A9AB294422346B5
:101EB00024D8101BA14294BF64182419A41AA3B2F9
:101EC00082B2BC1B28689C4228BF1C4610443CB10F
:101ED00008EB06012246264407F067FEB742D9D830
:101EE0002A89A988324493B2B2EB410F4FEA4100EC
:101EF00024BF1B1A9BB22B81BDE8F081A14224BFF5
:101F00000B1B9BB29B1A9BB2DBE708B5EAF7C8FB39
:101F100028B1B020EAF784FB80F00100C0B208BD10
:101F2000E3F7B8BB0020EAF7E3BD7047E6F728BF48
:101F3000704708B51846EAF7E3FEBDE808400120FF
:101F4000EAF7BEBE08B5BDF80800EAF7D9FEBDE85D
:101F500008400220EAF7B4BEFEE7EBF7B5BEEBF7A8
:101F6000D3BEEBF7D1BE00EBC100408840087047FC
:101F7000F8B50346FFF7F7FFB0FA80F0C0F11F0095
:101F800003EB800CCA00DCF81060171D0C4606320B
:101F90008DB256B9012101FA00F0D9680143D96028
:101FA000CCF81040DD539D52F8BDF1000431585A71
:101FB000D85303EBC0009E52C5805D52F4E710B5C4
:101FC00000EBC104E388994202F104010AD1012324
:101FD00003FA02F2C36823EA0203C360002340F855
:101FE000213010BDA28840F8213000EBC20100EB87
:101FF000C300CB808280F4E708B50346FFF7B3FF48
:10200000B0FA80F2C2F11F021846BDE80840FFF79F
:10201000D6BF2DE9F843B1FA81F3C3F11F0200EBFB
:1020200082090646D9F810700D4687B9C3F120031E
:102030004FF0FF349C40F3681C4014D094FAA4F293
:10204000B2FA82F2131D56F82340214608E03C46BE
:102050004FF0030821463046FFF785FFA84205D31D
:102060003046FFF7ACFF2046BDE8F88306EBC4041A
:10207000B8F10108E488C9F81040D7D0A742E9D1E7
:10208000D4E738B50446FFF76EFF0D460346114608
:102090002046FFF768FF03449BB204EBC5055A00D6
:1020A0006A802046FFF75FFF014424F8313038BDD5
:1020B00070B50446FFF757FF0B4604EBC305511AF2
:1020C0009B1A89B203444E009BB204EBC2006E809F
:1020D0005D00458024F8321020461146FFF743FF8B
:1020E000014424F8313070BDF8B500294DD00468A2
:1020F0000D1F2D1BEE0825F007056219538813F0FC
:10210000010304D183F311880423184602DF31460A
:102110002046FFF728FF304434F83030C01A86429A
:1021200005D0002383F311880423184602DF538867
:1021300023F00103538031462046FFF714FF371880
:1021400004EBC7035B88DA0708D439462046FFF75B
:1021500053FF3A4631462046FFF793FF655B751BF8
:1021600004EBC5035B88DB0709D429462046FFF74B
:1021700043FF324629462046FFF783FF2E4631466D
:102180002046BDE8F840FFF7F3BEF8BD70B509B9C9
:10219000002070BD056801F007030B33CC0804EB89
:1021A000D304AB689C4228BF1C4621462846FFF753
:1021B00030FF06460028EBD001462846FFF7D3FE45
:1021C000A04207D932192846FFF772FF1146284668
:1021D000FFF7CEFE05EBC6021046538843F001031D
:1021E00053800430D5E71146FFF7D0BF2DE9F843FF
:1021F00014464A4202EA010931EA020203460BD0C0
:102200004A46042A4F4628BF0422A1EB09096CB9AB
:1022100000252846BDE8F883042904D82146BDE8F6
:10222000F843FFF7B3BF00270422F0E71E68A9EBCD
:10223000020204F0070302F007010B330B44E1082C
:1022400001EBD20101EBD301B368994228BF1946D3
:102250003046FFF7DEFE80460028D9D03D1D05EB55
:10226000C00509F1FF3335441D44B5FBF9F509FB01
:1022700005F5ED1B2C442B1F07349B1B24F0070492
:10228000A41BB0EBD30F4FEAD3074FEAE40408D204
:1022900001463A463046FFF70BFF41463046FFF70E
:1022A00067FE39463046FFF75EFE3844844207D267
:1022B00030462246FFF7FCFE21463046FFF758FE27
:1022C00006EBC706738843F001037380A1E7043A65
:1022D0002DE9F843CC1D114424F0070421F0070632
:1022E000A6EB04084FEAD807B7FA87F2C2F1240533
:1022F000AD004FF000090735C2F12002ED0804607F
:102300004946A760C4F80C90920004F1100007F051
:1023100073FCAAB2530043F0010363807B1B9BB2A2
:1023200004EBC5015800A4F80090488024F835203B
:10233000A6F8029024F8083004EBC70329465A880F
:1023400042F001025A802046BDE8F843FFF710BE74
:10235000002070477047EAF7F3BD0FB407B504A932
:1023600051F8040B0191FFF7F6FF03B05DF804EBA1
:1023700004B0704708B5EFF31183102383F312887C
:10238000EAF77CFE7047F0B5406802F4C045446847
:10239000B5F5804F4FF0010000FA01F074D1072924
:1023A000C2F343255AD890FAA0F3B3FA83F3266A0E
:1023B0009B000F2707FA03F326EA030690FAA0F31F
:1023C000B3FA83F39B0005FA03F333432362656892
:1023D000C2F3C0338B4025EA00010B43636090FADF
:1023E000A0F1B1FA81F1A5680326490006FA01F1CE
:1023F00025EA010590FAA0F1B1FA81F1C2F3014397
:1024000049008B402B43A36090FAA0F1B1FA81F10F
:10241000E568490006FA01F125EA010590FAA0F104
:10242000B1FA81F1C2F3814349008B402B43E36051
:1024300090FAA0F3B3FA83F3216890FAA0F05B005E
:10244000B0FA80F006FA03F34000C2F3413221EA09
:10245000030382401A4322600020F0BD030A93FA6E
:10246000A3F6B6FA86F6676A93FAA3F3B6004FF0BE
:102470000F0CB3FA83F30CFA06F69B0027EA060664
:102480009D4035436562A2E7B5F5005FA7D1666858
:10249000C2F3C03505FA01F126EA0005294361605F
:1024A000002B9CD0D3024CBFA061A06297E7C36908
:1024B0003BB1DB682BB1DB691879B0FA80F04009D9
:1024C00070470120704770B5C56904460E460DB1CE
:1024D00003232B712046FFF7EAFFA8B10321204612
:1024E000B047002802DA10F1860F0ED1012125B97C
:1024F00020463346BDE87040184729712046B04752
:10250000002802DB00232B71002070BD002908DBAE
:102510008068884205D9401A904234BF00200120CB
:1025200070470020704770B516461A4605460C469F
:10253000FFF7ECFF48B16968E868214482681468D5
:102540003246A446BDE8704060476FF0150070BD8C
:1025500070B516461A4605460C46FFF7D7FF48B138
:102560006968E8682144826854683246A446BDE838
:10257000704060476FF0150070BD10B50B46044603
:10258000FFF7C4FF30B16168E0681944BDE810404E
:1025900000F003B86FF0150010BD2DE9F041876819
:1025A000FB6804460D4616469847BB682BB1324679
:1025B00029462046BDE8F04118476FF05700BDE8B6
:1025C000F08107F019BB07F0F0BA01460068EAF79E
:1025D000CFBD08B5EAF708FEBDE80840EBF754B9EF
:1025E00000210120EAF7C4BD08B5EBF7E9F8EAF7E6
:1025F00097FDEAF7A1FDEBF79BF9F1F7AFF86FF064
:102600008500704761B662B680F31188704772B674
:10261000002383F31188BFF36F8FBFF34F8F30BF59
:1026200062B6BFF36F8F7047202809D9B0F1004F11
:1026300008D80138B0FA80F0C0F11F0040007047A0
:10264000082070473E20704708B5EBF701FB0020DB
:1026500008BD2DE9F341054616460C46002944D035
:102660000B782F2B41D14B78002B3ED04268002AAB
:102670003ED101A8EBF794FB00283CD1019F97F8CD
:102680002030990702D516F0120F37D1FB691A686E
:10269000002A39D016F0400806D0B20731D55B6960
:1026A000002B31D04FF001086F60FB6921461B6899
:1026B000324628469847041E05DA00236B60204600
:1026C00002B0BDE8F0812E72B8F1000FF7D0FB69BF
:1026D00000215B6928469847041EF0DAFB69DB6934
:1026E000002BEAD028469847E7E76FF01504E6E7A5
:1026F0006FF00F04E3E76FF00104E0E76FF01D04F3
:10270000DDE76FF00C04DAE76FF08504D7E710B56A
:102710004368044643B1DB69DB693BB19847002855
:1027200001DB0023636010BD1846FCE76FF08500F5
:10273000F9E743681BB1DB695B681BB118476FF0B1
:10274000080070476FF08500704743681BB1DB6974
:102750009B681BB118476FF0080070476FF0850049
:10276000704743681BB1DB69DB681BB118476FF02A
:10277000080070476FF08500704743681BB1DB6944
:102780005B691BB118476FF0080070476FF0850058
:10279000704743681BB1DB699B691BB118476FF039
:1027A000080070476FF08500704713B50446B8B154
:1027B00003782F2B14D1437893B10146002201A84E
:1027C000EBF7EEFA80B9019890F820309B070ED411
:1027D000C3695B6B73B1214602B0BDE81040184776
:1027E0006FF0150002B010BD6FF00100FAE76FF056
:1027F0001D00F7E76FF08500F4E773B50D4604465A
:1028000018B96FF0150002B070BD03782F2BF8D106
:102810004378002BF5D00029F3D00B782F2BF0D183
:102820004B78002BEDD0014601AA6846EBF7B8FAC9
:10283000A8B9009E96F820309B0713D4019A294628
:10284000204607F029FA0028DBD1F3699B6B63B1BE
:102850002A462146304602B0BDE8704018476FF066
:102860000100D0E76FF01D00CDE76FF08500CAE7EB
:10287000F7B50C460546002839D003782F2B36D102
:10288000DEF7E4FC0128064609D142F601732380F5
:102890000023A370C4F80431002003B0F0BD01AAE6
:1028A00029466846EBF77CFA074618BBDDE900329B
:1028B000B61A012E10D82046012200F8012B9A6981
:1028C000D968FF2A28BFFF22013107F06EF984F88A
:1028D0000071C4F80471DFE7DA69166C6EB118464E
:1028E00022462946334603B0BDE8F04018476FF052
:1028F0001500D2E76FF00100CFE76FF08500CCE75D
:1029000037B50D460446A0B103782F2B11D143787B
:102910007BB10146002201A8EBF742FA68B90198A1
:10292000C3695B6C63B12A46214603B0BDE8304001
:1029300018476FF0150003B030BD6FF00100FAE7E3
:102940006FF08500F7E738B50446F8B14FF0FF3077
:102950004FF0FF31EBF716FA23688BB1E3691B6B7D
:102960008BB120469847051E06DBD4E90032136080
:102970005A600023C4E90033EBF70CFA284638BD4F
:102980006FF01505F8E76FF08505F5E76FF01505B1
:10299000F4E70020704730B5D0E900420D68531EBF
:1029A00068682344834208D3AB68013B03449C42DC
:1029B00005D84B689A4288BF4A60012030BD00208C
:1029C000FCE708B5C26900685143FFF7D6FDBDE8D2
:1029D0000840EBF785BB38B5C5690068144605FBB0
:1029E00001411A46049BFFF7B3FDBDE83840EBF701
:1029F00077BB38B5C5690068144605FB01411A4626
:102A0000049BFFF790FDBDE83840EBF769BB4FF042
:102A1000FF324FF0FF3300F58070F1F725B8F1F782
:102A2000C7B8F8B543681D6904460E4617462846E0
:102A3000FFF7EDFF21683B46324605F17C0004F0CC
:102A400088F8044605F58070FFF7E9FF2046BDE8E9
:102A5000F840EBF737BBF8B543681D6904460E46EE
:102A600017462846FFF7D3FF21683B46324605F15B
:102A70007C0004F085F8044605F58070FFF7CFFF71
:102A80002046BDE8F840EBF71DBBF8B543681D696B
:102A900004460E4617462846FFF7B9FF21683B4615
:102AA000324605F17C0004F06DF8044605F58070AF
:102AB000FFF7B5FF04EAE470BDE8F840EBF702BBAE
:102AC00038B543681D6904462846FFF7A0FF216812
:102AD00005F17C0004F0D9F8044605F58070FFF795
:102AE0009EFF204638BD70B543681D6904460E46FA
:102AF0002846FFF78CFF2168324605F17C0004F080
:102B000043F8044605F58070FFF789FF2046BDE8CD
:102B10007040EBF7D7BA38B543681D6904462846BC
:102B2000FFF775FF216805F17C0004F010F80446FA
:102B300005F58070FFF773FF2046BDE83840EBF7DE
:102B4000C1BA70B543681E6904463046FFF75FFF9F
:102B5000216806F17C0003F0F8FF054606F5807059
:102B6000FFF75DFF2046EBF799FA2846BDE8704075
:102B7000EBF7A8BAF0B543681F690446C3B03846FE
:102B80000D46FFF744FF21686A4607F17C00F0F725
:102B900057FC044607F58070FFF741FF002C16DD57
:102BA0009DF800309A1E534253412B70019BC5F88B
:102BB0000431FF2202A9681C002407F07FF885F881
:102BC0000041204643B0BDE8F040EBF77BBA08BFB8
:102BD0006C70F6E738B504692046FFF718FF00254A
:102BE00004F17C0003F088FF04F58070C4F8FC5009
:102BF000FFF715FF284638BD38B503460846194685
:102C00001D69EBF7C9F904462846FFF700FF214686
:102C100005F17C00F0F784F9044605F58070FFF7B4
:102C2000FEFE2046BDE83840EBF74CBAF8B5044646
:102C30000846214625691746EBF7AEF921460646B8
:102C40003846EBF7A9F904462846FFF7E0FE22468E
:102C5000314605F17C00F0F7CFF9044605F58070A8
:102C6000FFF7DDFE2046BDE8F840EBF72BBA38B59C
:102C70000346084619461D69EBF78EF904462846B7
:102C8000FFF7C5FE214605F17C00F0F7EFFA044698
:102C900005F58070FFF7C3FE2046BDE83840EBF72E
:102CA00011BA70B5034614461E69D6F8E42092693D
:102CB0002260D6F8E420D2696260D6F8E420126A75
:102CC000A26008461946EBF767F93046FFF79FFE0A
:102CD00006F17C0003F0E9FF054606F58070FFF77A
:102CE0009EFE002DA1BFA3685B1BE3600025284664
:102CF000BDE87040EBF7E6B9F8B50569074605F59C
:102D00008076304604F02FF92846FFF780FE97F8CA
:102D1000202079692846EBF74BF90446C0B905F144
:102D20007C0429462046F0F743F800280BDA97F890
:102D30002030DA0707D49B0719D429462046EFF73D
:102D4000D1FF002808DAEBF7BDF90028044609DABC
:102D50000023C5F8FC3005E020462946F0F728F8A6
:102D6000041EF0DB3046FFF75AFE2046F8BD6FF038
:102D70001D04EDE7F0B50346C3B0084619461F69C8
:102D80001546EBF709F904463846FFF740FE2146A1
:102D90006A4607F17C0003F0B4FE044607F5807034
:102DA000FFF73DFE002C10DB9DF800309A1E5342C9
:102DB00053412B70019BC5F80431FF2202A9681C06
:102DC000002406F07BFF85F80041204643B0BDE8B3
:102DD000F040EBF777B908B50122EBF775FA002858
:102DE00018BF6FF0040008BD08B5062201210020BD
:102DF000EBF706FB002211460620EAF7C9FC012189
:102E000008460722EBF7FCFA002211460720EAF7F2
:102E1000BFFC082201210220EBF7F2FA0022114642
:102E20000820EAF7B5FC092201210320EBF7E8FAB4
:102E3000002211460920EAF7ABFC0A2201210420F6
:102E4000EBF7DEFA002211460A20EAF7A1FC052181
:102E500008461622EBF7D4FA002211461620EAF7AC
:102E600097FC292206210A20EBF7CAFA0022114614
:102E70002920EAF78DFC002008BD01F01F01012088
:102E80008840704700F00302043292000F23934001
:102E900043EA900010B500F003039B0003F1804368
:102EA00003F58033020C9C6892FAA2F2B2FA82F225
:102EB00002F00F0224EA104091400143996010BDD6
:102EC0000B88C3F30B0303F6B872C2F30B021C2A80
:102ED0009FBF03F1B04349681A688A439ABF002034
:102EE0001A606FF085007047082809D84FF4F57311
:102EF000C34013F0010F0CBF6FF085000020704736
:102F00006FF08500704770B508884A68C0F30B0001
:102F100094B2C2F30445FFF7E7FF90B9FF2A0FD040
:102F2000C2F3415604F1B04401360123B340216895
:102F3000013BAB40120E21EA0303AA401343236076
:102F400070BD6FF08500FBE717B40B88C3F30B036C
:102F500003F6B874C4F30B041C2C0A4604D90022EF
:102F600003B010BCFFF7CFBF03F1B043506819683E
:102F7000014319601388C3F30B0303F1B04300202E
:102F80001B680193019B03B010BC70470888C0F315
:102F90000B0008B500F6B873C3F30B031C2B08D85D
:102FA00000F1B0404B68026893430CBF022001203F
:102FB00008BDFFF799FF00280CBF02200120F7E7AA
:102FC0007047704701298CBF6FF085000020704763
:102FD000EBF7E4BCF7B51C46164600238268236075
:102FE000A36053690D4601AA69469847019B5A1E82
:102FF00001921BB96FF0150003B0F0BD0098A268F4
:1030000047682168676085B9B31AD0F800C0634586
:1030100028BF63461A4403FB07112160A2600268BF
:103020009A4206D808300090E0E76B1AB3FBF7F33A
:10303000EBE70020E0E713460022FFF7CBBF2DE9C6
:10304000F047836886B05B698846914601A902AA69
:1030500098470024A2462546029BAB4202D806B000
:10306000BDE8F087019F07EBC50700267B68049346
:103070003A68B2420AEB060302D801359A46EBE7FA
:1030800003940593494603A8C0470028E7D0049B52
:1030900001361C44ECE74FF0FF324FF0FF330430B1
:1030A000F0F758BE7FB506460D4614461BB141EAFF
:1030B00002035B0710D101AA29463046FFF7BBFF88
:1030C00050B9013C01AA61193046FFF7B4FFB0FACC
:1030D00080F0400904B070BD0020FBE770B51C46CD
:1030E0001546002322460E46FFF7DCFF40B12CB107
:1030F000224606F10061284606F057FD002070BD0B
:103100006FF01500FBE70020704708B50069043038
:103110000122114603F02FFFFFF7F5FF00EAE070F0
:1031200008BD73B506464FF4FA720023684604F0F2
:103130003EF933691B681A6944F2FA310A40DDE945
:10314000004513D01A690A401A616FF0040002B0FA
:1031500070BD002AF9D122462B46684604F04CF98E
:10316000DDE9003213430CBF0122002233691B68E2
:10317000186910F4A020ECD1E9E770B501230546E9
:103180000E461446FFF78EFFF8B1CCB12869FFF761
:1031900082FF00212846EBF777FD98B93146224699
:1031A000284600F043F8064601212846EBF76CFD5F
:1031B000002E14BF3446044628690430F0F792FD0F
:1031C000204670BD6FF00406EEE76FF01504F7E7D8
:1031D000F8B51C4617460123224605460E46FFF762
:1031E00061FF00B3D4B12869FFF755FF00212846DD
:1031F000EBF74AFDA0B9314623463A46284600F08F
:1032000070F8064601212846EBF73EFD002E14BF5C
:103210003446044628690430F0F764FD2046F8BDC2
:103220006FF00406EEE76FF01504F7E7F8B5551EEA
:103230000D440646CF12ED120020BD4200D2F8BD6B
:1032400033691C686369002B48DB3046FFF769FF70
:103250000028F4DB23685A050FD5236823F4806324
:103260002360236843F480532360236823F480534E
:103270002360236843F48063236023689B050FD594
:10328000236823F400732360236843F400632360FE
:10329000236823F400632360236843F400732360EE
:1032A000636943F002036361636923F47E736361BE
:1032B0006269FB0003F47E7313436361636943F443
:1032C0008033636130466369FFF72BFF6369002831
:1032D00023F002036361B2DB0137AEE76FF0040055
:1032E000ADE72DE9F84F05460020164698460446FE
:1032F00001F10067A04510D924F007033344E21020
:10330000D3F804A02B6956F832B0D3F80090D9F85E
:103310001430002B03DA6FF00400BDE8F88F284664
:10332000FFF7FFFE0028F8DB3A59013207EB0403F0
:1033300002D15A68013202D05BEA0A02EBD1D9F815
:10334000142042F00102C9F81420D9F81420C3F85F
:1033500000B02846C3F804A0FFF7E3FED9F8143004
:10336000002823F00103C9F81430D6DB0834C1E784
:1033700043685B681B690B600020704743685B68AB
:10338000586942400A4042405A61002070474368F1
:103390005B6800209961704743685B680020996210
:1033A000704743685B685A69514059610020704713
:1033B00030B50369986800B30024884219D10868C1
:1033C0008CB9DC689860A14200D1D8600020086008
:1033D0002AB19A680A60DA68996002B9D960002057
:1033E0000FE02846E9E72060D868814208BFDC602A
:1033F000ECE705680446002DF3D1002AE9D16FF00F
:10340000150030BDF8B512F4003407690D4602F01E
:1034100030061DD0940718D551073BD54FF42044F2
:10342000130301D544F48014102E2ED144F48024CB
:1034300012F4403611D0796821FA05F3DB075FBF3B
:103440000123AB400B437B6007E04FF40054E7E7F8
:10345000D103E9D4F6B94FF4C04402F44023D201B9
:10346000003B02F4403218BF012322432946FEF7F5
:103470008AFF46B97B6823FA05F2D20741BF0122D1
:10348000AA4093437B600020F8BD202E08BF44F47F
:103490000024CDE76FF08500F6E770B50B690E46A6
:1034A0009968054609B10C6801B970BD8A682A405F
:1034B00002D04B68304698471CB1236821461C4611
:1034C000F2E72346FAE7036993F860201AB11B6B11
:1034D0000B60002070476FF0040070472DE9F74340
:1034E00098460B7A056943F0040316460B720746AB
:1034F0000C460B460122B2420ED905F118094FF0D5
:10350000FF324FF0FF334846F0F724FC384600F016
:1035100084F8051E21DA25E00AD2197A187D81EA9D
:10352000000C1CF0010F01D0400722D5890720D4E0
:1035300001320C33D2B2DEE7012E14BF04F11403C2
:103540000023CDE90038384694E80E0000F008F971
:10355000051E04DB013E0C34F6B2002EECD13846D9
:1035600000F05DF84846F0F7BDFB284603B0BDE823
:10357000F0836FF01505F8E770B5046905460E464F
:1035800018344FF0FF324FF0FF332046F0F7E2FBE4
:1035900031462846EBF706FD05462046F0F7A2FB2C
:1035A000284670BD42680369D26883F8621019B971
:1035B000136823F440131360704700F057B800F00D
:1035C000B0B808B5002211462020EAF7E1F8202023
:1035D000EAF79EF8002221201146EAF7D9F8BDE863
:1035E00008402120EAF794B807B501AA01F01AFFB4
:1035F000002805DB019B00221979186801F025FFDE
:1036000003B05DF804FB19B1012903D1EBF79CBCB1
:10361000EBF7AEBC6FF08500704700207047704735
:1036200043680169DB681A6822F002021A601A68AE
:1036300022F004021A601A6822F020021A601A6846
:1036400022F010021A601A6822F040021A6091F803
:1036500061201AB91A6822F080021A607047426D20
:103660001AB100224265F0F73DBB704710B54368C0
:103670000269DB6899691C6811F0100F07D0D969DD
:1036800041F01001D961012191649B6910BD11F0D5
:10369000200F0CD0DA6942F02002DA6101229A612F
:1036A000FFF7BEFFBDE810400069FFF7D8BF11F07B
:1036B000040F09D0D16D586A0870916D0139916578
:1036C000D16D0131D165E0E711F0800F15D014F014
:1036D000400F12D0946D5968002CE1D0FF2C01D915
:1036E0005960D2E792F8502021F47F0141EA044169
:1036F000002AF5D121F08071F2E711F0020F03D01A
:10370000D16D09789962D8E74906BED56106BCD566
:10371000526D127A9207C3D55A6842F480425A60B9
:10372000B3E710B54368DB689A6991050ED5DA698D
:10373000016942F40072DA6101234B64FFF770FF04
:103740000069FFF78CFF6FF0040010BD9A69D20585
:1037500001D40020F9E7DA6942F48072DA61F8E70F
:103760002DE9F04385B00DF1040888E80E004368A8
:10377000DDF83090BDF834700469DD6806462046F7
:10378000F0F708FB029BA365019BE3650023C4E9F6
:103790001133E3640123C4F85480AB612B6843F018
:1037A00001032B606B68226B9DF80C10A86923F055
:1037B0007F7323F44233D20723F47F7323F0030390
:1037C00046BF47F400673B4343EA470311F0020258
:1037D00046D1B9F1000F45D099F800707F0702D4A7
:1037E00043F08073012284F85020029AFF2A86BF9A
:1037F00043F0FF7343F4803343EA0243000607D4E7
:10380000CA0754BF23F4806343F4806343F4005336
:103810006B602B6843F0F6032B6034699DF80C5005
:10382000766805F00205D6E906232046F0F792FAFD
:10383000A36CCBB9636C184314BF6FF00400002075
:10384000ADB9031E18BF012394F861202AB923B132
:10385000F268136823F00103136005B0BDE8F0833C
:103860000022C0E74A46BEE76FF00400E8E7012304
:10387000EAE7F0B41346DA028768066907D513F45D
:10388000402F1EBF43F3000202F4402253401F2981
:1038900023F480120AD8346801258D40DB074CBF21
:1038A0002C43AC4334603B68F0BC18476FF0150004
:1038B000F0BC704737B5034600681C79836805691A
:1038C0005B6801A9984740B92B68019858400123CB
:1038D000A3401840003818BF012003B030BD51F894
:1038E000043C5B681B680A22A3FB022301F114005D
:1038F000F0F76ABC2DE9F0470D464468036929B129
:10390000012938D06FF08500BDE8F0870122BFF3B0
:103910005B8F53E8001F43E800200028F9D1BFF374
:103920005B8F4FF00C086368AB4201DC0020EBE7D3
:10393000D4F80890637D08FB05F709EB07061BB177
:10394000237D4BB90135EEE74FF400113046EBF71C
:10395000F7FB0028F4DAD7E7022B14BF002330234B
:10396000F28859F80700317922EA0302FFF781FF54
:103970000028E7D0C8E70025E668BFF35B8F53E86F
:10398000002F43E800510029F9D1BFF35B8F0C27CA
:1039900006F110084FF0480963689D42C6DAA26834
:1039A000217D07FB05F302EB030A81B9637DD3B9DF
:1039B0005046FFF77FFF09FB05F34FF0E86108F879
:1039C00003005046EBF7BCFB002814DA9CE7D05804
:1039D000BAF806209AF8041042F48032FFF749FF43
:1039E0000028E3D090E723680A22A3FB022306F114
:1039F0001800F0F7E9FB0135CEE7292828D00FD8C9
:103A00000F2821D006D8072818D00A281AD06FF01E
:103A100015007047142819D01F28F8D102230EE092
:103A2000FA2819D005D83E2814D07D28EFD10423D8
:103A300005E0B0F5FA7FEAD1062300E000230B7021
:103A4000002070470823FAE70123F8E70923F6E787
:103A50000A23F4E70323F2E70523F0E707B502237F
:103A600049BAADF8041001AA194601F019FB03B0D8
:103A70005DF804FBBFF35B8F0068BFF35B8F70479B
:103A8000EFF7F2BF006900F5FC7100F5027003F07A
:103A900029BB13B501230C4601AA152101F02DFB0A
:103AA00020B99DF804305B085B42238002B010BD52
:103AB00008B503F07AFC0A220023DDF79BFB08BD62
:103AC00037B501230D460DF1070240F68901044682
:103AD00001F05BFB00280EDB9DF807306DB103F0B1
:103AE000FB038DF807300DF10702012340F6890131
:103AF000204601F020FB03B030BD43F00403F0E7A3
:103B000030B585B049BAADF8081000219DF82050B5
:103B10008DF80A108DF80B208DF80C3002AA0623C0
:103B20008C2104468DF80D5001F0BAFA00281BDBF9
:103B300001230DF1070240F23671204601F025FB0A
:103B4000002811DB9DF80730012D0CBF03F0FB03AB
:103B500043F004038DF807300DF10702012340F212
:103B60003671204601F0E7FA05B030BD13B504699F
:103B700094F83B300A46A18E94F83940009483F0C3
:103B80000103FFF7BDFF02B010BD07B501230DF122
:103B900007029D218DF8073001F082FA03B05DF82D
:103BA00004FB13B502230C4601AA122101F0A5FA69
:103BB00018B9BDF804305BBA238002B010BD07B558
:103BC00000238DF807300DF107020123802101F059
:103BD00067FA03B05DF804FB30B40346006870B1C7
:103BE00019791F298568046909D8236801228A4048
:103BF00023EA020323602B68002230BC184730BC44
:103C000070477FB50C46092301AA40F29F21054663
:103C100001F0BBFA00282CDB9DF80430052B28BFEF
:103C2000002301A80021CAB2934217D8042B20D048
:103C30005A1C8DF804200221012213FB01231033AA
:103C40006B44082203F80C2C03F80B4C01AA09233F
:103C500040F29F21284601F06EFA0AE002464678BB
:103C6000927842EA0622A24201F1010100F102002B
:103C7000D9D104B070BD03460A4600681979012302
:103C800003FA01F103691B68194218BF82F00102AF
:103C900083680AB1DB6818471B69FCE72DE9F0412E
:103CA0004568D0F8108006460F46144601F089F9A1
:103CB000EB6B33B105F13C00CCB998F8C612FFF7B5
:103CC000DAFF95F84730B3B1EB6A2BB107EA04018C
:103CD00005F12C00FFF7CFFF6B6B9BB105F13400B2
:103CE0003FB184F00101BDE8F041FFF7C4BF0121FD
:103CF000E5E73946F7E7224639463046BDE8F04168
:103D000001F066B9BDE8F081EFF752BFBFF35B8FFA
:103D100050E8003F40E80012002AF9D1BFF35B8F62
:103D2000704710B50021044680F8C81200F53370C2
:103D3000FFF7ECFF04F53470FFF7E8FF04F535708A
:103D4000BDE81040FFF7E2BFBFF35B8F50E8003FD4
:103D5000013340E80032002AF8D1BFF35B8F70478F
:103D6000F7B591F83D20054691F83E00002A0C4633
:103D700014BF1646022678B991F83210208EEBF760
:103D8000F3FB94F93C333BB118443028A8BF3020F2
:103D90000C28B8BF0C20C0B294F83D73002F08BFA8
:103DA00007462846FFF70BFF002830DB94F83F302A
:103DB0008DF80060002B08BF0A2300268DF8023022
:103DC0006A460723882128468DF801708DF8036024
:103DD000ADF804608DF8066001F062F9002816DB8A
:103DE0004FF4C0712846FFF739FE012184F83413DF
:103DF00032462846FFF752FF33463246C521284651
:103E000001F04EF90028B4BF84F83463304603B0A3
:103E1000F0BD2DE9F0478046056992460E4639B956
:103E2000C5E9C41185F834130C462046BDE8F08777
:103E300095F84030002B42D0BFF35B8F05F114079B
:103E4000012357E8002F002A03D147E80031002959
:103E5000F7D1BFF35B8F15D105F118094FF0FF3291
:103E60004FF0FF334846FFF70BFE4046EBF76CFB85
:103E70000446B8B14846FFF747FF00213846FFF730
:103E800045FFD2E7BFF35B8F57E8002F032A03D12A
:103E900047E800310029F7D1BFF35B8FDCD06FF02A
:103EA0000F04C2E7C5E9C46A29464046FFF758FF38
:103EB00004464846FFF728FF002CB6D0DDE76FF038
:103EC0001504B2E72DE9F74F0569019395F84030E5
:103ED00007469246002B00F08480BFF35B8F05F10C
:103EE0001406012356E8002F002A03D146E80031CA
:103EF0000029F7D1BFF35B8F15D105F118084FF0FA
:103F0000FF324FF0FF334046FFF7BAFD3846EBF77C
:103F10001BFB0446D0B14046FFF7F6FE00213046B9
:103F2000FFF7F4FE0EE0BFF35B8F56E8002F032A85
:103F300003D146E800310029F7D1BFF35B8FDCD015
:103F40006FF00F04204603B0BDE8F08F05F5467B07
:103F50005846EFF71FFF6FF07303C5F81043C5F81D
:103F6000303329463846FFF7FBFEA146044640465B
:103F7000FFF7CAFE002CD1D1019B52465846EFF7FD
:103F8000E9FE0446E8B14FF0FF324FF0FF33404600
:103F9000FFF776FD85F834933846FFF710FE4FF4AF
:103FA000C0713846FFF75AFD4046FFF7ADFE49465F
:103FB0003046FFF7ABFE14F10B0F08BF6FF0730430
:103FC000C0E7D5F83033002B09DD95F8353333B130
:103FD00003213046FFF79AFED5F83043B2E70021BF
:103FE000F7E76FF01504ADE71FB50B0C8DF808303F
:103FF000C1F307238DF80930130C52BA8DF80A105B
:104000008DF80B30ADF80C2001230DF107029F2134
:1040100004468DF8073001F043F8002805DB06233D
:1040200002AA9421204601F03BF804B010BD002301
:1040300010B580F808330446EBF77EF94300FA2BFD
:1040400038BFFA230A2204F5367104F50270A3FB87
:104050000223BDE81040F0F789B837B50C4640F2AE
:10406000FF310546FFF7FAFC2046FFF75AFE94F8A9
:10407000C432D3B12846D4E97B12FFF7B5FF2046FE
:10408000FFF7D5FF2B6993F8C72294F8C5325B0080
:1040900043EA82038DF8043001AA012340F6AC0103
:1040A000284601F048F803B030BD4FF6FF73ADF875
:1040B00004308DF8063001AA03238221284600F03F
:1040C000EFFFDFE72DE9F3410023ADF8063010F8EC
:1040D000143C50F8187CA0F536740546002B5CD0D3
:1040E000A0F53170FFF7C6FC032856D194F8C8320A
:1040F000A3B1002384F808332046EBF71DF94300F1
:10410000FA2B38BFFA230A22A3FB02232946A5F182
:10411000D00002B0BDE8F041EFF7FCBF3846EBF746
:104120002FFF80460028E4D1A5F530760022002339
:104130003046FFF7A5FC10B184F80883DCE7384669
:10414000EBF71EFFB8B90DF106013846FFF729FD60
:1041500088B9BDF806305A070DD5DB060BD494F8A4
:1041600008330133DBB2012B84F8083307D830461B
:10417000FFF7CAFDC0E7002384F80833F7E705F12D
:104180003400FFF7E1FD21463846FFF766FF304671
:1041900002B0BDE8F041FFF7B7BD02B0BDE8F08165
:1041A00007B501238DF807100DF107028A2100F0F1
:1041B00077FF03B05DF804FB07B5036993F8C732D6
:1041C000490041EA83018DF8071001230DF1070230
:1041D00040F6AC0100F0AFFF03B05DF804FB37B56B
:1041E000056914350446042328468DF80730FFF787
:1041F00041FC0146A0B10021204601F06DF80022EB
:1042000011462046FFF74AFD842101230DF10702E4
:10421000204600F045FF014610B92846FFF776FD1D
:10422000084603B030BD2DE9F04F87B00469DDF8D2
:10423000489004F11807054616469A464FF0FF329B
:104240004FF0FF333846DDE9108BFFF719FCB9F169
:10425000000F2CD104F5F470C4E97899FFF774FDD0
:1042600084F8C4922046FFF75CFDBFF35B8F1434E3
:10427000012354E8002F032A03D144E80031002928
:10428000F7D1BFF35B8F0CD12846EBF779FE10B165
:10429000284600F0E6FE2846FFF791FC2846FFF787
:1042A0009EFF3846FFF730FD4FF0000B07E094F813
:1042B000403043B93846FFF727FD6FF0150B5846DD
:1042C00007B0BDE8F08FBAF1FF3F08BFB6F1FF3F7E
:1042D000F0D0BBF1FF3F08BFB8F1FF3FEAD04FF489
:1042E000C8535E4303FB08F8B6F57A4F04F1140A8D
:1042F0002ABF4FF47A734026B6FBF3F65046B8F562
:104300007A4F2ABF4FF47A734FF04008B8FBF3F8A6
:10431000FFF7B0FB03282AD194F8C4322BB3D4F8AA
:10432000EC31B34221D1D4F8F011B1EB080118BF40
:104330000121139BC4F8E091C4F8E43104F5F47052
:10434000FFF702FD0029ACD00123C4E97B6884F8A3
:10435000C4322846EBF714FE10B1284600F081FE67
:1043600021462846FFF779FE9BE70121E1E7032379
:10437000BFF35B8F5AE8002F002A03D14AE80031CF
:104380000029F7D1BFF35B8F05D03846FFF7BCFC9F
:104390006FF00F0B93E72846EBF7D6F8834638B15A
:1043A0003846FFF7B1FC00215046FFF7AFFC86E727
:1043B00040F2FF312846FFF751FB2046FFF7B1FCE2
:1043C0006B6803937F238DF817300DF117020123DB
:1043D0008921284600F064FE41F2883002F06FFC2B
:1043E00032212846EBF770FDB0F1000BD8DBE16A13
:1043F0002846EBF727F8E16A2846EBF753F8039BCA
:1044000093F8473013B12846FFF7BFFB139BC4F85E
:10441000E09104F5F479C4F8E4314846FFF794FCE0
:1044200094F83B3094F83920A18E009283F0010378
:10443000FF222846FFF764FBB0F1000B4FF00002AB
:104440000BDAC4F8E0214846FFF77EFC2846FFF768
:10445000C6FE3846FFF758FC31E728460121FFF732
:104460001DFCC4E97B68012384F8C4322A6992F8F0
:10447000C71294F8C5229A4042EA81028DF81620AC
:1044800040F6AC010DF11602284600F054FE284615
:1044900042463146FFF7A8FD2046FFF7C8FD00E77A
:1044A0002DE9F74F046904F118070646884691463E
:1044B0004FF0FF334FF0FF323846FFF7E1FAB8F123
:1044C000000F22D104F5F470C4E97888FFF73CFCB2
:1044D0002046FFF726FCBFF35B8F1434012354E81A
:1044E000002F032A03D144E800310029F7D1BFF39C
:1044F0005B8F05D13046FFF762FB3046FFF76FFE5A
:104500003846FFF701FC002507E094F8403043B936
:104510003846FFF7F9FB6FF01505284603B0BDE8F4
:10452000F08F04F1140B5846FFF7A4FA032806D1C4
:10453000C4E9788904F5F470FFF706FCE0E74FF072
:10454000030ABFF35B8F5BE8003F002B03D14BE80E
:1045500000A2002AF7D1BFF35B8F05D03846FFF7E2
:10456000D3FB6FF00F05D8E73046EAF7EDFF0546BD
:1045700038B13846FFF7C8FB00215846FFF7C6FBA5
:10458000CBE740F2FF313046FFF768FA2046FFF7ED
:10459000C8FBC4E9788904F5F4794846FFF7D4FBF1
:1045A000FF2184F8C4523046FFF7E0FAA846051E02
:1045B0000BDAC4F8E0814846FFF7C6FB3046FFF748
:1045C0000EFE3846FFF7A0FBA7E742460121304622
:1045D000FFF764FB4FF6FF73ADF804308DF806303B
:1045E00001AA53468221304600F05AFD051E02DA28
:1045F000C4E97888DFE7336993F8C72294F8C532B5
:104600005B0043EA82038DF8043001AA012340F6DF
:10461000AC01304600F08FFD72E72DE9F04F87B016
:104620000669DDE9109796F84030CDF80C90CDE999
:1046300001120446002B00F0B280BFF35B8F06F13D
:10464000140B03235BE8002F002A03D14BE8003151
:104650000029F7D1BFF35B8F40F0A48006F1180862
:104660004FF0FF324FF0FF334046FFF709FA204684
:10467000EAF76AFF824650B14046FFF745FB00214A
:104680005846FFF743FB504607B0BDE8F08FC6E938
:104690007800054606F5F470FFF756FB06F1A40B0B
:1046A000584602F02BFCFF212046FFF75FFAB0F1DD
:1046B000000A06DA2046FFF792FD4046FFF724FB8A
:1046C000E1E72A4601212046FFF7E8FAB7F1FF3F6C
:1046D00008BFB9F1FF3F41D06FF009024A4575EBC1
:1046E0000703484630D309304FF00A024FF0000369
:1046F00047F10001DCF72EFD80B38001030C8DF83B
:104700001030C0F307238DF811308DF81200032309
:1047100004AA8221204600F0C3FCB0F1000AC9DBE4
:104720004046FFF7F1FA4A463B4604A95846EFF7E0
:1047300043F9002815DA2046FFF741FA2046FFF733
:104740004EFD6FF00A0A9EE709304FF00A024FF063
:10475000000347F10001DCF74DFDCDE76FF07F402E
:10476000CCE7DDF814A0BAF1000F8CDD029B0198B4
:104770009A45A8BF9A46524606F1E00105F015FA9F
:10478000129B1BB1129ABDF810301380139B002BA3
:104790003FF479AF139A9DF81230137073E76FF0FE
:1047A000150A70E76FF00F0A6DE72DE9F04FD0F8AA
:1047B000C8408BB0A0F5FC774FF0000806460DF11D
:1047C0001A012046ADF81A80FFF7EBF94045C0F218
:1047D000CE81BDF81A5020462946FFF73FF9E80779
:1047E00015D5D4F81090CDF820802046FFF7F7FCBF
:1047F000D9F8F40120B14146F0F78EFBC9F8F481F5
:104800000022002308A909F16C0002F070FB15F0EA
:104810000203049300F09280BFF35B8F06F5A07251
:104820004FF0020A52E8003F012B03D142E800A1F9
:104830000029F7D1BFF35B8FD4F810804FF0000947
:104840004046CDE90899FFF76CFA534607AA1321B1
:10485000204600F052FC002840F01D819DF81CA06D
:104860009DF81D90032307AA1421204600F045FC63
:1048700050B99DF81C305B085B42ADF820309DF9C3
:104880001D309B108DF82230690600F10881AA06C0
:1048900002D5EB0640F10381BAF1000F00F0FF8072
:1048A000534608F1E002494620468DF823A000F067
:1048B000B5FC002801DB9DF82300099008F1180AD7
:1048C0004FF0FF334FF0FF325046FFF7D9F8D8E9E9
:1048D000789308F5F47B58460393FFF7CBF80590DF
:1048E0005046FFF711FAB9F1000F00F0F180414690
:1048F0002046FFF7B2FB4FF0FF334FF0FF32504638
:10490000FFF7BEF8D8F8E031994500F0CB804FF0C2
:1049100000095046FFF7F8F9B9F1000F0ED0099BD6
:10492000002B80F2C780039B01939DF922300093F6
:104930000022BDF9203011462046C847680610D530
:10494000049B73B9BFF35B8F06F5A073022253E893
:10495000001F012903D143E800200028F7D1BFF34D
:104960005B8F29063CD5002287F8342397F835233E
:1049700005F48073C5F300282AB323B33846EAF759
:1049800007FD4FF47A43A0FB03326FF0C051994208
:104990004FF0030393412CBF80016FF07F40030C65
:1049A0008DF820308DF82200C0F30723012106F591
:1049B000A0708DF82130FFF7A9F9032308AA8221FE
:1049C000204600F06DFBD7F81033002B00F08E80EE
:1049D0000021D7F814232046C7E9C411414698475F
:1049E000AA0534D5D4F81080BFF35B8F08F54E7359
:1049F000032253E8001F012903D143E800200028C7
:104A0000F7D1BFF35B8F40460CBF4FF0010A4FF068
:104A1000000AFFF786F998F83433C3B908F118098A
:104A20004FF0FF334FF0FF324846FFF729F8484672
:104A3000D8F8E0B1FFF768F998F8C432002B5CD1E0
:104A4000BBF1000F6ED041462046FFF706FBEB0698
:104A500015D540F2422315EA030110D1012387F84E
:104A6000C83206F1D400FFF751F9FFF721F8012809
:104A7000014638BF012106F1D800FFF747F9A6F536
:104A8000F270FEF7F7FF002871D020460BB0BDE8AA
:104A9000F04F00F030BCFFF610AFCA46E2E66FF010
:104AA00004000AE75846FEF7E5FF059B83427FF4C2
:104AB0002EAF2EE73FF442AF039B01939DF92230C6
:104AC00000939DF82320BDF9203008F1E00133E781
:104AD0002046FFF774F82046FFF781FB00220023F1
:104AE00008A908F1A40002F002FA27E7C7F830830A
:104AF00006F59070EFF7F6F872E7BBF1000F11D0F2
:104B000008F11400FEF7B6FF022807D0BAF1000F33
:104B100099D108F54370FFF717F994E798F8C43274
:104B2000002B90D02046FFF75AFBD8F8F40178B15B
:104B30006FF073010891F0F7EFF90023C8F8F43132
:104B40000022002308A908F16C0002F0D0F97EE7EA
:104B5000D8F8E031002B7FF47AAF08936FF00A03A6
:104B600009930022002308A908F1A400EDE70BB087
:104B7000BDE8F08F70B50569BFF35B8F044605F1A2
:104B80001406012356E8002F002A03D146E800311D
:104B90000029F7D1BFF35B8F15D118354FF0FF32E5
:104BA0004FF0FF332846FEF76BFF2046EAF7CCFCB8
:104BB000044630B12846FFF7A7F800213046FFF73A
:104BC000A5F8204670BD6FF00F04FAE7EBF7D8B9EF
:104BD00037B505460469EBF7D3F930B9183400222C
:104BE00000232046FEF74CFF18B16FF07F0003B0A2
:104BF00030BD2846EBF7C4F918B12046FFF784F81A
:104C0000F3E7012301AA1521284600F076FA0546AC
:104C10002046FFF779F8002DE7DB9DF804004008F7
:104C2000404200B2E3E72DE9F74304690023ADF801
:104C3000063094F8C83206461BB304F53470FEF70C
:104C400019FF0546FEF734FF002D4FD0451B2046C7
:104C5000EAF79EFB854249D304F1180500220023A0
:104C60002846FEF70DFF002840D13C213046FEF7D4
:104C7000F5FE2046FFF755F82846FFF745F80020D7
:104C80000EE004F11805002200232846FEF7F8FE86
:104C900048B104F11400FEF7EDFEC31E584258411E
:104CA00003B0BDE8F0830DF106013046FEF779FF51
:104CB000BDF8061011F010081AD0FEF7F9FE04F541
:104CC000357301461846FEF7D5FE30B9012938BFC5
:104CD00001211846FFF71AF805E00F1A2046EAF7F7
:104CE00057FB8742C1D22846FFF70EF80120D7E7CD
:104CF00011F0040104F533791AD0FEF7D9FE01460C
:104D00004846FEF7B7FE20B9012938BF01214846C1
:104D1000E0E70F1A2046EAF70FFB8742E3D30421AE
:104D20003046FEF79BFE41464846FEF7EFFFA3E7FD
:104D30004846FEF7EBFF04F53570F6E770B50469F9
:104D400084F8C512183405460E464FF0FF324FF076
:104D5000FF332046FEF794FE31462846FFF72CFA33
:104D60002046BDE87040FEF7CFBFF8B5476804693C
:104D7000F86B81F0010510B984F8C652F8BD04F152
:104D800018064FF0FF324FF0FF333046FEF778FE43
:104D900084F8C65204F11400FEF76CFE032805D116
:104DA00094F8C61207F13C00FEF765FF3046FEF7A7
:104DB000ABFF0120E2E7F7B50569476805F1180682
:104DC00004464FF4FA7200233046FEF759FE0028DD
:104DD0004DD12046EBF7D4F810B1204600F041F950
:104DE00004238DF806300DF10602012384212046AC
:104DF00000F056F94FF4FA7001F061FF204600F020
:104E000030F97F238DF807300DF107020123892146
:104E1000204600F045F941F2883001F050FF322180
:104E20002046EBF751F895F840301BB1E96A20466F
:104E3000EAF708FB40F6AC012046FEF7E2FE40F63A
:104E400089012046FEF7DDFE97F8473013B1204672
:104E5000FEF79BFE95F8C5321BB101212046FFF7F6
:104E6000ABF92046FFF7BBF93046FEF74DFF03B024
:104E7000F0BD006900F54370FEF7FCBD006900213C
:104E800000F54370FEF742BF436893F848203AB1FB
:104E9000B3F844004FF47A73584300F2DC50704783
:104EA00040F2DC5070470C20704730207047036997
:104EB00083F83C137047036993F83D2093F8321050
:104EC000188EEAF751BB70B5064605690C46FFF728
:104ED000F2FF21183029A8BF30210C29B8BF0C21BE
:104EE000012385F8353385F83D1305F54E70002113
:104EF000FEF70CFF2846EAF77FFA0A23A0FB0323FC
:104F00003046FEF7DFFF0023002885F8353385F8AB
:104F10003D33C8BF022070BD0069EAF739BA10B549
:104F2000036903F54E731846FEF7A4FD821E012A9D
:104F3000044608D818460021FEF7E8FE022C14BFEC
:104F40000220012010BD0020FCE730B58FB0CDE974
:104F500006129DF84C40129D002C0CBF19460021F2
:104F6000CDE90815002D01A9CDE90C35CDE90A12CE
:104F700014BF0223012306AACDE902230AAACDE920
:104F800004234CB104AB014651F8040B8268146849
:104F900002AAA0470FB030BD2346F4E703460A46F5
:104FA00000681979012303FA01F103691B681942AA
:104FB00018BF82F0010283680AB1DB6818471B69D9
:104FC000FCE74068436A13B12430FFF7E7BF70473E
:104FD00070B54568EB6A0C46164623B1114005F1E1
:104FE0002C00FFF7DBFF6B6B53B105F134002CB1E4
:104FF00086F00101BDE87040FFF7D0BF2146F9E718
:1050000070BDF8B5044600680D4618B301F086FE81
:1050100008B3E388206821792B43DA0287680669A0
:1050200007D513F4402F1EBF43F3000202F44022C1
:1050300053401F2923F4801210D834680125DB0760
:1050400005FA01F54CBF2C43AC4334603B689847EC
:1050500000EAE070F8BD6FF01200FBE76FF015009A
:10506000F8E730B587B0C023ADF8043001AB029348
:105070000223039302AB0493416801230593044682
:1050800051F8040B836804AA1D680023A847002870
:1050900004DB4FF47A712046EAF716FF07B030BD03
:1050A0002DE9FF410E468DF80C104FF47A71D0F8BF
:1050B0000480054614461F46EAF706FFD0B9CDE93D
:1050C00000702346012203A94046FFF73EFF041E5D
:1050D00007DB842E09D04FF47A712846EAF7F4FEF4
:1050E0000446204604B0BDE8F0814FF4FA7001F0A8
:1050F000E6FDF6E76FF07304F3E77FB51D468DF824
:105100000C1000234FF47A7146688DF80D30144668
:10511000EAF7DAFE60B90123CDE900530222234603
:1051200003A93046FFF711FF00EAE07004B070BD3C
:105130006FF07300FAE72DE9FF410D464FF47A71E5
:10514000D0F80480044616461F46EAF7BDFEC8B9EB
:105150000D238DF80C302B0ACDE900708DF80D3041
:105160000322334603A940468DF80E50FFF7EDFEAB
:10517000002804DB4FF47A712046EAF7A5FE04B05C
:10518000BDE8F0816FF07300F9E7F0B50C4685B02B
:105190004FF47A71476815461E46EAF795FEB0B996
:1051A0001D238DF80C30230A8DF80D300123CDE935
:1051B00000638DF80F002B46042203A938468DF8B2
:1051C0000E40FFF7C2FE00EAE07005B0F0BD6FF0E0
:1051D0007300FAE7F0B585B01E468DF80D100E236A
:1051E0004FF47A7147688DF80C3004461546EAF79B
:1051F0006BFE80B9CDE900602B46022203A9384638
:10520000FFF7A3FE002804DB4FF47A712046EAF78B
:105210005BFE05B0F0BD6FF07300FAE77FB51D4689
:105220001E238DF80C308DF80D1000234FF47A7189
:1052300046688DF80E301446EAF746FE60B9012341
:10524000CDE900530322234603A93046FFF77DFE34
:1052500000EAE07004B070BD6FF07300FAE710B5BB
:1052600004693220E8F762FAE3681BB12069BDE8FF
:105270001040184710BD07B58DF8063001238DF892
:10528000073004238DF804108DF8052095210DEBCF
:105290000302FFF705FF03B05DF804FB38B54FF0DC
:1052A000B0440546D4F8943043F40043C4F8943035
:1052B000C8200021EFF77CFAD4F8943023F400439F
:1052C000C4F8943064200021EFF772FA2846FFF703
:1052D000C8FE00EAE07038BD08B503693220D96025
:1052E00031B1E8F745FA3220E8F712FA002008BD9C
:1052F000E8F71CFAFAE708B53220E8F739FABDE812
:1053000008403220E8F704BAF7B51E46436893F820
:10531000202005460C46DABB93F92170B942A8BF9C
:105320003C460F2FE4B24FF0010324D10621FFF7D2
:10533000A2FF013C002864B21BDB6FF010039C420B
:10534000B8BF1C4618238DF803300DF1030201236A
:1053500040F6E7012846FFF7EEFE002809DB0223AE
:1053600001AA8E2128468DF804408DF80560FFF7CC
:1053700097FE03B0F0BD0A2F04D11946FFF77BFF5B
:105380000334D7E70421E41BFFF775FF0E34D1E7A0
:1053900093F9227001AA012340F6D801FFF7F5FE28
:1053A0000028E6DB9DF8043043F01E038DF804303E
:1053B00001AA012340F6D8012846FFF7BCFE0028C9
:1053C000D7DBBC42A8BF3C46142F4FF000030FD1DF
:1053D000052203212846FFF74EFF023464B200285D
:1053E000C7DB6FF008039C42B8BF1C463823AAE70E
:1053F000112F06D1032202212846FFF73CFF053476
:10540000ECE70E2F05D1022211462846FFF733FFA5
:10541000E5E7E71B0722042128461637FFF72BFF95
:105420007CB2DCE730B5036813600579046804EBEF
:10543000C504A34202D36FF0010030BD5C798C42F9
:1054400003F10803F0D10020F7E7F8B5044600EBBC
:105450008105AC4201D100200FE054F8046B06F046
:105460001F00C6F34317E7F7DFFD38B101233246CB
:105470003946FCF788FF0028EBDAF8BD6FF0120020
:10548000FBE74368C1F34B101B6801F01F01C058D4
:1054900001238B400340003B18BF01231370002001
:1054A000704710B54368C1F34B101A6801F01F0133
:1054B000845801238B4023438350002010BD10B536
:1054C0004368C1F34B14186801F01F0123580122EF
:1054D0008A4023EA02032350002010BD38B5044659
:1054E0000D46FFF7DEFF29462046FFF7E8FF0020C4
:1054F00038BDB0F5805F07D0B0F1805F09D10029D9
:105500000CBF02200120704700290CBF042003209B
:10551000704700290CBF03200220704743681B68B6
:10552000D869DA69C0F3C00002F0010240EA420023
:10553000DA699207DA6948BF40F004005107DA6976
:1055400048BF40F02000D20542BF4FF4807240F0C7
:1055500008001A62C10744BF08221A62820744BFCA
:1055600001221A62410744BF02221A62820644BF26
:1055700004221A62704743681A6852E8003F43F0F9
:10558000400342E800310029F7D1704743681A68A8
:1055900052E8003F23F0400342E800310029F7D1F0
:1055A000704743681B68D869C0F380107047436830
:1055B0001A6852E8003F43F0200342E80031002916
:1055C000F7D1704743681A6852E8003F23F0200380
:1055D00042E800310029F7D1704743681B68D86959
:1055E000C0F34010704710B50369EFF31180102429
:1055F00084F31288C3E9011280F3118810BD026997
:1056000053680BB191681847704708B500222420F1
:105610001146E8F7BDF8BDE808402420E8F778B85F
:1056200037B5034605680C4619B96FF0150003B08D
:1056300030BD406819698368DB68DBB101AA98470F
:105640000028F4DB019B4FF6EF7203EB5403B3FB2E
:10565000F4F3103B93424FEA5401E6D82B6823F44D
:1056600000432B60019B1944B1FBF4F189B2E9605E
:105670000020DCE76FF05700D9E707B501AAFFF774
:10568000D1FE002805DB019B002219791868FFF77D
:10569000DCFE03B05DF804FB43681B68D86910F0BA
:1056A00080001CBF1868C0F38010704710B50269F5
:1056B000126812680A6042681268126802F4C062D6
:1056C000B2F5806F04460B4633D0A2F5C06042426B
:1056D00042411A7162681268526802F44052B2F58F
:1056E000805F28D0B2F5405F27D0002A0CBF01228E
:1056F00003225A71626812681068116800F0102065
:1057000001F4C061FFF7F5FE987162681268926853
:1057100002F44072A2F540714A424A41DA7161686E
:105720000968896811F4804F18BF0322DA710020DC
:1057300010BD0222CDE70022DBE70222D9E738B50F
:1057400043681B680C461868196800F0102001F4C3
:10575000C061FFF7CEFE042816D0D86910F0800093
:1057600011D0EFF31181102080F312880020151A58
:10577000002D06DDDD692D0603D5255C9D62013017
:10578000F5E781F3118838BD6FF08500FBE710B5B0
:1057900043681B681020DA691206FCD5EFF311820A
:1057A00080F31288DC69240602D482F31188F2E7C0
:1057B000996282F3118810BD38B505464468D9B1A5
:1057C000012938D1606A0021FFF757FF002806DB66
:1057D0006068216983681B6813B96FF0570038BD92
:1057E00098470028FBDB23681B68DC0721D4284688
:1057F000BDE83840EAF714BD2368DA69D003FCD469
:10580000DA695106FCD5DA695202FCD508221A621F
:105810006068216983685B68002BDED098470028A8
:10582000DDDB606A0121FFF728FF002801DA831C15
:10583000D5D10020D3E76FF08500D0E743681B681F
:10584000DA69910602D51A68920607D4D86910F071
:10585000400004D01868C0F38010704701207047E2
:1058600038B543681B680C461868196800F01020AA
:1058700001F4C061FFF73DFE042810D0002008218C
:10588000151A002D0DDDDD69AD060AD55D6A2554BA
:10589000DD692D0700F10100F2D51962F0E76FF024
:1058A000850038BD43681B68DA69100744BF0822C9
:1058B0001A62DA69920643BF5B6A0B7000204FF0F0
:1058C000FF30704770B54668054670683169836877
:1058D0001B6893B19847041E0DDB706A0021FFF727
:1058E000CCFE041E07DB2846EAF79AFC044610B9F2
:1058F000B36A28469847204670BD6FF05704FAE710
:1059000030B50446086808B9106008E020684568AA
:105910009D4205D3B5FBF3F515602368186830BDCB
:1059200008302060086801380860EBE7C0F34510D4
:10593000082804D910288CBF0420022070470120B9
:105940007047436D43B9C36D33B9036E23B9406EDD
:10595000003818BF012070470120704738B5002279
:105960004D681346AA420CD18088FFF7DFFFB3FBD6
:10597000F0F200FB1233002B0CBF10466FF0150045
:1059800038BD0C6804EBC204013264682344E9E7C3
:1059900038B50B6805469888FFF7C8FF0346022B09
:1059A000D1E916200C4619D1E9680AB100B111807D
:1059B000E26D8AB1013AE265C2B9626C0832626492
:1059C000A26C013AA26404F1480104F15C0204F102
:1059D0004400FFF795FFA065012038BD297BC9B2BF
:1059E000002AE5D00028E3D01170E1E7A26D002A7B
:1059F000F2D01A44A265EFE738B50B6805469888DF
:105A0000FFF794FF02280C460346096D1DD1D1B162
:105A1000626D02B10A8892B2AA81626D8AB1013ABE
:105A20006265DAB9E26B0832E263226C013A226401
:105A300004F1400104F1540204F13C00FFF760FF5F
:105A40002065012038BD0A46E5E729B1626D02B143
:105A50000A78D2B22A73E0E70A46FAE7226D002AF2
:105A6000EFD01A442265ECE711F4006F006814D0FF
:105A7000C90706D4036823F4444332B143F44043D6
:105A800005E033B1036823F4444343F40043036067
:105A90007047036823F44443F0E7036823F4444366
:105AA000F5E7436802691B68196801F48271B1F572
:105AB000827F15D1516D99B9D16D89B11A6822F0E3
:105AC00040021A601A6822F4444242F400421A600A
:105AD0001A6842F040021A6040680121EAF7AABC45
:105AE000196811F4827F11D1516D79B1D26D6AB903
:105AF0001A6822F040021A601A6822F4444242F402
:105B000040421A601A6842F040021A60704737B586
:105B1000027E12F004040D4602D0002003B030BD16
:105B2000406801AAFFF77EFC002805DB019B2246A6
:105B300019791868FFF789FC012DEFD1831CEDD18D
:105B4000EBE78368DA0701D5037BFAE7036823F004
:105B50004003036003685B06FCD4704710B503691B
:105B600044681A6922B95A6003F10800EEF7BAF8DE
:105B70002068FFF7E6FF002010BDEAF76DBF08B50B
:105B8000EAF7D6FF08BD4FF0E022136923F00103C6
:105B9000136170470368013304D04068431C5842C6
:105BA000584170470120704710B504680B689C424B
:105BB00009D040684968884205D08C4203D0181A41
:105BC00018BF012010BD0020FCE740F30903B3F12A
:105BD000FF3F08BF0130C0F30900043070470A6876
:105BE0000368534003604A684368534043608A68CF
:105BF000836853408360704708B503681B0D13F436
:105C0000E06304D00430FFF7CFFF80F0010303F01E
:105C1000010008BDC36E426D1944891AB1FBF3F24D
:105C200003FB1211836D8B4208D9CA08406E01F044
:105C3000070101238B40815C0B4383540020704794
:105C400008B502460846FFF7C0FF13680344136017
:105C5000002008BD036801330360002070472DE970
:105C6000F04F87B0DDE911480393836E139EDB6923
:105C70001746A2199A4281468A4607D8C36E002B5E
:105C800000F09E80109A934200F29A806FF05300C9
:105C900093E0BAF1000F3FD0DAF80030109A934247
:105CA0003AD1DAE9015305EB030BA34534D9A542F8
:105CB00014D8ABEB040BB345DAF80C1028BFB3468D
:105CC000651B40465A46294403F06FFFD8445C44A4
:105CD000A6EB0B06002EDCD130466EE02D1BB54244
:105CE00028BF35463B68109A93421BD1D7E9011370
:105CF0000B44A34216D9A14210D81B1B9D4228BFBA
:105D00001D46FB68611A40462A46194403F04DFFC0
:105D1000A8442C44761BDDE73546E3E7091B8D429A
:105D200028BF0D46039B9E421FD3D9F868004369E4
:105D3000B4FBF3F203FB1242BAB9B34215D8B5FB78
:105D4000F3F203FB02FBA5EB0B03CDF800B00493C9
:105D5000436810999C4622464346E04768BB049B33
:105D60005B1BD8445C441E44B4E7109B3B60D9F8ED
:105D700068305B69B4FBF3F25A437A60D9F8681073
:105D8000059B486903442344B3FBF0F34343C869CC
:105D9000834294BFC2EB0305C2EB00058B6A1099E6
:105DA0009D4228BF1D46BD60D9F868000095456832
:105DB000FB68A84700283FF46CAF07B0BDE8F08F40
:105DC000039B013B059385E71FB5C3F309040294C8
:105DD000069C019400240094EBF75EF804B010BD1B
:105DE00030B5134687B00268044604AD0820916EB2
:105DF00003900295586801901B680093CB69104688
:105E000002F11001FFF72BFF18B9211D2846FFF7FB
:105E1000CBFE07B030BD2DE9F04F87B00646119F8D
:105E2000884691469A4600240DF1100BA74203D8EC
:105E3000002007B0BDE8F08F3D1B109B082D28BF48
:105E40000825E318CDE900A3CDE902B5A9EB0403C9
:105E5000424600213046FFF702FF0028E9D1129B9D
:105E60002A4618685946EDF735FB129B2C441860FA
:105E7000DCE71FB50023CDE9023301934FF0FF3378
:105E80000093EBF7B9FA05B05DF804FB2DE9F04F8C
:105E900087B00746129E884691469A4600240DF127
:105EA000100BA64201D800201BE0351B109B082DCB
:105EB00028BF0825E318CDE900A3CDE902B5A9EB79
:105EC0000403424600213846FFF7C9FE48B9119B3A
:105ED0002A461919584603F0A2FE002804D005DA14
:105EE000012007B0BDE8F08F2C44DAE70220F8E784
:105EF00030B513468268C1F3090585B0AA4228BFB0
:105F00002A460292416801915968009101681B6814
:105F100004460846FFF7BAFF28B9A368AB4202D08F
:105F200034BF0120022005B030BD036B1944C1F31A
:105F30000903003B18BF012321F0004141EAC3716E
:105F40000163704710B5836E5B6B044613B9C0687C
:105F5000E7F7DAFEA36E9B6B13B9E069E7F7D4FEAF
:105F6000A36EDB6B23B9606EBDE81040E7F7CCBED3
:105F700010BDF8B5C6690D68083EB5420F4613D38B
:105F8000B5FBF6F00138DBF769F9841CA5EB840456
:105F9000B4FBF6F42046DBF761F9A5EB800504FBC2
:105FA00016553D602046F8BD0020FCE72DE9F04F76
:105FB00089B00646DDF84C8005920F464BB94FF08C
:105FC000FF32C8F80020149A0020136009B0BDE821
:105FD000F08F846E013B07A920460793FFF7C9FFA6
:105FE00012A905462046FFF7C4FF4FF0040A814678
:105FF0000DF1140BA945059A03D3129BC8F8002094
:10600000E1E7A5EB0904B4FA84F495FAA5F3B3FA31
:1060100083F3C4F11F049C4228BF1C46A300CDE9B2
:106020000023CDE902BA04233A4600213046FFF7A7
:1060300016FE0028CAD10123A340ED1ADAE72DE9A4
:10604000F04F89B00646DDE9120A0F4690461D461C
:1060500088B30138059005A9B06EFFF78AFF0DF1EE
:10606000180B044614982946D04720BB1CB304F0F3
:106070000109C9F102039B00CDE90050CDE902B34B
:10608000424639463046FFF7EAFDA0B9E54305F040
:106090000105A84207DB08AB03EB8505023C55F878
:1060A000085C4C44DEE706991498D047034601206B
:1060B000002BEED0184609B0BDE8F08FC368184732
:1060C00010B50C46826AE068FF2103F095FD4FF0A1
:1060D000FF33236010BD38B581660B6AC3664B6B16
:1060E00004460D46002B3BD0C360AB6B002B43D066
:1060F000E36128462146FFF7E3FFA06E04F110019B
:10610000FFF7DEFFA56EEB6B002B3CD063662B6CBC
:10611000002B08BFFF2323676B6C002B08BF6FF0B9
:1061200000436367AA6C40F2FE33002A08BF1A4698
:10613000A2672B6DE367591C2CD10023E367002075
:106140004FF0FF33C4E90833C4E90A00C4E90F0083
:10615000C4E90C00C4E912006064A063206538BD86
:10616000886AE7F7B1FDE0600028BED12046FFF75E
:10617000E9FE6FF00B00F2E7A86AE7F7A5FDE06122
:106180000028B6D1F2E7E86AE7F79EFD60660028CE
:10619000BDD1EBE7002BD2D1EB6CA96A4BB18A429F
:1061A0004FEAD30328BF0A469A4294BFE267E367E7
:1061B000C5E7EB69F3E72DE9F0430D46096898461A
:1061C000CB1C85B00646174603D9002005B0BDE8B4
:1061D000F083806EAC6883691C44013CB4FBF3F42B
:1061E0005C430094D0F80890EB686A68C8470028C0
:1061F000ECD1B8F1000F04D1B06E2946FFF760FF73
:10620000E3E74FF0FF333B600294EB6801936B6868
:1062100000932B68224639463046FFF737FE0028A8
:10622000D4DBE9D06FF05300D0E72DE9F84FDDE97A
:106230000B5A0D9F06460C4690469946002F3BD0C0
:10624000002108E00A9B2360B36E9A69B5FBF2F364
:106250005343C4E9013123680A9A9342F2D160683A
:10626000A842EFD8B36E9A6A0244AA42EAD9521BF6
:10627000E368BA42A5EB000028BF3A4651461844ED
:10628000934603F092FC6368A2685D44EB1A934264
:1062900038BF1346A360B26E926A9A42DA44A7EB03
:1062A0000B07CBD14B46424621463046FFF783FFD2
:1062B0000028C3D0BDE8F88F3846FBE7F0B585B0BD
:1062C000CDE902231D464B6801930B6800930C46F1
:1062D00017460023024600F11001FFF7A6FF06460D
:1062E00040B9E0682A463946EDF7F4F86368E060A3
:1062F0002B446360304605B0F0BD2DE9F04F0646F3
:1063000087B010469946FFF760FC4B6893464A6990
:10631000034493420C46804641D88B682BF0004AD8
:106320008AEA03031BBA059305AA04233046FFF744
:10633000C5FF054678BBBBF1000FA8F1040720DAC2
:106340000DF1130B2FB30123CDE902B3D9F80430BB
:10635000043B4344DB1B0193D9F8003000933246E1
:106360003B4600213046FFF77AFC40B901235A46EC
:1063700021463046FFF7A2FF013F0028E2D0054644
:1063800009E03B464A4621463046FFF797FF002882
:10639000F5D1C4F808A0284607B0BDE8F08F6FF02B
:1063A0001B05F8E713460A46D0E90001FFF7A5BF31
:1063B00010B5D1E9003482699A4210D1C369A34271
:1063C00011D0D1E90234A34205D10A60C2694A6002
:1063D0005B00CB60002301338B60002010BDA24224
:1063E000EFD1C469EBE76FF05300F7E738B5044627
:1063F0000D46A16DE36D8B4208D3236E002B30D088
:106400002046EBF7F5FB0028F3D021E0606EDA08B8
:10641000825C03F00700C240D2071AD4626D1344B5
:10642000E26EB3FBF2F102FB11332B60A56DE36D5D
:10643000226E0133013AAB42E36522660FD2DA08DD
:10644000616E885C03F00703D84010F00100EED1C4
:1064500038BD0133E365236E013B2366CAE70020A4
:10646000F6E76FF01B00F3E77FB50C4604310646F4
:10647000FFF7BCFF054670BB21463046FFF7B6FF6D
:10648000054640BB2246042342F8080FCDE902230B
:10649000019022680092014632463046FFF7DFFB4A
:1064A00010B110F1540F19D1B36E5A6A002A09DDE8
:1064B000A368013242F00102013B1344B3FBF2F343
:1064C0005343A3604FF0FF330422C4E903230022A7
:1064D000C4E90523E361284604B070BD0546FAE728
:1064E0002DE9F04F93B0CDE907230B6BDA01064697
:1064F0000D461BD54C6B089BCA6AE318934238BF04
:106500001346C26F9A4211D2CC63C36E0366EBF797
:1065100097FB2B6B044630B143F480132B6320466A
:1065200013B0BDE8F08F23F080732B63089B0693B4
:1065300005F140030C93069B0BB9089CEFE72B6B0E
:1065400013F4802204D0B16EEF6BC9698F4247D13A
:10655000DB0100F1E08005F140030A93CAB96B6BDF
:10656000BBB1119211AA0292013B05F138020192CE
:106570000093D5E90A2305F140013046FFF716FDE7
:10658000044608B12B6BC7E7B06E05F14001FFF779
:1065900097FDF36E3366AB6B09936B6B0593013B11
:1065A0000B930FA93046FFF721FF04460028E9D1DD
:1065B000DDF83C80B06E4146FFF780FD044630B107
:1065C00014F1540FDED14FF0FF332B64E9E7059B44
:1065D0004BBBC5E90E831F462B6B43F480232B6313
:1065E000B36EDB69DF1B069B9F4228BF1F46079BDC
:1065F00003970293EB6B0193AB6B00930C99012310
:1066000032463046FFF711FE0446002800F088802D
:1066100010F1540FB6D129463046EBF711FB044672
:106620000028E4D0AEE7D6F868900B9B109310A931
:106630004846FFF79EFC109FD9F81C3001379F4257
:10664000109750D1471C97FAA7F7099B1193B7FAF7
:1066500087F707F1010AA1460DF1440B4FEA8903C0
:106660000D930423CDE902B34FEA8903CDE90083FA
:106670000A99012332463046FFF7D7FD0446002829
:106680009ED14F4535D109F10109CA45E6D8C5F873
:1066900038804FEA8A0724E0099B0093CDE902BACB
:1066A000CDF80490A7EB0903324600213046FFF7EE
:1066B000D6FA044600287FF465AFCDE902BACDE9E9
:1066C00000890A99012332463046FFF7AEFD0446A1
:1066D00000287FF475AF09F101094F45DCD8C5F8F2
:1066E0003880EF6378E7A1464FF0010A0DF1440BC3
:1066F000F3E70423CDE902B34FEA89030193119B29
:1067000000930146042332463046FFF7A8FA0446B8
:106710000028B8D036E76FF001036F6BAB63E0E79A
:106720006B6B3B446B63EB6B3B44EB63079B3B4402
:106730000793069BDB1B0693F36E3366FBE6F0B50F
:106740000C46096B0546080397B008D5CA0158BF27
:106750004FF0FF3321F4002158BF236421634B0322
:1067600002D4002017B0F0BD11F08071666BE76AAB
:106770003FD1542201A803F03FFAA36ACDE90B37B9
:106780000123CDE90D3695E80F0011AF87E80F0022
:106790004FF0FF372F60626BE36A9A4212D304F125
:1067A000400701232A4639462846FFF704FD20B357
:1067B00010F1540FD6D121462846EBF741FA0028B4
:1067C000EFD0CFE701230DF1030201A92846EBF733
:1067D000B7F80028C6DB01230DF103022146284645
:1067E000FFF77EFE0028BDDB2B680133D3D0119765
:1067F000D0E7BE422CBF66636763A36BA362636B83
:10680000E362236B23F4802343F48033C4E90C3622
:10681000A7E72DE9F7431E460B6B17461A030546FB
:106820000C4619D4216B0B051DD4D4F834806B6F42
:1068300008EB06029A422FD811F4802919D033466A
:106840003A4621462846FFF74BFE002808DB236B1B
:1068500023F49013236303E0FFF771FF0028E1D0D6
:1068600003B0BDE8F083E36A626B934288BF636361
:10687000DBE7E36A9845E2D96363636B9845DED949
:1068800001230DF10702214628468DF80790FFF7F6
:1068900027FE0028F1DAE3E76FF01A00E0E72DE9C0
:1068A000F34107464D6B0E46144613B1012B09D137
:1068B0002C447B6FA3423CD3AC4210D1204602B0A3
:1068C000BDE8F081022B08D1D1E90B32520302D589
:1068D000AB4238BF2B461C44EBE72C46E9E7336B51
:1068E0001B031ED5D7F86880F26BD8F81C309A428B
:1068F00017D0694640460095FFF73BFB01A90546C6
:1069000040460194FFF735FB85420AD1736C019A2A
:10691000934206D8B16C0B449A4202D27463F2637C
:10692000CCE731463846FFF70AFF0028C7D1746329
:10693000C4E76FF01500C2E72DE9F0438DB00C46B7
:1069400004A9BDF85490054617469846FFF78CFDFC
:10695000064628BBE37D8DF82730A3690A93E369D7
:106960000B93BDF85830CDE90193149B00933A4640
:10697000434604A92846EBF707FB002814DB049FD5
:10698000059AA7610123E261E37505F12001204624
:10699000FFF70AF920B9B9F1000F01D1C5E9087272
:1069A00030460DB0BDE8F0830646F9E710B5044661
:1069B000EBF7DAFD002806DB05D020460021BDE814
:1069C0001040EBF745BF10BDF0B587B00C4605464B
:1069D000FFF7B5FE226B064628B142F4801222630F
:1069E000304607B0F0BDD10349D504F10807384659
:1069F000FFF7D0F8002842D1D20120D5E36CE26A3B
:106A000040F20120A18842EA812242EA0052CDE907
:106A10000223226D936843EA812343F08153049358
:106A20005368059302AA022339462846FFF7BEFFA2
:106A3000236B08B343F4801323630646D0E729464B
:106A40004FF0FF3341F8103B2A4633462846FFF704
:106A5000B2FB0028F1D1A86E036998470028ECD159
:106A6000236BDB01CAD4D4E90A016B46CDE90001EE
:106A7000082240F20220C5E723F480332363AA6A88
:106A800004F1080522B9236B23F490132363A7E7CD
:106A9000944210D09379012B0DD1294602F10800C0
:106AA000FFF782F838B9A3889188994202BF136B27
:106AB00043F4003313631268E4E70B6BDB0270B539
:106AC00006460C4613D4FFF77FFF0546B26A06F16F
:106AD000280322B11A6894420BD122681A60236DF0
:106AE0001B6813B9E06CE7F70FF9284670BD002565
:106AF000ECE713461268ECE708B5FFF723FA00202D
:106B000008BD70B58AB016460191002301AA02A9FA
:106B10000546EAF76BFE041E0FDB01982F2103F0F8
:106B20009DF810B1230D022B0AD1C4F389223346FC
:106B300002A92846EAF76EFA044620460AB070BD5C
:106B40006FF01304F9E7EBF7ADBFFFF7B6BFFFF740
:106B50003BBF2DE9F0411F460B6B5B0305460C461E
:106B6000164607D43B46324621462846BDE8F0414A
:106B7000EAF7E6BEFFF7E3FD0028F3D0BDE8F081B9
:106B8000FFF747BEFFF78BBE2DE9F041161E86B01A
:106B900005460C4676DBD1E90B3252034F6B02D52A
:106BA000BB4238BF3B469E4251D2EB6F9E4230D82B
:106BB00000231A4621462846FFF771FE00285EDBB7
:106BC0004FF0FF332B60EA68334621462846EAF748
:106BD000B7FE002853DB236BE06C6FF0010243F03B
:106BE0008473C4E90A2643F48033236300232264B8
:106BF0006364AB6E9B6AA364E968324602F0D5FF1A
:106C000000233A4621462846FFF749FE00EAE07095
:106C100035E021462846FFF792FD80BB05AB029385
:106C200004F138030193731E00930590D4E90A23FD
:106C300004F140012846FFF7B9F900BBA36B666376
:106C4000C4E90A36236B43F410232363D8E7D7D96A
:106C50000223002221462846FFF721FE00280EDBF2
:106C60004FF00008636B9E42CAD9012305AA214652
:106C700028468DF81480FFF7CCFD0028F2DA06B024
:106C8000BDE8F0816FF01500F9E7486B7047826A44
:106C900000F1280322B11A68914203D10A681A60F0
:106CA0000020704713461268F4E7EBF73DB808B5CB
:106CB000EFF784FB002818BF6FF0040008BD38B55B
:106CC000044648B1FEF75BFF302305465C43FEF700
:106CD00056FF431BA342FAD338BD10B5436904469F
:106CE0003BB90020E268537843F0010353704042FF
:106CF00010BD98470028F4D00028B8BF4042E36890
:106D0000FF28A8BFFF201870ECE7C3685B78DB079B
:106D100001D4FFF7E2BF6FF07700704740B1C3685E
:106D2000587810F001001EBF1878B0FA80F04009C2
:106D300070472DE9F04F89B0DDE9126805924346AE
:106D40000546324606A80F4600F031FBDDE9063461
:106D5000CDE90234EFF311844FF0100989F3128862
:106D600005F10C0A05F1140B059A149B39462846C7
:106D7000984720B184F3118809B0BDE8F08F56EA36
:106D80000806F7D0DDE9022306A800F035FBDDE9AF
:106D900006685246CDE9006821465846EDF772FC78
:106DA000EFF3118489F31288DEE710B400F10C04CC
:106DB000C0E903440024047510BCFBF788BA38B559
:106DC0000446EFF31185102383F31288FBF78CF947
:106DD00004F10C0000F06FFA30B1294604F1140000
:106DE000BDE83840EDF7D6BB85F3118838BD10B546
:106DF00082696AB1C36842EA0301890708D141691F
:106E0000A2FB011424B95B182CBF0121002102D37D
:106E10006FF0150005E001619B1A42698A4201D8B2
:106E2000002010BD02691A608269036101319B1A5A
:106E3000F3E72DE9F04105460F46EFF311881023E3
:106E400083F312880669FEB90468A0421CD0DCB145
:106E5000D4E9003213605A60237CA66023F0020359
:106E60002374C4E9006604F11800EDF773FE2046B0
:106E7000C4F894606761EDF791FA414605F10800A6
:106E8000BDE8F041EDF786BB3E60EB692F61013B49
:106E9000EB6188F31188BDE8F08110B51024EFF3A1
:106EA000118384F31288FBF7B2FBF8E7D0E90032D4
:106EB00013605A60027C002322F00202C0E9003312
:106EC000027483607047C0E9032303FB02120023AE
:106ED000436280F83030037200F12803C0E90621D4
:106EE000C0E90000C0E90A3341610162704713B58F
:106EF00001240094ECF700FD02B010BD70B504460B
:106F0000EFF31186102383F3128800232568AC4227
:106F100012D08DB12846FFF7C9FF05F11800EDF733
:106F200019FE6FF02203C5F8943000236B612846E8
:106F3000EDF734FA0123E9E700226262226AE26196
:106F400033B1314604F10800BDE87040EDF722BBD3
:106F500086F3118870BD90F90E308B4201D0EDF7A9
:106F6000BFBB0020704703460020C3E90200C3E90D
:106F70000033186170475AB18A4209D300F11003F7
:106F8000C0E90212C0E90000C0E9043300207047E4
:106F90006FF015007047026801238B4022EA03035B
:106FA000036022FA01F000F001007047F8B50446D2
:106FB0000E460C300321FFF7EEFF054630B11034CA
:106FC00010272046EDF7C6FD0B3001D02846F8BD4E
:106FD000336883F31188EFF3118387F312883360EA
:106FE000EFE770B5C368C3F340069B07044616D4A9
:106FF000856802210C30FFF7CEFF80B1D5F89C20C8
:107000006AB194421DD122689EB9D5F8A030C5F866
:107010009C209C4201D1C5F8A02000232360E36896
:1070200013F01F001EBF43F00203E36040F00200B4
:1070300070BD3260D5F8A020944208BFC5F8A060AA
:10704000EBE716461268DBE738B5E0B150F8A44F1D
:10705000844218D0BCB1D4E9003213605A60237C5A
:10706000002523F00203C4E900552374A56004F150
:107070001800EDF76FFDC4F8945065612046BDE837
:107080003840EDF78BB938BD73B50446EFF3118581
:10709000102383F312880023A0F110060321043883
:1070A0000193FFF778FF28B1A369019301A9304646
:1070B000ECF77EFF85F3118802B070BD38B5044649
:1070C0000D461022002102F097FD656038BDEFF3F8
:1070D0001183102282F31288C06800F01F0083F32E
:1070E00011887047ECF7B6BF38B5302204460D461C
:1070F000002102F081FD4FF480736560E36038BDCC
:10710000FFF7E5BF37B50446EFF31183102282F392
:10711000128801A90193FFF749FF2046019DFFF75F
:1071200060FF85F3118803B030BDEFF305800038B0
:1071300018BF012070476FF057007047002070475C
:1071400038B50446EFF31185102383F31288037CCE
:107150005B070ED51830EDF7FDFC237C23F004030C
:1071600020462374EDF71AF92846BDE83840EDF7BC
:1071700021BA85F3118838BD38B58589EFF31181BF
:10718000102282F31288037C13F0080402D081F3EA
:10719000118838BD0122EDF76BF9EB07F9D584F3BF
:1071A00011880423184602DFF3E7EDF72BBAD0E984
:1071B000003213605A600023C0E90033704708B5FD
:1071C000FFF7F5FF037C23F00203037400238360C1
:1071D00008BD10B5EFF31184102383F31288EDF787
:1071E000DDF884F3118810BD38B504460D46EDF77F
:1071F00015F9237C43F002032374D5B1A5602B68F5
:107200009D4209D16B68C4E900531C606C6010E0BA
:107210006A689A42F6D01B68002BF3D093F90E10DF
:1072200094F90E209142F3DD5A68C4E900321460EB
:107230005C6038BD08B5037C13F0280F01460CD103
:1072400083680BB1FFF7BBFF0B7C23F004030B74C7
:107250000846BDE80840EDF7A1B808BD38B50446BA
:10726000EFF31185102383F31288EDF7B1FC18B901
:10727000A4F11800FFF7DEFF85F3118838BD70B563
:107280000546EFF31184102383F3128883680BB152
:10729000FFF795FF183510262846EDF75BFC0B30FD
:1072A00002D084F3118870BD84F31188EFF3118448
:1072B00086F31288F0E770B50546EFF311861023C8
:1072C00083F3128804680020A54202D186F3118856
:1072D00070BD002CFAD02046FFF771FF04F11800B2
:1072E000EDF738FC2046EDF759F82C680120EBE764
:1072F0002DE9F04706460F4691469A46EFF311886E
:10730000102383F312880068864206D028B1736880
:10731000984214BF0568002558B90024B9F1000F40
:1073200002D051462046C84788F311882046BDE860
:10733000F0875146B84704460028EFD135B173684D
:10734000AB4200D02C6828462546E5E72C46FAE7F4
:1073500008B5EDF7BDFABDE80840EDF7F3BA08B59A
:107360000246EDF757FB6FF00041B8B18A4213D2E5
:10737000D0E90230B0F1FF3F08BFB3F1FF3F03D0C7
:107380008B4270F1000003DB6FF00040801A08BDF3
:107390009A4201D2981AFAE70020F8E78A42F3D31A
:1073A000F5E708B5EDF794FC08BDEDF791BCB3F136
:1073B000FF3F08BFB2F1FF3F70B506461D461446B9
:1073C00014D01A4316D0002B08DBEDF781FC04190A
:1073D00041EB0501C6E90041304670BD6FF0010385
:1073E0001C1B4FF0FF3363EB0501F3E74FF0FF3455
:1073F0002146EFE70024FBE7B3F1FF3F08BFB2F1FE
:10740000FF3FF8B5074616461C4610D054EA020363
:1074100011D0EDF75DFCB0420A46A14103460AD205
:10742000F31A64EB0204C7E900343846F8BD4FF0A4
:10743000FF331C46F7E70023FBE730B5D0E9003403
:10744000984208D03CB1A568DDB112F9522C15F96B
:10745000525CAA4207DDC1E90004216041600FE0EF
:10746000A342F8D01B68002BF5D09D684DB115F9EB
:10747000525C9542F4DD5A68C1E9003211605960EE
:1074800030BD00239B7BFFDE2DE9F84F00250F4622
:107490001446984601462E464FF0100AA946BD42B2
:1074A00002DB3046BDE8F88FEFF3118B8AF31288C8
:1074B0004B7B03F03F03082B09D853B1013B072B4B
:1074C00007D8DFE803F0281C06220606062E102B3C
:1074D0002DD0B8F1000F3BD12378002B38D04B7B57
:1074E00003F03F03082B38D8002B38D0013B072B83
:1074F00035D8DFE803F04137343D343434440B6988
:107500009B68002BE5D0022317E00B691B68002B5A
:10751000DFD0042311E00B699B68002BD9D0012335
:107520000BE00B695B6A002BD3D0102305E00B69DD
:107530009A895B899A42CCD02023CA68C1F8089006
:10754000C2F38630034363F39432CA6084F8009038
:107550008BF3118801351431A1E7102B0FD08C600B
:107560000136F5E7086922461030FFF766FFF6E7B7
:10757000086922461430F8E708692246F5E70869E9
:1075800022462830F1E72DE9F843846805460E4687
:10759000D4B16378012B22D114F8503C9A0711D54D
:1075A000A4F160073846FFF76AFE082E14BF0023D7
:1075B0006FF00303636314F8503CDB0602D13846D6
:1075C000FFF707FE002323700023AB60EB68C3F3D3
:1075D0008632164366F39433EB60BDE8F883022BE2
:1075E000F0D12378002BEDD054F8048CB8F1000FC3
:1075F000E8D027464FF0000907F8149904F1140069
:10760000EDF7A8FAC4F82C9039464046ECF722FD75
:10761000D8E738B5EFF31185102383F31288046897
:10762000A0420FD0D4E9003213605A600023C4E9AD
:1076300000332046FFF7A7FF85F31188201E18BFEF
:10764000012038BD0024F7E70023C0E90000836073
:10765000704700238360704783680B60C3681360C2
:1076600070472DE9F34702F00203164653EA010280
:10767000DDE90AA905460C460AD0EFF3118810226D
:1076800082F312880BB1002383602CB988F3118830
:10769000002002B0BDE8F087EDF702F9AB68F10712
:1076A000074603EA040008D5844208D1720744BFA4
:1076B0008343AB6088F31188EBE70028F6D15AEAE0
:1076C0000903E3D0C7E919462A46CDE900A9414696
:1076D00005F10C00ECF7D6FF0028D9D1786ED8E779
:1076E00010B50446D0E919020B6812F0010F03EA45
:1076F000000301D0984210D17BB16366520742BFAC
:107700004A681A434A6004F11800EDF723FA00238F
:10771000C4F894302046FFF78DFD002010BD0023F3
:10772000C0E900008360037370470A46EDF716BC9A
:107730000A460021EDF712BC5200FFF792BF837892
:10774000427800781B0443EA02231843704700681C
:10775000704708B50246FFF7FAFF0346101DFFF712
:10776000F6FF0146184608BD0B0A017043700B0C6A
:10777000090E8370C170704708B501EB8202031FC8
:107780000846FFF7E4FF0431914243F8040FF7D1B4
:1077900008BD10B500EB82020C1F54F8041FFFF760
:1077A000E3FF04309042F8D110BD2DE9F041884646
:1077B0000546FFF7CEFF064640460C46FFF7C9FFD9
:1077C000464005F108004C40FFF7C3FF074608F1AB
:1077D00008000D46FFF7BDFF784069403043214364
:1077E000BDE8F081F8B506460F46FFF7DEFF054617
:1077F0000C4606F1100007F11001FFF7D6FF2843F1
:107800002143F8BD2822002102F0F6B9012340F8F7
:10781000043B2422002102F0EFB9002351F8232079
:1078200040F8232001330A2BF8D17047002351F888
:107830002320524240F8232001330A2BF7D170470E
:1078400030B5002351F8234052F823502C4440F81F
:10785000234001330A2BF5D130BD30B5002351F858
:10786000234052F82350641B40F8234001330A2B75
:10787000F5D130BD13B552420B6801920268019CEC
:10788000534023405A4002600A68019C5A400A60F3
:1078900042684B68534023405A4042604A68019C0A
:1078A0005A404A6082688B68534023405A40826045
:1078B0008A68019C5A408A60C268CB685340234062
:1078C0005A40C260CA68019C5A40CA6002690B698A
:1078D000534023405A4002610A695A400A61426992
:1078E0004B69019C534023405A4042614A69019CC4
:1078F0005A404A6182698B69534023405A408261F1
:107900008A69019C5A408A61C269CB69534023400D
:107910005A40C261CA69019C5A40CA61026A0B6A34
:10792000534023405A4002620A6A019C5A400A624C
:10793000426A4B6A534023405A4042624A6A5A4064
:107940004A6202B010BD13B552420B680192026840
:10795000019C53402340534003604B684268019CA4
:1079600053402340534043608B688268019C5340DE
:10797000234053408360CB68C268019C534023403E
:107980005340C36002690B69019C5340234053403C
:10799000036142694B69019C53402340534043615A
:1079A00082698B69019C5340234053408361C269C3
:1079B000019CCB69534023405340C361026A0B6A68
:1079C000019C5340234053400362426A4B6A019C2E
:1079D000534023405340436202B010BD2DE9F04FA5
:1079E000044687B00846FFF7B2FE8246081D1746D8
:1079F000FFF7A5FE8301C81D0493FFF7A0FE430116
:107A000001F10A000193FFF79AFE4FEAC00801F165
:107A10000D00FFF794FE860001F11000FFF797FEBE
:107A2000009001F11400FFF78AFE4FEAC01901F13E
:107A30001700FFF784FE430101F11A000293FFF7DC
:107A40007EFE030101F11D000393FFF778FE6FF046
:107A50007F4141FA07F202401AF100714FF0000530
:107A60004FEA820E4FEA916145F1000241EA82112C
:107A7000049B8806BAEB000A4FEA911C6CEB4C0B96
:107A800092165F1842F1000216F1007045F10005F0
:107A9000800E40EA85108306F31A009E4FEA90118B
:107AA00061EB4101AD16361845F1000517F1807CF8
:107AB00042F100024FEA5C6C4CEAC21C5016A7EB84
:107AC0004C620492019A12EB0C02009240F1000009
:107AD00016F1807245F1000C520E42EACC1219EBFD
:107AE0000209A6EB4265009A05954FEA6C6C4CF1D1
:107AF000000C12F1007240F10000920E42EA801276
:107B000018EB02054FEAA060019540F1000019F161
:107B100000754CF1000C4FEA9568029D48EA8C18FC
:107B200015EB08050295019D4FEAAC6C4CF1000C79
:107B300015F1807740F100007F0E47EAC0170298E8
:107B4000DB1941F1000110F180754CF1000C039834
:107B50006D0E45EACC1540194FEA6C6C4CF1000CE7
:107B600013F10076039041F1000110F100704CF127
:107B7000000C800E40EA8C101EEB000E4FEA966659
:107B80004FEAAC6C46EA81164CF1000C1EF1807194
:107B90004CF1000C490E41EACC114FF0130CC1FB23
:107BA0000CAB1AF1007C4BF1000B4FEA9C6C4CEAD9
:107BB0008B1CAAEB8C6AC4F800A0DDF810A01AEBAD
:107BC0000C0CC4F804C0DDF800C0ACEB826C019A68
:107BD000C4F808C0A3EB8663A2EB4762E2602361AE
:107BE000059B9E19A9EB8863A361029B6661A3EBC9
:107BF0004565039BE561A3EB8060AEEB41612062CC
:107C0000616207B0BDE8F08F2DE9F04F0D680C6997
:107C100082FB055815F1007748F1000CBF0E47EACA
:107C20008C178BB04FEAAC6EBB060CF07C4C82FB21
:107C30000446EB1A4CEA971C069368EB0C0314F10C
:107C4000007C4D6807934FEA9C6C46F100034CEAB8
:107C5000831CC2FB057E4FEA8C65641B4FEAA36A56
:107C60004D6903F07C4343EA9C1366EB0306C2FBB9
:107C700005CA17F180754EF1000E6D0E45EACE155E
:107C8000A7EB45674FEA6E631CF1807E08974AF1C7
:107C9000000A8F684FEA5E6E4EEACA1EC2FB0753A7
:107CA000ACEB4E6715F1007909978F6943F100033A
:107CB0004FEA6A6A4FEA9969C2FB07EA49EA8319FF
:107CC000CF68CDF804E0CC469B16C2FB07C3CDF8C5
:107CD00008C01EF1007C4AF1000A4FEA9C6CCF6993
:107CE0004CEA8A1CE6464FEAAA6AC2FB07EA029FF0
:107CF000CDF80CE017F1807843F100034FEA5868A3
:107D000048EAC31814EB080446EB63661EF180775B
:107D10004AF1000A7F0E0B6A496A47EACA17BE4653
:107D20004FEA6A6AC2FB03EACDF810E014F1007E64
:107D300046F100034FEA9E6E4EEA831E049B13F148
:107D400000764AF10003B60E46EA8316B2469B1649
:107D5000C2FB01A31AF1807143F10003490E41EA0D
:107D6000C3114FF0130BCDF814A05B16A1FB0B2A27
:107D70000BFB03AA069BD218079B4AEB030A12F1DE
:107D800000734AF1000A9B0E43EA8A13A2EB836256
:107D90000260089AD3184360029BA5EB8965A3EBA8
:107DA0004863A4EB8E64C36085600461099B13EB98
:107DB0000E034361019BA3EB8C638361039BA3EBE5
:107DC0004767049BC761A3EB8666059B0662A3EB2E
:107DD000416141620BB0BDE8F08F2DE9F04FA3B0D7
:107DE000D2E900CE0290D1E9000307938B6800939B
:107DF000CB6808930B6901934B690993D1E906930A
:107E00000A93D1E908530B9393680393D3680493BF
:107E10001369059353690C9393690E93D369159372
:107E2000136A1793536A1893079BDDF800A05B0051
:107E30000F93089B0F995B001093099B5B001193B4
:107E40000A9B5B0012930B9B5B001393039B4FF009
:107E5000130B0BFB03F7049B0BFB03F6059B0BFBC0
:107E600003F316930C9B0BFB03F314930E9B0BFB7A
:107E700003F30D93159B0BFB03F30693179BDDF8A0
:107E800018800BFB03F2189B0BFB03F381FB03141D
:107E9000C0FB0C14CAFB0214DDF840A0CAFB081496
:107EA000DDF80480DDF834A0C8FB0A14DDF8448056
:107EB000DDF850A0C8FB0A14DDF85880C9FB08148F
:107EC000DDF84880C8FB0614DDF84C800BFB0EFA89
:107ED000C5FB0714C8FB0A14CDE919140799DDF88E
:107EE00000A0019C8CFB0118C0FB0E18C3FB0A18F4
:107EF000DDF820A0C2FB0A18DDF818A0CAFB0418A0
:107F00000D9CDDF824A0C4FB0A18149CDDF828A001
:107F1000C4FB0918169CC4FB0A180B9CC6FB051869
:107F2000C7FB0418CDE91B180F99039CDDF84480AA
:107F300081FB0E17C0FB0417009CCCFB0417109CA0
:107F4000C3FB0417019CC2FB0417069CC4FB081763
:107F50000D9CDDF84880C4FB0917149CC4FB08176E
:107F6000169CC4FB0517139CC6FB0417CDE91D170F
:107F7000039C07990B9F81FB0416049CC0FB04160D
:107F8000009CC4FB0E16089CCCFB0416019CC3FB92
:107F90000416099CC2FB0416069CC4FB09160D9C22
:107FA000C4FB0A16149CC4FB0516169CC4FB0716DA
:107FB0001691049C0F991F9681FB0461059C039FF9
:107FC000C0FB0461009CC4FB0761109CC4FB0E61F4
:107FD000019CCCFB0461119CC3FB0461069CC2FBA9
:107FE0000961C4FB08610D9CC4FB0561DDE91374E4
:107FF000C4FB0761B046079C059E84FB06670C9C8A
:10800000DDF810A0C0FB0467009CC4FB0A67089C55
:10801000DDF80CA0C4FB0A67019CDDF82CA0C4FBB2
:108020000E67099CCCFB04670A9CC3FB0967C2FB73
:108030000467069CC4FB05670D9CC4FB0A670D968C
:108040000F9C0C9E149784FB06670E9CDDF814A011
:10805000C0FB0467009CC4FB0A67109CDDF810A0FD
:10806000C4FB0A67019CDDF80CA0C4FB0A67119CE5
:10807000DDF84CA0C4FB0E67129CCCFB0967C3FB68
:108080000467069CC2FB0567C4FB0A670696079C4B
:108090000E9E209784FB0667159CC0FB0467009C1E
:1080A000DDF830A0C4FB0A67089CDDF814A0C4FB0F
:1080B0000A67019CDDF810A0C4FB0A67099CDDF883
:1080C0000CA0C4FB0A670A9CC9FB0E67CCFB0467C3
:1080D0000B9CC3FB0567C2FB04670F9A159C219795
:1080E000B24682FB0426179C0E9FC0FB0426009C10
:1080F000C4FB0726109C0C9FC4FB0726019C059F10
:10810000C4FB0726049F119CC4FB0726039CC9FBE4
:108110000426129CC4FB0E26139CCCFB0526C3FB35
:1081200004260F92079B179A189C83FB0232C0FB10
:1081300004320098159CC0FB043210460E9C089A2D
:10814000C2FB0430019A0C9CC2FB0430099A059CC6
:10815000C2FB04300A9A039CC9FB0730C2FB0430FF
:108160000B9A199CC5FB0E30CCFB02309C46199B28
:10817000059013F1007E1A9B4FEA9E6E43F10000BA
:108180004EEA801E4FEA8E62A21A079200F07C43EC
:108190001A9A43EA9E1362EB030308931B9B13EBAB
:1081A0000E0E1C9B43EBA06018F1007541F100031B
:1081B000AD0E45EA831503F07C44AA06B8EB020233
:1081C00044EA951461EB04010D9C6519149C44EB81
:1081D000A3631EF1807440F10000640E44EAC014F1
:1081E000AEEB446709971D9F3C1900941E9C44EB1D
:1081F000606015F1807443F10003640E44EAC31417
:10820000A5EB44650A95069D2C190194209C44EB2E
:108210006363009C14F1007440F100004FEA946E17
:10822000169C4EEA801E14EB0E0403941F9C44EB34
:10823000A060019C14F1007543F10003AD0E219C78
:1082400045EA83151AEB050944EBA363039C14F17B
:10825000807740F100007F0E47EAC017D21941EB4A
:10826000606119F180740F9843F10003640E44EAD1
:10827000C31410EB040846EB636312F1007641F17E
:10828000000118F1007043F10003B60E800E46EABB
:10829000811640EA8310614609180491059941EB63
:1082A000A363049911F1807143F10003490E41EA7F
:1082B000C311A1FB0BCA5B160BFB03AB079BDDF8DD
:1082C00008A01CEB0303DDF820C04BEB0C0B13F1F3
:1082D000007C4BF1000B4FEA9C6C4CEA8B1CA3EB2F
:1082E0008C63CAF80030099B13EB0C03CAF8043006
:1082F000009BA3EB8E63CAF80830039BA3EB476790
:108300000A9BCAF80C70A2EB86629E19019BCAF800
:108310001020A3EB8565049BCAF81460A9EB4464A4
:10832000A8EB8060A3EB4161CAF81850CAF81C4062
:10833000CAF82000CAF8241023B0BDE8F08F2DE958
:10834000F04F8246D1E9024095B0D1E90023069072
:10835000D1E904900290D1E906B00390086A496A15
:108360000891610005910699039D049049000091D0
:1083700002990793490001910399262000FB05F813
:108380004900049D0991132101FB05F6089D5F003A
:1083900001FB0BF302990A9300FB05FC484387FBA2
:1083A0000C15C2FB02154FEA420E2A466500C5FBBA
:1083B0000612009DC5FB08124FEA4905C5FB0312D2
:1083C0000D460299079BC1FB00520B958CFB0410D4
:1083D000009DCEFB0310C6FB0510C8FB09100A9BCD
:1083E0000D460199C3FB0150079BCDE90C5087FB5B
:1083F0000331009D0698CEFB0431CCFB05314FEADA
:108400004905C6FB0531019DC8FB05310D460A999A
:10841000C1FB0B350E95069D0A9387FB0431CEFBFD
:108420000531019DCCFB0931C6FB05310D46C8FB6A
:108430000B35CDE90F35009B87FB0331CEFB0931AE
:10844000C4FB0431019C4FEA4B05CCFB0431039C77
:10845000C6FB0531C8FB0431029C079387FB093535
:10846000C4FB0E35DDE90548C4FB0835099CDDF881
:108470001480CCFB0B35C6FB04351193019B87FBA5
:108480000334CEFB0B34C8FB0934DDF80080C8FB95
:1084900000340998CCFB00340498DDF80880C6FB52
:1084A00000340398069387FB0B63CEFB00630598AB
:1084B000C0FB08630098C0FB09630498CCFB006311
:1084C000CDE91263099B87FB0368059BCEFB00681F
:1084D000C3FB0B68DDE90030C3FB0068089B039811
:1084E000C9FB0968CCFB0368049BCDF8248087FB9B
:1084F000037C089BCEFB037C059BC3FB007C009B9D
:10850000C3FB0B7C019BE346C9FB037B0B9B0497DE
:1085100013F1007742F1000CBF0E47EA8C174FEAC7
:1085200087680CF07C4EB3EB08034EEA971E059368
:1085300062EB0E030C9A08930D9BD71943EBAC60CA
:10854000079B13F1007C41F1000E4FEA9C6C4CEA52
:108550008E1C4FEA8C629A1A0EF07C48119B48EAF6
:108560009C1861EB080113EB0C0C45EBAE6517F1A1
:10857000807E40F100004FEA5E6E4EEAC01EA7EB1F
:108580004E6307930A9B13EB0E0300930E9B43EB82
:1085900060601CF1807745F100057F0E47EAC51742
:1085A000ACEB47630A93069BDF19009B019744EBF2
:1085B000656413F1007540F100000F9B4FEA956E62
:1085C0004EEA801E13EB0E030293109B43EBA06058
:1085D00017F10075129B44F10004AD0E45EA8415B5
:1085E00013EB0509139B43EBA463029C14F1807702
:1085F00040F100007F0E47EAC017D21941EB6061DD
:1086000019F1807443F10003640E0998039244EA5F
:10861000C31416EB040840EB636312F1007641F1DA
:108620000001B60E18F1007046EA811643F100030E
:108630000499800E40EA8310091804914BEBA36360
:1086400011F1807143F10003490E41EAC3114FF06B
:10865000130CA1FB0C2B5B160CFB03BB059BDDF87D
:1086600020C0D3184BEB0C0B13F1007C4BF1000B2B
:108670004FEA9C6C4CEA8B1CA3EB8C63CAF800306D
:10868000079B13EB0C03CAF80430009BA3EB8E632B
:10869000CAF80830029BA3EB4767039BCAF80C702B
:1086A000A3EB86620A9BCAF810209E19019BCAF8A8
:1086B0001460A3EB8565A9EB4464A8EB8060CAF85D
:1086C0001850CAF81C40CAF82000049BA3EB416173
:1086D000CAF8241015B0BDE8F08F0029A1BFCB1057
:1086E00001F00701C05C0841ACBF00F001000020B0
:1086F00070472DE9F0431C30002402F11C08A0F162
:108700001C0C161F002556F8047FDCF8003051F8C9
:1087100024E04FF00009EEFB07395B1949F1000531
:10872000B0454CF8043BEED10134082C40F8045F0E
:10873000E5D1BDE8F08310B50446FFF763F804F116
:108740002800FFF763F804F15000FFF75FF804F129
:108750007800BDE81040FFF755B82DE9F04395B01B
:10876000044616460D460A4668462831FFF768F863
:108770000AA8FFF772F8324669466846FFF72DFBF4
:108780000AA904F1280806F128020846FFF725FB8C
:108790000AAA69464046FFF753F82046FFF75DF8FE
:1087A00004F1500705F1500238461146FFF748F82A
:1087B00004F1780906F150023946FFF70EFB06F185
:1087C000780205F178014846FFF707FB4A4639462B
:1087D0006846FFF735F80AA8FFF73FF842462146FA
:1087E0004846FFF7FAFA0AAA21462046FFF7F5FAAB
:1087F0006A4641464046FFF7F0FA0AAA69463846FB
:10880000FFF7EBFA15B0BDE8F0832DE9F84F0A9EAB
:108810000546904618460F460A4628311C46FFF783
:108820000FF83046FFF719F8424621462046FFF779
:10883000D4FA05F1280A08F1280231463046FFF73C
:10884000CCFA324621465046FEF7FAFF2846FFF79B
:1088500004F805F1500907F1500205F1780B1146B3
:108860004846FEF7EDFF08F1500207F1780158463F
:10887000FFF7B3FA5A4649462046FEF7E1FF304675
:10888000FEF7EBFF524629465846FFF7A6FA324656
:1088900029462846FFF7A1FA224651465046FFF7DF
:1088A0009CFA324621464846BDE8F84FFFF795BA94
:1088B0002DE9F0471446894604F12808074609F1D6
:1088C000280A104604F15005FFF739FD514640468D
:1088D000FFF735FD09F15001284604F17806FFF74E
:1088E0002EFD294628460222FFF78EF952464946B8
:1088F000304607F17809FEF7A3FF31464846FFF7F7
:108900001EFD224641463046FEF79AFF4046FEF7DE
:10891000A4FF324649462046FEF79FFF42462946BD
:108920002846FEF79AFF2A4621463846FFF755FAB1
:108930004246314607F12800FFF74FFA2A464146E2
:1089400007F15000FFF749FA324621464846BDE894
:10895000F047FFF742BA2DE9F84F9846C3789342A3
:1089600005460E460CD111464046FFF7B6FE571E8F
:10897000044639464046FFF7B0FE844209D1EF7005
:10898000B5F9003093420CBF95F902000020BDE814
:10899000F88F571CB742A8BF374607F1FF3A04FAD1
:1089A0000AF4A2EB070B64424FF000095E46CA4589
:1089B0000BF1010B21DCD11B4046FFF78EFE044476
:1089C0006142214001F0F000003801F0CC0318BFF3
:1089D0000120003B18BF01235B0001F0AA0143EA1C
:1089E0008003002918BF43F00103511CC91B19441F
:1089F0001C412980AC70EE70C2E759464046FFF733
:108A00006CFE00FA09F0044409F10109CFE72DE9F1
:108A1000F04F85B0DDE90F470D46029039462046FC
:108A20000393FFF75AFE07F1200180462046FFF727
:108A300054FE07F1400182462046FFF74EFE1646DF
:108A4000820002EB4A0202EB0800C2B207F16001A9
:108A50002046FFF742FE02EBC000C0F3C4077B1EB6
:108A6000584000F00703DDF8388001934FF000090B
:108A700005F1280B05F1500A019B83EA0904013C2A
:108A8000C4F30024414622462846FEF75CFF08F165
:108A9000280122465846FEF756FF09F1010908F160
:108AA000500122465046FEF74EFFB9F1080F08F17B
:108AB0007808E1D15146304687F00107FEF7B6FE4F
:108AC0003A4631465046FEF7D5FE3A4659462846C4
:108AD000FEF7D0FE0299039B0E932A4633460846C2
:108AE00005B0BDE8F04FFFF790BE08B5FEF77AFE7F
:108AF0000843B0FA80F04009013808BD00231A4647
:108B00008B4200D17047C2540133F9E770B50D466E
:108B100004460FCD8AB06E460FC60FCD0FC695E83E
:108B2000030013220B46534303F1807386E80300CE
:108B30005B166A46694600200D682B444D6801307B
:108B400005EBA36505284FEA656301F10801F3D140
:108B500013214B43002011680B4423F07C4111602A
:108B60005168013001EBA3614B16052821F07E41CD
:108B7000516002F10802EED1DDE90012204641EA1F
:108B80008261FEF7F1FD029DE90441EA9211201D88
:108B9000FEF7EAFD039A510341EA553104F108005A
:108BA000FEF7E2FD0499D20C04F10C0042EA8111B7
:108BB000FEF7DAFDDDE9051204F1100041EA426139
:108BC000FEF7D2FD079DE90441EAD21104F1140039
:108BD000FEF7CAFD089A110341EA553104F1180065
:108BE000FEF7C2FD0999120D42EA811104F11C0041
:108BF000FEF7BAFD28216846FFF780FF0AB070BD76
:108C000010B590B00C4601466846FFF77FFF21463D
:108C100008A8FFF77BFF08A96846FFF766FF202139
:108C200004466846FFF76AFF0DEB0100FFF766FF99
:108C3000601C10B010BD30B58BB0044668460D46C0
:108C4000FFF77DFB69466846ECF70CFA6946684613
:108C5000FFF775FB2A4669462046FFF7BEF8282134
:108C60006846FFF74BFF0BB030BD10B588B001462A
:108C70006846FFF74BFF9DF8004068462021FFF74C
:108C80003DFF04F00104204608B010BD30B59FB090
:108C900004460D4668465031FFF7CDFF6A46294627
:108CA0000AA8FFF79AF86A4605F1280114A8FFF709
:108CB00094F814A92046FFF729FF0AA8FFF7D5FF6B
:108CC000E37F83EAC0132821E3776846FFF716FFA6
:108CD0000DEB0100FFF712FF14A8FFF70FFF1FB005
:108CE00030BD10B54B1E421E1F3113F8014F02F864
:108CF000014F8B42F9D1037823F007030370C37F40
:108D000003F07F0343F04003C37710BD30B589B053
:108D1000044615466846FFF7E4FFFF232A466946E6
:108D20002046ECF78BFA20216846FFF7E7FE09B0F2
:108D300030BD10B590B0102204466846FEF71CFD09
:108D400069462046ECF72CFB40216846FFF7D6FE2B
:108D500010B010BD70B5A0B0044616466846082293
:108D60001D46FEF709FD314608A80822FEF704FD5E
:108D7000294610A80822FEF7FFFC2022002118A88F
:108D800000F03AFF08AA694610A8FFF7B2FC10A944
:108D90002046ECF705FB40210DEB0100FFF7AEFE8E
:108DA00020216846FFF7AAFE0DEB0100FFF7A6FEA3
:108DB00020B070BD10B5A8B004466846ECF7B2FB11
:108DC00069462046FFF762FFA0216846FFF796FE3E
:108DD00028B010BD10B5083801EBC202914200D195
:108DE00010BD4C680B6824BA40F8084F1BBA4360AA
:108DF0000831F3E710B5D0F8D03023F00702DB4399
:108E000003F00703DB001044C3F12004A3F12002A8
:108E100021FA04F401FA02F222439940D0E9104306
:108E20000C431343C0E9104310BD2DE9F843D0F8BB
:108E3000D0700E467907044615460AD07F4207F0E7
:108E40000707974228BF1746B0463E4446453FD1E4
:108E5000ED1BD4F8D0305A0619D05F4207F07F07D7
:108E6000AF4294BFFF08EF0823F0070304F140006E
:108E7000314618443A46FFF7ADFFD4F8D03003EB43
:108E8000C703C4F8D03006EBC706A5EBC705802B97
:108E900029D025F07F073744B14604F14008002669
:108EA0004F4540D115F07F0610D03946F20804F145
:108EB0004000FFF78FFFD4F8D03005F078052B4441
:108EC0003D443744AF42C4F8D03052D1BDE8F883B6
:108ED00018F8011B2046FFF78DFFD4F8D03001337E
:108EE000C4F8D030B2E7D4E9323213F5806342F1EE
:108EF0000002B3F5806FC4E9323272F1000206D28B
:108F0000D4E93032013342F10002C4E93032204664
:108F1000ECF788FC0021C4F8D010802204F1400056
:108F200000F06AFEB5E7102249464046FFF752FFBF
:108F3000D4E9323213F5806342F10002B3F5806F59
:108F4000C4E9323272F1000206D2D4E93032013380
:108F500042F10002C4E930322046ECF763FCC4F869
:108F6000D06080220021404600F046FE09F18009D1
:108F700096E715F8011B2046FFF73CFFD4F8D030E8
:108F800001339FE70AB1FFF750BF704770B5D0F8C3
:108F9000D06004460D4626B980223146403000F0AC
:108FA0002BFE80212046FFF725FFD4E93202F30093
:108FB0001B1852F100024FF0000128BF0121C4E943
:108FC000323231B1D4E93032013342F10002C4E926
:108FD00030326F2E08D92046ECF724FC7022002195
:108FE00004F1400000F008FED4E93023C4E92C234A
:108FF000D4E932232046C4E92E23ECF713FC29469A
:10900000A4F1080304F1380553F8082F5868C87014
:10901000060E0E70060C4E70060A100E0871100C2B
:1090200048719D424FEA12208E708871CA7101F119
:109030000801E9D12046D821BDE87040FFF75EBDA8
:10904000F0B5C7B004460E46174610A81D46D9F71E
:1090500013F93A46314610A8FFF794FF294610A8A5
:109060002022FFF7E2FEDDE94C1210A8FFF78AFF8D
:10907000DDE94E1210A8FFF785FF694610A8FFF73B
:1090800085FF69462046FFF754FE47B0F0BD70B536
:10909000B6B004460D4616466846D9F7EDF8324696
:1090A00029466846FFF76EFF21466846FFF76EFFC8
:1090B00036B070BD30B50D468DB00021CDE900232E
:1090C000CDE9021104462B460146202204A8FFF7F1
:1090D000B7FF04AA29462046ECF78EFA0DB030BD42
:1090E00000F4E040B0F5805F04D0A0F50053584292
:1090F00058417047012070473AB1002918BF00233A
:10910000D21A2121184400F077BD70472DE9F04FA5
:1091100089B09B4600238DF81B30159BDDF85080ED
:10912000002B91460B460E460CBF4FF400624FF4E5
:10913000806207A9DDE912A7ECF73AFF0446F0B90F
:10914000079D0DF11B0229883046ECF79BFF044672
:10915000A8B99DF81B30BB4223D868682A6C000A66
:1091600005F1200120D1CDE90338CDE901BACDF8D0
:1091700000903346284600F028FC044608B1C8F8A1
:109180000070D8F800303A4621465046FFF7B4FF49
:10919000079800F0E9FA002C18BF204609B0BDE896
:1091A000F08F6FF08904EAE76FF08604E7E72DE9B6
:1091B000F341D0F804804769044640460E4600F06B
:1091C000D5FA054660BB5FFA88F31BB93FB16FF073
:1091D000860525E0013F6FF040439F42F7D2A0682B
:1091E00020F47F4020F003000028F0D162884FF681
:1091F000F8739A4218D8277907B901A83146EDF7D4
:1092000071F9054660B90FCCD6F800C066460FC6A6
:1092100094E8030086E8030017B9019BCCF81430EA
:10922000284602B0BDE8F0816FF08505F8E700F64A
:10923000FF7240F67E739A4243D9434213F07F0394
:1092400006D0202BC3F1000015D16FF085007047C8
:1092500010F1920F0FDA10F5994F2AD02CDC10F58F
:10926000C54F26D010F5C14FEFD010F5C74F23D111
:109270006FF09600704710F11F0F15DA10F13D0FD7
:109280001DD010F13C0F07DA10F1400F14BF6FF042
:1092900083006FF09300704710F1220F14BF6FF03E
:1092A00083006FF085007047002818BF6FF08300BF
:1092B00070476FF0860070476FF0830070476FF063
:1092C0009300704741F2052398421AD8B0F5905F99
:1092D00009D241F2010398420CD0B0F5885F09D061
:1092E0006FF085007047A0F5905080B22923C340ED
:1092F000DB07F5D511F0070F14BF6FF086000020D3
:109300007047B0F5105FEBD121F04003802B06D001
:10931000B1F5807F14BF6FF08600002070470020F9
:109320007047F8B504460F4600881E46154692B1B0
:10933000FFF7D6FE78B1089BD10019602088FFF7AF
:10934000C1FF044628B93946304600F02EFC079B81
:109350001D602046F8BD6FF08504FAE710B5036C78
:1093600004461BB120210844EDF734FD00202064A1
:1093700010BD38B50446FFF7F1FF237E012B0FD057
:10938000023B012B0FD8E369012B14BF6FF0960548
:10939000002544220021204600F02EFC284638BD3E
:1093A000E369002BF1E76FF09605F2E708B1FFF7EC
:1093B000E0BF704713B5A0B101A9EDF7D9F880B9A6
:1093C0000198037E022B0ED1032303760379FF2B32
:1093D0000CBF6FF08404002400F0B1F9002808BF2E
:1093E000204602B010BD6FF09604F5E72DE9F04776
:1093F000984686B0002306468A460493C8F8003093
:109400001546002A5AD0B2F1005F5AD204A9FFF7DC
:10941000CEFE044638B9049F3A6C7AB973681B0AC9
:1094200005D06FF086040498FFF7C0FF42E0202DBE
:1094300002D96FF08504F6E73D642A467168B7F8F3
:109440000290CDF81490090A07F1200307F14000BB
:10945000E7D105A9CDE90101009251462A463046DF
:10946000FFF75FFF04460028DDD1059BB9F1000F2F
:109470001BD17B804FF6F8729342DAD83388049A76
:1094800013B111889942CCD1738813B15188994294
:10949000C7D15369C8F80030137E012B08D00023D0
:1094A000C8F800306FF09604BDE79945B9D1E1E7FF
:1094B00002231376204606B0BDE8F0876FF08604DD
:1094C000F8E76FF08504F5E710B50446006830B1A1
:1094D000012805D1201DEDF7D7F90023236010BD29
:1094E0006FF08800F9E738B50C460168054691B978
:1094F00004F0FE43B3F1007F13D1031D6C22184624
:1095000000F07AFB2146EDF7D1F9044628B9012392
:109510002B60204638BD6FF088042846FFF7D4FF43
:10952000F7E76FF08604F8E738B50546006878B1CC
:1095300012B90024204638BD012809D1281DEDF7B5
:10954000E1F904460028F4D02846FFF7BDFFF1E713
:109550006FF08804F8E738B500241C600546006801
:1095600068B1012808D1281DEDF7DEF90446284628
:10957000FFF7AAFF204638BD6FF08804F7E76FF0C9
:109580008804F7E730B4039C0025256000F0FE4412
:10959000B4F1007F02D130BC00F0D3B96FF0860087
:1095A00030BC704710B50446006858B101280AD194
:1095B00004F10800EDF746FA00232360A3886FF357
:1095C0000803A38010BD6FF08600F5E72DE9F04396
:1095D0000C4685B00168984600230546174603935C
:1095E000002941D100F10809B822484600F004FBE7
:1095F000B8F1000F20463B460CBF4FF400624FF419
:10960000806203A9ECF7D4FC044678BB039C2A1DB6
:1096100021883846ECF736FD064660BB6B7968F367
:1096200000036B716168236C090A04F12002B8F130
:10963000000F12D009BB00972146484600F0AEF952
:10964000044698B901232B60039800F08DF8002E92
:1096500018BF304605B0BDE8F08371B900972146C8
:10966000484600F0A0F9EBE76FF088042846FFF7C2
:1096700099FF2646E8E70446F8E76FF08604F5E729
:109680000123FFF7A3BF38B50546006898B112B9AA
:109690000024204638BD01280AD105F10800EDF765
:1096A000B3FA04460028F3D02846FFF77BFFF0E723
:1096B0006FF08604F8E76FF08804EAE72DE9F041DF
:1096C000054600680F461646984610B36A79D207D9
:1096D0001FD52A79EAB1B2421ED801281FD105F15F
:1096E000080000F065F9044618B10023C8F80060CE
:1096F0002B7137B1D8F80030324621463846FFF793
:10970000FBFC2846FFF74EFF002C18BF2046BDE8A3
:10971000F0816FF08804E8E76FF08904E5E76FF007
:109720008604E2E71FB501240394089C0294079C79
:109730000194069C0094FFF7E9FC04B010BD0346B9
:1097400068B1017E8A1E012A0BD80329C26903D1A0
:10975000012A01D1FFF70DBE1AB1013ADA610020EA
:1097600070476FF096007047FFF7E9BFC0B200285E
:1097700014BF6FF085000020704773B515461C4676
:1097800000260DF107030DF106028DF80760ECF7D6
:1097900005FF58B99DF8070004B120709DF8062018
:1097A000294602B0BDE87040EDF720BB304602B05C
:1097B00070BD10B40124019B019410BCECF70EBFE6
:1097C00010B40024019B019410BCECF707BF08B54E
:1097D0000379934206D10830EDF78EFBBDE80840CF
:1097E000FFF725BD6FF0860008BD08B5036803F0DC
:1097F000FE43B3F1806F04D10830EDF715FB002074
:1098000008BD6FF08800FBE72DE9F04794B00446EF
:109810009A460E4690460021402204A8DDE92057D2
:10982000DDF8749000F0E8F92146CDF800A0434639
:10983000324604A8FFF7BDFF044668B9B9F1000F2E
:109840000ED102ABCDE90073DDE91E122B4604A850
:10985000ECF738FF044660B104A8FFF7C6FF1DE02F
:109860001C994A4604A8FFF7B2FF04460028E8D036
:10987000F2E7029A05B1154403ABBA1A294604A8C7
:10988000ECF7BAFF04460028E6D1DDE902321344C2
:10989000229A04A81360FFF7A8FF0446204614B0DC
:1098A000BDE8F0872DE9F04794B004469A46884613
:1098B00091460021402204A8DDE91E571C9E00F0BD
:1098C0009BF92146CDF800A04B46424604A8FFF77D
:1098D00077FF044640BB9DF81420F2B99DF8142090
:1098E0006EBB1D990DF10C088A1ACDE900782B4644
:1098F000314604A8ECF7E6FE0446A8B9039E05B17C
:1099000035444346BA1B294604A8ECF775FF039B70
:10991000209A33440446136006E0314604A8FFF75A
:1099200056FF04460028D9D004A8FFF75EFF0028A0
:109930000CBF20466FF0880014B0BDE8F0871644D5
:10994000CFE72DE9F0439DB0DDE9248904460E46BA
:10995000174600216C2201A81D4600F04DF9214652
:10996000C9F8008001A8ECF7A1FF044668B93A469F
:10997000314601A8ECF7C6FF044630B94B464246D3
:10998000294601A8ECF7D0FF044601A8ECF77CFFBC
:10999000002C18BF20461DB0BDE8F08311461A46C2
:1099A000009BEDF76DB811461A46009BEDF768B8BD
:1099B00038B51C460368154623B1ECF7E9FF00B93A
:1099C000256038BD6FF08800FBE72DE9F041AEB0AF
:1099D0000C4615461E46B82200216846DDF8D480A4
:1099E000379F00F009F9214633462A466846EDF7CD
:1099F00047F8044648B9B8F1000F0DD136993A46F8
:109A00006846ECF7C5FF044678B16846EDF71AF8EA
:109A100020462EB0BDE8F081349942466846EDF705
:109A2000F3F804460028E9D0EFE7389B1F60ECE725
:109A30006822002100F0E0B810B16821EDF7CAB942
:109A400070472DE9F04105460E46144612B3036CEB
:109A500003F03F079B18036422BF436C0133436448
:109A60007FB1C7F1400842450FD34246384400F069
:109A70009CF829462846EDF7D9F827444644A7F133
:109A800040043F2C09D82CB1002722463146E81962
:109A900000F08BF80020BDE8F081374606EB0408A3
:109AA000394628464037EDF7C1F8A8EB07033F2BAE
:109AB000F6D8A4F1400323F03F0340331E44E41AD8
:109AC000DFE738B5036C03F03F035A1C0D46382A14
:109AD0004FF08001C154044610442FD8C2F138021F
:109AE000002100F089F8D4E910315A0F42EAC1028E
:109AF000DB0012BA1BBAA263E36321462046EDF7EE
:109B000095F8A36C1BBA2B60E36C1BBA6B60236DDA
:109B10001BBAAB60636D1BBAEB60A36D1BBA2B6104
:109B2000E36D1BBA6B61236E1BBAAB61636E1BBA2C
:109B30002046EB61FFF780FF002038BDC2F14002F4
:109B4000002100F059F821462046EDF76FF8382241
:109B500000212046C5E73822002100F04DB810B59D
:109B6000044600F01CF82046BDE81040EDF72CB983
:109B700010B54FF48C710120EDF720F9044608B1BF
:109B800000F008F8204610BDEDF710BBEDF744BA21
:109B9000EDF790BB4FF48C72002100F02DB818B196
:109BA0004FF48C71EDF716B970470A44914200F1F9
:109BB000FF3300D1704710B511F8014B03F8014F86
:109BC0009142F9D110BD884210B501EB020402D9CF
:109BD0008442234607D8431EA14207D011F8012B27
:109BE00003F8012FF8E70244824200D110BD13F8B8
:109BF000011D02F8011DF7E702440346934200D11C
:109C0000704703F8011BF9E70021EDF7E1BF0A22D5
:109C10000021EEF703BB0A220021EEF7FFBA10B5D0
:109C200001390244904201D1002005E0037811F887
:109C3000014FA34201D0181B10BD0130F2E710B54F
:109C40000246147813460132002CFAD1013B11F878
:109C5000012B03F8012F002AF9D110BDC9B2034628
:109C6000184613F8012B12B18A42F9D17047002926
:109C700018BF0020704770B503461E4613F8014B0D
:109C800044B14A1E01E0A54204D012F8015F002D44
:109C9000F9D1F2E7301A70BD10B56AB101398418F4
:109CA00010F8012B11F8013F9A4203D1A04201D0D4
:109CB000002AF5D1D01A10BD1046FCE710B50139C5
:109CC000034632B111F8014F03F8014B013A002C61
:109CD000F7D11A440021934200D110BD03F8011BB3
:109CE000F9E710B5024601448A42134603D01C78B6
:109CF0000132002CF8D1181A10BD70B503461E466B
:109D000013F8014B3CB14A1E01E0A542F7D012F80E
:109D1000015F002DF9D1301A70BD2DE9F843C3F170
:109D20003709074688465FFA89F903F01F0516468A
:109D3000384641462A460023D7F75CFAD4B2092CAC
:109D40003A4688BF4C44434688BFE4B2AA424FF02B
:109D5000000204F13004934106F8014B074688469F
:109D6000E6D23046BDE8F8832DE9F04387B01C46C3
:109D700002AB00931746D2E902238146884600F0E1
:109D80009CF904AB0093D7E9002306460D464846EC
:109D9000414600F092F9DDE90423901953EB0501E7
:109DA0004FF0000728BF012737B1029B039A013308
:109DB00042F10002CDE90232403CDDE90223009489
:109DC00000F092F907B0BDE8F0832DE9F041B0FA58
:109DD00080F68E1B002907460C4606F1070645DB78
:109DE0000846EFF76BFB06442046EFF76DFB351B8B
:109DF0002A1A3D322146384600F04FF9B44233DC8E
:109E00001F2D61DC4FF0FF33AB4027EA0303B3FAA9
:109E100083F35B091D46B0FA80F3F31A9E33FE2BE1
:109E200056DC002B23EAE371CCBF0B4601239B1BBE
:109E3000A3F1970420FA04F2963B12F0010220FAF3
:109E400003F308D04FF0FF32A24030EA02023DD1C6
:109E5000E5B303F00102D018C0F3160000B91144B5
:109E600040EAC150BDE8F0810123D3E74D422846C6
:109E7000EFF72AFB361A2846EFF726FBA6EB040875
:109E800008EB00023C322946384600F0F3F8B442B1
:109E900013DCB8F11F0F17DC4FF0FF3303FA08F3A0
:109EA00037EA030310D10521B7FBF1F202EB82047C
:109EB000A74204D101331746F6E70023F3E79D429A
:109EC0008CBF00230123A5E70023A3E70122C2E7FB
:109ED0004FF0FF40C6E72DE9F04F89B00518029317
:109EE00004AB41EB0104009390462846D2E90023DD
:109EF000214600F0E2F806AB009307468946D8E910
:109F000002232846214600F0D8F8DDE9042384180E
:109F100051EB0306069BD8E900124FF0000528BF5D
:109F20000125ED18079B43F10003791849EB020264
:109F3000B94272EB0902D8E9022134BF01200020A6
:109F4000A21846EB01018018029A41F10001A042DB
:109F5000A2F1410A71EB060234BF0122002252191C
:109F6000CDE90653CDF800A043F1000300F0BCF8A2
:109F7000129BC3E90001D8E9022103911499012938
:109F8000DDE90653D8E900E027D10399CDF800A018
:109F9000A21A66EB0101774579EB000034BF01207E
:109FA0000020101A61F10001844276EB010234BFF7
:109FB00001220022AA1A63F1000300F095F8139B16
:109FC000C3E90001DDE90623CDF800A020463146B3
:109FD00000F08AF809B0BDE8F08F17EB070B49EBEA
:109FE000090C14EB040846EB0601BB457CEB0909A0
:109FF00034BF0127002718EB070741F10008F3459C
:10A000007CEB000C34BF01200020381A68F10001FD
:10A01000801A039A61EB02016D195B41A74278EB4C
:10A02000060234BF01220022AD1843F1000387422B
:10A0300078EB010834BF01220022AA1A029DA5F183
:10A0400040050095B7E710B50299A3FB0043A2FBBA
:10A050000020001943F100033F29DBBFA1F12002DA
:10A06000C1F1400140398B40D6BFD04023FA01F006
:10A07000184310BD30B587B00446084602A91546FE
:10A08000EFF7BEFA049B00955A1C059B204643F14E
:10A090000003FFF7D8FF07B030BD30B587B01546D5
:10A0A0000446084602A9EFF737FADDE904230095D4
:10A0B0002046FFF7C8FF07B030BDF0B500240D46BD
:10A0C00006469446A0FB02012246E5FB0C12A4467C
:10A0D000E3FB061CE5FB032412EB0C02059F44F195
:10A0E0000004C7E90024F0BDF0B5059CC4F14007A9
:10A0F000C4F1200602FA06F6A4F12005BB4022FABC
:10A1000005F53343C4F120062B4301FA06F6A4F10A
:10A110002005E04021FA05F53043BA402843E140EC
:10A1200010431943F0BD0246534221F0004013434F
:10A1300040EAD370C0F1FF4000F5E000C00F704767
:10A1400020F00040B0F1FF4F94BF00200120704785
:10A1500038B505460C4600F031F930B120462946A5
:10A16000D6F7CEFC0446204638BD204600F026F93E
:10A170000028F3D12846FFF7E3FF0028F3D120465B
:10A18000FFF7DEFF28B921462846D6F77DFF0028D5
:10A19000E9D02C46E7E7C0F3C7530028A3F17F01BD
:10A1A0000246ACBF01204FF0FF301E291ADC002907
:10A1B00003DA013118BF002070471629D8BF4FF4C9
:10A1C0008003C2F31602D8BF0B4142F40002CDBF98
:10A1D000963B9B18C1F1170102FA03F3D8BFCB409D
:10A1E0005843704701284FF0FF3018BF002000F19E
:10A1F0000040704710B14FF000407047002070479A
:10A200002DE9F0410446CE0FC1F30A55C1F3130105
:10A2100054EA0107167140F2FF706AD1002D70D127
:10A220002C462946002B15605FDB0C2B5FDCC3F14D
:10A230000D05AD00012005F1FF3CA5F12107C5F199
:10A24000210620FA06F600FA07F700FA0CF0374369
:10A25000061847EB0708D6F1000E68EB480C013EE4
:10A2600048F1FF38264008EA0108B04277EB0808B9
:10A270000FDBC5F12008B5F1200601FA08F824FA31
:10A2800005F545EA08055CBF41FA06F63543ED07DA
:10A2900003D52018044641EB070104EA0E0401EA45
:10A2A0000C019DF8186018460D250532C6F12706E9
:10A2B00004F00F03240944EA0174091163B9A842A8
:10A2C0000DDA013DF4D21AE01DB90125A5F2FF35E2
:10A2D000A8E741F48011F9E7092BC8BF9B19303377
:10A2E000A8425355B8BF2846EBE70023D9E70D2312
:10A2F000D7E78542E8D146F0080616710020BDE890
:10A30000F0818542E5D146F00406F6E7D1E9043252
:10A3100093421EBF5A1C0A611870704720F0004219
:10A32000B2F1FF4F70B50346044610D3002807DA98
:10A33000FFF706FF20B92046BDE87040EFF79ABA54
:10A3400021462046D6F7DCFB0446204670BD002A95
:10A35000FBD00028F0DB10F0FF4127D0C215C3F37B
:10A360001603A2F17F0043F40003D20758BF5B003D
:10A37000002440105B00192526464FF080717218AA
:10A380009A42DDBF561864189A1A1A46013D4FEAE0
:10A3900042034FEA5101F2D112B1013424F0010419
:10A3A000641004F17C5404EBC054CEE75B00180247
:10A3B0000A4601F10101F9D55242D0E780F480004C
:10A3C000400010F5000F94BF0020012070470000EE
:08A3D000B26EFD7F01000000E8
:10A3D80000000000A8A40208A5CF000800000000A3
:10A3E800413801080000000000000000C8A402086D
:10A3F8000000000048A502080000000028A5020887
:10A408000000000068A5020800000000E8A4020897
:10A418000000000008A50208E92D0208000000005D
:10A4280000000000A8A502080000000088A5020896
:10A4380000000000C8A50208F1E6000800000000BE
:10A44800590B01080000000079DC0008000000003A
:10A458002D55000800000000B55500080000000058
:10A468005DEB000800000000AF6C0208000000006F
:10A4780000000000E8A502080000000008A6020885
:10A488000000000028A602080000000048A60208F4
:10A4980001E100080000000025CF000800000000CE
:10A4A8008BFC0208000000008CA802088E04002023
:10A4B8000000000011E60008000000000000000095
:10A4C8001CFD020810BA020874A802089A040020A9
:10A4D8000000000000000000000000000000000074
:10A4E8000AF802086CB8020838A802088404002098
:10A4F800684D0020E5CF0008000000007C00002027
:10A5080018F8020880B8020838A802088604002053
:10A51800784D0020E5CF0008000000008C000020E6
:10A5280026F8020894B8020838A80208880400200F
:10A53800884D0020E5CF0008000000009C000020A6
:10A5480034F80208A8B8020838A802088A040020CB
:10A55800984D0020E5CF000800000000AC00002066
:10A568006DFC020800000000000000008C040020C0
:10A578000000000085E30008000000000000000063
:10A5880098FC02084803002018A80208900400203C
:10A598001851002081E8000800000000380300205E
:10A5A800A5FC02080000000020A802089204002070
:10A5B800640300200B3102080000000000000000C6
:10A5C8002DFD020814BA0208DCA802089C04002029
:10A5D800C0030020C558020800000000B003002096
:10A5E800BFFC0208C8A902085CA80208940400205D
:10A5F8009451002065EE0008000000008003002050
:10A608003DFD020880BA020884A802089E040020C2
:10A61800E40300201104010800000000D403002016
:10A62800CCFC0208A0B90208000000009604002033
:10A63800F8510020E9F10008000000009003002014
:10A6480014FD0208C4B90208A8A80208980400204A
:10A65800A83C002009FB000800000000A00300201F
:10A6680000000000E125020800000000E1250208C2
:10A6780000000000E125020800000000E1250208B2
:10A6880000000000E125020800000000E1250208A2
:10A698008EFF020819E400088CFF020819E400087C
:10A6A8008AFF020819E4000888FF020819E4000874
:10A6B80086FF020819E4000800000000E1250208EE
:10A6C80000000000E125020800000000E125020862
:10A6D80000000000E125020800000000E125020852
:10A6E80000000000E125020800000000E125020842
:10A6F80000000000E125020800000000E125020832
:10A7080000000000E125020800000000E125020821
:10A7180084FF020819E4000800000000E12502088F
:10A7280000000000E125020800000000E125020801
:10A7380000000000E125020800000000E1250208F1
:10A7480000000000E125020800000000E1250208E1
:10A7580000000000E125020800000000E1250208D1
:10A76800E8A50208BB350208E8A50208BF350208BB
:10A7780000000000E125020800000000E1250208B1
:10A78800C8A50208FF55020800000000E1250208DC
:10A7980000000000E125020800000000E125020891
:10A7A80000000000E125020882FF020819E4000801
:10A7B80000000000E125020800000000E125020871
:10A7C80000000000E125020800000000E125020861
:10A7D80000000000E125020800000000E125020851
:10A7E80000000000E125020800000000E125020841
:10A7F80048A602085F52020800000000E12502088E
:08A808001851002079EB000853
:04A810008138010882
:04A81400FD3D0108FD
:10A818000DEB000855EA0008DD300208D1310208C6
:10A828007B31020869EC000871EC0008CDEC0008E7
:10A8380005340208713302087D3302088F33020899
:10A8480099330208A3330208F5EC0008B133020873
:10A858000000000079350208C7340208DD34020818
:10A8680000000000000000000000000083540208FF
:10A87800A3540208BF540208DD540208C1040108A9
:10A888005D5B0208492F0208C12E02080000000083
:10A8980091E500088D2F020800000000072F02082C
:10A8A8004DFD00080000000065F60008CDFA00081C
:10A8B800F9F700081B460208A1440208C53E020831
:10A8C800133E0208933A02082742020800000000DB
:10A8D8000DF70008A55802088F5702081D550208F1
:10A8E80019030108AD5602083F57020861580208CB
:10A8F800775502088D55020899560208AF55020887
:10A90800C5550208A3550208DB55020831000108A5
:10A91800790001083D58020800000000E7550208C8
:0CA9280091350008D54D00088977000823
:0CA9340000000000DDCB00080000000067
:10A9400085730008A17200088D7200082FD20108DB
:10A9500054000000000100000000000001000000A1
:10A9600002000000FFFFFFFFFFFFFFFFFFFFFFFFF1
:10A97000FFFFFFFF0100000001000000323032360F
:10A98000204F6374203130004C6F52612D453520CB
:10A990006D696E690000000000000000000000000A
:10A9A00000000000000000000000000000000000A7
:10A9B000312E31372E372D7A657068636F726500DE
:10A9C0000000000000000000C335020880B9020842
:10A9D0000100000000580040801A0600000000003E
:10A9E000102700000000000088B90208A0B9020882
:10A9F000000000000000000022AE28D7982F8A42F5
:10AA0000CD65EF23914437712F3B4DECCFFBC0B5A3
:10AA1000BCDB8981A5DBB5E938B548F35BC25639A3
:10AA200019D005B6F111F1599B4F19AFA4823F928D
:10AA300018816DDAD55E1CAB420203A398AA07D831
:10AA4000BE6F7045015B83128CB2E44EBE8531242B
:10AA5000E2B4FFD5C37D0C556F897BF2745DBE7285
:10AA6000B196163BFEB1DE803512C725A706DC9BEA
:10AA7000942669CF74F19BC1D24AF19EC1699BE4CF
:10AA8000E3254F388647BEEFB5D58C8BC69DC10FE9
:10AA9000659CAC77CCA10C2475022B596F2CE92D49
:10AAA00083E4A66EAA84744AD4FB41BDDCA9B05CE1
:10AAB000B5531183DA88F976ABDF66EE52513E98D2
:10AAC0001032B42D6DC631A83F21FB98C82703B0C2
:10AAD000E40EEFBEC77F59BFC28FA83DF30BE0C69F
:10AAE00025A70A934791A7D56F8203E05163CA0651
:10AAF000706E0E0A67292914FC2FD246850AB727E3
:10AB000026C9265C38211B2EED2AC45AFC6D2C4D1B
:10AB1000DFB3959D130D3853DE63AF8B54730A6515
:10AB2000A8B2773CBB0A6A76E6AEED472EC9C28171
:10AB30003B358214852C72926403F14CA1E8BFA2CC
:10AB4000013042BC4B661AA89197F8D0708B4BC26B
:10AB500030BE5406A3516CC71852EFD619E892D1F3
:10AB600010A96555240699D62A20715785350EF40B
:10AB7000B8D1BB3270A06A10C8D0D2B816C1A4191F
:10AB800053AB4151086C371E99EB8EDF4C77482749
:10AB9000A8489BE1B5BCB034635AC9C5B30C1C3995
:10ABA000CB8A41E34AAAD84E73E363774FCA9C5BD2
:10ABB000A3B8B2D6F36F2E68FCB2EF5DEE828F744D
:10ABC000602F17436F63A57872ABF0A11478C88427
:10ABD000EC39641A0802C78C281E6323FAFFBE9062
:10ABE000E9BD82DEEB6C50A41579C6B2F7A3F9BEBD
:10ABF0002B5372E3F27871C69C6126EACE3E27CAD7
:10AC000007C2C021C7B886D11EEBE0CDD67DDAEAF7
:10AC100078D16EEE7F4F7DF5BA6F1772AA67F00696
:10AC2000A698C8A2C57D630AAE0DF9BE04983F116F
:10AC30001B471C13350B711B847D0423F577DB2820
:10AC40009324C7407BABCA32BCBEC9150ABE9E3C2A
:10AC50004C0D109CC4671D43B6423ECBBED4C54CC0
:10AC60002A7E65FC9C297F59ECFAD63AAB6FCB5F04
:10AC70001758474A8C19446C01000000000000007E
:10AC800005000000000000001900000000000000A6
:10AC90007D000000000000007102000000000000C4
:10ACA000350C000000000000093D0000000000001D
:10ACB0002D31010000000000E1F50500000000005A
:10ACC00065CD1D0000000000F902950000000000A5
:10ACD000DD0EE90200000000514A8D0E0000000068
:10ACE0009573C24800000000E941CC6B01000000F0
:10ACF0008D49FD1A07000000C16FF2862300000095
:10AD0000C52EBCA2B1000000D9E9AC2D780300002B
:10AD10003D9160E45811000031D6E275BC56000048
:10AD2000F52E6E4DAEB10100C9EA268367780800A2
:10AD3000ED95C28F055A2A00A1EDCCCE1BC2D300DF
:10AD400025A4000A8BCA22040000000000000000B5
:10AD500000000000000000100000000000000000E3
:10AD6000B9340332B7F4AD1410DB1AB30892540EA1
:10AD70000D307D951447BA1A66088F4D26ADC66D05
:10AD8000F598BF85E2B74511CA96853D92BD1DEB8A
:10AD9000FCA11860DCEF52163C92AE220BB8C1B495
:10ADA000839D2D5B0562DA1C304C7E8F4E8BB25B2F
:10ADB00016F4529F8B56A512FBD4827643ED8AF08F
:10ADC0008FE7F9311565191850F19BD94A13EEB484
:10ADD000284CF0A686C1251F035FC270CB9E491682
:10ADE000E642889C44EB2014B0650836AD6EA5851C
:10ADF00085F0CA14E2FD031A0B899979D5B13D0992
:10AE0000D8DA973A35EBCF10AC363F5E73BB38CF0C
:10AE10003E6752FA44AFBA1501000000000000007E
:10AE20000000000000000020345065C05FC9A65239
:10AE3000BB13CBAEC440C21806C8DF7100D5A87CD6
:10AE4000F56F0FDA58FC27136E4756357D242065C1
:10AE500002C7E768E48CA41DE9E60268D7CD396132
:10AE60007977FCC2405BEF16798CDE43FFA751F97E
:10AE700091F3B278F5BDBE11E857E9D6E8BEE87B9C
:10AE8000B054AC8F848D751BEA23A499E9F9D38B58
:10AE9000B7A3714061DA3E15CEE33ECB73F94808A3
:10AEA0008C97B427D51B7010A2BFEFB9EB85321574
:10AEB0004DB44DB49BBB6F1996B6076CF8E7EEAD79
:10AEC00036D9B4F59135AE13222218AF4E6A684DCB
:10AED00091DAAA3D4F40741E9FBD9EE006A1C09826
:10AEE00057C2A7FDA40E90170E7D497173E3208F02
:10AEF000B220D87605143B12853D7434811343B0DB
:10AF0000AD297A5F27F4351C000000000000000026
:10AF1000591F0208EF990108F1990108F3990108F6
:10AF2000F5990108212C0008019A0108059A0108E9
:10AF3000F7990108292C0008FD9901080B9A0108CE
:10AF4000FB990108119A01080000000000000000B0
:10AF50003D2D0008EF990108F1990108F3990108C6
:10AF6000F5990108212C0008B1A50108059A0108EE
:10AF7000F7990108292C0008FD9901080B9A01088E
:10AF8000FB99010867AE010849A501084DA5010814
:10AF900051A501086DA5010881A5010871A5010849
:10AFA00075A5010879A5010855A5010857A501084F
:10AFB00059A501085BA501085FA5010861A5010865
:10AFC00063A5010865A5010867A501087DA501081D
:10AFD00069A501086BA50108000000000000000041
:10AFE0009D3300083134000879340008F934000832
:10AFF00045350008D9330008E533000875350008E9
:10B00000F1330008FD33000815340008453400080A
:10B010000000000000000000BD38000839380008BA
:10B02000EBB20108EFB2010841380008F3B20108A1
:10B03000F3B20108F3B2010851B301083BB30108B0
:10B04000CFB20108D1B20108D5B20108F9B20108A6
:10B05000F5B2010849380008FDB20108D7B201086D
:10B06000FDB2010801B30108DBB20108DFB201083B
:10B07000E7B201081BB301085D38000831B30108CD
:10B0800035B30108E3B20108000000000000000031
:10B09000F9B8010819B501085D400008853A0008B3
:10B0A00015BA01089FB50108A1B401083FB4010811
:10B0B0005FB40108DDBA010879B40108DDB90108FF
:10B0C00041B4010845B4010849B4010855B9010863
:10B0D000C9B4010865B4010819450008F3B30108B3
:10B0E000B1B40108FBB40108BD3B0008E5B3010899
:10B0F0009D440008013B000899B4010891B401087F
:10B1000089B40108F9B301080BB401081FB40108A0
:10B110002FB40108FCFFFFFF0000000019B4010874
:10B1200029B4010839B4010805B401080000F0C0D1
:10B13000000020C1000048C1000070C100008CC1A7
:10B140000000A0C10000000000000000A9C201082A
:10B15000000000000000000059460008BBC20108C2
:10B16000B9C20108000000000000000011470008FB
:10B170000000000000000000B7C3010841150008EE
:10B18000B1C30108C5C301083D4D0008554D000875
:10B19000814D0008B3C30108CDC3010850D7020890
:10B1A00033D802083BD8020845D8020851D8020813
:10B1B0005CD8020869D802080100000077D80208AC
:10B1C0007BD80208020000008AD8020800000000B4
:10B1D0000400000093D802089CD802080800000070
:10B1E000AAD80208AED8020810000000B9D8020898
:10B1F000C2D8020820000000C9D80208CFD802082F
:10B2000040000000DAD802080000000080000000C2
:10B21000E3D80208ECD8020800010000FCD80208BC
:10B2200003D90208000200000BD9020812D9020853
:10B230000004000021D9020825D9020800080000F6
:10B2400033D90208000000000010000039D90208BC
:10B25000000000000020000042D9020800000000A9
:10B260000040000047D9020853D9020800800000BE
:10B270005ED90208000000000000010069D9020840
:10B280000000000076D9020880D9020888D9020897
:10B290000000000000000000DFCA01083BCB0108ED
:10B2A000B3CA01088FCA0108EDCB0108B1CB010870
:10B2B00099CB0108B1CA010800000000000000009D
:10B2C00017CB010849CB0108B7CA01081BCB0108FD
:10B2D000CFCA0108D3CA0108D9CA0108B1CA0108F6
:10B2E000000000000000000019CB010857CB010846
:10B2F000CDCB0108E1CA010807CB01080BCB01083F
:10B3000011CB0108B1CA01080000000000000000D4
:10B310006166000821CC010825CC0108000000006E
:10B32000000000004D67000821CC010825CC010871
:10B3300000000000000000001166000821CC010898
:10B3400025CC01080000000000000000856700080F
:10B3500021CC010825CC01080000000000000000FD
:10B360002166000821CC010825CC0108000000005E
:10B37000000000007169000821CC010825CC0108FB
:10B3800000000000000000007965000821CC0108E1
:10B3900025CC010840D20208150100000000000081
:10B3A000D14B020800000000274C02083D4D020866
:10B3B0006B4D0208CD4B0208894E0208734E0208FD
:10B3C0007D4E0208B74D020800000000C74E02087B
:10B3D0001F4F0208194F0208AF4E0208B74E02086D
:10B3E000A74E0208AB4E020800000000000000005B
:10B3F000000000000000000000000000000000004D
:10B40000DFCE0108E1CE0108E3CE01083BD10108FF
:10B41000DDCE01089BD101088DD1010895D101082D
:10B420000000000000000000E7CE010809CF01087D
:10B430002BCF01082FCF010859CF010877CF010882
:10B44000AFCF01081BD00108000000000000000081
:10B4500057D001085FD0010867D001086FD00108FC
:10B4600077D001087FD001083FD1010851D20108EF
:10B47000000000000000000061D201089FD1010817
:10B48000D3D101080000000000000000F9D001083D
:10B49000757200087D720008857200080BD20108E1
:10B4A000A9D00108B5D00108B7D00108CDD0010856
:10B4B000CFD00108D1D00108D3D0010829D101088B
:10B4C0002FD1010835D10108F17200088FD0010891
:10B4D000B9D001081173000865820008D976000808
:10B4E000D5D0010807D10108D9D20108EDD0010853
:10B4F00091D0010893D0010897D0010899D0010894
:10B500006D7200089BD00108A1D00108DDD00108B0
:10B51000CFD201089DD30108B3D201084BD3010853
:10B5200001D20108EFD00108A3D0010811D201080F
:10B530003DD2010891760008B576000800000000B1
:10B54000000000003D2D0008EF990108F199010865
:10B55000F3990108F5990108212C0008B1A501080B
:10B56000059A0108F7990108292C0008FD9901089E
:10B570000B9A0108FB99010867AE010849A501086B
:10B580004DA5010851A501086DA5010881A5010877
:10B5900071A5010875A501084DD501084FD701080F
:10B5A0009BD8010859A501088BD50108F3DC0108D7
:10B5B00061A5010863A5010865A5010867A5010843
:10B5C000E98A0008DBD50108E1D6010829D5010880
:10B5D0002DD5010831D5010833D5010837D501082B
:10B5E0003BD50108591F0208591F0208591F0208BC
:10B5F0003DD60108591F0208591F0208591F0208A9
:10B60000591F0208591F0208591F0208591F020832
:10B61000591F02083DD50108591F0208591F020889
:10B6200093D7010833D6010833D601083FD5010866
:10B6300041D5010845D5010849D5010800000000A1
:10B64000000000003D2D000809F1010881EB010810
:10B65000A9EC0108F5990108212C0008B1A5010801
:10B66000059A0108F7990108292C0008999100080A
:10B670000B9A0108D1EC010867AE01083DEB010807
:10B68000C1EC010851A5010855EB0108B9EC01080E
:10B69000BDEC0108A3EB01084DD501084FD7010807
:10B6A0009BD801085FF101088BD501082BEC01083C
:10B6B00061A5010863A50108EDF1010859F201082F
:10B6C000E98A0008DBD50108E1D60108ADEB0108E5
:10B6D000C9910008C5F20108BDEB0108CBEB0108D8
:10B6E000CFF20108ADF301087DFA0108E3F001088B
:10B6F00019F00108D3FB01082DFC0108A5980008EA
:10B7000065FC010865EB01085D9100087FEB01080D
:10B71000D5960008D1F60108CB140208FFF0010805
:10B7200093D7010897EE010897EE0108FBEC01089A
:10B7300005EC010815EC0108B9ED0108EDEB010875
:10B74000E1EB0108F9EB0108D5EB010860E8FFFF28
:10B7500000000000F1EB0108E5EB0108FDEB01083A
:10B76000D9EB0108E8DF0208F3DF0208FBDF02087B
:10B770000AE002081AE0020823E0020835E00208A5
:10B780003DE0020845E0020852E002086AE00208D3
:10B790007EE002088EE002089BE00208AFE00208AB
:10B7A000B9E00208C2E00208D1E00208DFE00208C6
:10B7B000F1E0020800E102080AE1020813E10208D0
:10B7C0001AE1020828E1020837E102083FE1020815
:10B7D00050E1020857E1020863E102087AE1020839
:10B7E0008DE102089CE10208A8E102089AF3020830
:10B7F000BBE10208C4E10208CDE10208D6E102087B
:10B80000E3E10208F2E1020800E2020811E20208A4
:10B8100021E202080ED70208B4E702082DE202086E
:10B82000F0DC02088AE8020878F7020882F70208CA
:10B83000000000002EE602080100000086F7020862
:10B8400002000000F0DC02080300000054E10208DE
:10B85000000000008DF702080100000082F70208D6
:10B8600002000000F0DC020803000000FFFF0000FF
:10B87000001C0048070000004C0000008000000091
:10B88000FFFF000000080048020000004C0000001C
:10B8900004000000FFFF0000000400480100000059
:10B8A0004C00000002000000FFFF00000000004804
:10B8B000000000004C0000000100000048A5020844
:10B8C00028A5020808A502080000000000000000EA
:10B8D0000000000000000000E8A4020802000000D0
:10B8E000010000000000000000800300A8A502087D
:10B8F000000000000080030000800000A8A50208EE
:10B90000000000200000000000000B060200000004
:10B9100014B90208000000085CFC020822000202C0
:10B920000000002064FC02081E000B1121E1000849
:10B93000232A0208572A02088B2A0208C12A020871
:10B94000E72A0208172B0208432B0208CDE1000862
:10B95000752B020835E20008F92C0208D52B0208E5
:10B96000F92B02082D2C02086F2C0208752D0208F5
:10B97000A32C02086DE200080800000000FF000090
:10B98000580000000000400090B9020801000000CB
:10B9900098B9020802000000E1C90400E0C90400EF
:10B9A0001E00000001000000B8B90208603C002041
:10B9B0007DF100080100000028A502080D0011001B
:10B9C0000B00000008A6020800127A000001000027
:10B9D0000000000000000000000000000000000067
:10B9E00000000000010E1600000000000000000032
:10B9F00048A502080400010048A50208050001004E
:10BA0000000000000000000005000100010000002F
:10BA10000000005800380140A8A40208C8A4020889
:10BA20000E08000040BA02080100000000000000FB
:10BA3000000000000000000048BA02080B5602088F
:10BA4000600000000040000050BA02080100000041
:10BA500058BA020802000000C14E0400E14E000086
:10BA600000000000080000001000000018000000A6
:10BA70002000000028000000300000003800000016
:10BA800000000158A4BA02089CBA02080100000094
:10BA9000020000000000000004000000640000003C
:10BAA00001000000ACBA0208000000000003000022
:10BAB0000004000000050000000600000007000070
:10BAC0000008000000090000000A0000000B000050
:10BAD000000C0000000D0000000E0000000F000030
:10BAE000A0860100400D0300801A060000350C00FE
:10BAF00040420F0080841E0000093D0000127A00C1
:10BB00000024F40000366E010048E801006CDC02FD
:10BB10000000000000000000000000000000000025
:10BB2000010000000300000005000000010000000B
:10BB300001000000060000000A00000020000000D4
:10BB400002000000040000000800000010000000D7
:10BB50004000000080000000000100000002000022
:10BB6000000000006410B71DC8206E3BAC30D92621
:10BB70009041DC76F4516B6B5861B24D3C710550CD
:10BB80002083B8ED44930FF0E8A3D6D68CB361CBF5
:10BB9000B0C2649BD4D2D38678E20AA01CF2BDBDA9
:10BBA000C7FD0208D5FD0208E9FD0208F8FD0208FC
:10BBB00004FE0208D8A30208D8A3020848A4020879
:10BBC00050A40208A0A40208A8A4020816FE0208B5
:10BBD00000010000000000001B132C0AA3E59CEDEF
:10BBE000A72963085D210621EBFFFFFFFFFFFFFF91
:10BBF000FFFFFFFFFFFFFFFF0F0000008F64F80152
:10BC00006360BCFFC509F8FFD588650073840E002A
:10BC1000A061A0FF144BB1FF9DBE6A003EA4ADFF22
:10BC2000F56995FFEE3F3D00374F6A00703B49FFD5
:10BC3000C26C3C00C5197A003E484E00C41EDFFFAE
:10BC4000AE03E3FFC36918FE683409FF8D49F800AD
:10BC5000EC6B73FF9A0C6B015E290B004B3276FE86
:10BC6000E4E2C9FF78446A009A40B7FF517DA7001B
:10BC7000C55C99008FA626004990BEFFC8A68AFE23
:10BC8000B3FB42FFBDC432FFC8E5DD000D7AC4003E
:10BC90009FFFD30074EAE500682583001D4C320144
:10BCA0003BA34EFFCF4C300086CE37FF003EC9008D
:10BCB000F0E74FFF33F25BFF514532FF4A7DC3018E
:10BCC0002F8721004E75EFFF8D89B400B5095C0008
:10BCD0008494D6000C0BE100267D83FFA0CFC3FE29
:10BCE000542DB30002A6DE01F0D2C8006C491F003B
:10BCF0000B779DFF7FC8E9001077500094DB84012B
:10BD0000AEE60100E47AEAFE59B493FFDBE499FF62
:10BD1000082621FF14A59700C90021000609A2FFEB
:10BD200070E3E5FF944A41007D59D8FF8018A3FED7
:10BD30000C9E92FFA0DB8CFE053CB30048C0A5FE24
:10BD4000FC4826FFAD065B009D2D8F002DF23701CC
:10BD5000F05359003712AF014DEAEAFF72A35AFFC0
:10BD60003A51D100565E7EFF2AF9F90054B4910091
:10BD7000FD23B4FFDD75BBFF3D75C4FF70555E004C
:10BD800021313CFFF14F9601109F9E001802A10146
:10BD900059170EFFB4BB750086048500E26173FF7E
:10BDA000F8B520FFEA3BBA01C281A9FF2C8240000E
:10BDB000E4B10300395D35FF282186FF90A993FF88
:10BDC00034BC8500AACA5FFE8F402F0053DBC4013C
:10BDD000CD8374FF959C3B00DAE5AB00CDDBB5006D
:10BDE000B85AEF00750BF1FE6CD654FFD9A25BFE7A
:10BDF000AD0D4A00C56F61FE3FDF67008DDB680057
:10BE0000DF95EFFF8E7445FE4362D5007C4E62FEE7
:10BE10009E98D6FF5FE2AC01E59235FF76EB5D00C0
:10BE2000927AE60027FF350044598DFF7632D7001D
:10BE3000796AAB002BF005FE6A998D00083DD901A7
:10BE4000F2254200A01BE4FF670D46008906D500DD
:10BE50000020C300CE6A1600279900FF58D3FD01C9
:10BE600028C0D4008E7B7B00100E7AFF77A255FF8E
:10BE700092F01500D0A657010662D5FF8167DE015A
:10BE800048A5B6FF3C897DFE4F763C007E5EBF0034
:10BE90009D9270FF63845DFE92887900936294FEA8
:10BEA000A78D54004B5C77FE094097FF18E86B01A3
:10BEB000A3602E00266C74FFA0E65B002B945DFE51
:10BEC000B997A100DB328201DAD1E7FF30CAA1FEC7
:10BED000740A4D004926DB019418FDFF51CED5FEB2
:10BEE0007A71F6FF1F2EF5FE4B0C04FF0F5AE0FE91
:10BEF000CCDC39FF66386CFF9A06E0001034D101C3
:10BF00008BC3750073C05AFF21F392007532CE01C6
:10BF1000584D5FFF2ED257FEA73B2DFFFBEC58007C
:10BF2000539FF500B1238AFE9B8CB800D42071008A
:10BF30002FABAE00CF1FAC013DA0E4FFEB8129FF8A
:10BF400090844200EFA89101BCBE2300CF04B2FE52
:10BF50003239E7FF347FA3FFD226200055B149FED6
:10BF6000B0E28900D1A5D4FE2BCB38FF50DB3AFEDE
:10BF70005647E20093DDB9FF39FBD800C7E235FE32
:10BF80007D192D00948AB8002C0D2FFF3B57A5FF7B
:10BF900091896B004724CFFFD4EDDB002C0148FFD3
:10BFA000CB7C05FF792076FFB8C291FFB0448D00AD
:10BFB000C459150090D4CF016642A9FFA7FC97FF92
:10BFC0004189DCFF4BC5A7FECCE5010002E512016B
:10BFD000E9C47F007C143101E0351E005BF3E4FE10
:10BFE00083A08A0011439D00302706005570E200AF
:10BFF000AAFF9200CE2381005B8380FF77B625FFE6
:10C000002FD4DF00B653910100022B00449AA5FE05
:10C01000E803CFFF84F32CFF8C53D3FF3FE106FFEF
:10C0200098202AFF6E76C500F1B602008BA1B900F8
:10C030003B69DBFF6A9644FF0EDA94FF9D5F970031
:10C04000DA3DD1FFF57715FEAEAC2C0074AE55018C
:10C05000795E1DFFE7802900C546FA009F9291FF97
:10C0600050D4B7FF02FC2800816F9CFFEE158EFEB6
:10C070008DC50CFFC7CEA0FF27E3D600B5509900B1
:10C080005D96BA009CAC2EFEBF413BFF53B155FFFD
:10C09000CD013600807C50FF3CA4FB00F2A25FFE85
:10C0A000FEA61AFF590691FF09DC0CFFEE540D01A4
:10C0B00099E2080004DFF2FF9F22FDFF3CC847FF22
:10C0C00001FC5CFF8372C9FED064ED0073E025FEC5
:10C0D0004B6AB3FF901EA0FF8684DDFF39ADB8FF29
:10C0E0003FD3B9FF689AC1FFE8C0BD0021BB22FE63
:10C0F0009B2D10002F765F0056EC9F004E582CFFB2
:10C100003CEB1E001466B1FE9B2AD6FFF846DBFF0F
:10C11000546585FF7E3C7000FC12F0006A409BFE77
:10C120006B4672001F086900649B0A00EBF4610112
:10C13000AA289300AAE301FE8842AD0032C5CCFED6
:10C14000597A61005FE881FF726C7EFFB2428AFF1C
:10C15000A96530FFE2C62FFF262EE1004183D7FEFE
:10C16000EC9D1BFFEC129E002A3E57FF654BB1FE73
:10C17000AB5DB8009F4954FFF6B60CFF404D9900E7
:10C18000E59E5200430A7B01A7657B00AAD899FF70
:10C19000B395960084BDF100ED6D08FFE71593009F
:10C1A0008B38B4009EAB91FE8AC971FFE9B43B00A5
:10C1B000419869FF1D330F009DD27AFF6EE777FF2C
:10C1C000A6E428FFE39B6E00D4C5DC005CF580018B
:10C1D00065CC79FF63E8DA0016807D00CB7A6100D8
:10C1E000CD6C92FF7AB2620071EE7AFF1BB6EC0062
:10C1F000F794EB00F2087000B20265FF2EBD120149
:10C200004F2291FFFF5B2100A0884A004733A50021
:10C2100025E26C00B24227FF80D55000528CA6FF69
:10C220003A5FA4FF5BB5AC0145A340004A4627FF37
:10C23000ECE21D001565FFFEDB8C3A0002E8ABFF67
:10C2400032F036FF09853CFE0949BC003EDAE900C0
:10C25000D6AF0CFF7F8579FF5C01A9000ECED4FE1E
:10C26000E560C6FFA0F4B20054889200833BB9FF9A
:10C27000590FAFFFD98E88FF549429005FA0DC01CD
:10C28000914200FFF81691FF9CD3E10050E547FE74
:10C29000BCDC4900B62948FF701F75FFA8F1E9FF13
:10C2A000D1D30500BA5327FE83DF03FF2CB113005F
:10C2B000974AC30063C19F01EE8362FFA2B5E1000C
:10C2C000607522FF36E75000588B7AFF3A0FCCFF9B
:10C2D0007BAEC0FF231463FE9106A40017348601D1
:10C2E0006052A0FF33BB15FF38B8F400B47D1100D5
:10C2F000C67D000072626601CD4392004B1D79013C
:10C30000E75BEAFFD9CE2E010C4E0400D5B3F3FE55
:10C3100073E8A70053A717FE7D8ED6FF12285D0095
:10C3200061E4E5FF8469BFFE8DC9DA00717D7A00A2
:10C330007EFC7C0035A3E5FE87C543FFF61D80012A
:10C34000BF9BA5FF81B0EB002431720007842FFE54
:10C3500014BA9800535228FFB54DC0FFB9599C003C
:10C36000090A20FF9FFCFF01F92D2AFFEE896401D5
:10C37000531CE600386386FF71EF7400853B8C0127
:10C38000BDF124FFF825C30160DC3700B74C3EFF48
:10C39000C3423D00324CA401E1A44CFF4C3DA3FF3D
:10C3A000753E1F00519140FF76410E00A273D6FFEB
:10C3B000068A2E007CE6F4FF0A8A8F00341AC20037
:10C3C000B8F44C00818F2901BEF413FF7BAA7AFFD9
:10C3D0006281440079D5930056651EFFA1679B00DA
:10C3E0008C5943FFEFE5BE01430BB500C6F089FE53
:10C3F000EE45BCFF4397EE00132A6CFFE555710133
:10C40000324487FF116A0900326701FF5001A80119
:10C4100023981EFF10A8B9013859E8FF65D2FC0027
:10C4200029FA4700CCAA4FFF0E2EEFFF504DEF0028
:10C43000BDD64BFF118DF90026504CFFBE5575003F
:10C4400056E4AA009CD8D001C3CFA4FF96424CFF6B
:10C45000AFE110FF8D5062014CDBF200C6A272000A
:10C460002EDA98009B2BF1FE9BA068FF33BBA50042
:10C470000211AF004254A001F73A1E00234135FEDD
:10C4800045ECBF002D86F501A37BDD00206E14FF77
:10C490003417A500BAD64700E9B06000F2EF3601C4
:10C4A00039598A00530054FF88A064005C8E78FEDE
:10C4B000687CBE00B5B13EFFFA29550098822A017A
:10C4C00060FCF60097973FFEEF853E0020389C0009
:10C4D0002DA7BDFF8E85B3018356D300BBB396FE57
:10C4E000FAAA0EFFD2A34E0025349700634D1A001E
:10C4F000EE9CD5FFD5C0D101492E5400144129012D
:10C5000036CE4F00C98392FEAA6F18FFB12132FECA
:10C51000AB26CBFF4EF77400D1DD99008580B201C8
:10C520003A2C1900C9273B01BD13FC0031E5D201AB
:10C5300075BB7500B5B3B8010072DB00305E9300C7
:10C54000F52938007D0DCCFEF4AD77002CDD20FE02
:10C5500054EA1400F9A0C601EC7EEAFF2F63A8FE9E
:10C56000AAE299FF66B3D800E28D7AFF7A4299FE7B
:10C57000B6F58600E3E41901D639EBFFD8AD38FFF4
:10C58000B5E7D20077809DFF815F88FF6E7E330024
:10C5900002A9B7FF078262FE45B05EFF7404E301A3
:10C5A000D9F291FFCAAD1F01690127FF2EAF4500E7
:10C5B000E42F3AFFD7E045FECF3845FF10FE8BFF52
:10C5C00017CFD4FFCA147EFF5FD560FF09B02100EA
:10C5D000C805CFFFF12A80FE2321C0FFF8E5C40182
:10C5E00081117800FB6797FF073470FF8C3842FF9A
:10C5F00028E2F5FFD94625FEACD609FF484386015F
:10C6000092C0D6FF2C26700044B84BFFCE5AFB00D8
:10C6100095EB8D00B5AA3A0074F4EF005C9D020022
:10C6200066AD6200E98960017F31CB00059B940013
:10C63000179409FFD37A0C0022861AFFDBCC8800FE
:10C64000860829FFE0532BFE5519F7006D7F00FE89
:10C65000A9883000EE77DBFFE7ADD500CE12FEFEF5
:10C6600008BA07FF7E0907016F2A48006F34ECFE05
:10C67000603F8D0093BF7FFECD4EC0FF0E6AED017F
:10C68000BBDB4C00AFF3BBFE6959AD005519590136
:10C69000A2F394000276D1FE219E09008BA32EFF07
:10C6A0005D4628006C2A8EFE6FFC8EFF9BDF90009B
:10C6B00033E5A7FF49FC9BFF5E740CFF98A0DAFFEF
:10C6C0009CEE25FFB3EACFFFC500B3FF9AA48D000F
:10C6D000E1C468000A2319FED1D4F2FF61FDDEFE39
:10C6E000B865E500DE127F01A48887FF1ECF8CFEAF
:10C6F0009261F30081C01AFEC95421FF6F0A4EFFF8
:10C700009351B2FF04041800A1EED7FF068D21005B
:10C7100035D70EFF29B5D0FFE78B9D00B3CBDDFFEA
:10C72000FFB97100BDE2ACFF7142D6FFCA3E2DFFDA
:10C73000664008FF4EAE10FE857544FFEDD3F55CF4
:10C740001A631258D69CF7A2DEF9DE14000000002E
:10C7500000000000000000000000001059F1B2FECF
:10C760000AE5A6FF7BDD2AFE1E14D40052800300DA
:10C7700030D1F300777940FF32E39CFF006EC501B2
:10C78000671B9000B67859FF8572D300BD6E15FF08
:10C790000F0A6A0029C0010098E879FFBC3CA0FF9D
:10C7A0009971CEFF00B7E2FEB40D48FFB0A00EFEB7
:10C7B000D3C986FF9E188F007F693500600CBD00CD
:10C7C000A7D7FBFF9F4C80FE6A65E1FF1EFC0400BB
:10C7D000920CAE000100000000000000000000000C
:10C7E0000000000000000000000000000000000049
:10C7F000000000000000000000000000982F8A42A6
:10C8000091443771CFFBC0B5A5DBB5E95BC25639A2
:10C81000F111F159A4823F92D55E1CAB98AA07D8BA
:10C82000015B8312BE853124C37D0C55745DBE72DD
:10C83000FEB1DE80A706DC9B74F19BC1C1699BE45D
:10C840008647BEEFC69DC10FCCA10C246F2CE92DED
:10C85000AA84744ADCA9B05CDA88F97652513E9811
:10C860006DC631A8C82703B0C77F59BFF30BE0C618
:10C870004791A7D55163CA0667292914850AB727A6
:10C8800038211B2EFC6D2C4D130D385354730A6543
:10C89000BB0A6A762EC9C281852C7292A1E8BFA21A
:10C8A0004B661AA8708B4BC2A3516CC719E892D182
:10C8B000240699D685350EF470A06A1016C1A41905
:10C8C000086C371E4C774827B5BCB034B30C1C3904
:10C8D0004AAAD84E4FCA9C5BF36F2E68EE828F74C3
:10C8E0006F63A5781478C8840802C78CFAFFBE90DD
:10C8F000EB6C50A4F7A3F9BEF27871C6F99B02085D
:10C900003CC902080200000034C90208030000000C
:10C910002CC902080400000024C90208000000001D
:10C92000000000001FFE0208101404002BFE020885
:10C930001013030037FE020810120200020000006C
:10C94000919B02088D9B0208899B0208719B02083B
:10C950005F9B0208010000000200000004000000CC
:10C96000080000001000000020000000400000004F
:10C97000800000001B0000003600000051F4A750AA
:10C980007E4165531A17A4C33A275E963BAB6BCB27
:10C990001F9D45F1ACFA58AB4BE303932030FA5599
:10C9A000AD766DF688CC7691F5024C254FE5D7FC37
:10C9B000C52ACBD726354480B562A38FDEB15A494C
:10C9C00025BA1B6745EA0E985DFEC0E1C32F7502CC
:10C9D000814CF0128D4697A36BD3F9C6038F5FE7A6
:10C9E00015929C95BF6D7AEB955259DAD4BE832D82
:10C9F000587421D349E069298EC9C84475C2896A2F
:10CA0000F48E797899583E6B27B971DDBEE14FB647
:10CA1000F088AD17C920AC667DCE3AB463DF4A1802
:10CA2000E51A31829751336062537F45B16477E0F4
:10CA3000BB6BAE84FE81A01CF9082B94704868582B
:10CA40008F45FD1994DE6C87527BF8B7AB73D32307
:10CA5000724B02E2E31F8F576655AB2AB2EB2807F1
:10CA60002FB5C20386C57B9AD33708A5302887F235
:10CA700023BFA5B202036ABAED16825C8ACF1C2BD3
:10CA8000A779B492F307F2F04E69E2A165DAF4CD2A
:10CA90000605BED5D134621FC4A6FE8A342E539D2E
:10CAA000A2F355A0058AE132A4F6EB750B83EC39AD
:10CAB0004060EFAA5E719F06BD6E10513E218AF95B
:10CAC00096DD063DDD3E05AE4DE6BD4691548DB585
:10CAD00071C45D050406D46F605015FF1998FB24DE
:10CAE000D6BDE997894043CC67D99E77B0E842BD6F
:10CAF00007898B88E7195B3879C8EEDBA17C0A4788
:10CB00007C420FE9F8841EC900000000098086837A
:10CB1000322BED481E1170AC6C5A724EFD0EFFFBAD
:10CB20000F8538563DAED51E362D39270A0FD964EC
:10CB3000685CA6219B5B54D124362E3A0C0A67B15F
:10CB40009357E70FB4EE96D21B9B919E80C0C54FC2
:10CB500061DC20A25A774B691C121A16E293BA0ABA
:10CB6000C0A02AE53C22E043121B171D0E090D0B45
:10CB7000F28BC7AD2DB6A8B9141EA9C857F11985F7
:10CB8000AF75074CEE99DDBBA37F60FDF701269FD3
:10CB90005C72F5BC44663BC55BFB7E348B432976F7
:10CBA000CB23C6DCB6EDFC68B8E4F163D731DCCA50
:10CBB000426385101397224084C61120854A247D44
:10CBC000D2BB3DF8AEF93211C729A16D1D9E2F4B86
:10CBD000DCB230F30D8652EC77C1E3D02BB3166C88
:10CBE000A970B999119448FA47E96422A8FC8CC449
:10CBF000A0F03F1A567D2CD8223390EF87494EC7BC
:10CC0000D938D1C18CCAA2FE98D40B36A6F581CFF3
:10CC1000A57ADE28DAB78E263FADBFA42C3A9DE474
:10CC20005078920D6A5FCC9B547E4662F68D13C29B
:10CC300090D8B8E82E39F75E82C3AFF59F5D80BE0D
:10CC400069D0937C6FD52DA9CF2512B3C8AC993B81
:10CC500010187DA7E89C636EDB3BBB7BCD26780973
:10CC60006E5918F4EC9AB701834F9AA8E6956E6551
:10CC7000AAFFE67E21BCCF08EF15E8E6BAE79BD90C
:10CC80004A6F36CEEA9F09D429B07CD631A4B2AF20
:10CC90002A3F2331C6A5943035A266C0744EBC37F6
:10CCA000FC82CAA6E090D0B033A7D815F104984A08
:10CCB00041ECDAF77FCD500E1791F62F764DD68DD9
:10CCC00043EFB04DCCAA4D54E49604DF9ED1B5E3BA
:10CCD0004C6A881BC12C1FB84665517F9D5EEA04D3
:10CCE000018C355DFA877473FB0B412EB3671D5AB7
:10CCF00092DBD252E91056336DD647139AD7618C26
:10CD000037A10C7A59F8148EEB133C89CEA927EE83
:10CD1000B761C935E11CE5ED7A47B13C9CD2DF59DA
:10CD200055F2733F1814CE7973C737BF53F7CDEA66
:10CD30005FFDAA5BDF3D6F147844DB86CAAFF381E9
:10CD4000B968C43E3824342CC2A3405F161DC37298
:10CD5000BCE2250C283C498BFF0D954139A8017197
:10CD6000080CB3DED8B4E49C6456C1907BCB8461DC
:10CD7000D532B670486C5C74D0B85742C66363A5B0
:10CD8000F87C7C84EE777799F67B7B8DFFF2F20D51
:10CD9000D66B6BBDDE6F6FB191C5C554603030503E
:10CDA00002010103CE6767A9562B2B7DE7FEFE1912
:10CDB000B5D7D7624DABABE6EC76769A8FCACA454B
:10CDC0001F82829D89C9C940FA7D7D87EFFAFA15D5
:10CDD000B25959EB8E4747C9FBF0F00B41ADADECB2
:10CDE000B3D4D4675FA2A2FD45AFAFEA239C9CBF3A
:10CDF00053A4A4F7E47272969BC0C05B75B7B7C228
:10CE0000E1FDFD1C3D9393AE4C26266A6C36365AE6
:10CE10007E3F3F41F5F7F70283CCCC4F6834345C5A
:10CE200051A5A5F4D1E5E534F9F1F108E27171936A
:10CE3000ABD8D873623131532A15153F0804040C5E
:10CE400095C7C752462323659DC3C35E3018182873
:10CE5000379696A10A05050F2F9A9AB50E0707096E
:10CE6000241212361B80809BDFE2E23DCDEBEB26E5
:10CE70004E2727697FB2B2CDEA75759F1209091B4B
:10CE80001D83839E582C2C74341A1A2E361B1B2D8E
:10CE9000DC6E6EB2B45A5AEE5BA0A0FBA45252F6FE
:10CEA000763B3B4DB7D6D6617DB3B3CE5229297BB5
:10CEB000DDE3E33E5E2F2F7113848497A65353F571
:10CEC000B9D1D16800000000C1EDED2C40202060F8
:10CED000E3FCFC1F79B1B1C8B65B5BEDD46A6ABEF6
:10CEE0008DCBCB4667BEBED97239394B944A4ADEE8
:10CEF000984C4CD4B05858E885CFCF4ABBD0D06BB3
:10CF0000C5EFEF2A4FAAAAE5EDFBFB16864343C502
:10CF10009A4D4DD766333355118585948A4545CF53
:10CF2000E9F9F91004020206FE7F7F81A05050F05B
:10CF3000783C3C44259F9FBA4BA8A8E3A25151F3EB
:10CF40005DA3A3FE804040C0058F8F8A3F9292ADC3
:10CF5000219D9DBC70383848F1F5F50463BCBCDFF9
:10CF600077B6B6C1AFDADA754221216320101030EE
:10CF7000E5FFFF1AFDF3F30EBFD2D26D81CDCD4C8C
:10CF8000180C0C1426131335C3ECEC2FBE5F5FE1B5
:10CF9000359797A2884444CC2E17173993C4C457A9
:10CFA00055A7A7F2FC7E7E827A3D3D47C86464ACFB
:10CFB000BA5D5DE73219192BE6737395C06060A006
:10CFC000198181989E4F4FD1A3DCDC7F44222266D9
:10CFD000542A2A7E3B9090AB0B8888838C4646CAA5
:10CFE000C7EEEE296BB8B8D32814143CA7DEDE795F
:10CFF000BC5E5EE2160B0B1DADDBDB76DBE0E03BDF
:10D0000064323256743A3A4E140A0A1E924949DB87
:10D010000C06060A4824246CB85C5CE49FC2C25D1E
:10D02000BDD3D36E43ACACEFC46262A6399191A874
:10D03000319595A4D3E4E437F279798BD5E7E732DB
:10D040008BC8C8436E373759DA6D6DB7018D8D8C3B
:10D05000B1D5D5649C4E4ED249A9A9E0D86C6CB428
:10D06000AC5656FAF3F4F407CFEAEA25CA6565AF81
:10D07000F47A7A8E47AEAEE9100808186FBABAD5BE
:10D08000F07878884A25256F5C2E2E72381C1C2477
:10D0900057A6A6F173B4B4C797C6C651CBE8E82328
:10D0A000A1DDDD7CE874749C3E1F1F21964B4BDD97
:10D0B00061BDBDDC0D8B8B860F8A8A85E070709018
:10D0C0007C3E3E4271B5B5C4CC6666AA904848D84D
:10D0D00006030305F7F6F6011C0E0E12C26161A3EA
:10D0E0006A35355FAE5757F969B9B9D01786869159
:10D0F00099C1C1583A1D1D27279E9EB9D9E1E13833
:10D10000EBF8F8132B9898B322111133D26969BB4D
:10D11000A9D9D970078E8E89339494A72D9B9BB67D
:10D120003C1E1E2215878792C9E9E92087CECE4989
:10D13000AA5555FF50282878A5DFDF7A038C8C8FFD
:10D1400059A1A1F8098989801A0D0D1765BFBFDAA9
:10D15000D7E6E631844242C6D06868B8824141C30E
:10D16000299999B05A2D2D771E0F0F117BB0B0CB96
:10D17000A85454FC6DBBBBD62C16163A0000000018
:10D18000000000000000000000000000000000405F
:10D190009559695955555455155555560405154118
:10D1A00010545540455155444045504450555545FF
:10D1B000004000404004449665555655454045544E
:10D1C00051411540559155555555405105010000A7
:10D1D00054455454455505040010041014044000EF
:10D1E0000000014055551541540400004400010061
:10D1F0000000004041000044504445505400555543
:10D200005455655100400040010000010005010037
:10D21000115451515455550500154150000004401A
:10D22000100104050000000000000000DCCFD13533
:10D230000000000000C0153F0000803F0000C03F1C
:10D240005E101810D20FB40F960F640F320F050F37
:10D25000D80EB00E880E5B0E2E0EFC0DCA0D930D6F
:10D260005C0D200DE40C800C1C0C00100000003044
:10D270007065E18FD9FABB70C1ED90DCA19907DE32
:10D28000698C88B709EA146EAFD93D9B830C7B602B
:10D29000C4681193C79BBC39945BA8064104BB6169
:10D2A0008F8FD7A84A0AF6F57033D6E8DDCD6471C2
:10D2B000001EC77175B0918ED206F9AE04EC136DE5
:10D2C0006D5D4315BB26305427F645B492E9350C05
:10D2D0001000286E6F2064657461696C29006372A8
:10D2E0007970746F2070616E69633A20257320E253
:10D2F0008094207265626F6F74696E670A004C6F6C
:10D3000052612D4535206D696E69004572726F72EC
:10D310003A20424C45204F5441206E6F7420737563
:10D3200070706F72746564206F6E2074686973200A
:10D33000706C6174666F726D00556E6B6E6F776E98
:10D34000002028637261736820257520696E20258E
:10D35000732C20706320307825303878290073686A
:10D360007574646F776E206D61726B6572002F6CDF
:10D3700066732F73687574646E004E6F6E65004C33
:10D380006F7720566F6C7461676500557365722006
:10D390005265717565737400636164206E2F61005E
:10D3A000613A2573206F3A256420706B3A25642812
:10D3B0006225752F3473292073703A25752E2575D3
:10D3C0002F2575252500282575207225752F6225A6
:10D3D000752F6125752F64257529002062633A2514
:10D3E000752525002070726F62653A6E2F61000A04
:10D3F0002563252B64282564292025757020257533
:10D400006220257566202575742025752525006CFC
:10D410006F72615F74785F77616974004353505233
:10D420004E4720756E617661696C61626C65206142
:10D43000667465722072657472696573005B524E22
:10D44000475D203D3D3D206964656E7469747920B7
:10D4500073656564206865616C7468203D3D3D0AB4
:10D46000005B524E475D20706C6174666F726D2078
:10D4700054524E4720697320726164696F2D696E42
:10D48000646570656E64656E7420286E6F207072BE
:10D49000652D524620776F726B61726F756E6420D6
:10D4A0006E6565646564290A005B524E475D2073B2
:10D4B000746167653120637372616E64202020207F
:10D4C0003A2072633D25642064697374696E6374E5
:10D4D0003D25642F36340A005B524E475D2073743D
:10D4E00061676532206877696E666F206964202005
:10D4F0003A20256420627974657320287075626C07
:10D50000696320E2809420756E697175656E65733C
:10D5100073206F6E6C79290A005B524E475D207351
:10D520007461676533206578747261202020203A29
:10D530002025642062797465730A005B524E475D52
:10D54000207374616765342F3620736B6970706562
:10D550006420E28094206E6F20696E646570656E51
:10D5600064656E7420736C6F7720636C6F636B20DF
:10D570002854524E472076696120637372616E644D
:10D58000206F6E6C79290A005B524E475D207374E0
:10D590006167653520637372616E64202020203AD4
:10D5A0002072633D25642064697374696E63743D01
:10D5B00025642F36340A005B524E475D203D3D3DC9
:10D5C00020656E64202865787472616374696E6783
:10D5D0002025752062797465732076696120414544
:10D5E000532D3235362D43545229203D3D3D0A00FE
:10D5F0004145532D43545220657874726163743AE7
:10D6000020736861323536207073613D2564206C6B
:10D61000656E3D257520696E69743D256400414540
:10D62000532D43545220657874726163743A2069B3
:10D630006D706F72745F6B6579207073613D2564E6
:10D6400020696E69743D2564004145532D43545251
:10D6500020657874726163743A20636970686572DA
:10D66000207073613D2564206F75743D25752061C0
:10D670007420257520696E69743D256400646567B2
:10D68000656E65726174652073656564206F75747D
:10D690007075742028616C6C2D7A65726F202F2054
:10D6A000616C6C2D464629004145532D4354522050
:10D6B000736565642065787472616374696F6E2048
:10D6C0006661696C6564006964656E74697479206B
:10D6D00067656E20737475636B206F6E207265735F
:10D6E00065727665642070726566697800656E3A69
:10D6F00030207361743A30206669783A30006E6F7A
:10D7000020474E5353206F6E207468697320626FF8
:10D7100061726400677073006770735F696E74652F
:10D720007276616C002D002028736B6970706564DF
:10D730003A20666F72776172642D6F6E6C79290082
:10D740002028626F6F74737472617029006F6B00B0
:10D75000696E2D62616E640020286472792D727585
:10D760006E290020450073746570252B6C64257349
:10D77000257300686F6C642028257329006162732B
:10D780007461696E2028257329002573257320652F
:10D790006C696769626C653D257520766F74657389
:10D7A0003D25752F257520736B65773D252B6C64A2
:10D7B0007320723D256C6473202D3E202573003B41
:10D7C0002073746570733D256C7520626F6F743DB6
:10D7D000256C75206C6173743D252B6C647300207F
:10D7E0006261636B736B69703D256C7500207375A6
:10D7F000703D256C756800206576616C733D256C05
:10D800007520616273743D256C75000D0A2025300A
:10D8100032782530327820682575206E25752025D0
:10D820002B6C64732573000D0A202B2564206D6F0B
:10D830007265006E6F2D64617461006E6F2D71757D
:10D840006F72756D006E6F2D6D616A6F726974799C
:10D8500000737570707265737365640072617465CE
:10D860002D6C696D697465640070656469677265C3
:10D87000652D7665746F0050494E0028726573659A
:10D880007420627574746F6E2900534F465457416B
:10D8900052450042524F574E4F555400286C6F77F7
:10D8A00020766F6C746167652900504F52002870B4
:10D8B0006F7765722D6F6E29005741544348444F6E
:10D8C00047002868616E6729004445425547002893
:10D8D000646562756767657229005345435552490F
:10D8E0005459004C4F57504F574552002877616BA1
:10D8F000652066726F6D206F666629004C4F434B42
:10D900005550002863726173682900504152495490
:10D910005900286D656D6F7279206572726F72297A
:10D9200000504C4C0028636C6F636B206661756C13
:10D93000742900434C4F434B0048415244574152D5
:10D940004500555345520054454D5045524154559C
:10D95000524500286F766572686561742900424FF0
:10D960004F544C4F4144455200464C41534800737C
:10D97000696C656E7400736F756E642B76696200F6
:10D980007669627261746500736F756E64002F6CE6
:10D9900066730025732E746D700025732E626164AA
:10D9A000006964656E74697479007361766550729C
:10D9B000656673006C6174006C6F6E0072657065F3
:10D9C000617400636F6D700077696669007A630047
:10D9D00064697361626C65006164635F6D756C742A
:10D9E000007077725F7361765F656E0062770063C7
:10D9F0007200696E745F7468720066656D5F72783C
:10DA00006761696E00665F747864656C6179006453
:10DA10005F747864656C617900686173685F6D6FCD
:10DA20006465006D756C74695F61636B0061647639
:10DA30005F6C6F63006175746F5F6D617800646522
:10DA400066735F6E6D00646566735F6B6579007009
:10DA5000696E0062757A7A5F71006175746F5F61DB
:10DA60006464006D616E5F6164640074656C5F6224
:10DA70006173650074656C5F6C6F630074656C5FE7
:10DA8000656E7600747A5F6F6666736574006C65A8
:10DA900064735F6F6666006C6564735F726164696E
:10DAA0006F006C6564735F6862006C6564735F62CD
:10DAB00072696768746E6573730072785F6463007F
:10DAC0006D7473006361645F6175746F006361649A
:10DAD0005F6F6666006361645F62617365007072A8
:10DAE0006F62655F696E7400787366006469737055
:10DAF0005F726F7400696E5F726F74007077725F2F
:10DB00007361765F736574006770735F73746279B5
:10DB100000626C655F6F66660062726967687400B8
:10DB200077616B65007363725F6F66660061757421
:10DB30006F5F6F66665F6D7600616F66665F7365C7
:10DB4000740076635F656E0076635F666C61677311
:10DB500000766261745F6D7600256C7800256C64D8
:10DB6000006E616E002D6F7666002C003A22005C1C
:10DB700022005C5C005C6E005C72003A7B00312E1F
:10DB800031372E372D7A657068636F7265003230D9
:10DB90003236204F637420313000426174746572F4
:10DBA00079206C6F773A202575206D562028616C9E
:10DBB000657274206174202575206D5629007B22C2
:10DBC000626174746572795F6D76223A25752C22D4
:10DBD000757074696D655F73656373223A25752C82
:10DBE000226572726F7273223A25752C22717565E7
:10DBF00075655F6C656E223A25757D00506F77659F
:10DC000072696E67206F66663A206C6F772062617A
:10DC10007474657279000D0A20202D3E20627573A0
:10DC2000790D0A0068656C70003F00436F6D70618C
:10DC30006E696F6E206578747261732028676574F1
:10DC40007C736574293A0D0A20762E636F6E7461B9
:10DC50006374206F6E7C6F66660D0A20762E62619B
:10DC60007474657279616C657274203C6D563E7C8B
:10DC7000307C64656661756C740067657420762E0F
:10DC8000636F6E7461637400762E636F6E7461638C
:10DC9000743A2025730073657420762E636F6E745A
:10DCA00061637420004552524F523A2075736520CB
:10DCB0006F6E7C6F66667C317C30004F4B202D2070
:10DCC000762E636F6E7461637420257300676574CC
:10DCD00020762E62617474657279616C657274006D
:10DCE000762E62617474657279616C6572743A2023
:10DCF0006F666600762E62617474657279616C6518
:10DD000072743A2064656661756C742028257520EC
:10DD10006D562900762E62617474657279616C6546
:10DD200072743A202575206D560073657420762E26
:10DD300062617474657279616C6572742000455219
:10DD4000524F523A20757365203020286F6666293D
:10DD50002C20312D35303030206D562C206F722024
:10DD600064656661756C74004F4B202D20762E62C1
:10DD7000617474657279616C657274206F66660097
:10DD80004F4B202D20762E62617474657279616C20
:10DD90006572742064656661756C74202825752031
:10DDA0006D5629004F4B202D20762E6261747465CC
:10DDB0007279616C657274202575206D56007B2226
:10DDC00072656376223A25752C2273656E74223A49
:10DDD00025752C22666C6F6F645F7478223A257506
:10DDE0002C226469726563745F7478223A25752CFD
:10DDF00022666C6F6F645F7278223A25752C2264FC
:10DE000069726563745F7278223A25752C22726597
:10DE100063765F6572726F7273223A25757D00209A
:10DE20007C20005265737461727465643A002573D6
:10DE30004C6173742073687574646F776E3A206CEC
:10DE40006F772062617474657279005075626C69D5
:10DE5000630025303258253032582530325825306D
:10DE60003258000D0A20202D3E20007B226E6F6963
:10DE700073655F666C6F6F72223A25642C226C6149
:10DE800073745F72737369223A25642C226C617318
:10DE9000745F736E72223A252E32662C2274785F7C
:10DEA0006169725F73656373223A25752C227278FB
:10DEB0005F6169725F73656373223A25757D0063E4
:10DEC0006F707946696C65002F6578742F636F6E8B
:10DED000746163747333002F6C66732F636F6E7499
:10DEE0006163747333002F6578742F6368616E6E9D
:10DEF000656C7332002F6C66732F6368616E6E659C
:10DF00006C7332002F6578742F6164765F626C6F7A
:10DF10006273002F6C66732F6164765F626C6F6250
:10DF200073002F6C66732F5F7A635F696E6974008C
:10DF30002F6C66732F70726566732E6A736F6E0036
:10DF40002F6C66732F6E65775F7072656673002F36
:10DF50006C66732F73657474696E6773002F6C66DB
:10DF6000732F5F6D61696E2E69640073617665431E
:10DF70006F6E746163747300736176654368616E7C
:10DF80006E656C73002F6578740025733A20004F1E
:10DF90004B00434C49206E6F7420617661696C615F
:10DFA000626C6500556E6B6E6F776E20636F6D6D82
:10DFB000616E64006770733A2564006770735F690F
:10DFC0006E74657276616C3A2575006D6573687460
:10DFD000696D6573796E633A2564006D6573687465
:10DFE000696D6573796E630073657420726164692D
:10DFF0006F2000736574206166200073657420646F
:10E000007574796379636C65200073657420696E3B
:10E01000742E746872657368200073657420636180
:10E0200064200073657420726164696F2E72786772
:10E0300061696E20006765742074782000736574D0
:10E04000207478200073657420727864656C61793F
:10E050002000736574206167632E72657365742E8A
:10E06000696E74657276616C2000736574207061EE
:10E0700074682E686173682E6D6F64652000736527
:10E0800074206D756C74692E61636B732000736509
:10E090007420747864656C61792000736574206401
:10E0A00069726563742E747864656C61792000739D
:10E0B0006574206E616D6520007365742070696EF3
:10E0C000200073657420776966692E737369642014
:10E0D0000073657420776966692E70776420007319
:10E0E000657420776966692E656E61626C6564206F
:10E0F0000073657420747A2E6F66667365742000F1
:10E1000067657420726164696F0067657420667268
:10E1100065710067657420616600676574206475C9
:10E1200074796379636C650067657420696E742E19
:10E130007468726573680067657420636164006762
:10E14000657420726164696F2E72786761696E0010
:10E150006765742074780067657420727864656CF4
:10E16000617900676574206167632E7265736574F9
:10E170002E696E74657276616C00676574207061DB
:10E1800074682E686173682E6D6F646500676574CE
:10E19000206D756C74692E61636B73006765742004
:10E1A000747864656C617900676574206469726570
:10E1B00063742E747864656C617900706F77657232
:10E1C0006F66660073687574646F776E0067657458
:10E1D000206E616D650067657420776966692E70D1
:10E1E00077640073657420776966692E636C656176
:10E1F000720067657420776966692E7373696400BD
:10E2000067657420776966692E656E61626C656406
:10E210000067657420776966692E7374617475731D
:10E220000067657420776966692E69700067657498
:10E2300020747A2E6F6666736574003E2025642E06
:10E2400025642525003E20252E3266003E202575BA
:10E250000052656D6F766564202D204175746F6D79
:10E260006174696320414743207265736574206956
:10E2700073206F6E00726164696F2E66656D2E7219
:10E28000786761696E003E20252E33662C25732C3D
:10E2900025752C2575003E20616461707469766572
:10E2A0002028727864656C6179206465707265639A
:10E2B0006174656429003E206164617074697665EB
:10E2C00020286573743D252E316620666C6F6F645F
:10E2D0003D252E326629003E2061646170746976A6
:10E2E0006520286469726563742E747864656C6156
:10E2F00079206465707265636174656429003E20ED
:10E3000025640066726571657272003E20252E33A9
:10E3100066004552524F523A2064757479637963AE
:10E320006C65206D7573742062652031302D31303D
:10E33000302C206F722064656661756C74004552E4
:10E34000524F523A20647574796379636C65206D1D
:10E350007573742062652031302D313030004F4BA1
:10E36000202D2025642E25642525004572726F72AC
:10E370003A2065787065637465642061206E756D00
:10E38000626572206F722064656661756C74004509
:10E3900072726F723A206166206D757374206265C7
:10E3A00020302D39004572726F723A206E6F7420E2
:10E3B000737570706F72746564206F6E20636F6D1B
:10E3C00070616E696F6E004572726F723A206D7582
:10E3D000737420626520302C2031206F72206465B8
:10E3E0006661756C7400252E2A73004F4B202D201A
:10E3F0007265626F6F7420746F206170706C792029
:10E400002843414420726573657429004F4B202DC9
:10E41000207265626F6F7420746F206170706C7908
:10E42000004572726F723A20667265712031353024
:10E430002D323530302C20627720372D3530302C7E
:10E4400020736620352D31322C20637220352D3813
:10E450002C206F722064656661756C74004F4B20D0
:10E460002869676E6F7265643A20727864656C61C2
:10E4700079206973206E6F772061646170746976AA
:10E480006529004F4B202869676E6F7265643A20DA
:10E49000747864656C6179206973206E6F77206190
:10E4A0006461707469766529004F4B202869676E36
:10E4B0006F7265643A206469726563742E7478645F
:10E4C000656C6179206973206E6F7720616461707B
:10E4D0007469766529004572726F722C206D7573B0
:10E4E0007420626520302C20312C2032206F722065
:10E4F00064656661756C74004F4B202D2074782024
:10E50000706F7765723D25642064426D00457272BC
:10E510006F723A2072616E6765202D3920746F200A
:10E5200025642064426D2C206F72206465666175DD
:10E530006C74006672657120004572726F723A20C9
:10E5400072616E6765203135302D32353030204DA7
:10E55000487A2C206F722064656661756C74007255
:10E560006164696F2E66656D2E72786761696E20D1
:10E57000004F4B202D20726164696F2E66656D2EF1
:10E5800072786761696E3D2564004572726F723AF8
:10E5900020756E737570706F727465640045727269
:10E5A0006F723A206D75737420626520302C2031B3
:10E5B0002C206F6E2C206F72206F6666004F4B20F0
:10E5C0002D20726164696F2E72786761696E3D25D6
:10E5D0006400706D004572726F723A206E6F206C2D
:10E5E0006967687420736C656570206F6E2074684D
:10E5F0006973206275696C64006C6564732E726166
:10E6000064696F003E20257325730020286E6F20FB
:10E61000726164696F204C4544206F6E2074686994
:10E620007320626F61726429006C6564732E686286
:10E63000006C6564732E6272696768746E657373CB
:10E64000003E2025752525006C6564730062757A8F
:10E650007A6572003E202575202825732900666C96
:10E660006F6F642E6164766572742E696E74657264
:10E6700076616C0067756573742E70617373776F64
:10E680007264007072762E6B6579003E20252E36FE
:10E690006600666C6F6F642E6D61782E61647665BE
:10E6A000727400666C6F6F642E6D61782E756E7378
:10E6B000636F70656400666C6F6F642E6D617800C7
:10E6C0006261636B6F66662E6D756C7469706C69E0
:10E6D0006572006F776E65722E696E666F006C6F83
:10E6E0006F702E646574656374003E206F6666000B
:10E6F0003E206D696E696D616C003E206D6F6465D2
:10E7000072617465003E2073747269637400707581
:10E71000626C69632E6B657900726F6C650070774F
:10E72000726D67742E737570706F7274003E207511
:10E730006E737570706F72746564007077726D6758
:10E74000742E736F75726365004552524F523A20B2
:10E75000506F776572206D616E6167656D656E746F
:10E76000206E6F7420737570706F727465640070C2
:10E7700077726D67742E626F6F74726561736F6EFE
:10E78000003E2052657365743A2025733B20536820
:10E790007574646F776E3A202573007077726D67B9
:10E7A000742E626F6F746D7600626F6F746C6F6140
:10E7B0006465722E766572003E20756E6B6E6F77A3
:10E7C0006E006164632E6D756C7469706C6965723E
:10E7D000004572726F723A20756E737570706F7249
:10E7E000746564206279207468697320626F617255
:10E7F00064003E20252E33662020282575206D5686
:10E800002C20746172676574203E3D202575206D53
:10E810005620666F7220313030252529003E202594
:10E820002E33662020286E6F20414443207265619C
:10E8300064696E672900727864757479006469731D
:10E84000706C61792E726F74617465003E20756E14
:10E85000737570706F72746564202870616E656C7A
:10E860002063616E6E6F7420726F7461746529002D
:10E87000696E7075742E726F746174650067707361
:10E88000206469616700677073207374616E6462ED
:10E8900079006770732064757479003E20616C772D
:10E8A000617973206F6E20283029003E206F6E2022
:10E8B00073746174653D257320736174733D2575B0
:10E8C000206669783D2575732061676F206C6174DF
:10E8D0003D252E3666206C6F6E3D252E3666003E39
:10E8E000206F6E2073746174653D257320736174AD
:10E8F000733D2575206E6F20666978206E6578748B
:10E900003D257573003E206F6E2073746174653D04
:10E91000257320736174733D2575206E6F206669C1
:10E92000780064632E726573746172747300707220
:10E930006F62652E696E74657276616C00636164E6
:10E940002E7374617473006361642E6175746F005B
:10E950006361642E6F6666736574006361642E6222
:10E96000757379636170003E203020286F666629D8
:10E97000003E206F6E0065787472612E736600250C
:10E98000732575004E6F20657874726120534620A0
:10E99000636F6E66696775726564003F3F3A202554
:10E9A00073004F4B202D206578747261205346739D
:10E9B00020736574004F4B202D20657874726120A0
:10E9C00053467320636C6561726564006C656473A3
:10E9D0002E726164696F20004572726F723A206D09
:10E9E0007573742062652074782C2072782C2061F5
:10E9F0006C6C2C206F6666206F7220646566617592
:10EA00006C74004F4B2573006C6564732E68622034
:10EA1000004572726F723A206D75737420626520C2
:10EA200068622C20756E726561642C20616C6C2CA0
:10EA3000206F6666206F722064656661756C740075
:10EA40006C6564732E6272696768746E6573732097
:10EA5000004572726F723A206D7573742062652082
:10EA6000302D313030004F4B202D206C6564732EDB
:10EA70006272696768746E6573733D256C642525E1
:10EA8000006C65647320004572726F723A206D7578
:10EA90007374206265206F6E2C206F6666206F7223
:10EAA0002064656661756C740062757A7A6572209F
:10EAB000004572726F723A2030202873696C656E5F
:10EAC00074292C20312028736F756E642B7669624F
:10EAD000292C2032202876696272617465292C20E5
:10EAE000332028736F756E6429206F722064656609
:10EAF00061756C74004572726F723A206E6F207689
:10EB00006962726174696F6E206D6F746F72206FCD
:10EB10006E207468697320626F617264202D2075A5
:10EB200073652030206F722031006361642E61753F
:10EB3000746F20006361642E6F66667365742000D5
:10EB40004572726F723A20657870656374656420EF
:10EB500025642E2E2564206F722064656661756CB5
:10EB600074004572726F723A206F66667365742026
:10EB700072616E67652069732025642E2E256400FE
:10EB800070726F62652E696E74657276616C2000BA
:10EB90004572726F723A20696E74657276616C208C
:10EBA00069732030202870726F62696E67206F660B
:10EBB00066292C2031302D323535207365636F6E18
:10EBC00064732C206F722064656661756C740045F7
:10EBD00072726F723A20696E74657276616C206928
:10EBE000732030202870726F62696E67206F6666CE
:10EBF00029206F722031302D323535207365636FD7
:10EC00006E6473006361642E627573796361702052
:10EC1000004572726F723A20627573796361702079
:10EC20006973203020286F6666292C2031302D39F9
:10EC3000302070657263656E742C206F722064657D
:10EC40006661756C74004572726F723A20627573FA
:10EC500079636170206973203020286F66662920EF
:10EC60006F722031302D39302070657263656E749B
:10EC7000006361642E7265736574004F4B202D2014
:10EC80004341442070726F62652073746174732015
:10EC9000636C65617265642C206465745065616B9A
:10ECA000206F666673657420726573657420746F77
:10ECB0002025640065787472612E736620004572A9
:10ECC000726F723A206174206D6F73742025642016
:10ECD000657874726120534673004572726F723AA0
:10ECE00020756E737570706F72746564206F72201A
:10ECF000696E76616C696420657874726120534630
:10ED000020636F6E66696700666C6F6F642E616466
:10ED1000766572742E696E74657276616C2000453A
:10ED200072726F723A206578706563746564203022
:10ED30002C20332D31363820686F7572732C206F7C
:10ED4000722064656661756C74004572726F723A08
:10ED500020696E74657276616C2072616E676520E1
:10ED6000697320332D31363820686F757273004512
:10ED700072726F723A2065787065637465642030D2
:10ED80002C2025642D323430206D696E75746573C6
:10ED90002C206F722064656661756C740045727218
:10EDA0006F723A20696E74657276616C2072616E62
:10EDB00067652069732025642D323430206D696EBB
:10EDC000757465730067756573742E7061737377FE
:10EDD0006F726420007072762E6B65792000457228
:10EDE000726F722C20626164206B6579004F4B2C2E
:10EDF000207265626F6F7420746F206170706C791F
:10EE000021204E6577207075626B65793A2000721B
:10EE1000657065617420004F4B202D207265706510
:10EE20006174206973206E6F77204F4E004F4B2026
:10EE30002D20726570656174206973206E6F772074
:10EE40004F4646004572726F723A206D757374209A
:10EE50006265206F6E206F72206F6666006C617451
:10EE600020006C6F6E2000666C6F6F642E6D617891
:10EE70002E61647665727420004572726F723A205A
:10EE800072616E676520302D36342C206F722064DD
:10EE9000656661756C7400666C6F6F642E6D617869
:10EEA0002E756E73636F7065642000666C6F6F649F
:10EEB0002E6D617820006261636B6F66662E6D75E2
:10EEC0006C7469706C69657220004572726F722C87
:10EED0002072616E676520302E302D322E302C204E
:10EEE0006F722064656661756C74004572726F7232
:10EEF0002C2072616E676520302E302D322E30004E
:10EF00006F776E65722E696E666F20006C6F6F7022
:10EF10002E64657465637420004572726F722C20D4
:10EF20006D7573742062653A206F66662C206D697A
:10EF30006E696D616C2C206D6F6465726174652CF7
:10EF4000207374726963742C206F7220646566612B
:10EF5000756C74006164632E6D756C7469706C6996
:10EF6000657220746172676574004572726F723ADF
:10EF7000206E656564206D5620746172676574202B
:10EF80002028652E672E20736574206164632E6DC2
:10EF9000756C7469706C69657220746172676574F0
:10EFA000203431373329006164632E6D756C7469C8
:10EFB000706C6965722074617267657420004572B7
:10EFC000726F723A206E6F20414443207265616413
:10EFD000696E67206F6E207468697320626F61725A
:10EFE00064004572726F723A2074617267657420B2
:10EFF0006F7574206F662072616E676520283330EC
:10F0000030302D34343030206D5629004F4B202DB8
:10F01000206D756C7469706C69657220252E33667D
:10F02000202D3E20252E33662020282575202D3EBC
:10F03000202575206D5629006164632E6D756C74F2
:10F0400069706C6965722066756C6C006164632E12
:10F050006D756C7469706C69657220004572726FB1
:10F06000723A20696E76616C6964206D756C7469A2
:10F07000706C69657220283020746F20726573652A
:10F08000742C203130302D33303030302C206F72E2
:10F090002064656661756C7429004F4B202D2075C6
:10F0A00073696E672064656661756C7420626F6158
:10F0B0007264206D756C7469706C696572004F4B79
:10F0C000202D206D756C7469706C69657220736594
:10F0D0007420746F20252E336600727864757479FD
:10F0E00020004F4B202D207278647574793D256483
:10F0F00020287265626F6F7420746F206170706C6D
:10F10000792900646973706C61792E726F7461740F
:10F110006520004572726F723A206E6F20646973C9
:10F12000706C617900696E7075742E726F746174A1
:10F130006520004F4B202D20696E7075742E726F04
:10F14000746174653D2564004F4B202D20747A2E28
:10F150006F66667365743D2564004F4B202D2067F4
:10F1600070732064696167206F6E3B2072756E203A
:10F1700027677073206F666627207468656E202786
:10F18000677073206F6E272C207468656E20276768
:10F19000657420677073206469616727004F4B2096
:10F1A0002D206770732064696167206F6666007543
:10F1B000736167653A2073657420677073206469B2
:10F1C0006167203C307C317C6F6E7C6F66663E00F0
:10F1D00075736167653A2073657420677073207377
:10F1E00074616E646279203C7365636F6E64733E14
:10F1F000207C2064656661756C7420202830203D79
:10F2000020616C7761797320706F776572206F660B
:10F210006629004F4B202D20677073207374616E38
:10F220006462793D257520730075736167653A20C6
:10F23000736574206770732064757479203C7365FE
:10F24000636F6E64733E207C2064656661756C74C8
:10F2500020202830203D20616C77617973206F6E0B
:10F2600029004F4B202D2067707320647574793D01
:10F27000302028616C77617973206F6E29004F4BC5
:10F28000202D2067707320647574793D2575207377
:10F29000006D65736874696D6573796E6320004FE6
:10F2A0004B202D206D65736874696D6573796E638D
:10F2B00020257300756E6B6E6F776E20636F6E66C0
:10F2C00069673A20252E32333073004572726F72AF
:10F2D0003A206E616D652063616E6E6F7420636F9E
:10F2E0006E7461696E205B205D205C203A202C20CA
:10F2F0003F202A006E6F00796573006E756C6C009C
:10F3000061637469766500737461727420646675F4
:10F31000004572723A206E6F2044465520626F6F2E
:10F32000746C6F61646572206F6E207468697320FD
:10F3300063686970202D20666C617368206F766544
:10F340007220535744007374617274206F746100AB
:10F350004F4B202D207265626F6F74696E67207449
:10F360006F20424C45204F54412044465500737451
:10F370006F70206F7461004E6F7420737570706FC2
:10F3800072746564004F4B202D20706F7765726931
:10F390006E67206F666600636C6B7265626F6F7478
:10F3A000004F4B202D20636C6F636B20726573657B
:10F3B000742C207265626F6F74696E670061647689
:10F3C0006572742E7A65726F686F70004F4B202DD6
:10F3D000207A65726F686F70206164766572742040
:10F3E00073656E74004F4B202D20416476657274F6
:10F3F0002073656E7400636C6F636B2073796E634A
:10F40000004F4B202D20636C6F636B207365743A43
:10F4100020253032643A25303264202D2025642F97
:10F4200025642F256420555443004552523A2063E9
:10F430006C6F636B2063616E6E6F7420676F206208
:10F4400061636B776172647300636C6F636B0074EC
:10F45000696D652000284552523A20636C6F636BDA
:10F460002063616E6E6F7420676F206261636B77DB
:10F470006172647329006E65696768626F727300F8
:10F480006E65696768626F722E72656D6F76652052
:10F49000004552523A20626164207075626B657952
:10F4A0000074656D70726164696F20004F4B202D90
:10F4B0002074656D7020706172616D7320666F726B
:10F4C000202564206D696E7300372D35303000457E
:10F4D00072726F723A2066726571203135302D324A
:10F4E0003530302C2062772025732C207366203530
:10F4F0002D31322C20637220352D382C2074696D0B
:10F50000656F75743E300070617373776F7264203D
:10F510006E6F773A20257300636C65617220737497
:10F5200061747300284F4B202D2073746174732015
:10F530007265736574290046696C6520737973740C
:10F54000656D2065726173653A204F4B202D2072E6
:10F5500065626F6F74696E670046696C65207379C8
:10F560007374656D2065726173653A20457272002F
:10F57000257320284275696C643A20257329007030
:10F580006F77657200626174743A2575206D56203C
:10F590007573623A257320736F6C61725F6368677D
:10F5A0003A2573206578743A257320636861726721
:10F5B00065723A25730073656E736F7220676574A8
:10F5C000200073656E736F72207365742000636131
:10F5D0006E27742066696E6420637573746F6D2086
:10F5E0007661720073656E736F72206C697374005C
:10F5F0006E6F20637573746F6D2076617200256481
:10F6000020766172730A0025733D25730A002E2E41
:10F610002E206E6578743A256400677073206F6ED3
:10F620000067707320746F67676C65206E6F74205D
:10F63000666F756E6400677073206F666600677032
:10F64000732073796E63006770732070726F7669D0
:10F65000646572206E6F7420666F756E64006770EB
:10F6600073206973206F6666007265713A25752094
:10F6700000677073207365746C6F6300677073202C
:10F68000616476657274003E206E6F6E65003E2088
:10F690007072656673003E20736861726500436135
:10F6A0006E27742066696E6420475053006F6E2C7D
:10F6B0002025732C2025732C2025642073617473FE
:10F6C00000706F776572736176696E67206F6E0088
:10F6D000426F617264206E6F7420737570706F7208
:10F6E00074656400706F776572736176696E672008
:10F6F0006F666600706F776572736176696E67001A
:10F700006C6F67207374617274002020206C6F67C7
:10F7100067696E67206F6E006C6F672073746F701F
:10F72000002020206C6F6767696E67206F66660037
:10F730006C6F67206572617365002020206C6F67B5
:10F7400020657261736564006C6F6700202020453E
:10F750004F460073746174732D7061636B657473CD
:10F760000073746174732D726164696F00737461E6
:10F7700074732D636F726500616371756972696E70
:10F780006700616C6C00756E726561640072780070
:10F790000D0A3D3D3D205A657068436F72652043F8
:10F7A0006F6D70616E696F6E203D3D3D0D0A000802
:10F7B0002008002A2A2A20426F6F74696E67205A37
:10F7C0006570687972204F53206275696C642031CE
:10F7D0003138303865396561386162202A2A2A0A51
:10F7E000004661696C656420746F207265626F6F9A
:10F7F000743A207370696E6E696E6720656E646C12
:10F800006573736C792E2E2E0A006770696F403411
:10F8100038303031633030006770696F40343830D1
:10F820003030383030006770696F403438303030F5
:10F83000343030006770696F4034383030303030E9
:10F84000300072302F61313A2020307825303878FE
:10F85000202072312F61323A2020307825303878DC
:10F86000202072322F61333A2020307825303878CA
:10F870000A0072332F61343A2020307825303878EE
:10F88000207231322F69703A202030782530387854
:10F89000207231342F6C723A20203078253038783D
:10F8A0000A0020787073723A20203078253038783A
:10F8B0000A004661756C74696E6720696E737472B4
:10F8C000756374696F6E2061646472657373202858
:10F8D0007231352F7063293A203078253038780A14
:10F8E00000556E68616E646C6564204952516E3AD1
:10F8F0002025640A002A2A2A2A2A204D505520460B
:10F9000041554C54202A2A2A2A2A0A0020205374BE
:10F9100061636B696E67206572726F722028636F16
:10F920006E746578742061726561206D69676874B2
:10F93000206265206E6F742076616C6964290A000C
:10F940002020556E737461636B696E6720657272F7
:10F950006F720A0020204461746120416363657303
:10F96000732056696F6C6174696F6E0A0020204DB8
:10F970004D46415220416464726573733A20307879
:10F9800025780A002020496E737472756374696F5C
:10F990006E204163636573732056696F6C6174698F
:10F9A0006F6E0A002A2A2A2A2A20555341474520E9
:10F9B0004641554C54202A2A2A2A2A0A002020444B
:10F9C00069766973696F6E206279207A65726F0A51
:10F9D000002020556E616C69676E6564206D656DF1
:10F9E0006F7279206163636573730A0020204E6F24
:10F9F00020636F70726F636573736F7220696E73CB
:10FA00007472756374696F6E730A002020496C6CA0
:10FA10006567616C206C6F6164206F662045584398
:10FA20005F52455455524E20696E746F2050430A00
:10FA3000002020496C6C6567616C20757365206FD0
:10FA4000662074686520455053520A002020417496
:10FA500074656D707420746F206578656375746566
:10FA600020756E646566696E656420696E73747274
:10FA7000756374696F6E0A002A2A2A2A2A20425561
:10FA800053204641554C54202A2A2A2A2A0A00206B
:10FA900020537461636B696E67206572726F720ABE
:10FAA0000020205072656369736520646174612071
:10FAB000627573206572726F720A0020204246419F
:10FAC0005220416464726573733A20307825780A55
:10FAD000002020496D7072656369736520646174EC
:10FAE0006120627573206572726F720A002020496E
:10FAF0006E737472756374696F6E206275732065BE
:10FB000072726F720A005265736572766564204581
:10FB10007863657074696F6E202800537075726920
:10FB20006F757320696E74657272757074202849E0
:10FB300052512000535053454C20696E2074687216
:10FB4000656164206D6F646520646F6573206E6FFE
:10FB50007420696E646963617465205053500A00B3
:10FB600045534620636F756C64206E6F7420626528
:10FB70002072657472696576656420737563636568
:10FB8000737366756C6C792E205368616C6C206E93
:10FB900065766572206F636375722E0A002A2A2AC1
:10FBA0002A2A2048415244204641554C54202A2AB2
:10FBB0002A2A2A0A002020427573206661756C7417
:10FBC000206F6E20766563746F72207461626C655D
:10FBD00020726561640A00202044656275672065B3
:10FBE00076656E740A0020204661756C742065731A
:10FBF00063616C6174696F6E20287365652062654E
:10FC00006C6F77290A00415243485F45584345507D
:10FC100054207769746820726561736F6E2025784F
:10FC20000A0A002A2A2A2A2A204465627567206D5A
:10FC30006F6E69746F7220657863657074696F6E3A
:10FC4000202A2A2A2A2A0A002A2A2A2A2A2025732E
:10FC500020256429202A2A2A2A2A0A00464C4153B0
:10FC6000485F30005352414D5F30002F00696E7481
:10FC70006572727570742D636F6E74726F6C6C65E3
:10FC80007240353830303038303000726363403580
:10FC90003830303030303000726E674035383030B8
:10FCA0003130303000666C6173682D636F6E747232
:10FCB0006F6C6C65724035383030343030300069EC
:10FCC0003263403430303035383030006770696F1F
:10FCD0005F6B65797300616E74656E6E6120656E31
:10FCE00061626C6500545820656E61626C650052FB
:10FCF0005820656E61626C650046454D204C4E4152
:10FD000020627970617373007378313236785F6482
:10FD1000696F3100726164696F40300072657365AC
:10FD2000742D636F6E74726F6C6C657200736572A4
:10FD300069616C4034303031333830300073706971
:10FD4000403538303130303030002E2E006C697440
:10FD5000746C65667300556E6B6E6F776E2065729E
:10FD6000726F72003E3E3E205A455048595220461E
:10FD70004154414C204552524F522025643A20258F
:10FD800073206F6E204350552025640A004661752C
:10FD90006C7420647572696E6720696E7465727226
:10FDA0007570742068616E646C696E670A004375D3
:10FDB0007272656E74207468726561643A20257091
:10FDC00020282573290A0043505520657863657003
:10FDD00074696F6E00556E68616E646C656420694D
:10FDE0006E7465727275707400537461636B206F0A
:10FDF000766572666C6F77004B65726E656C206F0E
:10FE00006F7073004B65726E656C2070616E696314
:10FE1000006D61696E00737973776F726B71004169
:10FE200045532D3235362D454342004145532D3142
:10FE300039322D454342004145532D3132382D454D
:10FE4000434200696E6600286E756C6C2900303183
:10FE50003233343536373839414243444546000061
:10FE60000203010002038B3387E9C5CDEA6AC9E5C5
:10FE7000EDBAA115CD7200000000000000000000E6
:10FE80000000000000000000000000000000000072
:10FE90000000000000000000000000000000000062
:10FEA0000000000000000000000000000000000052
:10FEB0000000000000000000000000000000000042
:10FEC000000000000000020408107A632D76636FC2
:10FED0006E7461637400D9FBFBFBFBFBFBFBFBFB5C
:10FEE000FBFBFBFBFBFBFBFBFBFBFBFBFBFBFBFB62
:10FEF000FBFBFBFBFBFBFBFBFBFBFBFBFBFBFBFB52
:10FF0000FBFBFBFBFBFBFBFBFBFBFBFBFBFBFBFB41
:10FF1000FBFBFBFBE4E5FBFBFBFBEAEBECFBFBEF9A
:10FF2000FBFBACFBF4FBFBF7FBFBFBFBFBFBFEF281
:10FF3000FBFBFBFBFBFBFBFBFBFBFBFBFBFBFBFB11
:10FF4000FBFBFBFBFBFBFBFBFBFBFBFBFBFBFBFB01
:10FF5000FBFBFBFBFBFBFBFBFBFBFBFBA6FBFBFB46
:10FF6000FBFBFBFBFBFBFBE4E5FBFBFBFBEAEBEC3E
:10FF7000FBFBEFFBFBFBFBF4FBFBF7FBFBFBFBFBE8
:10FF8000FBFE0A060505040103010201010100014F
:10FF90001415161818191B1B1617191A1E1F2123C2
:10FFA00001270422DEE2324433340401530A2500DF
:10FFB0000000000000008E4ACC46BA18766BB8E705
:10FFC000BE39FAAD7763FFFFFFFFFFFFFFFFFFFFC3
:10FFD000FFFFFFFFFF07F7E97A2E8D31092C6BCE6B
:10FFE0007B51EF7C6F0A0000000000000000000061
:10FFF00000000000000801000000000000000000F8
:020000040803EF
:1000000000000000000000000000000000000000F0
:1000100000000000000010141400001C2030401CE0
:100020002000001C20304010141400001C20304020
:100030001C2000001C203040404040000040408018
:1000400080808000009088684810141400001C20F4
:1000500030401C2000001C20304052096AD5303648
:10006000A538BF40A39E81F3D7FB7CE339829B2F49
:10007000FF87348E4344C4DEE9CB547B9432A6C25E
:10008000233DEE4C950B42FAC34E082EA16628D9AB
:1000900024B2765BA2496D8BD12572F8F66486682E
:1000A0009816D4A45CCC5D65B6926C704850FDED9A
:1000B000B9DA5E154657A78D9D8490D8AB008CBCED
:1000C000D30AF7E45805B8B34506D02C1E8FCA3FB3
:1000D0000F02C1AFBD0301138A6B3A9111414F6703
:1000E000DCEA97F2CFCEF0B4E67396AC7422E7ADBB
:1000F0003585E2F937E81C75DF6E47F11A711D2965
:10010000C5896FB7620EAA18BE1BFC563E4BC6D2FD
:1001100079209ADBC0FE78CD5AF41FDDA83388071A
:10012000C731B11210592780EC5F60517FA919B512
:100130004A0D2DE57A9F93C99CEFA0E03B4DAE2A76
:10014000F5B0C8EBBB3C83539961172B047EBA779B
:10015000D626E169146355210C7D637C777BF26BB5
:100160006FC53001672BFED7AB76CA82C97DFA59BD
:1001700047F0ADD4A2AF9CA472C0B7FD9326363F22
:10018000F7CC34A5E5F171D8311504C723C318960F
:10019000059A071280E2EB27B27509832C1A1B6EB1
:1001A0005AA0523BD6B329E32F8453D100ED20FC53
:1001B000B15B6ACBBE394A4C58CFD0EFAAFB434D56
:1001C000338545F9027F503C9FA851A3408F929DF3
:1001D00038F5BCB6DA2110FFF3D2CD0C13EC5F97E3
:1001E0004417C4A77E3D645D197360814FDC222AE9
:1001F000908846EEB814DE5E0BDBE0323A0A490620
:10020000245CC2D3AC629195E479E7C8376D8DD593
:100210004EA96C56F4EA657AAE08BA78252E1CA66B
:10022000B4C6E8DD741F4BBD8B8A703EB5664803CB
:10023000F60E613557B986C11D9EE1F8981169D94E
:100240008E949B1E87E9CE5528DF8CA1890DBFE6D1
:10025000426841992D0FB054BB16616E006E6669FD
:100260006E69747900616E006E66696E69747900FA
:1002700018B0020800000000FFFFFFFFFFFFFFFFB4
:1002800000000000000000000000000017D201087C
:10029000000000000001000000000000000000005D
:1002A000000000000000000000000000000000004E
:1002B0000000000000000000FFFFFFFFFFFFFFFF46
:1002C0006400000001000000E0AF02086CB1020809
:1002D0004CB10208FFFFFFFF00000000FDC6000850
:1002E0000000000000000000512302080000000090
:1002F00000000000F1CF0008000000000000000036
:1003000000000000F1CF0008000000000000000025
:1003100000000000F1CF0008000000000000000015
:1003200000000000F1CF000800000000E0B8020863
:100330000000000049260208000000000000000044
:10034000D0000020D00000200000000000000000CD
:1003500000000000E4000020E40000200000000095
:1003600000000000010000008ED9020810010020EA
:100370000000000000000000000000000400000079
:10038000000000000000000000000000000000006D
:10039000000000001000000010000000000000003D
:1003A00000000000000200004000000020000000EB
:1003B00000000000384E0020F84D0020D84D0020ED
:1003C000000000000000000000000000000000002D
:1003D000000000000000000000000000000000001D
:1003E000000000000000000000000000000000000D
:1003F00000000000000000000000000000000000FD
:1004000000000000000000000000000000000000EC
:1004100000000000000000000000000000000000DC
:1004200000000000000000000000000000000000CC
:1004300000000000000000000000000000000000BC
:1004400000000000000000000000000000000000AC
:10045000000000000000000000000000000000009C
:10046000000000000000000000000000000000008C
:10047000000000000000000000000000000000007C
:10048000000000000000000000000000000000006C
:10049000000000000000000000000000000000005C
:1004A000000000000000000010000000100000002C
:1004B000000000000000000000000000000100003B
:1004C0002000000000000000984F0020984E0020FF
:1004D000784E002000000000000000000000000036
:1004E000000000000000000000000000000000000C
:1004F00000000000000000000000000000000000FC
:1005000000000000000000000000000000000000EB
:1005100000000000000000000000000000000000DB
:1005200000000000000000000000000000000000CB
:1005300000000000000000000000000000000000BB
:1005400000000000000000000000000000000000AB
:10055000000000000000000000000000000000009B
:10056000000000000000000000000000000000008B
:10057000000000000000000000000000000000007B
:10058000000000000000000000000000000000006B
:10059000000000000000000000000000000000005B
:1005A000000000000000000000000000000000004B
:1005B000C52F02080000000000100058A8A402087F
:1005C000540300205000000000000400050000005B
:1005D00088003E03004000580000000000000000BA
:1005E000000000000000000000000000000000000B
:1005F00000000000000000000736020800000000B4
:100600000000000000000000F538020800000000B3
:100610000000000000000000D1F50008000000000C
:100620000000000000000000B957020800000000B0
:10063000CC030020000000000000000000C2010008
:100640000001030000000000000000005904010840
:10065000000000000000000000000000EC0300208B
:10066000EC0300200000000001000000FC0300205B
:10067000FC0300200404002004040020000000000B
:1006800001000000140400201404002000000000F9
:10069000000000000000000000000000000000005A
:1006A000000000000000000000000000000000004A
:1006B000000000000000000000000000000000003A
:1006C00000093D00C8000000580400205804002024
:1006D000FFFFFFFF640400206404002009DD000820
:1006E00025DD0008FFFFFFFFFFFFFFFFFFFFFFFF0C
:0406F000FFFFFFFF0A
:1006F40000000000000000000000000000000000F6
:0C070400000000000000000000000000E9
:1007100000000000000000000000000000000000D9
:10072000F94C010800000000B8040020B8040020C3
:1007300037D20108000000000000000000000000A7
:080740000000000000000000B1
:10074800D8040020D8040020000000004CDE00205F
:100758000000000008000000640000000000000025
:10076800F8040020F8040020000000007CDD0020D0
:100778000000000004000000340000000000000039
:100788000000000040CE00204408000000000000E7
:1007980000000000000000000000000040C500202C
:1007A8000009000000000000000000000000000038
:1007B8004805002048050020000000000000000057
:1007C800000000005C0500205C050020000000001F
:0807D800000000000000000019
:1007E00070050020700500200000000000010000DE
:1007F00004000000B4D60020B4DA0020B4D60020F3
:10080000B4D60020000000009805002098050020C4
:1008100000000000A4050020A40500200000000046
:10082000B200000004000000B4DA00207CDD0020EB
:10083000B4DA0020B4DA002000000000CC0500206B
:08084000CC05002000000000BF
:10084800D8050020D80500200000000001000000A5
:08085800E8050020E80500207E
:0408600015E015E0AA
:040000050800D69584
:00000001FF
