:020000040800F2
:10000000C0B3002069A400083FB4010855A400084B
:1000100055A4000855A4000855A4000800000000DD
:10002000000000000000000000000000C1A4000863
:1000300055A400080000000089A6000889D5000822
:1000400005A7000805A7000805A7000805A70008E0
:1000500005A7000805A7000805A7000805A70008D0
:1000600005A7000805A7000805A7000805A70008C0
:1000700005A7000805A7000805A7000805A70008B0
:1000800005A7000805A7000805A7000805A70008A0
:1000900005A7000805A7000805A7000805A7000890
:1000A00005A7000805A7000805A7000805A7000880
:1000B00005A7000805A7000805A7000805A7000870
:1000C00005A7000805A7000805A7000805A7000860
:1000D00005A7000805A7000805A7000805A7000850
:1000E00005A7000805A7000805A7000805A7000840
:1000F00005A7000805A7000805A7000805A7000830
:1001000005A7000805A7000805A7000805A700081F
:0401100005A7000837
:1001180081F0004102E000BF83F0004330B54FEAB0
:1001280041044FEA430594EA050F08BF90EA020F1D
:100138001FBF54EA000C55EA020C7FEA645C7FEAB0
:10014800655C00F0E2804FEA5454D4EB5555B8BFD3
:100158006D420CDD2C4480EA020281EA030382EA44
:10016800000083EA010180EA020281EA0303362DD6
:1001780088BF30BD11F0004F4FEA01314FF4801CA9
:100188004CEA113102D0404261EB410113F0004FBB
:100198004FEA03334CEA133302D0524263EB430372
:1001A80094EA050F00F0A780A4F10104D5F1200E10
:1001B8000DDB02FA0EFC22FA05F2801841F100016B
:1001C80003FA0EF2801843FA05F359410EE0A5F13F
:1001D80020050EF1200E012A03FA0EFC28BF4CF070
:1001E800020C43FA05F3C01851EBE37101F0004526
:1001F80007D54FF0000EDCF1000C7EEB00006EEB33
:100208000101B1F5801F1BD3B1F5001F0CD34908BC
:100218005FEA30004FEA3C0C04F101044FEA445213
:1002280012F5800F80F09A80BCF1004F08BF5FEA9A
:10023800500C50F1000041EB045141EA050130BD7A
:100248005FEA4C0C404141EB0101013C28BFB1F58C
:10025800801FE9D291F0000F04BF01460020B1FAD7
:1002680081F308BF2033A3F10B03B3F120020CDAAA
:100278000C3208DD02F1140CC2F10C0201FA0CF088
:1002880021FA02F10CE002F11402D8BFC2F1200CED
:1002980001FA02F120FA0CFCDCBF41EA0C019040A3
:1002A800E41AA2BF01EB0451294330BD6FEA0404EC
:1002B8001F3C1CDA0C340EDC04F11404C4F12002D7
:1002C80020FA04F001FA02F340EA030021FA04F3E9
:1002D80045EA030130BDC4F10C04C4F1200220FA40
:1002E80002F001FA04F340EA0300294630BD21FA7E
:1002F80004F0294630BD94F0000F83F4801306BF44
:1003080081F480110134013D4EE77FEA645C18BF37
:100318007FEA655C29D094EA050F08BF90EA020FCE
:1003280005D054EA000C04BF1946104630BD91EAC6
:10033800030F1EBF0021002030BD5FEA545C05D1C9
:100348004000494128BF41F0004130BD14F5800408
:100358003CBF01F5801130BD01F0004545F0FE417C
:1003680041F470014FF0000030BD7FEA645C1ABFB1
:10037800194610467FEA655C1CBF0B46024650EAE8
:10038800013406BF52EA033591EA030F41F4002114
:1003980030BD00BF90F0000F04BF0021704730B59A
:1003A8004FF4806404F132044FF000054FF000016F
:1003B80050E700BF90F0000F04BF0021704730B530
:1003C8004FF4806404F1320410F0004548BF404205
:1003D8004FF000013EE700BF42004FEAE2014FEA5A
:1003E80031014FEA02701FBF12F07F4393F07F4F35
:1003F80081F06051704732F07F4208BF704793F038
:100408007F4F04BF41F40021704730B54FF460744A
:1004180001F0004521F000411CE700BF50EA01024D
:1004280008BF704730B54FF000050AE050EA0102F6
:1004380008BF704730B511F0004502D5404261EB66
:1004480041014FF4806404F132045FEA915C3FF4A7
:10045800D8AE4FF003025FEADC0C18BF03325FEA44
:10046800DC0C18BF033202EBDC02C2F1200300FAF5
:1004780003FC20FA02F001FA03FE40EA0E0021FA1A
:1004880002F11444BDE600BF70B54FF0FF0C4CF408
:10049800E06C1CEA11541DBF1CEA135594EA0C0FBA
:1004A80095EA0C0F00F0DEF82C4481EA030621EAF5
:1004B8004C5123EA4C5350EA013518BF52EA033530
:1004C80041F4801143F4801338D0A0FB02CE4FF0E2
:1004D8000005E1FB02E506F00042E0FB03E54FF012
:1004E8000006E1FB03569CF0000F18BF4EF0010E0A
:1004F800A4F1FF04B6F5007F64F5407404D25FEA06
:100508004E0E6D4146EB060642EAC62141EA5551B8
:100518004FEAC52040EA5E504FEACE2EB4F1FD0CFA
:1005280088BFBCF5E06F1ED8BEF1004F08BF5FEA78
:10053800500E50F1000041EB045170BD06F000462A
:1005480046EA010140EA020081EA0301B4EB5C04D7
:10055800C2BFD4EB0C0541EA045170BD41F48011CF
:100568004FF0000E013C00F3AB8014F1360FDEBFF4
:10057800002001F0004170BDC4F10004203C35DAD0
:100588000C341BDC04F11404C4F1200500FA05F353
:1005980020FA04F001FA05F240EA020001F00042F4
:1005A80021F0004110EBD37021FA04F642EB06016A
:1005B8005EEA430E08BF20EAD37070BDC4F10C0494
:1005C800C4F1200500FA04F320FA05F001FA04F258
:1005D80040EA020001F0004110EBD37041F1000144
:1005E8005EEA430E08BF20EAD37070BDC4F120054F
:1005F80000FA05F24EEA020E20FA04F301FA05F2B7
:1006080043EA020321FA04F001F0004121FA04F25E
:1006180020EA020000EBD3705EEA430E08BF20EA2E
:10062800D37070BD94F0000F0FD101F00046400068
:1006380041EB010111F4801F08BF013CF7D041EAEA
:10064800060195F0000F18BF704703F000465200EE
:1006580043EB030313F4801F08BF013DF7D043EABF
:100668000603704794EA0C0F0CEA135518BF95EA75
:100678000C0F0CD050EA410618BF52EA4306D1D1FC
:1006880081EA030101F000414FF0000070BD50EA1B
:10069800410606BF1046194652EA430619D094EAA5
:1006A8000C0F02D150EA013613D195EA0C0F05D18F
:1006B80052EA03361CBF104619460AD181EA0301E3
:1006C80001F0004141F0FE4141F470014FF000009B
:1006D80070BD41F0FE4141F4780170BD70B54FF036
:1006E800FF0C4CF4E06C1CEA11541DBF1CEA1355B6
:1006F80094EA0C0F95EA0C0F00F0A7F8A4EB050498
:1007080081EA030E52EA03354FEA013100F088808E
:100718004FEA03334FF0805545EA131343EA126357
:100728004FEA022245EA111545EA10654FEA00260C
:100738000EF000419D4208BF964244F1FD0404F5C5
:10074800407402D25B084FEA3202B61A65EB030521
:100758005B084FEA32024FF480104FF4002CB6EBDE
:10076800020E75EB030E22BFB61A754640EA0C005E
:100778005B084FEA3202B6EB020E75EB030E22BF9E
:10078800B61A754640EA5C005B084FEA3202B6EBDF
:10079800020E75EB030E22BFB61A754640EA9C009E
:1007A8005B084FEA3202B6EB020E75EB030E22BF6E
:1007B800B61A754640EADC0055EA060E18D04FEA2C
:1007C800051545EA16754FEA06164FEAC30343EACC
:1007D80052734FEAC2025FEA1C1CC0D111F4801F99
:1007E8000BD141EA00014FF000004FF0004CB6E792
:1007F80011F4801F04BF01430020B4F1FD0C88BF31
:10080800BCF5E06F3FF6AFAEB5EB030C04BFB6EB3B
:10081800020C5FEA500C50F1000041EB045170BD2E
:100828000EF0004E4EEA113114EB5C04C2BFD4EB5B
:100838000C0541EA045170BD41F480114FF0000EDF
:10084800013C90E645EA060E8DE60CEA135594EA5B
:100858000C0F08BF95EA0C0F3FF43BAF94EA0C0F5E
:100868000AD150EA01347FF434AF95EA0C0F7FF4D3
:1008780025AF104619462CE795EA0C0F06D152EA27
:1008880003353FF4FDAE1046194622E750EA41060B
:1008980018BF52EA43067FF4C5AE50EA41047FF41C
:1008A8000DAF52EA43057FF4EBAE12E74FF0FF3C81
:1008B80006E000BF4FF0010C02E000BF4FF0010C52
:1008C8004DF804CD4FEA410C7FEA6C5C4FEA430CCB
:1008D80018BF7FEA6C5C1BD001B050EA410C0CBF1A
:1008E80052EA430C91EA030F02BF90EA020F00207C
:1008F800704710F1000F91EA030F58BF994208BFE3
:1009080090422CBFD8176FEAE37040F0010070479F
:100918004FEA410C7FEA6C5C02D150EA013C07D1F6
:100928004FEA430C7FEA6C5CD6D152EA033CD3D041
:100938005DF8040B704700BF8446104662468C463B
:100948001946634600E000BF01B5FFF7B7FF00286E
:1009580048BF10F1000F01BD4DF808EDFFF7F4FF97
:100968000CBF012000205DF808FB00BF4DF808ED22
:10097800FFF7EAFF34BF012000205DF808FB00BF45
:100988004DF808EDFFF7E0FF94BF012000205DF867
:1009980008FB00BF4DF808EDFFF7CEFF94BF01201C
:1009A80000205DF808FB00BF4DF808EDFFF7C4FF15
:1009B80034BF012000205DF808FB00BF4FEA410268
:1009C80012F5001215D211D56FF47873B3EB625299
:1009D80012D94FEAC12343F0004343EA505311F0C0
:1009E800004F23FA02F018BF404270474FF0000052
:1009F800704750EA013005D111F0004008BF6FF090
:100A0800004070474FF00000704700BF4FEA4102B6
:100A1800B2F1E04324BFB3F5001CDCF1FE5C0DD954
:100A280001F0004C4FEAC0024CEA5070B2F1004F9E
:100A380040EB830008BF20F00100704711F0804FA1
:100A480021D113F13872BCBF01F00040704741F466
:100A580080114FEA5252C2F11802C2F1200C10FA6A
:100A68000CF320FA02F018BF40F001004FEAC1234E
:100A78004FEAD32303FA0CFC40EA0C0023FA02F3F2
:100A88004FEA4303CCE77FEA625307D150EA0133C8
:100A98001EBF4FF0FE4040F44000704701F0004098
:100AA80040F0FE4040F40000704700BF80F0004076
:100AB80002E000BF81F0004142001FBF5FEA41032E
:100AC80092EA030F7FEA226C7FEA236C6AD04FEA2E
:100AD8001262D2EB1363C1BFD21841404840414073
:100AE800B8BF5B42192B88BF704710F0004F40F425
:100AF800000020F07F4018BF404211F0004F41F441
:100B0800000121F07F4118BF494292EA030F3FD00C
:100B1800A2F1010241FA03FC10EB0C00C3F120031F
:100B280001FA03F100F0004302D5494260EB4000AE
:100B3800B0F5000F13D3B0F1807F06D340084FEA19
:100B4800310102F10102FE2A51D2B1F1004F40EB0E
:100B5800C25008BF20F0010040EA03007047490076
:100B680040EB0000013A28BFB0F5000FEDD2B0FA13
:100B780080FCACF1080CB2EB0C0200FA0CF0AABF36
:100B880000EBC25052421843BCBFD04018437047D4
:100B980092F0000F81F4000106BF80F400000132DA
:100BA800013BB5E74FEA41037FEA226C18BF7FEAB1
:100BB800236C21D092EA030F04D092F0000F08BFF3
:100BC8000846704790EA010F1CBF0020704712F0DA
:100BD8007F4F04D1400028BF40F00040704712F119
:100BE80000723CBF00F50000704700F0004343F07E
:100BF800FE4040F4000070477FEA226216BF0846B4
:100C08007FEA23630146420206BF5FEA412390EA76
:100C1800010F40F4800070474FF0000304E000BF6C
:100C280010F0004348BF40425FEA000C08BF70471D
:100C380043F0964301464FF000001CE050EA0102E1
:100C480008BF70474FF000030AE000BF50EA0102F6
:100C580008BF704711F0004302D5404261EB4101E3
:100C68005FEA010C02BF84460146002043F0B64308
:100C780008BFA3F18053A3F50003BCFA8CF2083A2D
:100C8800A3EBC25310DB01FA02FC634400FA02FC36
:100C9800C2F12002BCF1004F20FA02F243EB02003D
:100CA80008BF20F00100704702F1200201FA02FC9F
:100CB800C2F1200250EA4C0021FA02F243EB020092
:100CC80008BF20EADC7070474FF0FF0C1CEAD052D6
:100CD8001EBF1CEAD15392EA0C0F93EA0C0F6FD097
:100CE8001A4480EA010C400218BF5FEA41211ED075
:100CF8004FF0006343EA501043EA5111A0FB013161
:100D08000CF00040B1F5000F3EBF490041EAD37135
:100D18005B0040EA010062F17F02FD2A1DD8B3F1B1
:100D2800004F40EBC25008BF20F00100704790F020
:100D3800000F0CF0004C08BF49024CEA502040EA72
:100D480051207F3AC2BFD2F1FF0340EAC250704738
:100D580040F400004FF00003013A5DDC12F1190F76
:100D6800DCBF00F000407047C2F10002410021FAE8
:100D780002F1C2F1200200FA02FC5FEA310040F100
:100D8800000053EA4C0308BF20EADC70704792F079
:100D9800000F00F0004C02BF400010F4000F013AB1
:100DA800F9D040EA0C0093F0000F01F0004C02BFAC
:100DB800490011F4000F013BF9D041EA0C018FE71B
:100DC8000CEAD15392EA0C0F18BF93EA0C0F0AD021
:100DD80030F0004C18BF31F0004CD8D180EA010047
:100DE80000F00040704790F0000F17BF90F0004FE0
:100DF800084691F0000F91F0004F14D092EA0C0FC2
:100E080001D142020FD193EA0C0F03D14B0218BF54
:100E1800084608D180EA010000F0004040F0FE409A
:100E280040F40000704740F0FE4040F44000704736
:100E38004FF0FF0C1CEAD0521EBF1CEAD15392EAB5
:100E48000C0F93EA0C0F69D0A2EB030280EA010CA5
:100E580049024FEA402037D04FF0805343EA11113E
:100E680043EA10130CF000408B4238BF5B0042F19C
:100E78007D024FF4000C8B4224BF5B1A40EA0C0041
:100E8800B3EB510F24BFA3EB510340EA5C00B3EB73
:100E9800910F24BFA3EB910340EA9C00B3EBD10F61
:100EA80024BFA3EBD10340EADC001B0118BF5FEAB3
:100EB8001C1CE0D1FD2A3FF650AF8B4240EBC250DC
:100EC80008BF20F0010070470CF0004C4CEA50209D
:100ED8007F32C2BFD2F1FF0340EAC250704740F4EC
:100EE80000004FF00003013A37E792F0000F00F0DE
:100EF800004C02BF400010F4000F013AF9D040EA5C
:100F08000C0093F0000F01F0004C02BF490011F4EF
:100F1800000F013BF9D041EA0C0195E70CEAD153E7
:100F280092EA0C0F08D142027FF47DAF93EA0C0FCE
:100F38007FF470AF084676E793EA0C0F04D14B02B2
:100F48003FF44CAF08466EE730F0004C18BF31F064
:100F5800004CCAD130F000427FF45CAF31F000435E
:100F68007FF43CAF5FE700BF4FF0FF3C06E000BFF7
:100F78004FF0010C02E000BF4FF0010C4DF804CD1A
:100F88004FEA40024FEA41037FEA226C18BF7FEA2A
:100F9800236C11D001B052EA530C18BF90EA010F2C
:100FA80058BFB2EB030088BFC81738BF6FEAE170BB
:100FB80018BF40F0010070477FEA226C02D15FEA57
:100FC800402C05D17FEA236CE4D15FEA412CE1D0C3
:100FD8005DF8040B704700BF844608466146FFE78A
:100FE8000FB5FFF7C9FF002848BF10F1000F0FBD6C
:100FF8004DF808EDFFF7F4FF0CBF012000205DF865
:1010080008FB00BF4DF808EDFFF7EAFF34BF0120E9
:1010180000205DF808FB00BF4DF808EDFFF7E0FF82
:1010280094BF012000205DF808FB00BF4DF808EDD3
:10103800FFF7D2FF94BF012000205DF808FB00BF36
:101048004DF808EDFFF7C8FF34BF012000205DF818
:1010580008FB00BF4FEA40024FEA41037FEA226CD7
:1010680002D15FEA402C08D17FEA236C02D15FEA03
:10107800412C02D14FF0000070474FF0010070473B
:101088004FEA4002B2F1FE4F0FD34FF09E03B3EB8D
:1010980012620DD94FEA002343F0004310F0004FCD
:1010A80023FA02F018BF404270474FF00000704723
:1010B80012F1610F01D1420205D110F0004008BFC2
:1010C8006FF0004070474FF00000704742000ED2AA
:1010D800B2F1FE4F0BD34FF09E03B3EB126209D46B
:1010E8004FEA002343F0004323FA02F070474FF021
:1010F8000000704712F1610F01D1420202D14FF096
:10110800FF3070474FF00000704700BF7BB972B9DD
:101118000029BEBF00204FF0004106E008BF0028AC
:101128001CBF6FF000414FF0FF3000F057B8ADF131
:10113800080C6DE904CE002909DB002B1ADB00F04E
:101148007CF8DDF804E0DDE9022304B07047404292
:1011580061EB4101002B1BDB00F06FF8DDF804E0C8
:10116800DDE9022304B0404261EB4101524263EBE6
:1011780043037047524263EB430300F05EF8DDF827
:1011880004E0DDE9022304B0404261EB410170470D
:10119800524263EB430300F050F8DDF804E0DDE968
:1011A800022304B0524263EB4303704753B94AB970
:1011B800002908BF00281CBF4FF0FF314FF0FF3057
:1011C80000F00CB8ADF1080C6DE904CE00F035F86C
:1011D800DDF804E0DDE9022304B07047704700BF82
:1011E80010F8012B11F8013B012A28BF9A42F7D0C9
:1011F800D01A7047034611F8012B03F8012B002A77
:10120800F9D17047034613F8012B002AFBD1181AAD
:1012180001387047430803F05533C01A00F03333E0
:10122800800800F03330184400EB10104FF0013301
:1012380000F00F305843000E70472DE9F0478C46F8
:101248008E46089E154604461946002B40F0D0806D
:10125800724547D9B2FA82F74FB1C7F120030EFAA7
:1012680007FC20FA03F3BD4043EA0C0CBC404FEAEC
:10127800154EA8B2BCFBFEF8230C0EFB18CC08FBDD
:1012880000F943EA0C43994528D9EB1808F1FF32D5
:1012980004D2994502D9A8F102022B44A3EB090311
:1012A800A4B2B3FBFEFC0EFB1C330CFB00F044EABB
:1012B8000344A04214D92C190CF1FF3304D2A042E4
:1012C80002D9ACF102032C44241A43EA02401EB1AD
:1012D800FC40002334607360BDE8F0874246DDE7D8
:1012E8006346F1E7002A79D0B2FA82F3002B3FD0A7
:1012F8001946C1F1200302FA01F52EFA03F20EFA9B
:1013080001FE20FA03F343EA0E034FEA154E00FAF2
:1013180001F4B2FBFEFCAFB20EFB1C201A0C0CFB56
:1013280007F842EA004290455AD9AA180CF1FF3052
:1013380004D2904502D9ACF102002A44A2EB08027B
:101348009BB2B2FBFEFC0EFB1C220CFB07F743EA28
:1013580002439F4246D9EB180CF1FF3204D29F4258
:1013680002D9ACF102022B44DB1B42EA004202E044
:10137800AEEB020301224FEA154EAFB2B3FBFEFCFF
:10138800200C0EFB1C330CFB07F840EA034398457E
:101398002AD9EB180CF1FF3004D2984502D9ACF1E8
:1013A80002002B44A3EB0803A4B2B3FBFEFC0EFB24
:1013B8001C330CFB07F744EA0344A74216D92C193F
:1013C8000CF1FF3304D2A74202D9ACF102032C443A
:1013D800E41B43EA00400F46114678E71F2188E7DF
:1013E8006046ABE76246BFE76046DBE76346EFE788
:1013F800734506D916B9002108466DE7C6E9000EFF
:10140800F9E7B3FA83F787B9734501D3824207D85E
:10141800841A6EEB030301209C461EB900215BE78A
:101428003846FAE7C6E9004CF8E7C7F1200CBB409C
:1014380022FA0CF51D4320FA0CF12EFA0CF30EFAE1
:1014480007FE41EA0E014FEA154900FA07F4B3FB1B
:10145800F9F81FFA85FE09FB18300B0C08FB0EFA89
:1014680043EA00439A4502FA07F240D9EB1808F11B
:10147800FF3004D29A4502D9A8F102002B44A3EB0D
:101488000A0389B2B3FBF9F809FB183308FB0EFE0F
:1014980041EA03418E452CD9691808F1FF3304D27B
:1014A8008E4502D9A8F10203294443EA0040A0FB73
:1014B8000298A1EB0E014145CE46434602D306D120
:1014C8004C4504D2B9EB020E68EB05030138002E37
:1014D800A4D0B4EB0E0261EB030101FA0CFC22FA72
:1014E80007F34CEA0303F940C6E9003196E74046A2
:1014F800C5E74346D9E7000010B588B004466846FA
:1015080017F04EF950B1DDE90001FEF78FFF06A391
:10151800D3E90023FFF7E2F808B010BDD4E9B2011F
:10152800FAE700BFAFF300800000000065CDCD41B1
:1015380010B588B00446684617F032F950B1DDE9B5
:101548000201FEF773FF06A3D3E90023FFF7C6F8ED
:1015580008B010BDD4E9B401FAE700BFAFF30080CA
:101568000000000065CDCD4170B594B00C4617F071
:101578000DF930B92A49204614B0BDE87040FFF78C
:1015880039BE07A817F014F99DF81C30022B96BF36
:10159800244A254D52F823500CA817F001F9BDF83C
:1015A8001E6008B3DDE90E01FEF740FF1AA3D3E978
:1015B8000023FFF793F8CDE90401DDE90C01FEF7FC
:1015C80035FF15A3D3E90023FFF788F8089B174ACE
:1015D800CDE90201CDE900634FF480712B46204626
:1015E80012F04EFF14B070BD099B4BB1CDE90063FA
:1015F8000F4A2B464FF48071204612F041FFF1E765
:101608000C4A00962B464FF48071204612F038FFA2
:10161800E8E700BFAFF300800000000065CDCD41D2
:101628000F680208183F0208776802083C60020841
:101638006E600208926002082DE9F04F00F58054B0
:10164800DDB0C4F8F0281A78012A80468B467BD191
:10165800046ED0F8780203681B689847ADF8A800B4
:10166800D8F8680003685B699847ADF8AA00D8F80D
:10167800600003681B6A9847ADF8AC0023682046F1
:101688009B6B9847FFF7FCFCADF8AE00236820463B
:101698009B6E98472C9023682046DB6E98474FF442
:1016A8007A754FF47A72D8F814302D90B3FBF5F3AD
:1016B800D8E9A2012E930023FFF778FDD8F840302F
:1016C8003093D8F844303193D8F848303293D8F86A
:1016D8004C303393B8F86C302F90ADF8D030236885
:1016E8002046DB6B98474FF08141FFF7EDFAFFF793
:1016F800C7FCD8F87830ADF8D200D3F80825ADF893
:10170800D420D3F80C35ADF8D630D8F81830B3FB60
:10171800F5F33693236820461B6F984708F5C7589A
:1017280037902AAA08F1140838AC134603CBA34211
:10173800C8F80000C8F804101A4608F10808F4D1DF
:101748003C205DB0BDE8F08F032A40F06081D0F8FE
:10175800780203681B68984706AD08F5C753143329
:10176800B4222B600023C5E90123FFF759FAC449C5
:10177800FFF75EFBC349FFF7A7FAFFF781FC0DF1FE
:10178800240903B274222846012117F072FD484645
:10179800D5E90067AC6802F067FA002840F0E380FA
:1017A80099F81430002B00F0C680D9F800200121E8
:1017B800284603F075FCD5E90067AC6899F8153040
:1017C8008BB104F10308B8450DD80123D9F80410EA
:1017D80033553444682363700846FFF76DF9FFF703
:1017E80075FCA070444699F81630A3B104F10408BA
:1017F800474510D3D9F80800A349FFF765FAFFF762
:1018080065FC01233355344473236370C0F3072305
:10181800A370E070444699F8183003B3D9F81080E3
:1018280000214046FFF7EEFB002840F09A809749D8
:101838004046FFF705FC002800F09180934804F12A
:10184800040847450BD3FFF741FC012333553444C3
:1018580065236370C0F30723A370E070444602F069
:101868009FFA68B12AA802F0A1FA824640B90DF1A0
:10187800A8084FF002099DF8E830534500F3888026
:101888009BF8203003F00303032B52D12AA816F04B
:1018980087FF002845D004F10B08B84541D8DDE999
:1018A8002A01FEF7C3FD74A3D3E90023FEF716FF50
:1018B800FFF7ACF87649FFF707FAFFF7E1FB0746B1
:1018C800DDE92C01FEF7B2FD6BA3D3E90023FEF797
:1018D80005FFFFF79BF86E49FFF7F6F9FFF7D0FB16
:1018E80005462E98FFF79CF96549FFF7A1FA654967
:1018F800FFF7EAF9FFF7C4FB012232552644882294
:1019080072703A14B2703A12F2702A1472712A1272
:10191800B2710214327202123771F5717272B072BA
:10192800444616F031FF20B116F030FF08B116F02A
:101938003EFF201D05E799F8173013B1D9F80C20A0
:1019480035E7D8F8780203689B68984701468046CF
:10195800FFF780FB00287FF431AF424627E7404677
:101968006DE700206BE7D8F8780203689B68984712
:1019780001468046FFF76EFB00287FF470AF4246B1
:101988000121284603F08CFBD5E90067AC6866E7BF
:1019980098F80C30B3B33B49D8F80000FFF794F936
:1019A800FFF76EFB742203B249462846C5E9006773
:1019B800AC6017F05EFC3249D8F80400FFF784F9F0
:1019C800FFF75EFB752203B24946284617F051FC23
:1019D800D5E90067AC68231DBB4203930ED8D8F83D
:1019E8000800FFF773FB06F8049034448022039B39
:1019F8006270C0F30722A270E0701C4609F1010969
:101A08005FFA89F90AF1010A08F1100833E7052A93
:101A180040D191F8202002F00302032A40F02481EB
:101A28005A789B781A4340F01F8100F2144504232A
:101A380041F6F006D4F814188A421846BFF681AE6B
:101A4800AD2B3FF67EAE95F8201079B199192F6825
:101A580048F8017008EB0100A9888180991D58FA9F
:101A680081F195F8200088550733DBB20132A035A3
:101A7800E0E700BFAFF300800000000065CDCD4176
:101A880000007A440000C8420000204100FF7F4760
:101A980000401C46062A40F0D3805D78002D40F0B7
:101AA800E3809A7804929A79B3F803705979202AD6
:101AB80028BF202200F513539346283300F53654E7
:101AC800586A30B15CAA681C02EB850545F8C83C29
:101AD80005B22C33A342F3D1032909D8DFE801F07A
:101AE800023B56722AAB002405F1FF3A54451DDB30
:101AF8000BF1050A5FFA8AF309AE002403935E44EA
:101B0800A146049B4B4501DDBD4277DC08F58053B7
:101B180008F5C750A3F8F458A3F8F698224609A97F
:101B2800183020F046FE04F108000AE601341E468B
:101B3800A446654501DC0433D8E771681A68486A29
:101B4800D2F824E0704588BF19600CF1010C88BFF9
:101B580072600436EDE72AAB002405F1FF3A5445DC
:101B6800C6DA01341E46A446654501DC0433F6E7AF
:101B780071681A68486AD2F824E0704538BF19605D
:101B88000CF1010C38BF72600436EDE72AAB002176
:101B980005F1FF3E7145ABDA013118460C46A54206
:101BA80001DC0433F6E742681E6892F928A096F92A
:101BB8002890CA45C8BF1A6004F10104C8BF46602E
:101BC8000430ECE72AAB002105F1FF3E71458FDABE
:101BD800013118460C46A54201DC0433F6E7426899
:101BE8001E6892F928A096F92890CA45B8BF1A60CD
:101BF80004F10104B8BF46600430ECE7039B2344BA
:101C0800822B059382DCD8F874002AAB046853F859
:101C180027A02468A047DAF824405146041B5A46F6
:101C2800A6EB0B0020F0C5FD039B9AF82810346042
:101C380031711E44059B09F1010901371C4660E713
:101C4800072A11D100F5C75400F54E731434074A1A
:101C58000749009300F52973204612F03BFC204603
:101C6800FFF7D0FA04306CE500206AE5115F02083E
:101C7800BD600208000000002DE9F04FC36893F82A
:101C88008C4087B006468A46154603F1040B74B9A2
:101C9800CDE902B4CDE904448DF804108DF805406F
:101CA800294601A816F0DCFD07B0BDE8F08F012C2D
:101CB8002AD100690368D3F8903098478046306984
:101CC8000368D3F894308946984717A3D3E90023CB
:101CD80006460F468DF804A08DF80540CDF808B0EB
:101CE80040464946FEF7D0FBFEF768FE0EA3D3E94F
:101CF8000023039039463046FEF7C6FBFEF75EFE2A
:101D0800002304900593CBE7D3E90A01D3E90C67D4
:101D180001238DF805308DF804A003A3D3E900232F
:101D2800CDF808B0DEE700BF0000000080842E4137
:101D38001BA3D3E90023C0E900231BA3D3E9002395
:101D4800C0E902231AA3D3E90023C0E904231AA394
:101D5800D3E90023C0E9062319A3D3E90023C0E986
:101D6800082319A3D3E90023C0E90A2318A3D3E958
:101D78000023C0E90C2318A3D3E900230021C0E9FC
:101D88000E2300220023C0E93023C0E93223C0F823
:101D9800D0108022403020F01ABD00BFAFF3008081
:101DA80008C9BCF367E6096A3BA7CA8485AE67BB66
:101DB8002BF894FE72F36E3CF1361D5F3AF54FA591
:101DC800D182E6AD7F520E511F6C3E2B8C68059B6D
:101DD8006BBD41FBABD9831F79217E1319CDE05B25
:101DE80010B50021074BC0F890110446C0E96011F6
:101DF800C0E96211C0F894314FF4C07220F0E7FCDA
:101E0800204610BDCDCC4C3E30B5024601780D4879
:101E180053880D4CC1F38301484002F14901C2F1D6
:101E2800FF22082B02F57F0204FB00F028BF0823DD
:101E3800B7325518AB4200DC30BD11F8015F68407D
:101E48006043F6E7C59D1C81930100012DE9F0412F
:101E580004460D460746002642F210783B7B3BB10C
:101E68007B68EB1A434503D93146204614F064F9E0
:101E78000136182E07F11007F0D1D4F88C3133B39E
:101E8800154AEB1A934222D9D4F88431FBB1D4F81D
:101E9800903123B9A5F59C53083BC4F8903103F55C
:101EA8001C41403141F2873641F28830EA1AB24289
:101EB8000BD9D4F8842142B10344A2EBD2028B425D
:101EC800C4F88421C4F89031F0D1BDE8F081002332
:101ED800C4F89031F9E700BFE093040070B5C1F58C
:101EE8001C550346024600F5C07611356FF00040D8
:101EF800147B34B154682C4424EAE474A04228BF0B
:101F080020461032B242F3D1D3F88C2192B1D3F8E3
:101F180084417CB10D4C8D1AA5420CD9D3F890316F
:101F28002BB1C1F59C5108310B4423EAE373984265
:101F380028BF184670BDC1F5922101F2E131114464
:101F480021EAE171884228BF0846F3E7E0930400DC
:101F580010B5D0F88831032B26DDD0F88401FEF7C0
:101F68005BFE4FF06E51FEF7AFFE00210446FFF70F
:101F780053F8E0B94FF081412046FEF79DFD014638
:101F88002046FEF755FF0B49FEF79EFE0A49FEF76D
:101F980093FD4FF07E510446FFF752F810B14FF011
:101FA8007E5010BD2046FCE74FF07C50F9E7024810
:101FB800F7E700BF9A99193FCDCCCC3E004870474F
:101FC800CA7A02080048704780EE360030B5C0E98A
:101FD80018120F4D836601220023C0E90533C0E9BA
:101FE8000733C0E90933C0E90B33C0E90D33C0E951
:101FF8001033C0E91233C0E91433C0E91633056061
:1020080043600372A0F86C30828780F83E3030BDA0
:102018007039020870B5B8B00146044668461FF02A
:10202800A4FD9DF80030013BDBB2FD2B38D8274BCF
:1020380028AA03F1400618685968154603C50833ED
:10204800B3422A46F7D1224B08AA03F120061868A2
:102058005968154603C50833B3422A46F7D108A97B
:1020680020A810F03BF820AA214610A81FF029FD4F
:10207800694620A810F032F820AA28A918A81FF04D
:1020880020FD202218A910A815F0D0FB044658B945
:10209800202110A815F004FC202118A815F000FC38
:1020A8000024204638B070BD10A9002311F8012B78
:1020B8001AB90133202BF9D1144610A8202115F0A4
:1020C800EFFB202118A815F0EBFBEAE7B05902084E
:1020D800F159020838B504461D46059BFFF776FFFF
:1020E800084B2360049B6367069BA367256704F17D
:1020F8007C00FFF775FE04F5057014F047FD2046D7
:1021080038BD00BFB03902082DE9F04F0E7806F04F
:102118000303023B012BF3B005460C4600F2FA829A
:1021280006F03C02242A0B795BD13F2B1CD84E8841
:10213800082E19D991F8527007F00302093E93400E
:10214800F6B21FFA83FC664510D801F15302036802
:10215800029201F10A02CDE9007203965D6ED1F890
:102168004A20D1F84E30A847002037E001215333E8
:1021780001FA02F200F50571E01820F037FB00289B
:10218800F2D12B6821461B6C284698470028EBD0D3
:10219800A86F036821461B6898470028E4D1A86FF8
:1021A800036821465B68984794F90201FEF738FDF9
:1021B8004FF07A51FEF788FD4FF08141FEF784FD1C
:1021C800FEF75EFF23795A1C2344227198722B680C
:1021D80021469B6C2846984740F0C06073B0BDE824
:1021E800F08F2C2A03F03F030AD191F94A20002AE4
:1021F80080F28D82002BB7D103689B6F9847B3E7B5
:102208004BB90C2A40F086820368D1F84A20D3F8EB
:1022180088309847A8E70C2A05D10368D1F84A20E6
:10222800D3F88830984722799209013205F505716B
:1022380004F10A0020F0DAFA002895D12B6821462B
:102248001B6C2846984700288ED02378C3F3830355
:102258000A2B04D12146284615F008F884E7A86F10
:102268000268032B1268214613D1904706460028BE
:102278007FF47AAFA86F036821465B6898472146C8
:10228800284614F0F5FE32462146284614F097FFFA
:102298006AE7904700287FF467AFA86F0368214674
:1022A8005B6898472146284614F0E2FE2B682146D1
:1022B8009B6C2846984740F080708FE72B68214632
:1022C800DB6B2846984700287FF44EAF207814F03F
:1022D800CDFD002800F024822046FFF795FD064634
:1022E800686E03681B68984705F17C07024631460B
:1022F800384613F067FF20B13146284614F016FE21
:102308000EE22B682846DB6C9847002800F008820C
:10231800686E03681B68984731460246384613F0D2
:102328002BFFFDE16388032B7FF61EAFA86FD4F85F
:102338004A60036821461B68984700287FF414AF59
:10234800A86F036821465B6898472B683246D3F824
:1023580088302146284698472B689B6B214628469B
:1023680073B0BDE8F04F18470DF1200A94F84B30D0
:102378008AF80030638894F84A70042B7FF6F4AE2C
:10238800A86F036821461B689847064600287FF413
:10239800EBAEA86F036821465B68984795F814323E
:1023A800BB4268D12B6851469B6D2846984704F17B
:1023B8004C0B814610AF0DF1C4084E452B685ADA14
:1023C800DB6D324639462846984763885A46023BB1
:1023D8004146384615F041FA031E5CDD2278C2F307
:1023E8008302082A4DD198F800900793484615F0C3
:1023F80017F900283FD04FEA991109F03F02079BCF
:1024080001FB0222501C984235DA02329B1ADBB2D9
:10241800424429680392049318F8003003F00F032C
:10242800CDE901930DF1C508CDF80080D1F868B069
:102438003B46324621462846D847D0B1207814F08A
:1024480015FDB0B10023CDE9023301932379009340
:10245800514604F10A033A46284615F02EF801467B
:1024680038B14FF4FA73009342464B46284614F0AD
:10247800C8FFFF2323702B6821469B6B284698478B
:10248800ACE629680097CDE9018328460F6E3346EC
:102498002146B847EDE701368FE76388232B7FF69F
:1024A80063AEA86F94F84A60036821461B68984792
:1024B80000287FF459AEA86F036821465B689847E7
:1024C80095F81432B3427FF447AF04F14B0608AADB
:1024D80004F16B0730687168134603C30836BE42BF
:1024E8001A46F7D108AA10A905F5057014F071FC71
:1024F800638831AF213B3246394610A815F0ADF953
:1025080000287FF729AF2B68CDE9007010AA1E6F4D
:10251800214608AB2846B047FF2323701CE708AFC5
:1025280094F84A303B706388032B7FF61DAEA86F82
:10253800036821461B689847064600287FF414AEB6
:10254800A86F036821465B6898472B680DF140091E
:10255800D3F88080394604234A462846C04704F108
:102568004B0A07460DF141080DF1C40BBE4282DA51
:1025780063884046013B5246594615F06EF90028DB
:1025880008F121080FDD2B682278CDE900B006EBB1
:102598004616D3F88470C2F3830209EB060321467A
:1025A8002846B84767E70136E0E710A814F0DCFAD8
:1025B80010AE04F14A0304F16A07186859683246F4
:1025C80003C20833BB421646F7D16388632B7FF6F4
:1025D800CBAD202210A905F5057020F007F90028D9
:1025E8003FF4C2ADA86FD4F86A80036821461B681F
:1025F800984700287FF4B8ADA86F036821465B6848
:1026080098470DF1400CBCE80F000DF1C40A56467E
:102618000FC667889CE80F00643F202F28BF20273B
:1026280004F1AE0986E80F003A4649463AA8CDF8C3
:10263800E48020F0BEF807F12403524604F16E014D
:1026480010A814F099FA00283FF4C8AD2B68CDE91A
:10265800009710AADE6E214643462846B0470AE78F
:1026680003F00303023B012B3FF67EADA86F03681E
:1026780021461B68984700287FF476ADA86F036849
:1026880021465B6898472B682146DB6F2846B5E5ED
:102698006288022A7FF668AD94F84A3003F00F0387
:1026A800032B7FF461AD042A7FF65EAD31AE304670
:1026B80014F0B1FF23788DF8C4304022237904F157
:1026C8000A010DF1CE0014F0CCFF62888DF8C80025
:1026D800013A92B204F14B010DF58770ADF8C620AE
:1026E80020F067F8A86F036831461B6898470028F0
:1026F8007FF43AADA86F036831465B6898472B684A
:10270800DDF80E21D3F888303146284681E5002BC4
:102718007FF489AD304614F0A9FB00287FF4CEADD4
:102728002378C3F383020F2A3FF61EAD01A151F8A7
:1027380022F000BF712300087123000871230008EC
:102748002D230008B32500082725000827250008A1
:10275800A3240008712300087121000899260008A5
:1027680071210008712100087121000871210008F9
:102778006926000830B5084B0022D3F820511046CE
:102788009C33AA4200DB30BD53F8044F641A002C76
:10279800D8BF01300132F4E7084B0020014BD3F8D1
:1027A80020017047084B0020014BD3F820017047E7
:1027B8002C4C0020044BD3F820219142B4BF53F88D
:1027C80021000020704700BF084B0020044BD3F8BD
:1027D80020219142BABF283153F8210000207047C8
:1027E800084B0020054BD3F820018142BDBF28319A
:1027F800012043F821200020704700BF084B00202B
:1028080070B50B4B0022D3F8206103F19C05FF2023
:102818008033B24200DB70BD55F8044F641A002CB7
:1028280003DC9C5CA04228BF20460132F1E700BFD0
:10283800084B0020F8B5104A0C46D2F8207102F176
:102848009C0600234FF0FF31FF208032BB4205DB9E
:102858004B1C0FD0084814F047FFF8BD56F8045F2A
:102868002D1B002D04DCD55C85423CBF194628464B
:102878000133EBE70020F0E7084B002008B50248D9
:1028880014F032FF08BD00BF084B002038B50B4BD1
:102898001C786CB901220A4D1A7000232946094890
:1028A8001A46013414F042FF202C05F58275F4D144
:1028B8000021044814F018FF38BD00BFE67A002054
:1028C800645A00202C4C002008B521B1002302488E
:1028D8001A4614F02BFF08BD2C4C00202DE9F047B8
:1028E8001B4E054630460F469046994614F01EFF8B
:1028F8000446D8B9D6F8200118B306F17F0C214652
:102908002346A04214DC0E4496F88030434518D97B
:102918000F4814F0E9FE2B6801465B682846984783
:102928000B484B464246394614F000FFBDE8F08795
:102938001CF8012F9A4234BF1A4621461346013427
:10294800DFE72B68394628465B68BDE8F04718473B
:10295800084B002038B50E4D0024281904F5827460
:1029680014F059FEB4F5025FF7D10A4B0024214652
:1029780080221846C3F820411FF029FF064BC3F8F0
:102988002041214618468022BDE838401FF01FBF6D
:10299800645A00202C4C0020084B00202DE9F043FD
:1029A8008DB00D4612F00F019DF8509080461446E8
:1029B8001E4604D04FF0FF300DB0BDE8F083184B31
:1029C8000693142207A81FF002FFB9F1000F0CBFED
:1029D8004FF400734FF48073124F0893102204AB26
:1029E800414606A809971FF0DCFB0028E2D105AB99
:1029F800CDE901430498009623462A463946B9F1A1
:102A0800000F09D010F024F8044604981FF0ADFB1D
:102A1800002CCFD10598CFE710F0B6F8F4E700BF47
:102A280000248000004440042DE9F04194B007469A
:102A38000C4616460021142207A81D461FF0C7FEA3
:102A48004FF48853DFF85C80ADF818304FF480738A
:102A5800ADF81A304FF48063CDE90838202204AB72
:102A6800394606A81FF09DFB28B14FF0FF342046D9
:102A780014B0BDE8F08105AB0293202301930CABA1
:102A8800009322460498334641461FF066FC0446EC
:102A980004981FF06AFB002CE7D1BDF830302B807A
:102AA800E5E700BF0900800330B58DB00D4611463B
:102AB8001A4603AB019320230093044604AB0A484B
:102AC8001FF03BFC2A4630B1002120460DB0BDE87E
:102AD80030401FF07CBE202D28BF202204A92046AC
:102AE8001FF067FE0DB030BD090000022DE9F0436C
:102AF800A7B004460D461646002170220AA8DDE953
:102B08002E891F461FF063FE16490AA81FF0C6FB50
:102B1800E8B93A4631460AA81FF0E1FBB8B94A4677
:102B280041460AA81FF0DBFB88B901AB202202A9A5
:102B38000AA81FF0EBFB50B9202D2A4602A928BF8E
:102B4800202220461FF035FE27B0BDE8F0830AA8F2
:102B58001FF095FB2A460021204627B0BDE8F04328
:102B68001FF035BE0900000208B5054B002814BF48
:102B780001461946034818F09BFA012007F04AF964
:102B8800125A02081E5A0208F0B50B4D8E18034659
:102B9800B14203F1020303D1002300F81230F0BD63
:102BA80011F8014B270904F00F04EF5D2C5D03F8C1
:102BB800027C03F8014CEBE76D7C02080048704783
:102BC8003E5A0208004870473E5A020800487047BB
:102BD8000000C07F004870474C5A020808B50368D7
:102BE8001B689847BDE808400146014816F094B8AC
:102BF8001C3C020808B503491046FEF7FBFA002002
:102C080008BD00BF595A020870B5C3680C4615467E
:102C18009BB393F87430DA1F052A32D81A4A073B57
:102C2800214652F823603046FEF70AFA48BB284688
:102C3800FDF7F6FF4FF06E51FEF746F801464FF0EC
:102C48007E50FDF737FF314605462046FDF732FF37
:102C58000E49FEF7EDF801462846FEF735F8002143
:102C68000446FEF7CFF960B94FF07E512046FEF7D3
:102C7800E7F920B14FF07E5070BD0723CEE720461C
:102C8800FAE70020F8E700BFBC3B0208000020413B
:102C980070B5044614F0D7FED4F88039D4F88429E6
:102CA800054653EA02004DD05B1B62EB0102012B83
:102CB80072F100003EDB6FF00040834272F10002C7
:102CC80000DA1846B4F84E3A9BB394F9513A803377
:102CD80014D0D4F8582AD4F85C6A521B66EB010663
:102CE800012A76F1000327DB6FF000439A4276F160
:102CF800000600DA1346984228BF1846D4F8683A06
:102D0800D4F86C2A53EA02041CD00F4C1B1942F168
:102D180000025B1B62EB0101012B71F100020DDB6C
:102D28006FF00042934271F1000109DA984228BF1E
:102D3800184670BD0020C5E70023DCE70023F5E74F
:102D48001346F3E70020F4E70097490170B50446FD
:102D580000254A482060C4E90213C4E90425002379
:102D68000020002104F518622362C4E90655257184
:102D78006362C4F85858C4F85C58C4F87059C4F869
:102D8800745984F87859C2E9000143F69822C4F8C6
:102D98008C2904F526664FF4004284F88859C4F853
:102DA8009059C4F89459C4F89859C4F89C59C4F86F
:102DB800A059C4F84C5AA4F8502A46E90201C6E9B9
:102DC800000104F5276646E902010126A4F8705AB5
:102DD80084F8726AC4F8745AC4F8785AC4F87C5AE9
:102DE800C4F8805AA4F8845A84F8865AC4F8885AD1
:102DF800C4F88C5AC4F8905AC4F8945AC4F8985A2B
:102E0800A4F89C2AC4F8A05AC4F8A45AA4F8A85A4A
:102E1800C4F8AC5AA4F8C45AC4F8C83AC4F8CC3AAE
:102E2800A4F8D05AC4F8D45AC4F8D85AC4F8DC5A0A
:102E3800C4F8E05A84F8885BA4F88A5BC4F88C5B11
:102E4800C4F8905BC4F8945B04F516601DF0D3FADF
:102E58003246294604F537601CF0C8FE29464FF46F
:102E6800036204F128001FF0B2FCA822294604F6E8
:102E7800A4101FF0ACFC204670BD00BFE03A020869
:102E880008B503468068B3F88A1B8368002908BF21
:102E9800FF215B68984758B1084B98420BD800F55A
:102EA800FA70400041F28833984238BF184608BD8E
:102EB80041F28830FBE76FF47A70F8E70BFEFF7F8A
:102EC800F0B590F8883B89B00446B3B900F6E82518
:102ED800002600270A20CDE90230CDE900430493FB
:102EE800CDE90667064B28460DF02EFE0549284613
:102EF8001CF082FF012384F8883B09B0F0BD00BFB5
:102F0800EB800108875A02082DE9F84305460C466C
:102F180017460021142220461FF059FC95F8C53A9F
:102F2800002B37D0D5F8C80AD5F8CC9A95F8D08AAE
:102F380095F8D16A2A49FDF7C7FEFEF7C7F8206061
:102F48004846FEF7C3F883B21F2B08D035D80F2B9D
:102F580005D030D8072B02D00A2B18BF7D23A380B9
:102F6800B31F022B9ABF043EF6B20126B8F1080F30
:102F78008CBF1023202384F80680E6712381EB6838
:102F88002BBB1623A3720223E3730423E772237473
:102F9800BDE8F883EB683BB1986CD3F8789093F868
:102FA800748093F87560C5E7DFF838900E484FF0E5
:102FB80007080526BEE7142BCFE7FA2BCFD003D896
:102FC800292BCCD03E2BC8E7B3F5FA7FC5E793F998
:102FD8004C30A372162BD4DC0933D4DAF723D1E7AB
:102FE80000247449000078428D67594408B590F868
:102FF800C53A5BB1D0F8C80A0749FDF765FE4FF03E
:103008007C51FDF759FDFEF761F808BDC3680BB1A7
:10301800986CF1E70148EFE7002474498D6759443B
:1030280008B590F8C53A63B1D0F8CC0A0849FDF75D
:103038004BFE4FF07C51FDF73FFDFEF747F880B29D
:1030480008BDC3680BB1986FF0E70248EEE700BF10
:1030580000002041000078422DE9F047024614F0B4
:10306800A6FF92F8C53A0F460646002B00F0958059
:10307800D2F8CC5A4D49104614F0A6FF0C2EB04693
:1030880028BF4FF00C085FFA88F8B8F1060F04461D
:10309800284638BF4FF00608FDF7B4FF00B1444D8D
:1030A800082C28BF0824E4B20120052C00FA08F0F7
:1030B80038BF0524FDF7B4FD3E4981462846FDF793
:1030C80003FE01464846FDF7B3FE082E05468CBFB1
:1030D80010202020FDF7A4FD3749FDF7EDFC294617
:1030E800FDF7F2FD354981462846FDF7A9FF00287E
:1030F80059D04FF07E5A4046FDF792FD06463846B5
:10310800FDF78EFD4FF08241FDF7DEFD4FF0814166
:1031180007463046FDF7D8FD01463846FDF7CAFC9C
:103128002749FDF7C9FC4FF08341FDF7C5FC51461F
:1031380007465046FDF7C0FC01463046FDF7BAFC8D
:103148004FF08141FDF7C0FD4FF07E510646FDF777
:1031580059FF08B14FF0814631463846FDF768FE01
:1031680012F070FF06462046FDF75AFD3146FDF77E
:10317800ABFD00211FF0C4FD4FF08241FDF79CFC20
:103188002946FDF7A1FD4946FDF796FC0949FDF7DB
:103198009BFDFDF79BFFBDE8F087D3680BB19D6FE2
:1031A80068E7084D66E74FF0000AA4E70000E04032
:1031B8000000FA4200007A44000088405A2F863CFA
:1031C8000000E041000078422DE9F04F04468BB042
:1031D80014F081FF94F8713A04F1140A002B00F0FE
:1031E800C5802046002205A9FFF78EFEBDF81830DD
:1031F8009DF81A001F2B00F0A58000F290800F2B7D
:1032080000F0A38000F28480072B00F0A1806149C0
:1032180042F6B1020A2B18BF0A4606288CBF4FF0A7
:10322800080B4FF00C0BBBF1080FBDF81C500CBF7E
:10323800112319239D4240F3A8800121814056485B
:103248000023A1FB0001FDF7B1FF23680646D3F870
:10325800D83020469847A5EB4B0808F1FF3881463F
:1032680006FB08F8052064220023A8FB0001FDF7EF
:103278009DFF09F5FA63A8EB0007BB42D4F8742A4E
:103288006ED20E357543A7EB0907BD420BFB0666E8
:1032980008D96B1CA3EB080303444B445B089E420C
:1032A80038BF1E46964203D1D4F8783ABB4203D0C1
:1032B800C4F8746AC4F8787A16F163004FF0000510
:1032C80045F1000164220023FDF770FFD4F808805F
:1032D800814617F163004FF000030E464FF0640279
:1032E80045F10001FDF762FFD8F808301D6A002D8E
:1032F8003CD02A4B03948DE80B004A46334640469F
:10330800A84798BB0AF0FAF90121C4F8940936E0F5
:10331800204945F26112142B18BF0A467DE7FA2BA3
:1033280019D008D8292B18D01A494FF224423E2B1D
:1033380018BF0A4671E7174A1949B3F5FA7F08BF5B
:103348000A466AE747F6122267E743F6095264E736
:1033580041F6846261E7134A5FE74AF2C3225CE7F9
:10336800013203D04FF0FF33C4F8743AA0680B4918
:10337800836822465B6998470028C3DA00215046D3
:103388000BB0BDE8F04F14F091BBD4F8743A013398
:10339800E7E700BF48E8010040420F00AB7B0108A7
:1033A80020A1070090D0030038B50368D3F8D030C7
:1033B80004460D469847B8B104F68C3014F021FB4A
:1033C800034604F6943014F01CFB1844D4F87C3AF5
:1033D800984202D1D4F8803A3BB9C4F87C0A012D4E
:1033E80038BF0125C4F8805A38BD084AEB1A934201
:1033F800FAD994F8863A072BF6D923682046D3F8E9
:10340800C83098472046FFF7DFFEE8E7BF270900E6
:10341800F8B50368D3F8D43004460F469847002817
:1034280038D094F8A83A33B1D4F8A03AD4F8A42AFA
:10343800FB1A93422ED3D4F8AC3A23B1FB1A4EF6BA
:103448005F22934226D9206920B303689B68984776
:1034580001460546FDF7FEFD0646D8B928461FF089
:1034680072FC174BC4F8A43AB4F99C3AC4F8A07A91
:10347800012213F5004F05B284F8A82A02D1A4F856
:103488009C5A07E0EB1A002BB8BF5B42042B02DC06
:1034980084F8A96AF8BD94F8A93A33B943F6982391
:1034A80084F8A92AC4F8A43AF4E7236884F8A96A36
:1034B8002046D3F8CC3098472046FFF785FEDEE754
:1034C80080EE360038B50446183014F09AFAA0BBDE
:1034D80023682046DB6A984778BB14F0B4FA05469F
:1034E80004F68C3014F08DFA034604F6943014F088
:1034F80088FAD4F87C2A0344934202D1D4F8803A5B
:1035080063B90023C4F8983A29462046FFF74CFFD0
:1035180029462046BDE83840FFF77ABF074AEB1A2C
:103528009342F1D9D4F8983A13B1EB1A9342EBD9F4
:10353800012D2B4638BF0123E4E738BDBFD4010075
:103548002DE9F04F03688BB0D3F8BC3004468846A9
:1035580017469847824638B9654A394640460BB0FF
:10356800BDE8F04F10F08CBFD4F89819002900F08E
:103578008E80D4F89C290A235A43D4F8A0396420B1
:10358800434302EB510203EB5103B2FBF1F2B3FBED
:10359800F1F194F94D0A94F84C6A05910A2500EB6B
:1035A8000A03B2FBF5F105FB1122CDE90312CDE9BF
:1035B8000003504A504BCDF808A0002E08BF134610
:1035C80027EAE7714D4A404610F05AFFC72F0546D3
:1035D80040445EDDD4F8943A0393D4F8903A0293C9
:1035E800D4F88C3A0193D4F8883A0093791BD4F82C
:1035F8009839434A10F044FF054408EB0500791B4D
:1036080094F8503A3F4A10F03BFF23680544D3F83A
:10361800B43020469847014640B9AF4208EB050050
:10362800C8BF791B384A10F02BFF0A35204614F022
:10363800B2FE8346204614F0C5FE94F94D9AD9454A
:10364800B8BFD9468145A8BF814609F1FF36B345C1
:10365800CABF0BF1020309F101035E468342C8BFEA
:10366800861E6FF00702C8BF03469642B8BF1646CB
:103678000C2BA8BF0C23099304EBC6044FF0640B72
:10368800099BB34209DA28460BB0BDE8F08F0A4619
:103698007FE7AF42B3DC0021B2E7B4F8E429B4F81D
:1036A800E8C91AB353080BFB0C33B3FBF2F30693C8
:1036B800B4F8EA39CDE904C3B4F8E639BD42CDE936
:1036C80002230AEB0603CDE90063B8BF791B08EBB8
:1036D8000500A8BF00210D4AB14514BF20232A23A5
:1036E80010F0CEFE013605440834C9E71346DEE77C
:1036F800945A02080F680208BB6902089C5A02081B
:10370800C25A0208D75A0208E05A0208EB5A0208BD
:103718002DE9F047B0F84E3A0446002B00F0C78078
:1037280014F091F90F4604F5276151E90232064673
:1037380053EA020040F08C8041E9026794F9515A3B
:1037480015F1800F23D0D4F8582AD4F85C3A964261
:1037580077EB03031BDB23682046D3F8B030984788
:10376800EB000128234440F08180B3F8EA290132B4
:10377800A3F8EA29802384F8513A204614F053FF2D
:1037880028B994F84C3A13B1204614F0DAFE94F8AC
:103798009339002B00F08B80002384F8933994F937
:1037A800513A803340F0838023682046D3F8B43000
:1037B800984700287BD094F89239002B77D023685B
:1037C8002046DB6A98478246002870D104F52668AF
:1037D800C4F8606A2046C8F8047014F07EFE2368B6
:1037E8000146D3F8AC30074620469847064614F001
:1037F8002AF9022E81460D464FD104EBC7014FF638
:10380800EF73B1F8E4299A4202D9204614F04BFE2E
:10381800B1F8E4390133A1F8E439002E49D0B1F800
:10382800E639022E03F10103A1F8E63941D12368F4
:1038380084F8517AD3F8B4302046984710EB090041
:1038480045F10005643045F1000548E902052EE020
:103858001F48F31A67EB020298424FF000039341A6
:10386800BFF66CAF204614F01EFE65E7022805D1AE
:10387800B3F8E8290132A3F8E8297BE7B3F8E4298B
:1038880012B1013AA3F8E429B3F8E629002A3FF473
:1038980071AF013AA3F8E6296CE7514604F1140028
:1038A80014F004F92046FFF78FFC002EA5DABDE8D6
:1038B800F087204614F0B7FE0028F8D194F84C3A67
:1038C800002BF4D02046BDE8F04714F03ABE00BF04
:1038D8000097490170B50D4616460424314628461E
:1038E80018F0C9F940B1642000211CF04CFB013CE0
:1038F800F4D10248FFF738F970BD00BF0B5B02082E
:103908002DE9F04FDFF85482ADF5257D04460D46CC
:10391800174600214FF4007224A81E461EF057FFD8
:1039280098F8003043B98E4817F0C2FB98F8003079
:1039380013B98C4817F0BCFB402124A818F09BF958
:1039480098F8003081463BB924A814F000FF494696
:103958000246854817F0ACFB102200210AA81EF089
:1039680036FF10210AA808F07DF80DF1CF020146B4
:103978000DF1280C00238B4201DA102B58D198F84E
:103988000030002B40F0E680784817F091FBBFB17B
:10399800B6B1202E314628BF20210DF1DF033A466B
:1039A8007E1812F8010B13F8017FB24280EA070073
:1039B8001870F6D198F8003043B96D4817F078FBC5
:1039C80098F8003013B96B4817F072FB402180A8B3
:1039D80018F051F998F80030064673B980A814F029
:1039E800B6FE31460246644817F062FB98F800308C
:1039F8001BB96248294617F05BFB0023079307AF02
:103A08000FF066F9202300935D4801971CAB4FF433
:103A1800007224A91EF091FC064610B9079F202FBA
:103A28000FD020211CA813F03BFF5648FFF79CF845
:103A380012F801EF1CF8010B80EA0E001070013338
:103A480099E70146142217A81EF0C1FE4E4A0896AF
:103A58004FF41053ADF858300DF120084FF480732F
:103A6800CDE91832ADF85A301CA943463A4616A893
:103A78001EF097FB394606461CA813F011FF002ECE
:103A8800D3D1102231460EA81EF0A1FE37460DF103
:103A9800240ABD42D8F8000017D90023CAF800301C
:103AA8000DF1380B10230DF148093749CDF808A05E
:103AB8000193CDF800905A460EF0CAFF18B9DAF80B
:103AC8000030102B14D04FF0FF36D8F800001EF04D
:103AD8004CFB10210EA813F0E3FE002EA5D1012304
:103AE80025441946AC421CD101B933B327489DE798
:103AF800EA1B102A28BF1022E019494605921EF039
:103B080058FE059A17444A4612F8013D0133DBB2C4
:103B180013700BB95A45F7D11021484613F0C0FE6F
:103B2800B7E714F8012B32B1FF2A14BF002303F0C2
:103B380001030021D6E71346D4E724A84FF4007107
:103B480013F0AEFE10210AA813F0AAFE0DF5257D8C
:103B5800BDE8F08F002F7FF41BAF37E7E77A00202E
:103B68002C5B0208505B0208985B0208C75B0208DE
:103B7800085C02082A5C0208775C0208A65C020856
:103B880009000002DF5C020800444004FE5C0208F1
:103B980030B5002389B004461A4620216846FFF74D
:103BA800AFFE6946204612F0FDFF65252378013BEC
:103BB800DBB2FD2B05D82021684613F071FE09B051
:103BC80030BD013D02D10748FEF7CEFF002368460D
:103BD8001A462021FFF794FE6946204612F0E2FFBC
:103BE800E4E700BF295D0208014B1870704700BF69
:103BF800E87A0020014A10F043BC00BF4F5D02087C
:103C080038B504464068FDF70BF80649FDF710F98A
:103C180005462068FDF704F801462846FCF74CFFE6
:103C280038BD00BF00247449084B1B685BB9084BBA
:103C38001B6843B9074B1B68003B18BF0123064AA2
:103C48000020137070470123F9E700BF5C4D002086
:103C5800584D0020544D0020EC7A0020014B187874
:103C6800704700BFEC7A002073B5484D1C22002134
:103C780004461EF0ACFD286860B314F09EFD48BBF6
:103C880028686A460D2114F09CFD28B96846FFF79C
:103C9800B7FF01232060237528686A46102114F0B5
:103CA80090FD28B96846FFF7ABFF01236060637594
:103CB800374B1B7873B128686A460E2114F081FDD2
:103CC80040B96846FFF79CFF3249FCF7FDFF012326
:103CD800A060A375304E306818B3A37D0BBB2B686A
:103CE800984201D014F069FD30686A460E2114F03C
:103CF80068FD40B96846FFF783FF2649FCF7E4FFF3
:103D08000123A060A375237D5BB930686A460D2145
:103D180014F057FD28B96846FFF772FF01232060A9
:103D280023751E4D2868F8B114F047FDE0B92868DE
:103D38006A46122114F045FD28B96846FFF760FF6E
:103D4800012320612376237D5BB928686A460D210B
:103D580014F037FD40B96846FFF752FF0123206091
:103D68002375002002B070BD237D002BF9D1637D3F
:103D7800002BF6D1A37D002BF3D1237E002BF0D1AD
:103D8800E37D002BEDD16FF03C00EBE75C4D0020AC
:103D9800ED7A002000002041584D0020544D0020AD
:103DA800014B1878704700BFE97A00202DE9F043ED
:103DB800442285B0002104461EF009FD3D4B1B78C6
:103DC800002B70D03C4D286800286CD03B4B1B78EA
:103DD800022B41D13A4F00263B7884F84030B14657
:103DE8003B78B34203DC002005B0BDE8F083013620
:103DF800CDE9026928688368D3F80080B8F1000F1C
:103E080028D002AB14224C21C04718BB286814F0F4
:103E1800D4FCF8B928686A462A2114F0D2FC18B9EB
:103E28006846FFF7EDFE206028686A462C2114F0EA
:103E3800C8FC18B96846FFF7E3FE606028686A4660
:103E48002D2114F0BEFC18B96846FFF7D9FEA06012
:103E5800012323731034C3E7012384F8403014F09E
:103E6800ACFC18BB28686A462A2114F0AAFC18B9C9
:103E78006846FFF7C5FE206028686A462C2114F0C2
:103E8800A0FC18B96846FFF7BBFE606028686A4660
:103E98002D2114F096FC18B96846FFF7B1FEA06012
:103EA800012323739FE76FF012009DE76FF0040072
:103EB8009AE700BFE97A0020504D0020EB7A0020F5
:103EC800EA7A002070B4CE7D46B1CD68541B054D0A
:103ED800AC4203D81BB970BC14F076BD0023184659
:103EE80070BC7047809706002DE9F84F032B0A9D98
:103EF8000646894690461F462FD814F051FD0446C1
:103F0800A0B38668464528D2C168404A691AA8EB1A
:103F180006069620761A4FF00003A1FB000169EB14
:103F28000909FDF7F3F810F12D020B4641F10001E4
:103F3800B24271EB09010ADB6FF02C02121A4FF042
:103F4800FF3161EB0303964279EB030307DA25613E
:103F58000123A382C4E90285A775BDE8F88FA38A67
:103F68004FF6FF729342F5D00133F2E7034618216A
:103F780006F1170001FB03F210F802C0BCF1000FB4
:103F88000ED1B418D9F800302360D9F80430636032
:103F98000123C4E902852561A382A775E375DCE7DF
:103FA8000133202BE6D131464FF0000A4FF0180BB1
:103FB8002A46304614F008FDCB6818B11448EA1AAE
:103FC800824217D98A7DBA4214D9ECB1A07D8242C7
:103FD8001AD803D1888AA28A904215D30BFB0A62A9
:103FE80060695269424032F07F4203D1E2689342ED
:103FF80038BF0C460AF1010ABAF1200F01F1180185
:10400800D6D1002CBED1A8E70C46F3E740420F00FA
:1040180080510100034690F8100338B1D3F80C33EF
:104028000348C91A81428CBF00200120704700BF95
:104038007F3A09002DE9F3478A46164600211822DF
:1040480004461D461EF0C3FBDAF80073BE422CBFBF
:104058000023012323743246009351462B4604F172
:10406800180014F0BEFC237E1BB940F20123238004
:1040780014E0BE422ED2A37E022B02D840F20133B6
:10408800F5E7D4E90832B3F1960642F1FF32B6F506
:10409800167F72F1000305DA01236370204602B02F
:1040A800BDE8F08729465046FFF7B4FF08B105235D
:1040B800F3E79AF8203343B1DAF81C3345F25F414D
:1040C800EB1A8B4201D80623E7E70223C4E9026210
:1040D8002370E3E7637E052BD0D9A27EB3EB420FB2
:1040E80002DB40F20143C2E7D4E90887002F4646C5
:1040F800B94602DA764267EB4709B6F5167F79F1D9
:104108000003C9DB29465046FFF784FF0028CED1BB
:104118009AF8203333B1DAF81C3345F25F42EB1AD0
:104128009342D0D99AF81833ABB1DAF81433164A57
:10413800ED1A4FF496700023A5FB0001FCF7E6FF8B
:1041480010F5167041F10001B04271EB090102DA75
:1041580040F201738BE7022318F5616F23703B4629
:1041680077F1FF374246B8BF084A40F61161B8BF39
:104178004FF0FF338A4273F10001A4BF4FF461622C
:104188000023C4E9022389E740420F00F0F1FFFF52
:104198000138C0B206289ABF024B53F820000248E3
:1041A800704700BF003C0208BB6002082DE9F04FD1
:1041B800B1B005460B9388463A9B9DF8ECA00146A2
:1041C800164616A80B9AFFF735FF9DF858209DF85C
:1041D80068309DF870400993022ADDE91E7940F0A5
:1041E800358195F80423DDE9181022B1002880F202
:1041F800A081B74A04E0B74B8B428241B64A07DB3D
:10420800B64B4FF0FF3C994270EB0C0C00DB0B46B1
:10421800B348B149DDF824C0BCF1000F18BF01460E
:10422800CDE9001222A8AF4A382110F029F9BAF1D5
:10423800000F00F03081AC4BA74A9DF871109DF833
:1042480072009DF873C0002C00F02881A14C4FF03B
:10425800000EBC427EEB090E07DBA04C4FF0FF3E80
:10426800A74279EB0E0EA8BF3C46209F00920DF1A5
:10427800880ECDE90110CDE903C4CDE9057E9B4A3E
:104288003146404610F0FCF8041EC0F24D81B4429D
:1042980080F04A81D5F82C3303B3D5E9CE1C8D4A7A
:1042A800D5F830738A424FF0000070EB0C0007DB42
:1042B8008A4A4FF0FF3091427CEB0000A8BF0A46C3
:1042C800CDE90072311B08EB0400894A10F0D8F8D8
:1042D800241800F12981B44280F02681D5F83433BE
:1042E8005BB1311B08EB0400824A10F0C9F82418AE
:1042F80000F11A81B44280F017813A992846FFF7F5
:1043080089FE98B13A99284614F0F0FC311B7A4A94
:104318004FF46163B0FBF3F308EB040010F0B0F85E
:10432800241800F10181B44280F0FE80D5F82833CA
:104338000093311B08EB0400D5F824336F4A10F0C2
:104348009FF8241800F1F080B44280F0ED8005F564
:1043580040730A934FF0000A2B46DA7D0AB10AF13E
:10436800010A0A9A18339342F7D14FF0000BD94645
:10437800CA4540F3A8808BF001032F460F93FB7DBD
:10438800002B00F09480099B3A9A39462846FFF79B
:1043980099FD0F9B834240F08A8008EB0403089341
:1043A800331B0C933B780D937B783A9A0E93FB68FA
:1043B800B98A97F816C0D31ABA68632928BF632147
:1043C8009B184FF0000242EB020E0B9A9B1A414ACF
:1043D8006EF1000E9A424FF0000272EB0E025FDBA4
:1043E8003E4A93424FF0FF327EEB02025ADBDFF87F
:1043F800E8E0434A002808BF7246CDE903320E9B25
:104408000093CDE901C10D9B3E4A311B08EB040026
:1044180010F036F8002802DB2044B04244D3089A52
:104428000023CA4513704EDDAAEB0903364A18214A
:1044380010A810F025F80C9B8342054643D9421C6E
:1044480010A908981EF0B5F92C443CE0BDF8583086
:10445800B3F5807F15D1B9F1000F3B464A4602DA21
:104468007B4269EB490240F22D118B4272F1000246
:10447800B4BF264B264B274A382122A810F000F853
:10448800D5E69DF85900FFF783FE03460AB9224A8C
:10449800F2E7224AF0E7224B224ACEE62746E5E633
:1044A8000C4BA4E70D4BA2E709F1010904460A9B4E
:1044B80018379F427FF463AF0BF10103022B4FF0D3
:1044C800010B7FF455AF204631B0BDE8F08F00BF37
:1044D800655D020800943577CA7A0208006CCA88BC
:1044E8007E5D0208A45D0208BB690208C85D020877
:1044F800FD5D02081D5E02082B5E0208355E02089B
:10450800A15D0208495E0208655E02088B5D02082B
:104518008E5D0208C3600208B15D0208BB5D020837
:104528000F680208965D0208741E002308F804301C
:10453800C9E7034B00228B428241024A66E600BF6C
:1045480000943577CA7A0208044BBFF35B8F18686A
:10455800BFF35B8F003818BF012070476C4D0020F7
:1045680010B5074BBFF35B8F024653E8001F43E8C3
:104578000024002CF9D1BFF35B8F05F0CBFA10BDF6
:104588006C4D0020054BBFF35B8F53E8002F43E8C9
:1045980000010029F9D1BFF35B8F7047684D0020F7
:1045A800034BBFF35B8F1868BFF35B8FC0B27047D4
:1045B800644D0020054BBFF35B8F53E8002F43E8A1
:1045C80000010029F9D1BFF35B8F7047644D0020CB
:1045D800044BBFF35B8F1868BFF35B8F003818BFBD
:1045E80001207047604D00201FB508B100230370FB
:1045F8000E4817F0ECF86946002005F09FFC0146CC
:1046080030B90098826816F0E8FE009816F0BAFEF5
:10461800064806F0D3FA6946054817F0B5F8B0FA27
:1046280080F0400905B05DF804FB00BFF4000020ED
:10463800B55E020810B50446FEF788FB014B2360FF
:10464800204610BD2C3C020810B5054904464FF41D
:104658000062FEF735FC2046BDE8104013F0ADBD02
:10466800C07F0020014813F070B900BF6800002027
:104678000A22A0FB022301480CF014BA30000020E3
:1046880038B5064D2B681BB1441E14F8011F01B93B
:1046980038BD286814F0C0FBF7E700BFA45200201B
:1046A80010B5044690B0A3685B6CBBB9A3681B6CDB
:1046B800D3B9A3685B6BE3B9A3689B69002BF2D0FD
:1046C8004022694620469847021EECDD69460B48A1
:1046D80016F054FD0A480CF03DF9E4E720469847E7
:1046E8000028E3D110B010BD204698470028E0D13B
:1046F800F8E7204698470028D5D0DDE790520020FB
:104708007000002007B50F4B1868B8B103685B6BE1
:10471800984732284EF6602338BF3220984228BF87
:1047280018460A23A0FB032300210020CDE900013D
:1047380005480CF093FF03B05DF804FB4EF66020CB
:10474800EFE700BF8C520020100500200146014809
:104758001BF0C6BEAC52002030B52E4CC3B00DF1D4
:1047680007052D480122294616F028FD012801D009
:1047780043B030BD2978294A0D291378117045D0E6
:104788000A291CD10D2BEAD02388254A2449002563
:10479800D55402A8FF221EF069F88DF80751214868
:1047A8000022002302A91BF0D0F920B90420FFF74A
:1047B800CDFF2580D3E71C48FFF762FFF9E77F2983
:1047C800238801D0082913D1002BC8D0174D286899
:1047D800013B23800028C2D0082114F01DFB286863
:1047E800202114F019FB2868082114F015FBB6E7FE
:1047F800FE2BB4D80D4B186808B114F00DFB2388B4
:1048080029785A1C2280064AD154A8E70D2BBBD020
:104818000A2BB8E7E47A002090520020EF7A0020B3
:10482800F07B0020CC050020BA5E0208A4520020CC
:1048380010B5029C039B012C73F1000313DB0A489B
:10484800214613F05EFFBFF35B8F084B53E8002F40
:1048580043E800410029F9D1BFF35B8F4020BDE850
:104868001040FFF773BF10BD80520020A8520020EF
:10487800024B1B680BB183F8200370478C52002051
:104888007FB5154E154D164B1648336000247460DD
:10489800B46015F0D2FC2346134A14491448FFF7B4
:1048A800C9FE2846134B40F8043B21464FF4A0624A
:1048B8001DF08DFF104BC5F80445C5F80C45C5F82B
:1048C80008450B4A0093CDE901650C4B06490C4895
:1048D80000F082FC04B070BD80520020704D0020B2
:1048E800E83B0208EE7A0020680000204431020804
:1048F80058370020103D02086000002064000020A6
:10490800000600202DE9F7432F4B1B68002B58D0D9
:104918002E4C2046FEF76AFB0546204613F047FB5F
:1049280006462046FEF77CFB0746204613F04CFB64
:104938008046204613F05FFB8146204613F04EF870
:1049480000B243463A463146CDE90090284605F084
:1049580089F9204613F04DFB0546204613F041FB2C
:104968000646204694F8718A13F02FF80746204629
:1049780013F04DF8BFF35B8FA369BFF35B8F003B68
:1049880018BF0123CDE9000342463B46314628467D
:1049980005F07EF9BFF35B8FD4F88C0BBFF35B8F08
:1049A800BFF35B8FD4F8901BBFF35B8FBFF35B8FB4
:1049B800D4F8942BBFF35B8F03B0BDE8F04305F048
:1049C8007DB903B0BDE8F0838C5200205837002031
:1049D8002DE9F041AF48DCB012F0BDFFAE4C2046E7
:1049E8001AF0BAFF50B12269A168136843F0200396
:1049F80013600B68A94A052120469847A84801F08A
:104A08000FF908B9FFF7F0FDA5481CAD01F0ECF867
:104A180013F0B8FEFFF708F913F0D6FE284614F095
:104A280078F918B129689F4813F06BFE13F0ACFEB3
:104A38009D4C60B19D4813F0A2FE9D4813F0A0FE66
:104A4800D4F8280313F0A9FE012013F0A1FE994E13
:104A580005F0E6F814F058F9FFF700F93460964FBE
:104A680096481BF037FD964A964BC7F8DC2A964ABB
:104A7800C7F8D43A0023C4E91423944AC7F8D83AAB
:104A880004A8C4E91623C7F8E03A12F07FF884486E
:104A980004A901F011F930B904A8FFF779F88048A2
:104AA80004A901F04FF9DFF828828A48602204A996
:104AB8001DF07FFE41467A4801F03CFB94F8200344
:104AC800C7F80C80003818BF0120FFF749FD94F89B
:104AD8002103FFF757FD94F82203FFF76BFD704998
:104AE800A8F5287015F0D2F894F8A4322BB17A49B9
:104AF80008F10400FCF774FB88B90821284606F081
:104B0800B1FF03280BDDEB780293AB7801936B7848
:104B180000932B78714A724820210FF0B1FC94F869
:104B2800B0136548003918BF012112F0B0FF94F89E
:104B3800B1136148003918BF012114F045F994F800
:104B4800B2135D48003918BF012113F0A8FD94F88D
:104B5800C03394F8B613019394F8B933009300392D
:104B680094F8B83394F9B723534818BF012113F0C8
:104B78003EFC514894F8C08312F033FF804597F902
:104B88004D3A03D194F9B7239A4209D04A4884F898
:104B9800B73312F026FF84F8C003434814F023FB10
:104BA80094F8BE034F4C003818BF012004F0F6FEFD
:104BB8004B4805F097F8FFF7A5FE4B4804F0D4FFE3
:104BC800344812F0C2FE002105F080F813F0DCFD35
:104BD80005F096F8454A464800230BF02BFF454858
:104BE80020601AF0B9FE002852D0434B434A1A609D
:104BF8000022C3E901222068DA604FF400711961CC
:104C080083681BB19B6C0BB13D499847206883684A
:104C18009B6A03B198473B483B4FFFF731FDFFF7CD
:104C280071FD4FF0FF334FF0FF32CDE9002340F222
:104C3800FF11002221481BF05AFC044601461F4878
:104C48001BF051FCE30601D513F0B6FD600763D5F0
:104C58003368002B60D02D482946002200230BF032
:104C6800B3FB01463068002956D13B462A463970C5
:104C780000F0D2FBFFF746FE3B782BB12448FFF744
:104C8800FFFC3846FFF7FCFC2248FFF7F9FCDFE79A
:104C98002060C0E7680000202430020801000A00F4
:104CA800EE7A0020805200200006002039480008D3
:104CB800AF8E01088C52002058370020AC520020DB
:104CC800A38E0108A98E0108794600089B8E010869
:104CD800A008002014080020C85E0208D15E02085F
:104CE800A4080020A45200206D460008A0860100F8
:104CF80000000020A430020890520020F07C002020
:104D0800A9460008EB5E0208F07A0020CC050020D6
:104D1800095F0208065F0208306840B1210606D51F
:104D280003680022D3F8D0304FF4FA7198473068FE
:104D380028B140F227131C4201D015F05BF9306806
:104D480008B112F0E4F822070AD5306808B115F066
:104D580051F9134813F0C5FC04F0BEFFFFF7D2FD6C
:104D680063061AD5BFF35B8F0E4B1868BFF35B8FD2
:104D780013F0D1FF346884B11BF0E5F90A2200234F
:104D8800FCF714FA4FF47A720023FCF7BFF90146D6
:104D980004F53850183013F00CFFFFF7B3FC40E768
:104DA80080520020A852002008B54FF07E51D0F85C
:104DB800A002FBF781FE01460548FCF739F84FF0E1
:104DC8007C51FBF779FEFCF781F9C0B208BD00BF42
:104DD8000000C84200487047115F02080048704749
:104DE800115F020800487047215F020800487047B9
:104DF800215F02080048704768630208004870474E
:104E0800686302080048704700A302000048704722
:104E180000A3020010B590F8EE12044621B1044B2D
:104E2800594311F08BFB0146C4F8901210BD00BF26
:104E3800C0D4010010B590F8EF12044621B1044B1C
:104E4800594311F07BFB0146C4F8941210BD00BF12
:104E580080EE36002DE9F3410346D0F878025E6E05
:104E68009F6EB3F86C8003681B680C4698473368DC
:104E780005461B68304698473B6806465B693846D6
:104E880098470749CDE900802A4620464FF47A73AF
:104E9800B6FBF3F30FF01EFB02B0BDE8F08100BFD4
:104EA8002D5F02082DE9FF47046E2368D0E905A5A8
:104EB8001B6A20460F469847236806469B6B204688
:104EC800984723688046DB6B2046984781464046D2
:104ED800FCF7D6F80FFA80F848464FF47A73B5FB1A
:104EE800F3F5BAFBF3F303950293FBF775FA36B2C1
:104EF800CDE9000143460449324638460FF0EAFA44
:104F080004B0BDE8F08700BF6B5F02082DE9F04FE1
:104F1800046E236887B0D0E91089D0E912AB9B6E84
:104F280020460D46984723680646DB6E204698477C
:104F3800236807461B6F20469847CDE9019ACDE9BB
:104F480003B00549CDF800803B46324628460FF0AD
:104F5800C1FA07B0BDE8F08FBF5F020810B5406F17
:104F6800036888B01B68984700230446069006A883
:104F780007930FF0C9F9A8B143690E4A03F26C739D
:104F88000493036901330393C3680293036801938D
:104F9800436800938368084830210FF071FA064887
:104FA80008B010BD054A0448234630210FF068FABE
:104FB800F5E700BF20600208F07E00202F66020897
:104FC8002DE9F04F00F51353B9B080460E4628334B
:104FD80000F536520025596A31B138A8691C00EB32
:104FE800850545F8C83C0DB22C339342F3D106AB86
:104FF8000022994605F1FF3A524514DB3446002752
:105008004FF00A0ABD4202DDA31B852B21DDB44205
:1050180004D120462049FCF7EDF80634002323701C
:1050280039B0BDE8F08F01321C461746BD4201DC9D
:105038000433E1E760681968D0F824C0D1F824E0A7
:10504800F44588BF186007F1010788BF6160043420
:10505800ECE759F827B00FB104F801AB0422594620
:1050680003A8FDF791FDD8F8740003681B689847FA
:10507800DBF824309BF928200092C31A074903AAB9
:1050880020460FF027FA23461C4613F8012B002A66
:10509800FAD10137B6E700BFB6600208AD60020872
:1050A80070B504460D4610460649FBF70DFEFBF7A2
:1050B800E7FF294603B267222046BDE8704014F096
:1050C800D8B800BF000020412DE9F0410546406FE7
:1050D800069C1F4603681B6890469847014605F5DD
:1050E8001250383014F051F948B354B33B7805F5F1
:1050F800805686F8E83953B105F5CD50621E791C03
:10510800083012F0AEFA10B9FF2386F8E839C6F86D
:10511800F088686F03681B68984705F5C75418340A
:105128000949C6F8F40805F54E7305F529722046B5
:105138000FF0D0F92046FCF765F80830C0B2BDE89A
:10514800F0812046FBE700BFC060020870B590F808
:10515800ED420546ACBB0A78104614F0B8F870B3B7
:105168000B7995F81C6303F03F039E4229D902F09E
:105178000306012E03D195F81D639E4221D902F042
:105188003C02102A03D195F81E239A4219D905F535
:105198000053D3F89034B3B195F8D13363B1012BF0
:1051A8000BD00A4A0A48022B08BF0246284614F0C8
:1051B800BDFB80F00100C0B270BD064AF6E70120D1
:1051C800FAE70020F8E71846F6E700BFD804002001
:1051D800DC040020E00400202DE9F04385B00446FB
:1051E80004200D9F0E461546984615F064FD08B13B
:1051F8007D4B03600E9B009742462946CDE901038B
:105208000C9B2046FCF766FF784B236004F5826907
:1052180003F59C7304F58055C4E99D36484614F09F
:105228006BF804F51D73C5F81868C5F8283800260A
:1052380004F5C1530020002104F52878C5F81C782E
:10524800C5F8209885F8E068C5F82488C3E93201D4
:1052580004F5C550664910301AF0A3FDC5F80C6B6B
:1052680004F5CF550C3504F5D8502946103001F017
:10527800CDFB294604F5FE5004F5005501F0C6FBA8
:1052880004F5135778220423C5F8AC242837B42230
:10529800C5F8B064A5F8B464C5F8C064A5F8C464DA
:1052A800C5F8D064A5F8D464C5F8A834C5F8B834EE
:1052B800C5F8BC24C5F8C834C5F8CC2404F536595B
:1052C8003E4630462C3611F04FFC4E45F9D104F5D8
:1052D800385048490022183013F03DFB00260022C0
:1052E800002304F51250C4E9A223C4E99F66C4E967
:1052F800A4661022C5F8E464C5F8846DC5F8806D0D
:10530800314684F89862153085F8E064C5F89064F1
:1053180085F894641DF05BFAC5F8D864C5F8DC64B8
:1053280038462C3714F045F84F45F9D14FF4B87288
:10533800002140461DF04BFA2F4BC4F8A0322F49EC
:105348000F2204F536701DF091FA0F222C4904F54E
:105358003E701DF08BFA2B4BC4F8E83240F207532D
:10536800A4F81433162384F8EC322F2384F8EF3290
:10537800254BC4F80C334FF07C53C4F8F432234B5C
:10538800C4F80833224BC4F8183344F24003A4F895
:105398001C33082384F81E334FF49673C4F828335B
:1053A80040F20113A4F8B03340F60F730125A4F8B6
:1053B800B8334FF6FF73A4F80A34164984F8B65385
:1053C80084F8035484F8085404F52970FBF712FF95
:1053D8000223204684F82C3384F8D13384F8CF5341
:1053E80005B0BDE8F08300BF443A0208243D020836
:1053F80005AC0108C09B9A6A00001041CD660208FE
:10540800CA7A02088D675944CDCC4C3E9A99993E88
:1054180000007A42C85E02082DE9F04300F5005802
:1054280095B098F8E0C406460F4614461D46BCF1F0
:10543800000F04D015B0BDE8F04300F0D9B81AB198
:10544800511E11F8013F23B900232B7015B0BDE898
:10545800F083093BDBB2172B04D85A4A22FA03F32C
:10546800DB07EED42246144612F8013B202BFAD073
:105478002046FBF7C7FE042808D9A3787C2B05D162
:1054880023882B80A378AB70033403354E49082258
:1054980020461DF0ABF9814600284AD10834202166
:1054A80020461DF0B3F9074630B94849284615B0DB
:1054B800BDE8F043FBF79EBE07F8019B2046FBF7CB
:1054C800A1FE02282AD84946102220460FF04CFB9C
:1054D8005FFA80F93846FBF795FE402828BF402040
:1054E80044103A46214603A812F0E2F9F8B1CDF883
:1054F8000090234603AA06F5057106F5826001F0BF
:1055080037FA90B1D8F8E43433B941F288313046EB
:1055180011F014F8C8F8E4042D49C7E738461DF01F
:1055280061F927465FFA80F9D4E72A49BEE72A4994
:10553800BCE7D7B929492046FBF752FE8046A0B9F7
:1055480006F2144406F58056D6F814389845BFF686
:105558007BAF94F8203023B12022214603A8FDF721
:1055680013FB08F10108A034EEE71D490622204686
:105578001DF03CF938B92A462146304615B0BDE839
:10558800F04300F0BDB81749122220461DF02EF94D
:1055980060B9113414F8013F202BFBD00BB112492C
:1055A80084E7304614F047FB10497FE706F5C05002
:1055B8002B4622463946183015B0BDE8F04301F0B5
:1055C8006BBC00BF13008000C6600208CF600208F1
:1055D800E0600208E3600208F86002080961020856
:1055E8002262020811610208246102084C61020863
:1055F8002DE9F047044688461E4615461AB1511E45
:1056080011F8012FB2B904F5805504F5FE514FF495
:10561800966205F5316004F500541DF0CAF80023C0
:1056280084F8E034B5F81A2B33493046BDE8F04722
:105638000EF050BF093AD2B2172A03D82F4BD340E5
:10564800DB07DDD42B46187820281F469A4603F13D
:105658000103F8D0B7EB05090ED101F0EBF958B109
:1056680004F500532A4683F8E09441463346204621
:10567800BDE8F047FFF7D0BE55461AF8010B01F018
:10568800D9F90028F8D12B780BB128705546A846CF
:1056980015F8013B0BB1462BF9D109F1FF33062B65
:1056A8001ED83B78E3B104EB890909F50059D9F80C
:1056B8006C54ADB104F5D8503946103001F0CEF92C
:1056C80004F5FE542A88054670B1038839462046F9
:1056D80015F08FF820B14DB12B790371C9F870041A
:1056E80000233370BDE8F0870346EFE798F80030F1
:1056F800463B18BF0123F0E77161020813008000E0
:105708002DE9F04F002387B0044613700F46154665
:105718000B461E4601333278202AFAD0AB490A22BA
:1057280030461DF091F8002877D1B37A13F0DF0FD7
:1057380073D106F10A031E4601333278202AFAD0C3
:10574800304614F06AFD337833B9A149284607B0CA
:10575800BDE8F04FFBF74EBD04F5D854103404F201
:105768008C494FF000083378202BB24606F1010629
:10577800F9D063BBA0222946204607B0BDE8F04F08
:1057880015F0E7B81FB13B780BB99249DEE7B9F8D5
:10579800002000235946204615F02BF8814640B9D1
:1057A8008D4A5B46A021284607B0BDE8F04F0EF0B1
:1057B80067BE80F80480002FD5D03946204601F016
:1057C8007DF981460028CED1844A3B46EAE7534614
:1057D8001A781E46013322B1202AF9D186F80080B2
:1057E8001E4653461A4613F8017B6FB17C2F01D031
:1057F8002C2FF7D182F800801F4613F8012B202A9E
:10580800FAD0384614F009FDD3461AF8013B202B8C
:10581800FAD0002BB6D1724998E7384620230422E3
:1058280002A912F069F80128074609D104F5D850F1
:10583800A0222946103015F08CF807B0BDE8F08F8B
:1058480040F3AA81039E67493046FBF7C9FC01462D
:10585800C0B904F58053B3F8142BA3F8CA0F04F5A4
:105868001150A3F8C42F34301C221CF0B0FF04F5EB
:10587800005304F511540C340122C3F8704483F822
:10588800E024DAE758493046FBF7AAFCD0B9606F44
:1058980003681B6898472368C4F83003D3F8C030FE
:1058A80020469847D4F87C0200F0F6F9014604F542
:1058B800D850103014F0C9FE4C494D4B002808BF91
:1058C800194643E7022F6FD04A493046FBF788FC58
:1058D80070B904F5D8500499103001F0EFF828B1E8
:1058E800037923F00103037140492FE742492DE76B
:1058F80042493046FBF774FC58B904F5D85004996E
:10590800103001F0DBF80028F0D0037943F00103F0
:10591800E9E73B493046FBF763FC58BB04F5D8542C
:1059280010340499204601F0C9F806460028DDD055
:105938004188204614F0AAFF3379721D03F0010351
:1059480068B1018859B12F4C2F49002B18BF214647
:105958000091431D2D4928460EF0BCFD6DE72949ED
:105968002948002B18BF08460346294928460EF047
:10597800B1FD62E727493046FBF732FC002851D1D8
:1059880004F5D85410340499204601F097F80646D7
:105998000028ABD00146204614F093FF1E49721D23
:1059A80028460EF097FD48E71A493046FBF718FCE1
:1059B800002840F0868004F5D850103014F07EFF9F
:1059C80010B1421D1549EBE7154AFBE79A61020839
:1059D800A5610208C6610208D7610208EC610208E5
:1059E800B56102080362020808620208E060020862
:1059F800886102080D62020814620208296202081E
:105A08004C710208CA7A0208A86E02082F620208BE
:105A18003B620208426202084762020857620208B3
:105A2800B67602085D493046FBF7DAFB002859D103
:105A3800DDF810805A494046FBF7D2FB04F5D857E9
:105A480006461037A0B90146384614F044FF04F55D
:105A580012501022314615301CF0B9FED4F87C02E1
:105A680000F01AF90146384614F0EFFD4D496DE68D
:105A78004146384601F022F8064638B90346024640
:105A88000499384614F0B5FE0646C0B100233371B8
:105A98003146384614F01FFF04F51252153201231F
:105AA8003146384614F044FED4F87C0200F0F4F88D
:105AB8000146384614F0C9FD3B49721D70E73B4961
:105AC80044E636493046FBF78BFB002864D104F5E1
:105AD800D850103014F0F9FE10B1421D34495FE778
:105AE8002F4AFBE733493046FBF77AFBD8B904F570
:105AF800D854032F04F1100406D00599204600F06D
:105B0800DDFF18B92C4921E604F28C40028804997B
:105B18000023204614F06DFE08B9284916E6002334
:105B28002749037112E627493046FBF759FB90B91C
:105B380004F5D85410340499204600F08FFF01462C
:105B480038B1204614F0CBFE00287FF4CDAE1E49B4
:105B5800FCE51E49FAE51E493046FBF741FBD8B97A
:105B6800049E1C493046FBF73BFB38B11A493046C6
:105B7800FBF736FB08B11949E8E50120009004F568
:105B8800D8500123A0222946103014F0F5FE002831
:105B98007FF453AE1249D9E51249D7E52C700208B3
:105BA8007962020863620208806202089962020848
:105BB800B1620208EB620208C6620208DB620208F0
:105BC800EF620208046302080B6302081B63020801
:105BD800617502082B630208336302083A630208FE
:105BE800B66002085A63020830B50578C3B00446A7
:105BF8003DB90A48694615F07FFD002805DB0123F9
:105C080023700125284643B030BD044815F0E9FC4F
:105C1800031EF4DA1133F2D0F4E700BF636302081D
:105C280000B5D5B0104B00934021104B104A02A884
:105C38000EF026FC12A902A815F05EFD88B10D4BE6
:105C48000B4A00934021094B02A80EF019FC12A937
:105C580002A815F051FDB0FA80F0400955B05DF882
:105C680004FB0120FAE700BFD3750208636302084A
:105C7800716302088D63020808B5044A044B05489D
:105C880030210EF0FDFB034808BD00BF7763020812
:105C980063630208507F002008B5044A044B054896
:105CA80030210EF0EDFB034808BD00BF7E630208FB
:105CB80063630208207F002030B5B7B01E4B1F4A2F
:105CC8000D4604A830210EF0DBFB0023012204A9B5
:105CD80001A8CDE901338DF80C3015F0EEFB002852
:105CE80017DB60221EA901A815F057FC044601A87D
:105CF80015F041FC3F2C0EDC3821114A04AB10A8EA
:105D08000EF0BEFB10A815F094FC10A904A815F01D
:105D1800B8FC002006E022461EA9284610F0C5FF60
:105D280010B1012037B030BD22461EA9284611F017
:105D38001CF80028E0D0F4E7636302088A630208CD
:105D48009663020870B50378E0B00C460BB9FFF70C
:105D58004BFF224B224A302104A80EF091FB382138
:105D6800204A04AB10A80EF08BFB1EA910A815F052
:105D7800C3FC10B910A815F05CFC0023122210A96E
:105D880001A8CDE901338DF80C3015F096FB0028F9
:105D980019DB60221EA9204610F06EFF1EA90246DC
:105DA800044601A815F005FC064601A815F00DFCEF
:105DB800054601A815F0DFFBB44201D1002D05DA34
:105DC80010A815F036FC002060B070BD04A910A81A
:105DD80015F057FC0028F3DB0120F5E763630208A0
:105DE8008A6302089D63020830B50378E1B00C4667
:105DF8000BB9FFF7F9FECC4BCC4A302104A80EF0C2
:105E08003FFB3821CA4A04AB10A80EF039FB1EA983
:105E180010A815F071FC10B910A815F00AFC00259F
:105E2800122210A901A8CDE901558DF80C5015F0E2
:105E380044FBA842C0F26C81192229461EA81CF016
:105E4800C6FC042221460DEB020015F0B2FB211D11
:105E5800202201A815F0ADFB04221EA90DEB0200BB
:105E680015F0A7FB04F12801082201A815F0A1FBF1
:105E780004F13001082201A815F09BFB04F1380158
:105E8800102201A815F095FB042204F148010DEB3E
:105E9800020015F08EFB04F14C01012201A815F057
:105EA80088FB04F14D01012201A815F082FB04F1E1
:105EB8004E01012201A815F07CFB01221EA901A8B0
:105EC80015F077FB042204F150010DEB020015F0E8
:105ED80070FB042204F154010DEB020015F069FB7C
:105EE80004F15801102201A815F063FB042204F103
:105EF80068010DEB020015F05CFB042204F16C0153
:105F08000DEB020015F055FB04F17401012201A804
:105F180015F04FFB04F17501012201A815F049FBAA
:105F280004F17601012201A815F043FB04F1770181
:105F3800012201A815F03DFB042204F178010DEBC4
:105F4800020015F036FB94F880300DF10301AB42E6
:105F58000CBFA023A123012201A80B7015F029FB77
:105F680004F22F11012201A815F023FB04F23111CC
:105F7800012201A815F01DFB01221EA901A815F098
:105F880018FB04F17C01012201A815F012FB04F1B1
:105F98004F01012201A815F00CFB04F17F01012239
:105FA80001A815F006FB19221EA901A815F001FB8E
:105FB80004F18301012201A815F0FBFA03221EA9AE
:105FC80001A815F0F6FA04F18401012201A815F0E0
:105FD800F0FA042204F188010DEB020015F0E9FA49
:105FE80004F18C01012201A815F0E3FA042204F15E
:105FF80090010DEB020015F0DCFA042204F1940183
:106008000DEB020015F0D5FA04F19801782201A8E9
:1060180015F0CFFA04F58871012201A815F0C9FA24
:1060280004F58971012201A815F0C3FA04F21311CD
:10603800012201A815F0BDFA04F58A71012201A810
:1060480015F0B7FA04F17D01012201A815F0B1FAA3
:1060580004F17E01012201A815F0ABFA04F2151132
:10606800012201A815F0A5FA04F58B71012201A8F7
:1060780015F09FFA04F21711012201A815F099FAF8
:1060880004F58C71012201A815F093FA04F2191194
:10609800012201A815F08DFA04F58D71032201A8DB
:1060A80015F087FA04F21111012201A815F081FAFE
:1060B80004F21D11012201A815F07BFA04F58F7175
:1060C800012201A815F075FA04F59071012201A8C2
:1060D80015F06FFA04F21F11012201A815F069FAF0
:1060E80004F18101012201A815F063FA04F182018B
:1060F800012201A815F05DFA01A815F066FA044618
:1061080001A815F038FAAC4205DA10A815F091FA92
:10611800002061B030BD04A910A815F0B2FA00281B
:10612800F3DB0120F5E700BF63630208A4630208FC
:106138009D6302082DE9F04F0C46DBB03021364B49
:10614800364A05460DEB01000EF09AF900260122A9
:106158000CA902A8CDE902668DF8106015F0ADF91A
:10616800B04204F1380B04F1580704F1040A69DA63
:1061780031464FF4B87220461CF029FB284B2360A7
:1061880028490F2258461CF071FB27490F22384630
:106198001CF06CFB254BA36440F20753A4F8743041
:1061A800162384F84C302F2384F84F30204BE366B5
:1061B8004FF07C5363651F4BA3661F4BA36744F2E4
:1061C8004003A4F87C30082384F87E3040F20113A1
:1061D800A4F8103140F60F730126A4F818314FF6D1
:1061E800FF73A4F86A31154984F8166184F863616D
:1061F80084F868615046FAF7FDFF022384F88C3072
:1062080084F8313184F82F610D4BC4F88830214669
:106218002846FFF7E9FDA1E363630208A4630208C7
:1062280000001041CD660208CA7A02088D675944F9
:10623800CDCC4C3E9A99993E00007A42C85E02083D
:1062480000A302000DF1600949460CA815F054FAA4
:1062580004222146804602A815F09FF920225146C3
:1062680002A815F09AF9042205A902A815F095F9D3
:10627800082204F128010DEB020015F08EF908221E
:1062880004F130010DEB020015F087F91022594690
:1062980002A815F082F9042204F1480102A815F0B9
:1062A8007CF9012204F14C0102A815F076F90122CB
:1062B80004F14D0102A815F070F9012204F14E0114
:1062C80002A815F06AF9012205A902A815F065F9D6
:1062D800042204F1500102A815F05FF9042204F128
:1062E800540102A815F059F93946102202A815F0F0
:1062F80054F9042204F1680102A815F04EF90422A9
:1063080004F16C0102A815F048F9012204F17401A6
:1063180002A815F042F9012204F1750102A815F04E
:106328003CF9012204F1760102A815F036F90122A0
:1063380004F1770102A815F030F90DF107070422DE
:1063480004F1780102A815F028F93946012202A8BB
:106358008DF8076015F021F9012204F22F1102A827
:1063680015F01BF9012204F2311102A815F015F9F4
:10637800012205A902A815F010F9012204F17C01F7
:1063880002A815F00AF9012204F14F0102A815F03C
:1063980004F9012204F17F0102A815F0FEF8192280
:1063A80005A902A815F0F9F8012204F1830102A851
:1063B80015F0F3F8032205A902A815F0EEF801225A
:1063C80004F1840102A815F0E8F8042204F1880118
:1063D80002A815F0E2F8012204F18C0102A815F0D8
:1063E800DCF8042204F1900102A815F0D6F8042282
:1063F80004F1940102A815F0D0F8782204F198016C
:1064080002A815F0CAF8012204F5887102A815F04F
:10641800C4F8012204F5897102A815F0BEF801221A
:1064280004F2131102A815F0B8F8012204F58A71D4
:1064380002A815F0B2F8012204F17D0102A815F0B6
:10644800ACF8012204F17E0102A815F0A6F8012299
:1064580004F2151102A815F0A0F8012204F58B71B9
:1064680002A815F09AF8012204F2171102A815F0F3
:1064780094F8012204F58C7102A815F08EF8012217
:1064880004F2191102A815F088F8032204F58D7199
:1064980002A815F082F8012204F2111102A815F0E1
:1064A8007CF8012204F21D1102A815F076F80122E9
:1064B80004F58F7102A815F070F8012204F59071A7
:1064C80002A815F06AF8012204F21F1102A815F0BB
:1064D80064F8012204F1810102A815F05EF804F1C4
:1064E8008201012202A815F058F802A815F043F815
:1064F8009DF80730A66C5A49A3F1A1077B427B415E
:1065080084F880303046FAF77DFDA0B95549304609
:10651800FAF796FD78B994F87430053B072B0AD83A
:10652800A66F51493046FAF76DFD20B94F493046FC
:10653800FAF786FD50B14E4BA3644E4BA36740F269
:106548000753A4F87430162384F84C3026680023C7
:1065580084F8233084F8473084F8673084F80F31A2
:1065680084F8503131463046FAF742FD48B10021EF
:106578003046FAF747FD20B93F493046FAF760FD43
:1065880000B13D4E2660266D31463046FAF730FDA3
:1065980048B100213046FAF735FD20B93749304671
:1065A800FAF74EFD00B100262665D4F8946031460E
:1065B8003046FAF71DFD48B100213046FAF722FDB2
:1065C80020B92F493046FAF73BFD00B10026C4F840
:1065D8009460E66E31463046FAF70AFD50B1002164
:1065E8003046FAF70FFD28B94FF080413046FAF7E8
:1065F80027FD00B1234EE666D4E90A6732463B46DA
:1066080030463946FAF7A8F968B11F4B00223046E0
:106618003946FAF7ABF930B91C4B002230463946F7
:10662800FAF7C2F908B100260027C4E90A67D4E9D5
:106638000C6732463B4630463946FAF78DF958B36F
:10664800134B002230463946FAF790F920BB114B1C
:10665800002230463946FAF7A7F9F8B11CE000BF26
:106668000000964300007A440000E0400000FA432E
:106678008D67594400007A420000104100006145CE
:106688000060EA46CDCC4C3E008056C000805640A3
:10669800008066C0008066400026002794F87530A8
:1066A800082B28BF0823052B38BF052384F875302D
:1066B80094F94C30162BC4E90C6700F353811E2B58
:1066C8006FF00802A8BF1E239342B8BF134684F890
:1066D8004C3094F82E315A1E5342534184F82E31CF
:1066E80094F82131591E4B424B4184F8213194F8DA
:1066F8007730581E4342434184F8773094F82C3160
:106708005E1E7342734184F82C3194F884305F1E06
:106718007B427B4184F8843094F8123103F1FF3CCA
:10672800DCF1000343EB0C0384F8123194F8813058
:10673800042B28BF002384F8813094F88230042B7E
:1067480028BF002384F8823094F8153103F1FF3A0A
:10675800DAF1000343EB0A0384F8153194F8163193
:10676800012B28BF012384F8163194F8763003F101
:10677800FF3BDBF1000343EB0B0384F8763094F81E
:1067880083305A1E5342534184F8833094F81D31A4
:10679800591E4B424B4184F81D3194F81E31581E46
:1067A8004342434184F81E3194F81031012B28BF2D
:1067B800012384F8103194F81131012B28BF0123EB
:1067C80084F8113194F86331012B28BF012384F830
:1067D800633194F86831012B28BF012384F86831AC
:1067E80094F861315E1E7342734184F8613194F804
:1067F8002231022B84BF002384F8223194F82331FC
:10680800022B84BF002384F8233194F82431022B0F
:1068180084BF002384F8243194F88C30022B84BF81
:10682800002384F88C3094F83131032B84BF012382
:1068380084F8313194F82F31022B84BF002384F877
:106848002F3194F83031402B28BF402384F8303161
:1068580094F87C30402B28BF402384F87C3094F88F
:106868007D30402B28BF402384F87D3094F87E305B
:10687800402B28BF402384F87E3094F819315A2BD6
:1068880028BF5A2384F8193194F817310833DBB23A
:10689800142B84BF002384F8173194F81F310C336C
:1068A800DBB21A2B84BF002384F81F3194F8183107
:1068B800D4F82821013B082B9CBF0A2384F81831FF
:1068C800294B9A4288BF0023D4F8882088BFC4F88F
:1068D8002831264B9A4284BF0023C4F8883094F8A4
:1068E80062313BB1642B28BF64230A2B38BF0A23CB
:1068F80084F86231B4F864314BB1B3F5967F28BFA0
:106908004FF49673052B38BF0523A4F86431B4F807
:1069180066314BB1A3F654339BB240F21452934202
:1069280084BF0023A4F86631B8F1000F10DBD9F852
:106938000431B3F5937F0BD2012384F8103184F826
:106948002F31022384F8313121462846FFF74CFACB
:10695800D4F88830B3F5967F3FF456AC01205BB08D
:10696800BDE8F08F1623B2E63F420F008033E10105
:106978002DE9F04188B014469DF8388018F0030FCF
:1069880005460F461A4620D1214613F076FDF0B190
:1069980005F58053D3F80474013FC3F804742B1D24
:1069A800C41A194B66115E432C44B74204F1A00483
:1069B80003DC012008B0BDE8F081A022211DA4F16C
:1069C8009C0001361BF0F5FEEFE71F2B01DC0020D1
:1069D800F0E723466A4604F1200C18685968164601
:1069E80003C6083363453246F7D169460022284674
:1069F80013F05FFD224680F8208000F162013846DE
:106A080010F0E7F9D5E700BFCDCCCCCC10B500230A
:106A18000122C0E9012304460160C0F88C3480F8E3
:106A28009034034900F29140FAF7E4FB204610BD88
:106A3800B6760208A0F12301C9B216299DBF064BFC
:106A48000B4103F001030123024683F00100402AB1
:106A580088BF40F001007047FC1B80FF2DE9F04122
:106A68000D46064614492846FAF7BAFB18B906F245
:106A78008C40BDE8F0812B78B6F80A80232B08BF3C
:106A8800013506F112070024444501DB0020F0E738
:106A980017F8013C232B3946284618BF07F1FF3168
:106AA800FAF79EFB243720B9242303FB04600C303B
:106AB800DFE70134E8E700BFB67602082DE9F047C2
:106AC8000D4604461B492846FAF78AFB20B904F20A
:106AD8008C442046BDE8F0872B78B4F80AA0232B15
:106AE8004FF0000708BF013504F10C06B846BA4557
:106AF80001DC4446EDE77379232B14BF06F1050941
:106B080006F10609494628463446FAF769FB002883
:106B1800DFD02846FAF776FB4946024628461BF09E
:106B280065FE00280CBF3446444601372436A0468B
:106B3800DDE700BFB67602082DE9F74FDDE90C79ED
:106B480014461E4605468846002309F1FF324FF0D9
:106B5800200C3968434506EB010001DA8A4229DC3A
:106B680022796379B4F800E0B5F806C012F0010F95
:106B7800A9EB010124D0224ADFF888A0232B14BFF7
:106B8800631DA31DE64508BF524600921E4A0DF03C
:106B980077FC002804DD3B6803444B45B8BF3B60E5
:106BA80005F10C0A4FF0000B6B895B4515DC03B04F
:106BB800BDE8F08F481C3860013306F801C0C8E70B
:106BC8000F4ADFF840A0232B14BF631DA31DE64521
:106BD80008BF524600920D4AD9E7BAF80220238826
:106BE8009A4208D1CDE900793346524608F10101AD
:106BF8002846FFF7A1FF0BF1010B0AF1240AD3E79E
:106C0800CA7A0208AD630208AF630208B5630208D6
:106C180070B50B784E88224DC4B0C3F38303044685
:106C280032464A310DF155008DF854301BF0C1FD44
:106C38001422002108A81BF0CAFD4FF48853ADF8B0
:106C48001C308023ADF81E304FF48063CDE9093540
:106C5800102205AB214607A81BF0A3FA10B10020AB
:106C680044B070BD06AB0293202301930DAB009393
:106C78000598731C15AA29461BF06FFB0446059856
:106C88001BF073FA002CEAD1BDF834004FF6FE73FE
:106C9800984228BF1846012838BF0120E0E700BF06
:106CA800090080032DE9F0411D46D0F820318CB051
:106CB80006460F4690460024A34221DC4046FAF7D8
:106CC800A1FA03AB0193202302460093184804ABB2
:106CD80041461BF032FB2C4604AB0DF1200C1A4642
:106CE80003CA624520606160134604F10804F6D1C6
:106CF8002A46394630460CB0BDE8F04113F09EBE36
:106D080036F81420BA4210D1023406EB041404F108
:106D18001002234603CB9342286069601C4605F1A4
:106D28000805F6D10CB0BDE8F0810134C4E700BF16
:106D38000900000210B513F0D0FE084907220446E6
:106D48001BF082FD38B9E01D13F0C7FE0078B0FAD9
:106D580080F0400910BD0020FCE700BF2C7002083D
:106D680038B513F0BAFE0C460546FFF7E3FFB8B98D
:106D78000D492846FAF734FAA0B10C492846FAF723
:106D88002FFA78B10A492846FAF72AFA044638B1A0
:106D980008492846FAF724FA041E18BF0124644259
:106DA800204638BD0124FBE7BB690208BA7B02080C
:106DB8000F6802084770020800F1200302798A422E
:106DC80001D10068704708309842F7D100487047F1
:106DD8006163020838B5274C2178002947D14FF460
:106DE800B8722548244D1BF0F2FC2348234B40F889
:106DF800383B23490F221BF039FD0F22214905F1A9
:106E080058001BF033FD204BAB6440F20753A5F844
:106E18007430162385F84C302F2385F84F301B4BE0
:106E2800EB664FF07C536B65194BAB66194BAB6740
:106E380044F24003A5F87C30082385F87E304FF4EF
:106E4800967340F60F72C5F8883040F20113A5F822
:106E58001031A5F8182101234FF6FF7285F8163175
:106E680085F8633185F86831A5F86A2123700248EE
:106E780038BD00BF807F0020F04200200000104194
:106E8800CD660208CA7A02088D675944CDCC4C3EBB
:106E98009A99993E00007A422DE9F04F0446B3B022
:106EA80088461046AB4916461D46FAF799F930B997
:106EB800A949284633B0BDE8F04FFAF79BB9A7496E
:106EC800092230461BF092FC50B9A5492846FAF72A
:106ED80091F90321204633B0BDE8F04F13F0C1BE4D
:106EE800A049082230461BF081FC30B99E4928464B
:106EF80033B0BDE8F04FFAF77DB99C490622304619
:106F08001BF074FC50B99A492846FAF773F9012125
:106F1800204633B0BDE8F04F13F0A3BE95490922CF
:106F280030461BF063FC78B96068934903685B6876
:106F3800984792492846FAF75DF90121204633B06F
:106F4800BDE8F04F13F08DBE0E228D4930461BF080
:106F58004DFC024660B92069036840F2DC515B6968
:106F680098478849284633B0BDE8F04FFAF742B948
:106F78008549062230461BF039FC68B92069036848
:106F880001225B6940F2DC5198478049284633B0BA
:106F9800BDE8F04FFAF72EB97D490A2230461BF0BA
:106FA80025FC002843D1606803681B689847804522
:106FB80036D96068036808F101085B68414698475C
:106FC800042002F0AFFE404611F0A5FE20690368D8
:106FD800D3F88C309847064650B113F085FD4FF42E
:106FE8007A720023FAF792F80146304611F0D7FD7D
:106FF800606803681B6898471A9000231AA81B93B7
:107008000DF082F94369634A03F26C7303930369D1
:1070180001330293C368019343680093836823E0B4
:107028005D49284633B0BDE8F04FFAF7E3B85B494D
:10703800052230461BF0DAFB0746E8B960680368AA
:107048001B689847CDE91A071AA80DF05DF943693E
:10705800534A03F26C730393036901330293C368C1
:1070680001934368009383684FF4807128460DF0BC
:1070780007FA33B0BDE8F08F4A49052230461BF0C5
:10708800B5FB78BB701D13F01AFD064660680368EF
:107098001B68984786421ED96068036831465B685A
:1070A8009847042002F03EFE304611F034FE206975
:1070B8000368D3F88C309847044650B113F014FD98
:1070C8004FF47A720023FAF721F80146204611F0AE
:1070D80066FD1A9691E73449284633B0BDE8F04F6B
:1070E800FAF788B83149092230461BF07FFB38B9D6
:1070F80020690368DB6B294633B0BDE8F04F1847B9
:107108002B49102230461BF071FB002856D110364F
:107118003046FAF777F8402828BF40204710324613
:1071280039461AA810F0C4FB60B1206903681AA98F
:107138001B6C3A4698471F49284633B0BDE8F04FC4
:10714800FAF758B81C49284633B0BDE8F04FFAF7AB
:1071580051B800BFEE630208F86302082D64020804
:1071680037640208556402085E6402086F64020806
:10717800F77402086C640208EF93446676640208A8
:1071880092640208A1640208C3750208BA6402087E
:10719800CB640208D6640208FF6402081E65020870
:1071A800E6640208246502082A6502081A610208D2
:1071B8004B650208E06002085C650208A8490A22DB
:1071C80030461BF013FB0746002872D104F1140067
:1071D8000A36A44A00968323064684210DF050F906
:1071E80030462C2305221AA910F086FB061E59DD0D
:1071F8001A9839460DF03EFB012E834648D01B985D
:1072080039460DF037FB022E814646D01C981BF0FC
:10721800E9FA032E5FFA80FA42D01D981BF0E2FAD1
:10722800042E5FFA80F803D01E981BF0DBFA07469D
:107238008D495846F9F7FAFE002833D08B4958464D
:10724800F9F7EAFE70B3AAF10503072B2AD8A8F1CB
:107258000503032B26D886494846F9F7E7FE08B305
:1072680084494846F9F7D8FEE0B1002F1ADD2069B5
:107278000368CDE900874A461C6E59465346A04725
:107288007D4A3B464FF4807128460DF0F9F8F0E648
:10729800B846BA464FF00009CAE7B846BA46C7E743
:1072A800B846C5E77549284633B0BDE8F04FF9F749
:1072B800A1BF7349092230461BF098FA98B9E068D3
:1072C80006F10901383013F05AFC204613F089FC06
:1072D800E3686C4A38334FF48071284633B0BDE810
:1072E800F04F0DF0CDB868490B2230461BF07EFAFE
:1072F80050B920690368DB6D98476449284633B064
:10730800BDE8F04FF9F776BF6149042230461BF01B
:107318006DFA002840F03D8504365E490922304662
:107328001BF064FA28BBE3684FF07E511868F9F740
:10733800C3FB01465848F9F77BFD0646F9F7A0FE5E
:107348000446F9F76DFC01463046F9F7B3FB53499B
:10735800F9F7BAFC4FF07C51F9F7AEFBF9F790FE5C
:107368004F4A009023464FF4807128460DF088F864
:107378007FE64C49022230461BF038FA38B9E368F8
:107388001868F9F729F8484ACDE9000132E1474978
:107398000A2230461BF02AFA58B9E368444A93F89F
:1073A8007F304FF48071284633B0BDE8F04F0DF0C0
:1073B80067B840490A2230461BF018FA50B9E3680A
:1073C8003D4893F88110FFF7F7FC3C4A03460092CA
:1073D8003B4AC8E73B49072230461BF007FA40B949
:1073E800E368394893F88210FFF7E6FC374A03460A
:1073F800EDE73749042230461BF0F8F980B9E36815
:10740800344993F88020344B002A08BF0B46334A8E
:107418004FF48071284633B0BDE8F04F0DF030B816
:107428002F49122230461BF0E1F930B92D49284680
:1074380033B0BDE8F04FF9F7DDBE2B490A223046DC
:107448001BF0D4F9002851D1E368194A93F8773032
:107458004FF48071284633B0BDE8F04F0DF010B8F6
:107468006C650208776502080000164300401C4559
:107478000000E0400000FA437C65020899650208B4
:107488002B6E0208D4650208E5650208F16502085A
:1074980033750208046602080000C8420000204153
:1074A8000E660208186602081B66020822660208B1
:1074B8002D66020832660208443F02084466020844
:1074C8003D66020862660208243F0208CA7A02087A
:1074D8006A660208BB6902080F680208F85D0208BC
:1074E8006F66020882660208A6660208AB49152282
:1074F80030461BF07BF958B9E368A94A93F84F3036
:107508004FF48071284633B0BDE8F04F0CF0B8BF97
:10751800A4490F2230461BF069F960B9E368A04A14
:1075280093F84E304FF480715B00284633B0BDE8C5
:10753800F04F0CF0A5BF9C490E2230461BF056F9BF
:1075480050B9E368994A58334FF48071284633B0EC
:10755800BDE8F04F0CF094BFB8F1000F16D1944974
:10756800072230461BF042F980B9206903685B6D39
:10757800984740221AA90FF05BFB143402461AA957
:107588002046FBF701FB2346884A7BE6894904220B
:1075980030461BF02BF950B9E368844A04334FF4A2
:1075A8008071284633B0BDE8F04F0CF069BF8249BE
:1075B800062230461BF01AF980B9E3687F4993F830
:1075C8004D207F4B002A08BF0B46784A4FF4807144
:1075D800284633B0BDE8F04F0CF052BF794903227A
:1075E80030461BF003F958B9E368D3E90A23CDE91B
:1075F8000023754A4FF4807128460CF041FF38E5A6
:107608007249032230461BF0F1F818B9E368D3E950
:107618000C23ECE76E49102230461BF0E7F880B9DE
:10762800E368674993F81121644B002A08BF0B46A9
:107638005E4A4FF48071284633B0BDE8F04F0CF035
:107648001FBF64490C2230461BF0D0F880B9E368AC
:107658005B4993F81021594B002A08BF0B46534A3F
:107668004FF48071284633B0BDE8F04F0CF008BFE6
:107678005949052230461BF0B9F800283DD1E36886
:10768800986FF8F7A9FE1AAECDE90001534A102108
:1076980030460CF0F5FE2E2130461BF0B7F8B0B19D
:1076A8003046F9F7AFFD58B1431EF25C302A22D0BC
:1076B80003F1C8026A4412F8602C2E2A08BF184643
:1076C80000F1C8030DEB0300002300F8603CE368F9
:1076D80093F87520049293F87420CDE90262986CAF
:1076E800F8F77AFE3E4ACDE900014FF4807128464A
:1076F8000CF0C6FEBDE41846D5E73A4907223046E5
:107708001BF074F830B93849284633B0BDE8F04F5B
:10771800F9F770BD3549072230461BF067F8C0B944
:10772800206903689B6E9847064620690368DB6EEC
:107738009847F8F751FECDE902013046F8F74CFEBC
:107748002B4ACDE900014FF4807128460CF098FED1
:107758008FE42849102230461BF048F858B9E368EE
:107768000F4A93F87E304FF48071284633B0BDE855
:10777800F04F0CF085BE2049122230461BF036F837
:1077880000283BD1E368064A93F87D304FF48071B6
:10779800284633B0BDE8F04F0CF072BEB16602085F
:1077A8002D660208B7660208C7660208F85D020877
:1077B800D6660208C1610208DE660208BB690208D3
:1077C8000F680208E5660208E9660208F066020822
:1077D800F4660208056702086E7602085168020816
:1077E80012670208226702082A670208A0670208CF
:1077F8004A6702086B6702087C670208A5490922E4
:1078080030461AF0F3FF58B9E368A34A93F87C307E
:107818004FF48071284633B0BDE8F04F0CF030BE0D
:107828009E490E2230461AF0E1FF30B99C4928469D
:1078380033B0BDE8F04FF9F7DDBC9A491222304663
:107848001AF0D4FF10B9E368D86E9AE596490A226F
:1078580030461AF0CBFF98B92A463E2302F8023B7D
:1078680020236B70E168973111F8013F13B9137049
:10787800FFF7FFBB0A2B08BF7C2302F8013BF3E7A5
:107888008A490E2230461AF0B1FF58B9E368884A8F
:1078980093F82F314FF48071284633B0BDE8F04F8C
:1078A8000CF0EEBD83490B2230461AF09FFF18BB3F
:1078B800E36893F8313133B97F49284633B0BDE8DE
:1078C800F04FF9F797BC012B06D17C49284633B015
:1078D800BDE8F04FF9F78EBC022B06D1784928464F
:1078E80033B0BDE8F04FF9F785BC7649284633B088
:1078F800BDE8F04FF9F77EBC73493046F9F770FCE4
:1079080058B9E3686A4A93F94C304FF480712846B5
:1079180033B0BDE8F04F0CF0B3BD6C4907223046D8
:107928001AF064FFA0B96A492846F9F763FC206990
:107938000368D3F88030FE22A91C984700287FF4FA
:1079480098AB6449284633B0BDE8F04FF9F752BC0C
:107958006149042230461AF049FF38B9E368986C47
:10796800F8F73AFD5D4ACDE9000143E65C490A2291
:1079780030461AF03BFF78B955492846F9F73AFCE2
:10798800206903685B6D984720220146A81C33B024
:10799800BDE8F04FFBF7F8B85249042230461AF018
:1079A80025FF68B920690368DB6898474E4A034693
:1079B8004FF48071284633B0BDE8F04F0CF060BD3D
:1079C8004A490E2230461AF011FF78B92068036838
:1079D8002022DB6B1AA9984708B11AABD4E54449B1
:1079E800284633B0BDE8F04FF9F704BC41490E22F0
:1079F80030461AF0FBFE00282BD1206803681B696B
:107A0800984700210646F9F7F3FA30B13A49284673
:107A180033B0BDE8F04FF9F7EDBB206803681B6889
:107A28009847364B1B68044630461F88F8F7D4FC45
:107A38005CB1CDE90001CDE90247314A4FF48071CC
:107A480028460CF01DFDFFF714BBCDE900012D4AB7
:107A5800D0E52D49062230461AF0C8FE58B9E36829
:107A6800134A93F812314FF48071284633B0BDE8B9
:107A7800F04F0CF005BD25490E2230461AF0B6FE2F
:107A8800002847D12249284633B0BDE8F04FF9F71E
:107A9800B1BB00BF8F6702082D660208996702080C
:107AA800A8670208CF670208E2670208ED670208C4
:107AB800FC670208016802080D68020813680208DA
:107AC8001D6802082868020831680208346802083C
:107AD8000E5F02083C6802084A6802084F680208FC
:107AE8005668020861680208F85D020866680208BC
:107AF800756802087F6802088E6802081C3C020844
:107B0800AF680208DA680208F3680208FA6802082F
:107B180009690208B4490C2230461AF067FE58B9C0
:107B280001F042FFB14A03464FF48071284633B052
:107B3800BDE8F04F0CF0A4BCAD49092230461AF05C
:107B480055FE58B9E368A94A93F91F314FF480717B
:107B5800284633B0BDE8F04F0CF092BCA549082286
:107B680030461AF043FE50B93E232B70FE212023E5
:107B7800A81C6B7033B0BDE8F04FFCF73BB89E49CA
:107B8800082230461AF032FE98B910F003FE034678
:107B980030B99A49284633B0BDE8F04FF9F72ABB07
:107BA800974A4FF48071284633B0BDE8F04F0CF087
:107BB80067BC94490B2230461AF018FE68B9206950
:107BC80003685B6F98478E4A03464FF480712846D6
:107BD80033B0BDE8F04F0CF053BC8B490E22304651
:107BE8001AF004FE58B9E368854A93F818314FF43F
:107BF8008071284633B0BDE8F04F0CF041BC834992
:107C0800092230461AF0F2FD70B9B8F1000F804928
:107C1800284614BFA1264FF48076F9F7EBFA2069BD
:107C28000368B21EDB6F87E67A49082230461AF0ED
:107C3800DDFD80B9E368784993F81621774B002A6F
:107C480008BF0B46764A4FF48071284633B0BDE82A
:107C5800F04F0CF015BC73490A2230461AF0C6FDE5
:107C680058B9E368614A93F917314FF4807128468F
:107C780033B0BDE8F04F0CF003BC6B490B22304623
:107C88001AF0B4FD98B9E36893F8193133B9674924
:107C9800284633B0BDE8F04FF9F7ACBA584A4FF46C
:107CA8008071284633B0BDE8F04F0CF0E9BB60495D
:107CB8003046F9F795FA30B95E49284633B0BDE841
:107CC800F04FF9F797BA5C49082230461AF08EFD52
:107CD80000284FD059490C2230461AF087FD002859
:107CE8004DD120690368D3F88C30984706460028A0
:107CF8003FF427AE60680368B8F1000F1B6814BF33
:107D08004FF0A1084FF480789847074612F0ECFE30
:107D1800E36893F81521003A18BF01220192002365
:107D28004FF47A72F9F7F2F93B4600904246294639
:107D38003046FCF73BFAFFF79CB9414A4149002E0F
:107D480018BF424638460CF0C5FB0136032E0744DF
:107D58003FF48FA9E368334493F81A31002BECD130
:107D6800002E7FF486A93849284633B0BDE8F04F85
:107D7800F9F740BADFF8D4802F460646EAE7344AD6
:107D880033464FF48071284633B0BDE8F04F0CF00D
:107D980077BB3049042230461AF028FD002841F00C
:107DA8001383371D2C490A2238461AF01FFD002874
:107DB80040F09A80FFF70EF84FF07E510068F8F710
:107DC8007BFE01462548F9F733F81AAA014606F161
:107DD8000E0012F091FE002844D12149284633B004
:107DE800BDE8F04FF9F706BA2D690208FC670208EA
:107DF8003A690208446902084D690208566902088E
:107E08002D6602086669020872690208816902081B
:107E18000E5F02088B6902080F680208BB69020836
:107E2800F85D0208946902089F690208AB690208B4
:107E3800B5690208B9690208BE690208E36902085F
:107E4800CA7A0208C7690208CC690208BD63020839
:107E5800F06902083F750208F76902080000C84285
:107E6800026A02081A9E4FF07E513046F9F7CAF8A6
:107E780020B9B3493046F9F7E3F830B1B14928469B
:107E880033B0BDE8F04FF9F7B5B93146AC48E7680B
:107E9800F8F7CEFF4FF07E51F8F70CFE3860204619
:107EA80012F09FFEE3684FF07E511868F8F704FE61
:107EB8000146A348F8F7BCFF0646F9F7E1F804467F
:107EC800F8F7AEFE01463046F8F7F4FD9E49F8F79C
:107ED800FBFE4FF07C51F8F7EFFDF9F7D1F89B4A1C
:107EE80000902346FFF73FBA9949032238461AF013
:107EF8007DFCD8B9FEF76EFF1AAA0168F01D12F0D2
:107F0800FBFD30B99349284633B0BDE8F04FF9F787
:107F180071B9E3681A9A1A60204612F062FE8E4917
:107F2800284633B0BDE8F04FF9F764B98B490B2206
:107F380038461AF05BFC68BB20690368DB68984721
:107F48008749F9F74DF930B98649284633B0BDE875
:107F5800F04FF9F74FB9FEF73DFF1AAA90F87F10D6
:107F680006F10F0012F0EBFD30B97A49284633B01C
:107F7800BDE8F04FF9F73EB9E3681A9A83F87F2015
:107F8800204612F02EFE7449284633B0BDE8F04F63
:107F9800F9F730B974490B2238461AF027FC20BB90
:107FA800FEF718FF06F10F0190F881206F4812F0D4
:107FB800FDFD431C06D16E49284633B0BDE8F04F9D
:107FC800F9F718B9E368C0B283F88100FCF7DAFA68
:107FD800204612F006FE674B674A4FF48071284628
:107FE80033B0BDE8F04F0CF04BBA6449082238466C
:107FF8001AF0FCFB20BBFEF7EDFE06F10C0190F831
:1080080082205F4812F0D2FD471C06D15D49284600
:1080180033B0BDE8F04FF9F7EDB8E368C0B283F8C4
:108028008200FCF7C7FA204612F0DBFD564B524A95
:108038004FF48071284633B0BDE8F04F0CF020BAF9
:108048005249052238461AF0D1FB58BBFEF7C2FE4A
:1080580090F88010B1FA81F106F109004909FEF79C
:108068007FFE461C06D14A49284633B0BDE8F04F8A
:10807800F9F7C0B8E368B0FA80F0400983F88000E7
:10808800E36893F88000003818BF0120FCF768FA0D
:10809800204612F0A6FD3049284633B0BDE8F04F1F
:1080A800F9F7A8B83B49132238461AF09FFB002875
:1080B8003FF4BCA93849092238461AF097FBD8B9C9
:1080C800FEF788FE90F8161106F10D00FEF748FE3F
:1080D800411CC8D0E36883F8160120690368D3F807
:1080E80084309847204612F07CFD1B49284633B05F
:1080F800BDE8F04FF9F77EB828490B2238461AF048
:1081080075FB002862D1FEF765FE1AAA90F91711CF
:1081180006F10F0012F013FD30B90C2300936FF035
:1081280007031F4AFFF71FB91A9B03F10802142A15
:108138003AD90C2300936FF007031A4AFFF713B9D3
:108148000000C8422D6A0208000020414C6A02085B
:10815800596A02085D6A0208E0600208816A02083A
:10816800A56A02088D6A0208AF6A0208443F02083D
:10817800BB6A020844660208E66A0208EB6A02085B
:10818800243F0208F46A0208CA7A0208236B02082C
:10819800296B02084B6B02085F6B0208696B0208C7
:1081A800756B0208976B0208E26882F8173120693C
:1081B8000368D3F884309847204612F012FDB4497A
:1081C800284633B0BDE8F04FF9F714B8B1490F228B
:1081D80038461AF00BFB78BBFEF7FCFD1AAA90F89C
:1081E800181106F1130012F0AAFC30B9AA49284662
:1081F80033B0BDE8F04FF8F7FDBF1A9B53B1A3F1B8
:108208000A02F52A06D9A549284633B0BDE8F04F39
:10821800F8F7F0BFE26882F8183120690368D3F8EC
:1082280084309847204612F0DCFC9949284633B040
:10823800BDE8F04FF8F7DEBF99490C2238461AF02E
:10824800D5FA78BBFEF7C6FD1AAA90F8191106F1FF
:10825800100012F074FC30B99249284633B0BDE8DA
:10826800F04FF8F7C7BF1A9B53B1A3F10A02502A7F
:1082780006D98D49284633B0BDE8F04FF8F7BABFA4
:10828800E26882F8193120690368D3F88430984786
:10829800204612F0A6FC7E49284633B0BDE8F04FD0
:1082A800F8F7A8BF8149092238461AF09FFA814693
:1082B80010BBFEF78FFDE36890F9172183F81721AB
:1082C800E36883F8209120690368D3F888309847D9
:1082D80020690368D3F884309847204612F081FC5F
:1082E800E368734A93F917314FF48071284633B025
:1082F800BDE8F04F0CF0C4B86E49092238461AF0B0
:1083080075FA8146002866D1002306F10D011AA8E6
:10831800ADF824308DF8263012F03EFC20230422DC
:108328000AA90FF0E9FA0128064632D10A9F6249E4
:108338003846F8F755FF064630B160493846F8F731
:108348004FFF061E18BF01260DF124080AAFC346C9
:108358004FF0000AB24525DB20690368F2B29B6B37
:1083680009A9984780B3E2680023A2F81A3182F875
:108378001C31B1451FDB204612F033FC504B5149EC
:108388002846002E08BF194633B0BDE8F04FF8F76D
:1083980031BF0328D8DD4C49032228460CF09AF84F
:1083A800FEF767BE57F8040B1AF01CFA0AF1010A27
:1083B8000BF8010BCEE7E36818F8012B4B4409F1E1
:1083C800010983F81A21D4E74049284633B0BDE8AB
:1083D800F04FF8F70FBF3E490B2238461AF006FA5D
:1083E80000BBFEF7F7FC1AAA90F8771006F10F0009
:1083F80012F0A5FB10B11A9B012B06D93549284666
:1084080033B0BDE8F04FF8F7F5BEE268204682F8D1
:10841800773012F0E6FB1E49284633B0BDE8F04F2E
:10842800F8F7E8BE2C49162238461AF0DFF900287A
:1084380058D1FEF7CFFC1AAA90F84F1006F11A008F
:1084480012F07DFB30B92549284633B0BDE8F04F1E
:10845800F8F7D0BE1A9B5A1E012A01D9A82B06DDAF
:108468001F49284633B0BDE8F04FF8F7C3BEE268AD
:1084780082F84F3020690368DB699847204612F07C
:10848800B0FB0349284633B0BDE8F04FF8F7B2BE59
:10849800E0600208B56B0208C56B0208046C0208AC
:1084A800396C0208466C02087B6C0208A66C02084C
:1084B800B06C0208E96C0208477002080F680208ED
:1084C800D2630208BF630208F36C02080F6D02084A
:1084D8003D6D0208496D0208686D02087F6D02084B
:1084E800AA6D02087849102238461AF07FF9002848
:1084F80038D1FEF76FFC90F84E101AAA490006F121
:10850800140012F01CFB48B9704A3C234FF48071E8
:10851800284633B0BDE8F04F0BF0B2BF1A9B5A1E85
:108528003A2A01D9F02B09DD694A3C234FF48071BE
:10853800284633B0BDE8F04F0BF0A2BFE26803EB6A
:10854800D3735B1082F84E30206903689B699847A3
:10855800204612F046FB5F49284633B0BDE8F04F8D
:10856800F8F748BE5C490F2238461AF03FF978B947
:10857800E06806F11301583012F001FB204612F0B2
:1085880030FB5449284633B0BDE8F04FF8F732BE07
:108598005249082238461AF029F958BB06F10C024C
:1085A80040210AA80FF084F930B94D49284633B064
:1085B800BDE8F04FF8F71EBE0AA8F9F72BFD002812
:1085C800F3D01AA80EF0E2FA40220AA91AA80EF06F
:1085D80005FB206903681AA99B6D984741492846FD
:1085E800F8F708FE20221AA905F12100FAF7CCFABB
:1085F800FEF73FBD3C49052238461AF0F7F860BB44
:1086080006F1080111F8013F7BB9E06806F109019C
:10861800043012F0C1FA204612F0E3FA2D49284638
:1086280033B0BDE8F04FF8F7E5BD3A2B0FD8292B4A
:10863800E8D92E4A2A3BDBB222FA03F3DA07E1D55E
:108648002B49284633B0BDE8F04FF8F7D3BD3F2B90
:10865800F6D05B3B022BF3D9D4E7264907223846EC
:108668001AF0C4F8002851D10B36234902223046AB
:108678001AF0BCF860B9E36883F84D00204612F0A0
:10868800B0FA1E49284633B0BDE8F04FF8F7B2BD3E
:108698001B49032230461AF0A9F868B9E368012299
:1086A800204683F84D2012F09CFA1649284633B02C
:1086B800BDE8F04FF8F79EBD1349284633B0BDE832
:1086C800F04FF8F797BD00BF6E6D0208CF6D020836
:1086D800FD6D0208E0600208256E0208356E02088A
:1086E8003E6E02084D6E02086F6E0208050001001A
:1086F8008F760208756E0208BB6902087D6E020853
:108708000F680208936E0208AA6E0208B049062292
:1087180038461AF06BF8002840F0978004F11400EE
:108728000A36AC4A00968323064684210BF0A8FE3D
:1087380030462C2304221AA90FF0DEF80128064639
:108748005CD11A98FEF7F6FA002859D0FEF742FBDA
:10875800D0F84890FEF73EFBD0F87880FEF73AFB59
:1087680090F87470FEF736FB90F875609A494846A1
:10877800F8F75CFC002861D098494846F8F74CFCAB
:1087880000285BD07B1F072B58D8731F032B55D8A5
:1087980093494046F8F74AFC00284FD09149404693
:1087A800F8F73AFC002849D0E268D2F848A0C2F8A5
:1087B8004890D2F878B092F8743092F87510E26860
:1087C8000793C2F87880E268069182F87470E268CC
:1087D80082F87560206902681268904720690699D6
:1087E80002680091546E079B51465A46A0477E493D
:1087F800284633B0BDE8F04FF8F7FCBC00281DDD73
:108808001A9800210CF036F8012E814611D01B98D9
:1088180000210CF02FF8022E80460CD01C9819F07D
:10882800E1FF032EC7B207D01D9819F0DBFFC6B2CF
:108838009CE74FF000080027002697E76B49284679
:1088480033B0BDE8F04FF8F7D5BC69490422384683
:1088580019F0CCFFC8B908363046FEF76BFA80B17C
:10886800FEF7B8FAD0E90A01E368C3E90A0120462D
:1088780012F0B7F95F49284633B0BDE8F04FF8F772
:10888800B9BC304619F0ABFFEEE75B490422384625
:1088980019F0ACFFC8B908363046FEF74BFA80B17C
:1088A800FEF798FAD0E90C01E368C3E90C01204609
:1088B80012F097F94F49284633B0BDE8F04FF8F762
:1088C80099BC304619F08BFFEEE74C490822384630
:1088D80019F08CFFC8B90C363046FEF72BFA70B188
:1088E800FEF778FA006DE3681865204612F079F90A
:1088F8004349284633B0BDE8F04FF8F77BBC304613
:1089080019F06DFFF8F782F8EDE73E49082238467E
:1089180019F06CFFC8B90C363046FEF70BFA70B187
:10892800FEF758FA406DE3685865204612F059F989
:108938003549284633B0BDE8F04FF8F75BBC304600
:1089480019F04DFFF8F762F8EDE730491122384683
:1089580019F04CFF00BBFEF73DFA1AAA90F87E10FA
:1089680006F1150012F0EBF810B11A9B402B06D94E
:108978002749284633B0BDE8F04FF8F73BBCE2681A
:10898800204682F87E3012F02CF91A49284633B076
:10899800BDE8F04FF8F72EBC1E491322384619F0EF
:1089A80025FF002845D1FEF715FA1AAA90F87D1080
:1089B80006F1170012F0C3F810B11A9B402B2BD9FF
:1089C8001349284633B0BDE8F04FF8F713BC00BF91
:1089D800B46A0208776502080000164300401C4587
:1089E8000000E0400000FA43C36E0208D86E020897
:1089F800146F0208E0600208196F02081E6F02086F
:108A0800276F0208C96F02084D6F0208736F0208CA
:108A1800856F0208A36F0208E268204682F87D305D
:108A280012F0DFF8B049284633B0BDE8F04FF8F748
:108A3800E1BBAE490A22384619F0D8FE00BBFEF762
:108A4800C9F91AAA90F87C1006F10E0012F077F80E
:108A580010B11A9B402B06D9A549284633B0BDE86A
:108A6800F04FF8F7C7BBE268204682F87C3012F076
:108A7800B8F89D49284633B0BDE8F04FF8F7BABBBF
:108A88009C490F22384619F0B1FEC8B91336304652
:108A9800FEF750F970B1FEF79DF9806EE3689866AD
:108AA800204612F09EF89449284633B0BDE8F04FAE
:108AB800F8F7A0BB304619F092FEF7F7A7FFEDE7ED
:108AC8008E491322384619F091FE00283BD12069BF
:108AD8000368DB6898478A49F8F782FB00283FF467
:108AE80033AA88491AAA06F1170012F005F830B916
:108AF8008549284633B0BDE8F04FF8F77BBB1A9E8E
:108B080000213046F8F792FAB0B14FF08041304674
:108B1800F8F782FA80B1E368DE66206903683146B7
:108B28001B6F9847204612F05CF86F49284633B00F
:108B3800BDE8F04FF8F75EBB7449284633B0BDE88E
:108B4800F04FF8F757BB72490B22384619F04EFE22
:108B5800E0B9E3680E36983316F8011F21B1E268D0
:108B680098329A1A762A0BDD002220461A7012F0E3
:108B780038F85D49284633B0BDE8F04FF8F73ABBFE
:108B88007C2908BF0A2103F8011BE5E761490F2288
:108B9800384619F02BFE00BBFEF71CF91AAA90F80C
:108BA8002F1106F1130011F0CAFF10B11A9B022B06
:108BB80006D95949284633B0BDE8F04FF8F71ABB33
:108BC800E268204682F82F3112F00BF84649284611
:108BD80033B0BDE8F04FF8F70DBB50490C223846CA
:108BE80019F004FE002847D120690368DB6898471C
:108BF8004349F8F7F5FA00283FF4A6A91036484982
:108C08000322304619F0F2FDE0B14649072230460A
:108C180019F0ECFD50B344490822304619F0E6FD3E
:108C280030B342490622304619F0E0FD10B3304611
:108C3800FEF780F898B1FEF7CDF890F83101FF28DB
:108C48003EF417AAE36883F83101204611F0C9FF02
:108C58002549284633B0BDE8F04FF8F7CBBA344978
:108C6800284633B0BDE8F04FF8F7C4BA0120E9E769
:108C78000220E7E70320E5E72E490322384619F0EA
:108C8800B5FD00285CD1FEF7A5F81AAA90F94C109A
:108C9800F01D11F054FFE8B11A9B03F109021F2AD5
:108CA80018D8E268204682F84C3011F09AFFD4E9CF
:108CB8000320036892F94C10DB6A9847E3681E4A60
:108CC80093F94C304FF48071284633B0BDE8F04F2B
:108CD8000BF0D6BB194A16234FF48071284633B0DF
:108CE800BDE8F04F0BF0CCBBE0600208B76F02089C
:108CF800856F0208C26F0208D26F0208FF6F020870
:108D0800A56A0208CDCC4C3E1370020834700208E4
:108D180049700208557002086570020887700208D9
:108D28000F680208156802081F6802082A68020806
:108D380094700208CF700208D3700208E870020825
:108D4800B8F1000F3AD1A1490522384619F04EFD75
:108D5800002833D1FEF73EF81AAA816C06F1090003
:108D680011F0CAFE50B11A9E99493046F8F75EF9DB
:108D780020B198493046F8F74FF930B99649284656
:108D880033B0BDE8F04FF8F735BAE36820469F6C7A
:108D98009E6411F026FFD4E90320016892F875401B
:108DA80092F8743000944C6E926F3946A0478B4904
:108DB800284633B0BDE8F04FF8F71CBA8849384662
:108DC800F8F70EFA30B98749284633B0BDE8F04FB6
:108DD800F8F710BA84491622384619F007FD00281A
:108DE8005FD106F11A0019F0FDFC06461FFA80F95A
:108DF800206803681B689847074630B97B492846AE
:108E080033B0BDE8F04FF8F7F5B9A9F6B833B3F5C4
:108E1800AF6F06D97649284633B0BDE8F04FF8F76A
:108E2800E9B9206803681B69984780464846F7F700
:108E3800F3FE4146F7F748FF81463846F7F7ECFE60
:108E480001464846F7F7F4FFE368C3F89400814603
:108E5800206803684946DB689847B8B1204611F096
:108E6800C0FEB6B24846CDE90476F7F7B5FACDE9C3
:108E780002014046F7F7B0FA5E4ACDE900014FF427
:108E8800807128460BF0FCFAFEF7F3B8E3685A49FC
:108E980000222846C3F8942033B0BDE8F04FF8F715
:108EA800A9B956491322384619F0A0FC00283ED12A
:108EB800206803681B689847074600289ED0504BD7
:108EC80020681B68B3F8008003681B6998478146CF
:108ED8004046F7F7A1FE4946F7F7F6FE064638463C
:108EE800F7F79AFE01463046F7F7A2FFE368C3F8A2
:108EF80094000646206803683146DB68984758B1F5
:108F0800204611F06EFE3046CDE90478F7F764FA92
:108F1800CDE902014846ADE7E36837490022284613
:108F2800C3F8942033B0BDE8F04FF8F763B935497A
:108F38000F22384619F05AFC00286FD1FDF74AFF76
:108F48001AAAD0F8941006F1130011F0D5FD78B1E3
:108F58001A9E00213046F8F74BF880B92A49304666
:108F6800F8F750F820B929493046F8F769F830B1D0
:108F78002749284633B0BDE8F04FF8F73BB92068D9
:108F880003683146DB689847C8B1E3682046C3F8F0
:108F9800946011F026FE00213046F8F729F830B128
:108FA8001C49284633B0BDE8F04FF8F723B93046DE
:108FB800F7F712FA184ACDE90001FEF71BBB0E4974
:108FC800284633B0BDE8F04FF8F714B90E7102081F
:108FD8000000164300401C4514710208C36E0208C5
:108FE8003A710208507102088D710208A4710208D2
:108FF800C8710208F27102088E6802081E7202081F
:109008001C3C0208327202080000C8420060EA46AE
:109018004272020880720208A4720208B64911223C
:10902800384619F0E3FB88BBFDF7D4FE90F8111120
:1090380006F11500FDF794FE012806461FD8E368DF
:1090480083F81101204611F0CCFD2069036806F071
:1090580001015B6B984758B1E368A84A93F811314E
:109068004FF48071284633B0BDE8F04F0BF008BAD2
:10907800A349284633B0BDE8F04FF8F7BBB8A1497B
:10908800284633B0BDE8F04FF8F7B4B89E490D2232
:10909800384619F0ABFB20BBFDF79CFE90F8101189
:1090A80006F11100FDF75CFE01280646E7D8E368E3
:1090B80083F81001204611F094FD2069036806F03A
:1090C80001011B6B98470028D2D0E3688F4A93F8B8
:1090D80010314FF48071284633B0BDE8F04F0BF0E3
:1090E800CFB98B490722384619F080FBD8B9FDF76C
:1090F80071FE90F8121106F10B00FDF731FE012800
:10910800BDD8E36883F81201204611F06AFDE368D0
:10911800804A93F812314FF48071284633B0BDE885
:10912800F04F0BF0ADB97C490F22384619F05EFBC1
:1091380080B9FDF74FFE90F81D1106F11300FDF7F9
:109148000FFE01289BD87549284633B0BDE8F04F7B
:10915800F8F750B872490D22384619F047FBF0B9B4
:10916800FDF738FE90F81E1106F11100FDF7F8FD25
:109178000128064683D800F0010000F00FFCE368E0
:10918800204683F81E6111F02CFD664A33464FF4E1
:109198008071284633B0BDE8F04F0BF071B96249D1
:1091A8000A22384619F022FB50BBFDF713FE1AAA13
:1091B80090F91F1106F10E0011F0C1FC28B90E2319
:1091C80000936FF00B03FEF7ACBF1A9E06F10C0379
:1091D8001A2B05D90E2300936FF00B03FEF7ADBFD2
:1091E800E368204683F81F6111F0FBFC4F4A3346C1
:1091F8004FF48071284633B0BDE8F04F0BF040B90A
:109208004B490822384619F0F1FA014608BB06F125
:109218000C00FDF7A5FD0128044613D800F0010055
:10922800FAF7E2FC012C06D14249284633B0BDE8E2
:10923800F04FF7F7DFBF4049284633B0BDE8F04F9D
:10924800F7F7D8BF3D49284633B0BDE8F04FF7F7E8
:10925800D1BF3B490822384619F0C8FA00287BD10B
:109268000C36374616F8013B202BFAD083B3354924
:109278003846F7F7B5FFE8B920690368D3F8A43092
:1092880098470646304B9E4229D8731E082B98BF34
:109298000A26E3683046C3F888600FF07EFA204655
:1092A80011F09FFCEEB92949284633B0BDE8F04FCC
:1092B800F7F7A0BF00230A221AA938461A930BF021
:1092C800C7FC1A9BBB42064602D01B78002BD9D09C
:1092D8001F49284633B0BDE8F04FF7F78BBF1E464D
:1092E800D7E71C4A33464FF48071284633B0BDE8AF
:1092F800F04F0BF0C5B800BFC0720208D272020866
:10930800EB720208FE7202081E7302082C73020830
:1093180041730208497302086A7302087A730208E3
:109328008C7302089A730208AF730208BA730208B2
:1093380044690208CC7302080F74020821740208F9
:109348004D6902082C700208803A09007B740208F3
:109358004274020897740208A9490D22384619F088
:1093680045FA38BBFDF736FD90F8151106F11100E6
:10937800FDF7F6FC064620690368D3F88C30984759
:1093880000283EF4DEAA731C3EF46DAEE368204666
:1093980083F8156111F025FC9A4A9B4B002E08BFF3
:1093A80013469A4A4FF48071284633B0BDE8F04F0F
:1093B8000BF066B8964A3B464FF48071284633B0A6
:1093C800BDE8F04F0BF05CB8B8F1000F1BD1914924
:1093D8003046F7F705FFB0B9206903681B6998475D
:1093E80050B18D492846F7F705FF0121204633B0D3
:1093F800BDE8F04F11F035BC8849284633B0BDE8C8
:10940800F04FF7F7F7BE86490322304619F0EEF918
:1094180068B9206903685B6898470646206903684D
:109428009B6898477F4A00903346FDF79CBF7E496A
:109438000522304619F0DAF968B9206803685B69D3
:1094480098477A4A03464FF48071284633B0BDE8FE
:10945800F04F0BF015B876490B22304619F0C6F9D3
:10946800C0B92069036806F10B01D3F8B4309847F6
:10947800034640B16F4A4FF48071284633B0BDE8C7
:10948800F04F0AF0FDBF6C49284633B0BDE8F04FF5
:10949800F7F7B0BE69490B22304619F0A7F960BB4F
:1094A80004F114000B36664A00968323842106468D
:1094B8000AF0E6FF202302221AA930460EF01CFA11
:1094C800002810DD01281A990ED01B9A206903681C
:1094D800D3F8B830984748B15A49284633B0BDE860
:1094E800F04FF7F787BE5849534AEFE757492846E0
:1094F80033B0BDE8F04FF7F77DBE55490B22304633
:1095080019F074F90746002857D120690368D3F881
:10951800A830984780463046F7F774FE0B280DD9D7
:1095280006F10C0011F0CBFA0646464508DB49491E
:10953800284633B0BDE8F04FF7F75CBE3E46F4E787
:10954800454A43464FF4807128460AF099FF284659
:10955800F7F758FE2F18A7EB0509B9F1850F0BDDB2
:10956800B04525DD3D4A3346C9F58071384633B0EC
:10957800BDE8F04F0AF084BF206903683146D3F88C
:10958800AC3098478246206903683146D3F8B0303A
:109598009847334A00905346C9F5807138460AF017
:1095A8006FFF3846F7F72EFE0136B0450744D2D193
:1095B800002307F8013CFDF75CBD2A490622304626
:1095C80019F014F9002851D1206903680121D3F852
:1095D8009830984768B1E3680122204683F88420D0
:1095E80011F0FFFA1749284633B0BDE8F04FF7F7F6
:1095F80001BE1D49284633B0BDE8F04FF7F7FABD64
:10960800AA7402080F680208BB690208B874020845
:10961800CD7402083B760208E47402080675020855
:10962800716802081D7502085F5D0208C3600208C0
:109638002C750208F85D0208E9630208387502080B
:10964800776502088B5D0208CA7A02084475020829
:109658005A7502086675020874750208847502084E
:109668007D7502089075020897750208A8490722B7
:10967800304619F0BBF80746A0B920690368394697
:10968800D3F8983098470028B3D0E368204683F889
:10969800847011F0A6FA9F49284633B0BDE8F04F10
:1096A800F7F7A8BD9C490A22304619F09FF8C8B9B7
:1096B800D4E903600368D3F890309847C6E90A01F3
:1096C800D4E903600368D3F894309847C6E90C01DD
:1096D800204611F086FA8F49284633B0BDE8F04F8E
:1096E800F7F788BD8D490A22304619F07FF800281F
:1096F8006BD13046F7F786FD0A2823D1E36893F843
:109708008C30012B10D0022B07D0A3B984492846EE
:1097180033B0BDE8F04FF7F76DBD8249284633B046
:10972800BDE8F04FF7F766BD7F49284633B0BDE87E
:10973800F04FF7F75FBD7D49284633B0BDE8F04FDD
:10974800F7F758BD0B367A490422304619F04EF81F
:1097580060B9E36883F88C00204611F042FA6D493D
:10976800284633B0BDE8F04FF7F744BD71490522EC
:10977800304619F03BF868B9E3680122204683F8BF
:109788008C2011F02EFA6349284633B0BDE8F04F1B
:10979800F7F730BD68490522304619F027F868B94F
:1097A800E3680222204683F88C2011F01AFA5949FE
:1097B800284633B0BDE8F04FF7F71CBD5B49284693
:1097C80033B0BDE8F04FF7F715BD5C4903223046CA
:1097D80019F00CF840B920690368D3F8A03029467D
:1097E80033B0BDE8F04F184755490B22304618F002
:1097F800FDFF30B95349284633B0BDE8F04FF7F7BD
:10980800F9BC51490922304618F0F0FF58B92069CF
:10981800036801211B6A98474C49284633B0BDE8C4
:10982800F04FF7F7E7BC4A490822304618F0DEFF48
:10983800014650B9206903681B6A9847454928467C
:1098480033B0BDE8F04FF7F7D5BC4349092230469D
:1098580018F0CCFF50B9206903685B6A98473F4904
:10986800284633B0BDE8F04FF7F7C4BCB8F1000F95
:1098780046D13B490322304618F0B8FF50B9206959
:1098880003689B6A98473749284633B0BDE8F04FCC
:10989800F7F7B0BC34490D22304618F0A7FF58B985
:1098A800737B13F0DF0F07D1206903681B6D29460E
:1098B80033B0BDE8F04F18472C490B22304618F05A
:1098C80095FF58B9F37A13F0DF0F07D120690368C1
:1098D800DB6C294633B0BDE8F04F184724490A220B
:1098E800304618F083FF58B9B37A13F0DF0F07D169
:1098F800206903689B6C294633B0BDE8F04F1847D0
:109908001C49284633B0BDE8F04FF7F773BC00BFD9
:10991800AC7502088B5D0208B4750208BF750208B1
:10992800CA750208D1750208D9750208E1750208DE
:10993800CC750208DB750208D3750208E7750208C2
:10994800EB750208F7750208077602081176020817
:109958001F76020828760208377602084176020840
:109968004F760208537602085A760208687602088B
:10997800747602087F760208074B1A691268920605
:1099880048BF80F0010020B19B68DB6802482021B5
:1099980018479B681B69F9E724300208014B1870C7
:1099A800704700BF817F0020014B1878704700BFC7
:1099B800817F0020094B1B787BB1A0F16703052B41
:1099C8000BD8DFE803F0030A05070A096C20704783
:1099D8006A2070476920704767207047817F0020A0
:1099E80010B5FAF7F5FD08B9FFF7C6FF00F08EF9D4
:1099F8000446FAF7D5FD01280DD0002C14BFC82362
:109A08001423C3F57A630A22BDE810400348A3FB78
:109A1800022307F047B81423F3E700BF904400205F
:109A280070B500F073F90446FAF7BAFD012813D0AF
:109A3800002C14BFC8251425FAF786FD80B9FAF75B
:109A4800AFFD02280AD003280AD0FAF7C1FD38B9B9
:109A58000120FFF791FF03E01425EDE7002CF4D176
:109A68000A23A5FB03230248BDE8704007F01AB893
:109A78006044002010B5104C204615F06DFFC8B1A9
:109A88002269A168136843F0200313600B680B4A2E
:109A98000521204698470A490A4816F082F90A48DB
:109AA8000A4916F07EF9BDE8104006480022002356
:109AB80006F0F8BF10BD00BF2430020801000A00FC
:109AC800299A00089044002060440020E999000881
:109AD80010B568B1FAF738FD50B90B4815F03CFFDE
:109AE80088B1BDE8104009480022002306F0DABF1B
:109AF800064816F064F9064816F061F9BDE810400A
:109B08000020FFF739BF10BD243002089044002020
:109B18006044002010B5044610485CB116F04FF9B7
:109B28000F4816F04CF90020FFF726FF204600F0FA
:109B3800F3F810BD16F041F90028F7D1084816F0DF
:109B48003CF90028F2D1074815F006FF0028EDD0AF
:109B580000220023014806F0A5FFE7E79044002013
:109B68006044002024300208014B1860704700BF91
:109B7800BC520020014B00221A707047827F0020DF
:109B880010B54379012B044618D1C088FFF712FF9E
:109B98002228A46809D10EF0F7FD78B1201E18BF5D
:109BA8000120BDE8104011F080B83CB1194C237871
:109BB8002BB1194816F003F90023237010BD2E2885
:109BC80019D007D8122820D02128F7D111F061F830
:109BD80011F07BFA302801D07428F6E70F4B93F880
:109BE800E54084F00104204611F051F82046BDE814
:109BF8001040FAF73DBE0EF0C7FD0028DED00EF08B
:109C0800C5FD80F00100C0B2CBE7BDE8104011F0FF
:109C18004AB800BF827F0020F0440020C0520020D4
:109C280008B50949094816F0BCF80949094816F069
:109C3800B8F80949094816F0B4F8FFF71BFF084BB4
:109C480001221A70002008BDB7AC01082045002089
:109C58007D9B0008F0440020B9AC0108C0440020F6
:109C6800837F002010B5094C84F8AC309DF908308A
:109C780084F8AD30BDF90C30C4F8A40084F8A810FD
:109C8800A4F8AA20A4F8AE3010BD00BFC05200202E
:109C980010B5094C84F8B5309DF8083084F8B63012
:109CA8009DF80C3084F8B000A4F8B21084F8B42001
:109CB80084F8B73010BD00BFC0520020024BC3E982
:109CC8002E01C3F8C0207047C0520020014B1883F2
:109CD80099767047C0520020014BD86100F034B823
:109CE800C052002008B5014630B11722034818F0C9
:109CF800BDFD024A0023D37508BD00BFC052002035
:109D0800014B83F8C5007047C0520020014B588CA6
:109D1800704700BFC0520020014B83F8E500704730
:109D2800C052002008B5064B187016F00CFA002334
:109D38000A22F7F73BFA034BC3E9000108BD00BF4D
:109D4800847F00205045002038B50EF027FD0446DA
:109D5800C8B90E4D2B7813F0FB0F01D1042038BD84
:109D680016F0F1F90A220023F7F720FA084AD2E997
:109D78000032C01A074B61EB0201834274EB010108
:109D8800ECDB2878EBE70120E9E700BF847F0020BF
:109D980050450020002E9302014B1B68184700BF56
:109DA80080000020014B1860704700BF8000002031
:109DB80030B5044685B00D4610220021684618F0DB
:109DC80006FD02238DF802302A46044B01932146F2
:109DD80068460BF033F805B030BD00BFA19D000800
:109DE80080B505460E461746984607F02BF90346F8
:109DF80000F096FCDFF81890044649F80030424617
:109E080030463946A84754F8090000F023FC00BF43
:109E18000800000008B50446EFF31183102383F30C
:109E28001288BFF36F8F14F0F8FC204600F032FB65
:109E3800024811F03DF911F01EFBFCE7C676020856
:109E4800034A536823F0020353600020704700BFA1
:109E5800002004E0014911F065BA00BF699E0008BE
:109E68000B464168012B01F10C0107D00BD9023BCD
:109E7800012B8CBF6FF08500002070470548836870
:109E88001B6823B11847034883685B68F9E76FF0DC
:109E980057007047A42F0208192810B502D90024CA
:109EA800204610BD044B53F82040204615F054FDC1
:109EB8000028F5D1F3E700BFB43F020872B6094B9A
:109EC8001A6942F004021A611A6922F010021A6132
:109ED80040BF20BF20BF00BF00BF30BF00BF00BFD2
:109EE800F6E700BF00ED00E0084B1A6842F4007284
:109EF8001A601A6842F480621A601A6842F4807222
:109F08001A60034B034A1A60704700BF00400058AC
:109F1800B804002000093D0008B5044B07229A61E7
:109F28001A6842F007021A60FFF7C8FF00040058D9
:109F3800014B0360002070471C40020870B5104BAD
:109F48001C680D46B4B10F4B196800238B4202DB25
:109F58006FF0010070BD224612F8106B864202D0E5
:109F680001331446F2E7E06815F0F6FC28B12C60DE
:109F78000020EFE76FF00C00ECE76FF01200E9E764
:109F8800C40000201C40020808B50348034A002109
:109F9800121A11F048FA08BD000600208C7F002034
:109FA8000748084A084908B5121A11F03EFA074846
:109FB800074A0849BDE80840121A11F036BA00BF2E
:109FC8000000002000060020188002080000002081
:109FD800000000201880020838B505460C4699B1E3
:109FE800D1E901230F48096811F062F8D4E9042384
:109FF800E1680D4811F05CF8E1690C4811F058F877
:10A00800A1690B4811F054F8012D05D1EFF3058132
:10A018000848103911F04CF821462846BDE8384068
:10A0280005F0C8BF27770208577702088777020824
:10A0380097770208C677020830BFFFF7FDBF00BF59
:10A048002DE9F0410B4EDFF8308006EB0807CC1BFA
:10A05800054632460949204618F0ABFBA01942468E
:10A068000021083C18F0B3FBEC6707F10800BDE8D5
:10A07800F08100BF000000002C000000243402081A
:10A088002DE9F8432B4D80462B481746894611F099
:10A098000FF8AB6ADA0622D5284811F009F811241E
:10A0A800AB6A1B0703D5264811F002F81224214D8C
:10A0B800AB6A9E0715D5234810F0FAFF6E6BAB6AA2
:10A0C8001C0634D52048314610F0F2FFB9F1000FD4
:10A0D80003D0AB6A23F08003AB62132403E010249F
:10A0E800DEE76FF01506134DAB6AD80703D517489E
:10A0F80010F0DEFF1424AB6AD90602D4AB6A9A07C3
:10A108000BD50C4B5B681B0507D54146304600F064
:10A1180057FA10B180F309880224064A936A43F07B
:10A12800FF03936200233B702046BDE8F8836FF07D
:10A138001506D2E700ED00E0DA770208F1770208A9
:10A1480025780208397802085278020869780208E6
:10A1580010B51D4C1D4810F0ABFFA36A990130D50E
:10A168001B4810F0A5FF1E20A36ADA0103D5194881
:10A1780010F09EFF1F20144CA36A1B0303D516483A
:10A1880010F096FF2120A36A590303D5134810F055
:10A198008FFF22200C4CA36A9A0303D5104810F0B5
:10A1A80087FF2320A36ADB0303D50E4810F080FF46
:10A1B8002420054A936A6FEA03436FEA13439362C4
:10A1C80010BD1D20D0E700BF00ED00E0897802082F
:10A1D800A2780208B6780208D1780208F078020856
:10A1E800167902083179020870B5204C06462048D5
:10A1F8000D4610F05DFFA36AD90435D51D4810F04F
:10A2080057FF1720A36A1A0503D51B4810F050FF03
:10A218001820164CA36A9B050FD5184810F048FF64
:10A22800A16BA36A180407D5154810F041FF1EB1A9
:10A23800A36A23F40043A36219200C4CA36A5A05AD
:10A2480003D5104810F034FF1A20A36ADB0503D5A4
:10A258000D4810F02DFF1B20044A936A43F47F43F6
:10A26800936200232B7070BD1620CBE700ED00E051
:10A278005D7902087479020825780208867902084F
:10A28800A0790208B6790208D27902082DE9F041CE
:10A298005D4B5F688AB00446C7F30806002585F35E
:10A2A8001188BFF36F8F02F07F43B3F17F4F06D160
:10A2B80002F00C03082B13D1544810F0F9FE0025C6
:10A2C8002C464FF00008F31E8DF80780092B00F28A
:10A2D8008C80DFE803F00A80847C8A8A8A8A8A88EC
:10A2E80010074CBF0C460125EBE74948464E10F0D5
:10A2F800DFFE8DF80780F36A9A0704D5454810F009
:10A30800D7FE00232AE0F36A002B01DA4248F6E779
:10A31800F36A5B00F5D5414810F0CAFE7369A2697B
:10A3280043F480737361BFF34F8FBFF36F8F32F8BD
:10A33800023C726922F480727261BFF34F8FBFF3DF
:10A348006F8F03F47F42B2F55F4F27D1DBB2022B48
:10A3580024D12168324810F0ABFE23689DF807200D
:10A36800CAB902AE04F1200720686168324603C208
:10A378000834BC421646F7D1099A002D41D0C2F3E1
:10A38800080121B96FEA52226FEA4222099202A912
:10A398001846FFF721FE0AB0BDE8F0811A4B9A6A09
:10A3A800D2B232B10DF1070201212046FFF768FE53
:10A3B8000FE09A6A12F47F4F05D00DF107010120D2
:10A3C800FFF712FF05E09B6AB3F5803F99D3FFF7CB
:10A3D800BFFE0346C2E70DF107020021E5E70DF1D4
:10A3E80007010020ECE70F4889E70F4B0F49104899
:10A3F80017F4F87FA6F1100208BF194610F058FEAE
:10A408007FE76FF30802C1E700ED00E0197A020860
:10A41800457A02085D7A02087F7A02088E7A020875
:10A42800AE7A0208CB7A0208EB790208007A0208B1
:10A43800F07A0208044B5A6942F010025A615A69CC
:10A4480022F008025A61704700ED00E0EFF308803F
:10A45800EFF3098101B57246FFF718FF01BD00BF90
:10A468000A4880F30888102080F3118808484FF4C0
:10A478000461401880F30988EFF31480022108432F
:10A4880080F31488BFF36F8F10F0E0FFC0B3002093
:10A4980040920020BFF34F8F0549064BCA6802F46B
:10A4A800E0621343CB60BFF34F8F00BFFDE700BFEF
:10A4B80000ED00E00400FA051EF0040F0CBFEFF3F6
:10A4C8000880EFF30980816911F8021C0229FFD086
:10A4D80001B5724610F0ABFF01BD00BF40B20028C5
:10A4E80007DB044A4109012300F01F00834042F8BA
:10A4F8002130704700E100E040B200280CDB43093E
:10A50800064900F01F0020330122824041F8232031
:10A51800BFF34F8FBFF36F8F704700BF00E100E0BC
:10A52800054B420900F01F0053F82220012303FACB
:10A5380000F01040704700BF00E100E040B2002882
:10A54800A8BF00F1604001F10101B8BF064B4FEA16
:10A558000111ACBF00F5614000F00F00C9B2B4BFF3
:10A56800195480F80013704714ED00E0044B054AB5
:10A5780023F07F039360BFF34F8FBFF36F8F704754
:10A588000000000800ED00E042F8203C009B42F883
:10A598001C3C0A49019B42F8183C029B42F8143CB7
:10A5A80021F001014FF0807342F8043C42F8081C86
:10A5B8000023203A0265C0F880307047E99D000802
:10A5C800094A0346906870B113F1160FC06E05D0A2
:10A5D800A0F14002934205D3834203D2814228BFAF
:10A5E8000020704700207047F857002008B515462E
:10A5F8000B4A0C4B9060C26F1A600E4600F0A2F82E
:10A608002C4686F309880020034B984720460021F2
:10A6180000220023014C204771B40108E99D00087D
:10A62800F857002008540020014B10221A61704787
:10A6380000ED00E0054B5A699B689A421FBF044A27
:10A64800536843F080535360704700BFF8570020A9
:10A6580000ED00E0084B9B6883420BD1EFF30583C4
:10A6680043B1064B5A6842F080525A605A6A22F443
:10A6780000425A6206F0ECBCF857002000ED00E0FA
:10A6880015498A684FF030001044EFF3098C80E8D0
:10A69800F01F102080F31288BFF36F8F0F4F4FF019
:10A6A80000664A698A603E60D06F0D4C2060D2F81F
:10A6B80080000023C2F8803080F3118804B510466A
:10A6C80000F040F8BDE8044002F1300090E8F01FC7
:10A6D8008CF3098870470000F857002004ED00E06B
:10A6E80008540020044800231021C2180133352BD8
:10A6F80082F80013F9D1704700E100E008B5EFF3E4
:10A708000583064A103B02EBC30152F8330049683F
:10A718008847BDE80840FFF78DBF00BF64310208D5
:10A72800014800687047000008540020024B034AA3
:10A738000348012100F076B8000001200000002045
:10A7480040400208C36E054A403B1360044B402159
:10A75800C2E901131046012100F06EB80C54002024
:10A7680000000B15084AC2F898000B6823F01F0375
:10A77800034343F01003C2F89C308B6843F0010395
:10A78800C2F8A030704700BF00ED00E02DE9F043AB
:10A79800DFF8608085B00E461F4604464FF000097A
:10A7A800B14523DA6068D8B13FB1411E08421BD1D8
:10A7B8001F2819D92368194216D12368019310F06C
:10A7C80067FEA36803430393D8F89050C5F30725A1
:10A7D800D0B2013DA84207D801A9FFF7C3FF421C28
:10A7E80009F101090C34DBE76FF01502104605B0DA
:10A7F800BDE8F08300ED00E0044B0522C3F8942087
:10A80800BFF34F8FBFF36F8F704700BF00ED00E0BD
:10A81800BFF35F8F024B0022C3F89420704700BF3C
:10A8280000ED00E010B5034C01232278FFF7AEFFDE
:10A83800207010BD857F002008B50B4A00231278D0
:10A84800FFF7A4FF10F1160F07D0084A0021D2F82D
:10A858009030C3F30723984200DB08BDC2F8980084
:10A86800C2F8A0100130F2E7857F002000ED00E07B
:10A878002DE9F0435A4B5B4DD3F890302C68C3F365
:10A8880007239C4285B000F2A780FFF7C1FF002094
:10A898000C2684421AD1544EDFF84491347068462D
:10A8A800FFF746FB514C524D80460027B84514D15E
:10A8B80033784B490020D1F89020C2F30722934205
:10A8C800C0F28480FFF798FF002045E0696806FB26
:10A8D8000011FFF747FF0130DBE7009800EB071195
:10A8E8004FEA071CCB682340B3F5000F4DD00AD8B8
:10A8F800B3F5001F33D0B3F5800F3BD0B3F5801FFD
:10A9080013D00137D2E7B3F1007F47D0B3F1805FAE
:10A918004DD0B3F1807FF4D150F80C3088684A6884
:10A9280010F0B6FD40F0887009E050F80C308868E7
:10A938004A6810F0ADFD40F0885040F43020CDE971
:10A9480001230390D9F890303078C3F30723013BF3
:10A95800984234D96FF0150005B0BDE8F08350F87F
:10A968000C3088684A6810F093FD40F0885040F435
:10A978000020E4E750F80C3088684A6810F088FD39
:10A9880040F0007040F40030D9E750F80C30886887
:10A998004A6810F07DFD40F08270D0E750F80C3026
:10A9A80088684A6810F074FD40F48020C7E750F8C2
:10A9B8000C3088684A6810F06BFD2843BFE701A98E
:10A9C800FFF7D0FE3378013333709AE7C1F8983037
:10A9D800C1F8A00001336EE74FF0FF30BCE700BFBD
:10A9E80000ED00E04C400208857F00200000F0FFE9
:10A9F8000000021108B5024B1B689847002008BDEB
:10AA080018540020034B044A1860937843F002035B
:10AA18009370704718540020C800002008B50649F4
:10AA2800064821F00701C1F1005202F5803210F00A
:10AA3800FCFA002008BD00BF7BDD00201C5400206C
:10AA480003484FF0FF324FF0FF3305F021BD00BF40
:10AA5800D8000020014805F08DBD00BFD8000020B7
:10AA680038B50546FFF7ECFF08482A46082110F0DC
:10AA78006BFA044628B925B1FFF752FE044B0C22A5
:10AA88001A50FFF7E7FF204638BD00BF1C540020CE
:10AA98000C00000010B50446FFF7D2FF214603481A
:10AAA80010F0CCF9BDE81040FFF7D4BF1C540020CB
:10AAB80070B5A0FB015434B92846FFF7D1FF06460C
:10AAC80040B9304670BDFFF72BFE054B0C221A50DB
:10AAD8000026F6E72A46214617F079FEF1E700BF7F
:10AAE8000C000000084B5968024611B119688842E9
:10AAF80007D0D86830B1996804488A4218BF002046
:10AB080070471846704700BF285400203054002072
:10AB180002460B46014805F0BBBC00BFB805002043
:10AB2800014805F027BD00BFB80500202DE9F74F03
:10AB3800824608460F469046F6F764FB4FF0FF3111
:10AB480083464FF0FF30FFF7E3FF1B4B1C684FF0C5
:10AB580000099C4208BF00245B684E465CB9FFF7B9
:10AB6800DFFF36B3CAF80060B8F1000F1DD100202E
:10AB780003B0BDE8F08FA569A94512D8AB4510D33D
:10AB8800012D03D97A5D2F2A00D052B9E1680193CB
:10AB98002A46384617F058FE019B002804BFA946EC
:10ABA80026469C42DBD02468D8E7B369C8F8003051
:10ABB800DDE76FF00100DBE7EC0000202DE9F04154
:10ABC8000446002855D0C568002D52D00368002BD4
:10ABD8004CD12846F6F716FB0746002849D02B78B3
:10ABE8002F2B46D1244E4FF0FF304FF0FF31FFF7A7
:10ABF8008FFF3568D6F80480B54208BF0025DDB957
:10AC0800A068FFF76FFF58B3D0F80480B8F1000FC1
:10AC180026D0D8F82C3033B320469847051E06DBDB
:10AC28007368C4E90678C4E900631C607460FFF7C0
:10AC380077FF2846BDE8F081AB69BB4209D122699C
:10AC48002B699A4209D0E968E0683A4617F0FCFD9A
:10AC580018B14545D4D02D68D1E76FF00F05E6E768
:10AC68006FF00105E3E76FF08505E0E76FF00F058A
:10AC7800DFE76FF01505DCE7EC00002038B5044687
:10AC88000D464FF0FF304FF0FF31FFF741FF2046F0
:10AC9800FFF728FF08B143687BB90B4B5A6812B11C
:10ACA800DA686AB9012243F8324003EBC203002490
:10ACB8005D60FFF735FF204638BD6FF07704F8E791
:10ACC8006FF01B04F5E700BF2854002038B131B1FC
:10ACD8008B691844024B0278002A08BF184670474F
:10ACE800137B02082DE9F74F04460846D4F8FC30D8
:10ACF800002B64D1130765D404F1FC01C0B2FFF73F
:10AD08001DF9002804DA6FF0120003B0BDE8F08FD7
:10AD1800D4F8FC000028F6D010F06FFB0028F2D021
:10AD2800D4F814A0D4F81890E569BAF1000F08BF58
:10AD38004FF0100AB9F1000F08BF4FF0100965B9BC
:10AD4800D4F8FC00CDE9000510F057FB20496A460D
:10AD580011F0BBF8019D002D37D0666A802D38BFF1
:10AD68008025002E03D004DC4FF0FF3601E04FF4BD
:10AD78000076D4F82880E76AD4F8FC00B8F1000F10
:10AD880008BF4FF48078002F8368B3FBF5FB08BF3A
:10AD9800202710F032FBD4F8FC3023600D4B6360A1
:10ADA8000D4BA3600D4BE3600D4B2361C4E905A96E
:10ADB800C4E90A87C4E9075B66620020A5E76FF06B
:10ADC8000F00A2E76FF085009FE76FF015009CE782
:10ADD80027B8010883B8010867B8010853B8010803
:10ADE80023B8010810B503685A6D04461AB1196EE4
:10ADF800044814F008FE2168034814F042FE0023BA
:10AE0800236010BDA005002048050020002807DAAF
:10AE18005430522802D8034B185670476FF004007C
:10AE2800704700BFD77C0208002805DA5A30582836
:10AE380004D8044B18567047002070476FF0040080
:10AE4800704700BF7E7C020810B505490120FFF756
:10AE580015FF044610B90348FFF7B0FE204610BDA1
:10AE68006C400208F40000202DE9F74343680446CB
:10AE78001E6988461546014600222448002305F02D
:10AE880009FA014600283ED127686422384617F09F
:10AE98009EFCD6F8E4101E48896A0022002305F0BB
:10AEA800D7F9386660B3B94649F8540F4046616827
:10AEB800FFF70CFF8046304610F0EDFC2901AB018E
:10AEC80003F4006301F48071194305F003030B4395
:10AED80042463946CDF8009006F17C0014F05CFC3F
:10AEE800054606F5807010F0DEFC002D02DA2046DB
:10AEF800FFF778FF284603B0BDE8F043FFF786BFA9
:10AF08006FF00B05F3E703B0BDE8F08348050020B8
:10AF1800A005002070B5436804461E690D4600224E
:10AF280001460023144805F0B5F9014608BB342250
:10AF3800206817F04CFC61682846FFF7C7FE0546F5
:10AF4800304610F0A8FC2A46216806F17C0004F07F
:10AF580071FF054606F5807010F0A5FC002D03DA98
:10AF68002168054814F08DFD2846BDE87040FFF7BC
:10AF78004DBF6FF00B0070BD6805002070B54368C9
:10AF88001E690446304610F086FC216806F17C00F4
:10AF980014F0A4FC054606F5807010F084FC2168C6
:10AFA800034814F06EFD2846BDE87040FFF72EBF39
:10AFB80068050020F8B5154B002914BF0D461D463D
:10AFC800002304461646C5F8FC3005F58077384658
:10AFD80014F005FE284610F05EFC2146324628464D
:10AFE800FFF780FE044648B9294605F17C0004F0C5
:10AFF800B5FB041E02DAFFF709FF044600233846B2
:10B00800C5F8FC3010F04FFC2046F8BD2C0200209B
:10B01800F7B506460D461446124F384614F09CFC08
:10B02800E0B1BB68AAB21B68314638469847002889
:10B0380002DB002003B0F0BD002CFBD1AC42F8D2FB
:10B048002F1B042F28BF042702F058FB3A46019013
:10B0580001A9301917F0ADFB3C44EFE76FF012007F
:10B06800E8E700BF8430020830B585B00D4C019088
:10B078000D4D9DF820008DF808008DF80910ADF8E9
:10B088000A200393AC4202D3002005B030BD2368E8
:10B0980013B1019A934203D1D4E9013101A8984729
:10B0A8000C34EFE7183402082434020807B5084ABC
:10B0B80092E80300CDE9000106488268126822B1CF
:10B0C8006946904703B05DF804FB6FF05700F9E755
:10B0D80028340208A42F02083F280DD800F01F02C8
:10B0E80001239340054A1F2894BFD268D26A93432C
:10B0F8000CBF01200020704700207047000800584E
:10B1080000F01F0201233F2803FA02F307D81F2883
:10B11800044A02D8D36000207047D362FBE76FF07F
:10B128001500704700080058044B184400230133E9
:10B138008B4200F8012BFADB704700BFE4040020C3
:10B148002DE9F041104F054600264FF001086B78B5
:10B15800F4B2A34201D8BDE8F0812B781C44204604
:10B16800FFF7BAFF68B12046FFF7CAFF57F8343037
:10B178003BB107EBC40204F01F04516808FA04F05D
:10B1880098470136E3E700BFF8560020034670B140
:10B19800B0FA80F2C2F11F02D2B206498856064AB6
:10B1A800D2F880100B43C2F88030FFF797B9FF221E
:10B1B800F3E700BFE404002000080058034AD2F86F
:10B1C800803023EA0003C2F8803070470008005836
:10B1D800032921D8DFE801F0020C10190F4B1A6877
:10B1E80022EA00021A605A6822EA00025A6070478E
:10B1F8000A4B1A680243F5E7084B5A6802435A603B
:10B208001A6822EA00021A607047044B1A6802435F
:10B218001A605A6810435860704700BF0008005809
:10B2280030B5B0B1B0FA80F3C3F11F03DBB20B48FD
:10B2380050F833408C4204D100EBC3056D68954249
:10B2480005D044B940F8331000EBC3004260002039
:10B2580030BDFF23EBE76FF00F00F9E7F856002049
:10B2680060B1B0FA80F3C3F11F03DBB2044A0021D6
:10B2780042F8331002EBC30251607047FF23F5E731
:10B28800F856002000F00302043292000F23934086
:10B2980043EA900000F003030233064A52F82320E1
:10B2A800030C02EA104093FAA3F3B3FA83F3D840ED
:10B2B800704700BF000001400B88C3F30B03082B45
:10B2C80013D813B96FF085007047023B032B17D8CA
:10B2D800DFE803F0220222194FF4FA4313600968E9
:10B2E800B1F5805F1AD20020704703F6B873C3F334
:10B2F8000B031C2BE6D80D4820FA03F3DB07E1D536
:10B308000B4B1B68EAE74FF0B0430A481B68C3F3CE
:10B31800031350F82330E1E70023DFE7C1F31331CB
:10B328000131B3FBF1F31360DDE700BF1101111127
:10B33800B80400204C42020870B5344C4FF0B046B7
:10B3480010F08BFD204610F087FD02F0EBF9D6F8DF
:10B3580008312F4A03F00F0352F823501368B0FB4B
:10B36800F5F5B4FBF3F4A54202D2204602F048FA00
:10B37800D6F8943043F00103C6F894304FF0B04348
:10B38800D3F894209107FBD51A6842F008021A6096
:10B398001A6822F0F00242F0B0021A605A6822F4E9
:10B3A8007F425A601A68920708D41A6842F001026C
:10B3B8001A604FF0B04213689B07FCD54FF0B043BA
:10B3C8009A6822F0F0029A609A6822F003029A6062
:10B3D8009A6812F00C0FFBD1A54202D3204602F066
:10B3E8000FFA0C4B094A1A604FF0B04300209A68D4
:10B3F80022F4E0629A609A6822F460529A60D3F864
:10B40800082122F00F02C3F8082170BD006CDC028D
:10B418008C420208B804002008B5074814F09CFACA
:10B4280038B10648FFF7EEFA0448FEF7BBFC0020E7
:10B4380008BD6FF01200FBE7A430020849B4000809
:10B448000A2838B5074D044604D1AB680D215B685E
:10B4580028469847AB6803485B68E1B2984720469E
:10B4680038BD00BFA430020810B50A4BD3E900402C
:10B47800094B196883681B684BB19847236843F0E8
:10B4880004032360236843F00803236010BD6FF0B2
:10B498005700F3E750030020BC03002008B5EFF382
:10B4A8001181102383F31288BFF36F8F094B01209A
:10B4B80093F8482083F8480081F31188BFF36F8F11
:10B4C80032B9FFF7D1FFBDE808403420FFF706B8CE
:10B4D80008BD00BF50030020F8B58378C678EFF3A5
:10B4E800118E102484F31288BFF36F8F057890F8BB
:10B4F80001C05B1B33409A4288BF9AB2AF183740ED
:10B508002C4607708EF31188BFF36F8F8F188F4208
:10B518001BD165450CD1EFF31181102484F31288F7
:10B52800BFF36F8F0478447081F31188BFF36F8F76
:10B5380001799B1A994294B205D314F057FC68B16B
:10B54800084805F007FA2046F8BD00EB040E013460
:10B558009EF805E001F801EB3440D8E7FFF79EFFBD
:10B56800F1E700BF880300200B4A11680B6823F03D
:10B5780004030B604FF0B0431B6DD90303D5074B91
:10B588001B68DB0706D4064B5068196883685B683C
:10B5980003B11847704700BF50030020002000582F
:10B5A800BC03002008B521B1012906D06FF0850041
:10B5B80008BDFFF7D9FF0020FAE7044B93F848309D
:10B5C800002BF8D0BDE80840FFF74EBF500300201D
:10B5D80070B50D4614460CB9204670BD4FF0FF32C9
:10B5E8004FF0FF330B4805F04FF80B482246294629
:10B5F800FFF772FF064630B908484FF0FF324FF0A8
:10B60800FF3305F041F80348A41B05F003F8A4B282
:10B618003544E0E758030020AE0300207003002003
:10B6280038B54568046936486060836829681B68CE
:10B6380003B198476068296883689B6908310BB132
:10B64800002298470122114604F1080014F0CEFAAE
:10B658000122002104F1200014F0C8FA04F1380096
:10B66800284914F063FB072384F86130042384F825
:10B6780062300F23002284F84C300C2384F85E20BB
:10B6880084F85F2084F8602084F8492084F84A20F0
:10B6980084F84B2084F84D3011463420FEF74EFFD5
:10B6A800194B1A481B681A491A68196122F07C421A
:10B6B80022F0FF0282421C6903D14AF674208442B8
:10B6C80012D0186820EA0200124A02431A604AF6A9
:10B6D80074221961196119611A611A6822F080428D
:10B6E8001A601A685200FCD41A6842F004021A6000
:10B6F8001A6842F008021A60FFF7D0FE002038BD31
:10B70800A42F020865BE010850030020000DF000B8
:10B71800BC0A5917000DF04010B51D4B01461B68B7
:10B72800EFF31184102282F31288BFF36F8F5A68E7
:10B73800500605D45A68D2071DD46FF00A0015E0E8
:10B748001A6842F080421A601A6822F080421A6031
:10B758000A221868400005D45868400602D4586880
:10B768004007E7D5013AF4D16FF0040084F311885B
:10B77800BFF36F8F10BD5A689207F5D4586810F060
:10B788004000F1D19B680B60002BEFD1D5E700BFDB
:10B79800500300202DE9F743D8078846144605D4FE
:10B7A8003148FFF799FE03B0BDE8F083002A37D08F
:10B7B800EFF31185102383F31288BFF36F8F3420C2
:10B7C800FEF7AEFE06463420FEF796FE85F3118896
:10B7D800BFF36F8F0EB9FFF747FEDFF89090D9F8E7
:10B7E80000305A68510713D45B685A0610D4204FAA
:10B7F8004FF48013C7F884312546D9F800305B68C8
:10B80800DB070FD4BFF34F8F20BF40BF20BFF4E743
:10B8180001A8FFF781FF002416B33420FEF75EFE6F
:10B828002046C0E701A8FFF777FF4FF48012C7F85A
:10B838008421034688B9291F019A89B2002DEBD0CB
:10B84800A94203D1002BD8D00192D6E7013DADB271
:10B85800012308F80520120AF0E7002DCDD1DBE717
:10B86800FFF782FEDCE700BF9903002050030020A9
:10B8780000E100E02DE9F74301A8FFF74DFF00289C
:10B8880043D1284C019A94F84B3094F84CC094F862
:10B898004AE0042780460146A3EB0E053CEA05056D
:10B8A8005FFA82F91ED194F8601094F85F6094F8FA
:10B8B80061508E1B35EA06062AD108B184F84B3050
:10B8C800B8F1000F00D001923420FEF715FEFFF703
:10B8D8004BFE002384F84830134803B0BDE8F0431A
:10B8E80004F098BEE018013380F84E900CEA030388
:10B8F8000120013F4FEA12224FF00108CCD108B1D4
:10B9080084F84B3001920029E6D103B0BDE8F083FA
:10B91800661801310D4086F8639084F86050012163
:10B92800E7E700BF5003002070030020004870477D
:10B93800B8400208044BB3F8E0359B020B600023C3
:10B948004B601846704700BF0070FF1F38B5036989
:10B9580005461C6849B110F02AFB58B12869043023
:10B9680004F058FE6FF0040038BD6369002B06DB55
:10B978000020F9E7636943F000436361F8E7034B8C
:10B98800A36003F18833A360F2E700BF2301674592
:10B99800074B186840B90748D0F8E005C0F34E00D7
:10B9A80018604FF4006058600B6001231360704703
:10B9B800785700200070FF1F2DE9F843D0F8049055
:10B9C8000746D9F8080090460D461E4610F0A5F91E
:10B9D800B8F5001F044616D12846D9F80840FFF7E5
:10B9E80051FC84420CD1294610F097F90446FFF720
:10B9F800E5FB2046FFF734FC00212046FFF7E8FB73
:10BA08000020BDE8F883B8F5800F20D0B6F1806F2C
:10BA180019D0B6F1C06F18D0B6F1007F1AD102263E
:10BA28000F493A462046FFF7FBFBB0B9D9F8081092
:10BA3800284610F077F920463146FFF7C9FB204623
:10BA4800FFF7A4FBDCE70126EAE70326E8E76FF047
:10BA58008500D6E76FF01500D3E76FF00F00D0E749
:10BA68006BC301081FB50C4BD3F8982512BA019285
:10BA7800D3F8942512BA02920C29D3F8903528BF2E
:10BA88000C211BBA0C460A4601A9039316F091FE35
:10BA9800204604B010BD00BF0070FF1FF7B5044674
:10BAA800436806691948DD680F4659688368DB688A
:10BAB8000022019223B96FF00404204603B0F0BDC0
:10BAC80001AA98470028F6DB376306F118074FF0FC
:10BAD800FF324FF0FF33384604F0D6FD2B6823F0D1
:10BAE80001032B60204696F8621010F0B5FC01990E
:10BAF80000F08AF896F8613004461BB12B6843F0D1
:10BB080001032B60384604F085FDD6E7A42F020810
:10BB180070B50446466805694FF0FF320021284693
:10BB280014F064F8336820469847002385F860309D
:10BB380085F862300122114605F1180014F056F814
:10BB4800204600F033F83169144B994220D013D8BD
:10BB5800134B99421ED0134BCB1A594259418900B5
:10BB680041F010012046FFF799FF0028A2BF0123EA
:10BB780085F86030002070BD0B4B99420CD003F55E
:10BB8800C31303F5206399420CBF0A210021E7E79C
:10BB98000621E5E70221E3E70821E1E740420F003B
:10BBA800A0860100801A060040E1330010B5446801
:10BBB8000021606910F05BFC002808DB044861681C
:10BBC80083681B680BB1984708B16FF0040010BD7B
:10BBD800A42F020810B544680A48616883685B6846
:10BBE8005BB19847002807DB6069012110F03FFC32
:10BBF800831C05D000EAE07010BD6FF05700FBE72A
:10BC08000020F9E7A42F02082DE9F74F44680369DB
:10BC18000193E568E369DFF80881DFF80891DFF848
:10BC280008A1DFF808B100930020009B8342019B24
:10BC38001A6B34D1C2F34202012A61D0022A6BD1B5
:10BC480040F2145E4FF4167C4FF4FA7740F2771600
:10BC5800374B0220421EB1FBF2F2B3FBF2F2BCFBFF
:10BC6800F2F4013CFF2C54D8BEFBF2F808F1FF387F
:10BC7800B8F1FF0F4DD8B6FBF2F9B9F10F0F48D85C
:10BC8800B7FBF2F2013A0F2A43D8023848EA0943CF
:10BC980043EA007343EA025343EA04231CE00C23FB
:10BCA800D4F818C0DFF88CE003FB00F70CEB0706AC
:10BCB800736873451CD014D853451BD05B4514BF1B
:10BCC800002301239B00534013F00E0F16D15CF89C
:10BCD80007308B4212D1B3682B61002003B0BDE856
:10BCE800F08F434508D04B450CBF0A230023EAE7F1
:10BCF8000623E8E70223E6E70823E4E7013094E7B0
:10BD080041F25C2E4FF47A6C40F2E2474FF4FA7637
:10BD18009EE7013011289DD16FF01500DEE700BFC6
:10BD280040E13300404B4C00A0860100801A060019
:10BD380000CA9A3B40420F0010B403460C46DA880A
:10BD48000068197902F04002224383689C6934B183
:10BD5800054BA446134010BC02F0B07260476FF068
:10BD6800570010BC704700BF40000006F0B550F8FF
:10BD7800185C6B682A69DC6885B0BFF35B8F126852
:10BD8800BFF35B8F012A23D06B68124A9E68DF6875
:10BD98001838041BE11001FB0266304610F0AEFCB7
:10BDA800031E15DB3A1992F910108B4210D0137448
:10BDB8004FF0FF304FF0FF313289003BCDE90201EF
:10BDC8004FF00101009118BF01232846FFF74CF9F5
:10BDD80005B0F0BDACAAAAAA2DE9F84FD0F804B076
:10BDE800DBF80C50183507462C4600264FF00C0A95
:10BDF800DBF80420B24205DC9BF81420002A44D169
:10BE0800002040E0DBF808200AFB06F802EB0809EE
:10BE180052F8080013F0A0FD00283FD04FF48031FD
:10BE2800484610F056FC70BB44F8187CDBF810103C
:10BE3800204613F0B6FF9BF8142012B1013648349F
:10BE4800D6E7DBF80800184B00EB0809012299F83F
:10BE5800041002FA01F144E9043150F8080083683B
:10BE6800DB69A4F11401E3B1984700280BDB4846CD
:10BE780010F044FC4FF0E86104F8080C4846FFF75E
:10BE88005BFF0028DADABDE8F88FDBF800200A2328
:10BE9800A2FB0323284604F005FEB1E76FF0120069
:10BEA800F1E76FF05700EEE72FC7010829282DD0DA
:10BEB80010D80F2824D006D8072819D00A281CD053
:10BEC8006FF01500704714281DD01F28F8D147F6C9
:10BED80012230FE0FA281FD005D83E2819D07D2854
:10BEE800EED10E4B06E0B0F5FA7FE9D10C4B01E03C
:10BEF80041F682630B600020704742F6B403F9E70D
:10BF080043F60E53F6E745F25E13F3E74AF2C6230B
:10BF1800F0E74FF22443EDE7024BEBE748E8010076
:10BF280020A1070090D0030013B590F83240828E0C
:10BF3800008E01A9FFF7BAFF0346C0B9611F0729A0
:10BF480015D802F108010B48019AA140A1FB000194
:10BF5800F5F72CF940F2E733C0184FF47A724FF036
:10BF6800000341F10001F5F721F902B010BD4FF4CB
:10BF78007A70FAE740420F0013B590F83C2090F829
:10BF88003240008E002A01A908BF0222FFF78EFF67
:10BF980098B9631F072B10D80948019BA040B0FB34
:10BFA800F3F04FF47A7302FB0000B0FBF3F0643057
:10BFB800C82838BFC82002B010BDC820FBE700BFA2
:10BFC80040420F00134B994207B516D8124B9942BD
:10BFD80016D8124B994216D8114B994216D86B2293
:10BFE8006F238DF804208DF8053001AA02239821CB
:10BFF80011F0F8FE03B05DF804FBE122E923F0E755
:10C00800D722DB23EDE7C122C523EAE77522812386
:10C01800E7E700BF00E9A43580F8A9328044E52DA0
:10C02800000B6B1B73B5254A254E264D0369B1429B
:10C0380098BF154640F69C01EA7883F887220123C9
:10C048000DF10702044611F042FF002834DB9DF889
:10C0580007302A7823F01F0302F01F0213438DF8DC
:10C0680007300DF10702012340F69C01204611F02C
:10C0780004FF002820DB6B788DF807300DF10702EC
:10C08800012340F69D01204611F0F7FE002813DB3E
:10C09800AB788DF807300DF10702012340F6B9019E
:10C0A800204611F0EAFE002806DB07232A1D40F689
:10C0B800F501204611F0E1FE02B070BD487D02088E
:10C0C800FF45C323537D020810B50649044600F016
:10C0D80071FD002804DB204611F065FE00EAE070DF
:10C0E80010BD00BF99C8010813B5002A0C4601A964
:10C0F80008BF0222FFF7DAFE08B1002301930C2CD7
:10C1080028BF0C2401990E48052C38BF052481420C
:10C11800A4F1050307D90B49C85C072A0BD90238D3
:10C12800C0B202B010BD0848C05C084B994298BF25
:10C1380000F1FF30F1E7032A88BF00F1FF30EFE795
:10C148001FA10700407D0208387D020847E801006A
:10C1580038B50C4621B1012915D06FF0850038BDDE
:10C16800456805F1240010F0F7FB05F12C0010F0EC
:10C17800F3FB05F1340010F0EFFB05F13C0010F083
:10C18800EBFB2046EBE74468124A4FF4B01104F188
:10C19800240011F0DEFD0028E1DB0F4A4FF4B01156
:10C1A80004F12C0011F0D5FD0028D8DB0B4A4FF420
:10C1B800B01104F1340011F0CCFD0028CFDB084A9F
:10C1C8004FF4B01104F13C0011F0C3FD00EAE07037
:10C1D800C5E700BF7E7B02088D7B0208977B0208BB
:10C1E800A17B020813B50446084682B901A9FFF7E6
:10C1F8005DFE08B1074B0193074A019BA240B2FBC1
:10C20800F3F243F6FC739A4294BF002201221046CF
:10C2180002B010BD48E8010040420F002DE9F3418B
:10C22800066996F8403002460C461BB9002002B059
:10C23800BDE8F081B6F8308001A94046FFF736FE28
:10C248000028F3D196F83270184D019BBD40B5FB1C
:10C25800F3F55368414693F84B203846FFF7C2FF81
:10C2680096F83A30E10083F001031C3101EB031129
:10C2780000B2A1EB8701A7EB400021EAE17101EBD5
:10C2880080018200013991FBF2F196F83320B38ED8
:10C29800043202FB0133A8080C3300F5FA7005FBE1
:10C2A80003004FF47A73B0FBF3F0C0E740420F008D
:10C2B80013B50C4601A9FFF7F9FD034610BB621F31
:10C2C800072A1FD8A11E890040F61B02B2FBF1F213
:10C2D8000132D2000D4802FA04F1A1FB0001019AD3
:10C2E800F4F764FF40F2E733C0184FF47A724FF066
:10C2F800000341F10001F4F759FF00EB90006430AE
:10C3080002B010BD47F23050FAE700BF40420F00BC
:10C318002DE9F3470569044605F11400884692465D
:10C328001F4610F082FA002868D118354FF0FF3206
:10C338004FF0FF33284610F06EFA2046FFF7C4FE90
:10C34800064618B1284610F09EFB1AE02D4A002335
:10C358004FEA48604FEAD811F4F728FF042300BADF
:10C3680001900DEB03028621204611F03BFDB0F150
:10C3780000090ADA204610F093FB284610F083FBE8
:10C388004E46304602B0BDE8F08742460523514686
:10C39800204611F046FEB0F1000807DA204610F0FA
:10C3A8007FFB284610F06FFB4646EAE7012211465C
:10C3B800204610F032FB33463246D121204611F098
:10C3C80011FDB0F10008E9DB284610F05CFB4FF4E2
:10C3D8007A7303FB07F00A21A0FB010113F0D3FDD8
:10C3E8004FF0FF324FF0FF33284610F014FA204682
:10C3F80010F0A5FA204610F053FBA3E76FF00F06E4
:10C40800BFE700BF0048E8012DE9F04F046987B095
:10C4180094F840B00291054692460393BBF1000F91
:10C4280000F05B81FF2A00F25881BFF35B8F04F1B3
:10C438001406022356E8002F002A03D146E80031EB
:10C448000029F7D1BFF35B8F0FD0BFF35B8F56E89E
:10C45800002F032A03D146E800310029F7D1BFF3A2
:10C468005B8F04D06FF00F0819E04FF0000B2046E7
:10C4780004F1180710F038FB4FF0FF324FF0FF338C
:10C48800384610F0C8F92846FFF71EFE804650B11E
:10C49800384610F0F8FA0021304610F0F6FA404617
:10C4A80007B0BDE8F08F94F83B30022B40F0B08025
:10C4B800384610F0E8FA4146304610F0E6FA2046D1
:10C4C800FFF75AFD0A23A0FB0323284610F0DDFBE3
:10C4D800B0F1000925DD4FF0FF324FF0FF33384649
:10C4E80010F099F9BBF1000F14D0D4F8B8318BB122
:10C4F800BFF35B8F032356E8002F002A03D146E8D9
:10C5080000310029F7D1BFF35B8F03D121462846BC
:10C5180010F063FC384610F0B6FA6FF00F09C84601
:10C52800BDE725D019F1580F22D04FF0FF324FF058
:10C53800FF33384610F06FF9BBF1000F14D0D4F870
:10C54800B8318BB1BFF35B8F032356E8002F002A65
:10C5580003D146E800310029F7D1BFF35B8F03D13F
:10C568002146284610F039FC384610F08CFAD6E7F8
:10C578000223BFF35B8F56E8002F002A03D146E859
:10C5880000310029F7D1BFF35B8F4FF0FF324FF036
:10C59800FF33384614D010F03EF9BBF1000FB9D084
:10C5A800D4F8B831002BB5D0BFF35B8F032356E81E
:10C5B800002F002AA7D146E800310029A3D0F6E7CA
:10C5C80010F029F92846FFF77FFD814600B3384669
:10C5D80010F059FA3046002110F057FA4FF0FF32A8
:10C5E8004FF0FF33384610F016F9BBF1000FBBD0FF
:10C5F800D4F8B831002BB7D0BFF35B8F032356E8CC
:10C60800002F002AA9D146E800310029A5D0F6E775
:10C61800039BC4F8C43104F1440013F09DFA94F864
:10C628003A3094F83820A18E009283F001035FFA23
:10C638008AF2284610F033F9061E43DB029A534665
:10C648000021284611F068FC061E3BDB012211463A
:10C65800284610F0E2F9E26A94F9361005232846D4
:10C6680011F0DFFC061E2DDB218E284610F0EFF8B6
:10C67800061E27DB51462846FFF7D0FD184B00EB76
:10C68800900000F5FA70984228BF184642F21073DD
:10C69800984238BF18468301C0F38F22C0F3870041
:10C6A8008DF814208DF815008DF8163005AA03238F
:10C6B8008321284611F096FB061E03DB384610F04E
:10C6C800E2F9ECE60023C4F8C431284610F0E8F992
:10C6D800384610F0D8F9B046E1E66FF01508DEE606
:10C6E800FFFF030037B5002305690446FFF78CFEFA
:10C6F80080B90A4A002301A905F1440003F064FE49
:10C70800002809DA204610F01AF9204610F0C8F976
:10C718006FF0730003B030BD0198FBE7F0490200E9
:10C72800F0B504460569476887B005F1180013F0AD
:10C7380056FA05F1780105F144000123042213F0AB
:10C74800F0F90123082205F1B00105F17C0013F08E
:10C75800E8F96E4905F5E47013F0E8FA01220021C2
:10C7680005F5387013F042FA0026C5F8804205F145
:10C778001400012110F089F93146C5E96E6685F883
:10C78800406005F5E07010F080F985F8846228466D
:10C7980010F0AAF997F8493085F88532252385F8ED
:10C7A8008732314605F5357010F06FF905F52870B8
:10C7B800574913F0F6FA05F5EC7585F8F860554910
:10C7C80000964FF0FF334FF42062284604F0C8F873
:10C7D8005149284613F010FB204600F0FFF90028C5
:10C7E800C0F28C804D49204600F0E4F90028C0F2E0
:10C7F80085802046656811F0F3FB00287EDB204623
:10C8080010F09DF8002879DB95F84830002B54D1BA
:10C8180095F84730002B73D195F84A3083F001031F
:10C828008DF8103004AA01239621204611F0DAFA77
:10C83800002863DB0025022304AA8F212046ADF8D7
:10C84800105011F0CFFA002858DB40238DF8103033
:10C8580004AA01239321204611F0C4FA00284DDBD5
:10C8680001230DF10F028A2120468DF80F3011F0B7
:10C87800B9FA002842DB2A4BCDE90435082304AA7B
:10C888001946204611F0AEFA002837DB40F2FF3196
:10C8980020460FF0D0FF002830DB40F6AC012046E0
:10C8A80010F06DF840F68901204610F068F820462F
:10C8B80010F0F6F800EAE07020E0B5F8443095F89A
:10C8C80046108DF810109A019B0A8DF8113053BA52
:10C8D800ADF8123004AA04239721204611F082FAF9
:10C8E80000280BDB7F238DF80E300DF10E0201239B
:10C8F8008921204611F076FA002889DA07B0F0BDC0
:10C90800204610F002F8002886DAF7E719D1010866
:10C918008BCE010800880020B07B020899C8010866
:10C9280003F703D32DE9F3470669D0F80480BFF372
:10C938005B8F0546894606F1140A01235AE8002F41
:10C94800002A03D14AE800310029F7D1BFF35B8FF1
:10C9580040F0C78006F118074FF0FF324FF0FF3361
:10C9680038460FF058FF2846FFF7AEFB044650B193
:10C97800384610F088F80021504610F086F8204616
:10C9880002B0BDE8F0874B4606F12C0209F114010C
:10C9980053F8040B42F8040B8B42F9D1D9F8001074
:10C9A8002846FFF70FFB041EC0F28680D9F8001056
:10C9B8004D4A00234806C909F4F7F8FB042300BAD6
:10C9C80001900DEB03028621284611F00BFA041E94
:10C9D80072DBD9F800102846FFF724FB041E6BDB36
:10C9E800D9F8002099F90A100523284611F019FBF7
:10C9F800041E61DBB9F80410292964D00FD80F2967
:10CA080063D006D8072962D00A2962D06FF01504CE
:10CA180052E014295FD01F29F8D102240CE0FA292A
:10CA28005BD005D83E295AD07D29EFD1042403E0F4
:10CA3800B1F5FA7FEAD1062499F806A098F84B20B8
:10CA48005046FFF7CFFB99F807308DF806300423DE
:10CA58008DF807000DEB03028B2128468DF8054061
:10CA68008DF804A011F0BEF9041E25DBB9F80410F6
:10CA780028460FF0ECFE041E1EDB99F80D1043F259
:10CA8800444241F22443002918BF13465BBAADF86B
:10CA9800043001AA02234FF4E861284611F0EDF9A9
:10CAA800041E09DB98F84910284610F058FA041EAD
:10CAB80002DB012386F8403028460FF0F1FF3846A4
:10CAC8000FF0E1FF5BE70A24B6E70124B4E700248E
:10CAD800B2E70824B0E70924AEE70524ACE703244D
:10CAE800AAE76FF00F044AE70048E801F8B50446E2
:10CAF8000D4600F003FE4BF67F370646204600F051
:10CB080051F890B100F0FAFD831BBB4209D94BF6EE
:10CB180080335D4300F0F2FDA5F53B47803F0646B4
:10CB280009E00A2012F0F2FEE8E70020F8BD0A202A
:10CB3800002113F028FA204600F034F80028F4D039
:10CB480000F0DCFD801BB842F1D3204611F02BF930
:10CB580000F0D4FD124F064602E00A2012F0D6FE7D
:10CB6800204600F01FF80028DFD000F0C7FD801B2A
:10CB7800B842F2D900F0C2FD064603E00A200021BF
:10CB880013F001FA204600F00DF80028CDD000F08F
:10CB9800B5FD801B8542F1D86FF07300C6E700BF72
:10CBA800FF760100024B5869C0F34000704700BF90
:10CBB8000004005808B50369D96049B1064B4FF421
:10CBC8008022C3F884213220FDF788FC002008BDAC
:10CBD8003220FDF791FCF9E700E100E010B50369A8
:10CBE800446818610022DA60206812F0B5FE10B9B6
:10CBF8006FF0120010BD237E83BB00221146322045
:10CC0800FDF79CFC184AD2F8903043F48053C2F8E0
:10CC180090304FF4B011154A04F1240011F099F83E
:10CC28000028E7DB124A4FF4B01104F12C0011F090
:10CC380090F80028DEDB0F4A4FF4B01104F13400FD
:10CC480011F087F80028D5DB0B4A4FF4B01104F136
:10CC58003C0011F07EF800EAE070CBE7E06812F0E3
:10CC68007BFE0028C9D1C3E7000800587E7B020874
:10CC78008D7B0208977B0208A17B020843681B682A
:10CC880003F1080252E8002F42F0010203F1080004
:10CC980040E800210029F3D1094A934203D0A2F5C4
:10CCA8007442934203D15A6842F040025A6053E8F2
:10CCB800002F42F4807243E800210029F7D1704721
:10CCC8000038014043681B6803F1080252E8002F4E
:10CCD80022F0010203F1080040E800210029F3D105
:10CCE800094A934203D0A2F57442934203D15A6889
:10CCF80022F040025A6053E8002F22F4807243E881
:10CD080000210029F7D1704700380140F8B50C46DA
:10CD1800036941681D682379012B19D0A3F1020E1C
:10CD2800DEF1000646EB0E06B6026279022A9CBFC7
:10CD3800474F37F81270A27988BF4FF40057022A7C
:10CD480009D0042A30D0003B18BF01231B0306E09A
:10CD58004FF4C066E9E7B3FA83F35B091B07E2798E
:10CD68000968012A0CBF4FF4407C4FF0000CA54223
:10CD78001DD10A6822F0805222F4B05232431A437D
:10CD88000A604B6823F440533B434B6043681A687E
:10CD9800936823F4407343EA0C039360296840685E
:10CDA800BDE8F84011F0E7BA4FF48053D7E7D1F85F
:10CDB80000E00EF4C06E76451FBFD1F800E02EF4F7
:10CDC800C06E4EEA06060E6041680E68716801F48E
:10CDD80040518F421FBF716821F44051394371603F
:10CDE80041680E68316801F010218B421FBF31681D
:10CDF80021F010210B433360436819688B6803F4F2
:10CE080040739C451FBF8B6823F4407343EA0C03AF
:10CE18008B6043681B68D71E99687E427E41C1F3C8
:10CE280080318E4207D0032A9A680CBF42F48042B0
:10CE380022F480429A6021682B68994206D04068A3
:10CE480011F099FA08B923682B60F8BD0020FCE7B7
:10CE5800AA590208F8B5456803692C681F68236851
:10CE680023F0010323600646A86812F075FD002828
:10CE780066D0D5E902018368DB6803B1984754E8B6
:10CE8800003F43F00C0344E80032002AF7D139464A
:10CE98003046FFF73BFF10B16FF01500F8BD2B7E51
:10CEA8001BB1A36843F00803A3606B7E1BB16368E2
:10CEB80043F400436360AB7E1BB1636843F4803383
:10CEC8006360EB7E1BB1636843F4003363602B7FC0
:10CED80023B31D4B9C4207D0A3F574439C4203D057
:10CEE80003F570539C42D7D173681A68936843F46A
:10CEF8008043936023686A7F23F0787343EA425340
:10CF080023602368AA7F23F4F81343EA02432360CB
:10CF1800EB7F1BB1A36843F40043A36095F820306E
:10CF28001BB1236843F000532360236843F00103D7
:10CF38002360E3699A02FCD5E3695B02FCD5ADE79F
:10CF48006FF01200AAE700BF003801402DE9F04158
:10CF580043681C6803691E680B79012B02460D465D
:10CF680017D0981E41424141890295F805E0AF79F2
:10CF7800BEF1020F96BF30484FF4005C30F81EC077
:10CF8800022F09D0042F01D0002B4CD04FF4805031
:10CF980005E04FF4C061E8E7002B41D00020A3F181
:10CFA8000308B8F1010F04D86FF085031846BDE8EF
:10CFB800F0810BB1042FF7D0BCF5805F35D0BCF5FC
:10CFC800405F34D0BCF1000F0CBF012303239E4502
:10CFD800EAD111F03FF98742E6D1EB7963B1012B31
:10CFE80027D1164B9C4207D0A3F574439C4203D02B
:10CFF80003F570539C42D7D1236823F001032360C3
:10D0080029461046FFF782FE03460028CCD1226845
:10D0180042F00102226095E8030086E80300C5E7B4
:10D028004FF08050C8E71846C6E70023CFE7022331
:10D03800CDE7032BD5D0B7E7AA590208003801403D
:10D0480010B50446006903691BB94360083003F052
:10D05800E1FA20460249BDE810400EF063B900BF6E
:10D068006DD0000870B505464468032903D8DFE889
:10D0780001F0160528256FF0850070BD00212046B7
:10D0880011F000FB0028F8DB0F48A16883681B68D3
:10D0980013B96FF05700F0E7BDE8704018470A4829
:10D0A800A16883685B68002BF3D098470028E4D117
:10D0B80068680121BDE8704011F0E4BA01212046FA
:10D0C800F8E70020D9E700BFA42F02082DE9F74FA1
:10D0D800804605690F461E46914612B9002B00F09E
:10D0E800B280BB889A0400F18B804FF0FF324FF07A
:10D0F800FF3305F1080003F0C7FA6F60D8F810B0E5
:10D10800D8F804A0DBF80030DAF80040BA889F426B
:10D1180040F08280130508D5236823F44443B9F10D
:10D12800000F76D043F440432360BB88C3F3451314
:10D13800082B40F22781102B8CBF04270227B9F156
:10D14800000F40F02181C5F83C9000232B6405F1C5
:10D1580050023B4605F1400105F13C0011F07CFA14
:10D16800E864002E40F019816E640023AB6405F179
:10D1780058023B4605F1480105F1440011F06CFAEC
:10D1880000236865AB63D8F8043027681A68136809
:10D1980043F040031360D8F804301B7D1A0707F4E6
:10D1A800444706D58A4AD2F8903023F40043C2F89F
:10D1B80090302B6D1BB9AE6D002E00F02A812A68C5
:10D1C800DAF800609288D20740F1EE80B2689207E0
:10D1D80040F13C81002B00F039812946304611F09E
:10D1E80079FAB368DB0740F103816B6D002B00F01F
:10D1F800FF80AB6D002B00F0FB8029463046E3E052
:10D208002B69002B7FF471AF6B689F427FF46DAF81
:10D2180074E743F4004387E7DAF810100229C2F3F1
:10D2280045132CD003292DD0012910D06FF0850685
:10D238002B6813B19B889A0405D400236B6005F111
:10D24800080003F0E7F9304603B0BDE8F08F043B6F
:10D258001C2B8CBF00230123002BE7D0636810042C
:10D268005C484CBF43F0100323F0100363608368ED
:10D27800DAF80810DB6853B96FF00406D8E7043B06
:10D288000C2BE6E7082BE9D0102BCFD1E6E701AA53
:10D2980098470028F0DB0199386800231A460133C3
:10D2A80021FA03FC844540F21781082BF6D16FF070
:10D2B8001506BDE7236843F002032360BB8813F01B
:10D2C800040F236814BF43F0010323F00103236014
:10D2D800BB8813F4006F236823F4444304D0B9F1E6
:10D2E800000F3ED043F440432360BB8813F0100F77
:10D2F800236814BF43F0800323F08003236023686E
:10D3080023F4005323603B7D1BB99AF81430590766
:10D318002AD5236843F400732360636823F0040369
:10D328006360BB882C4913F0010F236814BF23F4F2
:10D33800827343F482732360BA886368C2F3451228
:10D34800043A23F4706351F82220134363600123E5
:10D358008BF86430636843F480536360CBF80070E3
:10D36800E3E643F40043BFE7BB8813F0010F2368EB
:10D3780023F40073D0D143F480232360636843F01F
:10D388000403CDE70127DAE6D9F80030EB63002B78
:10D398003FF4DBAED9F80430D8E633686B64002B71
:10D3A8003FF4E3AE7368E1E69AF81430DB071FD464
:10D3B800336803F44449B9F5004F0FD1DAF8000097
:10D3C8008368D907FCD5294611F0D1F910E000BFD0
:10D3D80000040058A42F020818420208B3689807EE
:10D3E800FCD52946304611F075F9B9F5404FE5D11D
:10D3F800DAF800309A6812F4B87F2CD09A68500690
:10D4080005D5DA680092009A9B680093009B6FF03C
:10D418000406D8F80430D8F8101018688368DF07B5
:10D4280036D4036803F48273B3F5827F3ED18368F0
:10D438001C062FD503685A062CD5036803F4444309
:10D44800B3F5004FF3D111F038F9F0E7736823F022
:10D4580080037360C5E6B7F5404F7FF4AAAE2A6D26
:10D4680092B9AA6D82B19A681106FCD41A6822F0A2
:10D4780040021A601A6822F4444242F400421A60D8
:10D488001A6842F040021A60276807F4444790E699
:10D49800037BC3E7D8F804301B7D1B0741BF184A3C
:10D4A800D2F8903043F40043C2F8903083689F0666
:10D4B80006D583680193019B036823F0400303604A
:10D4C8000B689B88DC0401D411F0F7F88E6301F136
:10D4D800200003F09FF8ABE623680A4923F04003D5
:10D4E8002360236851F8222023F038031343236074
:10D4F800BB889B073FF5DEAE236823F00203DCE61A
:10D5080000040058D04102084FF0E0230D4A996901
:10D51800126818699B69002908BF1146002B08BFCB
:10D52800134610F4803F084801D1994205D201689A
:10D53800114401604FF0E021096900681044C01AE5
:10D54800704700BFF4570020E8570020094B10220D
:10D5580083F82320084B4FF496521A60074B00209B
:10D5680018604FF0E02341F2BF225A610722986108
:10D578001A61704700ED00E0F4570020E8570020DA
:10D58800684620F007018D4601B5FFF7BDFF104B37
:10D59800104A186811680844106000221A600E4A80
:10D5A80013684FF49651C01AB0FBF1F001FB003339
:10D5B8001360EFF31181102383F31288BFF36F8F89
:10D5C80003F048FFFDF736F8BDE80140854670478F
:10D5D800E8570020F0570020EC5700202DE9F041D3
:10D5E800324D91B1421C0AD14FF0E022136923F069
:10D5F800010313614FF07F432B60BDE8F0812C6875
:10D60800012807DC4FF000080BE0431C2C68F7D119
:10D6180040F6A65040F6A7539842A8BF184600F116
:10D62800FF38EFF31186102383F31288BFF36F8F4F
:10D63800FFF76AFF1E4F4FF0E0230022D3F818C00F
:10D648003B6818441B4B1A601B4B1A68831A29D471
:10D658004FF4965E18FB0E3303F595531F33B3FB57
:10D66800FEF1131A0EFB0133B3F5806F134A38BF6E
:10D678004FF48063934228BF13464FF0E0222B609B
:10D688009169013B536100238C459361ACEB010325
:10D698003ABFE4180019C018386086F31188BFF340
:10D6A8006F8FAAE74FF48063E7E700BFF4570020C5
:10D6B800F0570020E8570020EC57002080E8FF00D2
:10D6C80038B5EFF31185102383F31288BFF36F8FFA
:10D6D800084B1C68084B1B68E41AFFF715FF85F315
:10D6E8001188BFF36F8F4FF496532044B0FBF3F0CB
:10D6F80038BD00BFF0570020EC57002038B5EFF3D5
:10D708001185102383F31288BFF36F8F044B1C68B5
:10D71800FFF7FAFE85F31188BFF36F8F204438BDF9
:10D72800F057002010B54FF0B0439A68D96812F04E
:10D738000C0205D00C2A4AD101F00303012B50D169
:10D748004FF0B0412B480B6813F0080306D00B6864
:10D7580013F0080337D1D1F8941007E00C682407B8
:10D7680056BFD1F894300968C3F3032350F8233027
:10D77800002A0CBF184600204FF0B0418A6802F01A
:10D788000C020C2A1ED1CA6802F00302022A2ED00B
:10D79800032A06D10B68184A13F4801F174B08BFD9
:10D7A80013464FF0B042D068D168D268C0F3062063
:10D7B8005843C1F302130133B0FBF3F0530F0133A5
:10D7C800B0FBF3F010BD0B68C3F30313CEE7042AD4
:10D7D8000AD0082A05D11B6813F4801304D106481F
:10D7E800CAE700231846C7E704480023C4E7034BE9
:10D7F800D7E700BF4C4202080048E8010024F400C3
:10D80800204A034607CA84B00DF1100C0CE9070042
:10D8180018463BB31C4B1B6803F4C063B3F5007F89
:10D8280022D11A4B984229D8194B984224D9194B1E
:10D8380098428CBF02200120174904AB03EB8000FB
:10D848000B6850F80C2C23F0070313430B600B688C
:10D8580003F007039A4213D0086800F00700831A00
:10D868005842584104B070470C4B984206D80C4BAC
:10D87800984201D90B4BDBE70020DDE70020F1E7F8
:10D888000120EFE73034020800040058006CDC0285
:10D8980080A8120100512502004000580024F4001D
:10D8A800808D5B00001BB70030B5194B194A11F089
:10D8B800805F08BF1C46036818BF144683EA010549
:10D8C80025420DD043F30904013409D001EA0204CA
:10D8D800114A1A4042F09F4242F4E002944203D1B6
:10D8E80000230360012030BD0A0D02F4E064B4F5A2
:10D8F800806F05D1C3F38924C1F389218C4201D2F9
:10D908000020F0E752B203EB82230360F8E700BF80
:10D9180000FC0F7000FCFF7F00FC0F002DE9F04FAA
:10D92800D1E9039587B006463C300F469A460595DF
:10D9380010F0ACFF9046044680B1C2F389246CB164
:10D94800F36BCAF38922C3F38923934204D16FF09E
:10D95800010007B0BDE8F08F6CD30024C8F3892B11
:10D96800284610F07CFF031D4B45F0D8A9EB0009B1
:10D9780005AACDE90192042303933A680092002195
:10D988003246304610F0B5FF0028E2D1059B1BBA9D
:10D998006B4023F000430593BBF1000F1ED0290D07
:10D9A80001F4E062B2F5806F18D1AAEB0402C2F369
:10D9B800892CC5F38920844510D322F07F4222F4B4
:10D9C800700222F47F7222F0030242F0804242F495
:10D9D8008012AA42BBD049B204EB8124AAEB04010D
:10D9E800694011EA080127D145F309030133AED094
:10D9F800129BC5F30908984528BF9846119B0293C6
:10DA0800109BCDF80C8004334B4401933B68009382
:10DA180032464346304610F06CFF002899D1129BDD
:10DA2800A3EB0802119B014603EB080014F0CFFE9C
:10DA380060198EE7014C91E71D4691E700FCFFFF56
:10DA480030B587B003AD094B00951446084A11F06C
:10DA580005F8002804DA831C00D1002007B030BD87
:10DA68002946204610F005FFF7E700BF0C00F07FBD
:10DA78000000F07F38B50749044614F0D4FE054984
:10DA88000546201814F011FF0444605DB0FA80F0D8
:10DA9800400938BD137B0208F0B51C4640F2FF333D
:10DAA8009A4285B005460E4604F1080C08D11B4978
:10DAB8006046F3F79FFB02232370002005B0F0BDFA
:10DAC800036FCDF800C0013343EA82239702144A5A
:10DAD80010F0C4FF0028F1DB000D02AB20700093AA
:10DAE80047F000530F4A43F008033146284610F028
:10DAF800B5FF0028E2DB40F20223B3EB105F4FEAE8
:10DB0800105202D1039B6360D7E740F201239A4287
:10DB1800D3D1C0F309006060CFE700BF137B0208D0
:10DB280000FC0F7800FC0F702DE9F04FABB000251A
:10DB38001F46CDE90A55BDF8E0300593BDF8DCB0C5
:10DB4800BDF9E43006908A460493A946384610F099
:10DB580086FEDAF80C3000EB0208984565D20423FB
:10DB6800039309ABCDE90183069ADAF800300093F4
:10DB780000210423104610F0BCFE002840F0198153
:10DB8800099B1BBA7B4043F000470997DAF800303D
:10DB98000A9308F104030B933C460AAB369A89EAC8
:10DBA80004061640844A16403DD1369AC2F38922AB
:10DBB800002A00F0A4804FF03C0C0CFB05FC0CF193
:10DBC800A8026A44349942F86C1C359942F8681CDA
:10DBD800369942F8483C42E91919059922F85A1C25
:10DBE800049922F8581C3A9942F8541C3B9922F897
:10DBF8005CBC42E91414DDE90A010CF1A80342F8FF
:10DC0800707C42E91EA80DEB030C443AACF14C03BE
:10DC180082E80300CDE904663B93684B36960135EC
:10DC2800B1463A93B346424690E7359B002B40F302
:10DC3800BE803499349B0831349135991C68099415
:10DC480001395B6835919046A8E7B2F5817F1ED10E
:10DC58001C460026099BC3F309029642E3D2049AA4
:10DC6800A168C3F38923134441EA832123786268B6
:10DC780003F5407341EA0351DDE93A30984700283B
:10DC8800C0F2978004F10C04CDD10136E2E71A46C0
:10DC9800049B04EB8321DDE93A3098470028C0F261
:10DCA8008880C0D0002D00F084802AAB013D3C2242
:10DCB80002FB053252E91C73349352F8683C3593E1
:10DCC80052F8643C369352E9110132F85A3C0593F4
:10DCD80032F9583C04930AAE52F8543C3A9352E94C
:10DCE8001EA852F8503C52F84C4C3B9386E803006F
:10DCF80052F8609C32F85CBC52F8483C0994369A59
:10DD0800C2F3892232B1C4F389225A458BD30599CB
:10DD18008A4288D2C4F30A52002A84D040F2011100
:10DD28008A4292D1254A07933A9B93423FF47BAFAC
:10DD38003C222AAB02FB05360021A6F1780014F03C
:10DD480046FD349B46F86C3C359B46F8683C369B50
:10DD580026F85CBC46E91939059B26F85A3C049B11
:10DD680026F8583C3A9B46F8543CC4F3090B3B9BB5
:10DD780046F8503C0BF101030593C4F38924049B36
:10DD88000F4A46F8707CA4EB0B041C4423B204939E
:10DD9800079B46E91EA89A460023CDE9353201358E
:10DDA8004FF0005934934FF0FF3798463BE7002077
:10DDB80078E72BB0BDE8F08F0000F07FB1D80008FD
:10DDC80000FC0F602DE9F04F85B09846836E0F9DDB
:10DDD800119EDB691446AA199A42074689461ED93C
:10DDE8006FF0530043E02368E06802331DD1D4E9A3
:10DDF80001130B449D4218D28D4216D3A3EB050A9A
:10DE0800B24528BFB246691A01445246109814F028
:10DE1800D0FC109B534410935544A6EB0A064EB30E
:10DE28006FF0010B08F1FF3ADDE7C4F800B0BB6EF4
:10DE38005B69B5FBF3F25A436260B96ED1F814C05E
:10DE4800896A0AEB0C032B44B3FBFCF30CFB03F3CA
:10DE58008B4228BF0B46A3604946CDE901030092D7
:10DE68000E9B054A3846FFF759FD0028BBDA05B076
:10DE7800BDE8F08F3046FAE700FCF7FF2DE9F04FD8
:10DE880097B016460A93C36E126807460D4653B1FB
:10DE9800934205D86FF05304204617B0BDE8F08FC1
:10DEA80071688B42F6D900214FF004080EABCDE91A
:10DEB80001130092CDF80C8043463A463846CDE926
:10DEC8000E1110F016FD044610B110F1540FE3D1F5
:10DED800CDF80C800FAB4FF000080293CDF804800A
:10DEE800736800933A4604234146384610F001FD12
:10DEF8000446002848D010F1540FCDD1414656F8B9
:10DF080021302B6081F00103099356F823306B60B0
:10DF180016AB03EB81014FF0FF3451F8203CAB60A6
:10DF28000023EB6002230893A34A92E8030010AB96
:10DF380083E80300042205F108014FF0FF3002F0E6
:10DF480005F80023CDE906330C90A14605934FF060
:10DF5800FF389B46404610F082FC0422BB6E0392B9
:10DF680083440DAACDE901B22A680092DB693A46DA
:10DF78000021384610F0BDFC064668B116F1540F72
:10DF880000F01881344687E7DDE90E31C91A002907
:10DF9800D4BF00210121B2E70C9804220DA901F099
:10DFA800D5FF0D9B0C901BBA88EA030ABAF1000F43
:10DFB800CDF834A01DDA4FEA185303F4F063A3F543
:10DFC800A06673427341EA68002A40F0FB80D5E9F5
:10DFD8000032C5E90023099A16AB03EB820353F814
:10DFE800203CAB60089B012B3FF454AF01230893FE
:10DFF8009AE7504610F033FCBB6EDA6900EB0B036E
:10E00800934200F2D7804FEA1A5101F4F061B1F55A
:10E01800A06F2B680BF1040833D10421039114A9D4
:10E02800CDE9018100933146134638463A4610F04F
:10E0380060FC06460028A1D1149A0C9B9A4240F035
:10E04800B9800D9BF86A1B0D04220CA98AEAC37AD1
:10E0580001F07CFFF8620D9810F001FC059BAB8283
:10E06800109BAB615844119BEB61C5E9030A069B01
:10E07800EB754FF0FF330C934B464C46D046994610
:10E0880068E70CA90438CDE9008002913846394682
:10E0980010F00BFD064600287FF470AF0D9B190D9C
:10E0A80011F4E0601CD1059AC3F389239A4201D880
:10E0B800013305930D99209B0A9A4B4013400B930B
:10E0C80062D12A68DDE92230CDE9142814AA9847DC
:10E0D800061E0B9B55DA16F1540F3FF474AF51E747
:10E0E800B0F5806F1DD1059A48B242FA81F18AB223
:10E0F8000592324A09EA020242F09F4242F4E002E3
:10E10800934202D149F00049D4E7B9F1FF3FD1D099
:10E11800C3F38923C9F389229342CBD809EB802919
:10E12800C8E7B0F5C06F2B6813D101F001020821D0
:10E138000692BA6E039110A9CDE901810093D369C3
:10E1480031463A46384610F0D4FB06460028B1D08E
:10E1580014E7C1F30A0240F2FF518A42AAD108210A
:10E16800BA6E039112A9CDE901810093D3693146B2
:10E178003A46384610F0BDFB54301BD001230793B4
:10E1880098E70D9B03D199464B46A14675E70C4A83
:10E1980089EA03010A4052B1022EF5D1C9F3892256
:10E1A800C3F389218A42EFD343F00049ECE74FF0EB
:10E1B800FF39E9E7002306E73C34020800FC0F00BA
:10E1C80000FCFF7F0021A97513B3B96E8869B2FB03
:10E1D800F0F300FB1323DBB9079BCBB14FF0FF3300
:10E1E800149314AB0293129BCDE900233846CA69F5
:10E1F8002B68394610F059FC20B110F1540F01D0AA
:10E20800044649E6DDE91332981A43424341AB75A7
:10E21800294607F13C0010F039FB88B1FB6BC4F3C9
:10E228008922C3F389239A4204D144F00044219BF4
:10E2380043B912E0611CFAD09A4288BFA4F5806401
:10E24800219B3BB1AA8AC4F38923934228BF134672
:10E25800219A1380002CBFF61FAEAB8AC4F3892421
:10E26800A34294BF00246FF0010415E62DE9F04F96
:10E278008DB015680693036A8B61436ACB612B786E
:10E28800049280460E46002B00F08880464CC4F36A
:10E298000A53022B059304D12846444914F005FB80
:10E2A80005444249284614F0BEFA0128074606D11B
:10E2B8002B782E2B0CD105F1010A5546E7E70228E9
:10E2C80006D102463A49284614F090FA002865D04B
:10E2D80005EB070AD1464FF0010B3449484614F0C4
:10E2E800E4FA81443149484614F09DFA0246C8B11F
:10E2F800012805D199F800102E2910D19144ECE796
:10E3080002280CD107902A49484614F06FFA079A58
:10E3180028B9BBF1010BF1D109F1020ACDE70BF1E4
:10E32800010BEBE72B78002B34D0049B1D60059B79
:10E33800022B36D1C4F3892440F2FF339C4206F104
:10E3480018091BD10DF1240B1A4B0293069BCDF82B
:10E358000CB0CDE900734A464FF0F04331464046D1
:10E36800CDE909850B97FFF789FD041E12DBA4D1BF
:10E37800F37D002BE8D16FF001040BE00E4B0F4A40
:10E38800CDF8009043EA84233146404610F066FBFE
:10E39800041ED7DA20460DB0BDE8F08F6FF01504E3
:10E3A800F8E76FF01304F5E700FC2F00137B020871
:10E3B800F27B02088DEB01080800002000FC0F70BA
:10E3C8002DE9F04F9046CE6A4A6BB24285B00746B7
:10E3D8000C465BD2B61A9E4228BF1E46DFF8B0B084
:10E3E800B14601F1400AB9F1000F01D1304618E0F9
:10E3F800216B480304D5BB6EE26BDB699A421BD1E3
:10E40800CA02636B10D404F13C02029204F1380290
:10E41800CDE900325146D4E90A23384610F010FC01
:10E4280030B105B0BDE8F08F6FF00102C4E90E23EA
:10E43800216B41F480212163BB6EE26BDB690192A1
:10E448009D1A4D4528BF4D4611F48011CDE902852E
:10E4580015D0A2884BEA8222009204F108015246A4
:10E468003846FFF7AFFC0028DBD1636B2B446363AE
:10E47800E36B2B44E363A844A9EB0509B3E7A26B5C
:10E4880000923846524610F034FAECE70020C8E70C
:10E49800000010202DE9F0470123144600228CB01B
:10E4A800C4E90623194BDFF86880DFF86890064650
:10E4B8000F460FCB08AD85E80F0004F1180A504647
:10E4C80010F0B2F910B16FF0010018E029462046AB
:10E4D80010F0B8FDB0B93B6806937B68079305ABAD
:10E4E800CDE90283CDE900900B4B059652462146B3
:10E4F8003046FFF7C3FC0028DFD0831CDDD00CB00A
:10E50800BDE8F0876FF05300F9E700BF4434020814
:10E518007DEA010808000020FF03F07F2DE9F04F95
:10E5280095B004460D46164600211C220CA80593FA
:10E5380014F04DF901231393494B0FCB0DF120082B
:10E5480088E80F0040F2022A12A810F06DF920B1F5
:10E55800A76A002F54D1384640E041460CA810F075
:10E5680071FD002879D112993046A847002835D185
:10E5780013993046A84788BB12AA0CA9204610F068
:10E58800C2FA58BBDFF8DCB0374F8146BDF84420EB
:10E598001FFA89F39A42D7D906AA0BEA892300926F
:10E5A8003B43324A0CA9204610F058FA002804DAF6
:10E5B800831C13D109F10109E8E7BAEB105F4FEAB0
:10E5C80010530ED1079B0093CDE90156069B2246B6
:10E5D8000021204610F07DFB0028EBD015B0BDE8E7
:10E5E800F08F059A002AE5D0B3F5007FE2D10699AD
:10E5F8003046A8470028F1D107993046A847EBE7ED
:10E60800BB79012B01D03F68A3E73B6B03F4881368
:10E61800B3F5803F13D03B6B03F49013B3F5003F81
:10E62800F1D1CDE901567B6B0093BB6B224607F114
:10E638004001204610F04DFB0028E4D0CEE7CDE99C
:10E648000156FB6A0093BB6A224607F14001204647
:10E6580010F03FFB0028DED0C0E76FF05300BDE7A5
:10E668004434020800FCFF030800002000FC0F707F
:10E6780038B5C26D436D1344C26EB3FBF2F1002589
:10E6880002FB1133826E4365C565D36A016EDB00F8
:10E698008B4294BF836581650446D26A406E2946E1
:10E6A80014F095F80549012322462046FFF736FF66
:10E6B80018B1C4E91655E36E236638BDB1E8010800
:10E6C8002DE9F04F044687B00D4605A9204610F005
:10E6D800D7FC064658B9DDF81480A06E414610F004
:10E6E80037FB0646002853D010F1540F56D0304659
:10E6F80007B0BDE8F08F2A6BCDF80C900DF1130A26
:10E7080012F4801FCDE9017AA3EB07031CD0AA8875
:10E71800244941EA8222009205F108015A4620461E
:10E72800FFF750FB70B9CDE902A9CDE900870123B5
:10E73800224604F11001204610F0C1FB60B110F12F
:10E74800540F2BD00646D2E7AA6B009259462246B0
:10E75800204610F0CEF8E5E70137EB6BBB42CAD88C
:10E76800A36EE1699A6AE86C14F023F823692B64B4
:10E7780063696B64A369AB64A06E04F1100110F0C7
:10E78800E9FA2B6BC5F8388043F400332B63AEE706
:10E79800074605F1400B4FF00109DEE74FF0FF3364
:10E7A800236192E70000102007B500230449019374
:10E7B80001AAFFF7B3FE00B9019803B05DF804FBA6
:10E7C800F1E801082DE9FF41144601230022C4E9BC
:10E7D8000623134B06460F460FCB8DE80F006D46F8
:10E7E80004F11808404610F01FF810B16FF001004E
:10E7F80010E02946204610F025FC70B939464046FD
:10E8080010F01CF830B142462146304610F07BF932
:10E818000028E7D004B0BDE8F0816FF05300F9E7B5
:10E82800443402082DE9F04F0D46816E6A688B6901
:10E83800C96914325F1E4FF0000A8A4294BFBF189C
:10E848007F188BB0B7FBF3F704465F43D1466FF0F0
:10E85800030B6E68BE4219D32B694FF0FF32089242
:10E86800A9EB0302CDE9003208AE02962B6809F144
:10E8780004022146204610F018F9002847D1089BC9
:10E88800534500F0B0806FF0530040E0ABEB060357
:10E898003B44043640F2FE32934294BFF618B61851
:10E8A800BE424FF0FF0335D38DF81F30A26ED2E978
:10E8B8000632D21AB24236D3012203920DF11F0258
:10E8C800CDE901622A68009200212246204610F014
:10E8D80010F810B110F1540F19D1A36E9A6900966F
:10E8E8004FF0FF33099309ABCDE9012321462B688B
:10E8F8000892204610F0D9F810B110F1540F06D143
:10E90800404A08AB2946204610F041FB58B10BB0ED
:10E91800BDE8F08FA7F11402964228BF1646BE4202
:10E928008DF81F30C2D29DF81F206B68E868D2436B
:10E93800ABEB0308C2F3C01202F5A062B04448EA88
:10E948000258AB6848F47F2848F4406888EA030313
:10E958001BBA089308AB1946042201F0F7FA0822FB
:10E9680008ABE860039202936B6801932B680990E7
:10E9780004F110010093224600232046059110F06F
:10E988009EFA0028C3D10599B9F1000F04D16B682C
:10E99800D5F80CA003F104099DF81F306E60DB4325
:10E9A8001B0603F0004383EA0803AB60B7424FF04D
:10E9B800FF33EB6006D9A36E62699B6A1344B342C6
:10E9C8003FF647AF4FF0FF3323602246002320462F
:10E9D80010F03BFA00289AD1A06E036998470028E6
:10E9E8003FF437AF93E70422CDE9009202962B68F3
:10E9F8002146204610F059F8002888D1089B002BA2
:10EA080085D040E708FCFF5F2DE9F04F97B0CDE9CE
:10EA18000823836EBDF884805A6A8B68BDF888B075
:10EA28000133002A04460D468B601ADC00270026B5
:10EA380000234FF0FF32CDE91132CDE91323696885
:10EA4800A06E1091C36C002B3CD0083B159310F0BE
:10EA58007FF9002838D010F1540F40F0BB803E46B3
:10EA680010E0013242F00102B3FBF2F102FB113374
:10EA7800002BDBD1012610A92846109311960FF020
:10EA8800DDFED0B14FF0FF3300274FF001092361BD
:10EA980010A92846CDE910790FF0D0FE50B1291DF4
:10EAA800204610F0EDFA50B110F11C0F40F09280A2
:10EAB800002EBDD16FF01B008CE03746B7E7074644
:10EAC8004E46B5E7C369C0E70DF14009042305F1D7
:10EAD80008024946204610F03BFA0028BBD10BAB90
:10EAE80007933E4B0693C8F100031BB2CDE904B36C
:10EAF8003B4B0293099B0193089B00930246209984
:10EB0800CDF80C804FF0FF332046CDE90B49FFF7D5
:10EB18000BF800289FD105F1180108460FF084FE74
:10EB280060B9EA7D0B462F4902F5C06241EA0252FC
:10EB38002046494610F02BFA00288CD10023CDE955
:10EB48000D330F9346B904F13C010DA80FF091FE67
:10EB580004F130010FF08DFE04F1480A0DA851466A
:10EB68000FF087FE0D9B02466FF3090329462046E6
:10EB78000D93FEF765FF68BBDDE90D3213430F9A6D
:10EB8800134308D0184A0DAB4946204610F0FFF948
:10EB980000287FF460AF49462046FFF743FE00286F
:10EBA8007FF459AFD5E90032C5E90023119BEB602A
:10EBB800ABEB0808129BA5F814802B61A064CAE986
:10EBC800010036B904F13C03303494E8070083E8C7
:10EBD8000700304617B0BDE8F08F00BF41F00108CC
:10EBE80000FC0F4008FC0F000CFCFF7F2DE9F04FE4
:10EBF80097B006460892209ADDF884800D461F4695
:10EC080003EBC200002140F2014440F2FF4C98425D
:10EC180028D1002949D1AB7D002B5CD14FF0FF33BF
:10EC28003361B5F814904FF00008C346A9EB080A01
:10EC3800BAF1010F00F2E180B8F1000F40F0118144
:10EC4800B36E5A6A002A00F321810023CDE90053EC
:10EC5800CDF80890209B3A4629463046FFF7D4FE67
:10EC6800044610E11A684FEA125EC2F30A52A24241
:10EC780004D1AA8A0132AA820833C8E7624504D1BE
:10EC8800AA8A013AAA820121F6E70EF4E062B2F5F7
:10EC9800C06FF1D15A681268AA615A685268EA616D
:10ECA8001A68C2F30052EA75E6E7AB8A002BB2D1C4
:10ECB800424629463046FFF785FD044628B1831CA5
:10ECC800A9D0204617B0BDE8F08F98F81730002B70
:10ECD800A1D0022473E0EA682B6810934FF0FF314B
:10ECE800CDE913122B69B06E11921293C16C01B366
:10ECF800083915910BA90791B54906910021CDE96D
:10ED08000411CDE9021120990B96CDE900710DF19E
:10ED1800400B29463046CDF830B0FEF705FF0446D3
:10ED280048B114F11C0F3FF479AF14F1540FC8D156
:10ED380074E7C169DCE70DF1340806F13009CDE963
:10ED48000D000F90494640460FF093FD06F13C0335
:10ED5800194606F1480A09930FF08BFD51460FF04A
:10ED680088FDDDE90E100D9A01436FF30902114386
:10ED78000D9210D0424629463046FEF761FE044601
:10ED880000289ED1934A43465946304610F0FFF872
:10ED980004460028C5D159463046FFF743FD0446CE
:10EDA8000028BED1119BEB60129B2B6199E80700EC
:10EDB80006F13C0383E80700B464CAE90144089BF0
:10EDC800D6F828801B681093089B5B68119306F19E
:10EDD80020030993B8F1000F3FF473AF08F1080955
:10EDE80010A948460FF02AFD8246002800F08480CA
:10EDF800D8F80080EEE7C14615E710AB1FFA88F295
:10EE08000793754B069353421BB2CDE90493734B9A
:10EE18000293209B0392CDE9007300224FF0FF3349
:10EE280029463046CDF840B0FEF77EFE044650BB7A
:10EE3800B36EDA6C02B9DA69BAF1FE0F0ED89969C5
:10EE48004B1E03EB5203283AB3FBF1F34B439342B7
:10EE580028BF1346109A9342BFF4EEAE08EB5A0847
:10EE6800E4E61FFA88F8CDE90189209B00953A4627
:10EE78002946304610F0AAFB04460028BBD010F102
:10EE88001C0F3FF4DDAE002C99DA1AE7AB680132AB
:10EE9800013342F00102B3FBF2F102FB1133002B04
:10EEA8007FF4D3AE4FF0010810A928461093CDF88F
:10EEB80044800FF0C3FC824600287FF4C6AE30467B
:10EEC800FFF772FC041EFFF6FCAEF36E1C1BB4EBDE
:10EED800D30F7FF6BAAECDE901A9209B00953A463B
:10EEE8002946304610F072FB044618B110F11C0F89
:10EEF800C9D1AAE6C146A8E6AE46BEE80F00CC4690
:10EF0800ACE80F009EE80F008CE80F00089B9945BD
:10EF180006D040F2FF4140F20140209B9A451FD1A4
:10EF280008F1200AB8F80420B8F81CB05A45FFF4D4
:10EF38005FAF98F81F1000293FF45AAF099950465F
:10EF48000FF07CFC18B1A2EB0B02A8F80420524683
:10EF5800494630460FF0D7FD0028E3D00446B0E616
:10EF680057F83A30C3F30A528A421ED1B8F804203F
:10EF7800C3F389239A420AD198F80630022B03D0AA
:10EF88004FF0FF33C8E902330AF1010AC5E7FBD99C
:10EF980098F80630013A022BA8F80420F4D1D8F8E2
:10EFA8002830013BC8F82830EEE78242ECD1B8F8A7
:10EFB8000420C3F389239A42E6D398F80630013235
:10EFC800022BA8F80420DFD1D8F828300133E9E76C
:10EFD80041F001080CFCFF7FDDE8010800FC0F4050
:10EFE8002DE9F04F866A9DB005460F4691469A4630
:10EFF800002E5FD13B6804933E467B6805930FCE95
:10F008000CAC0FC496E80F000DF1300814AE84E87C
:10F018000F00CDE900A64B463A4641462846FFF781
:10F02800E5FD041E71DB04A938460FF007FC48B95A
:10F03800C646BEE80F00BC46ACE80F009EE80F00CD
:10F048008CE80F00022C29D105F1480239462846E0
:10F05800FEF7F6FC0446002857D1149BFA7D04936A
:10F06800159B0593954B019002F5C06243EA025344
:10F07800089301230093183708AB04AA31462846A1
:10F088000997FFF7B3FD041E3FDBB446BCE80F0049
:10F0980047460FC79CE80F0087E80F00DFF820926B
:10F0A800884F4FF0000B012C40F0B38005F120038E
:10F0B80003938DE006F10800B84201D1366897E75E
:10F0C80039460FF0BBFB0028F8D1B379012BF5D1F5
:10F0D800336BD902F2D5AB6EF26A9B6A9A42EDD9CC
:10F0E800736BF363EB6E2B6631462846FFF7E8FA3D
:10F0F800044650B9336B23F48013336331462846F2
:10F1080010F067F904460028D8D020461DB0BDE8A5
:10F11800F08F0AF1080104A80FF090FB08B9CAE9BA
:10F1280002249AF80630022B07D10AF12C0104A810
:10F138000FF084FB08B9CAE90B24DAF800A052E002
:10F14800012128460FF03BFD314605F130000FF054
:10F158009DFB002863D02A6BC5F838A0C2F3892329
:10F168003A40C5E90C2AC4F38922934201D2A4F596
:10F178008064149A0292069240F2FF32934214BFBE
:10F1880049EA8323002308930023CDE90934019336
:10F198000223DDF854A0009306AA08AB314628469E
:10F1A800CDF81CA0CDF82C80FFF720FD041EACDBA9
:10F1B800012C37D1029BB646CDE9043ABEE80F00D0
:10F1C800C446ACE80F009EE80F008CE80F00A34689
:10F1D800039904A80FF032FBDDE90C2408B9C5E94E
:10F1E8000824D5F828A0BAF1000F92D1324604A914
:10F1F8002846FFF74FF9041EA2DAA21C85D1324631
:10F2080004A92846FFF7DEFA044670B1831C7FF490
:10F218007CAFBBF1000F0CBF0024032475E740F25C
:10F22800FF33A6E74FF0010AE9E72B6BC3F30903A5
:10F2380023B1CAF1000128460FF0C1FC314605F19F
:10F2480030000FF023FB002835D02A6BC2F3892346
:10F258003A402A630022C5E90D22149A0492159AAD
:10F26800059240F2FF32934214BF49EA83230023F8
:10F2780008939DF86730114903F5C06341EA0353C9
:10F288000022CDE90A38022309920192009304AAC8
:10F2980008AB31462846FFF7A9FC041EFFF635AF38
:10F2A800B646BEE80F00C446ACE80F009EE80F0063
:10F2B8008CE80F00F7E640F2FF33CEE708FC0F00BA
:10F2C8000000F04FFF0300802DE9F041036BC3F30A
:10F2D8000903A0B004460F46002B52D000251C227B
:10F2E800002108A813F073FA01238DF837300F9323
:10F2F80000260EA80FF098FA28B1002EEED1002DA6
:10F3080039D10125EBE70EAA10A920460FF0FBFB27
:10F3180058B99DF837300BBB18AA0EA92046FFF73D
:10F32800B9F800282FDA811C5FD020B0BDE8F08141
:10F3380091423ED1039A93423AE0236BC3F3892268
:10F348006FF39E2323630023C4E90D3340F2FF3398
:10F358009A4235D0314B43EA822332E00DF1400E18
:10F36800BEE80F000DF1200CACE80F009EE80F007E
:10F378008CE80F00BDE7216B494249B220460FF0E7
:10F388001EFC0020D1E7002DE8D10DF10808034646
:10F39800234ACDF8008018A920460FF05FFB00280B
:10F3A800C3DBDDE90E31029A9A42C1D1039B99422F
:10F3B800D4D008A904F130000FF068FA0028BCD1B5
:10F3C80000230493174BCDF81C800022CDE90523B8
:10F3D800022304AA08A92046FFF702FE0028A4DB9E
:10F3E800032808BF46F0010683E7002DB6D0002F9A
:10F3F800B4D004F1480210A92046FEF721FB0028EA
:10F4080093D19DF85720084B02F5C06243EA025396
:10F41800049316AB05930123DBE700BF0000F04F10
:10F4280000FCFF7F08FC0F6008FC0F0010B5036BA1
:10F438009B0590B0044622D500F1200208A90FF0E0
:10F4480062FB002844D1234B0293A36EDB6903932C
:10F45800E36E0493236F0593636F0693A36F07937B
:10F468001D4B009302AB01936A46012308A920466D
:10F4780010F0E6F860BB236B23F400732363E36B9F
:10F488001B0D13F4E06F06D10121204610B0BDE832
:10F498001040FFF719BF04F1400208A920460FF0F9
:10F4A80032FBA8B9E36BA063C3F38922236B6FF324
:10F4B8009E23C4E90C30094B43EA8223CDE902308C
:10F4C80002AA012308A9204610F0BAF80028DBD0C8
:10F4D80010B010BD01000200180010200000F04F0D
:10F4E80073B514460E4600F1480221460546FEF75C
:10F4F800A7FA70B9E27D084B02F5C06243EA0253ED
:10F508000093183401236A4631462846019410F0C6
:10F5180097F802B070BD00BF08FC0F002DE9F0435A
:10F528008BB013F0020F06460D460392984637D16A
:10F53800129B2B6505F1080700236B63EB63EB64F3
:10F54800C5F830802B1D03AA39463046FEF78EFEDB
:10F55800041E05DAA31C1AD10398FEF78BFAB0B182
:10F568000123AB71B36A2B60A01CB5625BD118F4A0
:10F57800807F0CD0039C7449204613F054F9225C18
:10F58800002A4DD1336F834213D26FF023042B6BC3
:10F5980043F400232B632946304610F0BCF804E0FE
:10F5A800FFF744FF04460028C2D020460BB0BDE850
:10F5B800F083AB886549DFF8988140EA832041EA07
:10F5C800832140F4801048EA8323CDE90412CDE971
:10F5D8000604CDE908323946032304AA304610F060
:10F5E8002FF810F11C0F0446CFD00028CFD1444685
:10F5F8004FF000084FF00C092B6D9A68424538D837
:10F608001B68002B65D0EB64B06E05F140010FF06C
:10F61800A1FB40F20123B3EB145F64D00024C4E7DC
:10F628006FF01304B3E718F4007F40F08380240DD3
:10F63800012C40F08280AB8818F4806F4FEA832356
:10F6480008D043F000542B6B43F4803344F4801407
:10F658002B63CDE705F1280243F00053009243F0F5
:10F6680008033C4A394630460FF0F8F9041EBFDA61
:10F678008DE72A6BD10705D42B6B9A071DD408F1A7
:10F688000108B9E75868B5F804C009FB08F2811801
:10F69800825C8B684968009143EA8C2302F54072CA
:10F6A80043EA025339462C4A30460FF0D7F900286E
:10F6B800E2DA831CE0D0044669E72A6D526809FB48
:10F6C80008229168B26F91423AD843F480332B6391
:10F6D800D5E7B36E986AFBF7C3F9E864002893D1BD
:10F6E8006FF00B0453E72B6B43F480136FF00102A8
:10F6F8002B63C4F309040023AA62EC622A646B64D6
:10F70800B36E9A6AAA64002C88D040F2FE33934202
:10F71800A98828BF134643EA8123EA6C009243F084
:10F7280000530C4A394630460FF098F9041EBFF6CC
:10F7380075AF2CE76FF0100429E76FF0140426E783
:10F748006FF01B0423E700BF137B02080000104082
:10F758000000102000FC0F7000FCFF7F30B597B050
:10F7680005460FF002FB044620B16FF00B0420465B
:10F7780017B030BDAB6E0146DA6A686E13F027F831
:10F78800D5E91A326C65DB6ADB00C5E9174293429A
:10F7980094BFAB65AA650EA928460FF0AFFC0446D6
:10F7A800002832D11B4B0293AB6EDB690393EB6EDF
:10F7B80004932B6F05936B6F0693AB6F0793164BF0
:10F7C800CDE90830154B0A93154B0B93154B0C9349
:10F7D80002AB0D9308AA03230EA928460FF030FFA9
:10F7E800044690B98DF84E00034602460EA92846F5
:10F7F8000FF026FF044640B9009001236A460EA97F
:10F80800284601930FF07FF9044628460FF0E4F9E3
:10F81800ADE700BF01000200000010400800F00F33
:10F82800F57B0208180010202DE9F0439BB0044630
:10F838000FF09BFA0646002840F09F8001461C22E4
:10F8480012A812F0C4FF012319934D4BDFF834813D
:10F85800DFF834910FCB08AF87E80F0018A80EF037
:10F86800E3FFB0B1236B03EBD373236304F13002DE
:10F8780007CA04F13C0383E80700E26EE36AB3FBBE
:10F88800F2F102FB113363650023C4E916332266E3
:10F8980035E0394612A80FF0D5FB00286AD10823B5
:10F8A800079305ABCDE90293384B0190009318AA52
:10F8B800374B12A92046CDE90548FEF7DFFA051EA9
:10F8C80019DB4CD045F30905013548D0129B23625A
:10F8D800139B63620CAB00932D4A2E4B12A9204652
:10F8E8000FF0BCF8051E06DB0C9B9AB21B0C022B12
:10F8F80009D06FF0150520460FF06EF92E463046F8
:10F908001BB0BDE8F083012AF3D8236B82F0010213
:10F9180023F4007343EA422323630F9B1BB1226F36
:10F928009342E6D82367109B1BB1626F9342E0D8DD
:10F938006367119B43B1A26F9342DAD8E26FA36762
:10F948009A4294BFE267E367A36E0E9A196A09B1F7
:10F958009142CED1E266DB690D9A9A42C9D104F18F
:10F96800300212A92046FEF76BF8054600283FF43E
:10F9780075AFC0E76FF05305BDE76FF00B06BEE744
:10F9880044340208F57B02088DEB01080800F00FEB
:10F9980000FCFF7F1800102070B598B00446039152
:10F9A800FFF744FD00285CD1034603AA06A92046B8
:10F9B800FEF75CFC002854DBC0F3892340F2FF32D9
:10F9C800934250D0000DA26A0E9202284FEA832576
:10F9D80004AE20D145F00053244A009643F00803B2
:10F9E80006A920460FF03AF800283ADB324610A95B
:10F9F80020460FF088F8002833D1159B33F47F0296
:10FA08002DD1012120460FF0DAF80EAB8DF83E20FB
:10FA1800ADF83C20A362002345F09F45059345F4CB
:10FA2800E0050123324606A9204604950FF008FE9A
:10FA38000E9BA362A8B9236BC3F309038BB14FF0E4
:10FA4800FF3120460FF0BBF806AA10A9FEF7BAFE50
:10FA580038B910AA06A92046FFF742FD01E06FF069
:10FA6800260018B070BD6FF01500FAE700FC0F70A3
:10FA78002DE9F04FADB0CDE904120546FFF7D6FCED
:10FA88000346002840F015810DF1200904AA4946D3
:10FA98002846FEF7EBFB061EC0F20D8140F2FF3848
:10FAA800C6F38927474505D16FF0150420462DB0C8
:10FAB800BDE8F08F0DF10E0305AA10A92846FEF740
:10FAC800D5FB041E32DBC4F389234345ECD010A9CF
:10FAD80048460EF0B3FEAB6A1893A31C804635D196
:10FAE800DDF814A07A49504612F09DFE1AF800304D
:10FAF8001BB1330D022B40F0E0802B6F8342C0F026
:10FB0800DF80B8F1000F19D02B6B6FF39E2343EA07
:10FB1800872343F09F4343F4E0032B63089B6B6305
:10FB28000234099BAB634FD1BB460DE0A21CBDD18B
:10FB38000598FDF79FFF0028C9D1B7E7BDF80E303B
:10FB4800BB42F1D807F1010B002343E0330DB3EBBF
:10FB5800145F4FEA145206D0022A0CBF6FF0140447
:10FB68006FF01304A2E7BDF80E30002840F0AB8018
:10FB78009F4201D1002499E7022A25D1554A0DF167
:10FB8800880A42EA8323CDF800A0534A10A92846E0
:10FB98000EF064FF002854DB52461AA928460EF0DE
:10FBA800B2FF00284DD11F9B33F47F0247D10121BA
:10FBB80028460FF004F818AB8DF86620ADF86420DD
:10FBC800AB62B8F1000F9FD1BDF80E20434BBB4686
:10FBD80043EA8223BDF80E202293414B3C4943EA75
:10FBE80082230024CDE92434059B239418464FEA48
:10FBF800822A12F018FE059B27936FF313064AEA30
:10FC0800070346EA0A0643F08053064343F4801389
:10FC1800CDE928392696B8F1000F02D12F4C44EAD5
:10FC28008B2400232B9322AA052310A928462A9463
:10FC38000FF006FD044630B1189BAB6236E76FF053
:10FC48002600044632E7B8F1000F17D02B6B1A0DC7
:10FC580012F4E06F12D06FF39E23C5E90C301F4BEE
:10FC6800A86343EA8723CDE9063006AA012349465B
:10FC780028460FF0E5FC04460028DDD1189BAB624E
:10FC88002B6BC3F30903002B3FF474AF4FF0FF3124
:10FC980028460EF094FF10AA1AA9FEF793FD044611
:10FCA80000287FF403AF1AAA10A92846FFF718FC0A
:10FCB800C7E70446FAE63446F8E66FF01304F5E6BB
:10FCC8006FF02304F2E6022A7FF41EAF56E700BF66
:10FCD800137B02080800002000FC0F700000F04FA2
:10FCE800000010402DE9F047A6B005460191FFF746
:10FCF8009DFB044688B9AB6A1C9301AA0DF1020367
:10FD08001EA92846FEF7B2FA831C044609D1DDF87D
:10FD180004804046FDF7AEFE40B9204626B0BDE857
:10FD2800F0870028A8BF6FF01004F6E73D49404669
:10FD380012F079FD2B6F8342064670D3EB6E2B666B
:10FD480004AF394628460FF0D9F904460028E4D113
:10FD58000DF1780CBCE80F000CAC0FC49CE80F0048
:10FD680084E80F000DF1480A9DF84730002B4DD16B
:10FD7800DFF8B490012302AA39462846CDE9029A51
:10FD88000FF05EFC04460028C7D19DF88F30D3B130
:10FD9800012128460EF013FF1CABAB6214AA012305
:10FDA8000CA98DF87640ADF87440CDE914970FF0A2
:10FDB80047FC1C9BAB6204460028AED14FF0FF31D4
:10FDC80028460EF0FCFEBDF80220184B43EA8223B9
:10FDD800149300231593164B43EA8223CDE9183771
:10FDE8009DF88F30002B104B46EA822618BF00235F
:10FDF800CDE91A3746F40016042314AA1EA928468A
:10FE0800CDE916680FF01CFC044686E752460CA99B
:10FE180028460EF078FE04460028A5D07DE76FF04E
:10FE280023047AE7137B020808FC0F6000001040E7
:10FE380008000020F0B587B001F1080603920C46CF
:10FE4800002303AA31460546FEF710FA00282ADBEC
:10FE5800030D022B29D1C0F3892040F2FF339842C9
:10FE680004AF15D12B6A04936B6A05933A46314661
:10FE780028460EF048FEB0B9A368E362E36823633E
:10FE88000223A080A062A371AB6A2360AC620AE07F
:10FE9800074B084A009743EA8023314628460EF06C
:10FEA800DDFD0028E2DA07B0F0BD6FF01300FAE7D5
:10FEB8000800002000FC0F702DE9F0410C461546A3
:10FEC80006464FF484720021284612F080FCA36A8B
:10FED80063B92846022300F8083B1A49F1F78AF962
:10FEE800A36A0133A3620120BDE8F081012B22D06F
:10FEF80004F1200804F10807A288A38B93420BD1D0
:10FF0800E07F0028F0D04246394630460EF0FBFD2F
:10FF18000028E9D1A08002462B4639463046FDF735
:10FF2800BBFD08B1831CDFD1A388023003F10103B4
:10FF3800A380E1D0D4E72846022300F8083B024911
:10FF4800CCE700BFF37B0208F27B020830B50C4D0A
:10FF58000A44914200D130BD11F8013B83EA000404
:10FF680004F00F0455F8244084EA101080EA1313B3
:10FF780003F00F0355F8233083EA1010E9E700BFB8
:10FF8800CC420208F8B50F4614461D46084E3046C6
:10FF98000FF0E2FC10B96FF08300F8BDB368A2B2AD
:10FFA8001B683946304698470028F4D12C60F4E79E
:10FFB8008430020838B5EFF31185102383F31288D3
:10FFC800BFF36F8F064B9C6808F09FFE85F311887E
:10FFD800BFF36F8F2046BDE83840FAF73BBB00BF40
:10FFE800F857002038B50A4B53F82040013053F831
:08FFF8002050A54200D838BDDD
:020000040801F1
:10000000606830B1037EDB0701D40FF091FC083447
:10001000F3E723689847FAE70C43020870B52F4BC3
:100020002F4C304D86B0012203201A70FFF7DEFFFF
:1000300001F02AFCAC4219D10420FFF7D7FF2A4C6B
:100040002A4D2646AE4204F1300415D300F03AFFA3
:10005000254CAC422CD300F049FFF4F7BDFC244AF8
:10006000938923F00103938106B070BD54F8043BDB
:10007000002BE1D09847DDE754F80C3C059354F889
:10008000103C049354F8143C039354F8183C029326
:1000900054F81C3C019354F8203C009354E90A2383
:1000A00054E90C0100F008FD54F8303C5E65C8E7E7
:1000B000D4E90A23B3F1FF3F08BFB2F1FF3F05D0F7
:1000C00052EA0301206803D10FF07AFF3034C0E711
:1000D0000849183001F01EF9F8E700BF867F0020BC
:1000E00010340208183402080C3302080C330208DA
:1000F00030490020DFFE010870B5164E164D174935
:10010000882386B003FB006601220023CDE9042387
:100110000F22CDE902320193142303FB005504465C
:100120004FF4A07000FB04110D4B00954FF480724A
:10013000304600F0C1FC337C0A4AEE6023F0040331
:1001400033744FF4046304FB033313442C746B6067
:1001500006B070BDA8480020F8570020809A002003
:10016000FBFA0108409200207FB50020FFF73EFF18
:10017000284B83F30888284C636943F40073636158
:100180000025F02384F82230E57725766576A5767C
:1001900084F82050636A43F4E0236362FAF74EF96F
:1001A000FAF746FA4FF0FF33A362E362FAF764FB13
:1001B000FAF7C0FA19481A4C00F0F6FCF9F798FE65
:1001C0000120FFF713FF0220FFF710FF00F0B8FE39
:1001D000144B15495C61154B059301234FF4C05234
:1001E000CDE90353CDE90155114B0095204600F0B0
:1001F00063FC237C064623F00403204623740FF09F
:100200003AFE2846FFF778FF094A31462046FAF7BA
:10021000F1F900BF809A002000ED00E0B84900200D
:1002200030490020F8570020C09B0020FE7B0208C8
:100230001D00010838B5064C064DAC4201D3002024
:1002400038BDD4E9011220460FF0D7FB1834F4E78B
:1002500088050020B80500201FB5054C0294CDE9A3
:1002600000230A4600210FF086FB04B010BD00BF3A
:100270004BAF010838B5074C074DAC4201D3002005
:1002800038BD20460FF0DFFB08B92034F5E76FF0EA
:100290001500F5E7480500208805002073B50C46D9
:1002A000EFF31181102585F31288BFF36F8F056975
:1002B0005DB125602B680361C3690133C361002010
:1002C00081F31188BFF36F8F11E052EA030603D167
:1002D00025606FF00B00F3E7CDE9002302460830FC
:1002E00000F04EFD18B9034B9B685B69236002B0B8
:1002F00070BD00BFF8570020F7B50E4604469DF8C4
:100300002010EFF31187102080F31288BFF36F8F56
:10031000656A2069854245D22568AC4219D0C5B1CD
:1003200028460FF0F5FB05F118000FF0D7FEE26844
:100330006869314612F041FA0023C5F88430284636
:100340000FF099FD04F1080039460FF0F6FD00208A
:1003500036E0E268D9B1206A314612F02EFA236AFB
:10036000E2681344A2692362934201D16369236264
:10037000636A01336362102104F1280010F020F851
:100380000028DFD187F31188BFF36F8F18E0E06991
:100390006369984208BFA069801AE061314612F093
:1003A0000CFAE5E752EA03010CD00849896804F128
:1003B00008004E61CDE900233946224600F0E0FCFA
:1003C00003B0F0BD6FF02200DCE700BFF85700205B
:1003D000F7B504460846EFF31186102181F3128821
:1003E000BFF36F8F616A00293BD0E268E16912F0C8
:1003F000E4F9E369E26825681344A269E361934282
:1004000004BF6369E361636AAC4203F1FF33636273
:1004100036D02846002D34D00FF07AFB05F11800B5
:100420000FF05CFE6969E268206A12F0C6F9236A7F
:10043000E2681344A2692362934204BF63692362A2
:10044000636A0027013363622846C5F884700FF0A1
:1004500012FD04F1080031460FF06FFD384603B07D
:10046000F0BD52EA030111D00A4989684861CDE91B
:1004700000233146224604F1080000F081FCEEE73B
:10048000002086F31188BFF36F8FE8E76FF022003A
:10049000F7E700BFF85700202DE9F341044617465F
:1004A0001E46EFF31188102383F31288BFF36F8F7A
:1004B000304BC2689B6872B18068984217D057EA87
:1004C000060216D188F31188BFF36F8F6FF00F000B
:1004D00002B0BDE8F08193F90E1021610132C4E948
:1004E000023288F31188BFF36F8F0020F0E7216993
:1004F000F3E793F90E1090F90E30994230DA9942F1
:10050000A8BF19460FF067FB0546CDE900761A48EB
:100510002246414600F034FC0028E6D0EFF3118675
:10052000102383F31288BFF36F8FA068D0B12368C4
:1005300021699C420AD04BB193F90E309942A8BF71
:1005400019466FF07F039942B8BF19460FF043FB7D
:1005500040B1094831460FF0F0FC6FF00A00B7E7F0
:100560000025D2E7002DF4D186F31188BFF36F8FF9
:10057000F3E700BFF8570020877F0020F8B58368B5
:100580000546002B40D0234A926893423FD1C3686E
:10059000012B03D9013BC3600020F8BDEFF31187A5
:1005A000102383F31288BFF36F8F016980680FF007
:1005B00012FB2C68A54207D10023C5E9023387F35B
:1005C0001188BFF36F8FE7E7002CF5D0D4E9003234
:1005D00013605A60237C002623F002032374C4E9CD
:1005E0000066A66004F118000FF078FDAC6094F985
:1005F0000E302B612046C4F884600FF03CFC0648A6
:1006000039460FF09AFCC7E76FF01500C5E74FF0C9
:10061000FF30C2E7F8570020877F002070B5EFF366
:100620001186102383F31288BFF36F8F0468A042F2
:100630001BD0D4B1D4E9003213605A60237C00256A
:1006400023F00203C4E900552374A56004F11800E7
:100650000FF044FDC4F8845020460FF00CFC3146E6
:100660000A48BDE870400FF068BCD0E902329A42F7
:1006700018BF01338360022110300FF0A1FE002863
:10068000EDD186F31188BFF36F8F70BD887F002096
:1006900013B5EFF31181102484F31288BFF36F8F29
:1006A000846844B1013C846081F31188BFF36F8F8B
:1006B000002002B010BD52EA030406D181F3118874
:1006C000BFF36F8F6FF00F00F3E7CDE90023024611
:1006D000014800F055FBECE7887F0020F8B505469F
:1006E000EFF31186102383F31288BFF36F8F002777
:1006F0002C68A54219D0C4B1D4E9003213605A6005
:10070000227C002322F00202C4E900332274A36099
:1007100004F118000FF0E2FC6FF00A03C4F8843013
:1007200020460FF0A8FB0127E2E70023AB6002217F
:1007300005F110000FF044FE28B927B986F311889F
:10074000BFF36F8FF8BD31460248BDE8F8400FF0A7
:10075000F4BB00BF887F00202DE9FF41544E0446C2
:100760001027EFF3118887F31288BFF36F8FD4F847
:100770008C50F5B9022104F1A4000FF04BFA0028C7
:1007800070D004F19C050022012128460FF038FCAE
:100790000028F8D1002302934FF0FF324FF0FF33CF
:1007A000CDE90023414604F19402424800F0F2FCF6
:1007B000D7E7D4F890202B68C4F88C30954208BF56
:1007C000C4F89030D4F8A43043F00203C4F8A43045
:1007D000EB6823F0040343F00103EB606B6888F3DC
:1007E0001188BFF36F8F28469847EFF3118887F37E
:1007F0001288BFF36F8FEB68D80623F001023ED456
:10080000EA60EB689A0717D5306823F00203EB60C3
:1008100090B10368002178B1426895423DD10368E8
:10082000002934D172683360904200D17360002394
:1008300040F8083BFFF7F2FED4F8A43023F002039F
:10084000C4F8A430DB0530D4D4F88C30003B18BF9A
:10085000012388F31188BFF36F8F002B81D000F044
:1008600077FB7EE7D4F8A430D90693D5C4F8A4006A
:1008700088F31188BFF36F8F04B0BDE8F08123F0D7
:100880001103EB6005F11000FFF7C8FEB9E70B603C
:100890007368984208BF7160C9E701461BB11A68C6
:1008A00018461346B7E71A46FAE70023D1E700BF18
:1008B00018580020897F0020F8B5C3689A070446BD
:1008C0000E46C3F3400542D45F0742D40B680BB910
:1008D00083680B60E368D80744BFA3683360376858
:1008E0004CBF0225012557B31B4B9A68D7F88830B7
:1008F0009A421ED10FF07EFA80F00100C0B2D7F804
:10090000A430D907C3F380021CD5F2B1F8B100239B
:100910002360D7F8903073B9C7E9234438460FF005
:10092000A8F9E36843F00403E3603368A360284652
:10093000F8BD0020E3E71C60C7F89040EEE76FF0D9
:10094000150506E06FF0120503E01B07DFD56FF019
:100950000F0500233360EAE7F857002001460148FD
:100960000FF013BA604A0020F0B589B004460020A9
:10097000C4E923000E9D04F19400C4E9250004F1AC
:100980009C00C4E9270055B32879002840F20110E3
:1009900008BF0120C4F8A40000204FF0FF364FF03C
:1009A000FF37CDE90330CDE90100CDE906670D4BF6
:1009B0000094204600F0CCF855B1296811B12046CA
:1009C0000FF01EFA6B791BB1A38943F00103A381D9
:1009D00020460FF0F5FAC4F8884009B0F0BD0120B8
:1009E000D8E700BF5907010837B501900846EFF373
:1009F0001184102181F31288BFF36F8FC16811F049
:100A00001E0F16D153EA020508D101A9FFF754FFC2
:100A100084F31188BFF36F8F03B030BD41F008013C
:100A2000C160019981620449103000F073FC01201B
:100A3000EEE70020ECE700BFE7FC010801460148B3
:100A4000FFF7D2BF604A0020F0B585B00C46019098
:100A500017461D46EFF31183102181F31288BFF36F
:100A60006F8F03A9204603930FF0DFF855EA0703C1
:100A7000039E09D101A92046FFF71EFF86F31188C6
:100A8000BFF36F8F05B0F0BDE368074943F008037B
:100A9000E360019BA3623A462B4604F1100000F08C
:100AA00039FC0120EAE700BFE7FC010801460148E4
:100AB000FFF7CABF604A00202DE9F043073285B036
:100AC00022F007020E461F461099818100F158035B
:100AD0007F32C0E916330446002322F03F0204218E
:100AE000836001743F2A0F98A073C4E90633E3734F
:100AF00006F14009A2F1400805D883F31188BFF33D
:100B00006F8F084602DFB51829462046F9F79CFA90
:100B100007300E9B20F007006067C4E91B98029322
:100B20000D9B01932D1A0C9B00932A463B463146A0
:100B30002046F9F72DFD00236365044B9B6803B144
:100B40009B6FA367284605B0BDE8F083F8570020E7
:100B5000F0B587B000250595109D04950F9D039570
:100B60000E9D0295DDE912760D9D01950C9D009577
:100B70000446FFF7A1FFB6F1FF3F08BFB7F1FF3F03
:100B800005D056EA070305D120460FF019FA204692
:100B900007B0F0BD3A46334604F11800014900F0B1
:100BA000B9FBF4E7DFFE0108012310B5037483816C
:100BB0000023C0E91B33044600F060FE014B9C603B
:100BC00010BD00BFF85700200A4A93686FF00A0171
:100BD000C3F884100849C3F880004B6843F0805381
:100BE0004B60002383F31188BFF36F8F9368D3F8B2
:100BF00084007047F857002000ED00E070B590F9D0
:100C00001020037C002A2FDBD9062DD11A4C63F06B
:100C10007F032246037452F8183FE169934207D1DB
:100C2000C0E900210860E0610FE09942F8D01B683C
:100C3000002BF5D093F90E6090F90E50AE42F4DD22
:100C40005968C0E9003108605860A569954200D034
:100C500005B9E568A3681A7CD20606D1DA897F2A2D
:100C600003D9AA690AB9636170BDAB4202D02846B4
:100C700000F0D2FA6561F7E7F857002038B590F92F
:100C80001020037C002A014604DA03F07F0303747A
:100C90000FF0B9F80D4D2A46AB6852F8184F944240
:100CA00000D004B9EC688B4207D01A7CD20604D17C
:100CB000DA897F2A01D9A2692AB1A34202D020464B
:100CC00000F0AAFA23466B6138BD00BFF857002038
:100CD000B3F1FF3F08BFB2F1FF3F03D00249183024
:100CE00000F018BB704700BFDFFE0108034648B99B
:100CF000EFF3058232B9064A51699268914201D0F8
:100D0000FFF762BF83F31188BFF36F8F704700BF97
:100D1000F857002038B5184CA168E0690B6881428B
:100D200014BF1A46002249680B605960A368E16944
:100D30002AB9124AC3E900210B60E3610AE092F983
:100D40000E5093F90E00854212DD5168C3E900216F
:100D50000B605360A569094B9D4200D005B9E56859
:100D6000A3689D4202D0284600F056FA656138BD5E
:100D70008A42DED01268DBE7F857002010580020C6
:100D8000F8B50E4B0C4611460D4A98681060DDE927
:100D90000667EFF31182102282F31288BFF36F8F80
:100DA0009D6828460FF041F8284632463B46FFF73B
:100DB0008FFF2046BDE8F840FFF706BFF857002038
:100DC00020580020F8B50446EFF31187102383F371
:100DD0001288BFF36F8F037C03F01F02002A0CBF41
:100DE0000126002649B235D103F07F0303740FF0CA
:100DF0000AF8294D037C817363F07F032A4603744C
:100E000052F8183FE869934207D1C4E90020046012
:100E1000EC610DE09842F8D01B68002BF5D093F9F7
:100E20000EC08C45F6DD5968C4E900310C605C6089
:100E3000AC69944200D004B9EC68AB689C4202D023
:100E4000204600F0E9F96C6187F31188BFF36F8FDA
:100E50003046F8BD9B071CD585680EF0D4FF817322
:100E60002B689D4209D16B68C4E900531C606C601B
:100E7000EAE76A689A42F6D01B68002BF3D093F930
:100E80000E208A42F5DD5A68C4E9003214605C60C5
:100E9000DAE78173D8E700BFF8570020034648B966
:100EA000EFF3058232B9064A51699268914201D046
:100EB000FFF78ABE83F31188BFF36F8F704700BFBF
:100EC000F8570020EFF31181102383F31288BFF34A
:100ED0006F8F054B9A68D37B013BD37381F31188E5
:100EE000BFF36F8F704700BFF857002070B5EFF366
:100EF0001186102383F31288BFF36F8F0F4DAB68F9
:100F0000DA7B0132DA732A4652F8184F944200D045
:100F100004B9EC681A7CD20604D1DA897F2A01D997
:100F2000A2692AB19C4202D0204600F075F92346FE
:100F30006B613046BDE87040FFF7D8BEF85700201F
:100F4000024B03F11802C3E906227047F85700204C
:100F500070B5EFF31186102383F31288BFF36F8F00
:100F60001A4CA168E0690B68814214BF1A4600223E
:100F700049680B605960A368E1692AB9144AC3E95A
:100F800000210B60E3610AE092F90E5093F90E0024
:100F9000854216DD5168C3E900210B605360A569E5
:100FA0000B4B9D4200D005B9E568A3689D4202D075
:100FB000284600F031F965613046BDE87040FFF722
:100FC00003BE8A42DAD01268D7E700BFF857002084
:100FD00010580020F8B550EA010306460C4603D12C
:100FE000FFF7B6FF0020F8BDEFF31187102383F35E
:100FF0001288BFF36F8F124D124BA8681860FFF76D
:101000003DFEA868104923463246183000F082F9A8
:10101000AA68137C43F00403137404463846FFF7B0
:10102000D3FDAB68D3E90A23B3F1004F08BF002A10
:10103000D8D10FF088F8201A20EAE070D3E700BF7B
:10104000F857002020580020DFFE0108014B986867
:10105000704700BFF85700202DE9F8430446878900
:10106000EFF31186102383F31288BFF36F8F037C95
:10107000190705D586F31188BFF36F8FBDE8F88394
:10108000D90943F008026FD10274A36813B1204656
:101090000EF0C1FE04F118000FF020F8A56D04F168
:1010A0005808A84511D04FF0000975B128460EF038
:1010B000B2FE05F118000FF011F8C5F8849028462B
:1010C000FFF79CFDA56DA845EFD1DFF8BC80D8F8EF
:1010D00008309C4250D1EFF30589B9F1000918BFDF
:1010E0004FF00109D8F81850284A954200D00DB9A0
:1010F000D8F80C50AB4202D0284600F08DF82046BC
:10110000C8F814500AF0B1F9B9F1000F02D0204824
:10111000FFF74AFDD8F808309C4230D1EFF3058341
:101120006BBBA289D20711D586F31188BFF36F8FED
:1011300083F31188BFF36F8F0423184602DFEFF3A8
:101140001186102383F31288BFF36F8F3046FFF7A9
:101150003BFDFB0792D5002383F31188BFF36F8F0C
:101160000423184602DF89E703F07F0343F00803F6
:1011700003740EF048FE88E74FF00009B2E786F3EB
:101180001188BFF36F8FE4E7F85700201058002054
:10119000B8490020D3B5DDE90667089CCDE90067B2
:1011A000FFF7EEFD1CB1034B9B685B69236002B047
:1011B000D0BD00BFF8570020027C12F01F0203468A
:1011C00010D10A4988420DD00949086868B1D98907
:1011D0007F2909D893F90E20064B1B689A42B8BFA5
:1011E000002070470020704710467047A848002034
:1011F000BC04002024580020044BC01A044BC0102B
:101200005843044B01221A54704700BF404A002043
:10121000ABAAAAAA8A7F002070B50C4B0C4D1E7C8D
:10122000FFF7CAFF182303FB0655044628460EF0B5
:1012300055FF084B00229A553CB1621E28460649CC
:10124000BDE87040D31700F065B870BDF8570020B6
:10125000404A00208A7F0020F911010838B5EFF3D9
:101260001185102383F31288BFF36F8F0F4B104A41
:101270009C681068A04206D1FFF7CEFF85F3118865
:10128000BFF36F8F38BD00211B7C1160094AD35C0E
:10129000002BF3D02046FFF78FFF0028EED0237CF1
:1012A000DB0601D1FFF736FD2046E5E7F8570020C1
:1012B000205800208A7F0020024B1868984208BFFF
:1012C00000207047C0040020034B1B680BB9FCF7DB
:1012D000FBB90020704700BF2C58002030B570B11A
:1012E0000B4B5B6898420AD0036843B1D3E90421F1
:1012F000D0E90445121941EB0501C3E90421D0E905
:10130000003213605A600023C0E9003330BD00BFD3
:10131000C0040020B3F1FF3F08BFB2F1FF3F2DE949
:10132000F84F0446994615461F467AD08160EFF380
:101330001188102383F31288BFF36F8FB9F1000F68
:10134000DFF8E4A020DBFFF7BFFFDAE90027013573
:1013500049F100092D1849EBE073C4E90453AD18B5
:10136000064643EB07074FF00109FFF7A5FFDFF83B
:10137000BCE0DEF804A00346EBB9C4E900EACAF811
:101380000040CEF8044028E0DAE900126FF00103D3
:101390005B1A4FF0FF3161EB02025B1B62EB09024B
:1013A000012B72F10001BCBF01230022C0E904320D
:1013B0004FF00009D9E7D3E9041CD4E904208A429C
:1013C00070EB0C0B24DA891A5A686CEB0000C3E945
:1013D0000410C4E9003214605C60FFF76DFF8442C2
:1013E0000ED1134B1B685BB9B9F1000F02D1FFF7A7
:1013F0006BFF064630460EF05AFE0021FCF7F2F86D
:1014000088F31188BFF36F8F28463946BDE8F88FFF
:10141000521A60EB0C005345C4E90420ADD01B68A0
:10142000AAE700252F46EFE7584A0020C004002015
:101430002C580020EFF31182102383F31288BFF39E
:101440006F8F054B1B681B1A5842584182F3118855
:10145000BFF36F8F704700BF285800202DE9F04779
:10146000DFF8B890DFF8B880C9F800000246FFF74F
:1014700023FF0D4600260027D8E900134FEAE27E3D
:1014800050B1D0E9044CA2427EEB0C0A1BDAA41A3C
:101490006CEB0E06C0E9044652184FF0000443EB13
:1014A0000E032046C8E90023C9F800400EF0FFFDF6
:1014B0002146FCF797F885F31188BFF36F8FBDE8DD
:1014C000F047FFF7CBBE611843EBE473C0E9046754
:1014D000DFF850A0C8E90013FFF700FF01224FF02A
:1014E0000043C0E90423CAF8000085F31188BFF364
:1014F0006F8F83689847EFF31185102383F3128869
:10150000BFF36F8FD9F800200023121BCAF80030F8
:10151000C9F80020FFF7D0FEAEE700BF2C5800202E
:10152000584A00202858002010B5EFF311841023EA
:1015300083F31288BFF36F8FFFF7C6FE054A034699
:10154000D2E90001181841EBE37184F31188BFF36D
:101550006F8F10BD584A0020F8B50446EFF311878D
:10156000102383F31288BFF36F8FD0E90423B3F104
:10157000004F08BF012A04D087F31188BFF36F8F93
:10158000F8BDD0E90A566A1C46F10003022A73F13D
:10159000000334D3013D46F1FF36002EBCBF0025C9
:1015A0002E460EF0D4FD013041F10001401946EB0A
:1015B0000101012871F1000148DB0EF0C8FD013086
:1015C00041F100016FF00203401946EB0101834233
:1015D0006FF000438B413EDB0EF0B9FD013041F16D
:1015E00000016FF00102401946EB0103121A4FF09F
:1015F000FF3161EB03031A492046FFF78BFE236B93
:1016000001332363236A63B187F31188BFF36F8FBC
:1016100020469847EFF31187102383F31288BFF316
:101620006F8F54F8185FA542A6D0002DA4D028468D
:101630000EF030FC0023C5F8843087F31188BFF327
:101640006F8F2846BDE8F8400EF015BC6FF0010220
:101650004FF0FF33CFE700224FF00043CBE700BF4E
:10166000591501082DE9F04105461C4690461F46D4
:10167000EFF31186102383F31288BFF36F8FB4F159
:10168000FF3F08BFB2F1FF3F05D186F31188BFF3DA
:101690006F8FBDE8F081002C09DB012A74F1000393
:1016A000BCBF0122002412F1FF3844F1FF37284665
:1016B0000EF014FDDDE906010023C5E90A012B63E4
:1016C00042463B4628460249FFF724FEDDE700BFBD
:1016D00059150108F0B51423154E03FB0100002431
:1016E000102701B9F0BD10F8073C40F80C4C03F08E
:1016F0003F03102BA0F1140C0CD826FA03F3DB07E0
:1017000008D550F8143C2BB150F8105C2B605D608C
:1017100040E9054482F31188BFF36F8FEFF3118224
:1017200087F31288BFF36F8F01396046D9E700BF96
:10173000160101002DE9F74F1D46274B9F68012335
:1017400087F8603087F8613052EA050316460CBF0F
:101750000123002307F1600280460EF067FD8146F9
:10176000EFF3118B4FF0100A8AF31288BFF36F8FDB
:1017700097F860404CB901465A464046FFF7AAFF29
:101780008BF31188BFF36F8F0BE0002387F8603075
:1017900056EA050309D18BF31188BFF36F8F6FF001
:1017A0000A04204603B0BDE8F08FCDE900650B4A7E
:1017B0000B485946FFF7E4FA0446EFF311858AF324
:1017C0001288BFF36F8F2A4649464046FFF782FFD3
:1017D00085F31188D6E700BFF8570020C804002021
:1017E0008B7F002010B50346EFF31184102282F3A3
:1017F0001288BFF36F8FC16001218160006883424E
:1018000005D184F31188BFF36F8F002010BDD0E99C
:10181000003213605A600023C0E900330EF08DFDE2
:10182000024821460EF089FBEFE700BF8B7F0020C6
:1018300073B50446EFF31186102383F31288BFF3C8
:101840006F8F8368594003EA02050A4053400093B2
:1018500000226B46084901920EF0F5FBDDE90032EB
:1018600023EA020304F10C00A36031460EF065FB8D
:10187000284602B070BD00BF9F040208014B836779
:10188000704700BF88050020014809F015BC00BF63
:10189000037C020807B5074B0093074907484FF040
:1018A000FF334FF48052FFF75FF8002003B05DF87C
:1018B00004FB00BF2443020800B40020604A00205B
:1018C00070B50A4E041F00F11C020025012056F8D5
:1018D000041B54F8043FC9435B1845EB05011B1872
:1018E00041F10000A242F2D170BD00BF944E020847
:1018F000F8B5064608460D46FFF7E2FF0024DFF87C
:1019000038C00246C117C0F1000E20465CF8043B07
:1019100055F824702EEA0303DB1940EB00079B18EF
:1019200046F8243004F1010441EB0702082C4FF083
:101930000001EBD1F8BD00BF944E020838B50A464D
:101940000C4628310EF05BFE054628300EF064FE92
:1019500004F1500105F150000EF03EFE04F1780153
:1019600005F17800024ABDE838400FF015B900BF14
:10197000B44E02082DE9F0419EB0074668460C4679
:101980000FF0BCFB69460AA80FF0B8FB0AA908468D
:101990000FF0B4FB0AAA104621460FF0FDF80AAA80
:1019A000694668460FF0F8F8694668460FF0A6FBEE
:1019B0006A460AA968460FF0EFF869460AA80FF0D0
:1019C0009DFB04250AA908460FF098FB013DF9D1BB
:1019D0006A460AA968460FF0DFF869460AA80FF0C0
:1019E0008DFB09250AA908460FF088FB013DF9D1B6
:1019F0000AA908466A460FF0CFF80AA914A80FF002
:101A00007DFB132514A908460FF078FB013DF9D1A1
:101A10000AAA104614A90FF0BFF80AA908460FF049
:101A20006DFB09250AA908460FF068FB013DF9D1B5
:101A30006A460AA968460FF0AFF869460AA80FF08F
:101A40005DFB31250AA908460FF058FB013DF9D18D
:101A50000AA908466A460FF09FF80AA914A80FF0D1
:101A60004DFB632514A908460FF048FB013DF9D151
:101A70000AAA104614A90FF08FF80AA908460FF019
:101A80003DFB31250AA908460FF038FB013DF9D18D
:101A90006A460AA968460FF07FF8694668460FF063
:101AA0002DFB694668460FF029FB224669466846C9
:101AB0000FF072F869460AA80FF020FB0AA9224627
:101AC00008460FF069F814A80EF07BFD14A9204613
:101AD0000FF075FF044614A80EF077FD14A90AA8AC
:101AE0000FF06DFF14A9804608460EF07EFD0AA88F
:101AF0000FF065FF1449064614A80EF076FD014666
:101B00000AA80FF05CFF694605460F4A38460FF0F9
:101B100043F846EA050282F00102694638460EF0B3
:101B2000F1FD282168460FF0C8FE0DEB01000FF013
:101B3000C4FE14A80FF0C1FE44EA080444EA0600FB
:101B40001EB0BDE8F08100BF044F02082DE9F0414E
:101B5000C6B0074688466846114601221C460EF06C
:101B60001CFE0AA80EF031FD14A80EF02AFD6946ED
:101B70001EA80EF031FD28A80EF027FD013C00251F
:101B8000214640460FF088FC2E46464032461EA9AC
:101B900005460AA80EF04DFD28A9324614A80EF0FD
:101BA00048FD0A4632A81EA90EF036FD0AA914AA5D
:101BB0003CA80EF031FD08460EF021FD28AA1EA912
:101BC00014A80EF01CFD0AAA32A928A80EF0E4FF02
:101BD00014A93CAA08460EF0DFFF3CA932A80FF07A
:101BE0008DFA0AA93CA80FF089FA14AA28A91EA800
:101BF0000EF005FD10460EF00FFD32AA3CA90AA812
:101C00000EF0CAFF3CA932AA08460EF005FD14A941
:101C100008460FF073FA254A3CA928A80EF0D3FE17
:101C20001EA908460FF06AFA32A9084628AA0EF043
:101C3000E6FC14AA694628A80EF0AEFF32AA3CA919
:101C400014A80EF0A9FF013C9AD22A461EA90AA8A0
:101C50000EF0EFFC14A82A4628A90EF0EAFC014673
:101C60000FF0C8FE0AA914AA08460EF095FF0AA9AB
:101C700038460FF02AFE282168460FF01EFE0DEBB5
:101C800001000FF01AFE14A80FF017FE32A80FF093
:101C900014FE1EA80FF011FE28A80FF00EFE3CA89F
:101CA0000FF00BFE46B0BDE8F08100BF42DB010043
:101CB0002DE9F04F9DB00C4601900021642203A84D
:101CC00010F089FD0DF10C08DFF8CCE0414600264C
:101CD00004F13C0A251F5EF8047BAC46084600224E
:101CE00003685CF8049F4FF0000BE7FB093B9B186F
:101CF0004BF10002E24540F8043BF1D10136092ED8
:101D00000A6401F10401E5D10021202203A810F0AA
:101D100062FD03AB00210020D3F84090DFF87CE0A7
:101D20009C460646C1F10807DCF800205EF804ABCB
:101D30004FF0000BE9FB0A2B921900F101004BF167
:101D40000006B8424CF8042BEED10131082903F10A
:101D50000403E0D11C3401210020D8F8002055F8FC
:101D6000043FD2439B1840EB00025B1842F1000194
:101D7000AC4248F8043BF0D103A90846FFF7B8FD90
:101D80000198082203A90EF0E3FB642103A80FF0D9
:101D900094FD1DB0BDE8F08F30430208944E020858
:101DA0002DE9F041044600F128060122304604F1F5
:101DB000500804F178050F460EF0EFFC40460EF097
:101DC00004FC314628460FF099F9194A2946204665
:101DD0000EF0E2FE4246294628460EF01DFC204643
:101DE00021460EF00CFC294622460EF0D5FE214677
:101DF0002046FFF7BFFDB8B12246294620460EF027
:101E0000CBFE20460FF010FEFB7FB0EBD31F03D1BB
:101E1000214620460EF0E9FB2846324621460EF0C8
:101E2000BBFE0020BDE8F0814FF0FF30FAE700BFB5
:101E3000DC4E02082DE9F041E6B004AD2E4B2F4AEE
:101E4000DFF8BC802F4F044628460FF062FE20A822
:101E50000EF0BBFB2AA80EF0B8FB34A80EF0B1FBC5
:101E600020460FF047FB1F23CDE901530CAA16AB08
:101E700020A92046CDF800800FF0A8FC9F23CDE9D3
:101E80000153009716AB0CAA20A920460FF09EFC28
:101E90001E263EAA214620460FF0E9FBCDE9015659
:101EA00016AB0CAA20A92046CDF800800FF08EFCBE
:101EB00006F18003CDE90153009716AB0CAA20A9C7
:101EC00020460FF083FC013EE3D20CA828210FF03E
:101ED000F4FC3EA8A0210FF0F0FC16A828210FF07A
:101EE000ECFC20A878210FF0E8FC202128460FF018
:101EF000E4FC66B0BDE8F0815E7D02087E7D0208EC
:101F000014470208544302082DE9F047ADF5846DEB
:101F100000F12009B8AF0D460446494638469046C0
:101F200008220EF008FB294618A8FFF739FF28B150
:101F30004FF0FF300DF5846DBDE8F087214640A8D5
:101F4000FFF72EFF0028F3D13846FFF7B9FC002831
:101F5000EED190AA18A968A80FF089FB18A93846F5
:101F6000FFF7ECFC3A4668A990A80FF0D5FA90A9C3
:101F7000E0A8FFF7E3FCFC22114640460FF08CFA84
:101F800008B9013AF8D101324FF6FF71D2B28DF89B
:101F90000B20ADF808108DF80A10FC2421464846A5
:101FA0000FF07AFA08B9013CF8D10134E4B24FF6E7
:101FB000FF71944218A88DF80F40ADF80C108DF801
:101FC0000E1038BF14460FF095FADFF810A118A9CB
:101FD000084668AA0FF04BFB43462246032102A89D
:101FE0000FF098FB4B460646052103A80FF092FB25
:101FF000002E054637DD7610A02202FB067218A9D6
:1020000008460FF089FA002D4CDD0EAB6D107822DA
:10201000009302FB05A204AB18A908460FF0D4FAFE
:10202000013CD4D240A990A8FFF788FC18A990AA37
:1020300008460FF071FA18A940AA08460FF017FBDE
:1020400018A940AA08460FF012FB18A940AA084692
:102050000FF00DFB18A968A80FF0F7FC204968A83D
:102060000FF022FC66E7CED006EBD6766FF09F012C
:1020700076104E43B9199AA80EF0AEFA06F128016F
:10208000394490A80EF0A8FA06F150013944A4A8EA
:102090000EF0A2FA06F178013944AEA80EF0A5FAC6
:1020A00090AAACE7BCD005EBD5756FF077036D1047
:1020B00005FB03A529469AA80EF08EFA05F1280122
:1020C00090A80EF089FA05F15001A4A80EF08DFA3F
:1020D0000EAB009390AA04AB9EE700BFD44A02085F
:1020E0009E7D020810B594B0044601220AA80EF0A5
:1020F00054FB0AAA0E4968460EF081FA10460EF00B
:102100008BFA11460FF076FC0AAA694668460EF073
:1021100043FD694620460FF0D8FB282168460FF0A2
:10212000CCFB0DEB01000FF0C8FB14B010BD00BFDD
:102130002C4F02082DE9F04FA7B003680E934368B7
:102140000F9383681093C3681193036912934369D3
:10215000139383691493C3691593036A1693436AAF
:102160001793836A1893C36A1993036B1A93436B8B
:102170001B93836B1C93C36B1D9300F13803229355
:1021800000F1B8030C931C9B0B931A9B08931B9BA9
:102190000993189B0693199B0793149B0593159B12
:1021A0000A93129B0393139B0493109B0193119B1F
:1021B0000293DDE90E63DDE916BADFF88481DDF80C
:1021C00074E0009300F138094FEA9A324FEA9A44DA
:1021D00044EA8B3442EA8B4262404FEACA5444EAF2
:1021E0005B244FEA9B314FEA9B4CD8E900754CEADF
:1021F0008A3C624041EA8A4159F8084F4FEACB5382
:1022000081EA0C0143EA5A234B40D9F804103C19E7
:1022100045EB01051919089B23EA0B07099B23EAE3
:102220000A04069B42EB05020BEA0303079D7B4071
:10223000CB180AEA05050B9984EA050442EB04026F
:102240005B1800994FEA86744FEA167545EA011546
:1022500044EA91044FEA81774FEA117141EA06118D
:1022600047EA960787EA0107009984EA05044FEADE
:10227000466545EAD1154FEA416141EAD61184EA43
:10228000050487EA0107039D01994EEB020281EAEA
:10229000050E0299049D81EA050C0099039D0CEA44
:1022A000010C019929400B91029D04990D400B9955
:1022B0000EEA060E8EEA010161188CEA050547EB6D
:1022C0000504059DDDF824E013EB050C0A9D42EBA7
:1022D00005055B180399059104990A9108990B91DA
:1022E0000C9942EB0402494508F1080840F0898145
:1022F00014490C9100210B910B9910310B910C9901
:102300000D91229905910899209109992191069999
:1023100008910799099103991E9104991F910199B8
:10232000039102990491009902916FF00101CDE9A6
:1023300006BA0196E346AA461E4600920A9103E0B9
:1023400058340208D03402080A9901F00F04083406
:1023500000EBC40150F8347049684FEAD1484FEAA5
:10236000C10E48EA47384EEA577EFC0C4FEAC709CF
:1023700088EA0E0EBF0949EA517944EA413447EA36
:1023800081678EEA911E059984EA0904674051F835
:10239000084F059149683F194EEB010E0599C1E9B7
:1023A000007E0A99A1F10D0404F00F04083400EB3B
:1023B000C40150F83480D1F804904FEA590141EA41
:1023C000C87123914FEA182141EA096124914FEA2B
:1023D000192141EA086125914FEA5804249944EAF9
:1023E000C97461402491259C23994C4021464FEAB1
:1023F000D818249C48EA496884EA0804E41981EA68
:10240000D911059F4EEB0101C7E900410A9FA7F1D1
:10241000050E0EF00F0E0EF1080E00EBCE0750F871
:102420003EE07F6814EB0E0441EB0701059F4FEA85
:10243000953EC7E90041AF0C47EA8C374EEA8C4E17
:102440008EEA070EEF0547EA5C278EEA070E089F23
:102450004FEA9C384FEA9C4949EA853927EA0C073C
:1024600048EA854888EA090823974FEACC59099F2A
:1024700049EA552988EA090827EA0509069F0CEA6E
:10248000070C079F3D40239F87EA0C07DDF834C007
:1024900018EB070789EA05054EEB050E5CF8085FA7
:1024A000CDF834C0DCF804C0CDF88CC07F194EEBF9
:1024B0000C0E3F19209CDDF8108041EB0E013F19F6
:1024C000219C4FEA127544EB01014FEA837E1C0FF9
:1024D0004FEA827C4EEA920E4CEA930C44EA0214D4
:1024E00045EA031584EA0E0485EA0C054FEA436EBB
:1024F0004FEA426C4EEAD21E4CEAD31C84EA0E0428
:1025000085EA0C05DDF80CE0DDF804C08CEA0E0C61
:10251000DDF808E08EEA080E0CEA030C0EEA020E63
:10252000019B039A1340029A8CEA0303E31802EA20
:1025300008021E9C8EEA020245EB020217EB040C15
:102540001F9CCDF87C8041EB0405FB1841EB020297
:102550000A9901310A9103991E91089920910999CC
:1025600021910A990E295ED10C9980310C910B9919
:1025700040297FF4C1AE0E99CB180F9941EB0202AE
:10258000C0E90032109B009A02999E19119B43EBFF
:102590000203C0E90263019A129B9B18139A42EB53
:1025A0000102C0E90432039A149B9B18159A414614
:1025B00042EB0102C0E90632169B179A079913EB0A
:1025C0000C0342EB0505C0E90835189B199A13EB7B
:1025D0000B0342EB0A02C0E90A32069A1A9B9B18C7
:1025E0001B9A42EB0102C0E90C32089A1C9B099924
:1025F0009B181D9A42EB0102C0E90E3227B0BDE8DC
:10260000F08F069908910799099101990391029910
:10261000049100990196CDE906BA0291E346AA46D3
:102620001E460092D0E506990891079909910199F3
:1026300003910299049100990196CDE906BA02919D
:10264000E346AA461E4600927EE600BF054B5A7836
:10265000022A04D11878C31F5842584170470020FD
:10266000704700BF305800200E4B0340B3F1607F2D
:1026700006D1B1F5885F0CBF00206FF0860070476F
:10268000B3F1707F0BD101F4E043B3F5005F06D1E5
:1026900011F4E06F14BF00206FF0860070476FF0F8
:1026A000860070470000C07F8A42F8B506460D4696
:1026B00000F0D2806C4B22F4FF7121F001019942AD
:1026C00022F0FF070FD003F588539F420BD022F46E
:1026D0007F7121F00301A3F57063994203D003F5E4
:1026E000A0639F4227D1604B25F4FF7121F00101C7
:1026F000994210D05D4925F0FF038B420BD025F4A1
:102700007F7020F00300A1F57061884203D001F5CD
:10271000A0618B420FD115F0FF000BD0544B40F05D
:102720000070984240F09A8082EA0500FF288CBF32
:1027300000200120F8BD05F0FE43B3F1A06F11D1D8
:1027400002F0FE43B3F1A06F71D182EA050333F4C6
:102750007E136CD12C046AD5C5F30540C2F3054243
:102760009042E4E7B3F1407F61D102F0FE43B3F160
:10277000407F5CD182EA050030F47E1457D13146A7
:102780002846FFF771FF002868D13A4912F47C10FF
:1027900001EA020116D0B1F1607FC2F3054335D1E1
:1027A000D1B241F0007101F17E410339102901D805
:1027B000314C645C15F47C1F2ED19C4214BF002068
:1027C0000120B7E7B1F1607F0AD1D3B243F00073C3
:1027D00003F17E43033B102B44D82849CB5CDFE751
:1027E000B1F1707F16D106F4E043B3F5005F37D145
:1027F000C6F3022101238B4006F4E041B1F5005FEE
:10280000D8D1C6F302260124B440D3E7B1F1707FDA
:10281000D0D1F1E70346CDE718B9C5F30541A14290
:102820001AD0290403D5C5F3054098427FE725F463
:102830007F03B3F1106F0AD102F0FE43B3F1106FC2
:102840000CD10F48104040F01060A842B6E70D4B85
:102850009D4203D1AF42B1E701206BE7002069E759
:102860000346C9E703469BE7000200060013000683
:10287000FF0000020000C07FBE7D0208BE7D02088E
:102880000000FFF60001000A37B505460C46FFF7C9
:10289000DDFE78B1002301930A46084801AB2946C2
:1028A000FDF774FB20B9019BA34218BF6FF09300A2
:1028B00003B030BD6FF08800FAE700BF3458002045
:1028C0002DE9F843884617461C4600F0DFFA054616
:1028D000002844D1D8F80060B6F8009009F4E0432D
:1028E000B3F5804FB36808BF27F0010737EA030349
:1028F0002DD1A4B3244B24F4FF7222F001029A429A
:1029000010D0224A24F0FF0393420BD024F47F71AD
:1029100021F00301A2F57062914203D002F5A0629A
:1029200093421FD114F0FF0304D0194A43F00073FF
:1029300093421ED0F16822464846FFF7B5FE07468F
:1029400068B9316922464846FFF7AEFED0B96FF04C
:1029500084050023C8F8003030460FF024FD2846D7
:10296000BDE8F88304F0FE43B3F1407F04D12304B3
:10297000E0D56FF08605ECE7B3F1A06FF7D0044B1C
:102980009C42D6E73D46EAE7000200060013000637
:10299000FF00000238B500F0FE43B3F1407F04466B
:1029A0000D4602D06FF0860038BDFFF75DFE0028AF
:1029B000F8D114F47C1F18D0C4F30543032B137013
:1029C00022D9224A2240B2F1607F31D1E4B244F0F0
:1029D000007404F17E44033C102CE3D81C4A125DC1
:1029E0009342DFD8202BDFD90EE0184B2340B3F100
:1029F000607F0FD1E3B243F0007303F17E43033BEA
:102A0000102B04D9002313706FF08500CCE7114917
:102A1000CB5CD3E7B3F1707FF4D101F4E043B3F5BD
:102A2000005FEFD1C1F3022101238B40DBB2C5E788
:102A3000B2F1707FB6D105F4E042B2F5005FB1D1DA
:102A4000C5F302250122AA40CAE700BF0000C07FEB
:102A5000BE7D0208BE7D02082DE9F04F9B468FB077
:102A600001F0FE430024B3F1806FDDE91868DDF862
:102A7000689009940F46924674D10B464FF48072C9
:102A800009A9FFF71DFF054600286FD1099B1B8888
:102A900003F4E042B2F5005F1CD113F4E06F19D0EB
:102AA000374927F480728A420AD001F500718F42BB
:102AB00006D034498F4203D0A1F53F418A4209D163
:102AC000C3F3022301249C40102C0ED900266FF082
:102AD000830530E042F20402934202D12A4B9F4226
:102AE0000DD02A4B9F420CD10D24A04540D3214646
:102AF0000AA8FFF7C9FE054620B100261BE00C24FA
:102B0000F3E700240998026C00F1200146B335195F
:102B1000D0F804C05FEA1C2CA8EB040323D1CDE954
:102B200005390AABCDE903B50093CDE9014A3B462F
:102B30000FF089FC054609980FF035FC0746DDB912
:102B4000D8B924B122460AA930460FF036FED9F88A
:102B500000301C443846C9F800400FB0BDE8F08F83
:102B60003546D5E726466FF08605E4E72646E2E7D8
:102B700000266FF08905DEE72F460024EAE700BF54
:102B80000010C00400FF4004000180040013C004D2
:102B90002DE9F04188B01F460023079301F0FE4362
:102BA000B3F1806F109E0C46904618D06FF08605EA
:102BB00007980FF0F8FB2F4B1A68002814BF014646
:102BC00029464A4053085B42524213433268DB179E
:102BD00022EA03020846326008B0BDE8F0810B46E5
:102BE0004FF4007207A9FFF76BFE05460028DFD1FE
:102BF0000798038803F4E042B2F5005F17D1C3F3EE
:102C00000222012113F4E06F01FA02F10FD01A4DF4
:102C100024F48072AA4215D005F50075AC4211D09B
:102C2000164DAC420ED0A5F53F45AA420AD042F25D
:102C30000402934202D1124B9C4218D0114B9C4289
:102C400002D10D21B942B1D84368026C1B0A00F1D0
:102C50002001ABD10F9B03930E9B0496CDE901732A
:102C6000CDF8008023460FF03CFC0546A0E70C2180
:102C7000E8E700BF605A00200010C00400FF4004D5
:102C8000000180040013C00410B5114C23785807CC
:102C900044BF03F0FB032370990705D500F096F8B5
:102CA000237823F00203237063781BB1094A0023C1
:102CB00063605360002307486370082100F034FD0F
:102CC0002378DA0744BF23F00103237010BD00BF4F
:102CD000305800203458002038B5FFF7B7FCA0B9B1
:102CE000124C2378980707D400F068F8237843F053
:102CF000020323700546A8B9D90762785CBF43F088
:102D00000103237022B15A0708D50025284638BD93
:102D1000074962604A6002226270F4E743F00403EC
:102D20002370F2E7FFF7B0FFF0E700BF3058002054
:102D30003458002000F14042072A30B50CD81E4B11
:102D4000442404FB02331A7E022A02D15A698242C9
:102D500026D06FF08B001CE0421E6FF040439A4279
:102D60000ED2154A00241346157E022D02D1556954
:102D7000854212D00134082C02F14402F4D1E8E774
:102D800000F1004303F58033B3F5704FE9D36FF0E2
:102D9000870030BD6FF09600FBE7442202FB04334E
:102DA0001A7E022AF6D1DA69501CF3D00132DA61B8
:102DB00000200B60EDE700BF3C580020024B0122D1
:102DC00083F82022002070473C5800202DE9F04174
:102DD0000A4C002526464FF001080327C4F81C8042
:102DE0002776204601350FF0A3F9082D04F144049D
:102DF000F4D1002386F82032BDE8F0813C58002051
:102E0000F8B5214D95F8203206460F46002B35D0F7
:102E100000242B462246197EF9B13CB9022905D17E
:102E2000D96919B91979002918BF1C460132082A35
:102E300003F14403EFD114B96FF08C000BE0237E53
:102E4000022B04D1E3695A1C1CBF0133E361204605
:102E50000FF06EF910B100240EE01C46237E83B9FA
:102E6000012323763EB1651BAD1003F1F0335D43C2
:102E700005F18045356000203C60F8BD6FF08800AA
:102E8000E9E76FF09600E6E73C58002038B5094BBB
:102E900000250D6093F8203243B1FFF74BFF10F18E
:102EA0008C0F02D10D606FF0870038BD6FF0880085
:102EB000FBE700BF3C58002010B500F0FE44B4F121
:102EC000A06F0FD0B4F1806F0FD1094CA04209D18F
:102ED0000120B1F5105F107004D10BB102221A70FD
:102EE000002010BD6FF08500FBE7024CEEE700BF4D
:102EF000004440040002C0032DE9F047054600F1FC
:102F000008071C46894638460E889DF920A0904641
:102F10000FF029FC2C60B9F80290314600234A4694
:102F200020460FF049FA014600284DD0384600F0FF
:102F30003DFC00283CD153464A464146384600F005
:102F400055FCA8BB04F0FF42B2F1906F06F4E043D9
:102F500032D0B3F5005F0DD0687142F204039E4297
:102F600002D11B4B9C422DD01A4B9C420CBF0D240E
:102F700000241CE0C6F30222012393406B7116F477
:102F8000E06FEAD0144A24F4807393420AD002F529
:102F90000072944206D0114A944203D0A2F53F42F7
:102FA0009342DAD1C6F302260124B440E4B22C7174
:102FB000BDE8F0470FF01AB80122B3F5005F6A715F
:102FC000CBD1DCE70C24F2E76FF08500BDE8F08799
:102FD000000180040013C0040010C00400FF40047E
:102FE0002DE9F04F144602689B4602F0FF4385B07E
:102FF000B3F1906FDDE90E7805460E4600F0838050
:103000004179436A2344B3FBF1F34B43BB427CD881
:103010003F4B9A4261D182680023002A45D017793C
:1030200007F01F070393C8F80030002C39D0686AF6
:1030300005F1080930B3A7EB000AA24528BFA24654
:1030400009303146524648440FF0B7FB6B6A53448F
:103050009F42A4EB0A0456446B6213D103AB009366
:103060003A465B4605F11101484600F011FC0EF0AE
:10307000BDFFB8B9D8F80030039A1344C8F800303F
:10308000934468620DF10C0AA74210D94CB1686AEA
:1030900009302246314648440FF08FFB6B6A2344C7
:1030A0006B62002005B0BDE8F08F1F46BAE75B46B3
:1030B0003A463146CDF800A0484600F0E9FB0EF054
:1030C00095FF0028EED1039AD8F800301344E41B92
:1030D0003E449344C8F80030D6E714B9C8F800401D
:1030E000DFE75B4622463146CDF8008005F1080057
:1030F00000F0CEFB0EF07AFFD8F80030BB4288BF5C
:103100006FF09600CEE7BC42E7D96FF08900C9E7BF
:1031100000444004F0B5044687B00F46164600212F
:10312000102202A81D4601910FF055FB636A2BB1D6
:103130002368284A23F48063934248D001AB2A468F
:1031400002A904F1080000F0E3FB0EF04FFF044673
:10315000002835D1102E344628BF102426B122462F
:1031600002A938460FF029FB1B492D680B68086837
:10317000634045400C6883EA050284EAD274600823
:103180004042644220430C680A68096884EAE0749B
:103190005B1B23EA040305EAE070034382EAD3726F
:1031A00053085B4252421343019CDA1781EAE373EE
:1031B00024EA030404F0960402F08A031C436442E8
:1031C00002A8102100F0B0FA204607B0F0BD6FF061
:1031D0008604F5E700404004605A002010B50368FB
:1031E00004462BB1054A934205D104300FF02CFA66
:1031F0000020206010BD6FF08800FBE7090000028E
:10320000F8B5076805460C4607BB124B994213D127
:10321000061D30460FF014FA3046394600F04AFADF
:10322000064628B92C603046BDE8F8400EF0DEBEF8
:103230002846FFF7D3FFF6E701F0FE44B4F1007F24
:1032400014BF6FF086006FF08500F8BD6FF0880046
:10325000FBE700BF0900000210B5074B04689C4261
:1032600006D104300FF0F5F9BDE810400EF0BEBEF7
:103270006FF0880010BD00BF090000022DE9F04189
:10328000047844F0007404F17E44033C102C1F4683
:1032900098BF124B3A6098BF1C5D0646884615469B
:1032A00088BF00241AB1212140460FF094FAAC42A5
:1032B0000DD832680A4B9A420CD14146301D0FF0AE
:1032C00008FA0EF093FE00B93C60BDE8F0816FF0A3
:1032D0008900FAE76FF08800F7E700BFCF7D0208AA
:1032E000090000022DE9F047294B164602681340F9
:1032F000B3F1607F8AB080460D4645D1D0F804A076
:103300005FFA8AF343F0007303F17E43033B00222C
:10331000102B019298BF1F4A00F1080794BF12F8C2
:103320000390914601AB202202A938460EF0F2FF2D
:10333000044628BB514638460EF0B4FF0446D8B9BF
:103340004A4608F1780138460EF0CDFF044698B998
:10335000019A02A938460EF0C6FF044660B901ABD7
:10336000202202A938460EF0D5FF044620B9324685
:1033700002A928460FF021FA019902A800F0D4F919
:1033800020460AB0BDE8F0876FF08804F8E700BF78
:103390000000C07FE07D020838B50268044672B1C3
:1033A0000B4B1340B3F1607F0BD14021783000F01C
:1033B000BBF904F108000EF066FF00232360002033
:1033C00038BDB82200210FF006FA6FF08800F7E749
:1033D0000000C07F2DE9F043D0F8008095B004468E
:1033E000B8F1000F40F0A280524D03601D40B5F1CE
:1033F000607F0DD1DBB243F0007606F17E43033BE4
:10340000102B03920ED94660002A49D117464EE090
:10341000B82241460FF0DFF96FF08505284615B058
:10342000BDE8F083102B20D8DFE803F02525251F09
:103430001F2525091D1B191F1F17151311003E4BB2
:1034400063606FF085052046FFF7A6FFE6E73B4B7C
:10345000F6E73B4BF4E73B4BF2E73B4BF0E73B4BEC
:10346000EEE73B4BECE73B4BEAE73B486660C35C6F
:10347000002BC9D0E5E7402A666013D9402703AB8B
:10348000019340230093304604AB0EF05AFF0546EB
:1034900068B1402104A800F047F9002DBED0D2E762
:1034A0000027ECE712B104A80FF087F940270DF1CF
:1034B0001009039D4B46A84529D1BD4206D2C5F14E
:1034C0004002362109EB05000FF085F905F177027E
:1034D00004F1770322449A4221D1BD4207D204F17C
:1034E0007800C5F140025C2128440FF074F904F122
:1034F0000808314640460EF0D5FE05460028C8D1E2
:103500003A4604A940460EF0EEFE0546C1E71A7899
:1035100082F0360203F8012B08F10108CBE719F815
:10352000011B81F06A0103F8011FD4E76FF08805E1
:1035300074E700BF0000C07F0A0000021300000211
:103540001200000211000002100000020D00000233
:103550000C0000020B000002F17D020810B40468A8
:1035600044B1064B2340B3F1607F03D110BC083057
:103570000EF0B9BE6FF0880010BC70470000C07F2D
:103580002DE9F04FCFB00446039100F1480346AD5A
:1035900000F16806186859682A4603C20833B34226
:1035A0001546F7D104AAD2E94483D2E94797D2E974
:1035B00042160193D2F824B13D4BD2F81851029330
:1035C0004FF0000CBCF10F0F5AD8039B53F82C306E
:1035D0001BBA4FEAF52E87EA0900DDF808A09360D0
:1035E0008EEAB51E28408EEA756E784070445AF80F
:1035F00004EBCDF808A0704403444FEA713E46EA5C
:10360000010006EA010A8EEAB10E00EA080040EA6B
:103610000A008EEAB15EDDF804A0CDF804800CF15A
:10362000010C5B448644BCF1400F9A4402F1040251
:103630007344BB461DD104A8C0E94897C0E946A51C
:10364000C0E94468C0E94231C0E9003E45A904F13F
:103650004403643453F8042F51F8045F9C422A4415
:103660001A60F7D14FF4947100F05EF84FB0BDE8E6
:10367000F08FB0464F460E46A94619465546A1E77B
:10368000136852F834AC52F8380C4FEAF34E8EEA15
:10369000734E8EEA932E52F8143C03444FEABA401C
:1036A00080EAFA10734480EADA00034491E700BF2D
:1036B000544F020803460846C1B9C3E910110D4A28
:1036C0000D49DFF838C0C3E912120D4A0D49C3E9AC
:1036D00014C20D4AC3E916120C4A1A6602F174525A
:1036E000A2F52302A2F692425A6670476FF0860056
:1036F000704700BF85AE67BB67E6096A72F36E3C30
:103700003AF54FA57F520E518C68059BABD9831FAC
:10371000014B1B68184700BFD4040020014B1B68F5
:10372000184700BFD004002010B50A46044619B15E
:10373000024B00211B68984710BD00BF545002087F
:10374000F0B50C4B0C4E0446586800B9F0BDC57975
:10375000C5F3840556F825502D78A54208D1457942
:1037600005F00F07B1EB871F02D1B2EB151FEDD0AB
:103770000833E9E75C5002085850020810B50446C7
:1037800080B1406B40B12368074ADB79C3F38403FF
:1037900052F823305B69984720463821BDE8104035
:1037A000FFF7C2BF10BD00BF5850020838B505462C
:1037B0000C46A9B1382200210FF00DF8E3790A4A2E
:1037C000C3F3840352F823301B6913B92C60002023
:1037D00038BD984768630028F8D16FF08C00F7E790
:1037E0006FF08600F4E700BF5850020870B4DCB2F6
:1037F000012C25D804681CB3E57905F00305012DDB
:1038000005D8657905F00F05B2EB851F18D1426028
:103810000372E5790C4E406BC5F38405012B56F815
:10382000255008D0637903F0F004302C03D003F066
:10383000E003402B02D1AB6870BC1847EB68FBE794
:103840006FF0860070BC70475850020838B50368A6
:1038500005461446BBB1102A13D8DA79D20707D42B
:103860001B795B09B4EB830F4FEA83020BD3144639
:103870002CB1224605F120000EF09FFF2C630020A2
:1038800038BD0248FCE76FF08600F9E7809FFFFF34
:10389000F0B40468049F1CB96FF08600F0BC704758
:1038A00000243C6006683EB3347914F01F0423D032
:1038B000767906F0F006102E11D1A2421ED13A60A0
:1038C00002680F4CD279C2F3840254F82220546863
:1038D0000A46A44690F90810406BF0BC6047994234
:1038E00008D1C369002BD7D1B2FBF4F304FB132238
:1038F000002AD1D10348D1E70348CFE70348CDE7F9
:1039000058500208809FFFFF809CFFFF809DFFFFB3
:1039100010B50146006808B30020106018600A68FE
:10392000537903F0B004302C17D003F0E004402C9E
:1039300013D003F0F003602B0FD0902B0DD0A02BF1
:103940000BD09279463A012A07D9102B09D1CB69BD
:103950008342A0F5C54008BF002010BD6FF086006F
:10396000FBE70148F9E700BF809FFFFFC02AF0B5E1
:1039700044D0B2F5807F43D0802A40F0BA800A2339
:10398000036003460024520943F8044F01EB82020E
:1039900051F8044B43F8044F8A42F9D103680C2BC9
:1039A00030D00E2B5ED00A2B26D1534D534900F157
:1039B000A006426955F8044B8768C2F307237C4090
:1039C000CB5C6340140E10300C5D83EA0443D4B228
:1039D0000C5D83EA0463C2F307440C5D83EA0423AD
:1039E00050F8044C836063400468C36063405A40ED
:1039F000036142618642DCD10020F0BD0C23BFE7A9
:103A00000E23BDE73C4C3D4900F1C005C26954F8A6
:103A1000046B8768C2F307237E40CB5C7340160EAD
:103A200018308E5D83EA0643D6B28E5D83EA066364
:103A3000C2F307468E5D83EA062350F80C6C836060
:103A4000734050F8086CC360734050F8046C036115
:103A500073400668436173405A408361C261854286
:103A6000D4D1C9E7244D254900F1E006446A55F850
:103A7000042B8768C4F307237A40CB5C87695340E3
:103A8000220E20308A5C83EA0243E2B28A5C83EA37
:103A90000263C4F307428A5C83EA022350F8142CC1
:103AA0008360534050F8102CC360534050F80C2CE6
:103AB00003615340DAB243618A5C7A401F0ECF5DE6
:103AC00082EA0762C3F30727C3F30743CF5DCB5CEA
:103AD00082EA072282EA034350F8042C83615340B0
:103AE0000268C36153405C40036244628642BDD1B8
:103AF00082E76FF01F0080E7AC500208027F0208E7
:103B00002DE9F04FC9B002AD044628460E461746CF
:103B10000EF048FE0023314663603A462846FFF720
:103B200025FF0646002835D1029F039B3448DFF865
:103B3000D4C0276004A903EB870301EB830251F88B
:103B40002330A3605368E36093682361D3686361A3
:103B500004F1180E103A7B1E984671469146B8F152
:103B6000000F20DC002F4FEA0313C8BF1C46C3F12F
:103B70000003D8BF002302EB0300D8BF00240EEBE4
:103B80000401D3584EF8043043684B6083688B605F
:103B9000C368CB6002A84FF48C71FFF7C5FD3046B7
:103BA00049B0BDE8F08F01F11004A9F1040B0194B4
:103BB0005BF8044F250E1CF8055050F825A0E5B21F
:103BC0001CF8055050F8255085EA3A2AC4F3072519
:103BD000C4F307441CF805501CF8044050F8255065
:103BE00050F824408AEA356585EA344541F8045B9B
:103BF000019CA142DCD108F1FF38A9F11009AEE720
:103C0000D4500208027F02082DE9F04F012993B039
:103C10008C469E4600F27483436817685668956820
:103C2000D46850F8082B4FEA6208990008F1FF3871
:103C3000BCF1000F40F0BC81421850F8233087EAF5
:103C4000030A53687340029393686B400393D368ED
:103C50006340DDE9020404931E46D34B30325546DF
:103C600052E9069BCDF814B052F810BCCDF818B04C
:103C700052F80CBCCDF81CB052E9081752F808BC39
:103C8000CDF820B0B8F1000F52F804BCCDF824B044
:103C900002F1200200F3CA80BCF1000F03D1DDE97C
:103CA0000204049E55465FFA85FC020E53F82CC0B0
:103CB00053F8222081EA0C0181EA3221C6F307225F
:103CC0005FFA80FC53F8222053F82CC081EA32615D
:103CD000C4F3074287EA0C0753F8222081EA3241F5
:103CE000220E5FFA84FC53F8222053F82CC00E9168
:103CF00087EA3227C5F3072289EA0C0953F8222004
:103D000087EA3267C6F30742C4F3072453F8222038
:103D100053F8244087EA3247320EF6B253F8222095
:103D200053F826600F9789EA3229C0F30722C0F3BF
:103D3000074053F8222053F8200089EA3269C5F37E
:103D400007422D0E53F8222053F82550974B89EA4D
:103D50003248059ACDF84080724082EA352585EADE
:103D6000346484EA30403C0E069A1D5D1190CCB25A
:103D70001C5D544084EA0564C0F30725079A5D5D25
:103D800084EA0524C8F307455D5D84EA05444FEAEB
:103D900018650A945E5DFDB25D5D554085EA066575
:103DA000C1F307269E5D85EA0625C0F307469E5DA2
:103DB00085EA0645060E0B9513F806C0089ACEF85C
:103DC00000405FFA88F6C0B29E5D564086EA0C66F7
:103DD000C7F3072C099A13F80CC086EA0C26C1F326
:103DE000074C090E13F80CC086EA0C4613F801C004
:103DF000195C0C965140C8F30722C7F307479A5C39
:103E0000DB5D81EA0C6181EA022282EA03430D93C1
:103E10000AA8CEF80450CEF80860CEF80C30202165
:103E2000FFF782FC002013B0BDE8F08F4FEA106C62
:103E300008F1FF3853F82CB05FFA85FC53F82CC01A
:103E400081EA0C0CC6F307218CEA3B2C53F82110B5
:103E50008CEA316CC4F3074153F821108CEA314CE1
:103E6000210E53F821B0C1B253F821107940C5F3A7
:103E7000072781EA3B2153F8277081EA3761C6F3AF
:103E8000074753F8277081EA3741370EF6B253F8E7
:103E900027B00191E7B253F8266053F827700599CF
:103EA00089EA0707C0F3072987EA3B2753F82990D7
:103EB00087EA3969C5F307472D0EC4F3072453F881
:103EC000255053F8244053F82770C0F30740714041
:103ED00053F8200081EA3526019986EA34665FFAB4
:103EE0008CF486EA3046080E53F82450069953F8AD
:103EF0002000694081EA3025C6F3072089EA374768
:103F000053F82000079985EA3065C7F3074053F856
:103F1000200085EA3045380E53F820409DF8040013
:103F200053F82000414081EA3420CCF3072453F8B1
:103F3000244080EA3460C6F3074453F8244080EA02
:103F40003440340EF6B253F82490FCB2C7F307277E
:103F500053F82440089953F8266053F827706140BD
:103F600081EA39240199C1F30729099953F8299065
:103F700084EA3964CCF307494FEA1C6C714053F86A
:103F80002CC053F8299081EA3C260199C1F30741DE
:103F900086EA376653F8211084EA394486EA3146C6
:103FA0004FF0010C5CE600BFD4500208027E02080C
:103FB00050F82330D44A01447B4002934B6873404D
:103FC00003938B686B400493CB68DDE90305634082
:103FD000029C059330311E464FF0000C51F810BC86
:103FE000CDF818B051F80CBCCDF81CB051E9083729
:103FF00051F808BCCDF820B051E906A9B8F1000F7E
:1040000051F804BCCDF824B001F1200100F3BA80CE
:10401000BCF1000F03D1DDE90305059E029C5FFAA8
:1040200084FC310E52F82CC052F8211083EA0C03A4
:1040300083EA3123C0F307215FFA80FC52F8211094
:1040400052F82CC083EA3163C5F3074187EA0C07B5
:1040500052F8211083EA3143210E0E9352F82110B9
:1040600087EA3127C5F3072152F8211087EA316723
:10407000C6F3074152F8211087EA3147E9B22D0E05
:1040800052F8211052F825500F978AEA010C010EC0
:10409000C0F3074052F8211052F820008CEA312C6E
:1040A000C6F30721F6B252F8211052F826608CEAC6
:1040B000316CC4F30741C4F3072489EA060652F8B9
:1040C000244052F82110914A86EA352585EA346465
:1040D00084EA3040040E069E155D1190DCB28CEA35
:1040E0003141145D1091744084EA0564C7F30725DB
:1040F000555D84EA0524C1F30745555D84EA05480A
:104100001D0E079C565DCDF82880FDB2555D6540BB
:1041100085EA0665C1F30726965D85EA0625C0F3A4
:104120000746965D85EA06453E0E0B9512F806C0D9
:10413000089CCEF80080CEB2090E965D664086EAF5
:104140000C66C0F3072CC0B212F80CC086EA0C262D
:10415000C3F3074CC3F3072312F80CC0D35C86EA01
:104160000C4612F801C0115C09980C96C7F307477A
:104170004140D25D81EA0C6181EA032383EA024374
:104180000D9345E64FEA166C08F1FF3852F82CB053
:104190005FFA84FC52F82CC083EA0C0CC0F30723AE
:1041A0008CEA3B2C52F823308CEA336CC5F307437E
:1041B00052F823308CEA334CC3B252F823305F40BC
:1041C000230E52F8233087EA3327C5F3072352F82A
:1041D000233087EA3367C6F3074352F8233087EA70
:1041E00033430193030EC0F3074052F823B052F853
:1041F0002000079FEBB22D0E52F8233052F82550C5
:104200008AEA0303C6F3072AF6B252F82AA052F844
:10421000266083EA3B2383EA3A6AC4F30743C4F384
:10422000072489EA060652F8244052F8233086EA29
:10423000352686EA346686EA30465FFA8CF08AEAEA
:10424000334352F82040069860400446300E52F83E
:10425000200084EA30240198C0F3072052F820009F
:1042600084EA3064C3F3074052F8200084EA304403
:104270004FEA1C6052F820509DF8040052F82000CC
:10428000474087EA3520C3F3072552F8255080EAD6
:104290003560C6F3074552F8255080EA3540019D48
:1042A0002D0E52F82590DDB21B0E52F82550089FB6
:1042B00052F823306F4087EA3925C6F30729F6B252
:1042C00052F8299052F82660099F85EA3965CCF3A7
:1042D0000749CCF3072C774087EA332652F82C3075
:1042E00052F8299086EA3366019BC3F3074785EAB3
:1042F000394552F827304FF0010C86EA33466DE617
:104300006FF086008FE500BFD4540208027F0208D8
:1043100000B50346F6F708FA03495DF804EB0144DB
:10432000184600F003B800BF10000000F8B5504A6E
:104330000D460023D0E90001ECF7ECFE002AAEBFE9
:104340004C4B4D4B02F5A8320446B8BF02F5C07283
:10435000E41841F100064FF46161B2FBF1F301FB97
:1043600013223C21E01CAB60B2FBF1F301FB1322F2
:104370006B602A6046F1000107220023ECF7CAFEB9
:10438000002A55DA0732AA613C483D4A20184FF00E
:10439000000366F10001ECF7BDFE394B03FB10444E
:1043A00048F6AC61B4FBF1F1214440F2B457B4FBE0
:1043B000F7F3C91A334BB4FBF3F3C91A48F6946305
:1043C000B1FBF3F3234440F26D16B1FBF6F2B1FBFF
:1043D000F7F15B1A06FB1233992103EB83040234D5
:1043E0005E1CB4FBF1F7794302314FF0050CB1FBD1
:1043F000FCF1761A40F2F9518C428CBF6FF0090142
:1044000002214FF4C874394404FB0020012998BFED
:104410000130B3F5997F13D3A3F59973EB61A0F243
:104420006C700023C5E90410EE602B622846F8BDCD
:10443000002EAA61A8DB124A002320463146AAE7D3
:10444000970710D14FF0640C92FBFCF70CFB172779
:104450005FB992FBF4F704FB1722B2FA82F2520919
:104460003B331344DAE70022FAE70122F8E700BF02
:10447000805101006CFA0A006BFA0A0050C5FDFF7A
:10448000B13A0200B03A02000CB430B58BB0044629
:104490000D462022002102A80EF09DF902238DF87E
:1044A0000A30002D0C4B0393069412DB01D06B1ED7
:1044B0001C440FAA0E99079402A8019200F0C2FCB6
:1044C00015B1069B00221A700BB0BDE8304002B057
:1044D00070470024EDE700BFB92E02080EB470B596
:1044E0008BB00FAD044655F8046B2022002102A8C2
:1044F0000EF071F902238DF80A302A46084B039317
:10450000314602A80694019500F09CFC0028A4BF47
:10451000002323540BB0BDE8704003B0704700BFC8
:10452000B92E02082DE9F84F81468846002319F874
:104530000300202803F1010200F08F81A0F109019E
:10454000042940F28A812B28144631D02D2834D0FA
:10455000042540F02003692B31D06E2B5FD0002260
:104560004FF00A0A964617461346114615F4006C9A
:104570006AD040F02006A6F1610BBBF1050F63D8AD
:10458000573EF6B2564564D340F02000782805F037
:10459000800640F0A480002E52D053EA010640F07D
:1045A000A08045F4006C1FFA8CFC4FF0100A84E0E8
:1045B000042519F802009C1CCBE74425F9E7A84B19
:1045C000A84F002613F8011B51B119F8042042F03E
:1045D00020028A4204F1010025D0A34A93422FD140
:1045E000304639460EF07BFB50B119F80430282BC9
:1045F00006D1013419F80430292B04F1010414D137
:104600006B0602D507F100431F46B8F1000F02D038
:104610004C44C8F8004030463946BDE8F88F934B0B
:10462000934F0026CEE70446CCE723F02002413A20
:10463000192ADFD9A3F13002092ADBD95F2BD9D09F
:10464000002600270024E0E7A0F13006F6B2564528
:104650003AD245F0800C15F480701FFA8CFC24D1FE
:10466000BAF10A0F14BF4FF00F0B4FF0100BDE45DD
:104670000EDCA80526D4AAFB0335F3180AFB015566
:1046800045F1000153EA010017D00EF1010E14E0CC
:1046900045F4C07CBAF10A0F1FFA8CFC05D1042E38
:1046A00003D9052E08BF06460227002E18BF47F083
:1046B00001071CF4007F00D1013219F8040065469F
:1046C000013453E7013AD6E7FE2E7FF45DAFAE0525
:1046D0003FF55AAF45F4007C1FFA8CFCEDE7002E45
:1046E000AED0BCF1000F70D092007026864219D176
:1046F00019F804002B2804F1010604D02D2866D1F6
:1047000045F48065ADB219F806C0A61C04466046A3
:10471000A0F1300CBCF1090F5CD901340CBF06F1DB
:10472000FF34B41E53EA010004F1FF3400F092801C
:10473000280575D53632B1F5800F64D34D48B1F5F3
:10474000000F64D2824262DB3B4303F00306032E78
:10475000084603D003F00606062E09D1043341F1C2
:104760000000B0F5000F22BF013201234FF480009A
:10477000B2F5806F6BDAB0F5800F4FEA900126BF7B
:1047800021F4801102F2FF3200229B0843EA807379
:1047900041EA0257184639461E4601F087FC0138A7
:1047A000022804D8F5F7C0FF334B22221A503046B6
:1047B000394601F07BFC013802283FF621AFF5F7BE
:1047C000B3FF2D4B22221A501AE765268EE74FF0D1
:1047D000FF349DE7002440F2D34A4FF00A0B5445C2
:1047E000DCBF30380BFB040419F80600A0F1300CD4
:1047F000BCF1090F06F10106F1D9680548BF644212
:10480000224434468EE7DB184941013A93E75E08BB
:1048100046EAC17603F001033343490801328EE7CB
:1048200096441EF5A27F0FDDBEF59B7F0FDA03F0E5
:104830000100384301308008181841F1000100F0F0
:10484000ABFF06460F46B2E700260027AFE7054F4D
:104850000026ACE700260027D2E6134667E600BF35
:10486000058002080000F07F08800208028002082C
:104870000000F87F02FCFFFF0C0000002DE9F0476C
:10488000002380460F4618F803C0BCF1200F03F147
:10489000010200F06081ACF10901042940F25B8162
:1048A000BCF12B0F144630D0BCF12D0F32D00026B6
:1048B0004CF02003692B2FD06E2B57D000214FF0E6
:1048C0000A098E460B460D4616F4006061D04CF086
:1048D0002002A2F1610ABAF1050F5AD8573AD2B2B2
:1048E0004A455BD34CF0200CBCF1780F06F08002F7
:1048F00040F08F80002A49D0002D40F08C8046F493
:10490000006080B24FF0100972E0002618F802C073
:104910009C1CCDE74026F9E7904B4FF0FF4513F87C
:10492000011B51B118F8042042F020028A4204F120
:1049300001001ED08A4A934228D128460EF0DCF9A5
:1049400050B118F80430282B06D1013418F804307F
:10495000292B04F101040ED1730601D505F10045A0
:104960000FB144443C602846BDE8F0877D4B7E4D46
:10497000D5E70446D3E723F02002413A192AE5D9C6
:10498000A3F13002092AE1D95F2BDFD000250024F2
:10499000E6E7ACF13002D2B24A4530D246F08000B0
:1049A00016F4807C80B21CD1B9F10A0F14BF4FF00D
:1049B000070A4FF0080AD64507DCB6051DD405FBEB
:1049C0000925ADB10EF1010E12E046F4C070B9F147
:1049D0000A0F80B205D1042A03D9052A08BF62460E
:1049E0000223002A18BF43F00103860500D40131D9
:1049F00018F804C00646013466E70139DFE7FE2AED
:104A00007FF470AFB2053FF56DAF46F4007080B231
:104A1000EEE7002ABAD0002860D0890070226245F3
:104A200019D118F804202B2A04F1010004D02D2AF2
:104A300056D146F48066B6B218F800C0A01C1446E1
:104A40006246A2F1300CBCF1090F4CD901340CBF05
:104A500000F1FF34841E013C002D7AD0320562D56E
:104A60001931B5F1007F55D3B5F1806F55D211F1F1
:104A70007E0F52DB2B4303F00302032A03D003F023
:104A80000602062A05D10433B3F1806F24BF5B0808
:104A900001317F295ADCB3F1007F4FEA930526BF2D
:104AA0007F3125F40005002145EAC155284601F073
:104AB0001DFB0138022804D8F5F736FE2B4B2222C5
:104AC0001A50284601F012FB013802283FF644AF85
:104AD000F5F72AFE254B22221A503DE765229EE774
:104AE0004FF0FF34ADE700244FF00A09DF2CDCBFA4
:104AF000303A09FB042418F80020A2F1300CBCF174
:104B0000090F00F10100F1D9720548BF6442214448
:104B10000446A0E76D000139A3E705F0010242EA6F
:104B200055050131A0E78E441EF12D0F0CDBBEF1BF
:104B3000270F0BDC05F001001843013005EB900056
:104B40000DF01FFF0546BCE70025BAE74FF0FF4513
:104B5000B7E7002500E7134695E600BF108002087E
:104B6000138002080D8002080000C07F0C000000C6
:104B7000242A2DE9F041054601D8012A0AD1F5F78A
:104B8000D3FD344B16221A5001B10D600020BDE850
:104B9000F0813046064616F8014B202CF9D0A4F1DE
:104BA0000907042F2346F4D92B2C32D02D2C33D1D6
:104BB0004FF0010C3378861C302B34D1307840F024
:104BC000200078282BD132F0100028D17378354698
:104BD000102202360CF10047013F0020B7FBF2FE25
:104BE00002FB1E78392B82BF03F1FF3343F0200311
:104BF000263B303B9A421DD9704502D817D19845C3
:104C000015D24CF0020C3446354614F8013B2646CA
:104C1000E8E74FF0000CCDE74FF0000CCCE7002A9E
:104C200008BF0822D6E7002A08BF0A22D2E700FB05
:104C30000230E8E701B10D601CF0010F18BF4042DF
:104C40001CF0020FA3D0F5F76FFD024B22221A5081
:104C500038469CE70C000000242AF0B5044601D831
:104C6000012A40D1F5F760FD2D4B16221A5001B1F3
:104C70000C600020F0BD2F463D4615F8010B2028A2
:104C8000F9D0A0F10906042E0346F4D92B282CD024
:104C90002D282CD101262B78BD1C302B2DD1287826
:104CA00040F02000782824D132F0100021D16B7818
:104CB0002C46102202350020392B82BF03F1FF332E
:104CC00043F02003263B303B9A421AD9A0FB020452
:104CD0000CB9C01801D346F002062F462C4617F82F
:104CE000013B3D46E8E70746C6E70026D3E7002636
:104CF000D3E7002A08BF0822DDE7002A08BF0A22FE
:104D0000D9E701B10C60F20748BF4042B307B1D503
:104D1000F5F70AFD024B22221A504FF0FF30A9E7A7
:104D20000C0000002DE9F0410126B24201DCBDE893
:104D3000F08107463B461F4613F8014B002CF6D086
:104D4000252CF8D11D78252D07F10207F2D000237C
:104D5000DFF8EC809C461C461F2C27D8A5F1200EBE
:104D6000BEF1100F06D828FA0EFE1EF0010F53D127
:104D70002E2D3CD02E2D27D8242D33D02A2D36D0C1
:104D8000BCF1000FD3D0B445D4D145F02007A7F132
:104D9000650CBCF1020F0B6801D9612F42D10733BA
:104DA00023F0070308330B600136BEE77F2CDFD901
:104DB0006C2D23D01DD8682D27D06A2D01D04C2D05
:104DC000DED144F4207408E0A5F1300EBEF1090FE5
:104DD000EED80A2404FB03E3202417F8015B002D1E
:104DE000BAD1CDE7BCF1000F18D0B34218D00023E0
:104DF000F3E7742DF1D07A2DEFD0C1E7250648BF37
:104E000044F4007444F08004E7E7E50548BF44F447
:104E1000007444F48074E0E70024DEE79C46E6E793
:104E20006325B2E7692D02D007D8632D03D025068C
:104E300001D5A405B3D40433B5E7732DF6E700BF5D
:104E4000892801002DE9F04F8378D0F8049093B0C1
:104E50009C07CDE90812804615D50B920B4600251C
:104E6000187890B1252814D0013306934146C847DD
:104E7000002805F1010580F2F88398F8023043F02C
:104E8000040388F802304FF0FF35284613B0BDE820
:104E9000F08F93F801A09A1CBAF1250F0692E5D085
:104EA0004FF0000B5E465F465C461F2C23D8AAF1EC
:104EB0002003102B22D8DFE803F01521211B21212C
:104EC000210B2121211321182121090044F0010483
:104ED000069B13F801AB0693BAF1000FE5D11BE076
:104EE00044F0020444F00404F2E744F00804EFE75D
:104EF00044F01004ECE77F2C00F2F680BAF12E0F9C
:104F000000F0D38000F2AC80BAF1240F00F0D3801F
:104F1000BAF12A0F00F0B480BBF1000F06D0099B54
:104F200008980B935A460BA9FFF7FCFE002E4AF097
:104F30002003B8BF24F040040493A3F16503BCBF71
:104F4000A4B20026022B04D94AF02003612B40F0C2
:104F50008C826FEA0A0A0AF0200307930B9B07333F
:104F600023F0070303F108020B92049A612AD3E9A4
:104F7000000104F0400340F0E480002B08BF4FF034
:104F8000FF36079B00930CAA33460DF00FFF01304C
:104F9000C3B2B3420393A8BF03F1FF364FF0010C35
:104FA0007023CDE9043CDDF830A044F4C0540AF18C
:104FB0000903122B0DD90AF16303C62B40F2F380CB
:104FC0000AF2E73340F2CE7293428CBF04230323EC
:104FD00005939DF83430D80700F1E780A20700F16F
:104FE000E780C4F3800B4FEA4B1B5FFA8BFB13F097
:104FF0000C0F00F0E980BBF1000F0CBF032304236A
:10500000BB420EDA2007A7EB03070BD42F4441461F
:105010002020C847002805F10105FFF62EAFBD424C
:10502000F5D10027BBF1000F07D041465846C847CD
:10503000002805F10105FFF620AF9DF83430AE4C95
:1050400013F0080FAD4B08BF1C462646324616F833
:10505000010B002840F0AF802C1B02EB040B7BE11E
:10506000AAF13003092B3FD814F0400F4FF00A0289
:1050700012BF02FB063602FB073744F0200427E785
:10508000BBF1000F7FF424AF0B9A600652F8043B8B
:105090000B9201D51E461BE7002BA7BF44F020044E
:1050A0001F465F4244F0280412E763063FF5EDAE69
:1050B00044F040040CE7BBF1000F3DD014F0400A6F
:1050C000099B08980B930CBF3A4632460BA9FFF791
:1050D00029FE0B9B53F8042B0B93BAF1000F01D060
:1050E0001646F5E61746F3E6BAF16C0F16D00CD863
:1050F000BAF1680F19D0BAF16A0F03D0BAF14C0FA8
:105100007FF40AAF44F42074E2E6BAF1740F3FF47E
:10511000DFAEBAF17A0F3FF4DBAEFDE6200648BF02
:1051200044F4007444F08004D2E6E30548BF44F43C
:10513000007444F48074CBE65E463446BB46374682
:10514000C6E6002B049B08BF0626652B0FD1721CF8
:10515000D2B244F480541346112A4FF0650E4FF03A
:10516000000228BF11239446CDF810E007E0049B0D
:10517000662B10D144F40054B44601221123CDE92A
:10518000002C0CAA00F0FCFBC3B203930223DDF851
:1051900030A005930BE716F0FF02DCD165230493E2
:1051A00094460123EBE7022312E74FF02D0B1EE795
:1051B0004FF02B0B1BE7079BC01A4146C0B2C847F4
:1051C0000028BFF643AF58E614F4405F40F09880E3
:1051D000039B4833002E6B4408BF0126133B039A00
:1051E0001AB113F8012D302A78D014F0100F039B58
:1051F00018BF33461AF1040F75DBB24573DA534515
:1052000044F400547FDD0AF101069E1B2AEAEA738A
:105210000133BBF1000F00D00133002E75D0721C9A
:1052200013449F42CCBFFF1A002714F0090F03D18B
:105230002F44BD426DD10027BBF1000F07D041467E
:105240005846C847002805F10105FFF616AE2305AC
:1052500011D541463020C8470028FFF60EAE079B07
:10526000C3F17800414600F0F800C847002805F176
:105270000205FFF602AE200704D4AB467D195D455A
:105280004FD10027A1046AD52AEAEA73AAEB030AE0
:105290007642039A524584BF0CAA524403F1FF336D
:1052A0008CBF507930209E4205F1010B41DC414614
:1052B0000493C8470028049B0AF1010AFFF6DDADFC
:1052C0005A1C09D141462E200493C8470028FFF6F6
:1052D000D4AD049B05F1020B5D46DAE7039A013A6F
:1052E000D2B203927BE75E1E14F4006F059A14BFDE
:1052F0000523032313448CE7627C02085E7C0208CA
:10530000A10483D4F0E7002680E7E20648BF01331A
:1053100087E741462020C847002805F1010588DAC3
:10532000ABE541463020C84700280BF1010BA6DA57
:10533000A3E541460393C8470028FFF69EADE60665
:105340000AD5039B013307D105F1020B41462E20FC
:10535000C8470028FFF691AD5D465F4418E29DF80E
:1053600035004146C8470028FFF687AD002E61DDB5
:1053700041462E20C8470028FFF67FAD01240CAB24
:10538000039AA242CABFE218302050794146C8476A
:105390000028A346FFF671AD0134A6420CABEFDA4C
:1053A000AC1C5C44049B079A981A4146C0B2C8479B
:1053B0000028FFF662ADBAF1000FB4BF2D202B20FC
:1053C0004146B8BFCAF1000AC8470028FFF655ADEC
:1053D000059B042B3AD14FF47A76BAFBF6F505F12A
:1053E00030004146C0B2C847002804F10304FFF66C
:1053F00044AD06FB15AA6426BAFBF6F505F13000AC
:105400004146C0B2C847002804F10104FFF635AD9B
:1054100006FB15AA0A26BAFBF6F505F1300041464F
:10542000C0B2C847002804F10104FFF626AD06FB10
:1054300015AA13E0E40601D46C1CB3E741462E2004
:10544000C847002805F10204ACDA16E5059B032BDA
:1054500004F10204CFD0059B012BDBD10AF130000F
:1054600004F1010B4146C0B272E7AAF16303122BAB
:1054700000F2E580DFE813F013005400E300E300DE
:10548000E300E3005400E300E300E300E300E30093
:10549000FC00DD00E300E3002900E300AB000B9B10
:1054A0001A1D1B680B928DF8303001260DF1300A61
:1054B00020072CD50AEB060B54465C4529D1A5EBF9
:1054C0000A0A04EB0A0BBF1B46E70B9B1A1D0B9243
:1054D000D3F800A0A94BBAF1000F08BF9A4614F008
:1054E000400F14BF31464FF0FF3150460DF0D5F953
:1054F0000646DDE741462020C8470028FFF6BDAC40
:10550000013CA642F6D32F443D1B2746D2E73C463A
:10551000F7E714F8010B4146C8470028CDDAACE4A0
:1055200021060B9B32D5A2052BD5073323F00703A9
:10553000D3E9000103F108020B9224F0100B0029BB
:105540001FFA8BFB32DA404261EB41014BF4806B76
:105550000CAC0A2322460DF0BCF91BF0400FA0EB67
:10556000040200F09C802BF0010396429BB240F3B2
:105570009F80BAF1000F40F09D802BF011039BB289
:105580001FE01A1D18680B92C117D6E71A1DE00517
:1055900019680B9201D40846F6E7A2054BBF48B242
:1055A00008B241F3C01141F3C031C6E750EA01032C
:1055B000CED16306CCD5002ECAD124F01104A3B2FB
:1055C0003246344640F206410B426FD126E024F0C9
:1055D0001004A4B20A2314F0800C0B9A4CD014F4DB
:1055E00000711DBF073222F0070202F10801101DF1
:1055F00019BF0B91D2E900010B90106850EA01022B
:1056000047D124F0160B62061FFA8BFB45D5002EFE
:1056100043D124F01704A3B23246344619075FD4AD
:10562000D90704D5A74272DD3C1BA6183C46A34609
:1056300050E044F0100410234FF0780ACBE74AF012
:105640002003782B04D1CAF1780343F01003C2E79A
:1056500041462520C8470028FFF60FAC414650467A
:10566000C8470028FFF609AC0235069BFFF7F8BBD8
:1056700008234FF0000AAEE7111D0B9114F480715E
:105680001068BBD014F400711ABFC0B2614680B27A
:10569000B4E724F006041FFA84FB0CAC5AE7144666
:1056A0005B46D9068ED5BAF1000F05D10134B5E7B6
:1056B0001446F6E73446F4E70234AFE741462020CB
:1056C000CDE90332C8470028FFF6D7ABDDE9033246
:1056D0000BF1010B5F45F1DC2C1B04EB0B055C4669
:1056E000D90616D5414630200392C8470028FFF658
:1056F000C4AB039ABAF1000F32D00235414650468E
:10570000C8470028039AFFF6B8AB2E441DE01646A2
:105710008DE740F206410B42F7D013F0020F14BFA1
:105720002B20202013F4806F039205F101054146E0
:1057300018BF2D20E4E7414630200392C8470028D7
:10574000039A05F10105FFF698AB731B9A42F2DB51
:1057500016460DF1300A2EB902EB050B3F1BFBE597
:105760000135D2E7013E41461AF806000392C847C8
:105770000028039AEFDAFFF780BB00BF667C0208BF
:1057800041462020C847002805F10105FFF675AB0A
:105790007B1B002BF4DC68E72DE9FF4780461646AB
:1057A0000F46002900F0A280B1FA81F4341B002ECC
:1057B00004F10A04C0F2A280304600F029FB044440
:1057C000304600F02BFBA4EB06090546694630463F
:1057D00000F04CFBA9EB05037D336A464046394691
:1057E0000DF09EF8A64282460D4600F38380B9F183
:1057F0003F0F00F381804FF0FF33A9F1200003FA3F
:1058000000F003FA09F2C9F12001024323FA01F181
:105810000A4303FA09F328EA030327EA02021343BF
:105820000CBF01200020002D00F08A80B5FA85F31E
:10583000E31A03F23E4340F2FE72934200F3868085
:10584000002B23EAE371CCBF0A460122121BA2F20D
:105850003344C4F12007A2F2344EA2F253432AFA91
:1058600004F605FA07F73E4325FA03F3CEF1200CC0
:10587000A2F254471E4305FA0CFC2AFA0EF343EA3F
:105880000C0325FA07F73B4313F0010325FA04F450
:10589000CEF12008A2F2544218D04FF0FF3707FA99
:1058A00002F307FA0EFC4CEA030C27FA08F34CEA61
:1058B000030C07FA0EF72AEA070A25EA0C055AEA4A
:1058C000050A41D100283FD006F001039A1944F19E
:1058D0000004C4F3130452EA040008BFC91844EAE0
:1058E00001571046394604B0BDE8F087B0FA80F49D
:1058F00020345BE7012096E7002094E7C6F1000919
:10590000484600F08BFA241A484600F087FAA61B96
:105910000546694648462E4400F01CFB06F17C0310
:105920006A46404639460CF0FBFF82460D4640462B
:10593000394600F083FA81458CBF0020012072E7D0
:10594000BAFA8AF3203373E70123BFE70149002045
:10595000C9E700BF0000F07F1FB502AB0093074A04
:105960004FF0CC330DF085F9DDE90201C00840EAC3
:105970004170C90805B05DF804FB00BFCDCCCCCCAC
:105980002DE9F04F9BB00F0D0A939DF890300592D2
:105990000C93C1F30A52C1F31303C90F04460791D4
:1059A0007AB950EA03017CD1059930234B71079BEA
:1059B0000A6043F002030B71012630461BB0BDE8BC
:1059C000F08F40F2FF718A420AD10343079B059A88
:1059D00014BF43F0080343F0040313710026ECE7FF
:1059E000A2F2354A43F48015234301BF27F0010793
:1059F0007F057F0DB7FA87F704F001024FEA8508AB
:105A00000CBF7F090127BAF1000F089248EA947889
:105A10004FEA8406C0F2B680504600F0EDF9BAF1C4
:105A2000030FC8BF0138049000F000FA049B7C30DB
:105A3000A3EB0A0A824416A9184600F08BFA12ABAF
:105A4000019310AB0093204653462946029716AAAD
:105A50000DF01DF8049B152B04460D4600F28E80B8
:105A600014ABA94A009330464FF0CC334146DDE9F0
:105A7000109A0DF0FEF8149B159A9B0843EA827366
:105A800003EB8303B34210D14146304600F0D6F910
:105A9000049B83428CBF4FF000084FF001080027A1
:105AA00015E0DFF868A21D469EE7089B002B55D144
:105AB000013E48F1FF31F01B61F1000100F0BEF939
:105AC000049BDDF8208083428CBF002701270C9BBC
:105AD000002B40F0C880DDF8289000260696099635
:105AE0004FF00A0BDDE91001FFF736FFDDE912A3E5
:105AF000CDE90D01194650460F93FFF72DFF0A46D9
:105B00000D990B9003468B420E9B72EB03010F9B8A
:105B100080F0C480204629460F92FFF71DFF0B9BA3
:105B20000F9A13920BFB03F50D9B10930E9B119391
:105B30000B9B1293069B002E14BF4FF0000808F039
:105B4000010801330BFB1046554514BF002707F031
:105B50000107F6B2069304460D46C3E7B01C48F1B0
:105B6000000100F06BF9049B83428CBF00200120F0
:105B7000B9EB00006AF10002CDE910024FF0000815
:105B80004746A4E7CAF1000B584600F03BF9BAF1CA
:105B9000FF3F0CBF8146A0F10109ABEB090B0AEBFB
:105BA00009035846049300F041F916A9A0F17D0AB3
:105BB000584600F05BF912AB0193A9EB0A0A10AB4F
:105BC0000093204629460297534616AA0CF05FFF21
:105BD000B9F1010F04460D460ED8089B13B94FF0DA
:105BE000010874E7109B119A013B42F1FF32CDE9A5
:105BF00010324FF0010852E7B9F13E0FBED84FF016
:105C0000FF33A9F1200003FA09F203FA00F0C9F109
:105C1000200123FA01F102430A4303FA09F328EAB7
:105C2000020826EA030656EA08060CBF4FF00108F0
:105C30004FF0000833E700FB02F6A1FB001201332E
:105C400032448C4275EB0206F5D2049ADDF82890B6
:105C50001344259A1344D20F9342B8BF1346994573
:105C6000A8BF994639E70A21002201230846E8E740
:105C70000BFB01FEA0FB0B010CF1010C71448442F3
:105C800075EB010EF4D2CC450DDDB9F1000F02D158
:105C900054EA050107D0012309933BE70A200021BC
:105CA0004FF0010CEBE7002F32D04FF00A0B5046BB
:105CB0001946FFF751FE0BFB00F252450B910E9077
:105CC00026D1DDE91001FFF747FE8A460D902946EF
:105CD0002046FFF741FE0D9A0E9B1293CDE9102A44
:105CE0000B9A1392069A002E14BF4FF0000808F08A
:105CF000010801320BFB10469A46F6B20B9B069246
:105D000004460D46D3E700BFCDCCCCCCCCFBFFFF87
:105D1000B8F1000F05D0052E03D104F001060436BA
:105D2000F6B2069BDDF810809844099B53B9DDE973
:105D300012239D4208BF944204D1089B002B47D1F7
:105D4000002F45D0042E94BF0026012630194FF0B5
:105D50000A0245F10001002301271446904271EB2D
:105D6000030537D2EEB1B9451BDA0C9B6BB1259A0E
:105D7000DDF8289008EB07031344012BB8BF01237B
:105D80009945A8BF99464F450BDD05304FF00A02F3
:105D90004FF0000341F10001EBF70CFA08F10108A4
:105DA000013F4F45A8BF4F463EB20FFA88F8059B0A
:105DB00008FA87F706F10508013F98444FF00009FB
:105DC000B1450EDB059B1A461F60079B1371F4E576
:105DD0000126BBE704FB03F5A2FB042301372B4498
:105DE000BCE70A220023EBF7E5F9303208F8012D71
:105DF00009F10109E4E700BF014B5843800C7047EB
:105E000041340100014B5843000D7047FB2E0B003D
:105E1000014B5843C00C70474F931200024B58433C
:105E2000C00C0130704700BF4F931200024B584323
:105E3000C00C0130704700BF4F9312000A4A70B582
:105E400003464FF0CC3600204FF0333506FB03F409
:105E500002FB0144A3FB023121449D4275EB010486
:105E600001D30130F2E770BDCDCCCCCC2DE9F04FA1
:105E70001A23354EB0FBF3FA03FB1A0389B004462C
:105E80000D4606EB0A1653B9D6E90023C1E90023F3
:105E9000D6E90201C5E9020109B0BDE8F08F2B4A3D
:105EA00002EBC303D3E9008904AB0093D6E90223D4
:105EB000404649460CF0DDFE06AB0093D6E90023D0
:105EC00083460F46404649460CF0D3FEDDE90662A4
:105ED00016EB0B0652EB07084FF0000328BF012317
:105EE000814633B1049B059A013342F10002CDE9AA
:105EF000043220460391FFF799FF07461A2000FB62
:105F00000AF0FFF793FF3F1A324643460399009782
:105F100048460CF0C5FE4FEA141C0D4A640004F01C
:105F20001E0352F82C40DC4004F00304241841F115
:105F30000001C5E90041DDE90423009730464146F0
:105F40000CF0AEFEA6E700BFA8370208D83602085C
:105F5000D45802082DE9F04F1A27DFF8E4A000F129
:105F60001905B5FBF7F56F433A1A4FEA051B89B0DF
:105F700004460E460AEB05150AD1D5E90023C1E90E
:105F80000023D5E90201C6E9020109B0BDE8F08F9E
:105F90002C4B03EBC203D3E9008904AB0093D5E992
:105FA0000223404649460CF064FE5AF80B206B6809
:105FB000013ACDE9020106A963F1000300914046D0
:105FC00049460CF056FEDDE906528A4602996D18E4
:105FD000039952EB01084FF0000328BF01238146CB
:105FE00033B1049B059A013342F10002CDE904323A
:105FF0003846FFF71BFF07462046FFF717FF3F1AFB
:106000002A4643460097484651460CF049FE4FEA5F
:10601000141C0D4A640004F01E0352F82C40DC40AE
:1060200004F003040134241841F10001C6E90041E1
:10603000DDE904230097284641460CF031FEA2E733
:1060400078380208D83602082859020838B5C0F353
:10605000C7537F3B162B014620F0004519DC002B6F
:10606000024608DA00281BDB002D14BF4FF07E51DA
:106070000021084638BD0C4818410842F9D00029D3
:10608000C2BF4FF4000141FA03F3D21822EA000123
:10609000EFE7B5F1FF4FECD3EAF712FD0146E8E771
:1060A0004FF00041E5E700BFFFFF7F000B4631F0F6
:1060B000004104D100280CBF022003207047094A88
:1060C000134208D0084B994207D9914207D1B0FA40
:1060D00080F040097047032070470420704700207B
:1060E000704700BF0000F07FFFFFEF7F30F00040FF
:1060F0000DD0A0F50003B3F1FE4F0AD3074B421EAB
:106100009A4208D9A0F1FF435842584170470220F3
:106110007047042070470320704700BFFEFF7F00D8
:106120007047034600201A7B12B11A688A4206D0D3
:106130000130182803F11003F5D14FF0FF307047FC
:1061400030B50D0100EB01110B7BABB1D0F88831FC
:106150000A7AD0F88441032B4FEA0221C4EB0222D1
:106160000BDC0BB104EB62010133C0F88831C0F8DD
:10617000841128440023037330BD04EBE201F3E7EC
:106180002DE9F041D0F88041C0F88C2100EB0413D8
:1061900005461B7B0F4616464FEA041813B12146ED
:1061A000FFF7CEFF05EB0803002245F808701A72CE
:1061B0005A8101221A735E601444182394FBF3F28F
:1061C00003FB1244C5F88041BDE8F08138B50546AF
:1061D0001446FFF7A6FF431C01460AD005EB001248
:1061E0005368E41A42F210739C4204D92846FFF720
:1061F000A7FF002038BD137AFF2B01D10120F9E75A
:1062000001331372FAE770B505461446FFF789FFAC
:10621000431C06461FD02046EAF702FDD5F894112C
:10622000EAF756FDEAF756FFA0B10C2305EB061579
:1062300003FB04F2B2F5FA6F6B8928BF4FF4FA62E0
:10624000934208D2D21A824228BF0246B2F5803F5A
:1062500003D290B270BD0020FCE74FF6FF70F9E763
:1062600038B504461546FFF75CFF431C0CD001010E
:1062700004EB00100C4443895A19B2F5803F34BF37
:1062800092B24FF6FF72628138BD08B5D0F8840132
:10629000EAF7C6FC4FF06E51EAF71AFD08BD7047E9
:1062A0007047704770470020704770470A2070475A
:1062B0004FF47A6070474EF66020704738B5044658
:1062C000406E03681B6898470546206E03681B6D87
:1062D000984794F83C3063B9B4F86C305B0708D445
:1062E000A36B03F5FA535B1B23EAE373984228BFC1
:1062F000184638BD07B504210DEB010005F0BCFCC4
:1063000001986523B0FBF3F203FB1200643003B085
:106310005DF804FB10B503689B6904469847034683
:1063200028B1606B18B158436423B0FBF3F010BD83
:1063300038B500230446C0E91033C0E91233A0F891
:106340006C30406E03681B6898472368A063DB6A63
:1063500005462046984760632046FFF7DBFFC4E907
:106360000B05206EE56103681B689847206E036883
:106370009B6A984784F83C0038BD70B503689B69F8
:10638000054698470446C8B16B6BBBB1686E03689D
:106390001B6898472B6BC31A06460FD05C43632CCF
:1063A0000CD92846FFF7B6FF6423B4FBF3F4EB6A7D
:1063B0002E631C44844294BFEC62E86270BD037893
:1063C00013F0380F1FBF4FF40860C3F38303D840A6
:1063D00000F0010008BF0120704770B5056E2B6802
:1063E0005E6A03689B6A0446984701462846B047A0
:1063F000206E03689B6A984718B9206E03689B69F2
:10640000984794F83C30834217D084F83C00B0B9E8
:10641000606E03681B689847A063606E03681B6822
:106420009847A36BC01AB0F5FA5F82BFB4F86C301E
:1064300043F00403A4F86C3001E00028EDD0206E96
:1064400003689B6C9847206E0368DB6C9847206E4E
:1064500003685B6D984794F83E3001462BB90123E1
:1064600084F83D0084F83E3070BD94F93D3083429D
:10647000FAD0236884F83D001B6B2046BDE87040CD
:106480001847F8B51E4613780B7017469A090D4643
:1064900001D00020F8BD03F003020923D34013F01C
:1064A000010319BFB7F80130EB800B81CB801BBF14
:1064B000B7F803302B81012105217C5C2C71A309E5
:1064C000032BE6D004F03F0403FB0444E2B2402A6D
:1064D000DFD801315418B442DBDC394405F10A003D
:1064E0000CF06BF9321B92B2B82A6A80D1D83919F4
:1064F00005F14A000CF061F90120CBE710B5044624
:10650000806E03681B68984730B9B4F86C3043F06C
:106510000103A4F86C3010BD00230371438080F8A0
:106520000231F8E7806E03685B68184710B5406E6B
:1065300003681B680C469847001B0028D4BF002046
:10654000012010BD10B5406E03681B680C469847CB
:10655000204410BD2DE9F04703681B6805460E4630
:106560009847044630B9A86E03685B683146BDE8B9
:10657000F0471847012818D0D5F8688020F07F47E9
:10658000D8F8003039462846D3F80890FFF7DAFFEC
:10659000220E013A0346D2B231464046C8472B6D1F
:1065A0001BB117B1696D3846E1E7BDE8F0872DE909
:1065B000F0430446C3B04FF08147206E0368FF22CA
:1065C0005B6802A99847061E60DD2368206ED3F839
:1065D00004800368DB6B98470546206E03689B6B5D
:1065E00098472946024602AB20460096C047A06E57
:1065F00003681B6898470546002847D00146334684
:1066000002AA2046FFF73DFF002839D0206E03681C
:10661000DB6B98473946EAF75BFBEAF735FD85F80F
:106620000201D4F86080D8F800304046D3F80C90CE
:10663000DB6B9847324601464046C8478046206E8D
:10664000036831469B689847A3690344A3612368A4
:1066500028469E6801F012F8434602462946204625
:10666000B0472B789B074BBFE36CA36C013301331E
:106670004CBFE364A36429462046FFF76BFF9CE709
:10668000A06E036829465B68984796E743B0BDE86B
:10669000F0832DE9F0430446406E0368C1B01B68E7
:1066A00098470546A06E036829461B69984748B974
:1066B0002062A06E03685B69984700B9606241B0D0
:1066C000BDE8F0832046FFF758FE236820469B690B
:1066D0009847064600283FD0A06E03685B6998473C
:1066E0004FF000088146C14501DC002717E0A06E8D
:1066F00003684146DB699847074610B908F101086D
:10670000F1E7A06E036841465B6A9847401B00288A
:10671000F4DC3846FFF753FE07460028EED0206E23
:106720000368FF219B689847B7B9E36AB3EB500F42
:106730004FEA500210D2256D002DC0D0D21A64212C
:10674000731E01FB0233616DB3FBF6F02B46013083
:1067500041B0BDE8F0431847206E0368DB6A9847F4
:106760000646206E03681B6B984706B908BBE169B3
:106770002046FFF7DBFE38B9236D002B9FD0E06980
:10678000616D0130401BE3E7266A0EB925622E4693
:10679000236820461B6A9847AE1B864248D9B4F846
:1067A0006C30206E43F00203A4F86C3003685B6B1E
:1067B0009847A06E0023236203682946DB6A984746
:1067C0002072A06E03682946DB6898476060002845
:1067D0003FF475AF03788DF80030092203F003030E
:1067E00022FA03F3DB0741BFC388ADF80130038908
:1067F000ADF803304CBF0522012203790DF80230B9
:10680000561C6F46402200F10A01B81900F01CFF27
:10681000D4F80480B8F8022006449319FF2B18DD41
:10682000A06E036841465B6898470023636046E7B3
:1068300023682046DB699847014605462046FFF756
:1068400081FE236DE061002B3FF439AF616D681C60
:106850007EE708F14A01B8190BF0AFFF206EB8F8D7
:1068600002900368B1449B684946984700EB400694
:10687000206E25610368B6F5167FDB6A2CBF7608AB
:106880004FF4967698478046206E03681B6B9847B6
:10689000B8F1000F1ED023682046DB699847A66E2A
:1068A000D4F80480336894F808909F680146054640
:1068B0002046FFF747FE4A46034641463046B84762
:1068C00000236360236D002B3FF4F9AE616D284611
:1068D0009847F4E60028DED0206E03689B6998474D
:1068E00080460028D7D1206E03684A461B69694656
:1068F000984738B131462046FFF724FEC4E908889E
:10690000E060DCE623682046DB699847676A226816
:10691000064647BB6562136A204698472844A06232
:106920006568236828461F6900F0A8FE29460246CC
:106930002046B847A56ED4F804802B6894F80890D8
:106940009F6831462046FFF7FDFD4A460346414613
:106950002846B84700236360236D002B3FF4AFAE99
:10696000616D3046B4E7A36AEB1A002BA5EB07076D
:106970000ADBB4F86C3043F00203A4F86C30136AFD
:10698000204698472844A062236820465B6A9847BF
:106990008742C5D9206E0368DB6D9847236865621E
:1069A0001B6A204698470544A562B9E770B543685D
:1069B0000446002B3FD0006E03685B69984705468C
:1069C000002840D0256E60682B689E6800F056FE57
:1069D00001462846B0476369034405466361204683
:1069E000FFF7CBFCE36A206E9D4234BF5B1B0023A4
:1069F000E3620368DB69984761680A79488893090C
:106A000002F03F0203FB02222368023250FA82F2B4
:106A1000DB682046984761680B789B074BBF636C27
:106A2000236C013301334CBF636423642046FFF7BA
:106A300079FD002363602046FFF7B9FD2046BDE8DD
:106A40007040FFF726BEE1682046FFF76FFDC0B13A
:106A5000206E0368DB69984761680A794888930962
:106A600002F03F0203FB02222368023250FA82F254
:106A70001B692046984761682046FFF753FD656013
:106A8000D9E770BD2DE9F047044608791E460D464A
:106A9000904600F0C9FDA76E3B6888B16A88B82AA5
:106AA0000ED831462046D3F80890FFF74BFD4246FA
:106AB000034629463846C847236D3BB9BDE8F087F1
:106AC0005B6829463846BDE8F0471847616D304697
:106AD000F9E72DE9F041E6B0044630A81E46DDF89E
:106AE000B0810D461746EBF727F92022A91830A8E8
:106AF0000BF027F94246314630A80BF022F910A9D5
:106B000030A80BF022F910A968460AF0F1FF694697
:106B100020460BF02EF830A8EBF70EF9214630A8EE
:106B200020220BF00EF9394630A820220BF009F98B
:106B30004246314630A80BF004F920A930A80BF0EA
:106B400004F920A908A80AF0D3FF6B462A4608A931
:106B500004F120000AF0DDFF40210DEB01000AF0F6
:106B6000ACFE202168460AF0A8FE66B0BDE8F081C0
:106B700010B52022044600210BF02DFE204610BD4A
:106B800010B50446084621460BF073F9B0FA80F0C0
:106B9000400910BD10B50446FFF7EAFF402200216E
:106BA00004F120000BF017FE204610BD38B5044656
:106BB00000F12005284620220BF048F994F82030F7
:106BC00023F0070384F8203094F83F3003F03F03AC
:106BD00043F0400384F83F3029462046BDE8384062
:106BE0000AF0C7BF602A38B50B4613D10A4603F135
:106BF000400400F1200152F8045B41F8045BA2421A
:106C0000F9D1603352F8041B40F8041B9A42F9D1C1
:106C1000012038BD402A0DD100F120010A4603F1C0
:106C2000400453F8045B42F8045BA342F9D10AF034
:106C3000A0FFEDE70020ECE73F2A70B51ED95F2AE0
:106C400000F1200300F1600407D853F8042B41F849
:106C5000042BA342F9D1402070BD1A460D4652F8CC
:106C6000046B45F8046BA242F9D1403150F8042B73
:106C700041F8042B9842F9D16020EDE70020EBE7C2
:106C80005F2A30B513D903460A4600F1200453F8B1
:106C9000045B42F8045BA342F9D12031603053F821
:106CA000042B41F8042B8342F9D1602030BD002031
:106CB000FCE770B5402A88B006460C460FD100F1BB
:106CC00020010B4604F1400254F8040B43F8040B76
:106CD0009442F9D130460AF04CFF012002E0602ACC
:106CE00002D0002008B070BD01F120052946684699
:106CF0000AF03FFF2022214668460BF07BFDB0B929
:106D0000294606F12003603451F8042B43F8042B84
:106D1000A142F9D16C463346224603CA596008A9FC
:106D20008A421860144603F10803F5D1D5E72146DD
:106D3000684604F140050AF01CFF202229466846F7
:106D40000BF058FD0028CCD106F1200354F8042B99
:106D500043F8042BAC42F9D16A463346144603CCBF
:106D6000596008A98C421860224603F10803F5D146
:106D7000B3E7602AF8B506460D4601D00020F8BDFD
:106D800001F120042046EBF749F9471E2846EBF7AE
:106D900045F998B10137F1D12C4606F1200123467F
:106DA0000A4604F1400053F8044B42F8044B834276
:106DB000F9D130460AF0DDFE0120E0E70137DDD0F1
:106DC000EBE713B5044600930846134604F120018F
:106DD0002246FFF77EFE02B010BD30B589B00546F1
:106DE0000C4668461146FBF77DF96A4605F120011D
:106DF00020460AF06AFE09B030BD0020704700202E
:106E00007047002070470020704700207047002026
:106E10007047704770477047002070477047704751
:106E200070477047704700207047704770470020D8
:106E3000704770B5046E2368054608469E6800F0EA
:106E40001DFC01462046B047052204460021286F5C
:106E500001F06CFC34235C436423B4FBF3F4604323
:106E600070BD08B504220121006F01F05FFC78239A
:106E7000584308BDC0F3400080F0010000F001005D
:106E80007047F8B50B78054618460C46FFF7F2FF39
:106E900008B90020F8BDFF2BFBD00B7903F03F07AA
:106EA0009B09013307FB0333402B07F10106F0DC9C
:106EB0002B6828461B6C98470028EAD02279920953
:106EC000013207FB024005F505710A300BF075FC35
:106ED000237923F03F031E4326712046EAF798FFEB
:106EE0000646686E03681B6898473146024605F1FE
:106EF0007C00FFF745F92B6821465B6C28469847D4
:106F0000237903F03F03013340EA0360C2E7FFF750
:106F10000FBAFFF74BBD10B50446FFF75EFA606E7F
:106F200003681B689847014604F17C00BDE81040E7
:106F3000EAF790BF2DE9F0470446406E03681B68EE
:106F40000F4698478146A06E03685B699847002604
:106F50008046464524DAA06E03683146DB699847CF
:106F60000546F8B10078FFF785FFD8B12846EAF763
:106F70004FFFB84216D1D4F86080D8F800302846C8
:106F8000D3F808A000F07AFB01464046D04704F150
:106F90007C08024639464046FFF735F9054618B9E0
:106FA000BDE8F0870136D4E7A06E036805EB09025F
:106FB0009B6A314698472A4639464046FFF750F9C2
:106FC000236D002BECD0616D2846BDE8F0471847D3
:106FD00070B50C4605467C30EAF7BEFF23799A0966
:106FE00003F03F03064602FB0333286E628852FA21
:106FF00083F1036802319B689847044600EB8000E8
:10700000E9F70EFE3146E9F763FEEAF763F8062377
:107010005C43B4F5FA6F28BF4FF4FA64A04228BF6E
:107020002046421C0021286F01F080FB143070BD07
:1070300038B50B799A0903F03F03054602FB033389
:10704000006E4A8852FA83F1036802319B689847C0
:1070500040F291120446FA21286F01F067FB4FF4C9
:107060007A7300FB04F20021B2FBF3F2286F0132C5
:1070700001F05CFB143038BDF8B50B7903F03F0428
:10708000013C23F03F031C43E4B20C71A4090D46FC
:10709000013401F10A0600272B7903F03F0313FBAB
:1070A00004F3BB4200DCF8BD30462644224631469C
:1070B00027440BF082FBEFE72DE9F047202B92B03D
:1070C00081460E4617461C4604D90025284612B0B4
:1070D000BDE8F087FFF712FA05460028F5D0034611
:1070E000102203F84A2B06F12008324652F8041BFE
:1070F00043F8041B4245F9D1D9F8740003681B68B2
:10710000984705F16E098246C5F86A002FB324B38B
:107110002246394605F1AE000BF04FFB04F1640343
:107120006B800DF1040C334618685968624603C23F
:10713000083343459446F7D1CDF824A07FB174B10C
:10714000224639460AA80BF038FB04F1240301AAB1
:1071500049463046FFF735FEB8E76423E0E72423CD
:10716000F5E770B50E461546FFF7C8F9044638B185
:107170000C2300F84A3B2A4631460BF01EFB658083
:10718000204670BD2DE9F04102F10108B8F1B80FB9
:107190000F4616461D4614D8FFF7B0F9044668B1ED
:1071A0002D01282345F00305037080F84A5032462C
:1071B00039464B300BF001FBA4F802802046BDE8B5
:1071C000F0810024FAE72DE9F0470B78FF2B054604
:1071D0000C4690464CD003685B6D984704F14A0911
:1071E000064604F10A0AEEB9A27849462846FFF796
:1071F000B8FF074600283BD0237904F10A0140225A
:107200000A3000F032FA3B78387123F0030343F080
:1072100002033B703246434639462846BDE8F047F4
:10722000FFF730BC2B6821469B6C2846984708F531
:107230009678A2788044334649462846FFF7A2FF55
:10724000074690B12379402251460A3000F00DFAEA
:107250003B78387123F0030343F002033B700022B4
:10726000434639462846FFF70DFC013EF6B2BAE721
:10727000BDE8F087F0B591F84A7007F00F03032BD3
:10728000C3B006460C4636D14B88042B33D901AD2A
:10729000284600F0C4F923788DF804304022237981
:1072A00004F10A010DF10E0000F0DFF962888DF89B
:1072B0000800013A92B204F14B010DF14E00ADF815
:1072C00006200BF07AFAB06F036829461B689847CE
:1072D00088B9B06F036829465B68984729463046ED
:1072E000FFF7CAFE3F094FF4967207FB02222946B8
:1072F0003046FFF768FF002043B0F0BDB82A70B5F4
:107300000E4615460DD8FFF7F9F8044638B12C2380
:1073100000F84A3B2A4631460BF04FFA658020467A
:1073200070BD0024FBE72DE9F04117460A780646B8
:1073300002F03C0024280D4605D129463046BDE820
:10734000F041FFF7EFB85C1EE4B2022CF5D822F052
:10735000030242F00102A4010A700C71B06F0368CD
:107360005B6898472B78C3F38303082B10D0042B5A
:1073700014BF01240324336829461B6D3046984707
:107380002246C31929463046BDE8F041FFF77ABBD3
:107390000224F0E72DE9F0411F460B789DF81850C4
:1073A000064603F03C0024280C4605D12146304611
:1073B000BDE8F041FFF7B6B8013DEDB2022DF5D8BA
:1073C00023F003030B701388CB8053880B81AD012E
:1073D0000D71B06F03685B6898472278C2F383022F
:1073E000082A10D0042A14BF01250325336821463A
:1073F0001B6D304698472A46C31921463046BDE8E2
:10740000F041FFF73FBB0225F0E72DE9F04194463C
:107410000A78069F22F0030E02F03C024EF0020EA4
:10742000242A06460C461D4681F800E021D14B88EF
:107430005A19B82A03DDBDE8F041FFF773B803F12C
:107440004A002A46614620440BF0B7F963881D4480
:107450000023658023710525B06F036821465B68B2
:1074600098473B462A4621463046BDE8F041FFF7A3
:1074700009BB4022614604F10A0000F0F6F82578C5
:10748000207105F03C05A5F120035D425D41E3E775
:107490002DE9F0410D7825F0030545F002050D704A
:1074A00000250D710646806F036817460C465B6821
:1074B00098473B462A4621463046BDE8F041FFF753
:1074C000E1BA2DE9F04FAFB09A469DF8E080DDF8C3
:1074D000EC904FEA981308F03F0403FB044409F1D1
:1074E00005032344A62B06468B46174604D90025E0
:1074F00028462FB0BDE8F08FFFF700F805460028BA
:10750000F5D0202303709BF8003080F84A3096F8BD
:10751000143280F84B30514622460DF101008DF8AF
:10752000008004F1020A0BF048F904F1B903E846BF
:107530000DEB0A006B44B9F1000F12D09DF8E42066
:1075400003F8B82C3A994A460BF037F909EB0A03CD
:10755000424605F14C01384600F057F90230688088
:10756000C6E7FF2203F8B82C336F1A680146166885
:1075700018460422B047A31DEAE77FB509788DF8C5
:1075800014100B9903910A9902919DF8241001910E
:107590009DF82010009105A9FFF793FF07B05DF853
:1075A00004FB2DE9F8430229DDF8249007460D4637
:1075B00090461E461DD809F11103B82B19D8FEF7C5
:1075C0009DFF044690B1AD00057098F8003080F83A
:1075D0004A3097F8143280F84B3000F14C01089A89
:1075E0004B46304600F011F9023060802046BDE87D
:1075F000F8830024FAE770B50446406E03681B6800
:10760000984706462046FEF759FE3146054604F1E6
:107610007C00EAF767FCA84228BF284670BD00221C
:10762000027002714280704700F03F038009032816
:1076300000F1010206D013FB02F04028CCBF00206D
:10764000012070470020704738B59D0903F03F04C2
:1076500005FB0444402C06DC944204D822460BF07F
:10766000ACF8204638BD0024FBE710B51C46FFF7F8
:10767000EBFF002814BF2046002010BD03799A09B3
:1076800003F03F0302FB033342880078023310F01B
:10769000030052FA83F305D0C21E504250418000CD
:1076A000184470470420FBE770B504784688C4F39B
:1076B0008304B0B0092C0D468DF8044000F14A0156
:1076C0000FD103798DF8053032460DF106000BF02D
:1076D00074F8B31C01AA08212846EBF7E9F930B089
:1076E00070BD32460DF105000BF067F8731CF1E731
:1076F00070B5D0F820418C42034619DD50F82100C6
:1077000003EB81021D1F8031194405EB8405AA4259
:1077100003D1013CC3F8204170BD566842F8046BA8
:107720004E7801F8016BD2F8A060C2F89C60EEE7D9
:107730000020F1E730B5D0F820411F2C0DDC40F8D7
:10774000241000EB84050119013481F88020C5F86C
:10775000A030C0F82041012030BD0020FCE7A0F19E
:107760004103052B02D83738C0B27047A0F161033E
:10777000052B01D85738F7E73038C0B20A2828BFA0
:10778000002070472DE9F047B4B002AC804689462E
:107790001E46A2461A440F2EA2EB06051ADC002E46
:1077A0000ADD1022002120460BF015F82046324653
:1077B00029460BF002F8103401230093A4EB0A02CF
:1077C0004B4651464046EBF7EDF820EAE07034B006
:1077D000BDE8F087234605F1100C286869681F464C
:1077E00003C7083565453B46F7D11034103ED2E754
:1077F00013B50C4611461A46002300932346EBF7B7
:10780000D1F820EAE07002B010BDF8B58F1C0D462B
:1078100039460646FFF7B6FF044608B90020F8BD12
:1078200002462B4639463046EBF702F90028F5D1DF
:10783000A01CF4E773B500238DF80730934206D1FE
:107840009DF80700B0FA80F0400902B070BDC55C39
:10785000CE5C9DF8074075402C438DF807400133FE
:10786000ECE7022B2DE9F34106460F46154617DDDE
:1078700002F102089C1E224601AB4146EBF7D8F804
:1078800070B90222294601A8FFF7D4FF40B1234670
:1078900042463946304602B0BDE8F041FFF7A8BF86
:1078A000002002B0BDE8F08101440023884200D1ED
:1078B000704700F8013BF9E7F8B5064610460D465B
:1078C0001446E9F7A3FCB0EB450F17D12246314629
:1078D0008B1BAB4202F1020201D30120F8BD12F86A
:1078E000020C12F8017CFFF73AFF04463846FFF716
:1078F00036FF40EA041001F8010BE9E70020EDE74C
:10790000F0B504460020074625780DB1904208DB0B
:10791000214614F8012B1AB19A42F9D100230B70B9
:10792000F0BD41F8204025462E782C4601351EB189
:107930009E42F9D127702C460130E5E77047704729
:1079400000207047704700207047002070470020DB
:107950007047002070470020704700207047704734
:1079600000207047002070470020704708B54FF492
:10797000FA70002108F00BFB0120F2F74FFA00200B
:107980007047002070470020704700207047704704
:1079900090F94D0A7047002070476FF0570070470C
:1079A000002070470020704770470020704700207B
:1079B00070470020704770477047002070470020D4
:1079C000704740F2DC5070477047006A7047406A69
:1079D000704708B50368D3F8A830984780F00100D5
:1079E000C0B208BDD0F8700970470368D3F8BC3046
:1079F000184710B5A8220446002100F6A4100AF08A
:107A0000EAFE002384F8703A10BDBFF35B8F006874
:107A1000BFF35B8F704708B51430FFF7F6FF0038EF
:107A200018BF012008BD00F69430FFF7EEBF00F547
:107A30003960FFF7EABF00F68C30FFF7E6BF08B504
:107A40001830FFF7E2FF003818BF012008BD08B565
:107A500008F07DFB0A220023E9F7ACFB08BD2DE905
:107A6000F04106460F46154698460024AC4203DB1B
:107A70002C462046BDE8F08114B1404607F04AFF8D
:107A800033683046D3F89830984727F81400803090
:107A9000EFD00134EAE708B5034680F8721A1430D3
:107AA000FFF7B3FF20B11A681846D2F8A420904718
:107AB000012008BDBFF35B8F50E8003F40E8001293
:107AC000002AF9D1BFF35B8F70472DE9F84300F628
:107AD0005C0706463846FFF798FF044606F658004E
:107AE000FFF793FFE4B2A042884623D04FF483739C
:107AF000634306EB030992B2B9F82851954228BFB7
:107B000015462833F1182A4640460AF056FEB9F9C0
:107B10002A01E9F789F8306299F92C01E9F784F82C
:107B2000611C706201F007013846FFF7C3FF284669
:107B3000BDE8F8830020FBE710B50021044600F6FD
:107B40008C30FFF7B7FF04F53960FFF7B3FF04F699
:107B50009430BDE81040FFF7ADBFBFF35B8F50E836
:107B6000003F013340E80032002AF8D1BFF35B8FB9
:107B7000704708B500F11C0203460021BFF35B8F7C
:107B800052E8000F012804D142E8001CBCF1000FAC
:107B9000F6D1BFF35B8F0CBF0120084604D103F57B
:107BA0003960FFF7DAFF012008BD2DE9F047099C95
:107BB0009DF920801E4631B92AB904F69430BDE8FB
:107BC000F047FFF7CABF04F658094846FFF71DFF04
:107BD000C5B204F65C00FFF718FF6F1C07F007073B
:107BE000C0B287420BD104F69430FFF7B6FFD4F849
:107BF000D43A73B3D4F8D80ABDE8F04718474FF425
:107C000083735D43B2F5807F28BF4FF4807205F126
:107C100028002544924620440AF0CFFD39464846C4
:107C2000A5F828A1A5F82A6185F82C81FFF742FF65
:107C30003046E8F7F9FF20624046E8F7F5FF60625A
:107C400004F68C30FFF789FF206903681B6A9847A8
:107C5000CDE7BDE8F087142914D803681B6803EB4F
:107C6000C103B3F8A439772B0CD9436803EBC103E4
:107C70004FF47A72B3F8A809B3F8A4395043B0FBB3
:107C8000F3F070474FF0FF3070472DE9FF4704468F
:107C9000C0F87419FFF7DBFE04F5186A002384F8B6
:107CA0009339D4F88029DAF804300D4652EA0301FA
:107CB000074603D0974275EB03030FDB94F888392E
:107CC000012B0ED9002384F88839D4F88C39DB19BC
:107CD00045F10005C4F88039CAF8045004B0BDE885
:107CE000F087013384F8883941F28833FB1845F175
:107CF0000002C4F8803904F11400CAF80420FFF728
:107D000084FE0028EAD004F11800FFF77EFE002868
:107D1000E4D1236820461B6B9847804628B9D4F8E5
:107D2000943A0133C4F8943AD8E723682046DB6AD2
:107D3000984706460028D1D12046EBF775F98146D1
:107D4000F5F7E0FCF5F7DEFC0A23B9FBF3F292B29B
:107D5000012A38BF012202F2A733B3FBF2F3D4F8B1
:107D60009429801A3022B0FBF2F0B0EB031FB5D398
:107D700022686946D2F89C9020460822C84700280D
:107D800005DAD4F8903A0133C4F8903AA6E7D4F86B
:107D9000881A07280144C4F8881A05DCD4F88C3AFC
:107DA0000133C4F88C3AECE7D4F88C39DB1945F18F
:107DB0000005C4F880396A46CAF80450304684F891
:107DC000886932F9027F0346154635F902CCBC4575
:107DD00003DD013B25F802C9F7D204AD05EB4303EF
:107DE0000130072823F80E7CEBD1BDF90EE0BDF978
:107DF00000C0D4F89C09BDF90820BDF90630E6455D
:107E0000AEEB0C050544134408BFD4F8A009D4F820
:107E10009829C4F89C5902F1010208BF013003EB14
:107E2000D37308BFC4F8A009B2F5005F4FEA630737
:107E3000C4F8982943F34F031CD35208C4F8982977
:107E4000D4F8A0295208C4F8A029D4F88C2A5208E2
:107E5000C4F88C2AD4F8902A5208C4F8902AD4F88E
:107E6000942A6D0849085208C4F89C59C4F8881A25
:107E7000C4F8942AD4F87059A4F890393DB105F1AA
:107E800007084745CCBF4FF000084FF0010801221A
:107E900084F89329B4F9842A84F892899A422ED1DD
:107EA00094F8863AFF2B02D0013384F8863A2046B4
:107EB000EBF7BAF80A23B0FBF3F39BB21F2B40D0C9
:107EC000B0F5A07F26D20F2B3ED09F281BD8072BC2
:107ED0003DD00A2B14BF6FF07A036FF08503002D9D
:107EE0003ED1BB42B8BF3B466FF031029342D4BF94
:107EF000C4F87039C4F8702984F87859EEE6A4F80B
:107F0000843A0023D1E7142B14BF6FF07A036FF08B
:107F10008203E4E7FA2B1DD040F6CD12904208D838
:107F2000292B1AD03E2B14BF6FF07A036FF07D031C
:107F3000D5E7B3F5FA7F14BF6FF07A036FF07403DF
:107F4000CDE76FF08003CAE76FF08303C7E76FF0F8
:107F50008603C4E76FF07703C1E76FF07F03BEE7E6
:107F600094F87829072A82BF02F00F06B6FA86F63F
:107F70007609511C072A84F8781905D926B905F124
:107F80000D0297423FF7AAAE7F1B002FCCBF042201
:107F90006FF00302D21948BF073205EBE2059D429C
:107FA000B8BF1D466FF031039D42D4BFC4F870596D
:107FB000C4F8703992E690F8C53A13B190F8D00A37
:107FC0007047C36813B193F8740070470720704777
:107FD00090F8C53A13B190F8D10A7047C36813B14D
:107FE00093F8750070470520704708B5FFF7E3FF69
:107FF00008288CBF1020202008BD12207047C368BD
:1080000053B193F94C00162808DC6FF0080398422E
:10801000B8BF184640B270471620F6E71620F9E7B9
:1080200070B5044686B00A4601A9EAF771FF94F8D4
:10803000C42AAAB1D4F8B03A0199994210D1D4F81F
:10804000B43A029999420BD1D4F8B83A03999942BB
:1080500006D1D4F8BC1A049B4B4033F47F0327D0DD
:1080600023793BBB32B3D4F8B03A019A9A4221D17A
:10807000D4F8B43A029A9A421CD1D4F8B82A039B95
:10808000534033F07F4315D1D4F8BC2A049B5340AE
:1080900033F47F030ED19DF80F2094F8BB3A9A4237
:1080A00008D001AD0FCD04F52B640FC42B682360FD
:1080B00006B070BD236801A9D3F88C3020469847DC
:1080C00050B101AD0FCD04F52B660FC62B683360A0
:1080D000012384F8C43AEBE784F8C40AE8E70021F6
:1080E000FFF79EBF0121FFF79BBF2DE9F043044638
:1080F0008BB000F5376900F118064FF0FF324FF0F2
:10810000FF334846F8F7C4FA3046FFF77EFC0028F4
:10811000F3D01022002105A8012704F516650AF006
:108120005AFB8DF82170099502AA01A9284608F08A
:108130006EF9DDF80480B8F1000F0BD0284608F086
:1081400063F9029B002B12DB394604F11C00FFF798
:10815000B1FC0CE02046EAF797FE0A23A0FB0323BC
:10816000394605A8F9F7E6FA10F10B0F12D120698C
:108170000368DB6998472046EBF72AF80021304670
:10818000FFF798FCD4F8DC3A002BB6D0D4F8E00A1C
:108190009847B2E788B9089B03F4FE13B3F5804F04
:1081A0000BD1CDE9030003AA04A9284608F02FF952
:1081B000284608F029F9039BC4E7284608F024F96B
:1081C000D5E710B50446806807F0CAFB58B12046D1
:1081D000EAF7FEFF236894F8721AD3F8A430204619
:1081E000BDE81040184710BD38B50546044655F89F
:1081F000143BD3F89030984700212846FFF75AFCEB
:10820000236884F8C41A20469B6D98472046BDE831
:108210003840EAF7DDBF30B480F8D03A9DF8085016
:1082200080F8D15A012330BCC0F8C81AC0F8CC2A53
:1082300080F8C53AFFF7D8BF90F8C52A22B10022CE
:1082400080F8C52AFFF7D0BF7047B2F5807F2DE9CF
:10825000F84F0446894616464FDC03681B6B984767
:108260000746002849D023682046DB6A9847054620
:10827000002842D1BFF35B8F04F1180A01235AE8AA
:10828000002F002A03D14AE800310029F7D1BFF3BB
:108290005B8F32D1294604F11C00FFF70BFC2069EB
:1082A00003689B699847FFF7D2FB04F50668C4F89A
:1082B000AC0A2046FFF716FF4946324640460AF010
:1082C0007CFA04F51669A4F88A6B484608F09CF815
:1082D00023683246D3F894B041464B462046D847EF
:1082E00000280EDA20690368DB6998475046294662
:1082F000FFF7E0FB2046EAF76BFF00273846BDE8B2
:10830000F88F294604F11400FFF7D4FB04F5376019
:10831000F8F784F9F2E738B50546044655F8143BFA
:10832000D3F89030984728460021FFF7C3FB84F824
:10833000C41A2046BDE83840EAF74ABF38B50546BA
:108340000C4611B9D0F8744964B12B682846D3F8AB
:1083500098309847D5F870391C44A042D4BF00200B
:10836000012038BD2046FCE710B504461430FFF765
:108370004CFB08B9002010BD04F11800FFF745FBC5
:108380000028F7D123682046D3F8A030984700286A
:10839000F1D101462046BDE81040FFF7CFBF38B508
:1083A00003680546D3F8BC3098472B680446D3F8D9
:1083B000C0302846984734B128B1E31F834202DC1D
:1083C000001B40B238BD6FF00700FBE738B503680B
:1083D0000446D3F8BC30984723680546D3F8C43028
:1083E000204698472DB120B1401B0B2801DC40B23C
:1083F00038BD0C20FCE72DE9F14F044698469DF866
:108400002C609DF828900F469346FFF7C8FF05465D
:108410002046FFF7DBFF23688246D3F8BC302046B6
:1084200098474EB140B186421FBF0BEB0602121AAD
:1084300002F307024FFA82FB5D45B8BF5D4669B2A1
:108440005145A8BF514649B284F84C7A84F84D1A78
:10845000A4F84E8A84F8509AB8F1000F0DD04FF46A
:108460007A7303FB08F3C4F88C392368D3F8B83067
:10847000204601B0BDE8F04F184743F69823F2E7D5
:1084800038B5044690F94D5AFFF7A0FF85420CDA43
:1084900094F84D1A2368013149B284F84D1A2046E8
:1084A000D3F8B8309847012038BD0020FCE700F130
:1084B000A802B0F8A4395B08A0F8A439B0F8A6392E
:1084C0005B08A0F8A639B0F8A8395B08A0F8A8396D
:1084D000B0F8AA395B08A0F8AA3908309042E8D170
:1084E000704738B590F8703A90F84C2A90F94D4A98
:1084F0000133DBB2054680F8703A6AB9221DD2B268
:10850000082A07D80922B3FBF2F202EBC2029B1A37
:10851000043B5CB2204638BD03F00303012B09D0B5
:10852000032B0AD02846FFF73AFFA04207DD95F952
:108530004D4AEFE7013C64B2F4E70134FBE728461B
:10854000FFF744FFA042F2DBE4E72DE9F04F85B0EE
:1085500090F94D5A019001ABCDE90230044605F186
:10856000080102A8FFF777FBB0F1FF3F80465BD020
:1085700005F1090102A8FFF76EFB05F1070B59464B
:10858000814602A8FFF767FB0746204694F850AAE9
:10859000FFF71CFF854294F94D6A13DAB9F1FF3FEA
:1085A00010D0A8EB0909B9F1310F0BDD711C23685C
:1085B00049B284F84D1AD3F8B830204605B0BDE86A
:1085C000F04F1847BBF1140F29D804EBC505B5F8D7
:1085D000DC29772A23D9B5F8DE394FF47A714B4379
:1085E000B3FBF2F3BAF1000F1CD00AEB4A0AB3EB6B
:1085F0004A0FD4BF012500252046FFF7D0FE864252
:1086000012DD7B1C10D0A7EB0807312F0CDCB8F172
:10861000320F09DC45B194F84D1A0139C7E74FF024
:10862000FF33DFE70125E7E705B0BDE8F08F38B598
:10863000044690F94D5AFFF7C9FE85422EDA94F9A7
:108640004D1A01F10803142B28D804EBC103B3F829
:10865000E4291AB3B3F8E63994F8505A4FF47A7013
:108660004343B3FBF2F3B3F5617F28BF132A8CBFFA
:1086700001200020A5B1772A12D920B905EB850584
:10868000B3EB450F09DD0131236849B284F84D1A77
:108690002046D3F8B8309847012038BD0020FCE7C9
:1086A0000028F0D1F9E738B500F11405044680F848
:1086B000711A2846FFF7A9F968B123682046D3F854
:1086C0009030984728460021FFF7F4F92046BDE88E
:1086D0003840EAF77DBD38BD08B507F038FD0A22FD
:1086E0000023E8F767FD08BD704710B5044607F0A2
:1086F0002EFD0A220023E8F75DFD4FF47A72002375
:10870000E8F708FDA368184410BD38B505460C46C7
:1087100007F01DFD0A220023E8F74CFD4FF47A72A2
:108720000023E8F7F7FC241AAC6038BD37B50368BE
:10873000154604220C461B680DEB02019847A54222
:1087400006D9019B2D1BB3FBF5F205FB12331C442C
:10875000204603B030BD70B5C0B0044600214FF4D0
:10876000807268460AF037F86D46631E00203F3479
:10877000012113F8012FAE5C0EB9A9540130A342B8
:10878000F7D140B070BD7047704770470020704708
:108790000020704700207047704770474FF4967074
:1087A000704770470020704708B5202200210AF06A
:1087B00012F8002008BD7047142200210AF00BB8FF
:1087C000704783684C21DB68184783681B6918472A
:1087D00000207047F0B5044620B30020235C261823
:1087E00003B31A061FD503F13E02D2B21D2A1CD9CB
:1087F00003F12002D2B20F2A19D903F11002D2B22A
:10880000042A0FD8042200EB020C8C450AD8B64685
:108810000127BA420DD1032A1BD1E02B727812D165
:108820009F2A14D8F0BD0122EDE70222EBE70322D4
:10883000E9E71EF8015F002DF4D005F0C005802D9A
:10884000F0D10137E5E7ED2B01D19F2AEAD8604648
:10885000C4E7042AFBD1F02B727801D18F2AE0E71C
:10886000F42BF4D18F2AF1E7F8B503780B70427836
:1088700006460C468AB343F010030B708368C1F8B8
:108880000130C368C1F805300925338A33B1237834
:1088900043F020032370338A63530235738A33B164
:1088A000237843F040032370738A63530235706862
:1088B00088B103787BB1C5F12001FFF78BFF074634
:1088C00048B1237863F07F03237002467168601912
:1088D00009F073FF3D44E8B2F8BD0125D5E7002358
:1088E00070B5C0E9093304460360C3624AB308782F
:1088F0002070C30627D5082A23D9D1F80130636236
:10890000D1F80530A3620923860608D5012B0CBFD8
:1089100003250B25AA4214D3CD5AA585023345065B
:1089200006D59D1CEEB2B2420BD3CB5AE3852B4643
:10893000000604D5D51A1F2D07DC002D06DC012307
:108940006370204670BD0123DEE71F252A461944C7
:10895000A01C254409F031FF0023AB70EFE770B590
:1089600004460E46154600214FF4407209F033FFCD
:108970000023C4E9C233C4E9CC33C4E9CA3384F860
:108980001033C4F8143384F81833C4F81C3384F853
:108990002033C4F8243300220023C4E9CE23C4F8D2
:1089A000006384F8045370BDF8B50D46044600F525
:1089B0004077E37D26462BB108222946204609F060
:1089C00019FF18B11834BC42F3D100263046F8BD67
:1089D0000B69D21AB2F5616F05D3888A012894BF5A
:1089E000002001207047002070472DE9F04FADF5C1
:1089F000157D0D46029200219B4618229DF8783283
:108A000003938246002409F0E6FE05F540732946EB
:108A10000193264614AF039B5A462846EBF756FAB5
:108A2000B8B3CB688A68ABEB03039B184FF0000226
:108A300042EB020C029A9B1A8A7D4FF00F004FF016
:108A4000960E12FB00E26CF1000CB3EB020907EB8F
:108A5000C40EC8464FF0000047F834806CEB0009A4
:108A60000DF11008CEF804904FF0010E08F804E064
:108A700004F1010ED21807EBCE094FF0FF3340EBA3
:108A80000C0008F80E3047F83E200234C9F8040004
:108A90000136019B18319942BDD1F3B203938AF894
:108AA0000130002E3BD004ABCDE9013314AA0126DE
:108AB0001046B44238DC0022134616461146944252
:108AC00064D150F8335000EBC3020133546850F8BE
:108AD000331000EBC30201238AF80030039B526875
:108AE000F6B29B1B8AF802606E1844EB02008AF80B
:108AF0000330C30F9B1940F100005B08491B43EA98
:108B0000C07362EB04024010CAE90230D30F5B1855
:108B100042F100025B0843EAC273CAF810305046C3
:108B20000DF5157DBDE8F08F029952F8088F11F907
:108B3000013FD2F804E002919C460F46731E114695
:108B400051E9029BC8457EEB0B0507DBF34508BFE7
:108B5000C1450DD117F9015C654509DAC1E9009BF2
:108B6000013B17F8019C07F80199A1F10801E7D230
:108B7000013314AD14A945F8338001EBC30104ADF2
:108B8000C1F804E005F803C0013692E7019D15F92C
:108B9000017B0195002F394403DD8E42BCBF134693
:108BA0000E4601328BE70123C0F80C1380F8103316
:108BB000C0F8141380F8183370470123C0F80C1361
:108BC00080F81033C0F8141380F81833704710B5CC
:108BD0000299C0F81C13012180F82013D0F82C133F
:108BE0009DF80C400131C0F82C1324B1D0F830139B
:108BF0000131C0F83013C0E9CE2310BDF8B5D1F86B
:108C0000087306460C46AFB19F4217D803F561754D
:108C1000C1F80853D1F824530135C1F82453EBF7B8
:108C20000DFA3378012B02BFD4F828330133C4F88E
:108C3000283308E003F56175C1F80853302200219C
:108C4000304609F0C8FD3046F8BD2DE9F043054631
:108C50008FB00E4607F07BFA0A220023E8F7AAFA43
:108C60004FF47A720023E8F755FA336807461B6819
:108C7000304698473B4602460446294602A8FFF77D
:108C8000BDFF9DF80830022B0CD195F80433DDE9C7
:108C900004985BB1B8F1000F08DAD5F8343301332A
:108CA000C5F8343300200FB0BDE8F08314EB09049D
:108CB00048F100036FF00101621E43F1FF3391425E
:108CC0004FF000029A41EDD3336821465B6830468D
:108CD0009847204600F023F80520F1F727F89DF883
:108CE00018302846CDE900734A464346FFF76FFF28
:108CF0000120D8E710B50A460446EBF78FF930B1EA
:108D0000D4F80C03C2F5132101F52861084410BD05
:108D1000704708B50120F1F781F8002070477047CF
:108D2000F0B50346A1B11D684279B1FBF2F12A8882
:108D30008A4288B22DD91B7903F10042013A35F8F5
:108D40001220824204D20124AF1EE2B2934201D823
:108D500000201BE0621C37F81260864217D8881B7F
:108D60005A1E6423B3FBF2F1484304F10041013978
:108D700014FB03F335F81110B3FBF2F3891BC3F1B5
:108D8000640389B2B0FBF1F01844C0B2F0BD1446E0
:108D9000DBE76420FAE708B5806883681B689847BA
:108DA000C043C00F08BD10B480688468E468A4465E
:108DB00010BC604701207047806804F0ADBD80683A
:108DC00004F0D5BD806804F09EBE806804F05EBEED
:108DD000806804F072BE806804F09CBD806804F076
:108DE000FBBE806804F017BF806804F043BF806852
:108DF00004F03ABF806804F002BF806804F003BF4B
:108E000004F0F9BE04F0F9BE806804F0DABE8068B0
:108E100004F0DCBE8068836800225B691146184755
:108E200083685B68184713B5044608466946FEF731
:108E30003BFCD4F804256B4603CB04EBC2029160E3
:108E40005060D4F80435A022013393FBF2F102FB09
:108E50001133C4F8043502B010BD37B504460846D6
:108E60006946FEF721FC251D04F204540822294618
:108E7000684609F0BFFC18B92860686003B030BDCF
:108E80000835A542F2D1F9E72020EBF763BC80203A
:108E9000EBF760BC0820EBF75DBC4FF48070EBF79C
:108EA00059BC0220EBF756BC0120EBF753BC102055
:108EB000EBF750BCF7B50E46044669463046FEF760
:108EC000F3FB251D04F2045708222946684609F0E1
:108ED00091FC98B9337803F00303023B012B07D9C7
:108EE000D4F80C350133C4F80C35012003B0F0BDC3
:108EF000D4F808350133C4F80835F6E70835BD4223
:108F0000E2D10020F2E701207047002070470020E6
:108F1000704700207047002070470020704790F88D
:108F20001F03704790F817037047006E03685B6E6D
:108F30001847A0F51D70F8E7006E03681B6E184710
:108F4000A0F51D70F8E737B50446006E94F8C0230D
:108F5000036894F8B613019294F8B923009200398B
:108F600094F9B7231D6C94F8B83318BF0121A847B2
:108F7000206E03685B6D984784F8B703206E036822
:108F80005B6C984784F8C00303B030BDA0F51D703A
:108F9000D9E7006E03689B6D1847A0F51D70F8E7D0
:108FA000036880F8B713D3F8C030184780F89812D8
:108FB000704780F82410704700F5057070476038DE
:108FC000704700F538501830704700F52E502430A7
:108FD0007047C0F81012704740F8641C7047704723
:108FE00070477047F0B500F580530246D3F8145827
:108FF0000023184602F21446A027AB4200DBF0BD66
:1090000007FB03F491F800C0345DA44501BF00F6EE
:10901000643402EB8404013063600133EDE7704790
:109020007047006E03689B6F1847A0F51D70FFF72F
:10903000F8BF006E0368DB6F1847A0F51D70FFF7DF
:10904000F8BF006E0368D3F880301847A0F51D7094
:10905000FFF7F7BF38B5056E2B6804465B6F2846EF
:1090600098472B682846D3F8883098470023C4E9EE
:109070001033C4E91233A26FA4F86C30C2F80C3577
:10908000C2F8083538BDA0F51D70FFF7E3BF006ECC
:109090000368D3F884301847A0F51D70FFF7F7BFB9
:1090A000006E0368D3F888301847A0F51D70FFF7ED
:1090B000F7BF02F6643200EB82025368002B12DB2A
:1090C00000F58052D2F8142893420CDAA02202FB59
:1090D000030000F2764300F2964053F8042B41F867
:1090E000042B8342F9D170472DE9F041054605F57F
:1090F000005488464FF4FA6117461E46FDF722FADF
:109100009DF81830079984F8913D4EF66023594335
:10911000C4F8800DC4F8888DC4F88C7D84F8906DF7
:1091200001F5FA612846FDF70DFAC4F8840DBDE893
:10913000F081A0F51D70FFF7D7BFA0F51D70EBF70C
:109140006DBEA0F51D70EBF779BE38B502F664323E
:1091500000EB820205465468002C19DB00F58052B2
:10916000D2F81428944213DAA022544304F2364071
:109170009DF81430049940222844FEF776FA2C44D6
:1091800084F83504686F03681B689847C4F89C042A
:10919000002038BDA0F51D70EBF760BEA0F51D7076
:1091A000EBF784BEA0F51D70EBF7B4BEA0F51D7003
:1091B000E8F7A6B9A0F51D70E8F7BEB9FFF7EABA5F
:1091C000A0F51D70FFF7FABFFDF702BFFDF730BF36
:1091D00038B50D46FFF7DCFA044610B12846FFF714
:1091E000DCFA204638BDA0F51D70FFF7F1BF01463F
:1091F000D0F87C0218B101F52871ECF7F9BD704781
:10920000A0F51D70FFF7F3BF30B4006E9DF8084065
:1092100090F8C55A1DB9029430BCFEF7FCBF30BCB3
:109220007047A0F51D70FFF7EFBFD0F87C0208B1C2
:1092300001F00AB87047A0F51D70FFF7F6BFD0F82F
:109240007C0208B1ECF782BD7047A0F51D70FFF7F6
:10925000F6BF7C30E8F780BEA0F51D70F9E77C30E2
:10926000FDF713B8A0F51D70F9E7A0F51D70E8F73C
:109270007FB9A0F51D70EBF7A7BE70B5846845688F
:10928000261DAE4214D80568661C86602955816883
:1092900004684D1C8560625482680168541C8460B7
:1092A000C3F307248C5482680168541C84608B5477
:1092B00070BD0178092301F00301CB40024613F091
:1092C000010007D0D38823B91089B0FA80F0400993
:1092D000704700207047C0F3400080F0010000F0AC
:1092E0000100704770477047704710B50368044627
:1092F0001B6898476368834228BF581C606010BD94
:109300002DE9F0430446002389B000F5A05544F848
:10931000043B074604352046A034FDF729FCAC4247
:10932000F9D107F580534FF0000807F5A159C3F8AC
:10933000048407F1260409F1060968466E46FDF724
:1093400017FC0FCEA4F122050FC596E80F0085E8A3
:109350000F0004F8028C04F8018C40220021204602
:1093600009F039FA2022002104F1400009F033FA13
:10937000C4F86280C4F8668004F16A0014220021F7
:10938000A03409F028FA4C45D7D1384609B0BDE8D9
:10939000F083D0E9012313448B4209D98389013337
:1093A0009BB283810088984234BF0020012070471F
:1093B0000123816083811846704770B588B00646E6
:1093C0006C466846FDF7D4FB0FCC35460FC594E8D4
:1093D0000F0085E80F000023C6E9083386F828301F
:1093E00008B070BDF8B500F513540E461746283482
:1093F00000F536553A463146204609F0FBF910B9DA
:109400002046FFF7DAFF2C34AC42F3D1F8BDA0F5CB
:109410001D70FFF7E7BF2DE9F84F00F5135528350C
:1094200007460C46914698462E4600F5365B4FF0AF
:10943000FF3A20223146204609F0DCF930B3736A46
:109440009A4588BF354606F12C0688BF9A465E4588
:10945000EFD12B4604F12002206861681E4603C646
:10946000083494423346F7D1C5F82090786F0368EA
:109470001B6898474FF0814168624046E7F728FC37
:10948000E7F702FE85F82800BDE8F88F3546E0E7EB
:109490002DE9F04305468FB008460C4616461F4698
:1094A000FFF707FFC8B994F8049006F050FE0A22AF
:1094B0000023E7F77FFE4FF47A720023E7F72AFED6
:1094C00005F5385809F03F0908F1180800904B4697
:1094D0003A4631464046EAF70BFD23799B0620D1F8
:1094E0002046FFF7E6FEE0B99DF85C20169902A839
:1094F000FFF7F5F99DF809309BB19DF8083003F0AE
:109500000F03022B0DD194F90201E7F78DFB4FF009
:109510007A51E7F7DDFB3A46034631462846FFF726
:109520007AFF0FB0BDE8F083F0B591F84A3003F050
:10953000F002802A8BB004460D464DD14B88052B96
:1095400048D990F8ED62002E44D1406F03681B6843
:109550009847014604F512502830FFF71AFF0028FB
:1095600038D06A8895F84B30092A78D85B0731D50E
:10957000D4F83033B3422DD3922195F84A30EA6CB7
:109580008DF8001095F802118DF80110CDF8022029
:1095900003F0010304F505720DF1060104F50D70E9
:1095A00052F8045B41F8045B8242F9D1002B0CBFF6
:1095B00026220E2269462046FDF7A0FE054648B148
:1095C000236801465B6C2046984729468200204666
:1095D000FDF75EFF0BB0F0BD902AFBD14A88052A4B
:1095E000F8D903F00F03022BF4D1252AF2D900F5A4
:1095F0000056D6F8D834A3B3D6F8DC14FCF796FF9F
:1096000078BBEB6CD6F8D8249A42E3D105F150032D
:109610006A4605F1700718685968164603C608338C
:10962000BB423246F7D1202204F50571684609F0A5
:10963000E1F80028CED0606F03681B6898470646A3
:1096400095F90201E7F7F0FA4FF07A51E7F740FB9E
:109650003246034669462046FFF7DDFEBAE72E6D27
:1096600084E70023C6F8D834B4E72DE9F04F8DB075
:109670009A46169E9DF85C90337804468B461746B2
:10968000002B7ED010220021684609F0A4F8102299
:1096900000210DEB020009F09EF81022002108A81D
:1096A00009F099F80F21304609F0F7F804F53675FE
:1096B00002463146684609F080F80F21284609F035
:1096C000ECF82946024604F53E7504A809F075F841
:1096D0000F21284609F0E1F82946024608A809F0BA
:1096E0006CF810220DEB02016846FEF7A3F8102279
:1096F000064608A96846FEF79DF8002E74D003269A
:1097000004F5826800225946404600F0D6FED0F8A3
:1097100084305345054673D2C0F884A0606F036857
:109720001B68984795F82030C5F8880003F00302BD
:10973000032A1EBF23F003031E4385F820603A4628
:1097400005F1620307F1200152F8040B43F8040B02
:109750008A42F9D195F8203003F00303032B19D185
:10976000D4F87C0204F5005600284DD0ECF788FAB6
:1097700000220146404600F019FE0023C6F8E434FA
:1097800008E0202200F5826000F07BFE05460028FC
:109790003FF478AFB9F1000F02D0FF2385F82130F4
:1097A000606FFFF7A2FD04F580560023C6F8F008AD
:1097B000A6F8F43895F8203003F00303DA1E53427C
:1097C000534186F8F63895F8203086F8F738206F40
:1097D000036804F5C7511B68042218319847022317
:1097E00086F8FC380D200CE0002889D1606F0368F2
:1097F0001B689847014604F513500830FFF7C9FD70
:1098000000200DB0BDE8F08FD6F8E434002BC1D1B4
:1098100041F288312046FCF795FEC6F8E404B9E72A
:109820002DE9F3410546406F089C1F4603681B68FD
:1098300090469847014605F512503830FFF7A9FDCC
:1098400038B34CB33B7805F5805686F8E83953B108
:1098500005F5CD50621E791C0830FDF706FF10B9E2
:10986000FF2386F8E839C6F8F088686F03681B683C
:1098700098470023C6F8F40805F5C75105F5D850F8
:109880000093AC2201231831103001F079F8083030
:10989000C0B202B0BDE8F0812046FAE72DE9F04100
:1098A0000446406F069D1F4603681B689046984714
:1098B000014604F512503830FFF76BFD18B325B39D
:1098C0003B7804F5805686F8E83953B104F5CD505D
:1098D0006A1E791C0830FDF7C8FE10B9FF2386F810
:1098E000E839C6F8F088606F03681B689847002362
:1098F000C6F8F40886F8F83894F8ED3213B18023EE
:1099000086F8F8380920BDE8F0812846FBE710B555
:10991000044688B000F5C0506A4602211830E8F7C6
:10992000AFF96A46034604F505712046FDF7C4FB0E
:1099300008B010BD2DE9F8430C794FEA9419904610
:1099400009F1010904F03F0401F10A05002600F5C0
:1099500005773CB918F80900B0428CBF00200120FF
:10996000BDE8F8834A463946284608F043FF08B95F
:109970000136F6B2013CE4B24D44EAE72DE9F0438A
:1099800085B0054608469DF83090884614461E4628
:1099900001F04DF8074640B14B4632462146284675
:1099A00005B0BDE8F043FDF7BEBC21464046EDF7EB
:1099B00033F9CDF80090ADF80C00334603AA2146E8
:1099C0002846ADF80E70FDF7E5FC05B0BDE8F08364
:1099D00073B50D4604461646FFF799FF014668B178
:1099E00076B194F8CF030130C0B20A4604F51251A3
:1099F00000902B4615312046FFF7C0FF02B070BD26
:109A00002A46204602B0BDE87040FDF741BDA0F5F2
:109A10001D70FFF7DDBF2DE9F04700F500590E4638
:109A2000D9F8901486B004461746984609B30D88B5
:109A300055B100F5D850012302AA103000F07CFE89
:109A40000028D4BF0025012599F894A404F51259E3
:109A500009F11509484600F0EAFF65B1CDF800802C
:109A60003B46324602A92046FFF788FF06B0BDE814
:109A7000F0870D46E8E7BAF1000F06D128B9CDF816
:109A800000803B4632464946EDE743463A4631467A
:109A90002046FDF748FCE9E72DE9FF470E46097827
:109AA00001F03C011C291F460546DDE90C349046B7
:109AB00045D14FF0000C00F58059196803F804C037
:109AC0004FF0FF0C89F8E8C993F804C00CF1FF3E91
:109AD000BEF11E0F36D93078FFF7FDFB043301903D
:109AE000009328460B463946FFF7BFFD044630B3C6
:109AF0002022394605F5826000F0C3FC824600282A
:109B00005CD090F82120FF3A18BF01223078FFF78F
:109B1000E2FB05F5C753103300287AD199F8E8190C
:109B2000FF29CDE9003443465DD1002A48D0012108
:109B30003A462846FDF735FD0146002877D104B0A6
:109B4000BDE8F087BCF1010F10D1327802F00302BA
:109B5000023A012AF3D8052C38BF0524053C0A46F1
:109B6000009405333946FFF75BFEBFE7BCF1020FF7
:109B700010D1327802F00302023A012ADFD8052C14
:109B800038BF0524053C0A46009405333946EBF7F7
:109B90009FFAABE7BCF1030FD1D1327802F0030298
:109BA000023A012ACBD8052C38BF0524053C0A46C9
:109BB000009405333946FFF771FE97E70246A5E7A3
:109BC0003A4601212846FDF7ECFC01460028B6D0B4
:109BD00033799B0901334FF49672284604B0BDE8EF
:109BE000F047FFF718BF01213A462846FDF7D9FC98
:109BF00001460028A3D04FF496730C9305F5CD527F
:109C000099F8E8390832284604B0BDE8F047FDF776
:109C1000FCBBCDE902340123019333790093424622
:109C200006F10A0339462846FDF7A7FCCDE74FF4B5
:109C300096729AF821300C920AF12202E3E730B5CD
:109C400085B004464FF49063006FADF804300368AC
:109C5000042204F500551B680DF106019847DDF854
:109C60000630C5F8D83447F230512046FCF76AFC7C
:109C700001A9C5F8DC040A2200252046CDF80A50C7
:109C8000FDF73CFB014618B12A462046FDF700FCD3
:109C900005B030BD70B50446C0F87C12FDF737F949
:109CA000D4F80C33C4F81032D4F87C02EBF7E8FF98
:109CB00004F50572014604F5826000F0FAFAD4F862
:109CC0007C02EBF7EDFF04F5D85510350146284628
:109CD00000F043FC284600F0FCFD014630B104F5DD
:109CE000125201231532284600F026FD2368204633
:109CF000D3F8D430984723682046D3F8D830984713
:109D0000D4F87802D4F834130368BDE87040DB68F7
:109D100018472DE9F04F03F6643300EB8303B5B029
:109D20005F680E46002F11463E9A04920446DDE914
:109D30003F2BC0F2F38000F58053D3F814389F42D4
:109D400080F2EC80A0257D4300F5826305F10408D4
:109D50000593984400295DD14719D2F80090D7F8AF
:109D600098344B4580F0DA80ABF104030093414610
:109D7000131D4A46E7F764FC8246002800F0CE80B7
:109D8000C7F89894606F03681B689847C7F89C04ED
:109D90003078FFF7A0FA04F5C7531033D8B1CDE9F6
:109DA000023A01230193337900934146049A06F164
:109DB0000A032046FDF7E1FB0146002800F0AE80D3
:109DC00033799B0901334FF49672204635B0BDE8D4
:109DD000F04FFFF720BECDE9003A0121049B424637
:109DE0002046FDF7DEFB0146002800F0978097F83B
:109DF0003534FF2BE4D04FF4967005F126023E90E7
:109E000004F5826010440246204635B0BDE8F04FAC
:109E1000FDF7FBBA022940F08180BBF1050F7DD927
:109E2000431993F8343403F00303032B76D11179EB
:109E300007294FEA910301D9032B6FD14FF0A00AF4
:109E40000AFB074AD2F800900793DAF89834069292
:109E50004B45059362D8CAF89894606F0168096809
:109E60008847069A079BCAF89C04002102F80B1049
:109E700002F1050BFBB95846E7F7C8F92023CDE9F5
:109E80000083069A431D042109A8E8F733FE099BC5
:109E90000A930AA904222046FDF763F9014650B14E
:109EA0009AF83534FF2B3CD133799B090133C82212
:109EB0002046FFF7B0FD059B4B453DD100238DF8B3
:109EC0002D300DF12D00E7F7A1F9824630B3606F18
:109ED000FFF70BFA042348458DF82C300AF10503EF
:109EE00008BF09F1010001930AAB0A900093022117
:109EF000049B42462046FDF754FB014670B1A02367
:109F000003FB074797F83534FF2B1DD133799B09A5
:109F100001334FF416722046FFF77DFD35B0BDE8E2
:109F2000F08FC82005F12602009004F582600244FB
:109F30002046FDF76AFABEE70DF12D035A46494661
:109F40002046EBF76DFABCE74FF4167005F12602D8
:109F5000009004F58260104402462046FDF755FA51
:109F6000DCE7F8B590F8B5330446B3B3416F00F5BC
:109F700038501830FEF769FE78B304F5005202F548
:109F80006263D3E9CC0604F5145500210C3540F288
:109F9000262C55F821304BB11B1846F10007012B38
:109FA00077F10007B8BF012345F821300B31614537
:109FB000EFD104F580530021D3F81478B9420DDBBA
:109FC0000023C2F8B034A2F8B434C2F8C034A2F806
:109FD000C434C2F8D034A2F8D434F8BDD4F89C34D8
:109FE0004BB11B1846F10005012B75F10005B8BFF8
:109FF0000123C4F89C340131A034DFE737B50446AF
:10A00000FCF787FFD4F89412002964D02046FCF7AF
:10A010008DFA00285FD02046FFF779FC0246002821
:10A020006DD123682046D3F8D8309847236820465E
:10A03000D3F8D430984704F50055D5F8801D91B178
:10A040002046FCF773FA70B10023C5F8803D95F8FF
:10A05000913D009395F8903DD5F88C2DD5F8881D4D
:10A06000206EFEF7D8F8D5F8841D49B12046FCF7DC
:10A070005DFA28B10023C5F8843D206EFEF7DCF8B8
:10A08000D5F8E41481B12046FCF750FA60B1D4F859
:10A090007C02EBF7F5FD0022014604F5826000F03A
:10A0A00085F90023C5F8E4342046FFF75AFF06F08F
:10A0B0004EF80A220023E7F77DF8D4E9A231D4F85C
:10A0C0008022C4F88002821A9B1841F10001C4E981
:10A0D000A23103B030BDD4F890120029ABD0204695
:10A0E000FCF724FA0028A6D02046FFF710FC014612
:10A0F00000289BD000222046FDF7CAF996E794F885
:10A10000CF330133DBB204F5125100931531002334
:10A110002046FFF733FC84E770B50B7803F00303A8
:10A120005A1E534200F50056534186F894340B787A
:10A1300013F0030304460D460DD100F5D85001225B
:10A14000103000F027FBC6F8900429462046BDE8F1
:10A150007040E7F7DDBF012B09D100F5805393F87C
:10A16000A03FDB0703D400F5FC501C30EBE70020D8
:10A17000E9E770B50546406E03681B6898470646D8
:10A180002846FDF738FAD5F8943204462BB19B1BCC
:10A1900023EAE373984228BF1C46D5F890322BB1CE
:10A1A0009B1B23EAE3739C4228BF1C4605F5005223
:10A1B000D2F8803D2BB19B1B23EAE3739C4228BF5E
:10A1C0001C46D2F8843D2BB19B1B23EAE3739C42CF
:10A1D00028BF1C46D2F8E4342BB19B1B23EAE3735F
:10A1E0009C4228BF1C4695F8B533C3B105F0AFFFBC
:10A1F0000A220023E6F7DEFF05F5405500234FF461
:10A200007A72E6F787FFD5F8203198423BBF181ADB
:10A210004FF47A7300205843844228BF04462046F6
:10A2200070BD10B50446E6F7F1FF00212318A342E4
:10A2300003D913F8012C202A00D010BD03F8011D0A
:10A24000F5E700220270704710B504460020EAF7D7
:10A25000CFF930B1002323702046BDE81040EBF762
:10A26000C7BC10BD70B588B006466C466846FCF7A2
:10A270007FFC0FCC35460FC594E80F00002485E81D
:10A280000F0021463484402206F1220008F0A3FA90
:10A290002146202206F1620008F09DFA1422214690
:10A2A00006F18C00C6E9214408B0BDE8704008F012
:10A2B00092BA2DE9F04300F58058BDB0002301604B
:10A2C00007469146C8F80434012201A8CDE90133BC
:10A2D0008DF80C3001F0F5F800283FDB14A8FCF7EE
:10A2E00047FC14A8FFF7BEFF202204A901A801F033
:10A2F00058F9202804462ED101221CA901A801F0FA
:10A3000050F90128054626D1042237A90DEB020099
:10A3100001F047F904281ED10222694601A801F084
:10A3200040F9022817D12A460DF1710101A801F068
:10A3300038F901280FD140220DF1720101A801F076
:10A3400030F9402807D122460DF1B20101A801F0F1
:10A3500028F9202805D001A801F011F93DB0BDE889
:10A36000F08304AD0FCD0CAC0FC495E80F0084E86A
:10A370000F000CAE0FCE14AD0FC594E80F0085E8AA
:10A380000F00484604AA0DF1B201FCF726FDD8F8EB
:10A3900004041F28DFDC421CC8F80424A02202FBAE
:10A3A000007014A9043008F008FA97E72DE9F0438B
:10A3B0000C4685B00546016008460026174601F0A8
:10A3C0003CF91222214601A8CDE901668DF80C6006
:10A3D00001F077F8B0421ADB2C1DADF8006005F5EE
:10A3E0008055D5F80434B3420EDD94F8203013B90B
:10A3F0000136A034F5E76FB92022214601A801F00B
:10A40000DCF8202880460AD001A801F0B8F805B091
:10A41000BDE8F0832046B8470028EDD1E8E70122E7
:10A4200004F1200101A801F0C8F801288146EBD110
:10A43000042204F18C010DEB020001F0BEF80428A7
:10A44000E2D10222694601A801F0B7F80228DBD167
:10A450004A4604F1210101A801F0AFF80128D3D147
:10A46000402204F1220101A801F0A7F84028CBD135
:10A47000424604F1620101A801F09FF82028B7D0FC
:10A48000C2E72DE9F84300F580530E46D3F8049453
:10A490001746041D0025A94504DC4FF0000840467E
:10A4A000BDE8F88321463A46304608F0A3F9A046B5
:10A4B000A0340028F3D00135EDE72DE9F74F00F582
:10A4C000805300F59B54D3F804740D46064690461D
:10A4D0000434011D4FF000094FF0FF3A4F4521DCD5
:10A4E000202F06D07A1CC3F80424A02303FB0766A0
:10A4F000341D2046FFF7B6FE2B4684F82080254603
:10A5000003F12006186859682A4603C20833B3428B
:10A510001546F7D1FF2384F82130A346584603B0EF
:10A52000BDE8F08F2022284601938B46009108F069
:10A5300061F90028F2D09BF82020019B02F0030271
:10A54000032A594605D0DBF8882052453CBF5C46BB
:10A55000924609F10109A031C0E770B5A4B0002509
:10A560000446012201A8CDE901558DF80C5000F0F8
:10A57000A8FFA8420DDB0126C4E90165032204A956
:10A5800001A801F00EF8032806D0002501A800F06C
:10A59000F6FF284624B070BD022204F1080101A88C
:10A5A00000F0FFFF02280246EFD1A11D01A800F034
:10A5B000F8FF02280546E8D1324604F5926101A869
:10A5C00000F0EFFF0128E0D12A46211D01A800F08C
:10A5D000E8FF0228D9D1242665891F2D09D87543A3
:10A5E00005F10C010222214401A800F0DAFF024625
:10A5F00008B90125CAE70228C7D105F10E01214497
:10A6000001A800F0CEFF0228BFD105F111011F22E1
:10A61000214401A800F0C5FF1F28B6D105F11001A3
:10A620000122214401A800F0BCFF0128ADD1802205
:10A6300004A901A800F0B5FF8028A6D12544A2886E
:10A64000AB899A429CBF0133A38063890133638144
:10A65000C2E770B50E46A4B00546084600F0EDFF0F
:10A6600000241222314601A8CDE901448DF80C40A6
:10A6700000F027FFA0420FDB8022214604A808F04B
:10A68000AAF8032204A901A800F097FF032806D026
:10A69000002401A800F073FF204624B070BD022200
:10A6A00005F1080101A800F088FF02280246EFD159
:10A6B000A91D01A800F081FF02280646E8D1012269
:10A6C00005F5926101A800F078FF0128E0D132463B
:10A6D000291D01A800F071FF0228D9D105F110064B
:10A6E0006B89A34201DC0124D3E70222311F01A8B8
:10A6F00000F063FF02280246CAD1B11E01A800F093
:10A700005CFF0228C4D11F22711C01A800F055FF74
:10A710001F28BDD10122314601A800F04EFF0128BB
:10A72000B6D1802204A901A800F047FF802806F1D5
:10A730002406ADD10134D3E770B54D79242D88B00E
:10A74000144606D10988006808B0BDE8704000F0E2
:10A7500092B9232D01F1050207D12346098800682B
:10A76000ECF7A4FA012008B070BD23238DF8003067
:10A7700001F121050DF1010352F8046B43F8046B5C
:10A78000AA42F9D112881A8000238DF81F306A4638
:10A790002346E3E72DE9F04F93B005460F46904678
:10A7A00000F10C064FF000090DF1080B6B894B45C9
:10A7B00005DC4FF0000A504613B0BDE8F08F347945
:10A7C00018EA0404B24608D104235A463146284602
:10A7D000FFF7B2FF03469C4203DB09F1010924366F
:10A7E000E4E739460BEB04100193ECF715FAFA880D
:10A7F0008242E0D0019B0134EDE72DE9F8430446A5
:10A800000F461646984601F1FF3919F8015F4DB918
:10A8100039462046ECF726F958B10388B34237D0C1
:10A82000468004E02846ECF709F90028EDD1BDE8A0
:10A83000F8836289B8F1000F01D11F2AF7D8531CA1
:10A840006381242303FB02F5611905F10C004FF02D
:10A85000010C204481F810C0B8F1000F04D1B4F805
:10A86000048008EB0C01A18003FB02431135A3F81F
:10A870000C8025440023F95C19B1E95401331E2BE7
:10A88000F9D10021E954242303FB0244E681CEE7F9
:10A890002846CCE7F0B541B144890023242500F1D6
:10A8A0000C06A34204DB002001E000F28C40F0BD66
:10A8B00005FB03F2B75A8F4202D10C321044F6E77F
:10A8C0000133EEE7C188FFF7E5BF01B10988C18018
:10A8D0007047018909B1FFF7DDBF0846704701B134
:10A8E000098801817047F0B50346088838B35A8952
:10A8F000002103F10E0424258A4208DC4FF0000CED
:10A9000003F10C042425624508DC002017E005FB58
:10A9100001F6A65B8642F8D00131EDE705FB0CF1AC
:10A92000665A864202D00CF1010CECE7013A97B26C
:10A930005F815E18674506F1240601DC0120F0BD49
:10A9400006F10C050FCDA6F118040FC40FCD0FC4EE
:10A950002B6823600CF1010CECE71FB50B4669B1C5
:10A960004AB1019203AA0021009200F28C420391A5
:10A97000ECF7E6F8039A104604B010BD0A46FAE771
:10A980002DE9F74F98469DF830A090F8903400924A
:10A9900007460D4608EA0303BAF1000F02D01BB9BF
:10A9A0002C4607E0002BFBD12C462A2304F8023B5F
:10A9B0002C236B7007F112064FF000094FF02C0B9F
:10A9C0007A894A4509DCAC4288BF04F1FF34002390
:10A9D000601B237003B0BDE8F08F16F8022C3146DF
:10A9E00008EA0202BAF1000F04D02AB909F10109FC
:10A9F0002436E5E7002AF9D116F8012C232A18BFDE
:10AA000006F1FF3108460191E6F700FC0246601BA3
:10AA1000009B0199104402309842E7DA20460192E7
:10AA200007F0CBFE019A144404F801BBDEE7431E95
:10AA30000F3013F8012F1AB98342FAD10120704761
:10AA400000207047F0B5D0F820510F2D044611DCDE
:10AA5000AB1C20F8151000EB031302F1100710686F
:10AA600051681E4603C60832BA423346F7D1013553
:10AA7000C4F82051F0BD2DE9F047064600258E466A
:10AA8000284606F12008D6F82011A94201DD984297
:10AA900001DBBDE8F08736F81510714511D108EBE0
:10AAA000051C00F1010902EB00140CF1100A6746C5
:10AAB00003CF574520606160BC4604F10804F6D11D
:10AAC00048460135DFE710B5421E0A24002012F87F
:10AAD000013F303BD9B2092900D910BD04FB003039
:10AAE000F5E70346184601330278202AFAD070476A
:10AAF00008B505F02CFB0A220023E6F75BFB08BD36
:10AB0000F7B51546FFF7EDFF0C460646ECF716F9CC
:10AB1000074610B12C60012712E0019001A93046D0
:10AB2000F9F7ACFE04460198B04209D0FFF7D9FF0F
:10AB300003782BB921462046E6F75EFA0028E9D1D2
:10AB4000384603B0F0BDF7B51446FFF7CAFF0E460E
:10AB50000546ECF7F3F8074620B126600127384692
:10AB600003B0F0BD019001A90A222846FAF700F8C7
:10AB700001460198A842F2D0FFF7B3FF0378002BFB
:10AB8000EDD12160EAE70023CA5C1AB1C254013357
:10AB90000F2BF9D1C3F110020021184407F01BBE9E
:10ABA0000023CA5C1AB1C25401331F2BF9D1002211
:10ABB000C2547047F8B5064608461546FFF791FFA0
:10ABC0000746ECF7BBF8044608B12846F8BD3159F2
:10ABD0003846E6F709FB10B934442079F6E7083423
:10ABE000202CF4D14FF0FF30F0E7C26892F84E30DD
:10ABF0005B003B2BDCBF002382F84E30006903680A
:10AC00001B68184710B5044650F8880C036894B0C8
:10AC10005B6C984770B9FFF76BFFD4E90E23904245
:10AC2000994107DAC8220023204614B0BDE810403D
:10AC3000F5F73CBF94F8303054F8980C022B07D04D
:10AC4000032B036809D05B6A14B0BDE810401847B5
:10AC500014B0BDE81040FCF789BE54F88C1C1B6C86
:10AC60006A460431984714B010BD10B580F8C8107A
:10AC70000446FFF73DFF41F28833C01841F100015F
:10AC8000C4E9340144F6206204F198000023BDE8D1
:10AC90001040F5F7D3BEE9F767BC08B50020EEF722
:10ACA0001BFFFDF772FDBDE8084000F003B87047D8
:10ACB0007047704770477047FFF7FABFFEE7EFF73E
:10ACC000D3BE00EBC100408840087047F8B503468A
:10ACD000FFF7F7FFB0FA80F0C0F11F0003EB800C24
:10ACE000CA00DCF81060171D0C4606328DB256B94A
:10ACF000012101FA00F0D9680143D960CCF8104075
:10AD0000DD539D52F8BDF1000431585AD85303EB7E
:10AD1000C0009E52C5805D52F4E710B500EBC1043F
:10AD2000E388994202F104010AD1012303FA02F2F5
:10AD3000C36823EA0203C360002340F8213010BD3A
:10AD4000A28840F8213000EBC20100EBC300CB80A9
:10AD50008280F4E708B50346FFF7B3FFB0FA80F24C
:10AD6000C2F11F021846BDE80840FFF7D6BF2DE923
:10AD7000F843B1FA81F3C3F11F0200EB82090646E2
:10AD8000D9F810700D4687B9C3F120034FF0FF3496
:10AD90009C40F3681C4014D094FAA4F2B2FA82F2F8
:10ADA000131D56F82340214608E03C464FF00308A7
:10ADB00021463046FFF785FFA84205D33046FFF70E
:10ADC000ACFF2046BDE8F88306EBC404B8F10108E7
:10ADD000E488C9F81040D7D0A742E9D1D4E738B504
:10ADE0000446FFF76EFF0D46034611462046FFF767
:10ADF00068FF03449BB204EBC5055A006A802046F5
:10AE0000FFF75FFF014424F8313038BD70B50446C8
:10AE1000FFF757FF0B4604EBC305511A9B1A89B283
:10AE200003444E009BB204EBC2006E805D0045807F
:10AE300024F8321020461146FFF743FF014424F85E
:10AE4000313070BDF8B5002951D004680D1F2D1B9D
:10AE5000EE0825F007056219538813F0010306D1A7
:10AE600083F31188BFF36F8F0423184602DF314646
:10AE70002046FFF726FF304434F83030C01A8642AF
:10AE800007D0002383F31188BFF36F8F0423184684
:10AE900002DF538823F00103538031462046FFF739
:10AEA00010FF371804EBC7035B88DA0708D439466C
:10AEB0002046FFF74FFF3A4631462046FFF78FFF07
:10AEC000655B751B04EBC5035B88DB0709D429466A
:10AED0002046FFF73FFF324629462046FFF77FFF17
:10AEE0002E4631462046BDE8F840FFF7EFBEF8BDDC
:10AEF00070B509B9002070BD056801F007030B3378
:10AF0000CC0804EBD304AB689C4228BF1C46214606
:10AF10002846FFF72CFF06460028EBD001462846BE
:10AF2000FFF7CFFEA04207D932192846FFF76EFF80
:10AF300011462846FFF7CAFE05EBC60210465388A5
:10AF400043F0010353800430D5E71146FFF7D0BF2B
:10AF50002DE9F84314464A4202EA010931EA0202A5
:10AF600003460BD04A46042A4F4628BF0422A1EBD1
:10AF700009096CB900252846BDE8F883042904D8DE
:10AF80002146BDE8F843FFF7B3BF00270422F0E7EE
:10AF90001E68A9EB020204F0070302F007010B335D
:10AFA0000B44E10801EBD20101EBD301B3689942F4
:10AFB00028BF19463046FFF7DAFE80460028D9D070
:10AFC0003D1D05EBC00509F1FF3335441D44B5FBBC
:10AFD000F9F509FB05F5ED1B2C442B1F07349B1BD2
:10AFE00024F00704A41BB0EBD30F4FEAD3074FEABA
:10AFF000E40408D201463A463046FFF707FF4146CF
:10B000003046FFF763FE39463046FFF75AFE3844B4
:10B01000844207D230462246FFF7F8FE21463046EA
:10B02000FFF754FE06EBC706738843F001037380F5
:10B03000A1E7043A2DE9F843CC1D114424F007049C
:10B0400021F00706A6EB04084FEAD807B7FA87F203
:10B05000C2F12405AD004FF000090735C2F120020E
:10B06000ED0804604946A760C4F80C90920004F112
:10B07000100007F0B0FBAAB2530043F00103638055
:10B080007B1B9BB204EBC5015800A4F800904880DC
:10B0900024F83520A6F8029024F8083004EBC70302
:10B0A00029465A8842F001025A802046BDE8F843FA
:10B0B000FFF70CBE002070470FB407B504A951F884
:10B0C000040B0191EEF778FE03B05DF804EB04B0D9
:10B0D000704708B5EFF31183102383F31288BFF391
:10B0E0006F8FEEF71DFF70B50C8806468888241A0E
:10B0F0003069A4B2844285B224BF641BA4B22D1B64
:10B10000A8B2984228BF18463368234413600B88BE
:10B1100003440B8070BD70B4838985880669ED1A7D
:10B12000ADB2731B934228BF134670BC0A46011D83
:10B13000FFF7D9BF70B40E460146C58831F80A3F03
:10B14000EC1AA3B2934228BF1346324670BCFFF7F5
:10B15000CABF10B54B880C88E41AA4B294420ED32F
:10B160001A4492B28B884A800A800069D21A92B23D
:10B17000824201D2002010BD03448B80FAE76FF0B9
:10B180001500F8E72DE9F34106460F4615464FF046
:10B1900000082A4601A93046FFF7BDFF044640B12A
:10B1A00002463946019807F008FB2D1BA0442744AE
:10B1B000EFD14246311D3046FFF7CBFF404602B08B
:10B1C000BDE8F0812DE9F34107460E4615464FF0E4
:10B1D00000082A4601A93846FFF7ACFF044648B1EB
:10B1E0002EB102460199304607F0E7FA26442D1B9E
:10B1F000A044EED1424607F10A013846FFF7A9FF05
:10B20000404602B0BDE8F0817047F0B51E46436885
:10B210005C68012067688840C2F3801327EA000752
:10B220008B403B43636090FAA0F7B7FA87F7D4F8F6
:10B2300008C04FF0030E7F000EFA07F72CEA070C48
:10B2400090FAA0F7B7FA87F7C2F3C1137F00BB40AB
:10B2500043EA0C03A36090FAA0F3B3FA83F3E76820
:10B260005B000EFA03F327EA030790FAA0F3B3FAA0
:10B2700083F302F030055B00C2F341229A403A4367
:10B28000202DE26016D107292CD890FAA0F3226A6B
:10B2900033B3B3FA83F39B000F2101FA03F322EADD
:10B2A000030290FAA0F3B3FA83F39B0006FA03F3C8
:10B2B0001343236290FAA0F3B3FA83F3226890FA5F
:10B2C000A0F003215B00B0FA80F001FA03F3400024
:10B2D0002D0922EA030385401D4325600020F0BDAF
:10B2E0002B46D8E7030A616A93FAA3F282B1B2FA55
:10B2F00082F292000F2793FAA3F3B3FA83F307FACB
:10B3000002F29B0021EA02029E4016436662D1E7E8
:10B310002A46EEE7C3693BB1DB682BB1DB691879DC
:10B32000B0FA80F0400970470120704770B5C569D8
:10B3300004460E460DB103232B712046FFF7EAFFAA
:10B34000A8B103212046B047002802DA10F1860F89
:10B350000ED1012125B920463346BDE8704018477B
:10B3600029712046B047002802DB00232B71002002
:10B3700070BD002908DB8068884205D9401A9042D8
:10B3800034BF00200120704700207047704770B51F
:10B3900016461A4605460C46FFF7EBFF48B16968AA
:10B3A000E8682144826814683246A446BDE87040CB
:10B3B00060476FF0150070BD70B516461A46054619
:10B3C0000C46FFF7D6FF48B16968E86821448268F7
:10B3D00054683246A446BDE8704060476FF01500DF
:10B3E00070BD10B50B460446FFF7C3FF30B161686E
:10B3F000E0681944BDE8104000F005B86FF0150092
:10B4000010BDC06870472DE9F0418768FB680446AD
:10B410000D4616469847BB682BB132462946204652
:10B42000BDE8F04118476FF05700BDE8F08107F024
:10B43000D2B907F0C2B901460068EEF7D1BD08B530
:10B44000EEF7FEFDBDE80840EFF7F8B80021012057
:10B45000EEF7C6BD08B5EFF78DF8EEF799FDEEF7FC
:10B46000A3FDEFF743F9F4F77FFE6FF08500704717
:10B4700061B662B680F31188BFF36F8F704772B602
:10B48000002383F31188BFF36F8FBFF34F8F30BF5B
:10B4900062B6BFF36F8F7047202809D9B0F1004F13
:10B4A00008D80138B0FA80F0C0F11F0040007047A2
:10B4B000082070473E20704708B5EFF79FFA00203C
:10B4C00008BD2DE9F341054616460C46002944D037
:10B4D0000B782F2B41D14B78002B3ED04268002AAD
:10B4E0003ED101A8EFF726FB00283CD1019F97F839
:10B4F0002030990702D516F0120F37D1FB691A6870
:10B50000002A39D016F0400806D0B20731D55B6961
:10B51000002B31D04FF001086F60FB6921461B689A
:10B52000324628469847041E05DA00236B60204601
:10B5300002B0BDE8F0812E72B8F1000FF7D0FB69C0
:10B5400000215B6928469847041EF0DAFB69DB6935
:10B55000002BEAD028469847E7E76FF01504E6E7A6
:10B560006FF00F04E3E76FF00104E0E76FF01D04F4
:10B57000DDE76FF00C04DAE76FF08504D7E710B56C
:10B580004368044643B1DB69DB693BB19847002857
:10B5900001DB0023636010BD1846FCE76FF08500F7
:10B5A000F9E743681BB1DB695B681BB118476FF0B3
:10B5B000080070476FF08500704743681BB1DB6976
:10B5C0009B681BB118476FF0080070476FF085004B
:10B5D000704743681BB1DB699B691BB118476FF06B
:10B5E000080070476FF08500704713B50446B8B186
:10B5F00003782F2B14D1437893B10146002201A880
:10B60000EFF798FA80B9019890F820309B070ED494
:10B61000C369DB6B73B1214602B0BDE81040184727
:10B620006FF0150002B010BD6FF00100FAE76FF087
:10B630001D00F7E76FF08500F4E713B50446B8B1D5
:10B6400003782F2B14D1437893B10146002201A82F
:10B65000EFF770FA80B9019890F820309B070ED46C
:10B66000C3695B6B73B1214602B0BDE81040184757
:10B670006FF0150002B010BD6FF00100FAE76FF037
:10B680001D00F7E76FF08500F4E773B50D4604463B
:10B6900018B96FF0150002B070BD03782F2BF8D1E8
:10B6A0004378002BF5D00029F3D00B782F2BF0D165
:10B6B0004B78002BEDD0014601AA6846EFF73AFA25
:10B6C000A8B9009E96F820309B0713D4019A29460A
:10B6D000204607F0BDF80028DBD1F3699B6B63B10E
:10B6E0002A462146304602B0BDE8704018476FF048
:10B6F0000100D0E76FF01D00CDE76FF08500CAE7CD
:10B70000F7B50C460546002839D003782F2B36D1E3
:10B71000E5F77CFD0128064609D142F60173238036
:10B720000023A370C4F80431002003B0F0BD01AAC7
:10B7300029466846EFF7FEF9074618BBDDE90032F7
:10B74000B61A012E10D82046012200F8012B9A6962
:10B75000D968FF2A28BFFF22013107F02EF884F8AC
:10B760000071C4F80471DFE7DA69166C6EB118462F
:10B7700022462946334603B0BDE8F04018476FF033
:10B780001500D2E76FF00100CFE76FF08500CCE73E
:10B7900037B50D460446A0B103782F2B11D143785D
:10B7A0007BB10146002201A8EFF7C4F968B90198FE
:10B7B000C3695B6C63B12A46214603B0BDE83040E3
:10B7C00018476FF0150003B030BD6FF00100FAE7C5
:10B7D0006FF08500F7E738B50446F8B14FF0FF3059
:10B7E0004FF0FF31EFF798F923688BB1E3691B6BDA
:10B7F0008BB120469847051E06DBD4E90032136062
:10B800005A600023C4E90033EFF78EF9284638BDAB
:10B810006FF01505F8E76FF08505F5E76FF0150592
:10B82000F4E70020704730B5D0E900420D68531EA0
:10B8300068682344834208D3AB68013B03449C42BD
:10B8400005D84B689A4288BF4A60012030BD00206D
:10B85000FCE708B5C26900685143FFF7C2FDBDE8C7
:10B860000840EFF7E5BA38B5C5690068144605FB2E
:10B8700001411A46049BFFF79FFDBDE83840EFF7F2
:10B88000D7BA38B5C5690068144605FB01411A46A8
:10B89000049BFFF77CFDBDE83840EFF7C9BA4FF0D5
:10B8A000FF324FF0FF3300F58070F4F7F5BDF4F789
:10B8B00065BEF8B543681D6904460E46174628461E
:10B8C000FFF7EDFF21683B46324605F17C0003F0AF
:10B8D0006DFF044605F58070FFF7E9FF2046BDE8DF
:10B8E000F840EFF797BAF8B543681D6904460E466D
:10B8F00017462846FFF7D3FF21683B46324605F13D
:10B900007C0003F06AFF044605F58070FFF7CFFF67
:10B910002046BDE8F840EFF77DBAF8B543681D69E9
:10B9200004460E4617462846FFF7B9FF21683B46F6
:10B93000324605F17C0003F052FF044605F58070A5
:10B94000FFF7B5FF04EAE470BDE8F840EFF762BA2C
:10B9500038B543681D6904462846FFF7A0FF2168F3
:10B9600005F17C0003F0BCFF044605F58070FFF78D
:10B970009EFF204638BD70B543681D6904460E46DB
:10B980002846FFF78CFF2168324605F17C0003F062
:10B9900028FF044605F58070FFF789FF2046BDE8C3
:10B9A0007040EFF737BA38B543681D69044628463A
:10B9B000FFF775FF216805F17C0003F0F5FE0446F2
:10B9C00005F58070FFF773FF2046BDE83840EFF7BC
:10B9D00021BA70B543681E6904463046FFF75FFF21
:10B9E000216806F17C0003F0DDFE054606F5807057
:10B9F000FFF75DFF2046EFF7F9F92846BDE87040F4
:10BA0000EFF708BAF0B543681F690446C3B038467B
:10BA10000D46FFF744FF21686A4607F17C00F4F702
:10BA20004FFA044607F58070FFF741FF002C16DD42
:10BA30009DF800309A1E534253412B70019BC5F86C
:10BA40000431FF2202A9681C002406F013FF85F8C8
:10BA50000041204643B0BDE8F040EFF7DBB908BF36
:10BA60006C70F6E738B5046905462046FFF717FF06
:10BA700004F17C0003F06DFE95F820301B0703D421
:10BA8000D4F8FC00FFF782FC002504F58070C4F8B0
:10BA9000FC50FFF70CFF284638BD38B50346084672
:10BAA00019461D69EFF716F904462846FFF7F7FE19
:10BAB000214605F17C00F3F773FF044605F580701D
:10BAC000FFF7F5FE2046BDE83840EFF7A3B9F8B51B
:10BAD00004460846214625691746EFF7FBF821463C
:10BAE00006463846EFF7F6F804462846FFF7D7FE35
:10BAF0002246314605F17C00F3F7BEFF044605F50A
:10BB00008070FFF7D4FE2046BDE8F840EFF782B919
:10BB100038B50346084619461D69EFF7DBF80446B9
:10BB20002846FFF7BCFE214605F17C00F4F7DEF85D
:10BB3000044605F58070FFF7BAFE2046BDE83840A0
:10BB4000EFF768B970B5034614461E69D6F8E420CD
:10BB500092692260D6F8E420D2696260D6F8E420C7
:10BB6000126AA26008461946EFF7B4F83046FFF7AC
:10BB700096FE06F17C0003F0C3FE054606F58070D4
:10BB8000FFF795FE002DA1BFA3685B1BE3600025B6
:10BB90002846BDE87040EFF73DB9F8B5056907469E
:10BBA00005F58076304604F01EF82846FFF777FE4C
:10BBB00097F8202079692846EFF798F80446C0B92D
:10BBC00005F17C0429462046F3F732FE00280BDA03
:10BBD00097F82030DA0707D49B0719D42946204666
:10BBE000F3F7C0FD002808DAEFF714F9002804463F
:10BBF00009DA0023C5F8FC3005E020462946F3F7B2
:10BC000017FE041EF0DB3046FFF751FE2046F8BD5C
:10BC10006FF01D04EDE7F0B50346C3B008461946C2
:10BC20001F691546EFF756F804463846FFF737FE0A
:10BC300021466A4607F17C0003F090FD044607F5B3
:10BC40008070FFF734FE002C10DB9DF800309A1E48
:10BC5000534253412B70019BC5F80431FF2202A9C6
:10BC6000681C002406F006FE85F80041204643B01B
:10BC7000BDE8F040EFF7CEB80022EFF7CDB908B538
:10BC80000122EFF7C9F9002818BF6FF0040008BDC2
:10BC900008B5062201210020EFF74AFA00221146DA
:10BCA0000620EEF74FFC012108460722EFF740FA85
:10BCB000002211460720EEF745FC08220121022050
:10BCC000EFF736FA002211460820EEF73BFC092276
:10BCD00001210320EFF72CFA002211460920EEF78C
:10BCE00031FC0A2201210420EFF722FA002211463A
:10BCF0000A20EEF727FC052108461622EFF718FA6E
:10BD0000002211461620EEF71DFC292206210A20EA
:10BD1000EFF70EFA002211462920EEF713FC00205F
:10BD200008BD01F01F0101208840704700F00302A8
:10BD3000043292000F23934043EA900010B500F0C4
:10BD400003039B0003F1804303F58033020C9C68DE
:10BD500092FAA2F2B2FA82F202F00F0224EA104042
:10BD600091400143996010BD0B88C3F30B0303F6A8
:10BD7000B872C2F30B021C2A82B010D803F1B04390
:10BD800048681A6802431A600B88C3F30B0303F177
:10BD9000B04300201B680193019B02B070476FF015
:10BDA0008500FAE70B88C3F30B0303F6B872C2F3FE
:10BDB0000B021C2A9FBF03F1B04349681A688A43EB
:10BDC0009ABF00201A606FF085007047082809D8D4
:10BDD0004FF4F573C34013F0010F0CBF6FF08500F3
:10BDE000002070476FF08500704770B508884A687A
:10BDF000C0F30B0094B2C2F30445FFF7E7FF90B91C
:10BE0000FF2A0FD0C2F3415604F1B044013601239A
:10BE1000B3402168013BAB40120E21EA0303AA4064
:10BE20001343236070BD6FF08500FBE70888C0F303
:10BE30000B0008B500F6B873C3F30B031C2B08D82E
:10BE400000F1B0404B68026893430CBF0220012010
:10BE500008BDFFF7BBFF00280CBF02200120F7E759
:10BE600070477047EFF71EBBF7B51C461646002318
:10BE700082682360A36053690D4601AA694698470A
:10BE8000019B5A1E01921BB96FF0150003B0F0BD63
:10BE90000098A26847682168676085B9B31AD0F82E
:10BEA00000C0634528BF63461A4403FB07112160A5
:10BEB000A26002689A4206D808300090E0E76B1A48
:10BEC000B3FBF7F3EBE70020E0E713460022FFF7B0
:10BED000CBBF2DE9F047836886B05B698846914601
:10BEE00001A902AA98470024A2462546029BAB421C
:10BEF00002D806B0BDE8F087019F07EBC507002612
:10BF00007B6804933A68B2420AEB060302D8013513
:10BF10009A46EBE703940593494603A8C0470028D7
:10BF2000E7D0049B01361C44ECE74FF0FF324FF0A2
:10BF3000FF330430F4F7ACBB7FB506460D4614461C
:10BF40001BB141EA02035B0710D101AA2946304622
:10BF5000FFF7BBFF50B9013C01AA61193046FFF75A
:10BF6000B4FFB0FA80F0400904B070BD0020FBE7D8
:10BF700070B51C461546002322460E46FFF7DCFF2F
:10BF800040B12CB1224606F10061284606F015FCAE
:10BF9000002070BD6FF01500FBE70020704708B56A
:10BFA000006904300122114603F024FEFFF7F5FF7B
:10BFB00000EAE07008BD73B506464FF4FA7200233C
:10BFC000684604F0C6F833691B681A6944F2FA310E
:10BFD0000A40DDE9004513D01A690A401A616FF082
:10BFE000040002B070BD002AF9D122462B466846F3
:10BFF00004F0D4F8DDE9003213430CBF0122002223
:10C0000033691B68186910F4A020ECD1E9E770B51A
:10C01000012305460E461446FFF78EFFF8B1CCB15A
:10C020002869FFF782FF00212846EFF793FC98B9B3
:10C0300031462246284600F043F8064601212846AC
:10C04000EFF788FC002E14BF3446044628690430FC
:10C05000F4F7E4FA204670BD6FF00406EEE76FF0E7
:10C060001504F7E7F8B51C46174601232246054696
:10C070000E46FFF761FF00B3D4B12869FFF755FF03
:10C0800000212846EFF766FCA0B9314623463A4620
:10C09000284600F070F8064601212846EFF75AFCC2
:10C0A000002E14BF3446044628690430F4F7B6FA6B
:10C0B0002046F8BD6FF00406EEE76FF01504F7E7D1
:10C0C000F8B5551E0D440646CF12ED120020BD42B4
:10C0D00000D2F8BD33691C686369002B48DB304629
:10C0E000FFF769FF0028F4DB23685A050FD52368A2
:10C0F00023F480632360236843F480532360236820
:10C1000023F480532360236843F48063236023680F
:10C110009B050FD5236823F400732360236843F441
:10C1200000632360236823F400632360236843F4DF
:10C1300000732360636943F002036361636923F45E
:10C140007E7363616269FB0003F47E731343636172
:10C15000636943F48033636130466369FFF72BFF03
:10C160006369002823F002036361B2DB0137AEE7A5
:10C170006FF00400ADE72DE9F84F054600201646A4
:10C180009846044601F10067A04510D924F0070342
:10C190003344E210D3F804A02B6956F832B0D3F838
:10C1A0000090D9F81430002B03DA6FF00400BDE8DA
:10C1B000F88F2846FFF7FFFE0028F8DB3A590132D6
:10C1C00007EB040302D15A68013202D05BEA0A028B
:10C1D000EBD1D9F8142042F00102C9F81420D9F8A3
:10C1E0001420C3F800B02846C3F804A0FFF7E3FE0C
:10C1F000D9F81430002823F00103C9F81430D6DB35
:10C200000834C1E743685B681B690B600020704716
:10C2100043685B68586942400A4042405A610020C6
:10C22000704743685B6800209961704743685B68AA
:10C2300000209962704743685B685A6951405961B0
:10C240000020704730B50369986800B30024884225
:10C2500019D108688CB9DC689860A14200D1D86017
:10C26000002008602AB19A680A60DA68996002B909
:10C27000D96000200FE02846E9E72060D8688142B5
:10C2800008BFDC60ECE705680446002DF3D1002A06
:10C29000E9D16FF0150030BD12F4003CF8B50C4642
:10C2A000134641D0960738D555075BD55022D9069D
:10C2B00035D542F4007203F4C061B1F5806F43D00C
:10C2C000B1F5C06F3DD0B1F5007F40D013F44036DA
:10C2D000056912D06F6827FA04F1C9075FBF012111
:10C2E000A14039436960BCF1000F06D01F0331D56E
:10C2F000416801234968A3408B6100232146FEF772
:10C3000084FF46B96B6823FA04F2D20741BF0122C9
:10C31000A24093436B600020F8BD1022C7E79F0640
:10C32000C9D542F48062C6E7D60305D5D50605D443
:10C33000C2F340129202BEE73022BCE74FF4007213
:10C34000B9E742F4C072C1E742F48072BEE742F03E
:10C350008002BBE75903D0D5416801234968A34057
:10C360008B62CAE76FF08500D6E770B50B690E46A1
:10C370009968054609B10C6801B970BD8A682A4000
:10C3800002D04B68304698471CB1236821461C46B2
:10C39000F2E72346FAE7036993F860201AB11B6BB2
:10C3A0000B60002070476FF00400704708B5002252
:10C3B00011462020EEF7C6F82020EEF793F8002271
:10C3C00021201146EEF7BEF8BDE808402120EEF727
:10C3D00089B82DE9F74398460B7A066943F00403C0
:10C3E00015460B7207460C460B460122AA420AD993
:10C3F00006F118094FF0FF324FF0FF334846F4F7CB
:10C4000047F9002620E00AD2197A187D81EA000C4B
:10C410001CF0010F01D040071FD589071DD4013240
:10C420000C33D2B2E2E7012D14BF04F11403002350
:10C43000CDE90038384694E80E0000F0C9F8061E31
:10C4400004DB013D0C34EDB2002DECD14846F4F78D
:10C45000E5F8304603B0BDE8F0836FF01506F8E765
:10C4600042680369D26883F8621019B9136823F42B
:10C4700040131360704707B501AA01F064FE00285D
:10C4800005DB019B00221979186801F06FFE03B0EB
:10C490005DF804FB00F02BB800F078B819B1012961
:10C4A00003D1EFF787BBEFF799BB6FF085007047BB
:10C4B00043680169DB681A6822F002021A601A6890
:10C4C00022F004021A601A6822F020021A601A6828
:10C4D00022F010021A601A6822F040021A6091F8E5
:10C4E00061201AB91A6822F080021A60704710B5EC
:10C4F00043680469DB689A69D10607D5DA6942F0B6
:10C500001002DA610122A2649B6910BD91060CD56C
:10C51000DA6942F02002DA6101229A61FFF7C8FF6E
:10C520002046BDE81040F4F779B8510709D5E26D0F
:10C53000596A1170A26D013AA265E26D0132E2659D
:10C54000E2E7110612D5A16D5A680029E6D0FF294D
:10C5500001D95A60D8E722F47F0242EA014294F8F6
:10C5600050100029F5D122F08072F2E7910703D52F
:10C57000E26D12789A62DDE75106C5D5626D127AD6
:10C580009207CBD55A6842F48042E2E710B543687F
:10C590000469DA6893699B050DD5D36943F4007388
:10C5A000D36101236364FFF783FF2046F4F736F875
:10C5B0006FF0040010BD936913F4807306D0D36943
:10C5C00043F48073D3610123E364ECE71846F1E799
:10C5D000F0B585B001AD85E80E0043680269D96801
:10C5E000029B9365019BD3650023C2E91133D36499
:10C5F000012355658B610B68BDF82C400A9E43F002
:10C6000001030B604B68156B8F6923F07F7323F474
:10C610004233ED0723F47F739DF80C5023F003039E
:10C6200046BF44F40064234343EA440315F0020484
:10C6300049D1002E49D03678760702D443F0807372
:10C64000012482F85040029CFF2C86BF43F0FF7308
:10C6500043F4803343EA04433E0610D4EC0736D457
:10C66000946D23F4806344B1D46D24788C62946D0E
:10C67000013C9465D46D0134D46543F400534B60A0
:10C680000B6843F0F6030B609DF80C600469456885
:10C69000002341F288322046F3F7FAFFA36CCBB9AE
:10C6A000636C184314BF6FF00400002094F86130ED
:10C6B0000BB9B30700D420B1EA68136823F0010373
:10C6C000136005B0F0BD0024BBE73446B9E743F47E
:10C6D0008063D2E76FF00400E8E770B403460C46CD
:10C6E000DA88006819792243056986682B68012475
:10C6F0008C4012F0010F14BF2343A3432B60336817
:10C7000070BC184737B5034600681C790569836813
:10C7100001A95B68984740B92B68019858400123EC
:10C72000A3401840003818BF012003B030BD51F8B5
:10C73000043C5B681B680A22A3FB022301F114007E
:10C74000F4F7B4B92DE9F8430D464468036929B1FB
:10C7500001292AD06FF08500BDE8F8830122BFF3DC
:10C760005B8F53E8001F43E800200028F9D1BFF396
:10C770005B8F0C276368AB4201DC0020ECE7A66806
:10C78000237D07FB056643B1617D21B93046FFF784
:10C79000A4FF0028E0D10135ECE74FF4001130464A
:10C7A000EFF7CEFA0028EFDAD6E70025E668BFF308
:10C7B0005B8F53E8002F43E800510029F9D1BFF304
:10C7C0005B8F0C2706F1100863689D42D5DAA368D9
:10C7D00007FB0539637D83B1237DB3B94846FFF775
:10C7E00091FF48236B434FF0E86108F80300484687
:10C7F000EFF7A6FA002810DAAEE74FF4803148468A
:10C80000FFF76BFF0028E7D0A6E723680A22A3FB07
:10C81000022306F11800F4F749F90135D4E7F3F7DC
:10C820003BBE08B503F093FC0A220023E4F7C2FCE8
:10C8300008BDBFF35B8F0068BFF35B8F704707B520
:10C84000022349BAADF8041001AA194601F0CEFA44
:10C8500003B05DF804FB37B501230D460DF1070267
:10C8600040F68901044601F036FB002812DB9DF8F2
:10C870000730B5F5FA7F0CBF03F0FB0343F0040368
:10C880008DF807300DF10702012340F6890120469B
:10C8900001F0F7FA03B030BD006900F5E47100F56E
:10C8A000EC7003F072BA30B585B049BAADF8081033
:10C8B00000219DF820508DF80A108DF80B208DF87E
:10C8C0000C3002AA06238C2104468DF80D5001F08D
:10C8D0008DFA00281BDB01230DF1070240F23671AF
:10C8E000204601F0F8FA002811DB9DF80730012DF1
:10C8F0000CBF03F0FB0343F004038DF807300DF188
:10C900000702012340F23671204601F0BAFA05B061
:10C9100030BD07B501230DF107029D218DF80730C9
:10C9200001F064FA03B05DF804FB13B502230C4672
:10C9300001AA122101F087FA18B9BDF804305BBAD8
:10C94000238002B010BD07B500238DF807300DF12C
:10C9500007020123802101F049FA03B05DF804FBCE
:10C9600030B40346006860B11979046985682368AA
:10C9700001228A4023EA020323602B68002230BC94
:10C98000184730BC70477FB50C46092301AA40F216
:10C990009F21054601F09FFA00282CDB9DF804300A
:10C9A000052B28BF002301A80021CAB2934217D843
:10C9B000042B20D05A1C8DF804200221012213FBE5
:10C9C000012310336B44082203F80C2C03F80B4CA2
:10C9D00001AA092340F29F21284601F052FA0AE0F9
:10C9E00002464678927842EA0622A24201F101010B
:10C9F00000F10200D9D104B070BD03460A460068B8
:10CA00001979012303FA01F103691B68194218BF60
:10CA100082F0010212B18368DB68184783681B69E2
:10CA2000FBE72DE9F0414568D0F8108006460F4637
:10CA3000144601F072F9EB6B33B105F13C00CCB94F
:10CA400098F88612FFF7D9FF95F84730B3B1EB6A33
:10CA50002BB107EA040105F12C00FFF7CEFF6B6B49
:10CA60009BB105F134003FB184F00101BDE8F04114
:10CA7000FFF7C3BF0121E5E73946F7E7224639460C
:10CA80003046BDE8F04101F04FB9BDE8F081F3F761
:10CA900075BDBFF35B8F50E8003F40E80012002AED
:10CAA000F9D1BFF35B8F704737B50569143504467C
:10CAB000042328468DF80730FFF7BBFE0146A0B1DE
:10CAC00000212046F0F77AF8002211462046FFF7B1
:10CAD000A8FF842101230DF10702204601F086F909
:10CAE000014610B92846FFF7D4FF084603B030BD11
:10CAF00010B50021044680F8881200F52370FFF776
:10CB0000C8FF04F52470FFF7C4FF04F52570BDE8E5
:10CB10001040FFF7BEBFBFF35B8F50E8003F01330B
:10CB200040E80032002AF8D1BFF35B8F7047F7B5B9
:10CB300091F83C20054691F83D00002A0C4614BFB0
:10CB40001646022678B991F83210208EEFF7D0FA07
:10CB500094F904333BB118443028A8BF30200C2886
:10CB6000B8BF0C20C0B294F80573002F08BF074669
:10CB70002846FFF7E8FE002830DB94F83E308DF8B9
:10CB80000060002B08BF0A2300268DF802306A4699
:10CB90000723882128468DF801708DF80360ADF8D1
:10CBA00004608DF8066001F021F9002816DB4FF4CF
:10CBB000C0712846FFF743FE012184F8FC1232467B
:10CBC0002846FFF72EFF33463246C521284601F09E
:10CBD0000DF90028B4BF84F8FC62304603B0F0BD04
:10CBE0002DE9F0478046056992460E4639B9C5E9F8
:10CBF000B61185F8FC120C462046BDE8F08795F882
:10CC00004030002B42D0BFF35B8F05F114070123A6
:10CC100057E8002F002A03D147E800310029F7D157
:10CC2000BFF35B8F15D105F118094FF0FF324FF0BC
:10CC3000FF334846FFF7F3FD4046EFF749FA044655
:10CC4000B8B14846FFF723FF00213846FFF721FF20
:10CC5000D2E7BFF35B8F57E8002F032A03D147E8E1
:10CC600000310029F7D1BFF35B8FDCD06FF00F04E8
:10CC7000C2E7C5E9B66A29464046FFF758FF0446B1
:10CC80004846FFF704FF002CB6D0DDE76FF015042F
:10CC9000B2E72DE9F74F0569019395F84030074653
:10CCA0009246002B00F08480BFF35B8F05F11406E1
:10CCB000012356E8002F002A03D146E8003100295D
:10CCC000F7D1BFF35B8F15D105F118084FF0FF3294
:10CCD0004FF0FF334046FFF7A2FD3846EFF7F8F973
:10CCE0000446D0B14046FFF7D2FE00213046FFF7A0
:10CCF000D0FE0EE0BFF35B8F56E8002F032A03D16E
:10CD000046E800310029F7D1BFF35B8FDCD06FF02C
:10CD10000F04204603B0BDE8F08F05F5387B584678
:10CD2000F3F7DCFC6FF07303C5F8D842C5F8F832AE
:10CD300029463846FFF7FBFEA14604464046FFF76A
:10CD4000A6FE002CD1D1019B52465846F3F7A0FC19
:10CD50000446E8B14FF0FF324FF0FF334046FFF793
:10CD60005EFD85F8FC923846FFF7EDFD4FF4C0718B
:10CD70003846FFF764FD4046FFF789FE49463046D6
:10CD8000FFF787FE14F10B0F08BF6FF07304C0E7C5
:10CD9000D5F8F832002B09DD95F8FD3233B10321C7
:10CDA0003046FFF776FED5F8F842B2E70021F7E704
:10CDB0006FF01504ADE7002310B580F8D0320446BB
:10CDC000EFF7B6F84300FA2B38BFFA230A2204F52E
:10CDD000287104F5EC70A3FB0223BDE81040F3F7C3
:10CDE00033BE30B50C4685B040F2FF310546FFF743
:10CDF00026FD2046FFF77CFE94F88432C3B301235E
:10CE00000DF107029F2128468DF8073000F0EEFF54
:10CE1000D4F898328DF80A301A0C8DF80820C3F334
:10CE20000722B4F89C328DF809205BBAB4F89E2230
:10CE30008DF80B20ADF80C3002AA06239421284669
:10CE400000F0D4FF2046FFF7B6FF2B6993F8872246
:10CE500094F885325B0043EA82038DF8083002AA19
:10CE6000012340F6AC01284601F00BF805B030BDB7
:10CE70004FF6FF73ADF808308DF80A3002AA03238D
:10CE80008221284600F0B2FFDFE72DE9F3410023BD
:10CE9000ADF8063010F81C3C50F8207CA0F5287442
:10CEA0000546002B5CD0A0F52370FFF7C2FC0328D9
:10CEB00056D194F88832A3B1002384F8D0322046AA
:10CEC000EFF736F84300FA2B38BFFA230A22A3FB08
:10CED00002232946A5F1C80002B0BDE8F041F3F7EE
:10CEE00083BD3846EFF762FE80460028E4D1A5F501
:10CEF0002276002200233046FFF791FC10B184F81F
:10CF0000D082DCE73846EFF751FEB8B90DF10601E3
:10CF10003846FFF70AFD88B9BDF806305A070DD527
:10CF2000DB060BD494F8D0320133DBB2012B84F84A
:10CF3000D03207D83046FFF7AAFDC0E7002384F8B7
:10CF4000D032F7E705F13400FFF7E5FD214638461A
:10CF5000FFF747FF304602B0BDE8F041FFF797BD4D
:10CF600002B0BDE8F08107B5036993F88732490044
:10CF700041EA83018DF8071001230DF1070240F605
:10CF8000AC0100F07EFF03B05DF804FB2DE9F04F2B
:10CF9000046904F1180785B00646884691464FF0AB
:10CFA000FF334FF0FF323846FFF739FCB8F1000F7E
:10CFB00022D104F5E070C4E96E88FFF7ACFD20468D
:10CFC000FFF796FDBFF35B8F1434012354E8002F65
:10CFD000032A03D144E800310029F7D1BFF35B8F66
:10CFE00005D13046FFF7AFFC3046FFF75DFD384610
:10CFF000FFF74DFD002507E094F8403043B938466F
:10D00000FFF745FD6FF01505284605B0BDE8F08F28
:10D0100004F1140B5846FFF70CFC032806D1C4E9B1
:10D020006E8904F5E070FFF776FDE0E74FF0030A44
:10D03000BFF35B8F5BE8003F002B03D14BE800A2FE
:10D04000002AF7D1BFF35B8F05D03846FFF71FFDED
:10D050006FF00F05D8E73046EFF73AF8054638B1DC
:10D060003846FFF714FD00215846FFF712FDCBE7C5
:10D0700040F2FF313046FFF7E2FB2046FFF738FD74
:10D08000C4E96E8904F5E0794846FFF744FD94F859
:10D090003A3094F8382084F88452A18E009283F0BC
:10D0A0000103FF223046FFF7FEFBA846051E0BDA00
:10D0B000C4F8B8814846FFF72EFD3046FFF7F4FC70
:10D0C0003846FFF7E4FC9FE7424601213046FFF770
:10D0D000A8FC4FF6FF73ADF80C308DF80E3003AAA4
:10D0E00053468221304600F081FE051E02DAC4E973
:10D0F0006E88DFE7336993F8872294F885325B0006
:10D1000043EA82038DF80C3003AA012340F6AC01F8
:10D11000304600F0B6FE6AE72DE9F04FD0F8B8408F
:10D120008BB0A0F5E478002706460DF11A012046E1
:10D13000ADF81A70FFF7F9FBB842C0F2C481BDF830
:10D140001A5020462946FFF77AFBE80714D5D4F891
:10D15000109008972046FFF7A7FCD9F8C40120B12A
:10D160003946F4F73FFBC9F8C4710022002308A92F
:10D1700009F1440002F0EDFC15F00203049300F005
:10D180009180BFF35B8F06F59C724FF0020A52E864
:10D19000003F012B03D142E800A10029F7D1BFF3E2
:10D1A0005B8F27694FF000093846CDE90899FFF7F2
:10D1B0009FFC534607AA1321204600F044FE002896
:10D1C00040F015819DF81CA09DF81D90032307AA2F
:10D1D0001421204600F037FE50B99DF81C305B0842
:10D1E0005B42ADF820309DF91D309B108DF8223048
:10D1F000690600F10081AA0602D5EB0640F1FB802A
:10D20000BAF1000F00F0F780534607F1B802494623
:10D2100020468DF823A000F0A7FE002801DB9DF832
:10D220002300099007F1180A4FF0FF334FF0FF3247
:10D230005046FFF7F4FAD7E96E9307F5E07B5846BE
:10D240000393FFF7F6FA05905046FFF720FCB9F17B
:10D25000000F00F0E98039462046FFF7C2FD4FF08D
:10D26000FF334FF0FF325046FFF7D9FAD7F8B83105
:10D27000994500F0C3804FF000095046FFF707FCC6
:10D28000B9F1000F0ED0099B002B80F2BF80039BE9
:10D2900001939DF9223000930022BDF92030114600
:10D2A0002046C847680610D5049B73B9BFF35B8F4F
:10D2B00006F59C73022253E8001F012903D143E8BD
:10D2C00000200028F7D1BFF35B8F290635D5002257
:10D2D00088F8FC2298F8FD2205F48073C5F3002736
:10D2E000F2B1EBB1A6F5CB72A6F5CC731178188824
:10D2F000EEF7E2FF8301C0F38722C0F387008DF8C9
:10D300002100012106F59C708DF820208DF8223037
:10D31000FFF7BFFB032308AA8221204600F066FD29
:10D32000D8F8D832002B00F08D800021D8F8DC220C
:10D330002046C8E9B61139469847AA0533D527696A
:10D34000BFF35B8F07F54073032253E8001F0129E9
:10D3500003D143E800200028F7D1BFF35B8F3846A4
:10D360000CBF4FF0010A4FF0000AFFF7C1FB97F81E
:10D37000FC32C3B907F118094FF0FF334FF0FF3209
:10D380004846FFF74CFA4846D7F8B8B1FFF77FFB9D
:10D3900097F88432002B5CD1BBF1000F6ED0394678
:10D3A0002046FFF71EFDEB0615D540F2422315EA95
:10D3B000030110D1012388F8883206F1C400FFF779
:10D3C00068FBFFF72EFA0128014638BF012106F15C
:10D3D000C800FFF75EFBA6F5DA70FFF72AFA00280F
:10D3E00071D020460BB0BDE8F04F00F01BBEFFF639
:10D3F00018AFCA46EAE66FF0040012E75846FFF796
:10D4000018FA059B83427FF436AF36E73FF44AAF04
:10D41000039B01939DF9223000939DF82320BDF9D1
:10D42000203007F1B8013BE72046FFF78CFA204691
:10D43000FFF73AFB0022002308A907F17C0002F065
:10D4400088FB2FE7C8F8F87206F58C70F3F7E6F85A
:10D4500073E7BBF1000F11D007F11400FFF7E9F9F2
:10D46000022807D0BAF1000F99D107F53570FFF700
:10D4700052FB94E797F88432002B90D02046FFF7B8
:10D4800013FBD7F8C40178B16FF073010891F4F77A
:10D49000A9F90023C7F8C4310022002308A907F125
:10D4A000440002F056FB7EE7D7F8B831002B7FF43A
:10D4B0007AAF08936FF00A0309930022002308A9AA
:10D4C00007F17C00EDE70BB0BDE8F08F2DE9F04FE0
:10D4D00089B00469DDF8509004F118080546164635
:10D4E0009A464FF0FF324FF0FF334046DDE9127BA2
:10D4F000FFF795F9B9F1000F2CD104F5E070C4E9FC
:10D500006E99FFF708FB84F884922046FFF7F0FA43
:10D51000BFF35B8F1434012354E8002F032A03D197
:10D5200044E800310029F7D1BFF35B8F0CD12846C6
:10D53000EFF73CFB10B1284600F039FC2846FFF716
:10D5400002FA2846FFF7B0FA4046FFF7A0FA4FF07C
:10D55000000B07E094F8403043B94046FFF797FAD4
:10D560006FF0150B584609B0BDE8F08FBAF1FF3FD8
:10D5700008BFB6F1FF3FF0D0BBF1FF3F08BFB7F1E6
:10D58000FF3FEAD04FF4C8535E435F43B6F57A4F8E
:10D5900004F1140A2ABF4FF47A734026B6FBF3F65F
:10D5A0005046B7F57A4F2ABF4FF47A734027B7FB3E
:10D5B000F3F7FFF73EF9032829D194F8843223B317
:10D5C000D4F89832B34220D1D4F89C12C91B18BFAA
:10D5D0000121159BC4F8B891C4F8BC3104F5E07082
:10D5E000FFF799FA0029AFD00123C4E9A66784F8B0
:10D5F00084322846EFF7DAFA10B1284600F0D7FB5C
:10D6000021462846FFF7EDFB9EE70121E1E70323D2
:10D61000BFF35B8F5AE8002F002A03D14AE800319C
:10D620000029F7D1BFF35B8F05D04046FFF72FFAF3
:10D630006FF00F0B96E72846EEF74AFD834638B1A8
:10D640004046FFF724FA00215046FFF722FA89E707
:10D6500040F2FF312846FFF7F2F82046FFF748FA7C
:10D660006B6803937F238DF817300DF117020123A8
:10D670008921284600F0BAFB41F2883002F04AF9CD
:10D6800032212846EFF736FAB0F1000BD8DBE16A19
:10D690002846EEF79BFCE16A2846EEF7C7FC039BA1
:10D6A00093F8473013B12846FFF733F9159BC4F8B8
:10D6B000B89104F5E079C4F8BC314846FFF72BFA7D
:10D6C00094F83A3094F83820A18E009283F0010348
:10D6D000FF222846FFF7E7F8B0F1000B4FF00002F9
:10D6E0000BDAC4F8B8214846FFF715FA2846FFF7C9
:10D6F000DBF94046FFF7CBF934E74FF00109284644
:10D700000121FFF78EF9C4E9A6674B460DF115021A
:10D7100084F884929F2128468DF8159000F066FBCE
:10D720002B6994F8852293F8873202FA09F242EACB
:10D7300083028DF816204B460DF1160240F6AC011F
:10D74000284600F09EFB330C8DF81830C6F30723F3
:10D750008DF819303B0C8DF81B307FBA062306AAD2
:10D76000942128468DF81A60ADF81C7000F03EFB3D
:10D770002046FFF720FBE7E62DE9F04F89B004696A
:10D78000DDE912A794F84030CDE903120546D346EF
:10D79000002B00F0B980BFF35B8F04F11409032361
:10D7A00059E8002F002A03D149E800310029F7D1B8
:10D7B000BFF35B8F40F0AB8004F118084FF0FF32ED
:10D7C0004FF0FF334046FFF72AF82846EEF780FC7B
:10D7D000064650B14046FFF75AF900214846FFF788
:10D7E00058F9304609B0BDE8F08FC4E96E008146B3
:10D7F00004F5E070FFF78FF904F17C0305931846F8
:10D8000002F0AEF994F83A3094F83820A18E0092E4
:10D8100083F00103FF222846FFF745F8061E06DACB
:10D820002846FFF741F94046FFF731F9D9E74A4664
:10D8300001212846FFF7F5F8B7F1FF3F08BFBAF11D
:10D84000FF3F42D06FF00903534579EB070931D30D
:10D850001BF109004FF00A024FF0000347F10001ED
:10D86000E3F758FC88B38001030C8DF81830C0F33F
:10D8700007238DF819308DF81A00032306AA822198
:10D88000284600F0B3FA061ECADB4046FFF7FFF851
:10D8900052463B4606A904F17C00F2F799FD0028A8
:10D8A00016DA2846FFF74FF82846FFF7FDF86FF025
:10D8B0000A0696E71BF109004FF00A024FF0000339
:10D8C00047F10001E3F776FCCCE76FF07F40CBE750
:10D8D000079E002E85DD049B03989E42A8BF1E462E
:10D8E000324604F1B80104F068FF149B1BB1149A8E
:10D8F000BDF818301380159B002B3FF472AF159ABA
:10D900009DF81A3013706CE76FF0150669E76FF039
:10D910000F0666E7EFF74AB937B505460469EFF732
:10D9200045F930B91834002200232046FEF777FF6E
:10D9300018B16FF07F0003B030BD2846EFF736F91D
:10D9400018B12046FFF7A3F8F3E7012301AA152138
:10D95000284600F078FA05462046FFF798F8002D93
:10D96000E7DB9DF804004008404200B2E3E72DE900
:10D97000F74304690023ADF8063094F88832064670
:10D980002BB304F52470FEF754FF0546FEF749FF5C
:10D99000002D53D0451B94F83210208EEEF78CFCEE
:10D9A00085424BD304F11805002200232846FEF7D8
:10D9B00036FF002842D13C213046FEF740FF20468A
:10D9C000FFF796F82846FFF762F800200EE004F112
:10D9D0001805002200232846FEF721FF48B104F174
:10D9E0001400FEF726FFC31E5842584103B0BDE89D
:10D9F000F0830DF106013046FEF797FFBDF80610E3
:10DA000011F010081CD0FEF70CFF04F52573014639
:10DA10001846FEF70EFF30B9012938BF012118461C
:10DA2000FFF737F807E00F1A94F83210208EEEF760
:10DA300043FC8742BFD22846FFF729F80120D5E7EB
:10DA400011F0040104F523791AD0FEF7EAFE01462D
:10DA50004846FEF7EEFE20B9012938BF01214846AD
:10DA6000DEE70F1A2046EEF763FA8742E3D304217C
:10DA70003046FEF7E4FE41464846FFF70AF8A1E7C4
:10DA80004846FFF706F804F52570F6E770B5046917
:10DA900084F88512183405460E464FF0FF324FF0D9
:10DAA000FF332046FEF7BBFE31462846FFF75BFA00
:10DAB0002046BDE87040FEF7EABFF8B54768046944
:10DAC000F86B81F0010510B984F88652F8BD04F1B5
:10DAD00018064FF0FF324FF0FF333046FEF79FFE3F
:10DAE00084F8865204F11400FEF7A3FE032805D142
:10DAF00094F8861207F13C00FEF77FFF3046FEF7F0
:10DB0000C6FF0120E2E7F7B50569476805F1180689
:10DB100004464FF4FA7200233046FEF780FE0028D8
:10DB20004DD12046EFF742F810B1204600F03FF902
:10DB300004238DF806300DF10602012384212046CE
:10DB400000F054F94FF4FA7001F0E4FE204600F0C2
:10DB50002EF97F238DF807300DF10702012389216B
:10DB6000204600F043F941F2883001F0D3FE322123
:10DB70002046EEF7BFFF95F840301BB1E96A20461A
:10DB8000EEF724FA40F6AC012046FEF7FCFE40F624
:10DB900089012046FEF7F7FE97F8473013B120467B
:10DBA000FEF7B7FE95F885321BB101212046FFF73D
:10DBB000DAF92046FEF778FF3046FEF768FF03B03B
:10DBC000F0BD006900F53570FEF733BE0069002135
:10DBD00000F53570FEF75DBF436893F848203AB111
:10DBE000B3F844004FF47A73584300F2DC507047A6
:10DBF00040F2DC5070470C207047302070470369BA
:10DC000083F804137047036993F83C2093F83210AB
:10DC1000188EEEF76DBA70B5064605690C46FFF72B
:10DC2000F2FF21183029A8BF30210C29B8BF0C21E0
:10DC3000012385F8FD3285F8051305F540700021B4
:10DC4000FEF727FF2846EEF79BF90A23A0FB0323E4
:10DC50003046FFF71EF80023002885F8FD3285F8CE
:10DC60000533C8BF022070BD036993F83210188EC7
:10DC7000EEF722BB10B5036903F540731846FEF7B3
:10DC8000D8FD821E012A044608D818460021FEF756
:10DC900000FF022C14BF0220012010BD0020FCE771
:10DCA00030B58FB0CDE906129DF84C40129D002C86
:10DCB0000CBF19460021CDE90815002D01A9CDE9B9
:10DCC0000C35CDE90A1214BF0223012306AACDE9BF
:10DCD00002230AAACDE904234CB104AB014651F852
:10DCE000040B8268146802AAA0470FB030BD234617
:10DCF000F4E703460A4600681979012303FA01F1A3
:10DD000003691B68194218BF82F0010212B18368CF
:10DD1000DB68184783681B69FBE74068436A13B1F7
:10DD20002430FFF7E6BF704770B54568EB6A0C46D4
:10DD3000164623B1114005F12C00FFF7DAFF6B6B9B
:10DD400053B105F134002CB186F00101BDE87040FB
:10DD5000FFF7CFBF2146F9E770BDF8B5044600686C
:10DD60000D4600B301F0FCFDF0B1E3882068217995
:10DD70002B43DA028768066907D513F4402F1EBFCC
:10DD800043F3000202F4402253403468012523F497
:10DD900080128D40DB074CBF2C43AC4334603B68A2
:10DDA000984700EAE070F8BD6FF01200FBE730B56D
:10DDB00087B0C023ADF8043001AB02930223039374
:10DDC00002AB0493416801230593044651F8040B08
:10DDD000836804AA1D680023A847002804DB4FF4C9
:10DDE0007A712046EEF786FE07B030BD2DE9FF417F
:10DDF0000E468DF80C104FF47A71D0F80480054669
:10DE000014461F46EEF776FED0B9CDE900702346E2
:10DE1000012203A94046FFF743FF041E07DB842EBF
:10DE200009D04FF47A712846EEF764FE0446204686
:10DE300004B0BDE8F0814FF4FA7001F06BFDF6E735
:10DE40006FF07304F3E77FB51D468DF80C100023C7
:10DE50004FF47A7146688DF80D301446EEF74AFE9D
:10DE600060B90123CDE900530222234603A93046BD
:10DE7000FFF716FF00EAE07004B070BD6FF07300AA
:10DE8000FAE72DE9FF410D464FF47A71D0F804808E
:10DE9000044616461F46EEF72DFEC8B90D238DF831
:10DEA0000C302B0ACDE900708DF80D30032233467B
:10DEB00003A940468DF80E50FFF7F2FE002804DB60
:10DEC0004FF47A712046EEF715FE04B0BDE8F081FC
:10DED0006FF07300F9E7F0B50C4685B04FF47A7136
:10DEE000476815461E46EEF705FEB0B91D238DF8AE
:10DEF0000C30230A8DF80D300123CDE900638DF835
:10DF00000F002B46042203A938468DF80E40FFF778
:10DF1000C7FE00EAE07005B0F0BD6FF07300FAE7ED
:10DF2000F0B585B01E468DF80D100E234FF47A71B2
:10DF300047688DF80C3004461546EEF7DBFD80B9D6
:10DF4000CDE900602B46022203A93846FFF7A8FE60
:10DF5000002804DB4FF47A712046EEF7CBFD05B0C4
:10DF6000F0BD6FF07300FAE77FB51D461E238DF8F4
:10DF70000C308DF80D1000234FF47A7146688DF83F
:10DF80000E301446EEF7B6FD60B90123CDE900531B
:10DF90000322234603A93046FFF782FE00EAE07021
:10DFA00004B070BD6FF07300FAE710B50469322059
:10DFB000ECF7A6FAE3681BB12069BDE810401847EA
:10DFC00010BD07B58DF8063001238DF80730042306
:10DFD0008DF804108DF8052095210DEB0302FFF755
:10DFE00005FF03B05DF804FB38B54FF0B0440546BB
:10DFF000D4F8943043F40043C4F894300021C8208E
:10E0000001F0C5FFD4F8943023F40043C4F89430F1
:10E010000021642001F0BBFF2846FFF7C8FE00EA9C
:10E02000E07038BD3220ECF75DBAF7B51E464368A4
:10E0300093F8202005460C46DABB93F92170B942CB
:10E04000A8BF3C460F2FE4B24FF0010324D10721B3
:10E05000FFF7B7FF013C002864B21BDB6FF0100331
:10E060009C42B8BF1C4618238DF803300DF1030203
:10E07000012340F6E7012846FFF703FF002809DBEC
:10E08000022301AA8E2128468DF804408DF80560F0
:10E09000FFF7ACFE03B0F0BD0A2F04D11946FFF71D
:10E0A00090FF0334D7E70421E41BFFF78AFF0E3407
:10E0B000D1E793F9227001AA012340F6D801FFF7B6
:10E0C0000AFF0028E6DB9DF8043043F01E038DF8BC
:10E0D000043001AA012340F6D8012846FFF7D1FEFB
:10E0E0000028D7DBBC42A8BF3C46142F4FF00003EA
:10E0F0000FD1052203212846FFF763FF023464B2E3
:10E100000028C7DB6FF008039C42B8BF1C463823C9
:10E11000AAE7112F06D1032202212846FFF751FF5B
:10E120000534ECE70E2F05D1022211462846FFF7F1
:10E1300048FFE5E7E71B0722042128461637FFF7CB
:10E1400040FF7CB2DCE730B50368136005790468F2
:10E1500004EBC504A34202D36FF0010030BD5C792B
:10E160008C4203F10803F0D10020F7E72DE9F84FC6
:10E17000044600EBC10800254FF00109444502D1D7
:10E180000020BDE8F88FD4F800B01BF0100F20D1AC
:10E19000656845F02005CBF34420EBF781FE074688
:10E1A00008B3CBF343160BF01F0A53462A463146F9
:10E1B000FDF72BF80028E4DBBAF1110F07D17B68DB
:10E1C0005B6809FA06F62A054CBF9E619E62083418
:10E1D000D4E70BF01F03102B03D0112BDBD16568A4
:10E1E000D9E73025D7E76FF01200CAE74368C1F3DB
:10E1F0004B101B6801F01F01C05801238B400340E6
:10E20000003B18BF012313700020704710B543680E
:10E21000C1F34B101A6801F01F01845801238B4091
:10E2200023438350002010BD10B54368C1F34B1445
:10E23000186801F01F01235801228A4023EA0203D3
:10E240002350002010BD38B504460D46FFF7DEFF11
:10E2500029462046FFF7E8FF002038BDB0F5805F73
:10E2600007D0B0F1805F09D100290CBF0220012046
:10E27000704700290CBF04200320704700290CBF01
:10E2800003200220704743681B68D869DA69C0F32D
:10E29000C00002F0010240EA4200DA699207DA693E
:10E2A00048BF40F004005107DA6948BF40F0200041
:10E2B000D20542BF4FF4807240F008001A62C107D5
:10E2C00044BF08221A62820744BF01221A62410732
:10E2D00044BF02221A62820644BF04221A627047B7
:10E2E00043681A6852E8003F43F0400342E80031B7
:10E2F0000029F7D1704743681A6852E8003F23F0BD
:10E30000400342E800310029F7D1704743681B6899
:10E31000D869C0F38010704743681A6852E8003F1C
:10E3200043F0200342E800310029F7D170474368E9
:10E330001A6852E8003F23F0200342E80031002928
:10E34000F7D1704743681B68D869C0F34010704725
:10E35000012070470369C3E90112704702695368DD
:10E360000BB191681847704708B500222420114668
:10E37000ECF7E8F8BDE808402420ECF7B3B837B56F
:10E38000034605680C4619B96FF0150003B030BD9F
:10E39000406819698368DB6893B101AA984700282F
:10E3A000F4DB2B6823F400432B60019B03EB540345
:10E3B000B3FBF4F10F29E7D989B2E9600020E5E762
:10E3C0006FF05700E2E707B501AAFFF7BCFE00288F
:10E3D00005DB019B002219791868FFF7C7FE03B01F
:10E3E0005DF804FB43681B68D86910F080001CBF0F
:10E3F0001868C0F38010704710B50269126812687F
:10E400000A6042681268126802F4C062B2F5806F56
:10E4100004460B4633D0A2F5C060424242411A7115
:10E4200062681268526802F44052B2F5805F28D0E8
:10E43000B2F5405F27D0002A0CBF012203225A7197
:10E44000626812681068116800F0102001F4C06161
:10E45000FFF704FF987162681268926802F44072D4
:10E46000A2F540714A424A41DA71616809688968D7
:10E4700011F4804F18BF0322DA71002010BD022270
:10E48000CDE70022DBE70222D9E738B543681B68F5
:10E490000C461868196800F0102001F4C061FFF7FD
:10E4A000DDFE04281AD0D86910F0800015D0EFF3F3
:10E4B0001181102080F31288BFF36F8F0020151A8E
:10E4C000002D06DDDD692D0603D5255C9D6201303A
:10E4D000F5E781F31188BFF36F8F38BD6FF08500CA
:10E4E000FBE710B543681B681020DA691206FCD5FB
:10E4F000EFF3118280F31288BFF36F8FDC6924067B
:10E5000004D482F31188BFF36F8FEEE7996282F330
:10E510001188BFF36F8F10BD38B505464468D9B177
:10E52000012938D1606A0021FFF74DFF002806DB82
:10E530006068216983681B6813B96FF0570038BDA4
:10E5400098470028FBDB23681B68DC0721D428469A
:10E55000BDE83840EEF782BC2368DA69D003FCD40A
:10E56000DA695106FCD5DA695202FCD508221A6232
:10E570006068216983685B68002BDED098470028BB
:10E58000DDDB606A0121FFF71EFF002801DA831C32
:10E59000D5D10020D3E76FF08500D0E743681B6832
:10E5A000DA69910602D51A68920607D4D86910F084
:10E5B000400004D01868C0F38010704701207047F5
:10E5C00038B543681B680C461868196800F01020BD
:10E5D00001F4C061FFF742FE042810D0002008219A
:10E5E000151A002D0DDDDD69AD060AD55D6A2554CD
:10E5F000DD692D0700F10100F2D51962F0E76FF037
:10E60000850038BD43681B68DA69100744BF0822DB
:10E610001A62DA69920643BF5B6A0B7000204FF002
:10E62000FF30704770B54668054670683169836889
:10E630001B6893B19847041E0DDB706A0021FFF739
:10E64000C2FE041E07DB2846EEF708FC044610B99C
:10E65000B36A28469847204670BD6FF05704FAE722
:10E6600030B50446086808B9106008E020684568BD
:10E670009D4205D3B5FBF3F515602368186830BDDE
:10E6800008302060086801380860EBE737B5037D83
:10E690001A070C46C3F3C00502D5002003B030BDF5
:10E6A000406801AAFFF74FFD002805DB019B2A46C1
:10E6B00019791868FFF75AFD012CEFD1831CEDD1B1
:10E6C000EBE78368DA0701D5037BFAE7036823F0F9
:10E6D0004003036003685B06FCD4704710B50B6809
:10E6E0009B88C3F34513082B0C46C96C0BD9102B20
:10E6F00032D90423002935D0226D02B10A78D2B272
:10E700000273012211E094F86430012B28D9E36DE3
:10E71000012B4FF00103EDD901B3226D02B10A883C
:10E7200092B282810222B2FBF3F2216D99B18A4248
:10E7300011D8891A2165B9B9E26B0832E263226CFB
:10E74000013A226404F1400104F1500204F13C005A
:10E75000FFF786FFE06410BD0223DDE70A46DFE72E
:10E760000123C7E70A46CAE7E16C0029F3D002FBA0
:10E770000311E164EFE738B50B689B88C3F34513D9
:10E78000082BD1E915250C4608D9102B2DD90423C7
:10E79000017BC9B202B165BB01220FE091F8643080
:10E7A000012B24D90B6E012B4FF00103F0D9C16866
:10E7B0000AB105B111800222B2FBF3F2A16D99B149
:10E7C0008A4211D8891AA165A9B9626C08326264BB
:10E7D000A26C013AA26404F1480104F1580204F168
:10E7E0004400FFF73DFF606538BD0223DFE70123EA
:10E7F000CEE71170D0E7616D0029F5D002FB03115F
:10E800006165F1E710B5036944681A6922B95A6075
:10E8100003F10800F1F702FF2068FFF752FF002024
:10E8200010BD4FF0E022136923F00103136170471C
:10E830000368013304D04068431C58425841704774
:10E840000120704710B504680B689C4209D04068ED
:10E850004968884205D08C4203D0181A18BF01209D
:10E8600010BD0020FCE740F30903B3F1FF3F08BFF0
:10E870000130C0F30900043070470A680368534050
:10E8800003604A684368534043608A688368534022
:10E890008360704708B503681B0D13F4E06304D070
:10E8A0000430FFF7CFFF80F0010303F0010008BD43
:10E8B000C36E426D1944891AB1FBF3F203FB1211C6
:10E8C000836D8B4208D9CA08406E01F0070101230D
:10E8D0008B40815C0B4383540020704708B502468F
:10E8E0000846FFF7C0FF136803441360002008BD0B
:10E8F000036801330360002070472DE9F04F87B0B3
:10E90000DDE911480393836E139EDB691746A21954
:10E910009A4281468A4607D8C36E002B00F09E803B
:10E92000109A934200F29A806FF0530093E0BAF18C
:10E93000000F3FD0DAF80030109A93423AD1DAE96A
:10E94000015305EB030BA34534D9A54214D8ABEB17
:10E95000040BB345DAF80C1028BFB346651B4046DC
:10E960005A46294403F029FFD8445C44A6EB0B0621
:10E97000002EDCD130466EE02D1BB54228BF354657
:10E980003B68109A93421BD1D7E901130B44A34271
:10E9900016D9A14210D81B1B9D4228BF1D46FB68FB
:10E9A000611A40462A46194403F007FFA8442C4444
:10E9B000761BDDE73546E3E7091B8D4228BF0D4690
:10E9C000039B9E421FD3D9F868004369B4FBF3F25E
:10E9D00003FB1242BAB9B34215D8B5FBF3F203FBFD
:10E9E00002FBA5EB0B03CDF800B00493436810992C
:10E9F0009C4622464346E04768BB049B5B1BD844C9
:10EA00005C441E44B4E7109B3B60D9F868305B69F6
:10EA1000B4FBF3F25A437A60D9F86810059B486951
:10EA200003442344B3FBF0F34343C869834294BFD8
:10EA3000C2EB0305C2EB00058B6A10999D4228BF0B
:10EA40001D46BD60D9F8680000954568FB68A84779
:10EA500000283FF46CAF07B0BDE8F08F039B013B8B
:10EA6000059385E71FB5C3F309040294069C01943E
:10EA700000240094EEF756FF04B010BD30B51346E5
:10EA800087B00268044604AD0820916E0390029599
:10EA9000586801901B680093CB69104602F1100181
:10EAA000FFF72BFF18B9211D2846FFF7CBFE07B053
:10EAB00030BD2DE9F04F87B00646119F884691463C
:10EAC0009A4600240DF1100BA74203D8002007B08E
:10EAD000BDE8F08F3D1B109B082D28BF0825E318CB
:10EAE000CDE900A3CDE902B5A9EB0403424600211C
:10EAF0003046FFF702FF0028E9D1129B2A4618682A
:10EB00005946F1F727FA129B2C441860DCE71FB531
:10EB10000023CDE9023301934FF0FF330093EFF769
:10EB2000B1F905B05DF804FB2DE9F04F87B0074659
:10EB3000129E884691469A4600240DF1100BA6427B
:10EB400001D800201BE0351B109B082D28BF08258D
:10EB5000E318CDE900A3CDE902B5A9EB04034246D1
:10EB600000213846FFF7C9FE48B9119B2A461919FA
:10EB7000584603F03FFE002804D005DA012007B014
:10EB8000BDE8F08F2C44DAE70220F8E730B51346F1
:10EB90008268C1F3090585B0AA4228BF2A460292BD
:10EBA000416801915968009101681B680446084654
:10EBB000FFF7BAFF28B9A368AB4202D034BF0120E7
:10EBC000022005B030BD036B1944C1F30903003BBB
:10EBD00018BF012321F0004141EAC371016370476E
:10EBE00010B5836E5B6B044613B9C068EBF756FF34
:10EBF000A36E9B6B13B9E069EBF750FFA36EDB6B61
:10EC000023B9606EBDE81040EBF748BF10BDF8B502
:10EC1000C6690D68083EB5420F4613D3B5FBF6F042
:10EC20000138E2F7FBFA841CA5EB8404B4FBF6F48C
:10EC30002046E2F7F3FAA5EB800504FB16553D608C
:10EC40002046F8BD0020FCE72DE9F04F89B00646CC
:10EC5000DDF84C8005920F464BB94FF0FF32C8F8F3
:10EC60000020149A0020136009B0BDE8F08F846E74
:10EC7000013B07A920460793FFF7C9FF12A90546E4
:10EC80002046FFF7C4FF4FF0040A81460DF1140B34
:10EC9000A945059A03D3129BC8F80020E1E7A5EB2C
:10ECA0000904B4FA84F495FAA5F3B3FA83F3C4F132
:10ECB0001F049C4228BF1C46A300CDE90023CDE9D8
:10ECC00002BA04233A4600213046FFF716FE002818
:10ECD000CAD10123A340ED1ADAE72DE9F04F89B03C
:10ECE0000646DDE9120A0F4690461D4688B30138F4
:10ECF000059005A9B06EFFF78AFF0DF1180B0446C9
:10ED000014982946D04720BB1CB304F00109C9F16F
:10ED100002039B00CDE90050CDE902B342463946DB
:10ED20003046FFF7EAFDA0B9E54305F00105A8422A
:10ED300007DB08AB03EB8505023C55F8085C4C4447
:10ED4000DEE706991498D04703460120002BEED049
:10ED5000184609B0BDE8F08FC368184710B50C46D7
:10ED6000826AE068FF2103F036FD4FF0FF33236035
:10ED700010BD38B581660B6AC3664B6B04460D4601
:10ED8000002B3BD0C360AB6B002B43D0E361284624
:10ED90002146FFF7E3FFA06E04F11001FFF7DEFF4D
:10EDA000A56EEB6B002B3CD063662B6C002B08BF71
:10EDB000FF2323676B6C002B08BF6FF00043636772
:10EDC000AA6C40F2FE33002A08BF1A46A2672B6DD8
:10EDD000E367591C2CD10023E36700204FF0FF3379
:10EDE000C4E90833C4E90A00C4E90F00C4E90C000F
:10EDF000C4E912006064A063206538BD886AEBF73F
:10EE000033FEE0600028BED12046FFF7E9FE6FF038
:10EE10000B00F2E7A86AEBF727FEE0610028B6D105
:10EE2000F2E7E86AEBF720FE60660028BDD1EBE769
:10EE3000002BD2D1EB6CA96A4BB18A424FEAD303C3
:10EE400028BF0A469A4294BFE267E367C5E7EB69C9
:10EE5000F3E72DE9F0430D4609689846CB1C85B0D1
:10EE60000646174603D9002005B0BDE8F083806E42
:10EE7000AC6883691C44013CB4FBF3F45C4300942C
:10EE8000D0F80890EB686A68C8470028ECD1B8F160
:10EE9000000F04D1B06E2946FFF760FFE3E74FF0A3
:10EEA000FF333B600294EB6801936B6800932B681F
:10EEB000224639463046FFF737FE0028D4DBE9D03A
:10EEC0006FF05300D0E72DE9F84FDDE90B5A0D9FA5
:10EED00006460C4690469946002F3BD0002108E09C
:10EEE0000A9B2360B36E9A69B5FBF2F35343C4E9FE
:10EEF000013123680A9A9342F2D16068A842EFD8A0
:10EF0000B36E9A6A0244AA42EAD9521BE368BA4233
:10EF1000A5EB000028BF3A4651461844934603F03B
:10EF20004CFC6368A2685D44EB1A934238BF1346F9
:10EF3000A360B26E926A9A42DA44A7EB0B07CBD178
:10EF40004B46424621463046FFF783FF0028C3D098
:10EF5000BDE8F88F3846FBE7F0B585B0CDE9022370
:10EF60001D464B6801930B6800930C46174600231F
:10EF7000024600F11001FFF7A6FF064640B9E0681F
:10EF80002A463946F0F7E6FF6368E0602B44636089
:10EF9000304605B0F0BD2DE9F04F064687B010466B
:10EFA0009946FFF760FC4B6893464A6903449342D5
:10EFB0000C46804641D88B682BF0004A8AEA03034E
:10EFC0001BBA059305AA04233046FFF7C5FF054683
:10EFD00078BBBBF1000FA8F1040720DA0DF1130B89
:10EFE0002FB30123CDE902B3D9F80430043B4344E5
:10EFF000DB1B0193D9F80030009332463B460021D9
:10F000003046FFF77AFC40B901235A462146304684
:10F01000FFF7A2FF013F0028E2D0054609E03B468A
:10F020004A4621463046FFF797FF0028F5D1C4F83D
:10F0300008A0284607B0BDE8F08F6FF01B05F8E781
:10F0400013460A46D0E90001FFF7A5BF10B5D1E984
:10F05000003482699A4210D1C369A34211D0D1E928
:10F060000234A34205D10A60C2694A605B00CB60EA
:10F07000002301338B60002010BDA242EFD1C46990
:10F08000EBE76FF05300F7E738B504460D46A16D86
:10F09000E36D8B4208D3236E002B30D02046EFF770
:10F0A000EBFA0028F3D021E0606EDA08825C03F00E
:10F0B0000700C240D2071AD4626D1344E26EB3FB5C
:10F0C000F2F102FB11332B60A56DE36D226E01336B
:10F0D000013AAB42E36522660FD2DA08616E885CC2
:10F0E00003F00703D84010F00100EED138BD013322
:10F0F000E365236E013B2366CAE70020F6E76FF065
:10F100001B00F3E77FB50C4604310646FFF7BCFF52
:10F11000054670BB21463046FFF7B6FF054640BBAB
:10F120002246042342F8080FCDE902230190226809
:10F130000092014632463046FFF7DFFB10B110F176
:10F14000540F19D1B36E5A6A002A09DDA36801323F
:10F1500042F00102013B1344B3FBF2F35343A360BB
:10F160004FF0FF330422C4E903230022C4E905233E
:10F17000E361284604B070BD0546FAE72DE9F04F7B
:10F1800093B0CDE907230B6BDA0206460D461BD57B
:10F190004C6B089BCA6AE318934238BF1346C26F90
:10F1A0009A4211D2CC63C36E0366EFF78DFA2B6BD4
:10F1B000044630B143F400232B63204613B0BDE86E
:10F1C000F08F23F480132B63089B069305F1400313
:10F1D0000C93069B0BB9089CEFE72B6B13F40032E2
:10F1E00004D0B16EEF6BC9698F4247D1DB0200F1E9
:10F1F000E08005F140030A93CAB96B6BBBB1119271
:10F2000011AA0292013B05F1380201920093D5E95F
:10F210000A2305F140013046FFF716FD044608B108
:10F220002B6BC7E7B06E05F14001FFF797FDF36E5A
:10F230003366AB6B09936B6B0593013B0B930FA983
:10F240003046FFF721FF04460028E9D1DDF83C8075
:10F25000B06E4146FFF780FD044630B114F1540F03
:10F26000DED14FF0FF332B64E9E7059B4BBBC5E9CB
:10F270000E831F462B6B43F400332B63B36EDB69A5
:10F28000DF1B069B9F4228BF1F46079B03970293E5
:10F29000EB6B0193AB6B00930C9901233246304624
:10F2A000FFF711FE0446002800F0888010F1540F8B
:10F2B000B6D129463046EFF707FA04460028E4D0D5
:10F2C000AEE7D6F868900B9B109310A94846FFF75D
:10F2D0009EFC109FD9F81C3001379F42109750D1E7
:10F2E000471C97FAA7F7099B1193B7FA87F707F11D
:10F2F000010AA1460DF1440B4FEA89030D93042343
:10F30000CDE902B34FEA8903CDE900830A990123CD
:10F3100032463046FFF7D7FD044600289ED14F45C0
:10F3200035D109F10109CA45E6D8C5F838804FEA58
:10F330008A0724E0099B0093CDE902BACDF8049036
:10F34000A7EB0903324600213046FFF7D6FA044600
:10F3500000287FF465AFCDE902BACDE900890A99AA
:10F36000012332463046FFF7AEFD044600287FF405
:10F3700075AF09F101094F45DCD8C5F83880EF6356
:10F3800078E7A1464FF0010A0DF1440BF3E704239F
:10F39000CDE902B34FEA89030193119B0093014623
:10F3A000042332463046FFF7A8FA04460028B8D0B6
:10F3B00036E76FF001036F6BAB63E0E76B6B3B44C9
:10F3C0006B63EB6B3B44EB63079B3B440793069BF0
:10F3D000DB1B0693F36E3366FBE6F0B50C46096B58
:10F3E0000546480397B008D5CA0258BF4FF0FF330F
:10F3F00021F4802158BF236421638B0302D40020B1
:10F4000017B0F0BD11F48011666BE76A3FD154224A
:10F4100001A803F0E0F9A36ACDE90B370123CDE998
:10F420000D3695E80F0011AF87E80F004FF0FF375A
:10F430002F60626BE36A9A4212D304F14007012302
:10F440002A4639462846FFF704FD20B310F1540F31
:10F45000D6D121462846EFF737F90028EFD0CFE77D
:10F4600001230DF1030201A92846EEF7ADFF0028A4
:10F47000C6DB01230DF1030221462846FFF77EFE7D
:10F480000028BDDB2B680133D3D01197D0E7BE42F3
:10F490002CBF66636763A36BA362636BE362236B3A
:10F4A00023F4003343F48033C4E90C36A7E72DE995
:10F4B000F7431E460B6B17465A0305460C4619D4F4
:10F4C000216B0B051DD4D4F834806B6F08EB06025A
:10F4D0009A422FD811F4003919D033463A462146C2
:10F4E0002846FFF74BFE002808DB236B23F400239C
:10F4F000236303E0FFF771FF0028E1D003B0BDE80C
:10F50000F083E36A626B934288BF6363DBE7E36A7D
:10F510009845E2D96363636B9845DED901230DF109
:10F520000702214628468DF80790FFF727FE00289E
:10F53000F1DAE3E76FF01A00E0E72DE9F34107465F
:10F540004D6B0E46144613B1012B09D12C447B6F31
:10F55000A3423CD3AC4210D1204602B0BDE8F081BA
:10F56000022B08D1D1E90B32920302D5AB4238BF4E
:10F570002B461C44EBE72C46E9E7336B5B031ED5B7
:10F58000D7F86880F26BD8F81C309A4217D06946D9
:10F5900040460095FFF73BFB01A905464046019414
:10F5A000FFF735FB85420AD1736C019A934206D866
:10F5B000B16C0B449A4202D27463F263CCE73146D9
:10F5C0003846FFF70AFF0028C7D17463C4E76FF01D
:10F5D0001500C2E72DE9F0438DB00C4604A9BDF833
:10F5E0005490054617469846FFF78CFD064628BB03
:10F5F000E37D8DF82730A3690A93E3690B93BDF887
:10F600005830CDE90193149B00933A46434604A930
:10F610002846EFF7FDF9002814DB049F059AA7613F
:10F620000123E261E37505F120012046FFF70AF9A5
:10F6300020B9B9F1000F01D1C5E9087230460DB00B
:10F64000BDE8F0830646F9E710B50446EFF7CCFCB9
:10F65000002806DB05D020460021BDE81040EFF76A
:10F6600037BE10BD70B50B6B1E0386B005460C4649
:10F6700053D4FFF7B2FE216B20B141F40021216386
:10F6800006B070BDCA0348D504F108063046FFF73E
:10F69000CFF8002841D111F480131FD0E36CE26A47
:10F6A00040F20120A18842EA812242EA0052CDE9DB
:10F6B0000223226D936843EA812343F0815304932C
:10F6C0005368059302AA022331462846FFF7BCFF80
:10F6D000236BF8B143F400232363D1E729464FF0AD
:10F6E000FF3241F8102B28462A46FFF7B2FB0028CC
:10F6F000C6D1A86E036998470028C1D1236BDB02ED
:10F70000CCD4D4E90A016B46CDE90001082240F2CD
:10F710000220C7E723F4803323630020B0E770B5ED
:10F7200005460C46FFF79EFFAA6A064605F1280328
:10F7300022B11A68944209D122681A60236D1B68AD
:10F7400013B9E06CEBF7AAF9304670BD13461268A6
:10F75000EEE708B5FFF744FA002008BD70B58AB09F
:10F7600016460191002301AA02A90546EEF782FD83
:10F77000041E0FDB01982F2103F04CF810B1230D6C
:10F78000022B0AD1C4F38922334602A92846EEF798
:10F7900087F9044620460AB070BD6FF01304F9E7FC
:10F7A000EFF7C0BEFFF7BBBFFFF75CBF2DE9F0412D
:10F7B0001F460B6B9B0305460C46164607D43B467B
:10F7C000324621462846BDE8F041EEF7FDBDFFF781
:10F7D00004FE0028F3D0BDE8F081FFF768BEFFF714
:10F7E000ACBE2DE9F041161E86B005460C4674DB12
:10F7F000D1E90B3292034F6B02D5BB4238BF3B4677
:10F800009E424FD2EB6F9E422ED800231A462146CD
:10F810002846FFF792FE00285CDB4FF0FF332B6099
:10F82000EA68334621462846EEF7CEFD002851DB34
:10F83000236BE06C6FF00102C4E90A2643F4A813BD
:10F840002363002322646364AB6E9B6AA364E9684C
:10F85000324602F0B2FF00233A4621462846FFF71F
:10F860006CFE00EAE07035E021462846FFF7B5FD62
:10F8700080BB05AB029304F138030193731E009320
:10F880000590D4E90A2304F140012846FFF7DCF98A
:10F8900000BBA36B6663C4E90A36236B43F4A02361
:10F8A0002363D8E7D7D90223002221462846FFF751
:10F8B00044FE00280EDB4FF00008636B9E42CAD95D
:10F8C000012305AA214628468DF81480FFF7EFFD95
:10F8D0000028F2DA06B0BDE8F0816FF01500F9E714
:10F8E000486B7047826A00F1280322B11A6891427E
:10F8F00003D10A681A600020704713461268F4E7C3
:10F90000EEF756BF08B5F3F7E7F9002818BF6FF018
:10F91000040008BD38B5044648B1EDF7F3FE3023C6
:10F9200005465C43EDF7EEFE431BA342FAD338BD18
:10F9300010B5436904463BB90020E268537843F0B0
:10F9400001035370404210BD98470028F4D00028AE
:10F95000B8BF4042E368FF28A8BFFF201870ECE75B
:10F9600040B1C368587810F001001EBF1878B0FA93
:10F9700080F0400970472DE9F04F89B0DDE9126849
:10F98000059243460546324606A80F4600F0E1FBC5
:10F99000DDE90634CDE90234EFF311844FF01009AC
:10F9A00089F31288BFF36F8F05F10C0A05F1140B70
:10F9B000059A149B39462846984730B184F311883C
:10F9C000BFF36F8F09B0BDE8F08F56EA0806F5D097
:10F9D000DDE9022306A800F0E1FBDDE906685246F6
:10F9E000CDE9006821465846F1F7CAF9EFF31184D2
:10F9F00089F31288BFF36F8FDAE710B400F10C04BB
:10FA0000C0E903440024047510BCFBF712BB38B5F1
:10FA10000446EFF31185102383F31288BFF36F8F31
:10FA2000FBF710FA04F10C0000F0A2FA30B12946FD
:10FA300004F11400BDE8384000F07FBA85F3118866
:10FA4000BFF36F8F38BD10B582696AB1C36842EAEF
:10FA50000301890708D14169A2FB011424B95B188D
:10FA60002CBF0121002102D36FF0150005E00161D8
:10FA70009B1A42698A4201D8002010BD02691A60AF
:10FA80008269036101319B1AF3E72DE9F0410546D4
:10FA90000F46EFF31188102383F31288BFF36F8FA3
:10FAA0000669FEB90468A0421CD0DCB1D4E900327A
:10FAB00013605A60237CA66023F002032374C4E918
:10FAC000006604F1180000F009FB2046C4F88460C9
:10FAD000676100F0D0F9414605F10800BDE8F0414A
:10FAE00000F02BBA3E60EB692F61013BEB6188F3BC
:10FAF0001188BFF36F8FBDE8F08108B51024EFF3D4
:10FB0000118384F31288BFF36F8FFBF7B8FCF6E71D
:10FB1000D0E9003213605A60027C002322F0020216
:10FB2000C0E90033027483607047C0E9032303FB1C
:10FB300002120023436280F83030037200F1280380
:10FB4000C0E90621C0E90000C0E90A334161016251
:10FB5000704713B501240094F0F7CEFB02B010BD3E
:10FB6000F8B50546EFF31186102383F31288BFF32F
:10FB70006F8F0468A0421AD0CCB12046FFF7C8FFAF
:10FB800004F1180000F0AAFA6FF02207C4F884709C
:10FB9000204600F070F92C68A54215D0A4B120468B
:10FBA000FFF7B6FF04F1180000F098FAEEE7002323
:10FBB00000226A622A6AEA6143B1314605F108000F
:10FBC000BDE8F84000F0B9B90123F1E786F31188E8
:10FBD000BFF36F8FF8BD90F90E308B4201D0F1F773
:10FBE000F1B80020704703460020C3E90200C3E9D2
:10FBF000003370475AB18A4209D300F11003C0E9BB
:10FC00000212C0E90000C0E90433002070476FF021
:10FC100015007047026801238B4022EA030303604A
:10FC200022FA01F000F001007047F8B505460E46D3
:10FC30000C300321FFF7EEFF044658B1103528467B
:10FC400000F04CFAB0FA80F4640910272846F1F766
:10FC5000F1FB08B92046F8BD336883F31188BFF380
:10FC60006F8FEFF3118387F31288BFF36F8F3360C9
:10FC7000ECE720B100221146943000F0C1B9704782
:10FC800070B5C368C3F340069B07044616D4856865
:10FC900002210C30FFF7BEFF80B1D5F88C206AB18D
:10FCA00094421DD122689EB9D5F89030C5F88C20B9
:10FCB0009C4201D1C5F8902000232360E36813F033
:10FCC0001F001EBF43F00203E36040F0020070BD5E
:10FCD0003260D5F89020944208BFC5F89060EBE7F9
:10FCE00016461268DBE773B50446EFF3118510235F
:10FCF00083F31288BFF36F8F00230193D0E90423AD
:10FD0000B3F1004F08BF012A05D085F31188BFF376
:10FD10006F8F02B070BDA0F1100603210438FFF709
:10FD200079FF0028F1D0A369019301A93046F0F7CB
:10FD3000C3FDEAE738B504460D461022002102F063
:10FD40004AFD656038BDEFF31183102282F31288FB
:10FD5000BFF36F8FC06800F01F0083F31188BFF3FB
:10FD60006F8F704713B501900846EFF3118410238D
:10FD700083F31288BFF36F8F01A9F0F79DFD84F321
:10FD80001188BFF36F8F02B010BD10B5FFF7EAFF07
:10FD9000041E08DDEFF31180102383F31288BFF3F4
:10FDA0006F8FF1F77BF8204610BD38B5302204463E
:10FDB0000D46002102F00FFD4FF480736560E36093
:10FDC00038BDFFF7C0BF37B50446EFF311831022EB
:10FDD00082F31288BFF36F8F01A90193FFF725FF0C
:10FDE0002046019DFFF74CFF85F31188BFF36F8F0D
:10FDF00003B030BDEFF30580003818BF0120704715
:10FE00006FF057007047D0E9003213605A6000234A
:10FE1000C0E90033704708B5FFF7F5FF037C23F016
:10FE2000020303740023836008BD38B504460D4601
:10FE3000F0F724FF237C43F002032374D5B1A560BF
:10FE40002B689D4209D16B68C4E900531C606C604B
:10FE500010E06A689A42F6D01B68002BF3D093F941
:10FE60000E1094F90E209142F3DD5A68C4E9003275
:10FE700014605C6038BD10B5EFF31184102383F378
:10FE80001288BFF36F8FF0F7B9FE84F31188BFF3C8
:10FE90006F8F10BD08B5EFF31181102282F3128825
:10FEA000BFF36F8F83680BB1FFF7B5FF81F3118844
:10FEB000BFF36F8F08BD08B5037C13F0280F014610
:10FEC0000CD183680BB1FFF7A6FF0B7C23F0040372
:10FED0000B740846BDE80840F0F790BE08BD10B5A9
:10FEE000EFF31184102383F31288BFF36F8FD0E9EF
:10FEF0000423B3F1004F08BF012A04D084F3118812
:10FF0000BFF36F8F10BD1838FFF7D5FFF6E710B5B8
:10FF10000146EFF31184102383F31288BFF36F8F30
:10FF200083680BB1FFF777FF01F1180000F0D6F8F6
:10FF300084F31188BFF36F8F10BD0846F0F7D6BE6B
:10FF400038B504680546AC424FF0000000D138BD1A
:10FF5000002CFCD02046FFF75EFF04F1180000F0F3
:10FF6000BDF82046F0F74AFE2C680120A542EDE7D7
:10FF700010B5EFF31184102383F31288BFF36F8F52
:10FF8000FFF7DEFF84F31188BFF36F8F10BD38B524
:10FF900005460C46F1F71EF8B4F1FF3F08BFB5F176
:10FFA000FF3F0AD0C11709304FF00A024FF000039B
:10FFB00041F10001E1F7FEF838BD4FF0FF30FBE7FB
:10FFC00038B50446EFF31185102383F31288BFF38D
:10FFD0006F8F037C5B070ED5183000F07FF8237C11
:10FFE00023F0040320462374F0F708FE2846BDE8FA
:10FFF0003840F0F77BBE85F31188BFF36F8F38BDB3
:020000040802F0
:1000000038B5EFF31185102383F31288BFF36F8F98
:100010000468A04213D0A4B1C4F8841062612046E1
:10002000FFF7F9FE04F1180000F058F82046F0F749
:10003000E5FD012085F31188BFF36F8F38BD0020E7
:10004000F8E72046F6E72DE9F04706460F469146C9
:100050009A46EFF31188102383F31288BFF36F8F52
:100060000068864206D028B17368984214BF0568BC
:10007000002568B90024B9F1000F02D0514620468E
:10008000C84788F31188BFF36F8F2046BDE8F0871B
:100090005146B84704460028EDD135B17368AB42EC
:1000A00000D02C6828462546E3E72C46FAE708B539
:1000B0000246F1F701F970B1D0E904319B1A61EB06
:1000C000E272B3F1004F72F1000104DA002AACBF12
:1000D0001846002008BD6FF00040FBE738B5024627
:1000E000EFF31185102383F31288BFF36F8F03683A
:1000F000D3B1F1F7E1F804461046F1F7EFF800222A
:100100004FF000438442C0E9042305D0002085F36A
:100110001188BFF36F8F38BDF1F7D6F8FFF7C7FF2F
:100120000021EDF75FFAF1E7D0E90413B3F1004FD6
:1001300008BF012904D100204FF00041C2E90401A9
:100140006FF01500E3E708B5F1F7EEF908BDF1F738
:10015000EBB9B3F1FF3F08BFB2F1FF3F70B5064600
:100160001D46144614D01A4316D0002B08DBF1F7B5
:10017000DBF9041941EB0501C6E90041304670BDC9
:100180006FF001031C1B4FF0FF3363EB0501F3E736
:100190004FF0FF342146EFE70024FBE7B3F1FF3FC8
:1001A00008BFB2F1FF3FF8B5074616461C4610D00F
:1001B00054EA020311D0F1F7B7F9B0420A46A1415F
:1001C00003460AD2F31A64EB0204C7E90034384646
:1001D000F8BD4FF0FF331C46F7E70023FBE730B5CF
:1001E000D0E90034984208D03CB1A568DDB112F9DD
:1001F000522C15F9525CAA4207DDC1E900042160C6
:1002000041600FE0A342F8D01B68002BF5D09D6839
:100210004DB115F9525C9542F4DD5A68C1E90032DE
:100220001160596030BD00239B7BFFDE2DE9F84F44
:1002300000250F461446984601462E464FF0100AF8
:10024000A946BD4202DB3046BDE8F88FEFF3118BC3
:100250008AF31288BFF36F8F4B7B03F03F03082BA9
:1002600009D853B1013B072B07D8DFE803F0281C5E
:1002700006220606062E102B2DD0B8F1000F3BD11A
:100280002378002B38D04B7B03F03F03082B3AD860
:10029000002B3AD0013B072B37D8DFE803F0433976
:1002A000363F363636460B699B68002BE5D0022375
:1002B00017E00B691B68002BDFD0042311E00B69EA
:1002C0009B68002BD9D001230BE00B695B6A002BE4
:1002D000D3D0102305E00B69DA895B899A42CCD030
:1002E0002023CA68C1F80890C2F38630034363F341
:1002F0009432CA6084F800908BF31188BFF36F8F3B
:10030000013514319DE7102B13D08C600136F3E7D3
:10031000086922461030FFF762FFF6E708692246B7
:100320001430F8E708692246F5E7086922462830C4
:10033000F1E7086922463030EDE72DE9F0418468A5
:1003400005460E46D4B16378012B22D114F8503CF7
:100350009A0711D5A4F160073846FFF7D8FD082E9B
:1003600014BF00236FF00303636214F8503CDB06F4
:1003700002D13846FFF77FFD002323700023AB60D6
:10038000EB68C3F38632164366F39433EB60BDE843
:10039000F081022BF0D12378002BEDD054F8048C9F
:1003A000B8F1000FE8D004F11400FFF797FEA4F1B4
:1003B00014070023E36239464046FFF7D3FCDBE72E
:1003C00038B5EFF31185102383F31288BFF36F8FD5
:1003D0000468A04211D0D4E9003213605A600023AF
:1003E000C4E900332046FFF7A8FF85F31188BFF367
:1003F0006F8F201E18BF012038BD0024F5E70023B1
:10040000C0E9000083607047002383607047836801
:100410000B60C368136070472DE9F3470446DDE9BC
:100420000A9815460E4659B302F0010AF0F70EFE7F
:100430000746EFF31181102383F31288BFF36F8F08
:10044000A80744BF0023A360A36803EA0600BAF12B
:10045000000F0CD086420CD16A0744BF8343A360CF
:1004600081F31188BFF36F8F02B0BDE8F0870028D9
:10047000F2D159EA080305D181F31188BFF36F8FD8
:100480000020F1E7C7E919652246CDE9009804F19B
:100490000C00F0F775FC0028F2D1786EE4E710B597
:1004A0000446D0E919020B6812F0010F03EA0003B9
:1004B00001D0984210D17BB16366520742BF4A68AF
:1004C0001A434A6004F11800FFF708FE0023C4F83D
:1004D00084302046FFF7EFFC002010BD0023C0E968
:1004E00000008360037370470A46F1F7A1B90A461A
:1004F0000021F1F79DB95200FFF78EBF8378427853
:1005000000781B0443EA02231843704700687047D1
:1005100008B50246FFF7FAFF0346101DFFF7F6FF86
:100520000146184608BD0B0A017043700B0C090EFA
:100530008370C170704708B501EB8202031F084643
:10054000FFF7E4FF0431914243F8040FF7D108BDEF
:1005500010B500EB82020C1F54F8041FFFF7E3FFF5
:1005600004309042F8D110BD2DE9F041884605468F
:10057000FFF7CEFF064640460C46FFF7C9FF464050
:1005800005F108004C40FFF7C3FF074608F10800DB
:100590000D46FFF7BDFF7840694030432143BDE879
:1005A000F081F8B506460F46FFF7DEFF05460C461C
:1005B00006F1100007F11001FFF7D6FF2843214391
:1005C000F8BD2822002102F006B9012340F8043BBF
:1005D0002422002102F0FFB8002351F8232040F824
:1005E000232001330A2BF8D17047002351F8232030
:1005F000524240F8232001330A2BF7D1704730B51F
:10060000002351F8234052F823502C4440F8234053
:1006100001330A2BF5D130BD30B5002351F823400A
:1006200052F82350641B40F8234001330A2BF5D1C4
:1006300030BD13B552420B6801920268019C5340D1
:1006400023405A4002600A68019C5A400A6042688E
:100650004B68534023405A4042604A68019C5A40CC
:100660004A6082688B68534023405A4082608A689F
:10067000019C5A408A60C268CB68534023405A406C
:10068000C260CA68019C5A40CA6002690B69534043
:1006900023405A4002610A695A400A6142694B6923
:1006A000019C534023405A4042614A69019C5A4090
:1006B0004A6182698B69534023405A4082618A694A
:1006C000019C5A408A61C269CB69534023405A4019
:1006D000C261CA69019C5A40CA61026A0B6A5340EE
:1006E00023405A4002620A6A019C5A400A62426AE6
:1006F0004B6A534023405A4042624A6A5A404A6217
:1007000002B010BD13B552420B6801920268019C01
:1007100053402340534003604B684268019C534060
:100720002340534043608B688268019C53402340C0
:1007300053408360CB68C268019C534023405340C0
:10074000C36002690B69019C53402340534003611D
:1007500042694B69019C5340234053404361826985
:100760008B69019C5340234053408361C269019CC3
:10077000CB69534023405340C361026A0B6A019C1A
:100780005340234053400362426A4B6A019C5340EA
:1007900023405340436202B010BD2DE9F04F0446A0
:1007A00087B00846FFF7B2FE8246081D1746FFF7DE
:1007B000A5FE8301C81D0493FFF7A0FE430101F1CC
:1007C0000A000193FFF79AFE4FEAC00801F10D00FD
:1007D000FFF794FE860001F11000FFF797FE0090EE
:1007E00001F11400FFF78AFE4FEAC01901F117006A
:1007F000FFF784FE430101F11A000293FFF77EFE2A
:10080000030101F11D000393FFF778FE6FF07F41B4
:1008100041FA07F202401AF100714FF000054FEA69
:10082000820E4FEA916145F1000241EA8211049B78
:100830008806BAEB000A4FEA911C6CEB4C0B92163F
:100840005F1842F1000216F1007045F10005800EBC
:1008500040EA85108306F31A009E4FEA901161EB7F
:100860004101AD16361845F1000517F1807C42F1C3
:1008700000024FEA5C6C4CEAC21C5016A7EB4C62BB
:100880000492019A12EB0C02009240F1000016F162
:10089000807245F1000C520E42EACC1219EB0209AB
:1008A000A6EB4265009A05954FEA6C6C4CF1000C82
:1008B00012F1007240F10000920E42EA801218EB31
:1008C00002054FEAA060019540F1000019F10075A2
:1008D0004CF1000C4FEA9568029D48EA8C1815EB24
:1008E00008050295019D4FEAAC6C4CF1000C15F126
:1008F000807740F100007F0E47EAC0170298DB19AD
:1009000041F1000110F180754CF1000C03986D0E5F
:1009100045EACC1540194FEA6C6C4CF1000C13F110
:100920000076039041F1000110F100704CF1000CD1
:10093000800E40EA8C101EEB000E4FEA96664FEADE
:10094000AC6C46EA81164CF1000C1EF180714CF142
:10095000000C490E41EACC114FF0130CC1FB0CAB5B
:100960001AF1007C4BF1000B4FEA9C6C4CEA8B1C9B
:10097000AAEB8C6AC4F800A0DDF810A01AEB0C0CEE
:10098000C4F804C0DDF800C0ACEB826C019AC4F876
:1009900008C0A3EB8663A2EB4762E2602361059B7C
:1009A0009E19A9EB8863A361029B6661A3EB456571
:1009B000039BE561A3EB8060AEEB41612062616265
:1009C00007B0BDE8F08F2DE9F04F0D680C6982FB90
:1009D000055815F1007748F1000CBF0E47EA8C1757
:1009E0008BB04FEAAC6EBB060CF07C4C82FB04462D
:1009F000EB1A4CEA971C069368EB0C0314F1007C8D
:100A00004D6807934FEA9C6C46F100034CEA831C47
:100A1000C2FB057E4FEA8C65641B4FEAA36A4D69F1
:100A200003F07C4343EA9C1366EB0306C2FB05CA52
:100A300017F180754EF1000E6D0E45EACE15A7EB4D
:100A400045674FEA6E631CF1807E08974AF1000A01
:100A50008F684FEA5E6E4EEACA1EC2FB0753ACEBCC
:100A60004E6715F1007909978F6943F100034FEA4A
:100A70006A6A4FEA9969C2FB07EA49EA8319CF68B3
:100A8000CDF804E0CC469B16C2FB07C3CDF808C0E6
:100A90001EF1007C4AF1000A4FEA9C6CCF694CEAD7
:100AA0008A1CE6464FEAAA6AC2FB07EA029FCDF813
:100AB0000CE017F1807843F100034FEA586848EAE8
:100AC000C31814EB080446EB63661EF180774AF105
:100AD000000A7F0E0B6A496A47EACA17BE464FEA08
:100AE0006A6AC2FB03EACDF810E014F1007E46F119
:100AF00000034FEA9E6E4EEA831E049B13F10076BC
:100B00004AF10003B60E46EA8316B2469B16C2FBB4
:100B100001A31AF1807143F10003490E41EAC311A8
:100B20004FF0130BCDF814A05B16A1FB0B2A0BFBA7
:100B300003AA069BD218079B4AEB030A12F1007323
:100B40004AF1000A9B0E43EA8A13A2EB8362026019
:100B5000089AD3184360029BA5EB8965A3EB486311
:100B6000A4EB8E64C36085600461099B13EB0E03E4
:100B70004361019BA3EB8C638361039BA3EB4767FA
:100B8000049BC761A3EB8666059B0662A3EB4161EC
:100B900041620BB0BDE8F08F2DE9F04FA3B0D2E970
:100BA00000CE0290D1E9000307938B680093CB68D5
:100BB00008930B6901934B690993D1E906930A9352
:100BC000D1E908530B9393680393D3680493136993
:100BD000059353690C9393690E93D3691593136A24
:100BE0001793536A1893079BDDF800A05B000F93DF
:100BF000089B0F995B001093099B5B0011930A9B64
:100C00005B0012930B9B5B001393039B4FF0130B42
:100C10000BFB03F7049B0BFB03F6059B0BFB03F39A
:100C200016930C9B0BFB03F314930E9B0BFB03F32C
:100C30000D93159B0BFB03F30693179BDDF81880B0
:100C40000BFB03F2189B0BFB03F381FB0314C0FBAC
:100C50000C14CAFB0214DDF840A0CAFB0814DDF82E
:100C60000480DDF834A0C8FB0A14DDF84480DDF808
:100C700050A0C8FB0A14DDF85880C9FB0814DDF841
:100C80004880C8FB0614DDF84C800BFB0EFAC5FB50
:100C90000714C8FB0A14CDE919140799DDF800A060
:100CA000019C8CFB0118C0FB0E18C3FB0A18DDF871
:100CB00020A0C2FB0A18DDF818A0CAFB04180D9C7E
:100CC000DDF824A0C4FB0A18149CDDF828A0C4FB9E
:100CD0000918169CC4FB0A180B9CC6FB0518C7FB19
:100CE0000418CDE91B180F99039CDDF8448081FBA3
:100CF0000E17C0FB0417009CCCFB0417109CC3FB11
:100D00000417019CC2FB0417069CC4FB08170D9C2A
:100D1000DDF84880C4FB0917149CC4FB0817169C17
:100D2000C4FB0517139CC6FB0417CDE91D17039CD4
:100D300007990B9F81FB0416049CC0FB0416009CC2
:100D4000C4FB0E16089CCCFB0416019CC3FB0416C6
:100D5000099CC2FB0416069CC4FB09160D9CC4FB2F
:100D60000A16149CC4FB0516169CC4FB07161691A4
:100D7000049C0F991F9681FB0461059C039FC0FB97
:100D80000461009CC4FB0761109CC4FB0E61019CC4
:100D9000CCFB0461119CC3FB0461069CC2FB09618E
:100DA000C4FB08610D9CC4FB0561DDE91374C4FB41
:100DB0000761B046079C059E84FB06670C9CDDF826
:100DC00010A0C0FB0467009CC4FB0A67089CDDF808
:100DD0000CA0C4FB0A67019CDDF82CA0C4FB0E67C5
:100DE000099CCCFB04670A9CC3FB0967C2FB046730
:100DF000069CC4FB05670D9CC4FB0A670D960F9CFF
:100E00000C9E149784FB06670E9CDDF814A0C0FBB3
:100E10000467009CC4FB0A67109CDDF810A0C4FBAB
:100E20000A67019CDDF80CA0C4FB0A67119CDDF881
:100E30004CA0C4FB0E67129CCCFB0967C3FB046784
:100E4000069CC2FB0567C4FB0A670696079C0E9EBC
:100E5000209784FB0667159CC0FB0467009CDDF8A7
:100E600030A0C4FB0A67089CDDF814A0C4FB0A6725
:100E7000019CDDF810A0C4FB0A67099CDDF80CA0FA
:100E8000C4FB0A670A9CC9FB0E67CCFB04670B9C7A
:100E9000C3FB0567C2FB04670F9A159C2197B246F6
:100EA00082FB0426179C0E9FC0FB0426009CC4FBFB
:100EB0000726109C0C9FC4FB0726019C059FC4FBC2
:100EC0000726049F119CC4FB0726039CC9FB04262C
:100ED000129CC4FB0E26139CCCFB0526C3FB0426E8
:100EE0000F92079B179A189C83FB0232C0FB0432B7
:100EF0000098159CC0FB043210460E9C089AC2FB59
:100F00000430019A0C9CC2FB0430099A059CC2FB78
:100F100004300A9A039CC9FB0730C2FB04300B9AC9
:100F2000199CC5FB0E30CCFB02309C46199B0590EA
:100F300013F1007E1A9B4FEA9E6E43F100004EEAC9
:100F4000801E4FEA8E62A21A079200F07C431A9A22
:100F500043EA9E1362EB030308931B9B13EB0E0EF5
:100F60001C9B43EBA06018F1007541F10003AD0E2E
:100F700045EA831503F07C44AA06B8EB020244EA72
:100F8000951461EB04010D9C6519149C44EBA3635B
:100F90001EF1807440F10000640E44EAC014AEEB10
:100FA000446709971D9F3C1900941E9C44EB6060A8
:100FB00015F1807443F10003640E44EAC314A5EBF9
:100FC00044650A95069D2C190194209C44EB6363AB
:100FD000009C14F1007440F100004FEA946E169CDE
:100FE0004EEA801E14EB0E0403941F9C44EBA06099
:100FF000019C14F1007543F10003AD0E219C45EAFC
:1010000083151AEB050944EBA363039C14F1807765
:1010100040F100007F0E47EAC017D21941EB606132
:1010200019F180740F9843F10003640E44EAC3146D
:1010300010EB040846EB636312F1007641F1000106
:1010400018F1007043F10003B60E800E46EA8116D7
:1010500040EA8310614609180491059941EBA363A6
:10106000049911F1807143F10003490E41EAC31163
:10107000A1FB0BCA5B160BFB03AB079BDDF808A0BB
:101080001CEB0303DDF820C04BEB0C0B13F1007CD1
:101090004BF1000B4FEA9C6C4CEA8B1CA3EB8C636E
:1010A000CAF80030099B13EB0C03CAF80430009B0C
:1010B000A3EB8E63CAF80830039BA3EB47670A9B38
:1010C000CAF80C70A2EB86629E19019BCAF8102028
:1010D000A3EB8565049BCAF81460A9EB4464A8EBF4
:1010E0008060A3EB4161CAF81850CAF81C40CAF8E6
:1010F0002000CAF8241023B0BDE8F08F2DE9F04F8E
:101100008246D1E9024095B0D1E900230690D1E9A9
:1011100004900290D1E906B00390086A496A0891E8
:10112000610005910699039D049049000091029980
:101130000793490001910399262000FB05F8490017
:10114000049D0991132101FB05F6089D5F0001FB39
:101150000BF302990A9300FB05FC484387FB0C152F
:10116000C2FB02154FEA420E2A466500C5FB061275
:10117000009DC5FB08124FEA4905C5FB03120D4649
:101180000299079BC1FB00520B958CFB0410009D3C
:10119000CEFB0310C6FB0510C8FB09100A9B0D46C9
:1011A0000199C3FB0150079BCDE90C5087FB03312C
:1011B000009D0698CEFB0431CCFB05314FEA490572
:1011C000C6FB0531019DC8FB05310D460A99C1FBDF
:1011D0000B350E95069D0A9387FB0431CEFB053136
:1011E000019DCCFB0931C6FB05310D46C8FB0B3513
:1011F000CDE90F35009B87FB0331CEFB0931C4FBE2
:101200000431019C4FEA4B05CCFB0431039CC6FB27
:101210000531C8FB0431029C079387FB0935C4FBE9
:101220000E35DDE90548C4FB0835099CDDF814805E
:10123000CCFB0B35C6FB04351193019B87FB0334B4
:10124000CEFB0B34C8FB0934DDF80080C8FB00344A
:101250000998CCFB00340498DDF80880C6FB003404
:101260000398069387FB0B63CEFB00630598C0FBD6
:1012700008630098C0FB09630498CCFB0063CDE9C8
:101280001263099B87FB0368059BCEFB0068C3FBC9
:101290000B68DDE90030C3FB0068089B0398C9FBBD
:1012A0000968CCFB0368049BCDF8248087FB037C92
:1012B000089BCEFB037C059BC3FB007C009BC3FB10
:1012C0000B7C019BE346C9FB037B0B9B049713F14B
:1012D000007742F1000CBF0E47EA8C174FEA87688F
:1012E0000CF07C4EB3EB08034EEA971E059362EBBD
:1012F0000E030C9A08930D9BD71943EBAC60079B28
:1013000013F1007C41F1000E4FEA9C6C4CEA8E1CFC
:101310004FEA8C629A1A0EF07C48119B48EA9C189E
:1013200061EB080113EB0C0C45EBAE6517F1807E09
:1013300040F100004FEA5E6E4EEAC01EA7EB4E631E
:1013400007930A9B13EB0E0300930E9B43EB606025
:101350001CF1807745F100057F0E47EAC517ACEB1D
:1013600047630A93069BDF19009B019744EB656472
:1013700013F1007540F100000F9B4FEA956E4EEAA5
:10138000801E13EB0E030293109B43EBA06017F13A
:101390000075129B44F10004AD0E45EA841513EB71
:1013A0000509139B43EBA463029C14F1807740F181
:1013B00000007F0E47EAC017D21941EB606119F1B6
:1013C000807443F10003640E0998039244EAC31445
:1013D00016EB040840EB636312F1007641F1000163
:1013E000B60E18F1007046EA811643F10003049925
:1013F000800E40EA8310091804914BEBA36311F1AE
:10140000807143F10003490E41EAC3114FF0130C00
:10141000A1FB0C2B5B160CFB03BB059BDDF820C06E
:10142000D3184BEB0C0B13F1007C4BF1000B4FEA84
:101430009C6C4CEA8B1CA3EB8C63CAF80030079BB6
:1014400013EB0C03CAF80430009BA3EB8E63CAF8BD
:101450000830029BA3EB4767039BCAF80C70A3EB11
:1014600086620A9BCAF810209E19019BCAF8146074
:10147000A3EB8565A9EB4464A8EB8060CAF818501B
:10148000CAF81C40CAF82000049BA3EB4161CAF8CB
:10149000241015B0BDE8F08F0029A1BFCB1001F0DA
:1014A0000701C05C0841ACBF00F00100002070479C
:1014B0002DE9F0431C30002402F11C08A0F11C0CA3
:1014C000161F002556F8047FDCF8003051F824E0A0
:1014D0004FF00009EEFB07395B1949F10005B045F3
:1014E0004CF8043BEED10134082C40F8045FE5D100
:1014F000BDE8F08310B50446FFF763F804F1280057
:10150000FFF763F804F15000FFF75FF804F178008B
:10151000BDE81040FFF755B82DE9F04395B00446FB
:1015200016460D460A4668462831FFF768F80AA8AD
:10153000FFF772F8324669466846FFF72DFB0AA9A5
:1015400004F1280806F128020846FFF725FB0AAA3D
:1015500069464046FFF753F82046FFF75DF804F16F
:10156000500705F1500238461146FFF748F804F1DC
:10157000780906F150023946FFF70EFB06F17802B2
:1015800005F178014846FFF707FB4A4639466846A9
:10159000FFF735F80AA8FFF73FF8424621464846CC
:1015A000FFF7FAFA0AAA21462046FFF7F5FA6A463B
:1015B00041464046FFF7F0FA0AAA69463846FFF767
:1015C000EBFA15B0BDE8F0832DE9F84F0A9E054609
:1015D000904618460F460A4628311C46FFF70FF87A
:1015E0003046FFF719F8424621462046FFF7D4FA65
:1015F00005F1280A08F1280231463046FFF7CCFAF7
:10160000324621465046FEF7FAFF2846FFF704F817
:1016100005F1500907F1500205F1780B11464846D3
:10162000FEF7EDFF08F1500207F178015846FFF789
:10163000B3FA5A4649462046FEF7E1FF3046FEF728
:10164000EBFF524629465846FFF7A6FA324629468E
:101650002846FFF7A1FA224651465046FFF79CFA6A
:10166000324621464846BDE8F84FFFF795BA2DE9C6
:10167000F0471446894604F12808074609F1280A6C
:10168000104604F15005FFF739FD51464046FFF77B
:1016900035FD09F15001284604F17806FFF72EFDCB
:1016A000294628460222FFF78EF95246494630461F
:1016B00007F17809FEF7A3FF31464846FFF71EFD04
:1016C000224641463046FEF79AFF4046FEF7A4FF09
:1016D000324649462046FEF79FFF424629462846A5
:1016E000FEF79AFF2A4621463846FFF755FA42464A
:1016F000314607F12800FFF74FFA2A46414607F125
:101700005000FFF749FA324621464846BDE8F04707
:10171000FFF742BA2DE9F84F9846C3789342054641
:101720000E460CD111464046FFF7B6FE571E044642
:1017300039464046FFF7B0FE844209D1EF70B5F953
:10174000003093420CBF95F902000020BDE8F88FED
:10175000571CB742A8BF374607F1FF3A04FA0AF40C
:10176000A2EB070B64424FF000095E46CA450BF13D
:10177000010B21DCD11B4046FFF78EFE0444614281
:10178000214001F0F000003801F0CC0318BF012027
:10179000003B18BF01235B0001F0AA0143EA80036C
:1017A000002918BF43F00103511CC91B19441C41F7
:1017B0002980AC70EE70C2E759464046FFF76CFED8
:1017C00000FA09F0044409F10109CFE72DE9F04FCF
:1017D00085B0DDE90F470D46029039462046039358
:1017E000FFF75AFE07F1200180462046FFF754FE1E
:1017F00007F1400182462046FFF74EFE1646820062
:1018000002EB4A0202EB0800C2B207F16001204677
:10181000FFF742FE02EBC000C0F3C4077B1E584036
:1018200000F00703DDF8388001934FF0000905F15F
:10183000280B05F1500A019B83EA0904013CC4F31B
:101840000024414622462846FEF75CFF08F12801A5
:1018500022465846FEF756FF09F1010908F15001EA
:1018600022465046FEF74EFFB9F1080F08F17808FE
:10187000E1D15146304687F00107FEF7B6FE3A4601
:1018800031465046FEF7D5FE3A4659462846FEF701
:10189000D0FE0299039B0E932A463346084605B0B4
:1018A000BDE8F04FFFF790BE08B5FEF77AFE08439B
:1018B000B0FA80F04009013808BD00231A468B4277
:1018C00000D17047C2540133F9E770B50D460446A4
:1018D0000FCD8AB06E460FC60FCD0FC695E8030038
:1018E00013220B46534303F1807386E803005B1613
:1018F0006A46694600200D682B444D68013005EBAF
:10190000A36505284FEA656301F10801F3D11321AE
:101910004B43002011680B4423F07C411160516857
:10192000013001EBA3614B16052821F07E41516087
:1019300002F10802EED1DDE90012204641EA82619F
:10194000FEF7F1FD029DE90441EA9211201DFEF728
:10195000EAFD039A510341EA553104F10800FEF70C
:10196000E2FD0499D20C04F10C0042EA8111FEF769
:10197000DAFDDDE9051204F1100041EA4261FEF7EB
:10198000D2FD079DE90441EAD21104F11400FEF7EB
:10199000CAFD089A110341EA553104F11800FEF717
:1019A000C2FD0999120D42EA811104F11C00FEF7F3
:1019B000BAFD28216846FFF780FF0AB070BD10B558
:1019C00090B00C4601466846FFF77FFF214608A805
:1019D000FFF77BFF08A96846FFF766FF2021044652
:1019E0006846FFF76AFF0DEB0100FFF766FF601C1A
:1019F00010B010BD30B58BB0044668460D46FFF7F9
:101A00007DFB69466846EFF7B5FF69466846FFF714
:101A100075FB2A4669462046FFF7BEF8282168462E
:101A2000FFF74BFF0BB030BD10B588B001466846DC
:101A3000FFF74BFF9DF8004068462021FFF73DFF70
:101A400004F00104204608B010BD30B59FB0044634
:101A50000D4668465031FFF7CDFF6A4629460AA871
:101A6000FFF79AF86A4605F1280114A8FFF794F8E1
:101A700014A92046FFF729FF0AA8FFF7D5FFE37F47
:101A800083EAC0132821E3776846FFF716FF0DEBC2
:101A90000100FFF712FF14A8FFF70FFF1FB030BDC2
:101AA00010B54B1E421E1F3113F8014F02F8014FB3
:101AB0008B42F9D1037823F007030370C37F03F04F
:101AC0007F0343F04003C37710BD30B589B00446AF
:101AD00015466846FFF7E4FFFF232A46694620467D
:101AE000F0F734F820216846FFF7E7FE09B030BD73
:101AF00010B590B0102204466846FEF71CFD6946FA
:101B00002046F0F7D5F840216846FFF7D6FE10B022
:101B100010BD70B5A0B004461646684608221D46A2
:101B2000FEF709FD314608A80822FEF704FD294604
:101B300010A80822FEF7FFFC2022002118A800F0C0
:101B40004AFE08AA694610A8FFF7B2FC10A9204671
:101B5000F0F7AEF840210DEB0100FFF7AEFE2021BB
:101B60006846FFF7AAFE0DEB0100FFF7A6FE20B0C6
:101B700070BD10B5A8B004466846F0F75BF9694639
:101B80002046FFF762FFA0216846FFF796FE28B0C7
:101B900010BD10B5083801EBC202914200D110BD52
:101BA0004C680B6824BA40F8084F1BBA43600831F0
:101BB000F3E710B5D0F8D03023F00702DB4303F091
:101BC0000703DB001044C3F12004A3F1200221FA33
:101BD00004F401FA02F222439940D0E910430C4385
:101BE0001343C0E9104310BD2DE9F843D0F8D0707D
:101BF0000E467907044615460AD07F4207F00707CC
:101C0000974228BF1746B0463E4446453FD1ED1B9C
:101C1000D4F8D0305A0619D05F4207F07F07AF42A0
:101C200094BFFF08EF0823F0070304F1400031469A
:101C300018443A46FFF7ADFFD4F8D03003EBC703A2
:101C4000C4F8D03006EBC706A5EBC705802B29D01A
:101C500025F07F073744B14604F1400800264F4580
:101C600040D115F07F0610D03946F20804F140004B
:101C7000FFF78FFFD4F8D03005F078052B443D44B2
:101C80003744AF42C4F8D03052D1BDE8F88318F8D9
:101C9000011B2046FFF78DFFD4F8D0300133C4F884
:101CA000D030B2E7D4E9323213F5806342F100025A
:101CB000B3F5806FC4E9323272F1000206D2D4E982
:101CC0003032013342F10002C4E930322046F0F7ED
:101CD00031FA0021C4F8D010802204F1400000F055
:101CE0007AFDB5E7102249464046FFF752FFD4E996
:101CF000323213F5806342F10002B3F5806FC4E91C
:101D0000323272F1000206D2D4E93032013342F1AC
:101D10000002C4E930322046F0F70CFAC4F8D06073
:101D200080220021404600F056FD09F1800996E727
:101D300015F8011B2046FFF73CFFD4F8D0300133E3
:101D40009FE70AB1FFF750BF704770B5D0F8D06079
:101D500004460D4626B980223146403000F03BFD56
:101D600080212046FFF725FFD4E93202F3001B183B
:101D700052F100024FF0000128BF0121C4E93232C4
:101D800031B1D4E93032013342F10002C4E93032DA
:101D90006F2E08D92046F0F7CDF97022002104F10A
:101DA000400000F018FDD4E93023C4E92C23D4E925
:101DB00032232046C4E92E23F0F7BCF92946A4F1CA
:101DC000080304F1380553F8082F5868C870060E48
:101DD0000E70060C4E70060A100E0871100C487139
:101DE0009D424FEA12208E708871CA7101F108017C
:101DF000E9D12046D821BDE87040FFF75EBDF0B5BF
:101E0000C7B004460E46174610A81D46DFF794FFDC
:101E10003A46314610A8FFF794FF294610A8202221
:101E2000FFF7E2FEDDE94C1210A8FFF78AFFDDE9BB
:101E30004E1210A8FFF785FF694610A8FFF785FF2F
:101E400069462046FFF754FE47B0F0BD70B5B6B006
:101E500004460D4616466846DFF76EFF32462946B1
:101E60006846FFF76EFF21466846FFF76EFF36B003
:101E700070BD30B50D468DB00021CDE90023CDE910
:101E8000021104462B460146202204A8FFF7B7FFA3
:101E900004AA29462046F0F737F80DB030BD00F40B
:101EA000E040B0F5805F04D0A0F50053584258419F
:101EB0007047012070473AB1002918BF0023D21A99
:101EC0002121184400F087BC70472DE9F04F89B0FC
:101ED0009B4600238DF81B30159BDDF85080002BAE
:101EE00091460B460E460CBF4FF400624FF48062E1
:101EF00007A9DDE912A7F0F7E3FC0446F0B9079D56
:101F00000DF11B0229883046F0F744FD0446A8B9BC
:101F10009DF81B30BB4223D868682A6C000A05F183
:101F2000200120D1CDE90338CDE901BACDF80090E8
:101F30003346284600F051FB044608B1C8F800704B
:101F4000D8F800303A4621465046FFF7B4FF0798CC
:101F500000F029FA002C18BF204609B0BDE8F08F28
:101F60006FF08904EAE76FF08604E7E72DE9F341B3
:101F7000D0F804804769044640460E4600F015FA42
:101F8000054660BB5FFA88F31BB93FB16FF0860569
:101F900025E0013F6FF040439F42F7D2A06820F454
:101FA0007F4020F003000028F0D162884FF6F873DC
:101FB0009A4218D8277907B901A83146F0F720FFCF
:101FC000054660B90FCCD6F800C066460FC694E847
:101FD000030086E8030017B9019BCCF814302846AB
:101FE00002B0BDE8F0816FF08505F8E700F6FF72FA
:101FF00040F67E739A4243D9434213F07F0306D0E2
:10200000202BC3F1000015D16FF08500704710F14F
:10201000920F0FDA10F5994F2AD02CDC10F5C54F2E
:1020200026D010F5C14FEFD010F5C74F23D16FF078
:102030009600704710F11F0F15DA10F13D0F1DD0FB
:1020400010F13C0F07DA10F1400F14BF6FF083005E
:102050006FF09300704710F1220F14BF6FF08300F0
:102060006FF085007047002818BF6FF0830070473D
:102070006FF0860070476FF0830070476FF0930039
:10208000704741F2052398421AD8B0F5905F09D203
:1020900041F2010398420CD0B0F5885F09D06FF08F
:1020A00085007047A0F5905080B22923C340DB071C
:1020B000F5D511F0070F14BF6FF0860000207047B0
:1020C000B0F5105FEBD121F04003802B06D0B1F5C5
:1020D000807F14BF6FF0860000207047002070479B
:1020E000F8B504460F4600881E46154692B1FFF724
:1020F000D6FE78B1089BD10019602088FFF7C1FF98
:10210000044628B93946304600F057FB079B1D604E
:102110002046F8BD6FF08504FAE710B5036C04465D
:102120001BB120210844F1F7FFFA0020206410BD04
:1021300038B50446FFF7F1FF237E012B0FD0023B99
:10214000012B0FD8E369012B14BF6FF09605002512
:1021500044220021204600F03EFB284638BDE369BA
:10216000002BF1E76FF09605F2E708B1FFF7E0BF4B
:10217000704713B5A0B101A9F0F788FE80B90198A6
:10218000037E022B0ED1032303760379FF2B0CBFB2
:102190006FF08404002400F0F1F8002808BF204606
:1021A00002B010BD6FF09604F5E72DE9F0479846B0
:1021B00086B0002306468A460493C8F800301546C8
:1021C000002A5AD0B2F1005F5AD204A9FFF7CEFE1E
:1021D000044638B9049F3A6C7AB973681B0A05D073
:1021E0006FF086040498FFF7C0FF42E0202D02D96B
:1021F0006FF08504F6E73D642A467168B7F80290EF
:10220000CDF81490090A07F1200307F14000E7D147
:1022100005A9CDE90101009251462A463046FFF753
:102220005FFF04460028DDD1059BB9F1000F1BD1EB
:102230007B804FF6F8729342DAD83388049A13B150
:1022400011889942CCD1738813B151889942C7D172
:102250005369C8F80030137E012B08D00023C8F85A
:1022600000306FF09604BDE79945B9D1E1E702234C
:102270001376204606B0BDE8F0876FF08604F8E7D5
:102280006FF08504F5E710B50446006830B1012809
:1022900005D1201DF0F7A2FF0023236010BD6FF0D1
:1022A0008800F9E738B50C460168054691B904F095
:1022B000FE43B3F1007F13D1031D6C22184600F0DA
:1022C0008AFA2146F0F79CFF044628B901232B60C7
:1022D000204638BD6FF088042846FFF7D4FFF7E7A3
:1022E0006FF08604F8E738B50546006878B112B992
:1022F0000024204638BD012809D1281DF0F7ACFF85
:1023000004460028F4D02846FFF7BDFFF1E76FF040
:102310008804F8E738B500241C600546006868B1F9
:10232000012808D1281DF0F7A9FF04462846FFF729
:10233000AAFF204638BD6FF08804F7E76FF08804E5
:10234000F7E730B4039C0025256000F0FE44B4F1AB
:10235000007F02D130BC00F013B96FF0860030BCB2
:1023600070471FB501240394089C0294079C0194B4
:10237000069C0094FFF7A9FD04B010BD034668B1A8
:10238000017E8A1E012A0BD80329C26903D1012AC2
:1023900001D1FFF7CDBE1AB1013ADA6100207047D2
:1023A0006FF096007047FFF7E9BFC0B2002814BF76
:1023B0006FF085000020704773B515461C46002657
:1023C0000DF107030DF106028DF80760F0F774FDBB
:1023D00058B99DF8070004B120709DF806202946E1
:1023E00002B0BDE87040F1F7ABB9304602B070BD45
:1023F00010B40124019B019410BCF0F77DBD10B412
:102400000024019B019410BCF0F776BD08B5037958
:10241000934206D10830F1F719FABDE80840FFF7FA
:10242000E5BD6FF0860008BD08B5036803F0FE4304
:10243000B3F1806F04D10830F1F7A0F9002008BD96
:102440006FF08800FBE72DE9F04794B004469A4608
:102450000E4690460021402204A8DDE92057DDF811
:10246000749000F0B8F92146CDF800A043463246FA
:1024700004A8FFF7BDFF044668B9B9F1000F0ED1FB
:1024800002ABCDE90073DDE91E122B4604A8F0F77C
:10249000A7FD044660B104A8FFF7C6FF1DE01C9924
:1024A0004A4604A8FFF7B2FF04460028E8D0F2E746
:1024B000029A05B1154403ABBA1A294604A8F0F7ED
:1024C00029FE04460028E6D1DDE902321344229AAF
:1024D00004A81360FFF7A8FF0446204614B0BDE827
:1024E000F0872DE9F04794B004469A468846914615
:1024F0000021402204A8DDE91E571C9E00F06BF964
:102500002146CDF800A04B46424604A8FFF777FFCE
:10251000044640BB9DF81420F2B99DF814206EBB10
:102520001D990DF10C088A1ACDE900782B46314629
:1025300004A8F0F755FD0446A8B9039E05B135443B
:102540004346BA1B294604A8F0F7E4FD039B209AF2
:1025500033440446136006E0314604A8FFF756FFF3
:1025600004460028D9D004A8FFF75EFF00280CBF5E
:1025700020466FF0880014B0BDE8F0871644CFE71E
:102580002DE9F0439DB0DDE9248904460E46174647
:1025900000216C2201A81D4600F01DF92146C9F852
:1025A000008001A8F0F72CFE044668B93A4631468F
:1025B00001A8F0F751FE044630B94B464246294681
:1025C00001A8F0F75BFE044601A8F0F707FE002C17
:1025D00018BF20461DB0BDE8F0832DE9F041AEB034
:1025E0000C4615461E46B82200216846DDF8D48008
:1025F000379F00F0F0F8214633462A466846F0F748
:10260000E9FE044648B9B8F1000F0DD136993A46B3
:102610006846F0F767FE044678B16846F0F7BCFEFE
:1026200020462EB0BDE8F081349942466846F0F766
:1026300095FF04460028E9D0EFE7389B1F60ECE7E0
:102640006822002100F0C7B810B16821F1F76CB81A
:1026500070472DE9F04105460E46144612B3036C4F
:1026600003F03F079B18036422BF436C01334364AC
:102670007FB1C7F1400842450FD34246384400F0CD
:102680009CF829462846F0F77BFF27444644A7F1EB
:1026900040043F2C09D82CB1002722463146E819C6
:1026A00000F08BF80020BDE8F081374606EB040807
:1026B000394628464037F0F763FFA8EB07033F2B66
:1026C000F6D8A4F1400323F03F0340331E44E41A3C
:1026D000DFE738B5036C03F03F035A1C0D46382A78
:1026E0004FF08001C154044610442FD8C2F1380283
:1026F000002100F070F8D4E910315A0F42EAC1020B
:10270000DB0012BA1BBAA263E36321462046F0F74E
:1027100037FFA36C1BBA2B60E36C1BBA6B60236D95
:102720001BBAAB60636D1BBAEB60A36D1BBA2B6168
:10273000E36D1BBA6B61236E1BBAAB61636E1BBA90
:102740002046EB61FFF780FF002038BDC2F1400258
:10275000002100F040F821462046F0F711FF382212
:1027600000212046C5E73822002100F034B810B51A
:10277000044600F01CF82046BDE81040F0F7CEBF3C
:1027800010B54FF48C710120F0F7C2FF044608B178
:1027900000F008F8204610BDF1F7B2B9F1F7E6B83D
:1027A000F1F732BA4FF48C72002100F014B818B16E
:1027B0004FF48C71F0F7B8BF70470A44914200F1B2
:1027C000FF3300D1704710B511F8014B03F8014FEA
:1027D0009142F9D110BD02440346934200D17047A3
:1027E00003F8011BF9E70021F1F79CBE0A22002142
:1027F000F2F7BEB910B501390244904201D1002070
:1028000005E0037811F8014FA34201D0181B10BD59
:102810000130F2E7C9B20346184613F8012B12B192
:102820008A42F9D17047002918BF0020704770B55F
:1028300003461E4613F8014B44B14A1E01E0A5426F
:1028400004D012F8015F002DF9D1F2E7301A70BD03
:1028500010B56AB10139841810F8012B11F8013F45
:102860009A4203D1A04201D0002AF5D1D01A10BD5E
:102870001046FCE710B50139034632B111F8014F9B
:1028800003F8014B013A002CF7D11A44002193427E
:1028900000D110BD03F8011BF9E710B50246014451
:1028A0008A42134603D01C780132002CF8D1181A42
:1028B00010BD70B503461E4613F8014B3CB14A1ECD
:1028C00001E0A542F7D012F8015F002DF9D1301ACE
:1028D00070BD2DE9F843C3F13709074688465FFA12
:1028E00089F903F01F051646384641462A4600235B
:1028F000DEF760FCD4B2092C3A4688BF4C4443460C
:1029000088BFE4B2AA424FF0000204F130049341C0
:1029100006F8014B07468846E6D23046BDE8F88304
:102920002DE9F04387B01C4602AB00931746D2E96D
:1029300002238146884600F09CF904AB0093D7E956
:10294000002306460D464846414600F092F9DDE96F
:102950000423901953EB05014FF0000728BF01270E
:1029600037B1029B039A013342F10002CDE90232F2
:10297000403CDDE90223009400F092F907B0BDE885
:10298000F0832DE9F041B0FA80F68E1B002907464E
:102990000C4606F1070645DB0846F3F739FA06440C
:1029A0002046F3F73BFA351B2A1A3D3221463846BA
:1029B00000F04FF9B44233DC1F2D61DC4FF0FF33E0
:1029C000AB4027EA0303B3FA83F35B091D46B0FA71
:1029D00080F3F31A9E33FE2B56DC002B23EAE371BF
:1029E000CCBF0B4601239B1BA3F1970420FA04F2F2
:1029F000963B12F0010220FA03F308D04FF0FF32A9
:102A0000A24030EA02023DD1E5B303F00102D01842
:102A1000C0F3160000B9114440EAC150BDE8F0818E
:102A20000123D3E74D422846F3F7F8F9361A284632
:102A3000F3F7F4F9A6EB040808EB00023C32294650
:102A4000384600F0F3F8B44213DCB8F11F0F17DC7E
:102A50004FF0FF3303FA08F337EA030310D10521DF
:102A6000B7FBF1F202EB8204A74204D1013317460F
:102A7000F6E70023F3E79D428CBF00230123A5E77F
:102A80000023A3E70122C2E74FF0FF40C6E72DE98C
:102A9000F04F89B00518029304AB41EB0104009399
:102AA00090462846D2E90023214600F0E2F806AB22
:102AB000009307468946D8E902232846214600F0BC
:102AC000D8F8DDE90423841851EB0306069BD8E906
:102AD00000124FF0000528BF0125ED18079B43F1B8
:102AE0000003791849EB0202B94272EB0902D8E9F6
:102AF000022134BF01200020A21846EB01018018FA
:102B0000029A41F10001A042A2F1410A71EB0602D2
:102B100034BF012200225219CDE90653CDF800A09E
:102B200043F1000300F0BCF8129BC3E90001D8E9AF
:102B30000221039114990129DDE90653D8E900E047
:102B400027D10399CDF800A0A21A66EB01017745C1
:102B500079EB000034BF01200020101A61F1000160
:102B6000844276EB010234BF01220022AA1A63F1EB
:102B7000000300F095F8139BC3E90001DDE906238B
:102B8000CDF800A02046314600F08AF809B0BDE833
:102B9000F08F17EB070B49EB090C14EB040846EB1D
:102BA0000601BB457CEB090934BF0127002718EB60
:102BB000070741F10008F3457CEB000C34BF01200E
:102BC0000020381A68F10001801A039A61EB0201B3
:102BD0006D195B41A74278EB060234BF0122002247
:102BE000AD1843F10003874278EB010834BF01229E
:102BF0000022AA1A029DA5F140050095B7E710B57D
:102C00000299A3FB0043A2FB0020001943F100033B
:102C10003F29DBBFA1F12002C1F1400140398B40C7
:102C2000D6BFD04023FA01F0184310BD30B587B0AD
:102C30000446084602A91546F3F78CF9049B009553
:102C40005A1C059B204643F10003FFF7D8FF07B04D
:102C500030BD30B587B015460446084602A9F3F7E3
:102C600005F9DDE9042300952046FFF7C8FF07B00A
:102C700030BDF0B500240D4606469446A0FB020187
:102C80002246E5FB0C12A446E3FB061CE5FB0324ED
:102C900012EB0C02059F44F10004C7E90024F0BDCB
:102CA000F0B5059CC4F14007C4F1200602FA06F60F
:102CB000A4F12005BB4022FA05F53343C4F12006F8
:102CC0002B4301FA06F6A4F12005E04021FA05F5B0
:102CD0003043BA402843E14010431943F0BD024657
:102CE000534221F00040134340EAD370C0F1FF404B
:102CF00000F5E000C00F704720F00040B0F1FF4F3A
:102D000094BF00200120704738B505460C4600F0FE
:102D1000DBF830B120462946DDF7D2FE04462046D6
:102D200038BD204600F0D0F80028F3D12846FFF740
:102D3000E3FF0028F3D12046FFF7DEFF28B9214644
:102D40002846DEF781F90028E9D02C46E7E7C0F3F2
:102D5000C7530028A3F17F010246ACBF01204FF00A
:102D6000FF301E291ADC002903DA013118BF0020C8
:102D700070471629D8BF4FF48003C2F31602D8BF9C
:102D80000B4142F40002CDBF963B9B18C1F11701E5
:102D900002FA03F3D8BFCB405843704701284FF0E5
:102DA000FF3018BF002000F1004070472DE9F041CE
:102DB0000446CE0FC1F30A55C1F3130154EA0107CB
:102DC000167140F2FF706AD1002D70D12C46294651
:102DD000002B15605FDB0C2B5FDCC3F10D05AD0034
:102DE000012005F1FF3CA5F12107C5F1210620FADC
:102DF00006F600FA07F700FA0CF03743061847EB1F
:102E00000708D6F1000E68EB480C013E48F1FF3888
:102E1000264008EA0108B04277EB08080FDBC5F14D
:102E20002008B5F1200601FA08F824FA05F545EA6C
:102E300008055CBF41FA06F63543ED0703D52018B7
:102E4000044641EB070104EA0E0401EA0C019DF877
:102E5000186018460D250532C6F1270604F00F0349
:102E6000240944EA0174091163B9A8420DDA013D4D
:102E7000F4D21AE01DB90125A5F2FF35A8E741F407
:102E80008011F9E7092BC8BF9B193033A84253556D
:102E9000B8BF2846EBE70023D9E70D23D7E78542E3
:102EA000E8D146F0080616710020BDE8F0818542A1
:102EB000E5D146F00406F6E7D1E9043293421EBF9D
:102EC0005A1C0A611870704780F48000400010F5A9
:0C2ED000000F94BF00200120704700009C
:082EDC0066E3FD7F0100000028
:102EE40000000000A42F0208499E00080000000012
:102EF400350201080000000075020108000000000E
:102F040000000000C42F0208000000002430020862
:102F1400000000006430020800000000E42F0208F2
:102F240000000000443002080000000004300208E1
:102F340091BC010800000000000000008430020879
:102F440000000000A430020821B4000800000000C2
:102F540055D500080000000025AA00080000000064
:102F640005F90108000000009518010800000000A0
:102F740000000000C430020800000000E430020831
:102F8400000000000431020800000000243102089F
:102F9400000000004431020851AE000800000000A7
:102FA400337B02080000000080330208FE04002086
:102FB4000000000041B30008000000000000000011
:102FC400C47B020878410208683302080A0500201D
:102FD40000000000000000000000000000000000ED
:102FE400EF760208643F02082C330208F404002040
:102FF400C85300205D9E00080000000084000020EB
:10300400FD760208783F02082C330208F6040020FB
:10301400D85300205D9E00080000000094000020AA
:103024000B7702088C3F02082C330208F8040020B6
:10303400E85300205D9E000800000000A40000206A
:1030440019770208A03F02082C330208FA04002072
:10305400F85300205D9E000800000000B40000202A
:10306400157B02080000000000000000FC040020A2
:1030740000000000B5B000080000000000000000DF
:10308400407B0208BC0300200C330208000500202A
:103094005003002029B6000800000000400300206F
:1030A400D57B02087C410208C43302080C050020C9
:1030B4002C04002025E60108000000001C04002068
:1030C4004D7B0208000000001433020802050020B2
:1030D400D00300209FBF0108000000000000000092
:1030E400677B0208C0400208503302080405002030
:1030F4008057002019BB000800000000EC030020EA
:10310400E57B0208F0410208783302080E0500202E
:103114005004002049D000080000000040040020B2
:10312400747B020808410208000000000605002024
:10313400E4570020E1BD000800000000FC0300206B
:10314400BC7B02082C4102089C33020808050020BD
:10315400A045002029C70008000000000C0400203E
:10316400000000004DB40108000000004DB4010847
:10317400000000004DB40108000000004DB4010837
:10318400000000004DB40108000000004DB4010827
:10319400367D020849B10008347D020849B10008AF
:1031A400327D020849B10008307D020849B10008A7
:1031B4002E7D020849B10008000000004DB401084A
:1031C400000000004DB40108000000004DB40108E7
:1031D400000000004DB40108000000004DB40108D7
:1031E400000000004DB40108000000004DB40108C7
:1031F400000000004DB40108000000004DB40108B7
:10320400000000004DB40108000000004DB40108A6
:103214002C7D020849B10008000000004DB40108EB
:10322400000000004DB40108000000004DB4010886
:10323400000000004DB40108000000004DB4010876
:10324400000000004DB40108000000004DB4010866
:10325400000000004DB40108000000004DB4010856
:10326400E430020895C40108E430020899C4010856
:10327400000000004DB40108000000004DB4010836
:10328400A43002085DE30108000000004DB4010809
:10329400000000004DB40108000000004DB4010816
:1032A400000000004DB401082A7D020849B100085D
:1032B400000000004DB40108000000004DB40108F6
:1032C400000000004DB40108000000004DB40108E6
:1032D400000000004DB40108000000004DB40108D6
:1032E400000000004DB40108000000004DB40108C6
:1032F40044310208ABDF0108000000004DB40108AE
:08330400500300207DB8000811
:08330C00D9B500089DB70008C7
:1033140071BF010865C001080FC0010835B9000874
:083324003DB9000899B9000849
:10332C0099C2010805C2010811C2010823C2010893
:10333C002DC2010837C20108C1B9000845C20108F5
:04334C00000000007D
:10335000A5BA000897C30108D3C301080000000004
:08336000000000000000000065
:10336800EDE101080DE2010829E2010847E2010840
:08337800D5D0000805E80108AA
:1033800069BD0108A5BD010800000000C1B2000828
:0C3390002DBE010800000000EBBD01088C
:10339C002DC9000825C20008EDC6000811C400089C
:1033AC0079D701088DCF010893CC0108E1CB010836
:0833BC00CDD4010819C300087B
:1033C40005E60108E3E4010887E2010855CF000897
:1033D400F9E301088BE40108C1E50108E1E2010811
:1033E400F7E20108E5E3010819E301082FE3010806
:1033F4000DE3010845E3010885CC0008CDCC0008A5
:0C3404009DE5010851E3010855E30108B3
:083410005D290008894800084D
:0C34180000000000899B0008000000007C
:10342800540000000001000000000000010000003E
:1034380002000000FFFFFFFFFFFFFFFFFFFFFFFF8E
:10344800FFFFFFFF01000000010000000000000076
:1034580022AE28D7982F8A42CD65EF239144377141
:103468002F3B4DECCFFBC0B5BCDB8981A5DBB5E9B3
:1034780038B548F35BC2563919D005B6F111F15980
:103488009B4F19AFA4823F9218816DDAD55E1CABB1
:10349800420203A398AA07D8BE6F7045015B831246
:1034A8008CB2E44EBE853124E2B4FFD5C37D0C5501
:1034B8006F897BF2745DBE72B196163BFEB1DE80F9
:1034C8003512C725A706DC9B942669CF74F19BC1EA
:1034D800D24AF19EC1699BE4E3254F388647BEEF87
:1034E800B5D58C8BC69DC10F659CAC77CCA10C243F
:1034F80075022B596F2CE92D83E4A66EAA84744AB1
:10350800D4FB41BDDCA9B05CB5531183DA88F976E8
:10351800ABDF66EE52513E981032B42D6DC631A81D
:103528003F21FB98C82703B0E40EEFBEC77F59BF01
:10353800C28FA83DF30BE0C625A70A934791A7D5EC
:103548006F8203E05163CA06706E0E0A6729291458
:10355800FC2FD246850AB72726C9265C38211B2EA0
:10356800ED2AC45AFC6D2C4DDFB3959D130D3853CD
:10357800DE63AF8B54730A65A8B2773CBB0A6A76E0
:10358800E6AEED472EC9C2813B358214852C729276
:103598006403F14CA1E8BFA2013042BC4B661AA8F3
:1035A8009197F8D0708B4BC230BE5406A3516CC7AC
:1035B8001852EFD619E892D110A96555240699D664
:1035C8002A20715785350EF4B8D1BB3270A06A1025
:1035D800C8D0D2B816C1A41953AB4151086C371ED4
:1035E80099EB8EDF4C774827A8489BE1B5BCB034EF
:1035F800635AC9C5B30C1C39CB8A41E34AAAD84ED1
:1036080073E363774FCA9C5BA3B8B2D6F36F2E6897
:10361800FCB2EF5DEE828F74602F17436F63A5785D
:1036280072ABF0A11478C884EC39641A0802C78C0C
:10363800281E6323FAFFBE90E9BD82DEEB6C50A41E
:103648001579C6B2F7A3F9BE2B5372E3F27871C6A7
:103658009C6126EACE3E27CA07C2C021C7B886D1D8
:103668001EEBE0CDD67DDAEA78D16EEE7F4F7DF5A0
:10367800BA6F1772AA67F006A698C8A2C57D630A32
:10368800AE0DF9BE04983F111B471C13350B711B77
:10369800847D0423F577DB289324C7407BABCA32AB
:1036A800BCBEC9150ABE9E3C4C0D109CC4671D4388
:1036B800B6423ECBBED4C54C2A7E65FC9C297F59B8
:1036C800ECFAD63AAB6FCB5F1758474A8C19446C63
:1036D80001000000000000000500000000000000DC
:1036E80019000000000000007D000000000000003C
:1036F8007102000000000000350C0000000000000E
:10370800093D0000000000002D310100000000000C
:10371800E1F505000000000065CD1D000000000077
:10372800F902950000000000DD0EE902000000002B
:10373800514A8D0E000000009573C2480000000039
:10374800E941CC6B010000008D49FD1A070000001B
:10375800C16FF28623000000C52EBCA2B100000094
:10376800D9E9AC2D780300003D9160E458110000C0
:1037780031D6E275BC560000F52E6E4DAEB1010093
:10378800C9EA268367780800ED95C28F055A2A0092
:10379800A1EDCCCE1BC2D30025A4000A8BCA2204FB
:1037A8000000000000000000000000000000001001
:1037B8000000000000000000B9340332B7F4AD1473
:1037C80010DB1AB30892540E0D307D951447BA1ABF
:1037D80066088F4D26ADC66DF598BF85E2B74511D1
:1037E800CA96853D92BD1DEBFCA11860DCEF521610
:1037F8003C92AE220BB8C1B4839D2D5B0562DA1CE6
:10380800304C7E8F4E8BB25B16F4529F8B56A512AE
:10381800FBD4827643ED8AF08FE7F93115651918E4
:1038280050F19BD94A13EEB4284CF0A686C1251F47
:10383800035FC270CB9E4916E642889C44EB201475
:10384800B0650836AD6EA58585F0CA14E2FD031A89
:103858000B899979D5B13D09D8DA973A35EBCF106C
:10386800AC363F5E73BB38CF3E6752FA44AFBA15E9
:10387800010000000000000000000000000000201F
:10388800345065C05FC9A652BB13CBAEC440C21842
:1038980006C8DF7100D5A87CF56F0FDA58FC27132E
:1038A8006E4756357D24206502C7E768E48CA41D61
:1038B800E9E60268D7CD39617977FCC2405BEF163B
:1038C800798CDE43FFA751F991F3B278F5BDBE11AB
:1038D800E857E9D6E8BEE87BB054AC8F848D751BF9
:1038E800EA23A499E9F9D38BB7A3714061DA3E15AD
:1038F800CEE33ECB73F948088C97B427D51B7010DC
:10390800A2BFEFB9EB8532154DB44DB49BBB6F190F
:1039180096B6076CF8E7EEAD36D9B4F59135AE1327
:10392800222218AF4E6A684D91DAAA3D4F40741EA4
:103938009FBD9EE006A1C09857C2A7FDA40E901790
:103948000E7D497173E3208FB220D87605143B129F
:10395800853D7434811343B0AD297A5F27F4351C53
:103968000000000000000000BDAC01089F620108D3
:10397800A1620108A3620108A5620108C51F000829
:10398800AD620108F5620108B1620108B762010879
:10399800A7620108CD1F0008AB620108BD620108DB
:1039A8000000000000000000112100089F620108CB
:1039B800A1620108A3620108A5620108C51F0008E9
:1039C800AD620108636E0108B1620108B7620108BF
:1039D800A7620108CD1F0008AB620108F77501084E
:1039E800836E0108FB6D01082F6E0108336E010814
:1039F800FF6D0108036E0108076E01080B6E0108D0
:103A08000F6E0108136E0108156E0108176E010884
:103A1800196E01081D6E01081F6E0108216E01084C
:103A2800236E0108256E0108276E01082B6E010818
:103A38002D6E010800000000000000009528000815
:103A4800D1280008E52800083D2800087D2700083F
:103A5800A5270008B1270008BD2700088528000809
:103A6800D5270008ED2700080928000800000000F5
:103A78000000000053790108E52B0008D52B000849
:103A8800577901085B790108DD2B00085F79010887
:103A98005F7901085F7901086D7901083D790108AE
:103AA8003F790108417901084579010865790108DC
:103AB80061790108FD2B0008697901084779010837
:103AC8004B790108C52B00084F790108CD2B000858
:103AD8000000000000000000C3810108CB7A010843
:103AE80061300008112C00084B820108737B010823
:103AF8003F7A0108C9790108E57901088B7C01083A
:103B0800177A010869830108D37901081783010826
:103B1800CB790108CF790108F7830108EB7901080F
:103B280019370008CD340008992C0008917901084C
:103B3800F379010881840108493500087F79010873
:103B4800377A01082F7A0108277A0108397B01089A
:103B5800977A010883790108877901088B79010828
:103B68008F790108BDAC0108BDAC0108BDAC0108E6
:103B7800BDAC01085F7A0108BDAC0108BDAC010805
:103B8800977901089B790108A1790108A5790108AD
:103B9800A9790108AB790108AF790108B37901085F
:103BA800B7790108B9790108BB790108BF7901081B
:103BB800C37901080000F0C0000020C1000048C11E
:103BC800000070C100008CC10000A0C1000000000E
:103BD80000000000D9860108000000000000000075
:103BE800EB8601080B870108E98601080000000040
:103BF80000000000DD3800088E5D0208715E0208D2
:103C0800795E0208835E02088F5E02089A5E0208E7
:103C1800A75E020880590208150100000000000094
:103C28000000000051460008CB7A01086130000806
:103C3800112C00084B820108737B01083F7A0108A8
:103C4800C9790108E57901088B7C0108177A010810
:103C580069830108D379010817830108CB79010822
:103C6800CF790108F7830108EB79010819370008B3
:103C7800CD340008992C000891790108F3790108DE
:103C880081840108493500087F790108377A0108DD
:103C98002F7A0108277A0108397B0108977A0108E9
:103CA800D18D010887790108098E01080F8E010856
:103CB800978D0108158E0108A78D0108B98D010897
:103CC8005F7A0108BF8D0108CB8D0108D78D0108E7
:103CD800E38D0108E98D0108EF8D0108F58D0108D4
:103CE800FB8D0108018E0108058E0108C58D0108AC
:103CF800C58D0108B58D0108BF790108DD8D010862
:103D08000000000000000000B58E0108278E0108A1
:103D18005B8E0108000000000000000019A10108E6
:103D2800DF8F0108E18F0108E38F0108E38F0108A5
:103D3800654F0008B14D0008636E0108B1620108C3
:103D4800B76201081F8F0108CD1F0008A18F010865
:103D580073A10108836E0108FB6D01085551000825
:103D6800C9910108CD910108036E0108076E010889
:103D7800258F0108E58F0108B3900108139D0108FC
:103D8800176E01084B91010891940108999A01084E
:103D9800216E010829950108256E0108276E010882
:103DA8002B6E01082D6E01082B8F0108398F010831
:103DB800478F0108938F0108DD4D0008ED4D00087D
:103DC800FD4D00080115000839150008D1910108BA
:103DD800BD910108711500080D4E0008EF9101080A
:103DE800E9900108099201082B920108D19901086C
:103DF8001D4E00083D4E0008AD8F01081F900108B8
:103E08001F900108219001082390010833900108B0
:103E180043900108C94F0008E59301085D4E00086A
:103E2800AD4E0008154F0008B98F01083F920108F0
:103E380055900108C38F01085F9201085392010849
:103E4800D38F01088F900108A19001088CFDFFFF16
:103E58000000000001920108E54D0008F54D00083A
:103E6800054E0008379201080F9A01083B91010896
:103E780043910108B38F0108E5920108E792010810
:103E8800E99201082B9001083B9001084D90010828
:103E9800739201080F940108078F01089591010892
:103EA8009D910108A5910108BF8F01084B92010857
:103EB800879001083391010823920108659201084F
:103EC80059920108D98F010899900108AB9001080F
:103ED800418F0108338F01088D8F01089B8F0108DE
:103EE800CB8F0108AD910108B5910108E791010850
:103EF800C19101086B920108154E00080B8F01084B
:103F08000F8F0108138F0108178F01081B8F0108F5
:103F18000F6802085F61020867610208B876020844
:103F2800000000006766020801000000BC76020875
:103F3800020000000F680208030000003168020850
:103F480000000000C376020801000000B8760208ED
:103F5800020000000F68020803000000FFFF0000D5
:103F6800001C0048070000004C0000008000000012
:103F7800FFFF000000080048020000004C0000009D
:103F880004000000FFFF00000004004801000000DA
:103F98004C00000002000000FFFF00000000004885
:103FA800000000004C00000001000000443002083E
:103FB800243002080430020800000000000000005D
:103FC8000000000000000000E42F020800000000CC
:103FD80000000000000000000000000000000000D9
:103FE80000000000000000000000000000000000C9
:103FF80000000000000000000000000000000000B9
:1040080000000000000000000000000000000000A8
:104018000000000002000000010000000000000095
:1040280000800300C4300208000000000080030084
:1040380000800000C43002080000002000000000DA
:1040480000000B06020000005440020800000008AF
:10405800047B020822000202000000200C7B0208F8
:104068001E000B1171AE0008B3B80108E7B80108CB
:104078001BB9010851B9010877B90108A7B90108A6
:10408800D3B901081DAF000805BA010885AF0008BB
:104098009BBB010865BA01089BBA0108CFBA0108A1
:1040A80011BB010817BC010845BB0108BDAF0008DA
:1040B8000800000000FF0000ADC30108E04002084E
:1040C8000100000000580040801A0600E84002087D
:1040D80008410208000000005800000000004000ED
:1040E800F040020801000000F84002080200000049
:1040F800E403000040020000E40100004002000068
:104108001E00000001000000204102085845002060
:1041180075BD000800000000243002080D001100E1
:104128000B0000000431020800127A0000010000B0
:104138000000000000000000000000000000000077
:1041480000000000010E1600000000000000000042
:104158004430020804000100443002080500010050
:104168000000000000000000050001000100000040
:104178000000005800380140A42F0208C42F02088C
:104188000E080000A841020801000000000000001D
:104198000000000000000000B041020869E30108C7
:1041A8006000000000400000B84102080100000063
:1041B800C041020802000000C7020000000200001F
:1041C800E7020000000000000000000008000000F6
:1041D8001000000018000000200000002800000067
:1041E80030000000380000000000015810420208AA
:1041F8000842020801000000020000000800000058
:1042080064000000010000001842020800000000DD
:104218000003000000040000000500000006000084
:10422800000700000008000000090000000A000064
:10423800000B0000000C0000000D0000000E000044
:10424800000F0000A0860100400D0300801A060040
:1042580000350C0040420F0080841E0000093D001C
:1042680000127A000024F40000366E010048E801CC
:10427800006CDC02000000000000000000000000EC
:10428800000000000100000003000000050000001D
:104298000100000001000000060000000A00000004
:1042A80020000000020000000400000008000000D8
:1042B8001000000040000000800000000001000025
:1042C80000020000000000006410B71DC8206E3B0B
:1042D800AC30D9269041DC76F4516B6B5861B24D05
:1042E8003C7105502083B8ED44930FF0E8A3D6D66F
:1042F8008CB361CBB0C2649BD4D2D38678E20AA0D7
:104308001CF2BDBDE42E0208E42E0208542F020858
:104318005C2F0208A42F0208A42F0208317C02088F
:1043280000010000000000001B132C0AA3E59CED0F
:10433800A72963085D210621EBFFFFFFFFFFFFFFB1
:10434800FFFFFFFFFFFFFFFF0F0000008F64F80172
:104358006360BCFFC509F8FFD588650073840E004B
:10436800A061A0FF144BB1FF9DBE6A003EA4ADFF43
:10437800F56995FFEE3F3D00374F6A00703B49FFF6
:10438800C26C3C00C5197A003E484E00C41EDFFFCF
:10439800AE03E3FFC36918FE683409FF8D49F800CE
:1043A800EC6B73FF9A0C6B015E290B004B3276FEA7
:1043B800E4E2C9FF78446A009A40B7FF517DA7003C
:1043C800C55C99008FA626004990BEFFC8A68AFE44
:1043D800B3FB42FFBDC432FFC8E5DD000D7AC4005F
:1043E8009FFFD30074EAE500682583001D4C320165
:1043F8003BA34EFFCF4C300086CE37FF003EC900AE
:10440800F0E74FFF33F25BFF514532FF4A7DC301AE
:104418002F8721004E75EFFF8D89B400B5095C0028
:104428008494D6000C0BE100267D83FFA0CFC3FE49
:10443800542DB30002A6DE01F0D2C8006C491F005B
:104448000B779DFF7FC8E9001077500094DB84014B
:10445800AEE60100E47AEAFE59B493FFDBE499FF83
:10446800082621FF14A59700C90021000609A2FF0C
:1044780070E3E5FF944A41007D59D8FF8018A3FEF8
:104488000C9E92FFA0DB8CFE053CB30048C0A5FE45
:10449800FC4826FFAD065B009D2D8F002DF23701ED
:1044A800F05359003712AF014DEAEAFF72A35AFFE1
:1044B8003A51D100565E7EFF2AF9F90054B49100B2
:1044C800FD23B4FFDD75BBFF3D75C4FF70555E006D
:1044D80021313CFFF14F9601109F9E001802A10167
:1044E80059170EFFB4BB750086048500E26173FF9F
:1044F800F8B520FFEA3BBA01C281A9FF2C8240002F
:10450800E4B10300395D35FF282186FF90A993FFA8
:1045180034BC8500AACA5FFE8F402F0053DBC4015C
:10452800CD8374FF959C3B00DAE5AB00CDDBB5008D
:10453800B85AEF00750BF1FE6CD654FFD9A25BFE9A
:10454800AD0D4A00C56F61FE3FDF67008DDB680077
:10455800DF95EFFF8E7445FE4362D5007C4E62FE08
:104568009E98D6FF5FE2AC01E59235FF76EB5D00E1
:10457800927AE60027FF350044598DFF7632D7003E
:10458800796AAB002BF005FE6A998D00083DD901C8
:10459800F2254200A01BE4FF670D46008906D500FE
:1045A8000020C300CE6A1600279900FF58D3FD01EA
:1045B80028C0D4008E7B7B00100E7AFF77A255FFAF
:1045C80092F01500D0A657010662D5FF8167DE017B
:1045D80048A5B6FF3C897DFE4F763C007E5EBF0055
:1045E8009D9270FF63845DFE92887900936294FEC9
:1045F800A78D54004B5C77FE094097FF18E86B01C4
:10460800A3602E00266C74FFA0E65B002B945DFE71
:10461800B997A100DB328201DAD1E7FF30CAA1FEE7
:10462800740A4D004926DB019418FDFF51CED5FED2
:104638007A71F6FF1F2EF5FE4B0C04FF0F5AE0FEB1
:10464800CCDC39FF66386CFF9A06E0001034D101E3
:104658008BC3750073C05AFF21F392007532CE01E7
:10466800584D5FFF2ED257FEA73B2DFFFBEC58009D
:10467800539FF500B1238AFE9B8CB800D4207100AB
:104688002FABAE00CF1FAC013DA0E4FFEB8129FFAB
:1046980090844200EFA89101BCBE2300CF04B2FE73
:1046A8003239E7FF347FA3FFD226200055B149FEF7
:1046B800B0E28900D1A5D4FE2BCB38FF50DB3AFEFF
:1046C8005647E20093DDB9FF39FBD800C7E235FE53
:1046D8007D192D00948AB8002C0D2FFF3B57A5FF9C
:1046E80091896B004724CFFFD4EDDB002C0148FFF4
:1046F800CB7C05FF792076FFB8C291FFB0448D00CE
:10470800C459150090D4CF016642A9FFA7FC97FFB2
:104718004189DCFF4BC5A7FECCE5010002E512018B
:10472800E9C47F007C143101E0351E005BF3E4FE30
:1047380083A08A0011439D00302706005570E200CF
:10474800AAFF9200CE2381005B8380FF77B625FF06
:104758002FD4DF00B653910100022B00449AA5FE26
:10476800E803CFFF84F32CFF8C53D3FF3FE106FF10
:1047780098202AFF6E76C500F1B602008BA1B90019
:104788003B69DBFF6A9644FF0EDA94FF9D5F970052
:10479800DA3DD1FFF57715FEAEAC2C0074AE5501AD
:1047A800795E1DFFE7802900C546FA009F9291FFB8
:1047B80050D4B7FF02FC2800816F9CFFEE158EFED7
:1047C8008DC50CFFC7CEA0FF27E3D600B5509900D2
:1047D8005D96BA009CAC2EFEBF413BFF53B155FF1E
:1047E800CD013600807C50FF3CA4FB00F2A25FFEA6
:1047F800FEA61AFF590691FF09DC0CFFEE540D01C5
:1048080099E2080004DFF2FF9F22FDFF3CC847FF42
:1048180001FC5CFF8372C9FED064ED0073E025FEE5
:104828004B6AB3FF901EA0FF8684DDFF39ADB8FF49
:104838003FD3B9FF689AC1FFE8C0BD0021BB22FE83
:104848009B2D10002F765F0056EC9F004E582CFFD2
:104858003CEB1E001466B1FE9B2AD6FFF846DBFF30
:10486800546585FF7E3C7000FC12F0006A409BFE98
:104878006B4672001F086900649B0A00EBF4610133
:10488800AA289300AAE301FE8842AD0032C5CCFEF7
:10489800597A61005FE881FF726C7EFFB2428AFF3D
:1048A800A96530FFE2C62FFF262EE1004183D7FE1F
:1048B800EC9D1BFFEC129E002A3E57FF654BB1FE94
:1048C800AB5DB8009F4954FFF6B60CFF404D990008
:1048D800E59E5200430A7B01A7657B00AAD899FF91
:1048E800B395960084BDF100ED6D08FFE7159300C0
:1048F8008B38B4009EAB91FE8AC971FFE9B43B00C6
:10490800419869FF1D330F009DD27AFF6EE777FF4C
:10491800A6E428FFE39B6E00D4C5DC005CF58001AB
:1049280065CC79FF63E8DA0016807D00CB7A6100F8
:10493800CD6C92FF7AB2620071EE7AFF1BB6EC0082
:10494800F794EB00F2087000B20265FF2EBD120169
:104958004F2291FFFF5B2100A0884A004733A50042
:1049680025E26C00B24227FF80D55000528CA6FF8A
:104978003A5FA4FF5BB5AC0145A340004A4627FF58
:10498800ECE21D001565FFFEDB8C3A0002E8ABFF88
:1049980032F036FF09853CFE0949BC003EDAE900E1
:1049A800D6AF0CFF7F8579FF5C01A9000ECED4FE3F
:1049B800E560C6FFA0F4B20054889200833BB9FFBB
:1049C800590FAFFFD98E88FF549429005FA0DC01EE
:1049D800914200FFF81691FF9CD3E10050E547FE95
:1049E800BCDC4900B62948FF701F75FFA8F1E9FF34
:1049F800D1D30500BA5327FE83DF03FF2CB1130080
:104A0800974AC30063C19F01EE8362FFA2B5E1002C
:104A1800607522FF36E75000588B7AFF3A0FCCFFBB
:104A28007BAEC0FF231463FE9106A40017348601F1
:104A38006052A0FF33BB15FF38B8F400B47D1100F5
:104A4800C67D000072626601CD4392004B1D79015C
:104A5800E75BEAFFD9CE2E010C4E0400D5B3F3FE76
:104A680073E8A70053A717FE7D8ED6FF12285D00B6
:104A780061E4E5FF8469BFFE8DC9DA00717D7A00C3
:104A88007EFC7C0035A3E5FE87C543FFF61D80014B
:104A9800BF9BA5FF81B0EB002431720007842FFE75
:104AA80014BA9800535228FFB54DC0FFB9599C005D
:104AB800090A20FF9FFCFF01F92D2AFFEE896401F6
:104AC800531CE600386386FF71EF7400853B8C0148
:104AD800BDF124FFF825C30160DC3700B74C3EFF69
:104AE800C3423D00324CA401E1A44CFF4C3DA3FF5E
:104AF800753E1F00519140FF76410E00A273D6FF0C
:104B0800068A2E007CE6F4FF0A8A8F00341AC20057
:104B1800B8F44C00818F2901BEF413FF7BAA7AFFF9
:104B28006281440079D5930056651EFFA1679B00FA
:104B38008C5943FFEFE5BE01430BB500C6F089FE73
:104B4800EE45BCFF4397EE00132A6CFFE555710153
:104B5800324487FF116A0900326701FF5001A8013A
:104B680023981EFF10A8B9013859E8FF65D2FC0048
:104B780029FA4700CCAA4FFF0E2EEFFF504DEF0049
:104B8800BDD64BFF118DF90026504CFFBE55750060
:104B980056E4AA009CD8D001C3CFA4FF96424CFF8C
:104BA800AFE110FF8D5062014CDBF200C6A272002B
:104BB8002EDA98009B2BF1FE9BA068FF33BBA50063
:104BC8000211AF004254A001F73A1E00234135FEFE
:104BD80045ECBF002D86F501A37BDD00206E14FF98
:104BE8003417A500BAD64700E9B06000F2EF3601E5
:104BF80039598A00530054FF88A064005C8E78FEFF
:104C0800687CBE00B5B13EFFFA29550098822A019A
:104C180060FCF60097973FFEEF853E0020389C0029
:104C28002DA7BDFF8E85B3018356D300BBB396FE77
:104C3800FAAA0EFFD2A34E0025349700634D1A003E
:104C4800EE9CD5FFD5C0D101492E5400144129014D
:104C580036CE4F00C98392FEAA6F18FFB12132FEEB
:104C6800AB26CBFF4EF77400D1DD99008580B201E9
:104C78003A2C1900C9273B01BD13FC0031E5D201CC
:104C880075BB7500B5B3B8010072DB00305E9300E8
:104C9800F52938007D0DCCFEF4AD77002CDD20FE23
:104CA80054EA1400F9A0C601EC7EEAFF2F63A8FEBF
:104CB800AAE299FF66B3D800E28D7AFF7A4299FE9C
:104CC800B6F58600E3E41901D639EBFFD8AD38FF15
:104CD800B5E7D20077809DFF815F88FF6E7E330045
:104CE80002A9B7FF078262FE45B05EFF7404E301C4
:104CF800D9F291FFCAAD1F01690127FF2EAF450008
:104D0800E42F3AFFD7E045FECF3845FF10FE8BFF72
:104D180017CFD4FFCA147EFF5FD560FF09B021000A
:104D2800C805CFFFF12A80FE2321C0FFF8E5C401A2
:104D380081117800FB6797FF073470FF8C3842FFBA
:104D480028E2F5FFD94625FEACD609FF484386017F
:104D580092C0D6FF2C26700044B84BFFCE5AFB00F9
:104D680095EB8D00B5AA3A0074F4EF005C9D020043
:104D780066AD6200E98960017F31CB00059B940034
:104D8800179409FFD37A0C0022861AFFDBCC88001F
:104D9800860829FFE0532BFE5519F7006D7F00FEAA
:104DA800A9883000EE77DBFFE7ADD500CE12FEFE16
:104DB80008BA07FF7E0907016F2A48006F34ECFE26
:104DC800603F8D0093BF7FFECD4EC0FF0E6AED01A0
:104DD800BBDB4C00AFF3BBFE6959AD005519590157
:104DE800A2F394000276D1FE219E09008BA32EFF28
:104DF8005D4628006C2A8EFE6FFC8EFF9BDF9000BC
:104E080033E5A7FF49FC9BFF5E740CFF98A0DAFF0F
:104E18009CEE25FFB3EACFFFC500B3FF9AA48D002F
:104E2800E1C468000A2319FED1D4F2FF61FDDEFE59
:104E3800B865E500DE127F01A48887FF1ECF8CFECF
:104E48009261F30081C01AFEC95421FF6F0A4EFF18
:104E58009351B2FF04041800A1EED7FF068D21007C
:104E680035D70EFF29B5D0FFE78B9D00B3CBDDFF0B
:104E7800FFB97100BDE2ACFF7142D6FFCA3E2DFFFB
:104E8800664008FF4EAE10FE857544FFEDD3F55C15
:104E98001A631258D69CF7A2DEF9DE14000000004F
:104EA80000000000000000000000001059F1B2FEF0
:104EB8000AE5A6FF7BDD2AFE1E14D40052800300FB
:104EC80030D1F300777940FF32E39CFF006EC501D3
:104ED800671B9000B67859FF8572D300BD6E15FF29
:104EE8000F0A6A0029C0010098E879FFBC3CA0FFBE
:104EF8009971CEFF00B7E2FEB40D48FFB0A00EFED8
:104F0800D3C986FF9E188F007F693500600CBD00ED
:104F1800A7D7FBFF9F4C80FE6A65E1FF1EFC0400DB
:104F2800920CAE000100000000000000000000002C
:104F38000000000000000000000000000000000069
:104F4800000000000000000000000000982F8A42C6
:104F580091443771CFFBC0B5A5DBB5E95BC25639C3
:104F6800F111F159A4823F92D55E1CAB98AA07D8DB
:104F7800015B8312BE853124C37D0C55745DBE72FE
:104F8800FEB1DE80A706DC9B74F19BC1C1699BE47E
:104F98008647BEEFC69DC10FCCA10C246F2CE92D0E
:104FA800AA84744ADCA9B05CDA88F97652513E9832
:104FB8006DC631A8C82703B0C77F59BFF30BE0C639
:104FC8004791A7D55163CA0667292914850AB727C7
:104FD80038211B2EFC6D2C4D130D385354730A6564
:104FE800BB0A6A762EC9C281852C7292A1E8BFA23B
:104FF8004B661AA8708B4BC2A3516CC719E892D1A3
:10500800240699D685350EF470A06A1016C1A41925
:10501800086C371E4C774827B5BCB034B30C1C3924
:105028004AAAD84E4FCA9C5BF36F2E68EE828F74E3
:105038006F63A5781478C8840802C78CFAFFBE90FD
:10504800EB6C50A4F7A3F9BEF27871C6D727020813
:1050580094500208020000008C500208030000006F
:1050680084500208040000007C5002080000000080
:10507800000000003A7C020810140400467C020874
:1050880010130300527C02081012020002000000F4
:10509800A12702089D2702089927020881270208EC
:1050A8006F27020801000000020000000400000051
:1050B8000800000010000000200000004000000070
:1050C800800000001B0000003600000051F4A750CB
:1050D8007E4165531A17A4C33A275E963BAB6BCB48
:1050E8001F9D45F1ACFA58AB4BE303932030FA55BA
:1050F800AD766DF688CC7691F5024C254FE5D7FC58
:10510800C52ACBD726354480B562A38FDEB15A496C
:1051180025BA1B6745EA0E985DFEC0E1C32F7502EC
:10512800814CF0128D4697A36BD3F9C6038F5FE7C6
:1051380015929C95BF6D7AEB955259DAD4BE832DA2
:10514800587421D349E069298EC9C84475C2896A4F
:10515800F48E797899583E6B27B971DDBEE14FB668
:10516800F088AD17C920AC667DCE3AB463DF4A1823
:10517800E51A31829751336062537F45B16477E015
:10518800BB6BAE84FE81A01CF9082B94704868584C
:105198008F45FD1994DE6C87527BF8B7AB73D32328
:1051A800724B02E2E31F8F576655AB2AB2EB280712
:1051B8002FB5C20386C57B9AD33708A5302887F256
:1051C80023BFA5B202036ABAED16825C8ACF1C2BF4
:1051D800A779B492F307F2F04E69E2A165DAF4CD4B
:1051E8000605BED5D134621FC4A6FE8A342E539D4F
:1051F800A2F355A0058AE132A4F6EB750B83EC39CE
:105208004060EFAA5E719F06BD6E10513E218AF97B
:1052180096DD063DDD3E05AE4DE6BD4691548DB5A5
:1052280071C45D050406D46F605015FF1998FB24FE
:10523800D6BDE997894043CC67D99E77B0E842BD8F
:1052480007898B88E7195B3879C8EEDBA17C0A47A8
:105258007C420FE9F8841EC900000000098086839B
:10526800322BED481E1170AC6C5A724EFD0EFFFBCE
:105278000F8538563DAED51E362D39270A0FD9640D
:10528800685CA6219B5B54D124362E3A0C0A67B180
:105298009357E70FB4EE96D21B9B919E80C0C54FE3
:1052A80061DC20A25A774B691C121A16E293BA0ADB
:1052B800C0A02AE53C22E043121B171D0E090D0B66
:1052C800F28BC7AD2DB6A8B9141EA9C857F1198518
:1052D800AF75074CEE99DDBBA37F60FDF701269FF4
:1052E8005C72F5BC44663BC55BFB7E348B43297618
:1052F800CB23C6DCB6EDFC68B8E4F163D731DCCA71
:10530800426385101397224084C61120854A247D64
:10531800D2BB3DF8AEF93211C729A16D1D9E2F4BA6
:10532800DCB230F30D8652EC77C1E3D02BB3166CA8
:10533800A970B999119448FA47E96422A8FC8CC469
:10534800A0F03F1A567D2CD8223390EF87494EC7DC
:10535800D938D1C18CCAA2FE98D40B36A6F581CF14
:10536800A57ADE28DAB78E263FADBFA42C3A9DE495
:105378005078920D6A5FCC9B547E4662F68D13C2BC
:1053880090D8B8E82E39F75E82C3AFF59F5D80BE2E
:1053980069D0937C6FD52DA9CF2512B3C8AC993BA2
:1053A80010187DA7E89C636EDB3BBB7BCD26780994
:1053B8006E5918F4EC9AB701834F9AA8E6956E6572
:1053C800AAFFE67E21BCCF08EF15E8E6BAE79BD92D
:1053D8004A6F36CEEA9F09D429B07CD631A4B2AF41
:1053E8002A3F2331C6A5943035A266C0744EBC3717
:1053F800FC82CAA6E090D0B033A7D815F104984A29
:1054080041ECDAF77FCD500E1791F62F764DD68DF9
:1054180043EFB04DCCAA4D54E49604DF9ED1B5E3DA
:105428004C6A881BC12C1FB84665517F9D5EEA04F3
:10543800018C355DFA877473FB0B412EB3671D5AD7
:1054480092DBD252E91056336DD647139AD7618C46
:1054580037A10C7A59F8148EEB133C89CEA927EEA4
:10546800B761C935E11CE5ED7A47B13C9CD2DF59FB
:1054780055F2733F1814CE7973C737BF53F7CDEA87
:105488005FFDAA5BDF3D6F147844DB86CAAFF3810A
:10549800B968C43E3824342CC2A3405F161DC372B9
:1054A800BCE2250C283C498BFF0D954139A80171B8
:1054B800080CB3DED8B4E49C6456C1907BCB8461FD
:1054C800D532B670486C5C74D0B85742C66363A5D1
:1054D800F87C7C84EE777799F67B7B8DFFF2F20D72
:1054E800D66B6BBDDE6F6FB191C5C554603030505F
:1054F80002010103CE6767A9562B2B7DE7FEFE1933
:10550800B5D7D7624DABABE6EC76769A8FCACA456B
:105518001F82829D89C9C940FA7D7D87EFFAFA15F5
:10552800B25959EB8E4747C9FBF0F00B41ADADECD2
:10553800B3D4D4675FA2A2FD45AFAFEA239C9CBF5A
:1055480053A4A4F7E47272969BC0C05B75B7B7C248
:10555800E1FDFD1C3D9393AE4C26266A6C36365A07
:105568007E3F3F41F5F7F70283CCCC4F6834345C7B
:1055780051A5A5F4D1E5E534F9F1F108E27171938B
:10558800ABD8D873623131532A15153F0804040C7F
:1055980095C7C752462323659DC3C35E3018182894
:1055A800379696A10A05050F2F9A9AB50E0707098F
:1055B800241212361B80809BDFE2E23DCDEBEB2606
:1055C8004E2727697FB2B2CDEA75759F1209091B6C
:1055D8001D83839E582C2C74341A1A2E361B1B2DAF
:1055E800DC6E6EB2B45A5AEE5BA0A0FBA45252F61F
:1055F800763B3B4DB7D6D6617DB3B3CE5229297BD6
:10560800DDE3E33E5E2F2F7113848497A65353F591
:10561800B9D1D16800000000C1EDED2C4020206018
:10562800E3FCFC1F79B1B1C8B65B5BEDD46A6ABE16
:105638008DCBCB4667BEBED97239394B944A4ADE08
:10564800984C4CD4B05858E885CFCF4ABBD0D06BD3
:10565800C5EFEF2A4FAAAAE5EDFBFB16864343C523
:105668009A4D4DD766333355118585948A4545CF74
:10567800E9F9F91004020206FE7F7F81A05050F07C
:10568800783C3C44259F9FBA4BA8A8E3A25151F30C
:105698005DA3A3FE804040C0058F8F8A3F9292ADE4
:1056A800219D9DBC70383848F1F5F50463BCBCDF1A
:1056B80077B6B6C1AFDADA7542212163201010300F
:1056C800E5FFFF1AFDF3F30EBFD2D26D81CDCD4CAD
:1056D800180C0C1426131335C3ECEC2FBE5F5FE1D6
:1056E800359797A2884444CC2E17173993C4C457CA
:1056F80055A7A7F2FC7E7E827A3D3D47C86464AC1C
:10570800BA5D5DE73219192BE6737395C06060A026
:10571800198181989E4F4FD1A3DCDC7F44222266F9
:10572800542A2A7E3B9090AB0B8888838C4646CAC5
:10573800C7EEEE296BB8B8D32814143CA7DEDE797F
:10574800BC5E5EE2160B0B1DADDBDB76DBE0E03BFF
:1057580064323256743A3A4E140A0A1E924949DBA8
:105768000C06060A4824246CB85C5CE49FC2C25D3F
:10577800BDD3D36E43ACACEFC46262A6399191A895
:10578800319595A4D3E4E437F279798BD5E7E732FC
:105798008BC8C8436E373759DA6D6DB7018D8D8C5C
:1057A800B1D5D5649C4E4ED249A9A9E0D86C6CB449
:1057B800AC5656FAF3F4F407CFEAEA25CA6565AFA2
:1057C800F47A7A8E47AEAEE9100808186FBABAD5DF
:1057D800F07878884A25256F5C2E2E72381C1C2498
:1057E80057A6A6F173B4B4C797C6C651CBE8E82349
:1057F800A1DDDD7CE874749C3E1F1F21964B4BDDB8
:1058080061BDBDDC0D8B8B860F8A8A85E070709038
:105818007C3E3E4271B5B5C4CC6666AA904848D86D
:1058280006030305F7F6F6011C0E0E12C26161A30A
:105838006A35355FAE5757F969B9B9D01786869179
:1058480099C1C1583A1D1D27279E9EB9D9E1E13853
:10585800EBF8F8132B9898B322111133D26969BB6E
:10586800A9D9D970078E8E89339494A72D9B9BB69E
:105878003C1E1E2215878792C9E9E92087CECE49AA
:10588800AA5555FF50282878A5DFDF7A038C8C8F1E
:1058980059A1A1F8098989801A0D0D1765BFBFDACA
:1058A800D7E6E631844242C6D06868B8824141C32F
:1058B800299999B05A2D2D771E0F0F117BB0B0CBB7
:1058C800A85454FC6DBBBBD62C16163A0000000039
:1058D8000000000000000000000000000000004080
:1058E8009559695955555455155555560405154139
:1058F8001054554045515544404550445055554520
:10590800004000404004449665555655454045546E
:1059180051411540559155555555405105010000C7
:10592800544554544555050400100410140440000F
:105938000000014055551541540400004400010081
:105948000000004041000044504445505400555563
:105958005455655100400040010000010005010058
:10596800115451515455550500154150000004403B
:1059780010010405000000005E101810D20FB40FCB
:10598800960F640F320F050FD80EB00E880E5B0EFF
:105998002E0EFC0DCA0D930D5C0D200DE40C800C31
:1059A8001C0C0010000000307065E18FD9FABB7044
:1059B800C1ED90DCA19907DE698C88B709EA146EFD
:1059C800AFD93D9B830C7B60C4681193C79BBC39DE
:1059D800945BA8064104BB618F8FD7A84A0AF6F5E5
:1059E8007033D6E8DDCD6471001EC77175B0918E35
:1059F800D206F9AE04EC136D6D5D4315BB26305429
:105A080027F645B492E9350C1000286E6F206465BE
:105A18007461696C290063727970746F2070616EAB
:105A280069633A20257320E28094207265626F6F63
:105A380074696E670A004E6F7420617661696C61E3
:105A4800626C65004C6F52612D4535206D696E6939
:105A5800004572726F723A20424C45204F544120E3
:105A68006E6F7420737570706F72746564206F6EDA
:105A7800207468697320706C6174666F726D006C55
:105A88006F72615F74785F77616974006361642025
:105A98006E2F6100613A2573206F3A256420706B80
:105AA8003A2564286225752F3473292073703A25A6
:105AB800752E25752F257525250028257520722515
:105AC800752F6225752F6125752F6425752900208E
:105AD80062633A25752525002070726F62653A6EFB
:105AE8002F61000A2563252B642825642920257544
:105AF800702025756220257566202575742025750A
:105B0800252500435350524E4720756E61766169D2
:105B18006C61626C6520616674657220726574726E
:105B2800696573005B524E475D203D3D3D206964C9
:105B3800656E746974792073656564206865616C45
:105B48007468203D3D3D0A005B524E475D20706CF5
:105B58006174666F726D2054524E472069732072CB
:105B68006164696F2D696E646570656E64656E74D5
:105B780020286E6F207072652D524620776F726BE9
:105B880061726F756E64206E6565646564290A00CC
:105B98005B524E475D207374616765312063737291
:105BA800616E64202020203A2072633D25642064C1
:105BB800697374696E63743D25642F36340A005B1B
:105BC800524E475D20737461676532206877696E4D
:105BD800666F20696420203A202564206279746504
:105BE8007320287075626C696320E2809420756E5A
:105BF800697175656E657373206F6E6C79290A001B
:105C08005B524E475D207374616765332065787415
:105C18007261202020203A202564206279746573FF
:105C28000A005B524E475D207374616765342F36F6
:105C380020736B697070656420E28094206E6F2019
:105C4800696E646570656E64656E7420736C6F77D9
:105C580020636C6F636B202854524E47207669612D
:105C680020637372616E64206F6E6C79290A005B21
:105C7800524E475D207374616765352063737261A6
:105C88006E64202020203A2072633D2564206469D8
:105C98007374696E63743D25642F36340A005B5251
:105CA8004E475D203D3D3D20656E64202865787433
:105CB80072616374696E67202575206279746573F3
:105CC80020766961204145532D3235362D43545293
:105CD80029203D3D3D0A004145532D435452207330
:105CE8006565642065787472616374696F6E206697
:105CF80061696C656400646567656E657261746589
:105D08002073656564206F75747075742028616CE4
:105D18006C2D7A65726F202F20616C6C2D46462998
:105D2800006964656E746974792067656E207374A0
:105D380075636B206F6E207265736572766564207B
:105D4800707265666978006E6F20474E5353206FF6
:105D58006E207468697320626F6172640020287312
:105D68006B69707065643A20666F72776172642D32
:105D78006F6E6C7929002028626F6F74737472617A
:105D88007029006F6B00696E2D62616E64002028B7
:105D98006472792D72756E290020450073746570E0
:105DA800252B6C642573257300686F6C6420282587
:105DB8007329006162737461696E20282573290054
:105DC8002573257320656C696769626C653D257567
:105DD80020766F7465733D25752F257520736B6567
:105DE800773D252B6C647320723D256C6473202DE0
:105DF8003E202573003B2073746570733D256C75D8
:105E080020626F6F743D256C75206C6173743D253D
:105E18002B6C647300206261636B736B69703D2542
:105E28006C7500207375703D256C7568002065766B
:105E3800616C733D256C7520616273743D256C75CA
:105E4800000D0A20253032782530327820682575F3
:105E5800206E257520252B6C64732573000D0A2090
:105E68002B2564206D6F7265006E6F2D64617461FF
:105E7800006E6F2D71756F72756D006E6F2D6D618F
:105E88006A6F72697479007375707072657373657F
:105E98006400726174652D6C696D69746564007065
:105EA800656469677265652D7665746F002F6C6629
:105EB80073000D0A20202D3E20627573790D0A00AB
:105EC80052657065617465720052657065617465CC
:105ED800722D253032582530325825303258253029
:105EE8003258000D0A3D3D3D205A657068436F7277
:105EF80065205265706561746572203D3D3D0D0AEF
:105F0800000D0A20202D3E2000312E31372E342D51
:105F18007A657068636F7265003230323620536577
:105F280070203034007B22626174746572795F6D11
:105F380076223A25752C22757074696D655F7365D4
:105F48006373223A25752C226572726F7273223A36
:105F580025752C2271756575655F6C656E223A250D
:105F6800757D007B226E6F6973655F666C6F6F72FB
:105F7800223A25642C226C6173745F7273736922F0
:105F88003A25642C226C6173745F736E72223A2511
:105F98002E32662C2274785F6169725F7365637351
:105FA800223A25752C2272785F6169725F73656386
:105FB80073223A25757D007B2272656376223A2525
:105FC800752C2273656E74223A25752C22666C6FC7
:105FD8006F645F7478223A25752C22646972656350
:105FE800745F7478223A25752C22666C6F6F645F33
:105FF8007278223A25752C226469726563745F721F
:1060080078223A25752C22726563765F6572726F05
:106018007273223A25757D00253032643A25303274
:10602800643A25303264202D2025642F25642F25DD
:10603800642055006F6E2073746174653D2573206C
:10604800736174733D2575206669783D25757320E5
:1060580061676F206C61743D252E3666206C6F6E0B
:106068003D252E3666006F6E2073746174653D257C
:106078007320736174733D2575206E6F206669788F
:10608800206E6578743D257573006F6E207374619A
:1060980074653D257320736174733D2575206E6F9B
:1060A800206669780025733A25753A2564002D6EB7
:1060B8006F6E652D0025730A25730A2573007365B5
:1060C800747065726D2000457272202D20626164C3
:1060D80020706172616D73004F4B00457272202D04
:1060E80020696E76616C696420706172616D7300FD
:1060F800457272202D20626164207075626B65792B
:10610800006765742061636C00646973636F76650A
:10611800722E6E65696768626F72730045727220CD
:106128002D20646973636F7665722E6E6569676882
:10613800626F727320686173206E6F206F7074696C
:106148006F6E73004F4B202D20446973636F766523
:10615800722073656E74007374616E646279006195
:106168006371756972696E67004F4B202D206C6FE3
:106178006164656420256420726567696F6E7300C9
:10618800457272202D2073617665206661696C65A1
:106198006400726567696F6E206465660045727297
:1061A800202D20656D7074792064656600457272D3
:1061B800202D20656D707479206E616D65004572C3
:1061C80072202D20656D707479206A756D70004598
:1061D8007272202D20707574206661696C65643A4E
:1061E80020257300457272202D20756E6B6E6F77B7
:1061F8006E206A756D703A202573006C6F616400BB
:106208007361766500616C6C6F7766004572722009
:106218002D20756E6B6E6F776E20726567696F6E75
:106228000064656E7966002025732028257329206F
:1062380025730020257320257300686F6D65002085
:10624800686F6D65206973206E6F77202573002055
:10625800686F6D6520697320257300206465666129
:10626800756C742073636F7065206973206E6F7727
:10627800203C6E756C6C3E002064656661756C74BC
:106288002073636F7065206973206E6F77202573A4
:1062980000457272202D20726567696F6E207461E7
:1062A800626C652066756C6C002064656661756C4F
:1062B800742073636F7065206973202573004572BD
:1062C80072202D20756E6B6E6F776E20706172650F
:1062D8006E7400457272202D20756E61626C6520A7
:1062E800746F20707574004F4B202D2028666C6FDA
:1062F8006F6420616C6C6F776564290072656D6FDF
:10630800766500457272202D206E6F7420656D7061
:10631800747900457272202D206E6F7420666F7537
:106328006E6400616C6C6F7765640064656E6965A6
:106338006400457272202D207573652027616C6C8E
:106348006F77656427206F72202764656E696564BE
:106358002700457272202D203F3F002F6C66732F57
:1063680072657065617465720025732F2573002549
:10637800732F61636C0025732F726567696F6E7385
:10638800320025732F5F6D61696E2E696400257375
:106398002E6261640025732E746D700025732F7052
:1063A80072656673005E00257325730A00257325E0
:1063B8007320460A002C004F4B202D2065787472FC
:1063C800612053467320736574004F4B202D206560
:1063D800787472612053467320636C6561726564DA
:1063E800006E756C6C00737461727420646675005D
:1063F8004572723A206E6F2044465520626F6F7462
:106408006C6F61646572206F6E20746869732063B5
:10641800686970202D20666C617368206F766572DC
:1064280020535744007374617274206F7461004F75
:106438004B202D207265626F6F74696E6720746FD0
:1064480020424C45204F5441204446550073746FF8
:1064580070206F7461004E6F7420737570706F7266
:1064680074656400636C6B7265626F6F74004F4B88
:10647800202D20636C6F636B2072657365742C200C
:106488007265626F6F74696E6700616476657274B5
:106498002E7A65726F686F70004F4B202D207A65D9
:1064A800726F686F70206164766572742073656EB0
:1064B80074004F4B202D20416476657274207365FB
:1064C8006E7400636C6F636B2073796E63004F4B5F
:1064D800202D20636C6F636B207365743A20253020
:1064E80032643A25303264202D2025642F25642F0C
:1064F800256420555443004552523A20636C6F631B
:106508006B2063616E6E6F7420676F206261636BCE
:10651800776172647300636C6F636B0074696D6597
:106528002000284552523A20636C6F636B206361E8
:106538006E6E6F7420676F206261636B776172643F
:106548007329006E65696768626F722E72656D6F78
:10655800766520004552523A206261642070756267
:106568006B65790074656D70726164696F200025D0
:106578002E2A73004F4B202D2074656D702070619A
:1065880072616D7320666F72202564206D696E7369
:10659800004572726F723A2066726571203135302B
:1065A8002D323530302C20627720372D3530302C85
:1065B80020736620352D31322C20637220352D381A
:1065C8002C2074696D656F75743E3000706173734B
:1065D800776F7264206E6F773A20257300636C655D
:1065E800617220737461747300284F4B202D2073DF
:1065F80074617473207265736574290064757479A5
:106608006379636C65003E2025642E25642525008A
:106618006166003E20252E326600696E742E74680D
:1066280072657368003E202575006C6564732E7270
:106638006164696F003E20257325730020286E6F02
:1066480020726164696F204C4544206F6E20746825
:10665800697320626F61726429006C6564732E68C7
:1066680062006C656473006167632E72657365749C
:106678002E696E74657276616C0052656D6F766511
:1066880064202D204175746F6D61746963204147E2
:1066980043207265736574206973206F6E006D7591
:1066A8006C74692E61636B7300666C6F6F642E6126
:1066B80064766572742E696E74657276616C0067B3
:1066C800756573742E70617373776F72640070727E
:1066D800762E6B657900726570656174006C617403
:1066E800003E20252E3666006C6F6E00726164696C
:1066F8006F2E66656D2E72786761696E00726164CF
:10670800696F2E72786761696E003E20252E3366A8
:106718002C25732C25752C257500727864656C61A1
:1067280079003E206164617074697665202872780A
:1067380064656C6179206465707265636174656411
:1067480029003E206164617074697665202865734C
:10675800743D252E316620666C6F6F643D252E32A0
:10676800662900666C6F6F642E6D61782E616476A1
:1067780065727400666C6F6F642E6D61782E756E2D
:1067880073636F70656400666C6F6F642E6D6178FB
:10679800006469726563742E747864656C6179004D
:1067A8003E20616461707469766520286469726549
:1067B80063742E747864656C6179206465707265A1
:1067C800636174656429006261636B6F66662E6D30
:1067D800756C7469706C696572006F776E65722E7E
:1067E800696E666F00706174682E686173682E6DDB
:1067F8006F6465003E202564006C6F6F702E6465C1
:1068080074656374003E206F6666003E206D696E95
:10681800696D616C003E206D6F646572617465001E
:106828003E207374726963740074780066726571CF
:10683800657272006E6F7420617661696C61626C5A
:10684800650066726571003E20252E3366007075FE
:10685800626C69632E6B657900726F6C6500626F9C
:106868006F746C6F616465722E766572003E207578
:106878006E6B6E6F776E006164632E6D756C7469F4
:10688800706C696572004572726F723A20756E732A
:106898007570706F727465642062792074686973AA
:1068A80020626F617264003E20252E336620202806
:1068B8002575206D562C20746172676574203E3DE5
:1068C800202575206D5620666F72203130302525C1
:1068D80029003E20252E33662020286E6F20414453
:1068E800432072656164696E672900727864757403
:1068F8007900646973706C61792E726F7461746564
:10690800003E20756E737570706F72746564202810
:1069180070616E656C2063616E6E6F7420726F7447
:106928006174652900696E7075742E726F74617474
:106938006500747A2E6F66667365740067707320DD
:1069480064696167006770732064757479003E201C
:10695800616C77617973206F6E2028302900646339
:106968002E72657374617274730070726F62652E33
:10697800696E74657276616C006361642E7374610C
:106988007473006361642E6175746F006361642EB3
:106998006F6666736574006361642E6275737963EC
:1069A8006170003E203020286F66662900636164AC
:1069B800003E206F6E0065787472612E7366002544
:1069C800732575004E6F20657874726120534620D8
:1069D800636F6E66696775726564006D6573687468
:1069E800696D6573796E63003F3F3A2025730064D3
:1069F8007574796379636C6520004552524F523A39
:106A080020647574796379636C65206D757374207F
:106A1800626520312D3130302C206F72206465661C
:106A280061756C74004552524F523A2064757479FE
:106A38006379636C65206D75737420626520312DF0
:106A4800313030004F4B202D2025642E256425251C
:106A580000616620004572726F723A206578706531
:106A6800637465642061206E756D626572206F7253
:106A78002064656661756C7400696E742E74687242
:106A880065736820004572726F723A206E6F7420C9
:106A9800737570706F72746564206F6E20636F6DAC
:106AA80070616E696F6E006C6564732E72616469E3
:106AB8006F20004572726F723A206D757374206290
:106AC800652074782C2072782C20616C6C2C206FD7
:106AD8006666206F722064656661756C74004F4B42
:106AE8002573006C6564732E686220004572726FAE
:106AF800723A206D7573742062652068622C207567
:106B08006E726561642C20616C6C2C206F66662047
:106B18006F722064656661756C74006C65647320BF
:106B2800004572726F723A206D7573742062652029
:106B38006F6E2C206F6666206F72206465666175C3
:106B48006C74006167632E72657365742E696E7468
:106B5800657276616C20006361642E6175746F20C4
:106B6800006361642E6F66667365742000457272F7
:106B78006F723A2065787065637465642025642EA9
:106B88002E2564206F722064656661756C740045FB
:106B980072726F723A206F66667365742072616EE6
:106BA80067652069732025642E2E25640070726F36
:106BB80062652E696E74657276616C20004572722A
:106BC8006F723A20696E74657276616C2069732001
:106BD80030202870726F62696E67206F6666292C94
:106BE8002031302D323535207365636F6E64732C18
:106BF800206F722064656661756C74004572726FEF
:106C0800723A20696E74657276616C2069732030FF
:106C1800202870726F62696E67206F666629206F20
:106C2800722031302D323535207365636F6E647391
:106C3800006361642E627573796361702000457228
:106C4800726F723A2062757379636170206973207C
:106C58003020286F6666292C2031302D393020707D
:106C6800657263656E742C206F7220646566617549
:106C78006C74004572726F723A2062757379636141
:106C880070206973203020286F666629206F722073
:106C980031302D39302070657263656E7400636120
:106CA800642E7265736574004F4B202D2043414458
:106CB8002070726F626520737461747320636C65F1
:106CC800617265642C206465745065616B206F6621
:106CD8006673657420726573657420746F2025640B
:106CE8000065787472612E736620004572726F7247
:106CF8003A206174206D6F73742025642065787460
:106D0800726120534673004572726F723A20756E35
:106D1800737570706F72746564206F7220696E7617
:106D2800616C696420657874726120534620636FD2
:106D38006E666967006D756C74692E61636B73208C
:106D4800004572726F723A206D7573742062652007
:106D5800302C2031206F722064656661756C740078
:106D6800666C6F6F642E6164766572742E696E74DA
:106D7800657276616C20004572726F723A20657890
:106D880070656374656420302C20332D31363820CB
:106D9800686F7572732C206F722064656661756CFC
:106DA80074004572726F723A20696E74657276610A
:106DB8006C2072616E676520697320332D31363817
:106DC80020686F757273004572726F723A20657829
:106DD80070656374656420302C2025642D3234304E
:106DE800206D696E757465732C206F7220646566FA
:106DF80061756C74004572726F723A20696E7465C1
:106E08007276616C2072616E6765206973202564F3
:106E18002D323430206D696E757465730067756541
:106E280073742E70617373776F726420007072765A
:106E38002E6B657920004572726F722C2062616436
:106E4800206B6579004F4B2C207265626F6F742040
:106E5800746F206170706C7921204E657720707591
:106E6800626B65793A20006E616D6520007265700D
:106E780065617420004F4B202D2072657065617428
:106E8800206973206E6F77204F4E004F4B202D20C6
:106E9800726570656174206973206E6F77204F4644
:106EA80046004572726F723A206D75737420626580
:106EB800206F6E206F72206F6666004F4B202D206A
:106EC8007265626F6F7420746F206170706C7900E6
:106ED8004572726F723A2066726571203135302DB5
:106EE800323530302C20627720372D3530302C2049
:106EF800736620352D31322C20637220352D382CC5
:106F0800206F722064656661756C74006C61742012
:106F1800006C6F6E2000727864656C617920004F98
:106F28004B202869676E6F7265643A2072786465D1
:106F38006C6179206973206E6F7720616461707469
:106F480069766529004F4B202869676E6F72656402
:106F58003A20747864656C6179206973206E6F7764
:106F68002061646170746976652900666C6F6F646E
:106F78002E6D61782E616476657274200045727298
:106F88006F723A2072616E676520302D36342C207E
:106F98006F722064656661756C7400666C6F6F64EF
:106FA8002E6D61782E756E73636F70656420006650
:106FB8006C6F6F642E6D617820006469726563740C
:106FC8002E747864656C617920004F4B20286967BE
:106FD8006E6F7265643A206469726563742E7478A2
:106FE80064656C6179206973206E6F7720616461D4
:106FF800707469766529006261636B6F66662E6DD1
:10700800756C7469706C69657220004572726F7274
:107018002C2072616E676520302E302D322E302C78
:10702800206F722064656661756C74004572726FBA
:10703800722C2072616E676520302E302D322E3012
:10704800006F776E65722E696E666F2000706174CE
:10705800682E686173682E6D6F64652000457272D2
:107068006F722C206D75737420626520302C20316E
:107078002C2032206F722064656661756C74006C18
:107088006F6F702E64657465637420004572726F4B
:10709800722C206D7573742062653A206F66662CB9
:1070A800206D696E696D616C2C206D6F646572610D
:1070B80074652C207374726963742C206F72206459
:1070C800656661756C7400747820004F4B202D2024
:1070D800747820706F7765723D25642064426D0076
:1070E8004572726F723A2072616E6765202D392081
:1070F800746F2025642064426D2C206F72206465B3
:107108006661756C74006672657120004572726FF5
:10711800723A2072616E6765203135302D32353014
:1071280030204D487A2C206F722064656661756C3A
:1071380074006164632E6D756C7469706C69657236
:1071480020746172676574004572726F723A206EBE
:10715800656564206D562074617267657420202807
:10716800652E672E20736574206164632E6D756CBF
:107178007469706C69657220746172676574203413
:1071880031373329006164632E6D756C7469706CD6
:107198006965722074617267657420004572726F48
:1071A800723A206E6F204144432072656164696EB3
:1071B80067206F6E207468697320626F6172640063
:1071C8004572726F723A20746172676574206F75C8
:1071D80074206F662072616E676520283330303006
:1071E8002D34343030206D5629004F4B202D206D22
:1071F800756C7469706C69657220252E3366202D54
:107208003E20252E33662020282575202D3E20255A
:1072180075206D5629006164632E6D756C746970F4
:107228006C6965722066756C6C006164632E6D759F
:107238006C7469706C69657220004572726F723A7D
:1072480020696E76616C6964206D756C7469706C08
:1072580069657220283020746F2072657365742CFC
:10726800203130302D33303030302C206F72206494
:10727800656661756C7429004F4B202D2075736904
:107288006E672064656661756C7420626F617264F4
:10729800206D756C7469706C696572004F4B202D98
:1072A800206D756C7469706C6965722073657420E3
:1072B800746F20252E336600726164696F2E6665CF
:1072C8006D2E72786761696E20004F4B202D2072F9
:1072D8006164696F2E66656D2E72786761696E3DAF
:1072E8002564004572726F723A20756E73757070FE
:1072F8006F72746564004572726F723A206D7573AF
:107308007420626520302C20312C206F6E2C206F69
:1073180072206F666600726164696F2E72786761A9
:10732800696E20004F4B202D20726164696F2E72A8
:10733800786761696E3D2564007278647574792098
:10734800004F4B202D207278647574793D25642098
:10735800287265626F6F7420746F206170706C7929
:107368002900646973706C61792E726F7461746539
:1073780020004572726F723A206E6F2064697370D4
:107388006C617900696E7075742E726F74617465C2
:1073980020004F4B202D20696E7075742E726F740B
:1073A8006174653D256400747A2E6F666673657432
:1073B80020004F4B202D20747A2E6F6666736574FB
:1073C8003D2564004F4B202D206770732064696150
:1073D80067206F6E3B2072756E2027677073206F71
:1073E800666627207468656E2027677073206F6E45
:1073F800272C207468656E20276765742067707372
:10740800206469616727004F4B202D206770732027
:1074180064696167206F66660075736167653A2005
:10742800736574206770732064696167203C307CE1
:10743800317C6F6E7C6F66663E0075736167653A76
:1074480020736574206770732064757479203C73A9
:1074580065636F6E64733E207C2064656661756C3D
:107468007420202830203D20616C77617973206F6B
:107478006E29004F4B202D20677073206475747936
:107488003D302028616C77617973206F6E29004F39
:107498004B202D2067707320647574793D25752005
:1074A80073006D65736874696D6573796E63200028
:1074B8004F4B202D206D65736874696D6573796E07
:1074C8006320257300756E6B6E6F776E20636F6E29
:1074D8006669673A20252E323330730046696C6539
:1074E8002073797374656D2065726173653A204FF6
:1074F8004B202D207265626F6F74696E6700466954
:107508006C652073797374656D2065726173653A73
:107518002045727200257320284275696C643A20F0
:107528002573290073656E736F7220676574200078
:1075380073656E736F7220736574200063616E27C4
:10754800742066696E6420637573746F6D2076614C
:10755800720073656E736F72206C697374006E6F5E
:1075680020637573746F6D207661720025642076D0
:107578006172730A0025733D25730A002E2E2E2092
:107588006E6578743A256400677073206F6E0067C3
:10759800707320746F67676C65206E6F7420666FF8
:1075A800756E6400677073206F666600677073207D
:1075B8007365746C6F6300677073206164766572BD
:1075C80074003E206E6F6E65003E207072656673B3
:1075D800003E207368617265006572726F720067A1
:1075E800707300706F776572736176696E67004EAD
:1075F8006F7420696D706C656D656E746564006C80
:107608006F67207374617274002020206C6F676745
:10761800696E67206F6E006C6F672073746F7000FF
:107628002020206C6F6767696E67206F6666006C44
:107638006F67206572617365002020206C6F67207A
:10764800657261736564006C6F6700202020454F88
:10765800460073746174732D7061636B6574730095
:1076680073746174732D726164696F0073746174EB
:10767800732D636F726500556E6B6E6F776E206346
:107688006F6D6D616E64004572726F723A206E6143
:107698006D652063616E6E6F7420636F6E746169CF
:1076A8006E205B205D205C203A202C203F202A00A1
:1076B800616C6C00756E7265616400727800466179
:1076C800696C656420746F207265626F6F743A200C
:1076D8007370696E6E696E6720656E646C6573732E
:1076E8006C792E2E2E0A006770696F40343830305E
:1076F80031633030006770696F403438303030386B
:107708003030006770696F40343830303034303092
:10771800006770696F403438303030303030007274
:10772800302F61313A202030782530387820207287
:10773800312F61323A202030782530387820207275
:10774800322F61333A20203078253038780A007299
:10775800332F61343A202030782530387820723140
:10776800322F69703A2020307825303878207231ED
:10777800342F6C723A20203078253038780A00206F
:10778800787073723A20203078253038780A0046AD
:1077980061756C74696E6720696E73747275637451
:1077A800696F6E2061646472657373202872313565
:1077B8002F7063293A203078253038780A00556EC2
:1077C80068616E646C6564204952516E3A20256484
:1077D8000A002A2A2A2A2A204D5055204641554C6B
:1077E80054202A2A2A2A2A0A002020537461636B0B
:1077F800696E67206572726F722028636F6E746598
:1078080078742061726561206D69676874206265AB
:10781800206E6F742076616C6964290A00202055F7
:107828006E737461636B696E67206572726F720A3A
:10783800002020446174612041636365737320569E
:10784800696F6C6174696F6E0A0020204D4D464166
:107858005220416464726573733A20307825780A3F
:10786800002020496E737472756374696F6E2041CD
:1078780063636573732056696F6C6174696F6E0A10
:10788800002A2A2A2A2A205553414745204641558D
:107898004C54202A2A2A2A2A0A0020204469766978
:1078A80073696F6E206279207A65726F0A002020F2
:1078B800556E616C69676E6564206D656D6F727970
:1078C800206163636573730A0020204E6F20636F25
:1078D80070726F636573736F7220696E73747275FB
:1078E8006374696F6E730A002020496C6C65676168
:1078F8006C206C6F6164206F66204558435F524569
:107908005455524E20696E746F2050430A0020204F
:10791800496C6C6567616C20757365206F662074AF
:10792800686520455053520A002020417474656DE3
:10793800707420746F206578656375746520756E42
:10794800646566696E656420696E737472756374C4
:10795800696F6E0A002A2A2A2A2A2042555320468D
:1079680041554C54202A2A2A2A2A0A0020205374D6
:1079780061636B696E67206572726F720A002020FE
:107988005072656369736520646174612062757300
:10799800206572726F720A002020424641522041CF
:1079A8006464726573733A20307825780A00202061
:1079B800496D7072656369736520646174612062E2
:1079C8007573206572726F720A002020496E737495
:1079D80072756374696F6E20627573206572726F59
:1079E800720A00526573657276656420457863652E
:1079F8007074696F6E20280053707572696F7573A3
:107A080020696E746572727570742028495251200D
:107A180000535053454C20696E2074687265616448
:107A2800206D6F646520646F6573206E6F742069C4
:107A38006E646963617465205053500A002A2A2ACB
:107A48002A2A2048415244204641554C54202A2A8B
:107A58002A2A2A0A002020427573206661756C74F0
:107A6800206F6E20766563746F72207461626C6536
:107A780020726561640A002020446562756720658C
:107A880076656E740A0020204661756C74206573F3
:107A980063616C6174696F6E202873656520626527
:107AA8006C6F77290A00415243485F455843455057
:107AB80054207769746820726561736F6E20257829
:107AC8000A0A002A2A2A2A2A204465627567206D34
:107AD8006F6E69746F7220657863657074696F6E14
:107AE800202A2A2A2A2A0A002A2A2A2A2A20257308
:107AF80020256429202A2A2A2A2A0A00464C41538A
:107B0800485F30005352414D5F30002F00696E745A
:107B18006572727570742D636F6E74726F6C6C65BC
:107B28007240353830303038303000726363403559
:107B38003830303030303000726E67403538303091
:107B48003130303000666C6173682D636F6E74720B
:107B58006F6C6C65724035383030343030300069C5
:107B68003263403430303035383030006770696FF8
:107B78005F6B65797300616E74656E6E6120656E0A
:107B880061626C6500545820656E61626C650052D4
:107B98005820656E61626C650046454D204C4E412B
:107BA80020627970617373007378313236785F645C
:107BB800696F3100726164696F4030007265736586
:107BC800742D636F6E74726F6C6C6572007365727E
:107BD80069616C403430303133383030007370694B
:107BE800403538303130303030002E2E006C69741A
:107BF800746C656673006D61696E002A2A2A2042DA
:107C08006F6F74696E67205A6570687972204F5378
:107C1800206275696C642031643963653233653379
:107C2800363431202A2A2A0A00737973776F726BE7
:107C380071004145532D3235362D454342004145AB
:107C4800532D3139322D454342004145532D3132B0
:107C5800382D45434200696E66006E616E00286EDD
:107C6800756C6C2900303132333435363738394148
:107C7800424344454600D9FBFBFBFBFBFBFBFBFBFC
:107C8800FBFBFBFBFBFBFBFBFBFBFBFBFBFBFBFB3C
:107C9800FBFBFBFBFBFBFBFBFBFBFBFBFBFBFBFB2C
:107CA800FBFBFBFBFBFBFBFBFBFBFBFBFBFBFBFB1C
:107CB800FBFBFBFBE4E5FBFBFBFBEAEBECFBFBEF75
:107CC800FBFBACFBF4FBFBF7FBFBFBFBFBFBFEF25C
:107CD800FBFBFBFBFBFBFBFBFBFBFBFBFBFBFBFBEC
:107CE800FBFBFBFBFBFBFBFBFBFBFBFBFBFBFBFBDC
:107CF800FBFBFBFBFBFBFBFBFBFBFBFBA6FBFBFB21
:107D0800FBFBFBFBFBFBFBE4E5FBFBFBFBEAEBEC18
:107D1800FBFBEFFBFBFBFBF4FBFBF7FBFBFBFBFBC2
:107D2800FBFE0A0605050401030102010101000129
:107D38001415161818191B1B1617191A1E1F21239C
:107D480001270422DEE2324433340401530A2500B9
:107D58000000000000008E4ACC46BA18766BB8E7DF
:107D6800BE39FAAD7763FFFFFFFFFFFFFFFFFFFF9D
:107D7800FFFFFFFFFF07F7E97A2E8D31092C6BCE45
:107D88007B51EF7C6F0A000000000000000000003B
:107D980000000000000801000000000000000000D2
:107DA80000000000000000000000000000000000CB
:107DB80000000000000010141400001C2030401CBB
:107DC8002000001C20304010141400001C203040FB
:107DD8001C2000001C2030404040400000404080F3
:107DE80080808000009088684810141400001C20CF
:107DF80030401C2000001C20304052096AD5303623
:107E0800A538BF40A39E81F3D7FB7CE339829B2F23
:107E1800FF87348E4344C4DEE9CB547B9432A6C238
:107E2800233DEE4C950B42FAC34E082EA16628D985
:107E380024B2765BA2496D8BD12572F8F664866808
:107E48009816D4A45CCC5D65B6926C704850FDED74
:107E5800B9DA5E154657A78D9D8490D8AB008CBCC7
:107E6800D30AF7E45805B8B34506D02C1E8FCA3F8D
:107E78000F02C1AFBD0301138A6B3A9111414F67DD
:107E8800DCEA97F2CFCEF0B4E67396AC7422E7AD95
:107E98003585E2F937E81C75DF6E47F11A711D293F
:107EA800C5896FB7620EAA18BE1BFC563E4BC6D2D8
:107EB80079209ADBC0FE78CD5AF41FDDA8338807F5
:107EC800C731B11210592780EC5F60517FA919B5ED
:107ED8004A0D2DE57A9F93C99CEFA0E03B4DAE2A51
:107EE800F5B0C8EBBB3C83539961172B047EBA7776
:107EF800D626E169146355210C7D637C777BF26B90
:107F08006FC53001672BFED7AB76CA82C97DFA5997
:107F180047F0ADD4A2AF9CA472C0B7FD9326363FFC
:107F2800F7CC34A5E5F171D8311504C723C31896E9
:107F3800059A071280E2EB27B27509832C1A1B6E8B
:107F48005AA0523BD6B329E32F8453D100ED20FC2D
:107F5800B15B6ACBBE394A4C58CFD0EFAAFB434D30
:107F6800338545F9027F503C9FA851A3408F929DCD
:107F780038F5BCB6DA2110FFF3D2CD0C13EC5F97BD
:107F88004417C4A77E3D645D197360814FDC222AC3
:107F9800908846EEB814DE5E0BDBE0323A0A4906FA
:107FA800245CC2D3AC629195E479E7C8376D8DD56E
:107FB8004EA96C56F4EA657AAE08BA78252E1CA646
:107FC800B4C6E8DD741F4BBD8B8A703EB5664803A6
:107FD800F60E613557B986C11D9EE1F8981169D929
:107FE8008E949B1E87E9CE5528DF8CA1890DBFE6AC
:107FF800426841992D0FB054BB16616E006E6669D8
:108008006E69747900616E006E66696E69747900D4
:10801800000000008F8E0108000000000001000031
:108028000000000000000000000000000000000048
:108038000000000000000000000000000000000038
:1080480000000000898E0108000000000001000007
:108058000000000000000000000000000000000018
:108068000000000000000000000000000000000008
:10807800FC3B0208DC3B02087C3A020800000000D6
:108088000000000061470008000000000000000038
:10809800B5B001080000000000000000699E00085B
:1080A800000000000000000000000000699E0008B9
:1080B800000000000000000000000000699E0008A9
:1080C800000000000000000000000000699E000899
:1080D800000000002040020800000000B9B40108B8
:1080E8000000000000000000D8000020D800002098
:1080F80000000000000000000E000000EC0000205E
:10810800EC0000200000000000000000010000005A
:10811800B55E020818010020000000000000000001
:108128000000000004000000000000000000000043
:108138000000000000000000000000001000000027
:108148001000000000000000000000000002000015
:1081580040000000200000000000000098540020AB
:10816800585400203854002000000000000000008F
:1081780000000000000000000000000000000000F7
:1081880000000000000000000000000000000000E7
:1081980000000000000000000000000000000000D7
:1081A80000000000000000000000000000000000C7
:1081B80000000000000000000000000000000000B7
:1081C80000000000000000000000000000000000A7
:1081D8000000000000000000000000000000000097
:1081E8000000000000000000000000000000000087
:1081F8000000000000000000000000000000000077
:108208000000000000000000000000000000000066
:108218000000000000000000000000000000000056
:108228000000000000000000000000000000000046
:108238000000000000000000000000000000000036
:108248000000000000000000000000000000000026
:1082580010000000100000000000000000000000F6
:1082680000000000000100002000000000000000E5
:10827800F8550020F8540020D854002000000000D1
:1082880000000000000000000000000000000000E6
:1082980000000000000000000000000000000000D6
:1082A80000000000000000000000000000000000C6
:1082B80000000000000000000000000000000000B6
:1082C80000000000000000000000000000000000A6
:1082D8000000000000000000000000000000000096
:1082E8000000000000000000000000000000000086
:1082F8000000000000000000000000000000000076
:108308000000000000000000000000000000000065
:108318000000000000000000000000000000000055
:108328000000000000000000000000000000000045
:108338000000000000000000000000000000000035
:108348000000000000000000000000000000000025
:108358000000000000000000ADB5000800000000AB
:10836800001000580000000000000000000000009D
:1083780000000000000000000000000000000000F5
:1083880000000000000000000000000000000000E5
:1083980000000000000000000000000000000000D5
:1083A80000000000000000000000000000000000C5
:1083B80000000000000000000000000000000000B5
:1083C800000000000000000000000000C0030020C2
:1083D80050000000000004000500000088003E0373
:1083E80000400058000000000000000000000000ED
:1083F8000000000000000000000000000000000075
:10840800000000009DC401080000000000000000FA
:108418000000000045C7010800000000000000003F
:108428000000000059C10008000000000000000022
:108438000000000019E501080000000038040020D1
:10844800000000000000000000C20100000103005D
:1084580000000000000000006DD0000800000000CF
:10846800000000000000000058040020580400200C
:1084780000000000010000006804002068040020DB
:1084880070040020700400200000000001000000BB
:10849800800400208004002000000000000000008C
:1084A80000000000000000000000000000000000C4
:1084B80000000000000000000000000000000000B4
:1084C800000000000000000000093D00C800000096
:1084D800C0040020C0040020C8040020C8040020F4
:1084E8009DAA0008B9AA00080001010100020101C3
:1084F80000040201FFFFFFFFFFFFFFFFFFFFFFFF79
:04850800FFFFFFFF73
:10850C00000000000000000000000000000000005F
:0C851C0000000000000000000000000053
:1085280000000000000000005915010800000000CC
:108538000000000000000000280500202805002099
:10854800958E0108000000000000000000000000F7
:0885580000000000000000001B
:1085600048050020480500200000000054DA0020E3
:10857000000000000800000064000000000000008F
:1085800068050020680500200000000084D9002054
:1085900000000000040000003400000000000000A3
:1085A0000000000040CD0020440800000000000052
:1085B00000000000000000000000000040C4002097
:1085C00000090000000000000000000000000000A2
:1085D000B8050020B80500200000000000000000E1
:0485E0000E00000089
:1085E400CC050020CC0500200000000000010000A4
:1085F4000400000084D5002084D9002084D5002004
:1086040084D5002000000000F4050020F4050020BB
:048614000000000062
:0486180015E015E074
:040000050800A469E2
:00000001FF
