:020000040800F2
:1000000040C40020A9CD00085FEE010895CD00088E
:1000100095CD000895CD000895CD000800000000A2
:1000200000000000000000000000000001CE0008F9
:1000300095CD000800000000C9CF0008ADFF000802
:1000400045D0000845D0000845D0000845D000083C
:1000500045D0000845D0000845D0000845D000082C
:1000600045D0000845D0000845D0000845D000081C
:1000700045D0000845D0000845D0000845D000080C
:1000800045D0000845D0000845D0000845D00008FC
:1000900045D0000845D0000845D0000845D00008EC
:1000A00045D0000845D0000845D0000845D00008DC
:1000B00045D0000845D0000845D0000845D00008CC
:1000C00045D0000845D0000845D0000845D00008BC
:1000D00045D0000845D0000845D0000845D00008AC
:1000E00045D0000845D0000845D0000845D000089C
:1000F00045D0000845D0000845D0000845D000088C
:1001000045D0000845D0000845D0000845D000087B
:0401100045D00008CE
:1001180081F0004102E000BF83F0004330B54FEAB0
:1001280041044FEA430594EA050F08BF90EA020F1D
:100138001FBF54EA000C55EA020C7FEA645C7FEAB0
:10014800655C00F0E2804FEA5454D4EB5555B8BFD3
:100158006D420CDD2C4480EA020281EA030382EA44
:10016800000083EA010180EA020281EA0303362DD6
:1001780088BF30BD11F0004F4FEA01314FF4801CA9
:100188004CEA113102D0404261EB410113F0004FBB
:100198004FEA03334CEA133302D0524263EB430372
:1001A80094EA050F00F0A780A4F10104D5F1200E10
:1001B8000DDB02FA0EFC22FA05F2801841F100016B
:1001C80003FA0EF2801843FA05F359410EE0A5F13F
:1001D80020050EF1200E012A03FA0EFC28BF4CF070
:1001E800020C43FA05F3C01851EBE37101F0004526
:1001F80007D54FF0000EDCF1000C7EEB00006EEB33
:100208000101B1F5801F1BD3B1F5001F0CD34908BC
:100218005FEA30004FEA3C0C04F101044FEA445213
:1002280012F5800F80F09A80BCF1004F08BF5FEA9A
:10023800500C50F1000041EB045141EA050130BD7A
:100248005FEA4C0C404141EB0101013C28BFB1F58C
:10025800801FE9D291F0000F04BF01460020B1FAD7
:1002680081F308BF2033A3F10B03B3F120020CDAAA
:100278000C3208DD02F1140CC2F10C0201FA0CF088
:1002880021FA02F10CE002F11402D8BFC2F1200CED
:1002980001FA02F120FA0CFCDCBF41EA0C019040A3
:1002A800E41AA2BF01EB0451294330BD6FEA0404EC
:1002B8001F3C1CDA0C340EDC04F11404C4F12002D7
:1002C80020FA04F001FA02F340EA030021FA04F3E9
:1002D80045EA030130BDC4F10C04C4F1200220FA40
:1002E80002F001FA04F340EA0300294630BD21FA7E
:1002F80004F0294630BD94F0000F83F4801306BF44
:1003080081F480110134013D4EE77FEA645C18BF37
:100318007FEA655C29D094EA050F08BF90EA020FCE
:1003280005D054EA000C04BF1946104630BD91EAC6
:10033800030F1EBF0021002030BD5FEA545C05D1C9
:100348004000494128BF41F0004130BD14F5800408
:100358003CBF01F5801130BD01F0004545F0FE417C
:1003680041F470014FF0000030BD7FEA645C1ABFB1
:10037800194610467FEA655C1CBF0B46024650EAE8
:10038800013406BF52EA033591EA030F41F4002114
:1003980030BD00BF90F0000F04BF0021704730B59A
:1003A8004FF4806404F132044FF000054FF000016F
:1003B80050E700BF90F0000F04BF0021704730B530
:1003C8004FF4806404F1320410F0004548BF404205
:1003D8004FF000013EE700BF42004FEAE2014FEA5A
:1003E80031014FEA02701FBF12F07F4393F07F4F35
:1003F80081F06051704732F07F4208BF704793F038
:100408007F4F04BF41F40021704730B54FF460744A
:1004180001F0004521F000411CE700BF50EA01024D
:1004280008BF704730B54FF000050AE050EA0102F6
:1004380008BF704730B511F0004502D5404261EB66
:1004480041014FF4806404F132045FEA915C3FF4A7
:10045800D8AE4FF003025FEADC0C18BF03325FEA44
:10046800DC0C18BF033202EBDC02C2F1200300FAF5
:1004780003FC20FA02F001FA03FE40EA0E0021FA1A
:1004880002F11444BDE600BF70B54FF0FF0C4CF408
:10049800E06C1CEA11541DBF1CEA135594EA0C0FBA
:1004A80095EA0C0F00F0DEF82C4481EA030621EAF5
:1004B8004C5123EA4C5350EA013518BF52EA033530
:1004C80041F4801143F4801338D0A0FB02CE4FF0E2
:1004D8000005E1FB02E506F00042E0FB03E54FF012
:1004E8000006E1FB03569CF0000F18BF4EF0010E0A
:1004F800A4F1FF04B6F5007F64F5407404D25FEA06
:100508004E0E6D4146EB060642EAC62141EA5551B8
:100518004FEAC52040EA5E504FEACE2EB4F1FD0CFA
:1005280088BFBCF5E06F1ED8BEF1004F08BF5FEA78
:10053800500E50F1000041EB045170BD06F000462A
:1005480046EA010140EA020081EA0301B4EB5C04D7
:10055800C2BFD4EB0C0541EA045170BD41F48011CF
:100568004FF0000E013C00F3AB8014F1360FDEBFF4
:10057800002001F0004170BDC4F10004203C35DAD0
:100588000C341BDC04F11404C4F1200500FA05F353
:1005980020FA04F001FA05F240EA020001F00042F4
:1005A80021F0004110EBD37021FA04F642EB06016A
:1005B8005EEA430E08BF20EAD37070BDC4F10C0494
:1005C800C4F1200500FA04F320FA05F001FA04F258
:1005D80040EA020001F0004110EBD37041F1000144
:1005E8005EEA430E08BF20EAD37070BDC4F120054F
:1005F80000FA05F24EEA020E20FA04F301FA05F2B7
:1006080043EA020321FA04F001F0004121FA04F25E
:1006180020EA020000EBD3705EEA430E08BF20EA2E
:10062800D37070BD94F0000F0FD101F00046400068
:1006380041EB010111F4801F08BF013CF7D041EAEA
:10064800060195F0000F18BF704703F000465200EE
:1006580043EB030313F4801F08BF013DF7D043EABF
:100668000603704794EA0C0F0CEA135518BF95EA75
:100678000C0F0CD050EA410618BF52EA4306D1D1FC
:1006880081EA030101F000414FF0000070BD50EA1B
:10069800410606BF1046194652EA430619D094EAA5
:1006A8000C0F02D150EA013613D195EA0C0F05D18F
:1006B80052EA03361CBF104619460AD181EA0301E3
:1006C80001F0004141F0FE4141F470014FF000009B
:1006D80070BD41F0FE4141F4780170BD70B54FF036
:1006E800FF0C4CF4E06C1CEA11541DBF1CEA1355B6
:1006F80094EA0C0F95EA0C0F00F0A7F8A4EB050498
:1007080081EA030E52EA03354FEA013100F088808E
:100718004FEA03334FF0805545EA131343EA126357
:100728004FEA022245EA111545EA10654FEA00260C
:100738000EF000419D4208BF964244F1FD0404F5C5
:10074800407402D25B084FEA3202B61A65EB030521
:100758005B084FEA32024FF480104FF4002CB6EBDE
:10076800020E75EB030E22BFB61A754640EA0C005E
:100778005B084FEA3202B6EB020E75EB030E22BF9E
:10078800B61A754640EA5C005B084FEA3202B6EBDF
:10079800020E75EB030E22BFB61A754640EA9C009E
:1007A8005B084FEA3202B6EB020E75EB030E22BF6E
:1007B800B61A754640EADC0055EA060E18D04FEA2C
:1007C800051545EA16754FEA06164FEAC30343EACC
:1007D80052734FEAC2025FEA1C1CC0D111F4801F99
:1007E8000BD141EA00014FF000004FF0004CB6E792
:1007F80011F4801F04BF01430020B4F1FD0C88BF31
:10080800BCF5E06F3FF6AFAEB5EB030C04BFB6EB3B
:10081800020C5FEA500C50F1000041EB045170BD2E
:100828000EF0004E4EEA113114EB5C04C2BFD4EB5B
:100838000C0541EA045170BD41F480114FF0000EDF
:10084800013C90E645EA060E8DE60CEA135594EA5B
:100858000C0F08BF95EA0C0F3FF43BAF94EA0C0F5E
:100868000AD150EA01347FF434AF95EA0C0F7FF4D3
:1008780025AF104619462CE795EA0C0F06D152EA27
:1008880003353FF4FDAE1046194622E750EA41060B
:1008980018BF52EA43067FF4C5AE50EA41047FF41C
:1008A8000DAF52EA43057FF4EBAE12E74FF0FF3C81
:1008B80006E000BF4FF0010C02E000BF4FF0010C52
:1008C8004DF804CD4FEA410C7FEA6C5C4FEA430CCB
:1008D80018BF7FEA6C5C1BD001B050EA410C0CBF1A
:1008E80052EA430C91EA030F02BF90EA020F00207C
:1008F800704710F1000F91EA030F58BF994208BFE3
:1009080090422CBFD8176FEAE37040F0010070479F
:100918004FEA410C7FEA6C5C02D150EA013C07D1F6
:100928004FEA430C7FEA6C5CD6D152EA033CD3D041
:100938005DF8040B704700BF8446104662468C463B
:100948001946634600E000BF01B5FFF7B7FF00286E
:1009580048BF10F1000F01BD4DF808EDFFF7F4FF97
:100968000CBF012000205DF808FB00BF4DF808ED22
:10097800FFF7EAFF34BF012000205DF808FB00BF45
:100988004DF808EDFFF7E0FF94BF012000205DF867
:1009980008FB00BF4DF808EDFFF7CEFF94BF01201C
:1009A80000205DF808FB00BF4DF808EDFFF7C4FF15
:1009B80034BF012000205DF808FB00BF4FEA410268
:1009C80012F5001215D211D56FF47873B3EB625299
:1009D80012D94FEAC12343F0004343EA505311F0C0
:1009E800004F23FA02F018BF404270474FF0000052
:1009F800704750EA013005D111F0004008BF6FF090
:100A0800004070474FF00000704700BF4FEA4102B6
:100A1800B2F1E04324BFB3F5001CDCF1FE5C0DD954
:100A280001F0004C4FEAC0024CEA5070B2F1004F9E
:100A380040EB830008BF20F00100704711F0804FA1
:100A480021D113F13872BCBF01F00040704741F466
:100A580080114FEA5252C2F11802C2F1200C10FA6A
:100A68000CF320FA02F018BF40F001004FEAC1234E
:100A78004FEAD32303FA0CFC40EA0C0023FA02F3F2
:100A88004FEA4303CCE77FEA625307D150EA0133C8
:100A98001EBF4FF0FE4040F44000704701F0004098
:100AA80040F0FE4040F40000704700BF80F0004076
:100AB80002E000BF81F0004142001FBF5FEA41032E
:100AC80092EA030F7FEA226C7FEA236C6AD04FEA2E
:100AD8001262D2EB1363C1BFD21841404840414073
:100AE800B8BF5B42192B88BF704710F0004F40F425
:100AF800000020F07F4018BF404211F0004F41F441
:100B0800000121F07F4118BF494292EA030F3FD00C
:100B1800A2F1010241FA03FC10EB0C00C3F120031F
:100B280001FA03F100F0004302D5494260EB4000AE
:100B3800B0F5000F13D3B0F1807F06D340084FEA19
:100B4800310102F10102FE2A51D2B1F1004F40EB0E
:100B5800C25008BF20F0010040EA03007047490076
:100B680040EB0000013A28BFB0F5000FEDD2B0FA13
:100B780080FCACF1080CB2EB0C0200FA0CF0AABF36
:100B880000EBC25052421843BCBFD04018437047D4
:100B980092F0000F81F4000106BF80F400000132DA
:100BA800013BB5E74FEA41037FEA226C18BF7FEAB1
:100BB800236C21D092EA030F04D092F0000F08BFF3
:100BC8000846704790EA010F1CBF0020704712F0DA
:100BD8007F4F04D1400028BF40F00040704712F119
:100BE80000723CBF00F50000704700F0004343F07E
:100BF800FE4040F4000070477FEA226216BF0846B4
:100C08007FEA23630146420206BF5FEA412390EA76
:100C1800010F40F4800070474FF0000304E000BF6C
:100C280010F0004348BF40425FEA000C08BF70471D
:100C380043F0964301464FF000001CE050EA0102E1
:100C480008BF70474FF000030AE000BF50EA0102F6
:100C580008BF704711F0004302D5404261EB4101E3
:100C68005FEA010C02BF84460146002043F0B64308
:100C780008BFA3F18053A3F50003BCFA8CF2083A2D
:100C8800A3EBC25310DB01FA02FC634400FA02FC36
:100C9800C2F12002BCF1004F20FA02F243EB02003D
:100CA80008BF20F00100704702F1200201FA02FC9F
:100CB800C2F1200250EA4C0021FA02F243EB020092
:100CC80008BF20EADC7070474FF0FF0C1CEAD052D6
:100CD8001EBF1CEAD15392EA0C0F93EA0C0F6FD097
:100CE8001A4480EA010C400218BF5FEA41211ED075
:100CF8004FF0006343EA501043EA5111A0FB013161
:100D08000CF00040B1F5000F3EBF490041EAD37135
:100D18005B0040EA010062F17F02FD2A1DD8B3F1B1
:100D2800004F40EBC25008BF20F00100704790F020
:100D3800000F0CF0004C08BF49024CEA502040EA72
:100D480051207F3AC2BFD2F1FF0340EAC250704738
:100D580040F400004FF00003013A5DDC12F1190F76
:100D6800DCBF00F000407047C2F10002410021FAE8
:100D780002F1C2F1200200FA02FC5FEA310040F100
:100D8800000053EA4C0308BF20EADC70704792F079
:100D9800000F00F0004C02BF400010F4000F013AB1
:100DA800F9D040EA0C0093F0000F01F0004C02BFAC
:100DB800490011F4000F013BF9D041EA0C018FE71B
:100DC8000CEAD15392EA0C0F18BF93EA0C0F0AD021
:100DD80030F0004C18BF31F0004CD8D180EA010047
:100DE80000F00040704790F0000F17BF90F0004FE0
:100DF800084691F0000F91F0004F14D092EA0C0FC2
:100E080001D142020FD193EA0C0F03D14B0218BF54
:100E1800084608D180EA010000F0004040F0FE409A
:100E280040F40000704740F0FE4040F44000704736
:100E38004FF0FF0C1CEAD0521EBF1CEAD15392EAB5
:100E48000C0F93EA0C0F69D0A2EB030280EA010CA5
:100E580049024FEA402037D04FF0805343EA11113E
:100E680043EA10130CF000408B4238BF5B0042F19C
:100E78007D024FF4000C8B4224BF5B1A40EA0C0041
:100E8800B3EB510F24BFA3EB510340EA5C00B3EB73
:100E9800910F24BFA3EB910340EA9C00B3EBD10F61
:100EA80024BFA3EBD10340EADC001B0118BF5FEAB3
:100EB8001C1CE0D1FD2A3FF650AF8B4240EBC250DC
:100EC80008BF20F0010070470CF0004C4CEA50209D
:100ED8007F32C2BFD2F1FF0340EAC250704740F4EC
:100EE80000004FF00003013A37E792F0000F00F0DE
:100EF800004C02BF400010F4000F013AF9D040EA5C
:100F08000C0093F0000F01F0004C02BF490011F4EF
:100F1800000F013BF9D041EA0C0195E70CEAD153E7
:100F280092EA0C0F08D142027FF47DAF93EA0C0FCE
:100F38007FF470AF084676E793EA0C0F04D14B02B2
:100F48003FF44CAF08466EE730F0004C18BF31F064
:100F5800004CCAD130F000427FF45CAF31F000435E
:100F68007FF43CAF5FE700BF4FF0FF3C06E000BFF7
:100F78004FF0010C02E000BF4FF0010C4DF804CD1A
:100F88004FEA40024FEA41037FEA226C18BF7FEA2A
:100F9800236C11D001B052EA530C18BF90EA010F2C
:100FA80058BFB2EB030088BFC81738BF6FEAE170BB
:100FB80018BF40F0010070477FEA226C02D15FEA57
:100FC800402C05D17FEA236CE4D15FEA412CE1D0C3
:100FD8005DF8040B704700BF844608466146FFE78A
:100FE8000FB5FFF7C9FF002848BF10F1000F0FBD6C
:100FF8004DF808EDFFF7F4FF0CBF012000205DF865
:1010080008FB00BF4DF808EDFFF7EAFF34BF0120E9
:1010180000205DF808FB00BF4DF808EDFFF7E0FF82
:1010280094BF012000205DF808FB00BF4DF808EDD3
:10103800FFF7D2FF94BF012000205DF808FB00BF36
:101048004DF808EDFFF7C8FF34BF012000205DF818
:1010580008FB00BF4FEA40024FEA41037FEA226CD7
:1010680002D15FEA402C08D17FEA236C02D15FEA03
:10107800412C02D14FF0000070474FF0010070473B
:101088004FEA4002B2F1FE4F0FD34FF09E03B3EB8D
:1010980012620DD94FEA002343F0004310F0004FCD
:1010A80023FA02F018BF404270474FF00000704723
:1010B80012F1610F01D1420205D110F0004008BFC2
:1010C8006FF0004070474FF00000704742000ED2AA
:1010D800B2F1FE4F0BD34FF09E03B3EB126209D46B
:1010E8004FEA002343F0004323FA02F070474FF021
:1010F8000000704712F1610F01D1420202D14FF096
:10110800FF3070474FF00000704700BF7BB972B9DD
:101118000029BEBF00204FF0004106E008BF0028AC
:101128001CBF6FF000414FF0FF3000F057B8ADF131
:10113800080C6DE904CE002909DB002B1ADB00F04E
:101148007CF8DDF804E0DDE9022304B07047404292
:1011580061EB4101002B1BDB00F06FF8DDF804E0C8
:10116800DDE9022304B0404261EB4101524263EBE6
:1011780043037047524263EB430300F05EF8DDF827
:1011880004E0DDE9022304B0404261EB410170470D
:10119800524263EB430300F050F8DDF804E0DDE968
:1011A800022304B0524263EB4303704753B94AB970
:1011B800002908BF00281CBF4FF0FF314FF0FF3057
:1011C80000F00CB8ADF1080C6DE904CE00F035F86C
:1011D800DDF804E0DDE9022304B07047704700BF82
:1011E80010F8012B11F8013B012A28BF9A42F7D0C9
:1011F800D01A7047034611F8012B03F8012B002A77
:10120800F9D17047034613F8012B002AFBD1181AAD
:1012180001387047430803F05533C01A00F03333E0
:10122800800800F03330184400EB10104FF0013301
:1012380000F00F305843000E70472DE9F0478C46F8
:101248008E46089E154604461946002B40F0D0806D
:10125800724547D9B2FA82F74FB1C7F120030EFAA7
:1012680007FC20FA03F3BD4043EA0C0CBC404FEAEC
:10127800154EA8B2BCFBFEF8230C0EFB18CC08FBDD
:1012880000F943EA0C43994528D9EB1808F1FF32D5
:1012980004D2994502D9A8F102022B44A3EB090311
:1012A800A4B2B3FBFEFC0EFB1C330CFB00F044EABB
:1012B8000344A04214D92C190CF1FF3304D2A042E4
:1012C80002D9ACF102032C44241A43EA02401EB1AD
:1012D800FC40002334607360BDE8F0874246DDE7D8
:1012E8006346F1E7002A79D0B2FA82F3002B3FD0A7
:1012F8001946C1F1200302FA01F52EFA03F20EFA9B
:1013080001FE20FA03F343EA0E034FEA154E00FAF2
:1013180001F4B2FBFEFCAFB20EFB1C201A0C0CFB56
:1013280007F842EA004290455AD9AA180CF1FF3052
:1013380004D2904502D9ACF102002A44A2EB08027B
:101348009BB2B2FBFEFC0EFB1C220CFB07F743EA28
:1013580002439F4246D9EB180CF1FF3204D29F4258
:1013680002D9ACF102022B44DB1B42EA004202E044
:10137800AEEB020301224FEA154EAFB2B3FBFEFCFF
:10138800200C0EFB1C330CFB07F840EA034398457E
:101398002AD9EB180CF1FF3004D2984502D9ACF1E8
:1013A80002002B44A3EB0803A4B2B3FBFEFC0EFB24
:1013B8001C330CFB07F744EA0344A74216D92C193F
:1013C8000CF1FF3304D2A74202D9ACF102032C443A
:1013D800E41B43EA00400F46114678E71F2188E7DF
:1013E8006046ABE76246BFE76046DBE76346EFE788
:1013F800734506D916B9002108466DE7C6E9000EFF
:10140800F9E7B3FA83F787B9734501D3824207D85E
:10141800841A6EEB030301209C461EB900215BE78A
:101428003846FAE7C6E9004CF8E7C7F1200CBB409C
:1014380022FA0CF51D4320FA0CF12EFA0CF30EFAE1
:1014480007FE41EA0E014FEA154900FA07F4B3FB1B
:10145800F9F81FFA85FE09FB18300B0C08FB0EFA89
:1014680043EA00439A4502FA07F240D9EB1808F11B
:10147800FF3004D29A4502D9A8F102002B44A3EB0D
:101488000A0389B2B3FBF9F809FB183308FB0EFE0F
:1014980041EA03418E452CD9691808F1FF3304D27B
:1014A8008E4502D9A8F10203294443EA0040A0FB73
:1014B8000298A1EB0E014145CE46434602D306D120
:1014C8004C4504D2B9EB020E68EB05030138002E37
:1014D800A4D0B4EB0E0261EB030101FA0CFC22FA72
:1014E80007F34CEA0303F940C6E9003196E74046A2
:1014F800C5E74346D9E7000070B594B00C4619F02B
:101508003BFF30B92A49204614B0BDE87040FFF7C8
:1015180071BE07A819F046FF9DF81C30022B96BF34
:10152800244A254D52F823500CA819F033FFBDF872
:101538001E6008B3DDE90E01FEF778FF1AA3D3E9B0
:101548000023FFF7CBF8CDE90401DDE90C01FEF734
:101558006DFF15A3D3E90023FFF7C0F8089B174ACE
:10156800CDE90201CDE900634FF480712B46204696
:1015780015F098FC14B070BD099B4BB1CDE9006320
:101588000F4A2B464FF48071204615F08BFCF1E78B
:101598000C4A00962B464FF48071204615F082FCC9
:1015A800E8E700BFAFF300800000000065CDCD4143
:1015B8008B9C020864780208D7A40208B69A02082D
:1015C800E89A02080C9B020830B50D468FB0194600
:1015D80040F201130446CDE90135104610A3D3E9C2
:1015E8000023FEF751FFFFF7E9F90DA3D3E9002324
:1015F8000390DDE91201FEF747FFFFF7DFF900234B
:10160800049006A901A8059319F024FF06AA034629
:1016180004F50571204618F053FA0FB030BD00BF2D
:101628000000000080842E412DE9F04F00F5805322
:101638009DB0D3F8DC3805460C4616460BB19847E2
:101648000346742262700A27B3FBF7F3C3F3072239
:101658004FF00108A270B20784F80080E37040F1EF
:101668000E8119F087FE002800F0D3800AA819F02F
:1016780091FE002800F0CD808823A54A84F80480D4
:101688006371DDE90A010023FFF740FDA04A054622
:101698000023DDE90C01FFF739FD0E9B93FBF7F3FF
:1016A800C5F3074CC5F30727C0F30748C0F3072E57
:1016B800C3F30742C3F30721EDB2C0B2DBB2257210
:1016C80084F806C0E77184F8098084F80AE0E072BB
:1016D80022736173A3730F2503A803F0A9FC730792
:1016E800804673D5002840F0D0809DF82090B9F14D
:1016F800000F10D06619012363556723737085495D
:101708000398FFF7E1FAFFF7BBFCEB1CC0F30722D5
:10171800B270E05404359DF821306BB10123635554
:101728000499631968225A700846FFF7C5F9FFF74C
:10173800CDFCAE1C0335A0559DF8223083B1661947
:10174800012363557323737072490598FFF7BCFA38
:10175800FFF7BCFCEB1CC0F30722B270E054043561
:101768009DF82430E3B101236355079E6319652270
:101778005A7000213046AF1CFFF744FC002840F0A7
:10178800828065493046FFF75BFC002879D06248C3
:10179800FFF79CFCEB1CC0F30722E255E05404352C
:1017A80003F0E2FC78B10AA803F0E4FC024650B961
:1017B8009DF8683000930AAF4FF0020A4FF0800B93
:1017C800009B934264DCB9F1000F16D1B8F1000F09
:1017D80013D19DF8233083B166190123635567231C
:1017E80073704C490698FFF76FFAFFF749FCEB1C3A
:1017F800C0F30722B270E054043519F0BBFD20B1E4
:1018080019F0BAFD08B119F0CCFD28461DB0BDE8A5
:10181800F08F05F5BC5700220023D7E902011037E5
:10182800FFF79AF830B1D7E9000100220023FFF74B
:1018380093F820BB012323718823637157E90201C0
:1018480031A3D3E90023FEF71FFEFFF7B7F82EA355
:10185800D3E900230546D7E90001FEF715FEFFF797
:10186800ADF80022C5F3074CC5F30727C0F30748B6
:10187800C0F3072EEDB2C0B2114613461FE7042588
:101888002AE7304684E7002082E74FF0000987E71F
:10189800397B99B366194FF0740304F805A01F4902
:1018A800737038680192FFF70FFAFFF7E9FB4FF002
:1018B8007503C0F307217371B170F070184986F889
:1018C80004A07868FFF700FAFFF7DAFBC0F30721F6
:1018D800B171F07186F808A0B86886F809B0FFF70A
:1018E800F5FB05F10B01C0F3072C86F80AC00AF1D5
:1018F80001036054019A0C355FFA83FA01321037FC
:101908005EE700BFAFF30080000000000088C3401E
:10191800A08601000000204100FF7F470000C84268
:1019280000007A44000000002DE9F04F0446F5B0AD
:101938000E461546002A4FD01CF016FD0746002813
:1019480040F0F18096F8008008F1FF33412B43D82E
:10195800DFE813F0460089030404EB0045055B0546
:101968002B047B043F013B049E040505E00114059C
:10197800C301240337037C0323065702DE059105C0
:10198800FF057D07C807F40728084F085808EF0126
:1019980001021A029E06BF06DE0610077E065606DC
:1019A80061082A097B090209B10542004200420088
:1019B8004200420042009A080C06C0084200CF09C3
:1019C800630A7B022C0B760A890A970AD00AE10A75
:1019D800000A360AAD0B7F0B002075B0BDE8F08F0A
:1019E800072D01D8062188E104F58056002704F563
:1019F800005586F8E87886F8687AD5F8300218B184
:101A08001CF09AFEC5F83072002304F51450C5E99D
:101A18008D33C5F82035283021F0D1FE0123A5F8F3
:101A28001E3520461CF073FC96F8C8387BB195F833
:101A38001F3563B9D5F858344BB1204607F064F820
:101A480028B1606F03681B689847C5F8580433AD20
:101A580040F205132B8096F8AC37AB701623EB7069
:101A680034AF04F5057304F50D7C186859683A46D7
:101A780003C2083363451746F7D104F5BC57C8A31A
:101A8800D3E90023D7E90401FEF7FEFCFEF796FF31
:101A9800C3A3D3E900238046D7E90201FEF7F4FC8B
:101AA800FEF78CFF96F8D73785F82C3096F8EC3788
:101AB80085F82D3096F8833896F88428BA499B0023
:101AC80043EA021396F88228134385F82E3096F8D5
:101AD800813885F82F30C5E90908D6F8A807FFF737
:101AE800F3F8FFF7F3FAB0492863D6F8D807FFF7F9
:101AF800EBF8FFF7EBFA04F5BB57B6F8D437686391
:101B080004372B871F21384624F0DCFB3946024670
:101B180006460DF5837024F04CFB06F13A0229467F
:101B280020461BF0FCFC012057E704F5805797F886
:101B3800E8380BB10421E0E0042D38D9701C1BF003
:101B480047FBD7F8D420C7F8F02897F8C828C7F873
:101B5800FC084AB104F5005292F81F1521B9D2F8D1
:101B68005834003B18BF0123002687F8F438B046E4
:101B780033ADD7F8F038B3421BDC97F8F4380222BB
:101B880043442A701A0A6B70AA701A0C1B0EEA706A
:101B98002B710522294620461BF0C1FC0023C7F8FB
:101BA800EC38C7F8F838012387F8E838BBE7184657
:101BB800C7E7284617F0E0FC2A46314620461BF0C6
:101BC8004EF920B195F840300BB108F10108013603
:101BD800CFE7872D7FF606AF731C194620222046D3
:101BE80099461BF072F833AF8046384617F0C4FCAC
:101BF8004B46BC4606F1210E18685968624603C276
:101C0800083373459446F7D196F8213087F8403069
:101C180096F8223087F8413096F8233087F842301A
:101C28000DF5887C06F1240306F1640E18685968DE
:101C3800624603C2083373459446F7D10DF1EC0CA4
:101C480006F1840E18685968624603C20833734562
:101C58009446F7D1002287F83F2018461BF0B8FABF
:101C6800C7E92322C7F88400606F03681B68984798
:101C78008F2DC7F8880013D906F188001BF0A8FA41
:101C8800C7F88C0006F18C001BF0A2FA932DC7F858
:101C9800900005D906F190001BF09AFAC7F8880061
:101CA8000023C7F8943087F84330B8F1000F0CD000
:101CB800B8223946404624F07CFA0121204606F035
:101CC80025FD20461BF03CFC2DE7394620461BF03D
:101CD80019F80028F1D103210FE0202D7FF682AEFC
:101CE80001363146202220461AF0EFFF014618B18E
:101CF80020461BF01BF820B9022120461BF02BFCC4
:101D080011E704F580532022D3F8D00831461AF0A1
:101D1800C3F8D2E7202D7FF665AE711C202220463D
:101D28001AF0D3FF01460028E6D020461AF0C9FF72
:101D3800C3E7202D7FF656AE711C202220461AF0EC
:101D4800C4FF01460028D7D0032233A81BF0AAFD00
:101D5800024633A9E4E6012D3FF444AE7378072B1D
:101D68003FF640AE606E03681B68984720461BF03C
:101D78009DFE717820461BF054FE00283FF4DAAE31
:101D880020461BF093FECEE6012D3FF42BAE77786C
:101D9800072F3FF627AE412D08D90121ADE700BF37
:101DA8000000000080842E4100007A44312D7FF627
:101DB80019AEB51C0DF1ED0306F1220255F8041B0E
:101DC80043F8041B9542F9D1002110220DF1DD00E2
:101DD8008DF80C11323624F013FA0DF1CD0355F8B5
:101DE800042B43F8042BB542F9D133AA39462046CF
:101DF80006F0A4F800283FF47FAF20461BF04FFB05
:101E08005FE704F5805633ADD6F8DC080C232B7059
:101E180000B180476870000AA870D6F8D00805F0AD
:101E2800D7FF030AE8702B71030C000E6B71A871C1
:101E3800D6F8D00805F0E8FF030A2B72030CE87106
:101E48006B72000EA8720B2269E6012D3FF4CAAD31
:101E5800737823BB33AD18232B8004F58053D3F854
:101E6800DC0800B180476880606E03681B6898478B
:101E78004FF47A73B0FBF3F00023A880EB71A66EE1
:101E8800B4F86C302B81000CA8713368606E1F6940
:101E980003681B68984701463046B847D2E7012BCC
:101EA80037D1206E4FF48C73ADF8CC3003681B6AC1
:101EB8009847ADF8CE00206E03689B6B9847FFF7F4
:101EC800DFF88DF8D000206E0368DB6B98474FF081
:101ED8008141FEF7F9FEFFF7D3F84FF47A71636991
:101EE800B3FBF1F3ADF8D2301B0C00228DF8D430DF
:101EF800A369B3FBF1F3ADF8D6301B0C8DF8D520F0
:101F08008DF8D92033AD8DF8D1008DF8D8300E2258
:101F180005E6022B7FF466AD33AD4FF40673A26C71
:101F28002B80E36C206C616CB4F84080B4F844E01A
:101F3800B4F848C0B4F84C70A5F80A809E186E80B2
:101F48004FEA1649360E6E71461885F80490EE80F1
:101F58004FEA1649360E6E72060C000E6873080CAE
:101F6800090E6974110C120E28746A75206E85F8B2
:101F780008901A0C1B0E2A762E73A5F80EE0A5F809
:101F880012C02975EF826B7603681B6F9847030CA4
:101F98006883000E2B7768771E22C0E5202D7FF618
:101FA80021AD711C202220461AF08FFE0146002820
:101FB8003FF4A2AE20461AF03DFD00283FF49CAE47
:101FC8007FE6202D2CD804F5805304F5BB5193F8F7
:101FD800EC370431C3B920461AF0B8F80546002892
:101FE8003FF479AE037843F0010303700DF1CD019E
:101FF8000B238DF8CC3018F012F9294606462046F6
:1020080016F094FF721CA4E604F5BC50D0E9042332
:10201800CDE90023D0E902232046FFF7D5FADDE712
:10202800711C202220461AF050FE014600283FF479
:1020380063AE0B230DF1CD0220468DF8CC301AF09B
:102048001CFD00283FF476AD421C82E6622D7FF627
:10205800C9AC6A1ED2B2711C20461AF017FD0028BE
:102068003FF4C0AC29E60D2D7FF6BCACF01CA5F101
:102078000D071BF0ADF8A02F28BFA02707AD3A46E3
:1020880006F10D018146284696F801B096F802A09F
:1020980024F08FF80023EB550622F11D20461AF094
:1020A80014FE0746002857D0BBF1010F4FF000037C
:1020B80012D9BBF1030F4DD10593606F19F0E5FFFD
:1020C80006ABCDE901530246CDF800B05346394678
:1020D80020461AF038FC0CE005AA0593EDD006ABB3
:1020E800CDE901230146009553464A4620461AF099
:1020F80012FC054600283FF4EEAD059B0DF11408CF
:102108008BB133A817F038FA002604F58059D9F8AE
:10211800D4309E420FDB4FF0FF36D8F8001032461D
:1021280020461BF093FD069BD8F80020E9B2204614
:102138001BF01EFAF7E433AA314620461AF08FFE48
:1021480030B12022394633A824F069F80028E4D0B9
:102158000136DCE74FF001084146CEE5072D7FF652
:1021680041AC96F80180B8F1000F7FF416AEF01C70
:102178001BF02EF8B178074633AA20461AF048FE1D
:1021880000283FF4B9AD073D073604F5BB53CDF839
:10219800088001950096043333AA3946204605F095
:1021A8007FFE00283FF4C6AC8BE5012D03D077787D
:1021B8007A1E5742574123683946D3F8FC302046E7
:1021C800984700283FF487AD7BE504F5805696F8DC
:1021D800683A4BB120461BF027FD0023B6F8640A85
:1021E80086F8683A0AF064F907AF3A4633A92046F8
:1021F8001BF0FEFC054658B1079A33A920461BF090
:102208008EF900283FF48FAC012386F8683A8AE4F7
:102218000A23012206A920468DF818301BF07FF901
:1022280000283FF480AC1CF05BFA04F5005383F8F7
:102238001E55D6F8643A002B7FF775AC2B462A4614
:10224800832120461BF0B3F96DE4012D3FF439AD2D
:10225800013D1F2D41F2647828BF1F2504EB0807B4
:102268002A46711C3846254423F0A3FF002305F8AD
:10227800083004F5805304F5BB51D3F8D00804F0B6
:1022880083FE38461CF02DFA20461CF02BF818E582
:102298000A2D7FF6A7AB701C1AF09AFF0B2D034688
:1022A80052D096F80B80B8F1000F4DD0C64A904234
:1022B8007FF698AB013290420AD0C44A90427FF62A
:1022C80091AB0132904203D0C14A90427FF48AAB6D
:1022D800701D1AF07DFFBF49A0F5DA52183A8A42FC
:1022E80007463FF67FAB96F80990A9F10502072A41
:1022F8003FF678ABB67A721F032A3FF673AB1846DF
:10230800FEF78AFCB449FEF793FD04F58055C5F83D
:10231800A8073846FEF780FCAF49FEF789FD85F827
:10232800D497C5F8D80785F8D56785F88E88D5F885
:10233800D00804F5BB5104F027FED5F8E038002B8F
:102348003FF4BFAC9847BCE4A449A3F51232A2F508
:10235800F8728A423FF646AB4FF00008B8E7012D05
:102368003FF440AB727802F10903DBB21F2B3FF652
:1023780039AB04F5805585F8AC27D8E7082D7FF6EA
:1023880031AB701C1AF024FF954A964902448A42E0
:1023980003463FF627AB701D1AF01AFF924A904287
:1023A8000546FFF61FAB88423FF71CAB1846FEF701
:1023B80001F883A3D3E90023FEF790F904F5BC568E
:1023C800C6E902012846FDF7F5FF7DA3D3E90023FE
:1023D800FEF784F9C6E9040104F5805333E1606F20
:1023E80009238DF8CC3003681B689847030A8DF8D9
:1023F800CD008DF8CE30030C000E33AD8DF8CF3004
:102408008DF8D0000522FFF78ABB042D7FF6EAAAD3
:1024180018F0BEFF38B120461BF092F820461BF09A
:1024280076FFFFF780BB701C1AF0D2FE0546606F7E
:1024380003681B6898478542FFF4D4AA606F036855
:1024480029465B68984702200AF00CF9284619F0DB
:102458005DFA21F078FB0A220023FEF7A7FE4FF46D
:102468007A720023FEF752FE014604F50950203027
:1024780019F08DF9CFE7012D3FF4B4AA04F5005304
:10248800727883F8202404F58056584B584A3393C1
:10249800D6F888385749002B08BF134635A8482274
:1024A800349323F086FEB6F88E38ADF81C3133AD80
:1024B8005222FFF734BB04F5805617234649D6F855
:1024C800B0078DF8CC30FEF7FFFBFEF7FFFD030ADF
:1024D8008DF8CD008DF8CE30030C000E3E498DF8F6
:1024E800D000D6F860078DF8CF30FEF7EDFBFEF789
:1024F800EDFD030A8DF8D1008DF8D230030C000EE3
:1025080033AD8DF8D3308DF8D4000922FFF707BB1F
:10251800082D7FF667AA701C1AF05AFEFEF77CFB9E
:102528002D49FEF785FC04F58055C5F8B007701DE8
:102538001AF04EFEFEF770FB2749FEF779FCC5F846
:102548006007D5F8D00804F5BB5104F01DFDFFF76E
:10255800B8BB0E2340220DF1CD0104F505708DF8AE
:10256800CC3017F06DF84122FFF7F3BB052D7FF64D
:1025780039AA21490522701C23F051FE00287FF456
:1025880031AA04F58053D3F8D00819F079FC204615
:102598001AF0D6FF01200AF0DDF8062D7FF622AAF0
:1025A80016490622701C23F03AFE00287FF41AAA66
:1025B80020461AF087FF20461AF09AFFE7E700BF87
:1025C8000000000080842E41679B060076440D00C1
:1025D800F0010E00C885070000007A44B0DB230034
:1025E800804A5D050095BA0A006B45F50D0E060890
:1025F80040E20100846E02087EA90208BAA002081F
:10260800012D3FF45EAB04F58053727883F881287E
:10261800022D18D0B27802F0030283F88228B2782B
:10262800C2F3810283F88328B278032DC2F3011222
:1026380083F8842807D0F27883F8EC27042D02D099
:10264800327983F8D727D3F8D00804F5BB517CE753
:10265800042D7FF6C7A9D6F8015035B1CF4AA5F5A4
:10266800C333A03B93423FF6BDA904F5805604F559
:10267800BB51D6F8D008C6F8885804F085FCD6F8BF
:10268800E438002B3FF41DAB28469847FFF719BBE9
:1026980004F50055D5F8300220B11CF04DF80023A0
:1026A800C5F830320026C5E98D664FF400501CF09D
:1026B80041F8C5F8300200283FF43CAA4FF4005313
:1026C800C5F83832B64B3393ADF8D0600622FFF721
:1026D80040BB04F50057D7F8300200283FF42AAA77
:1026E800012D3FF427AAD7F83432D7F83822013D14
:1026F800591991423FF6EFAA18442A46711C23F053
:1027080058FDD7F834322B44C7F83432FFF7D9BA1A
:1027180004F50055D5F83022002A3FF40BAAD5F865
:102728003432002B3FF406AA07A904F5057017F008
:102738004CF814238DF8CC300DF1CD0607AB17AF4C
:102748001A4603CABA4230607160134606F1080699
:10275800F6D1412233A920461AF0E1FED5F830021D
:1027680008B11BF0E9FF0023C5E98C33C5F83832FE
:10277800FFF7D9B9A5F10B03B12B4FD8737A0A3DEE
:102788005FFA85F803F0030148FA01F9B9F1400F3F
:102798003FF728A901228A40013A12EA080A7FF481
:1027A80021A9701C1AF014FD0746701D1AF010FDBF
:1027B80039460246204617F0A3FC054600283FF498
:1027C8008AAA06F10A02014643462046CDF800A02F
:1027D80017F01FFB2B79206E6988194403680231B2
:1027E8009B68984723680146D3F8C4305FFA89F29A
:1027F800204698470623ADF8CC303B0CADF8CE7098
:102808008DF8D0303F0E030CADF8D200000E33A97E
:102818000A224F710B724872FFF782B9082D7FF6B2
:1028280050AA701C1AF0D4FC0146701D1AF0D0FC96
:1028380000230246204617F063FC014600283FF4B7
:1028480079A90022204617F027FBFFF73ABA402D56
:102858007FF6C8A80136304600F0C0FD00283FF4D6
:10286800C1A833A804F5805516F098FE31464022D9
:1028780033A816F0BBFED5F8D00833A904F038FB0E
:1028880000283FF457A995F8C86816B120461BF0F0
:1028980064FD602233A904F5057023F08AFC204604
:1028A80006F040F904F500530022C3F8582495F8BF
:1028B800CC383BB1D5F8D00885F8CC2804F5BB5105
:1028C80004F062FB16B120461BF00CFD002304F552
:1028D800BA51D5F8D008C5F8D4301C3105F0A4F8A1
:1028E800FFF7EFB9052D7FF67DA87778384617F002
:1028F80032FC00283FF451AA3B46AA1EB11C33A85B
:1029080017F039FCA8B9BB067FF46CA8023031185F
:102918002A1A204617F0DFFB014600283FF4DBA9FE
:102928000023009333AA3B46204617F072FAFFF7BC
:10293800C8B9831D9D42FFF455A8E7E7202D7FF60F
:1029480051A8711C202220461AF0BFF9213D3F2DC5
:1029580028BF3F2506F1210107462A4633A823F060
:1029680028FC33AB00265E55002F3FF4C5A907AD00
:102978002B4633AA394620461AF0B0F800283FF40F
:10298800AAA904F50052C2E99266C2E99066079BBB
:10299800D2F83C22C1B2FFF7CABB00BF9FBB0D00F3
:1029A80013000020202D7FF61DA82022711C204630
:1029B8001AF08BF9054600283FF49EA907AE33AFFD
:1029C800014600973346012220461AF043F90028B1
:1029D8003FF4B0A804F500530022C3E99022C3E9EC
:1029E8009222C3F83C222A68C3F84022339B079AF4
:1029F800D0E7202D7EF6F6AF711C20461AF0AEFA0D
:102A0800FFF7DBBA202D7FF65CA9711C20461AF06F
:102A180082FAFFF756B9042D13D1D4F81422CDF851
:102A2800CE20B4F81822ADF8D2208B23072235A97E
:102A38002046ADF8CC30FEF7F7FD00F10802FFF7AD
:102A480088B9232D7EF6CEAF311D202220461AF0FC
:102A58003CF9014600283FF44FA907AF33AE009672
:102A68003B46032220461AF0F5F800283FF462A8F6
:102A780004F500550022C5E99222C5E98F22079A7C
:102A8800C5F84422339B85E7212D7EF6ABAF711C38
:102A9800202220461AF019F9014600283FF42CA9F3
:102AA800A5F1210333AF07AD01970095DBB206F11D
:102AB800210220461AF099F800283FF43BA804F5B3
:102AC80000530022C3E99122C3E98F22079AC3F871
:102AD8004C22D7E7212D7EF685AF7778002F7EF43C
:102AE80081AF2022B11C20461AF0EFF805460028D5
:102AF8003FF402A9206FADF8CE704FF60363ADF82E
:102B0800CC308DF8D070036804221B680DF1D10118
:102B1800984707AEFF230DF1180895F8429085F8FD
:102B2800423033AA0196CDF8008009232946204671
:102B38001AF05BF885F8429000283EF4FBAF04F5E4
:102B48000053069AC3F84C72C3E99077C3F83C72F5
:102B5800C3F84822079B1DE7082D7EF643AF0722DE
:102B6800B11C20461BF0B1FC00283FF4C5A8162371
:102B78008DF8CC30836A8DF8CD301A0A8DF8CE20C6
:102B88001A0C1B0E8DF8CF208DF8D030C3798DF834
:102B9800D130402200F12C010DF1D20017F0EBFAF0
:102BA80033AD821DFEF7BBBF0DF1CC08152388F8A5
:102BB800003018F0DFFB58B318F0DEFBC34A0346B9
:102BC8003F210DF1CD0014F06DF90DF1D20518F08B
:102BD800DBFB43AE0346F8B1A6EB05093FB9B9F1F3
:102BE800000F04D02C2205F8012B09F1FF39B84A4F
:102BF8004946284614F056F900280DDD48450BD201
:102C08000544761B5EB12C2305F8013B013E06E026
:102C180001270DF1CD05DAE7761B002FF2D004F578
:102C28008053AC4A93F87538003B18BF01233146EE
:102C3800284614F037F9002802DDB04238BF2D18B5
:102C4800A5EB08024146FEF76BBF032D7EF6CAAE20
:102C5800013D3F2D28BF3F252A46711C33A823F08C
:102C6800A8FA33AB00265E553A21184623F0E7FA56
:102C7800054600283EF4B6AE0670974933A8FEF71D
:102C8800AFFA60B96D78A5F1310045424541284653
:102C980018F075FB04F5805383F8E457D3E48F49A3
:102CA80033A8FEF79DFA78B9681C23F0B4FA8C4B68
:102CB800421E9A4205463EF695AE18F068FB04F5AA
:102CC8008053C3F8E857BEE4864933A8FEF788FA6C
:102CD80000287EF487AE6B78A3F1310104F58052A9
:102CE8004B424B41D2F8D00882F8753804F5BB51F5
:102CF8002BE4012D3EF476AE7178C1B904F510507D
:102D0800112D00F121000ED9B31C123653F8042BF3
:102D180040F8042BB342F9D104F50053002283F89C
:102D28003124FEF7CEBF102223F06AFAF4E7022D11
:102D38007EF458AE01297EF455AE04F5005304F52F
:102D4800105083F8311410220021213023F058FA52
:102D5800FEF7B7BF2F2D23D9771C1F21384623F044
:102D6800B1FA431E1D2B05463EF63CAE04F5C4538E
:102D7800123318461F22002123F042FA2A46394608
:102D880023F017FA04F5C55306F120021133303643
:102D980052F8041B43F8041BB242F9D1FFF71CBBDD
:102DA80004F5C4501F220021123023F029FA04F53B
:102DB800C55010220021113023F022FAFFF70CBB76
:102DC8001C238DF8CC3004F5805393F892380BB35C
:102DD80004F5C45312330DF1CD0203F11C0153F86D
:102DE800040B42F8040B8B42F9D1198811809B78A7
:102DF800937004F5C55303F121063BAD11331868F0
:102E080059682A4603C20833B3421546F7D130221F
:102E1800FEF79FBF0122FEF79CBF012D3EF4E2ADF5
:102E280096F90130002BBEF6DDAD711C6A1E2046F6
:102E380016F068FF014600287FF403ADFEF74BBF8C
:102E4800012D3EF43EAF04F58053727883F88D2847
:102E5800022D3FF4F8ABB278402A28BF402283F80D
:102E68009028FFF7F0BB33A919230B7004F58053A2
:102E780093F88D2893F890384A708B700322FEF7E8
:102E88004FBE1A2318498DF8CC300DF1CD001AF039
:102E980097F915490DF1D1001AF092F913490DF17E
:102EA800D5001AF08DF911490DF1D9001AF088F9F9
:102EB8000F490DF1DD001AF083F90D490DF1E1001C
:102EC8001AF07EF91922FEF744BF00BFB39F02082B
:102ED800BA9F0208CA9F0208DA9F0208DE9F02080A
:102EE8007F510100EB9F0208689B060077440D00A4
:102EF800F0010E00022D7EF675AD7378002B7EF47E
:102F080071ADB278022A3EF66DAD04F5805383F8B0
:102F18008F28FFF798BB042D7EF664AD96F80290D3
:102F280096F80180484617F016F928B9B9F1FF0F4D
:102F38007EF458AD032013E0B9F1FF0FFAD04FEA41
:102F4800991209F03F0302FB033305339D42FEF457
:102F580049AD4B46EA1EF11C07A817F00CF90330DF
:102F6800074616F800A030440237BD4290F801B079
:102F780033AA414620468CBFED1B002519F048FFB7
:102F880000283EF4B9AE5AEA0B233EF42BADA72D28
:102F98003EF728AD3744CDE9003702954B4607AADE
:102FA80033A9204619F00CFDFFF70BB9212D7EF649
:102FB80019AD06F1010841462022204619F085FE88
:102FC80033AF0146213658BBB822384623F018F9EA
:102FD800384616F0D1FA4346BC4618685968624626
:102FE80003C20833B3429446F7D10023606F87F8D1
:102FF800423087F8403003681B6898473946C7F85D
:103008008800204619F07EFE00283EF464AE414652
:103018002022204619F059FE014600283EF45BAEF6
:10302800A5F1210307AD01970095DBB23246204692
:1030380019F0A7FD00283EF47DAD04F500530022E9
:10304800C3E99122C3E98F22079AC3F84C223B684F
:10305800A0E4012D3EF4C6AC04F50053D3F8347453
:10306800002F3EF49AAE013DAF2D28BFAF252A466A
:10307800711C07A823F09DF807AA0023535533AD08
:103088001D232B800DF1CD011046B8476B7823B96D
:1030980017490DF1CD00FEF7ADF80DF1CD00FEF7A3
:1030A800B1F8AF2828BFAF20421CFEF738BD032D6A
:1030B8007EF698AC204615F025FF074600283EF41A
:1030C8000AAE0146AB1EB21C204696F8018015F0E8
:1030D800DCFE38B1002342463946204616F0D6F9C0
:1030E800FEF7EFBD3946204615F020FFFEF77ABC03
:1030F800F89F0208000000001BA3D3E90023C0E9E1
:1031080000231BA3D3E90023C0E902231AA3D3E9B0
:103118000023C0E904231AA3D3E90023C0E9062346
:1031280019A3D3E90023C0E9082319A3D3E900238D
:10313800C0E90A2318A3D3E90023C0E90C2318A384
:10314800D3E900230021C0E90E2300220023C0E9AF
:103158003023C0E93223C0F8D0108022403023F059
:103168004FB800BFAFF3008008C9BCF367E6096A2F
:103178003BA7CA8485AE67BB2BF894FE72F36E3CFE
:10318800F1361D5F3AF54FA5D182E6AD7F520E515B
:103198001F6C3E2B8C68059B6BBD41FBABD9831F15
:1031A80079217E1319CDE05B10B50021074BC0F8DB
:1031B80090110446C0E96011C0E96211C0F8943169
:1031C8004FF4C07223F01CF8204610BDCDCC4C3E05
:1031D80030B5024601780D4853880D4CC1F3830180
:1031E800484002F14901C2F1FF22082B02F57F0293
:1031F80004FB00F028BF0823B7325518AB4200DCA7
:1032080030BD11F8015F68406043F6E7C59D1C8139
:10321800930100012DE9F04104460D4607460026BA
:1032280042F210783B7B3BB17B68EB1A434503D9EC
:103238003146204615F092FC0136182E07F110078A
:10324800F0D1D4F88C3133B3154AEB1A934222D912
:10325800D4F88431FBB1D4F8903123B9A5F59C5347
:10326800083BC4F8903103F51C41403141F28736E0
:1032780041F28830EA1AB2420BD9D4F8842142B11B
:103288000344A2EBD2028B42C4F88421C4F89031E3
:10329800F0D1BDE8F0810023C4F89031F9E700BF10
:1032A800E093040070B5C1F51C550346024600F5CD
:1032B800C07611356FF00040147B34B154682C444B
:1032C80024EAE474A04228BF20461032B242F3D167
:1032D800D3F88C2192B1D3F884417CB10D4C8D1A6E
:1032E800A5420CD9D3F890312BB1C1F59C510831C6
:1032F8000B4423EAE373984228BF184670BDC1F512
:10330800922101F2E131114421EAE171884228BF9A
:103318000846F3E7E093040010B5D0F88831032B92
:1033280026DDD0F88401FDF777FC4FF06E51FDF7EC
:10333800CBFC00210446FDF76FFEE0B94FF0814158
:103348002046FDF7B9FB01462046FDF771FD0B4904
:10335800FDF7BAFC0A49FDF7AFFB4FF07E51044672
:10336800FDF76EFE10B14FF07E5010BD2046FCE711
:103378004FF07C50F9E70248F7E700BF9A99193FE8
:10338800CDCCCC3E004870478AB702080048704749
:1033980080EE360030B5C0E918120F4D8366012261
:1033A8000023C0E90533C0E90733C0E90933C0E9A0
:1033B8000B33C0E90D33C0E91033C0E91233C0E95B
:1033C8001433C0E91633056043600372A0F86C300B
:1033D800828780F83E3030BDE873020870B5B8B017
:1033E80001460446684622F0C0F89DF80030013BCB
:1033F800DBB2FD2B38D8274B28AA03F14006186802
:103408005968154603C50833B3422A46F7D1224BFB
:1034180008AA03F1200618685968154603C5083339
:10342800B3422A46F7D108A920A811F069FB20AABF
:10343800214610A822F045F8694620A811F060FB43
:1034480020AA28A918A822F03CF8202218A910A818
:1034580016F0FBFF044658B9202110A817F02FF8E2
:10346800202118A817F02BF80024204638B070BD8A
:1034780010A9002311F8012B1AB90133202BF9D117
:10348800144610A8202117F01AF8202118A817F0C0
:1034980016F8EAE7489502088995020838B50446FF
:1034A8001D46059BFFF776FF084B2360049B636767
:1034B800069BA367256704F17C00FFF775FE04F5FA
:1034C800057016F06BF8204638BD00BF2874020856
:1034D8002DE9F04F0E7806F00303023B012BF3B001
:1034E80005460C4600F2FA8206F03C02242A0B79C3
:1034F8005BD13F2B1CD84E88082E19D991F85270F1
:1035080007F00302093E9340F6B21FFA83FC6645B2
:1035180010D801F153020368029201F10A02CDE9C1
:10352800007203965D6ED1F84A20D1F84E30A84754
:10353800002037E00121533301FA02F200F505714A
:10354800E01822F06CFE0028F2D12B6821461B6C93
:10355800284698470028EBD0A86F036821461B68C7
:1035680098470028E4D1A86F036821465B6898470C
:1035780094F90201FDF754FB4FF07A51FDF7A4FBD3
:103588004FF08141FDF7A0FBFDF77AFD23795A1C26
:103598002344227198722B6821469B6C28469847D1
:1035A80040F0C06073B0BDE8F08F2C2A03F03F03F1
:1035B8000AD191F94A20002A80F28D82002BB7D1D6
:1035C80003689B6F9847B3E74BB90C2A40F0868293
:1035D8000368D1F84A20D3F888309847A8E70C2A1E
:1035E80005D10368D1F84A20D3F888309847227962
:1035F8009209013205F5057104F10A0022F00FFE67
:10360800002895D12B6821461B6C2846984700282E
:103618008ED02378C3F383030A2B04D1214628468E
:1036280016F02CFB84E7A86F0268032B126821466A
:1036380013D19047064600287FF47AAFA86F036835
:1036480021465B6898472146284616F019FA324603
:103658002146284616F0BBFA6AE7904700287FF40F
:1036680067AFA86F036821465B68984721462846DC
:1036780016F006FA2B6821469B6C2846984740F0BE
:1036880080708FE72B682146DB6B28469847002817
:103698007FF44EAF207816F0F1F8002800F024826D
:1036A8002046FFF795FD0646686E03681B68984735
:1036B80005F17C0702463146384615F095FA20B1E7
:1036C8003146284616F03AF90EE22B682846DB6C9C
:1036D8009847002800F00882686E03681B689847BE
:1036E80031460246384615F059FAFDE16388032B46
:1036F8007FF61EAFA86FD4F84A60036821461B689E
:10370800984700287FF414AFA86F036821465B68C8
:1037180098472B683246D3F8883021462846984780
:103728002B689B6B2146284673B0BDE8F04F1847BD
:103738000DF1200A94F84B308AF80030638894F829
:103748004A70042B7FF6F4AEA86F036821461B6805
:103758009847064600287FF4EBAEA86F0368214619
:103768005B68984795F81432BB4268D12B6851467C
:103778009B6D2846984704F14C0B814610AF0DF11C
:10378800C4084E452B685ADADB6D3246394628465E
:10379800984763885A46023B4146384616F06CFE05
:1037A800031E5CDD2278C2F38302082A4DD198F803
:1037B80000900793484616F0CEFC00283FD04FEA09
:1037C800991109F03F02079B01FB0222501C984205
:1037D80035DA02329B1ADBB2424429680392049319
:1037E80018F8003003F00F03CDE901930DF1C50877
:1037F800CDF80080D1F868B03B46324621462846CD
:10380800D847D0B1207816F039F8B0B10023CDE907
:103818000233019323790093514604F10A033A468F
:10382800284616F06DFB014638B14FF4FA73009341
:1038380042464B46284616F0ECFAFF2323702B68C5
:1038480021469B6B28469847ACE629680097CDE946
:10385800018328460F6E33462146B847EDE7013607
:103868008FE76388232B7FF663AEA86F94F84A60CE
:10387800036821461B68984700287FF459AEA86F53
:10388800036821465B68984795F81432B3427FF481
:1038980047AF04F14B0608AA04F16B07306871685A
:1038A800134603C30836BE421A46F7D108AA10A920
:1038B80005F5057015F095FF638831AF213B324659
:1038C800394610A816F0D8FD00287FF729AF2B68D5
:1038D800CDE9007010AA1E6F214608AB2846B047F4
:1038E800FF2323701CE708AF94F84A303B706388C5
:1038F800032B7FF61DAEA86F036821461B68984707
:10390800064600287FF414AEA86F036821465B685A
:1039180098472B680DF14009D3F880803946042375
:103928004A462846C04704F14B0A07460DF14108AC
:103938000DF1C40BBE4282DA63884046013B524611
:10394800594616F099FD002808F121080FDD2B686B
:103958002278CDE900B006EB4616D3F88470C2F39E
:10396800830209EB060321462846B84767E7013674
:10397800E0E710A815F000FE10AE04F14A0304F1C8
:103988006A0718685968324603C20833BB421646AC
:10399800F7D16388632B7FF6CBAD202210A905F5FC
:1039A800057022F03CFC00283FF4C2ADA86FD4F8A3
:1039B8006A80036821461B68984700287FF4B8ADE1
:1039C800A86F036821465B6898470DF1400CBCE876
:1039D8000F000DF1C40A56460FC667889CE80F0011
:1039E800643F202F28BF202704F1AE0986E80F0086
:1039F8003A4649463AA8CDF8E48022F0DAFB07F1C6
:103A08002403524604F16E0110A815F0BDFD0028EC
:103A18003FF4C8AD2B68CDE9009710AADE6E2146A9
:103A280043462846B0470AE703F00303023B012B4D
:103A38003FF67EADA86F036821461B6898470028AB
:103A48007FF476ADA86F036821465B6898472B68BA
:103A58002146DB6F2846B5E56288022A7FF668AD05
:103A680094F84A3003F00F03032B7FF461AD042A66
:103A78007FF65EAD31AE304616F068FB23788DF8E0
:103A8800C4304022237904F10A010DF1CE0016F06A
:103A980083FB62888DF8C800013A92B204F14B01A9
:103AA8000DF58770ADF8C62022F083FBA86F036878
:103AB80031461B68984700287FF43AADA86F036821
:103AC80031465B6898472B68DDF80E21D3F88830BB
:103AD8003146284681E5002B7FF489AD304615F044
:103AE800CDFE00287FF4CEAD2378C3F383020F2ADE
:103AF8003FF61EAD01A151F822F000BF393700088A
:103B08003937000839370008F53600087B390008CE
:103B1800EF380008EF3800086B380008393700081C
:103B280039350008613A0008393500083935000888
:103B38003935000839350008313A000830B5084BE6
:103B48000022D3F8205110469C33AA4200DB30BD36
:103B580053F8044F641A002CD8BF01300132F4E73F
:103B6800B8410020014BD3F820017047B84100202C
:103B7800014BD3F820017047DC420020044BD3F8F6
:103B880020219142B4BF53F821000020704700BFA4
:103B9800B8410020044BD3F820219142BABF283104
:103BA80053F8210000207047B8410020054BD3F896
:103BB80020018142BDBF2831012043F82120002087
:103BC800704700BFB841002070B50B4B0022D3F8F6
:103BD800206103F19C05FF208033B24200DB70BDF9
:103BE80055F8044F641A002C03DC9C5CA04228BFE3
:103BF80020460132F1E700BFB8410020F8B5104A6D
:103C08000C46D2F8207102F19C0600234FF0FF31D8
:103C1800FF208032BB4205DB4B1C0FD0084816F052
:103C280072FBF8BD56F8045F2D1B002D04DCD55C33
:103C380085423CBF194628460133EBE70020F0E7F0
:103C4800B841002008B5024816F05DFB08BD00BF6A
:103C5800B841002038B50B4B1C786CB901220A4DCD
:103C68001A700023294609481A46013416F06DFBDC
:103C7800202C05F58275F4D10021044816F043FB89
:103C880038BD00BF1E88002084650020DC4200206B
:103C980008B521B1002302481A4616F056FB08BDA4
:103CA800DC4200202DE9F0471B4E054630460F4602
:103CB8009046994616F049FB0446D8B9D6F8200133
:103CC80018B306F17F0C21462346A04214DC0E44AB
:103CD80096F88030434518D90F4816F014FB2B6826
:103CE80001465B68284698470B484B46424639468A
:103CF80016F02BFBBDE8F0871CF8012F9A4234BF61
:103D08001A46214613460134DFE72B683946284610
:103D18005B68BDE8F0471847B841002038B50E4D3C
:103D28000024281904F5827416F010FAB4F5025F1D
:103D3800F7D10A4B0024214680221846C3F82041B7
:103D480022F05EFA064BC3F820412146184680222D
:103D5800BDE8384022F054BA84650020DC420020D7
:103D6800B84100202DE9F0438DB00D4612F00F0147
:103D78009DF85090804614461E4604D04FF0FF3000
:103D88000DB0BDE8F083184B0693142207A822F063
:103D980037FAB9F1000F0CBF4FF400734FF480737A
:103DA800124F0893102204AB414606A8099721F048
:103DB800F8FE0028E2D105ABCDE90143049800964E
:103DC80023462A463946B9F1000F09D011F052FBB3
:103DD8000446049821F0C9FE002CCFD10598CFE7FE
:103DE80011F0E4FBF4E700BF002480000044400425
:103DF8002DE9F04194B007460C46164600211422DE
:103E080007A81D4622F0FCF94FF48853DFF85C80C0
:103E1800ADF818304FF48073ADF81A304FF4806362
:103E2800CDE90838202204AB394606A821F0B9FEAE
:103E380028B14FF0FF34204614B0BDE8F08105AB3F
:103E48000293202301930CAB009322460498334637
:103E5800414621F082FF0446049821F086FE002C9A
:103E6800E7D1BDF830302B80E5E700BF09008003BB
:103E780030B58DB00D4611461A4603AB0193202389
:103E88000093044604AB0A4821F057FF2A4630B194
:103E9800002120460DB0BDE8304022F0B1B9202DF8
:103EA80028BF202204A9204622F083F90DB030BD96
:103EB800090000022DE9F043A7B004460D46164656
:103EC800002170220AA8DDE92E891F4622F098F900
:103ED80016490AA821F0E2FEE8B93A4631460AA88E
:103EE80021F0FDFEB8B94A4641460AA821F0F7FE7E
:103EF80088B901AB202202A90AA821F007FF50B90E
:103F0800202D2A4602A928BF2022204622F051F956
:103F180027B0BDE8F0830AA821F0B1FE2A460021A7
:103F2800204627B0BDE8F04322F06AB90900000234
:103F380008B5054B002814BF0146194603481AF076
:103F4800F8FD012008F006FCAA950208B6950208BB
:103F5800F0B50B4D8E180346B14203F1020303D1AD
:103F6800002300F81230F0BD11F8014B270904F0C6
:103F78000F04EF5D2C5D03F8027C03F8014CEBE7BE
:103F88002DB9020800487047D695020800487047C6
:103F9800D6950208004870470000C07F0048704767
:103FA800E495020808B503681B689847BDE808400F
:103FB8000146014817F0ABBCA076020808B50349D2
:103FC8001046FDF717F9002008BD00BFF19502085B
:103FD80070B5C3680C4615469BB393F87430DA1F66
:103FE800052A32D81A4A073B214652F82360304640
:103FF800FDF726F848BB2846FCF712FE4FF06E5135
:10400800FCF762FE01464FF07E50FCF753FD314647
:1040180005462046FCF74EFD0E49FCF709FF014610
:104028002846FCF751FE00210446FCF7EBFF60B977
:104038004FF07E512046FDF703F820B14FF07E5037
:1040480070BD0723CEE72046FAE70020F8E700BF57
:10405800347602080000204170B5044616F002FBD1
:10406800D4F88039D4F88429054653EA02004DD0A3
:104078005B1B62EB0102012B72F100003EDB6FF06B
:104088000040834272F1000200DA1846B4F84E3A52
:104098009BB394F9513A803314D0D4F8582AD4F801
:1040A8005C6A521B66EB0106012A76F1000327DBE6
:1040B8006FF000439A4276F1000600DA1346984200
:1040C80028BF1846D4F8683AD4F86C2A53EA020490
:1040D8001CD00F4C1B1942F100025B1B62EB010163
:1040E800012B71F100020DDB6FF00042934271F178
:1040F800000109DA984228BF184670BD0020C5E7BC
:104108000023DCE70023F5E71346F3E70020F4E794
:104118000097490170B5044600254A482060C4E963
:104128000213C4E9042500230020002104F51862C5
:104138002362C4E9065525716362C4F85858C4F867
:104148005C58C4F87059C4F8745984F87859C2E9AD
:10415800000143F69822C4F88C2904F526664FF42A
:10416800004284F88859C4F89059C4F89459C4F89E
:104178009859C4F89C59C4F8A059C4F84C5AA4F8E2
:10418800502A46E90201C6E9000104F5276646E916
:1041980002010126A4F8705A84F8726AC4F8745AA5
:1041A800C4F8785AC4F87C5AC4F8805AA4F8845AD7
:1041B80084F8865AC4F8885AC4F88C5AC4F8905AB5
:1041C800C4F8945AC4F8985AA4F89C2AC4F8A05A77
:1041D800C4F8A45AA4F8A85AC4F8AC5AA4F8C45A03
:1041E800C4F8C83AC4F8CC3AA4F8D05AC4F8D45A97
:1041F800C4F8D85AC4F8DC5AC4F8E05A84F8885B82
:10420800A4F88A5BC4F88C5BC4F8905BC4F8945B30
:1042180004F516601FF0EFFD3246294604F53760B5
:104228001FF0E4F929464FF4036204F1280021F055
:10423800E7FFA822294604F6A41021F0E1FF204652
:1042480070BD00BF5875020808B503468068B3F80A
:104258008A1B8368002908BFFF215B68984758B10B
:10426800084B98420BD800F5FA70400041F28833A9
:10427800984238BF184608BD41F28830FBE76FF412
:104288007A70F8E70BFEFF7FF0B590F8883B89B0AD
:104298000446B3B900F6E825002600270A20CDE930
:1042A8000230CDE900430493CDE90667064B284662
:1042B8000FF05CF9054928461FF09EFA012384F89F
:1042C800883B09B0F0BD00BF09AD01081F96020880
:1042D8002DE9F84305460C461746002114222046CE
:1042E80021F08EFF95F8C53A002B37D0D5F8C80ACB
:1042F800D5F8CC9A95F8D08A95F8D16A2A49FCF76E
:10430800E3FCFCF7E3FE20604846FCF7DFFE83B2DF
:104318001F2B08D035D80F2B05D030D8072B02D04B
:104328000A2B18BF7D23A380B31F022B9ABF043E1C
:10433800F6B20126B8F1080F8CBF1023202384F8A9
:104348000680E6712381EB682BBB1623A372022338
:10435800E3730423E7722374BDE8F883EB683BB189
:10436800986CD3F8789093F8748093F87560C5E7E3
:10437800DFF838900E484FF007080526BEE7142BE3
:10438800CFE7FA2BCFD003D8292BCCD03E2BC8E7C8
:10439800B3F5FA7FC5E793F94C30A372162BD4DC3A
:1043A8000933D4DAF723D1E70024744900007842AE
:1043B8008D67594408B590F8C53A5BB1D0F8C80A7A
:1043C8000749FCF781FC4FF07C51FCF775FBFCF7C3
:1043D8007DFE08BDC3680BB1986CF1E70148EFE7B3
:1043E800002474498D67594408B590F8C53A63B1FB
:1043F800D0F8CC0A0849FCF767FC4FF07C51FCF771
:104408005BFBFCF763FE80B208BDC3680BB1986F15
:10441800F0E70248EEE700BF0000204100007842C4
:104428002DE9F047024616F0D1FB92F8C53A0F463F
:104438000646002B00F09580D2F8CC5A4D4910461C
:1044480016F0D1FB0C2EB04628BF4FF00C085FFACF
:1044580088F8B8F1060F0446284638BF4FF006081A
:10446800FCF7D0FD00B1444D082C28BF0824E4B265
:104478000120052C00FA08F038BF0524FCF7D0FB12
:104488003E4981462846FCF71FFC01464846FCF792
:10449800CFFC082E05468CBF10202020FCF7C0FB5F
:1044A8003749FCF709FB2946FCF70EFC35498146DC
:1044B8002846FCF7C5FD002859D04FF07E5A4046E3
:1044C800FCF7AEFB06463846FCF7AAFB4FF08241E4
:1044D800FCF7FAFB4FF0814107463046FCF7F4FB46
:1044E80001463846FCF7E6FA2749FCF7E5FA4FF0AB
:1044F8008341FCF7E1FA514607465046FCF7DCFADF
:1045080001463046FCF7D6FA4FF08141FCF7DCFB58
:104518004FF07E510646FCF775FD08B14FF0814615
:1045280031463846FCF784FC14F09EFA06462046CD
:10453800FCF776FB3146FCF7C7FB002122F0F9F8BF
:104548004FF08241FCF7B8FA2946FCF7BDFB494613
:10455800FCF7B2FA0949FCF7B7FBFCF7B7FDBDE871
:10456800F087D3680BB19D6F68E7084D66E74FF099
:10457800000AA4E70000E0400000FA4200007A4484
:10458800000088405A2F863C0000E0410000784235
:104598002DE9F04F04468BB016F0ACFB94F8713A55
:1045A80004F1140A002B00F0C5802046002205A95A
:1045B800FFF78EFEBDF818309DF81A001F2B00F08B
:1045C800A58000F290800F2B00F0A38000F2848079
:1045D800072B00F0A180614942F6B1020A2B18BFEF
:1045E8000A4606288CBF4FF0080B4FF00C0BBBF1A6
:1045F800080FBDF81C500CBF112319239D4240F32E
:10460800A8800121814056480023A1FB0001FCF746
:10461800CDFD23680646D3F8D83020469847A5EB49
:104628004B0808F1FF38814606FB08F8052064228C
:104638000023A8FB0001FCF7B9FD09F5FA63A8EB14
:104648000007BB42D4F8742A6ED20E357543A7EB27
:104658000907BD420BFB066608D96B1CA3EB0803D0
:1046680003444B445B089E4238BF1E46964203D122
:10467800D4F8783ABB4203D0C4F8746AC4F8787A9C
:1046880016F163004FF0000545F100016422002394
:10469800FCF78CFDD4F80880814617F163004FF0D1
:1046A80000030E464FF0640245F10001FCF77EFD61
:1046B800D8F808301D6A002D3CD02A4B03948DE8A9
:1046C8000B004A4633464046A84798BB0BF028FDE6
:1046D8000121C4F8940936E0204945F26112142BEF
:1046E80018BF0A467DE7FA2B19D008D8292B18D00D
:1046F8001A494FF224423E2B18BF0A4671E7174A5F
:104708001949B3F5FA7F08BF0A466AE747F6122245
:1047180067E743F6095264E741F6846261E7134AA2
:104728005FE74AF2C3225CE7013203D04FF0FF3360
:10473800C4F8743AA0680B49836822465B699847B5
:104748000028C3DA002150460BB0BDE8F04F15F041
:10475800BCBFD4F8743A0133E7E700BF48E801006A
:1047680040420F00C9A7010820A1070090D003000C
:1047780038B50368D3F8D03004460D469847B8B129
:1047880004F68C3015F04CFF034604F6943015F00F
:1047980047FF1844D4F87C3A984202D1D4F8803ABA
:1047A8003BB9C4F87C0A012D38BF0125C4F8805AEA
:1047B80038BD084AEB1A9342FAD994F8863A072B7F
:1047C800F6D923682046D3F8C83098472046FFF723
:1047D800DFFEE8E7BF270900F8B50368D3F8D4304F
:1047E80004460F469847002838D094F8A83A33B1C1
:1047F800D4F8A03AD4F8A42AFB1A93422ED3D4F8BA
:10480800AC3A23B1FB1A4EF65F22934226D92069AF
:1048180020B303689B68984701460546FCF71AFCD5
:104828000646D8B9284621F0A7FF174BC4F8A43A82
:10483800B4F99C3AC4F8A07A012213F5004F05B2E6
:1048480084F8A82A02D1A4F89C5A07E0EB1A002B96
:10485800B8BF5B42042B02DC84F8A96AF8BD94F85F
:10486800A93A33B943F6982384F8A92AC4F8A43A94
:10487800F4E7236884F8A96A2046D3F8CC3098472F
:104888002046FFF785FEDEE780EE360038B50446A1
:10489800183015F0C5FEA0BB23682046DB6A984790
:1048A80078BB15F0DFFE054604F68C3015F0B8FE2F
:1048B800034604F6943015F0B3FED4F87C2A03447A
:1048C800934202D1D4F8803A63B90023C4F8983AE5
:1048D80029462046FFF74CFF29462046BDE83840C8
:1048E800FFF77ABF074AEB1A9342F1D9D4F8983AFE
:1048F80013B1EB1A9342EBD9012D2B4638BF012394
:10490800E4E738BDBFD401002DE9F04F03688BB050
:10491800D3F8BC300446884617469847824638B9CB
:10492800654A394640460BB0BDE8F04F12F0BABAB6
:10493800D4F89819002900F08E80D4F89C290A230D
:104948005A43D4F8A0396420434302EB510203EBE5
:104958005103B2FBF1F2B3FBF1F194F94D0A94F86B
:104968004C6A05910A2500EB0A03B2FBF5F105FB39
:104978001122CDE90312CDE90003504A504BCDF87E
:1049880008A0002E08BF134627EAE7714D4A4046A3
:1049980012F088FAC72F054640445EDDD4F8943AF1
:1049A8000393D4F8903A0293D4F88C3A0193D4F84C
:1049B800883A0093791BD4F89839434A12F072FA6E
:1049C800054408EB0500791B94F8503A3F4A12F069
:1049D80069FA23680544D3F8B4302046984701465D
:1049E80040B9AF4208EB0500C8BF791B384A12F03E
:1049F80059FA0A35204616F0C3FA8346204616F0BF
:104A0800D6FA94F94D9AD945B8BFD9468145A8BF79
:104A1800814609F1FF36B345CABF0BF1020309F11C
:104A280001035E468342C8BF861E6FF00702C8BFF7
:104A380003469642B8BF16460C2BA8BF0C23099311
:104A480004EBC6044FF0640B099BB34209DA28460D
:104A58000BB0BDE8F08F0A467FE7AF42B3DC002118
:104A6800B2E7B4F8E429B4F8E8C91AB353080BFB61
:104A78000C33B3FBF2F30693B4F8EA39CDE904C377
:104A8800B4F8E639BD42CDE902230AEB0603CDE9C5
:104A98000063B8BF791B08EB0500A8BF00210D4AC9
:104AA800B14514BF20232A2312F0FCF9013605442E
:104AB8000834C9E71346DEE72C9602088B9C0208E7
:104AC8001BA60208349602085A9602086F96020836
:104AD80078960208839602082DE9F047B0F84E3A16
:104AE8000446002B00F0C78015F0BCFD0F4604F506
:104AF800276151E90232064653EA020040F08C80F1
:104B080041E9026794F9515A15F1800F23D0D4F87E
:104B1800582AD4F85C3A964277EB03031BDB2368E8
:104B28002046D3F8B0309847EB000128234440F0E2
:104B38008180B3F8EA290132A3F8EA29802384F8AE
:104B4800513A204616F064FB28B994F84C3A13B150
:104B5800204616F0EBFA94F89339002B00F08B807E
:104B6800002384F8933994F9513A803340F08380D4
:104B780023682046D3F8B430984700287BD094F8AF
:104B88009239002B77D023682046DB6A9847824603
:104B9800002870D104F52668C4F8606A2046C8F871
:104BA800047016F08FFA23680146D3F8AC30074634
:104BB80020469847064615F055FD022E81460D46BB
:104BC8004FD104EBC7014FF6EF73B1F8E4299A42CD
:104BD80002D9204616F05CFAB1F8E4390133A1F89D
:104BE800E439002E49D0B1F8E639022E03F1010369
:104BF800A1F8E63941D1236884F8517AD3F8B43062
:104C08002046984710EB090045F10005643045F14E
:104C1800000548E902052EE01F48F31A67EB020277
:104C280098424FF000039341BFF66CAF204616F050
:104C38002FFA65E7022805D1B3F8E8290132A3F86D
:104C4800E8297BE7B3F8E42912B1013AA3F8E4298B
:104C5800B3F8E629002A3FF471AF013AA3F8E62930
:104C68006CE7514604F1140015F02FFD2046FFF7BC
:104C78008FFC002EA5DABDE8F087204616F0C8FAAA
:104C88000028F8D194F84C3A002BF4D02046BDE81F
:104C9800F04716F04BBA00BF0097490170B50D46B2
:104CA80016460424314628461AF0E5FC40B1642033
:104CB80000211EF068FE013CF4D10248FFF738F9E4
:104CC80070BD00BFA39602082DE9F04FDFF85482AB
:104CD800ADF5257D04460D46174600214FF40072B8
:104CE80024A81E4621F08CFA98F8003043B98E4863
:104CF80019F01FFF98F8003013B98C4819F019FF04
:104D0800402124A81AF0B7FC98F8003081463BB936
:104D180024A816F011FB49460246854819F009FFF8
:104D2800102200210AA821F06BFA10210AA809F024
:104D380065FB0DF1CF0201460DF1280C00238B42D3
:104D480001DA102B58D198F80030002B40F0E6809B
:104D5800784819F0EEFEBFB1B6B1202E314628BF13
:104D680020210DF1DF033A467E1812F8010B13F8E3
:104D7800017FB24280EA07001870F6D198F8003037
:104D880043B96D4819F0D5FE98F8003013B96B484F
:104D980019F0CFFE402180A81AF06DFC98F8003079
:104DA800064673B980A816F0C7FA31460246644829
:104DB80019F0BFFE98F800301BB96248294619F06F
:104DC800B8FE0023079307AF10F094FC202300934C
:104DD8005D4801971CAB4FF4007224A920F0ADFF89
:104DE800064610B9079F202F0FD020211CA815F0C8
:104DF80066FB5648FFF79CF812F801EF1CF8010B08
:104E080080EA0E001070013399E70146142217A8B2
:104E180021F0F6F94E4A08964FF41053ADF8583081
:104E28000DF120084FF48073CDE91832ADF85A30EF
:104E38001CA943463A4616A820F0B3FE3946064652
:104E48001CA815F03CFB002ED3D1102231460EA829
:104E580021F0D6F937460DF1240ABD42D8F80000F2
:104E680017D90023CAF800300DF1380B10230DF1C3
:104E780048093749CDF808A00193CDF800905A4663
:104E880010F0F8FA18B9DAF80030102B14D04FF0F7
:104E9800FF36D8F8000020F068FE10210EA815F0A3
:104EA8000EFB002EA5D1012325441946AC421CD186
:104EB80001B933B327489DE7EA1B102A28BF1022FF
:104EC800E0194946059221F074F9059A17444A46B3
:104ED80012F8013D0133DBB213700BB95A45F7D113
:104EE8001021484615F0EBFAB7E714F8012B32B158
:104EF800FF2A14BF002303F001030021D6E713465D
:104F0800D4E724A84FF4007115F0D9FA10210AA8A3
:104F180015F0D5FA0DF5257DBDE8F08F002F7FF44B
:104F28001BAF37E71F880020C4960208E8960208DE
:104F3800309702085F970208A0970208C2970208F4
:104F48000F9802083E9802080900000277980208A4
:104F5800004440049698020830B5002389B00446FE
:104F68001A4620216846FFF7AFFE6946204614F02E
:104F780021FB65252378013BDBB2FD2B05D82021D9
:104F8800684615F09CFA09B030BD013D02D10748CA
:104F9800FEF7CEFF002368461A462021FFF794FE4D
:104FA8006946204614F006FBE4E700BFC1980208F2
:104FB800014B1870704700BF20880020014A11F08B
:104FC80071BF00BFE798020838B504464068FBF790
:104FD80027FE0649FBF72CFF05462068FBF720FE55
:104FE80001462846FBF768FD38BD00BF0024744918
:104FF800084B1B685BB9084B1B6843B9074B1B6818
:10500800003B18BF0123064A002013707047012394
:10501800F9E700BF0C4400200844002004440020A5
:1050280024880020014B1878704700BF248800208E
:1050380073B5484D1C220021044621F0E1F8286888
:1050480060B316F0B4F948BB28686A460D2116F01B
:10505800B2F928B96846FFF7B7FF01232060237526
:1050680028686A46102116F0A6F928B96846FFF79D
:10507800ABFF012360606375374B1B7873B12868F9
:105088006A460E2116F097F940B96846FFF79CFF6B
:105098003249FBF719FE0123A060A375304E306832
:1050A80018B3A37D0BBB2B68984201D016F07FF98B
:1050B80030686A460E2116F07EF940B96846FFF757
:1050C80083FF2649FBF700FE0123A060A375237D1B
:1050D8005BB930686A460D2116F06DF928B9684643
:1050E800FFF772FF0123206023751E4D2868F8B171
:1050F80016F05DF9E0B928686A46122116F05BF9E6
:1051080028B96846FFF760FF012320612376237DD5
:105118005BB928686A460D2116F04DF940B9684612
:10512800FFF752FF012320602375002002B070BDF5
:10513800237D002BF9D1637D002BF6D1A37D002BB5
:10514800F3D1237E002BF0D1E37D002BEDD16FF05E
:105158003C00EBE70C44002025880020000020419B
:105168000844002004440020014B1878704700BF11
:10517800218800202DE9F043442285B0002104460F
:1051880021F03EF83D4B1B78002B70D03C4D286831
:1051980000286CD03B4B1B78022B41D13A4F00269C
:1051A8003B7884F84030B1463B78B34203DC0020BA
:1051B80005B0BDE8F0830136CDE902692868836847
:1051C800D3F80080B8F1000F28D002AB14224C218C
:1051D800C04718BB286816F0EAF8F8B928686A4684
:1051E8002A2116F0E8F818B96846FFF7EDFE2060A6
:1051F80028686A462C2116F0DEF818B96846FFF7C9
:10520800E3FE606028686A462D2116F0D4F818B9C4
:105218006846FFF7D9FEA060012323731034C3E763
:10522800012384F8403016F0C2F818BB28686A4693
:105238002A2116F0C0F818B96846FFF7C5FE2060A5
:1052480028686A462C2116F0B6F818B96846FFF7A0
:10525800BBFE606028686A462D2116F0ACF818B9C4
:105268006846FFF7B1FEA060012323739FE76FF044
:1052780012009DE76FF004009AE700BF2188002024
:1052880000440020238800202288002070B4CE7DAE
:1052980046B1CD68541B054DAC4203D81BB970BC50
:1052A80016F08CB90023184670BC7047809706002A
:1052B8002DE9F84F032B0A9D0646894690461F465E
:1052C8002FD816F067F90446A0B38668464528D259
:1052D800C168404A691AA8EB06069620761A4FF06C
:1052E8000003A1FB000169EB0909FBF70FFF10F1AF
:1052F8002D020B4641F10001B24271EB09010ADBB4
:105308006FF02C02121A4FF0FF3161EB0303964243
:1053180079EB030307DA25610123A382C4E9028537
:10532800A775BDE8F88FA38A4FF6FF729342F5D0B0
:105338000133F2E70346182106F1170001FB03F2D7
:1053480010F802C0BCF1000F0ED1B418D9F8003023
:105358002360D9F8043063600123C4E9028525611C
:10536800A382A775E375DCE70133102BE6D131463C
:105378004FF0000A4FF0180B2A46304616F01EF977
:10538800CB6818B11448EA1A824217D98A7DBA4202
:1053980014D9ECB1A07D82421AD803D1888AA28A96
:1053A800904215D30BFB0A6260695269424032F0A1
:1053B8007F4203D1E268934238BF0C460AF1010AE2
:1053C800BAF1100F01F11801D6D1002CBED1A8E70F
:1053D8000C46F3E740420F0080510100034690F865
:1053E800900138B1D3F88C310348C91A81428CBF77
:1053F80000200120704700BF7F3A09002DE9F347DC
:105408008A4616460021182204461D4620F0F8FE5A
:10541800DAF88071BE422CBF002301232374324680
:10542800009351462B4604F1180016F0D4F8237E59
:105438001BB940F20123238014E0BE422ED2A37E82
:10544800022B02D840F20133F5E7D4E90832B3F170
:10545800960642F1FF32B6F5167F72F1000305DABF
:1054680001236370204602B0BDE8F0872946504604
:10547800FFF7B4FF08B10523F3E79AF8A03143B169
:10548800DAF89C3145F25F41EB1A8B4201D80623CA
:10549800E7E70223C4E902622370E3E7637E052B92
:1054A800D0D9A27EB3EB420F02DB40F20143C2E740
:1054B800D4E90887002F4646B94602DA764267EBF8
:1054C8004709B6F5167F79F10003C9DB294650462E
:1054D800FFF784FF0028CED19AF8A03133B1DAF86B
:1054E8009C3145F25F42EB1A9342D0D99AF8983131
:1054F800ABB1DAF89431164AED1A4FF496700023DE
:10550800A5FB0001FBF702FE10F5167041F1000142
:10551800B04271EB090102DA40F201738BE7022312
:1055280018F5616F23703B4677F1FF374246B8BFE5
:10553800084A40F61161B8BF4FF0FF338A4273F151
:105548000001A4BF4FF461620023C4E9022389E784
:1055580040420F00F0F1FFFF0138C0B206289ABFA1
:10556800024B53F820000248704700BF78760208C3
:10557800FD9802082DE9F04FB1B005460B93884617
:105588003A9B9DF8ECA00146164616A80B9AFFF721
:1055980035FF9DF858209DF868309DF870400993B4
:1055A800022ADDE91E7940F0358195F88421DDE98C
:1055B800181022B1002880F2A081B74A04E0B74B46
:1055C8008B428241B64A07DBB64B4FF0FF3C99420B
:1055D80070EB0C0C00DB0B46B348B149DDF824C076
:1055E800BCF1000F18BF0146CDE9001222A8AF4A4E
:1055F800382111F057FCBAF1000F00F03081AC4BA4
:10560800A74A9DF871109DF872009DF873C0002C90
:1056180000F02881A14C4FF0000EBC427EEB090E31
:1056280007DBA04C4FF0FF3EA74279EB0E0EA8BF58
:105638003C46209F00920DF1880ECDE90110CDE97E
:1056480003C4CDE9057E9B4A3146404611F02AFC49
:10565800041EC0F24D81B44280F04A81D5F8AC31C5
:1056680003B3D5E96E1C8D4AD5F8B0718A424FF064
:10567800000070EB0C0007DB8A4A4FF0FF309142C4
:105688007CEB0000A8BF0A46CDE90072311B08EB8D
:105698000400894A11F006FC241800F12981B4425B
:1056A80080F02681D5F8B4315BB1311B08EB0400DA
:1056B800824A11F0F7FB241800F11A81B44280F0F5
:1056C80017813A992846FFF789FE98B13A992846F2
:1056D80016F004F9311B7A4A4FF46163B0FBF3F317
:1056E80008EB040011F0DEFB241800F10181B4423C
:1056F80080F0FE80D5F8A8310093311B08EB040038
:10570800D5F8A4316F4A11F0CDFB241800F1F080D0
:10571800B44280F0ED8005F5C0730A934FF0000A9B
:105728002B46DA7D0AB10AF1010A0A9A1833934224
:10573800F7D14FF0000BD946CA4540F3A8808BF04B
:1057480001032F460F93FB7D002B00F09480099BEB
:105758003A9A39462846FFF799FD0F9B834240F055
:105768008A8008EB04030893331B0C933B780D9352
:105778007B783A9A0E93FB68B98A97F816C0D31AC1
:10578800BA68632928BF63219B184FF0000242EBD7
:10579800020E0B9A9B1A414A6EF1000E9A424FF084
:1057A800000272EB0E025FDB3E4A93424FF0FF327B
:1057B8007EEB02025ADBDFF8E8E0434A002808BF24
:1057C8007246CDE903320E9B0093CDE901C10D9BD2
:1057D8003E4A311B08EB040011F064FB002802DB91
:1057E8002044B04244D3089A0023CA4513704EDDC2
:1057F800AAEB0903364A182110A811F053FB0C9B99
:105808008342054643D9421C10A9089820F0D1FCD0
:105818002C443CE0BDF85830B3F5807F15D1B9F180
:10582800000F3B464A4602DA7B4269EB490240F2E6
:105838002D118B4272F10002B4BF264B264B274A2A
:10584800382122A811F02EFBD5E69DF85900FFF764
:1058580083FE03460AB9224AF2E7224AF0E7224BBE
:10586800224ACEE62746E5E60C4BA4E70D4BA2E715
:1058780009F1010904460A9B18379F427FF463AF78
:105888000BF10103022B4FF0010B7FF455AF2046BB
:1058980031B0BDE8F08F00BFFF980208009435775B
:1058A8008AB70208006CCA88189902083E9902084B
:1058B8001BA602086299020897990208B79902087C
:1058C800C5990208CF9902083B990208E399020892
:1058D800FF990208259902082899020847A6020894
:1058E8004B990208559902088B9C020830990208C6
:1058F800741E002308F80430C9E7034B00228B42CA
:105908008241024A66E600BF009435778AB70208EA
:10591800044BBFF35B8F1868BFF35B8F003818BF69
:10592800012070471C44002010B5074BBFF35B8F64
:10593800024653E8001F43E80024002CF9D1BFF3C6
:105948005B8F06F0CDFC10BD1C440020054BBFF357
:105958005B8F53E8002F43E800010029F9D1BFF31A
:105968005B8F704718440020034BBFF35B8F1868A8
:10597800BFF35B8FC0B2704714440020054BBFF3E0
:105988005B8F53E8002F43E800010029F9D1BFF3EA
:105998005B8F704714440020044BBFF35B8F18687B
:1059A800BFF35B8F003818BF0120704710440020F8
:1059B80003289ABF014B185C0020704741B90208C0
:1059C8000138C0B202289ABF014B185C0120704709
:1059D8003EB902080138C0B202289ABF024B53F8F8
:1059E80020000248704700BF947602084F9A0208C8
:1059F80010B50428074BBFF35B8F28BF012053E87D
:105A0800002F43E80004002CF9D1BFF35B8F15F099
:105A180078FF10BD600000201FB508B10023037097
:105A28000E4819F0D4FB6946002006F027FF01460E
:105A380030B90098826819F0E0F9009819F0B2F9C5
:105A4800064807F05BFD6946054819F09DFBB0FA6A
:105A580080F0400905B05DF804FB00BF1401002088
:105A68006E9A020810B50446FEF754FB014B2360FA
:105A7800204610BDB076020810B5054904464FF41B
:105A88000062FEF701FC2046BDE8104015F0A4B9FD
:105A98004090002000487047000080BF00487047D1
:105AA800739A020800487047839A020800487047B2
:105AB800F8A60208004870473C09002000487047D3
:105AC8008829002010B5054801F06EF9044610B188
:105AD800024801F085F9204610BD00BF3C5D00205A
:105AE80010B505480C46602220F063FB21460348A8
:105AF800BDE8104001F0FCB93C0900203C5D0020E5
:105B0800014814F031BD00BF74000020014902486B
:105B180001F03ABA881E00203C5D002038B50D4BD4
:105B28001C6804F58053002504F5005483F8E858F0
:105B380083F8685AD4F8300218B118F0FDFDC4F89B
:105B480030520023C4E98D330620BDE8384006F002
:105B58008FBC00BF505D00200A22A0FB0223014831
:105B68000DF0B2BC0000002008460149FBF742BB1B
:105B7800A59F0208014815F042B900BF982C0020E3
:105B880070B50D490D4E0546012818BF0E4606F0A2
:105B980081FA044650B10A4890F8C83833B1314602
:105BA800A0F5805018F02EFB204670BD0548E9B2DC
:105BB80001F0B2F90024F7E7A99A02088F9A0208BF
:105BC800281700203C5D0020014814F0D8BC00BF15
:105BD80074000020F7B50E4B0E48B3F86C700C46F5
:105BE80014F0C2FC05460C4815F067FB06460B4846
:105BF800FDF7B8FF0A49CDE900702A4620464FF460
:105C08007A73B6FBF3F311F077F903B0F0BD00BF78
:105C18002807002074000020700000206800002081
:105C2800279B0208034BD3F820350BB906F040BA7E
:105C38000020704728270020084BB3F8CA0858B13D
:105C48004FF6FF72904207D1B3F8C60810B1C830BA
:105C580080B2704740F6AC50704700BF281700204C
:105C6800014601481EF03CB9545D0020F7B50026F6
:105C78000D460E706F490446FBF7B2FA20B16E4923
:105C88002046FBF7ADFA30B96C49284603B0BDE8A9
:105C9800F040FBF7AFBA6A492046FBF7A1FA80B992
:105CA800684B694993F8C828684B002A08BF0B4617
:105CB800674A4FF48071284603B0BDE8F04011F000
:105CC800F1B864490E22204620F0D7FA00283ED1C8
:105CD8000E34264601343378202BFAD05B493046FF
:105CE800FBF77EFA80B15C493046FBF779FA58B188
:105CF80055493046FBF774FAC8B158493046FBF7A6
:105D08006FFAA0B15649C0E74E4B93F8C878012402
:105D18004C4E4FF4807086F8C848FFF7A1FF5CB17D
:105D28001FB9A6F5805018F0DDFA484B06E0454B40
:105D3800002493F8C878EBE717B9434B494AB8E70A
:105D4800A6F5805018F009FB86F8CC48F5E74649D7
:105D58002046FBF745FA80B93A4BB3F8CA380BB975
:105D6800424992E74FF6FF72934204D1FFF764FF6E
:105D78003F4A03469DE73F4A9BE73F491322204697
:105D880020F07BFA00284BD11334264614F8013B47
:105D9800202BFAD039490722304620F06EFA80B31A
:105DA80000230A2201A93046019311F0EFFB344C7D
:105DB800019A1178A1F10903DBB2172B03D824FA51
:105DC80003F3DB070AD43378303B092B04D819B91D
:105DD80041F28833984204DD2A4956E7013201929C
:105DE800E6E784B2174B4FF48070A3F8CA48FFF770
:105DF80037FF254A00231370244A137024B9244915
:105E080043E74FF6FF74EDE74FF6FF739C4204D16A
:105E1800FFF712FF1F4A03464BE71F4A234648E78E
:105E28001E482B462246314603B0BDE8F04003F039
:105E3800E3B800BF659B02086A9B02086C9B0208D6
:105E4800159C0208281700208B9C02081BA6020834
:105E5800239C0208319C02081DA802081BAD0208F9
:105E6800409C0208569C0208689C02087B9C020819
:105E78008F9C0208AF9C0208C59C0208E2A7020892
:105E880013008000D99C020827880020268800205B
:105E9800039D02081B9D02083F9D02085006002032
:105EA8002DE9F0418AB01F46DDF84080119BB8F11A
:105EB800010F73F1000304460D46164615DB25480D
:105EC800414615F013FA012006F0CCFBBFF35B8FB7
:105ED800214B53E8002F43E800810029F9D1BFF393
:105EE8005B8F4FF40070FFF7BBFEDFF87080204631
:105EF80058E902232946FAF72FFD30B1D8E9000105
:105F080032463B46FAF728FD18B948E90245C8E980
:105F1800006702A815F034FA114B002230463946C2
:105F2800FAF7B2FAFAF74AFD0D4B06460022204668
:105F38002946FAF7A9FAFAF741FD069B00930246AB
:105F48009DF81C103346012006F0EEFA0AB0BDE8B1
:105F5800F08100BF445D0020645D0020B81E002071
:105F680000408F40F0B50F4B0F4887B0D3E9126758
:105F78000C46D3E9101515F083FD0B4B0246181D8E
:105F880015F07EFD03460848083015F079FD0091AC
:105F9800CDE90370CDE901560449204610F0ACFF65
:105FA80007B0F0BD2807002024380020599D0208BA
:105FB8002DE9FF41244DDFF89480254F254E264BCF
:105FC8002B600024294640466C60AC6015F021FF28
:105FD8003A46224B22492348FFF744FD3046224BDC
:105FE80040F8043B21464FF4A06220F009F91F4B0A
:105FF800C6F80445C6F80C45C6F80845CDE9026858
:106008001B4E1C4A17491C48CDE900531B4B02F094
:10601800A3FA304615F0EAFD174B1948194986606E
:1060280003F5BB53C360184B036100220023C0E98A
:106038000075C0E9342380F8C840983004B0BDE842
:10604800F0411DF0AEBB00BF445D00203C5D002068
:10605800740000202C580020607602083038002098
:10606800746B0208982C00209477020868000020BE
:106078002444002070000020280700206C00002025
:10608800500600204DE6010864000020014814F085
:106098000DBB00BF982C0020014815F090BC00BF34
:1060A800982C00202DE9F04FE5B0C24807AF14F056
:1060B80061FA00233B7037A808F0BCF978BB08F0F8
:1060C800EFF9379940F21F13194228D0BA4ABB4B4F
:1060D800BB48BC4CBC4DBD4E11F0010F08BF134668
:1060E80011F0020F08BF104611F0040F08BF144644
:1060F80011F0080F08BF154611F0100F08BF16461B
:1061080011F4807FB249009018BF0A46CDE90362B6
:10611800CDE90145AF4A6021384610F0C3FE00F0D2
:10612800E3FCAD4800F030FEAB4800F003FF012867
:106138000DD13846FBF766F89F4AA84BC0F16001BD
:10614800002808BF1346A64A384410F0ABFEA24800
:1061580000F040FE70B9A04800F056FE002840F05C
:106168007B839D4800F020FE9B4800F00DFE9A4876
:1061780000F036FE15F0FCF8FEF73AFF15F01EF9B0
:1061880037A815F0C1FB18B13799964815F0AEF845
:1061980006F04CF915F0B0FB15F0ECF840B1924858
:1061A80015F0E2F8914815F0E0F8914815F0DEF89E
:1061B800904CFEF737FF4FF4B87200218E4820F05C
:1061C8001FF88E4B8E49C4F8603704F5F360FBF76F
:1061D80011F88C4BC4F8CC378B4BC4F8A8378B4BD1
:1061E800C4F8AC374FF07C53C4F8B437884BC4F8C4
:1061F800C837002240F20753C4F8B027C4F8D43790
:106208004FF49671834BC4F8F42740F20112C4F896
:10621800D837C4F8E817804BC4F8702840F60F71D7
:1062280001226D48C4F8DC37A4F876280023A4F8C6
:10623800781884F8C32884F8C82804F5EC614FF668
:10624800FF72C4F8E03784F8E43784F8EC3784F850
:10625800743884F87D3884F87E38A4F8CA28A4F8FD
:10626800C63800F08BFFD4F888086C4AA0F5C33311
:10627800A03B934201D805F051FF4FF4B8725E4934
:106288006748DFF8A0811FF094FF6749524801F082
:10629800CBFB6549504801F093FCD4F8543308F51A
:1062A800BB5953B96149624A1023404616F06DFD47
:1062B8004948A9F1040101F0C7FC1FAD284613F0B5
:1062C8006DF94548294600F0E7FD30B92846FEF744
:1062D80043FE4148294600F00BFE564860222946F5
:1062E8001FF067FF94F864375BB9EB780293AB78DB
:1062F80001936B7800932B784F4A5048202110F077
:10630800D1FD4F4B4F48C4F8D8384F4BC4F8D43858
:10631800C4F8DC0806F02EF84C484D4E4D4D18F0E8
:10632800E3F9B4F8C60818F0EAF94B4818F0E9F9A7
:106338004A4BC4F8E0384A4BC4F8E438494B4A4A57
:106348004A49C3F83424C6F8DC1A494A4949C6F808
:10635800D42AA3F500500022C8E91412C6F8D82A96
:10636800C6F8E02AC5F8008017F0A8FF3A783D4B38
:10637800C6F80C9022B13946A3F5005017F042FF39
:1063880094F87E08003818BF012005F0EDFE2B4870
:1063980006F028F92E48FEF70DF807462C4814F0A9
:1063A80015FC80462A48FEF71FF88146284814F055
:1063B8001AFC61E0740000208AB70208BA9D02083E
:1063C800CD9D0208D79D0208E19D0208F09D0208B4
:1063D800FA9D0208069E02083C5D0020029E020803
:1063E8001D9E0208445D002063BA0108A95E0008EA
:1063F8004DBB010828170020881E0020000010410E
:1064080033A30208CDCC4C3E8D6759441600002FAB
:106418009A99993E00007A42404008009FBB0D00BF
:106428003038002028070020841E00203A9E0208E9
:1064380045B902083C090020419E02088C1E002034
:1064480083BA0108095B0008FBBA0108D15B0008A0
:10645800982C0020505D0020895B00087D5B0008B7
:106468005FBA010828270020755C000841BB0108B5
:1064780047BB0108615B00088246B74814F0CAFBB5
:106488008346B54814F0B9F800B253464A46414627
:10649800CDE900B0384606F013F8AF4814F0B8FB61
:1064A8000746AD4814F0ACFB8046AB4896F871AA95
:1064B80014F09AF88146A84814F0B8F80346A7489B
:1064C80015F0DEFA003818BF0120CDE90030524639
:1064D80038464B46414606F009F8A14815F0D0FA6F
:1064E8000346A04815F0CCFA01469F4815F0C8FAB3
:1064F8000246184606F010F89C4814F035F80021BA
:1065080006F020F814F036FF06F07AF894F8E4075D
:10651800003818BF012006F079F894F8C10801384E
:1065280018BF012006F080F894F88E08003818BFCC
:10653800012006F085F894F8E077381E18BF01208E
:10654800FFF7F2F994F8E107FFF700FA94F8E20789
:10655800FFF714FAB7FA87F0400905F09FFE14F028
:1065680009FF80B1D4F8E80714F011FF94F8E407A4
:10657800003818BF012014F001FF94F8E43713B174
:10658800012014F0FCFE94F870187348003918BF05
:10659800012114F08BF894F871186F48003918BF6E
:1065A800012115F00CFA94F872186B48003918BFDD
:1065B800012114F069FE94F8803894F87618019354
:1065C80094F879380093003994F8783894F9772852
:1065D800614818BF012114F0FFFC5F4894F88078E7
:1065E80014F00EF8874296F94D3A03D194F97728BA
:1065F8009A420AD0584884F8773814F001F85C4970
:1066080084F880085B4800F0BFFC534814F000FB96
:106618000746514814F0F4FA80464F4896F871AA94
:1066280013F0E2FF81464C4814F000F803464B484B
:1066380015F026FA003818BF0120CDE90030384699
:106648004A4F4B465246414605F050FFD4F8F417DE
:10665800384613F08BFF48481DF03CFC474B484A2E
:10666800454800961021CDE90173424B01F008FD21
:10667800444805F079FC94F864374348002B08BF78
:10668800002005F089FC4CF2503200233F48DFF827
:106698000091CDE900230DF0F3FC4FF0FF334FF0EC
:1066A800FF32CDE9002340F27F71002232481DF00D
:1066B8001EFC0646014630481DF015FCF20601D5C1
:1066C80001F050FDB30601D514F070FE77070BD525
:1066D80005F02AFD0023002237A90CF087FB0346AA
:1066E8002868002B00F0C880700510D52B6873B19E
:1066F80005F0D8FC58B905F01BFD436A072B06D8EE
:10670800286820B117F074FC08B105F015FD286859
:1067180020B116F0470F01D017F0E8F9310771D50D
:10672800286808B113F0FBF82B68DFF86880002BA5
:1067380000F0B48003F5805393F8E828002A00F0AD
:10674800AD80D3F8EC78D8F800309F4224D14FF4CC
:106758008060FFF785FA1FE0982C0020B02C0020FD
:1067680024380020283800202C380020740000200D
:10677800881E00203C5D0020545D0020445D002000
:1067880028070020707802088C1E002028050020A9
:10679800204400207C000020C8F8007005F074FC3C
:1067A80040B105F077FC28B905F0B0FC10B901201C
:1067B80005F058FC01F0BEFD286808B116F063FE2C
:1067C80017F09EFF94F8C838E3B1FFF735FA804612
:1067D800C0B11DF0B8F900230A22FAF7E7FCD9F88E
:1067E800003023B1C31A47F22F5293420AD9C9F88D
:1067F8000000414813F0B8FE0746002851D13F4B2E
:1068080000221A70F20506D5296821B13C4801F525
:10681800BB5100F0B9FBB3057FF53FAF394815F020
:106828002FF915F073F82E68002E3FF436AF1DF0DF
:106838008AF90A220023FAF7B9FC4FF47A72002386
:10684800FAF764FC014606F50950203014F0A9FF58
:10685800286817F05CFD20E7294800F0DBFA0028DB
:106868007FF47FAC264800F011FB00283FF47FAC92
:10687800234815F010FB7AE4BDF8DC200DF1DE01A9
:10688800FBF752F800287FF423AF40F201130221EE
:1068980006A8ADF8183015F0F0F819E74FF0FF37F3
:1068A8007AE7154813F06BFEF8B908F19503BB4277
:1068B8001BDBB845A3D9144A1378002BA2D10F4982
:1068C8000B780133DBB2022B0B709BD901231370B9
:1068D80030210E4ACDF800803B4637A810F0E2FA86
:1068E8000B4837A917F08EFC8CE7074A0023137072
:1068F800024A137086E700BF740000202688002033
:106908003C5D0020645D002027880020529E02081C
:106918002807002037B50F4C0F4D94F8803894F8AD
:106928007618019394F879380093003994F87838F8
:1069380094F9772818BF0121284614F04DFB95F8E3
:106948004D3A84F87738284613F05AFE84F88008C0
:1069580003B030BD28170020982C0020014813F000
:1069680053BE00BF982C00200148FDF7CDBF00BFE3
:10697800982C0020014815F041B800BF982C002041
:1069880010B51748BFF35B8F002450E8003F40E87C
:106998000042002AF9D1BFF35B8FBFF35B8F031D61
:1069A80053E8002F43E800410029F9D1BFF35B8F7A
:1069B800BFF35B8F00F1080353E8002F43E8004161
:1069C8000029F9D1BFF35B8FA0F68C3015F016F8CB
:1069D800044BC3E91044C3E91244A3F86C4010BD4A
:1069E8002438002028070020014815F004B800BF0B
:1069F800982C00200148114616F0D4BC2807002026
:106A08002DE9F043154B164885B0D3E905950E4698
:106A180013F0F3FD0446124813F0E2FD0746104850
:106A280013F0E0FD80463846FAF72AFB07B24046E5
:106A38004FF47A73B5FBF3F5B9FBF3F303950293BF
:106A4800F9F7CAFC24B2CDE900013B4605492246C4
:106A5800304610F051FA05B0BDE8F0832807002051
:106A6800982C0020769E020870B5D4B003460546DF
:106A78000C46164638211B4A04A810F013FA0138B0
:106A8800362824D812A904A818F036FB10B904A88F
:106A980018F0CFFA0023122204A901A8CDE9013386
:106AA8008DF80C3018F019FA002810DB314601A8CF
:106AB800A047044601A818F0B0FA064601A818F045
:106AC8006AFA0CB1002E06DA04A818F0B2FA00240B
:106AD800204654B070BD294604A818F0D2FA002800
:106AE800F6DAF1E7DC9E020838B5094D2B786BB968
:106AF800084815F0C4F850B1012407482C7015F067
:106B0800BEF8064B002818BF20461870012038BD73
:106B1800298800206E9A0208E39E0208288800202F
:106B280007B50846CDE9002303496A46FFF79CFFED
:106B380003B05DF804FB00BFB5BC010870B5E8B050
:106B480013460C46164640212C4A06A810F0AAF90E
:106B580001383E2821D826A906A818F0CDFA10B980
:106B680006A818F066FA0020CDE90000CDE9030078
:106B78008DF808008DF8140001222146684618F0A7
:106B8800ACF9002809DB122206A903A818F0A5F918
:106B980000280DDA684618F0FEF90025284668B086
:106BA80070BD224616A903A818F013FAA04214D102
:106BB800402216A9684618F000FA041EF1DC0125E7
:106BC800684618F0E8F903A80DB1002C07DA18F0A8
:106BD800E2F906A818F02DFADFE70025F0E718F02B
:106BE8001CFA044603A818F0D6F9002CF1DB31464C
:106BF80006A818F046FA0028D0DAEAE7DC9E020870
:106C080030B50446B1B0404815F0F8F868B93F48C7
:106C180015F0F4F848B13C4A3C492046FFF78EFF8E
:106C280018B13A49204615F0F8F8394815F0E6F851
:106C380068B9384815F0E2F848B1354A3549204670
:106C4800FFF77CFF18B13349204615F0E6F83248C3
:106C580015F0D4F8054668BB304815F0CFF848B3AE
:106C68002D4A2E492046FFF769FF18B32B492046C5
:106C780015F0D3F828498DF8085003226846CDE965
:106C8800005518F02AF90546A0B9014602226846BF
:106C980018F0ABF92946B42203A81FF0B1FA502521
:106CA800B42203A9684618F094F9013DF8D1684662
:106CB80018F071F9144815F0A1F838B1134815F017
:106CC8009DF818B11149204615F0A7F8104815F09D
:106CD80095F838B10F4815F091F818B10D492046CC
:106CE80015F09BF80C4815F089F850B10B4815F0D1
:106CF80085F830B10949204631B0BDE8304015F07B
:106D08008CB831B030BD00BFE89E0208F79E02087B
:106D1800069F0208159F0208249F0208339F020855
:106D280070B5174B0279174E002A18BF1E46B0B02F
:106D38000546304615F062F80446F8B90146B42213
:106D480003A81FF05DFA122231466846CDE90044D7
:106D58008DF8084018F0C1F800280FDB2B79002BBC
:106D68000CBF14256425B42203A96846013418F021
:106D780030F9AC42F7D1684618F00DF930B070BD63
:106D8800249F0208339F020810B5064B1B78037135
:106D980004460BB1FFF734FF2046BDE81040FFF76B
:106DA800BFBF00BF2888002007B500230DF10700EA
:106DB8008DF80730FEF730FE044B9DF80720187059
:106DC800034B1A7003B05DF804FB00BF298800204C
:106DD80028880020014815F011B800BF429F02081A
:106DE8001FB5002307498DF80C30122201A8CDE900
:106DF800013318F072F810B901A818F0CCF805B0F2
:106E08005DF804FB429F0208014814F0F7BF00BF79
:106E1800509F020830B597B003AB00931649002580
:106E2800482304AA039515F00AF80446F8B1039B11
:106E3800432B1FD9129D11492846FAF7E3F8B0B938
:106E48000F492846FAF7FCF888B99DF84C30053BFD
:106E5800072B0CD8149D0B492846FAF7D3F830B9FC
:106E680009492846FAF7ECF8041E18BF0124204601
:106E780017B030BD2C46FAE7509F02080000964331
:106E8800000070440000C0400000FF43014814F0B7
:106E9800B5BF00BF5F9F020870B5A4B0002303937D
:106EA80003AB00930D4680230F4904AA14F0C7FFD3
:106EB8000446A8B1039E3F2E12D9324604A928469B
:106EC80012F0FBFB68B9324604A9284612F055FCBB
:106ED80038B9064818F0ADF80449034818F0D1F855
:106EE8000024204624B070BD6D9F02087B9F0208D5
:106EF80010B5A0B0044680220846694612F0C4FBCB
:106F0800034620B103496A462046FFF709FE20B030
:106F180010BD00BF6D9F020807B501238DF807104B
:106F28000DF107020249FFF7FBFD03B05DF804FB12
:106F38008D9F020870B5C6B00023044604A9114805
:106F48008DF80B300DF10B0503AE039318F0D4F850
:106F5800A8B90C49009601232A46204614F06FFF71
:106F680048B1039B3BB10749204614F056FF9DF8F2
:106F78000B0046B070BD0349204614F04EFF0020B8
:106F8800F7E700BF8D9F0208F0B50C46C1B00B466D
:106F980054F8041B009107466A4601AE03F1240C1D
:106FA80020686168354603C5083464452E46F7D124
:106FB800986AD96A0AAC03C4596B186B03C4996CF4
:106FC8009163B3F87410918793F82E1182F83E10EC
:106FD80093F8211182F83F10996F116493F84C10BF
:106FE80082F8441093F8221182F8451093F823117F
:106FF80082F8461093F8241182F84710196D9164AD
:1070080093F88C1082F84C10002593F8771055628D
:1070180082F84D1093F82F1182F84E10D3F82811EA
:10702800116593F82C1182F8541093F8841082F8A3
:107038005510D3F88810C2F8561093F82D1182F81D
:107048005A1093F8301182F85B1093F8101182F8F7
:107058005C1093F8801082F85D1093F8131182F891
:107068005E1093F8141182F84F5082F85F1003F500
:10707800997418AD03F5A57C206861682E4603C68F
:10708800083464453546F7D120683060A088A17976
:10709800B171B08003F251110DF17F0003F2611458
:1070A80051F8045B40F8045BA142F9D193F86111EF
:1070B80082F88F10B3F86211A2F89010B3F8641137
:1070C800A2F89210B3F86611A2F8941093F812116E
:1070D80082F8961093F8151182F8971093F86811B2
:1070E80082F89810B3F86A1182F89910090A82F8A0
:1070F8009A1093F8161182F89B1093F8171182F8DA
:107108009C1093F8181182F89D1093F8191182F8C1
:107118009E10D3F89410C2F89F10B3F81A11ADF866
:10712800A31093F81C118DF8A51093F86C1182F830
:10713800A61093F8111182F8A71093F81D1182F880
:10714800A81093F81E1182F8A91093F8201182F85C
:10715800AA1093F81F1182F8AB1093F8811093F8D6
:10716800823082F8AC1082F8AD300349AE2338463D
:10717800FFF7D6FC41B0F0BD509F02082DE9F04F53
:10718800ADF5317D05464FF4B87254A80C461FF092
:1071980010F8944814F032FE38B9214628460DF507
:1071A800317DBDE8F04FFFF7EFBE002313AE14AFFB
:1071B80013938C4900964FF480733A46284614F08E
:1071C8003EFE002851D0DDF84C80B8F1590F4CD95B
:1071D80022463B6842F8043B0D9315AE0DF1740C42
:1071E800354603CD6545106051602E4602F1080210
:1071F800F6D11EAA03CA97F83D30A062E16203CA1D
:107208000293BA6B84F8753097F83E3097F83C6073
:107218003D6C039384F82E3197F83F302063616307
:10722800A264714984F8746084F82131A567104616
:1072380004939146F9F7E6FE88B96C494846F9F790
:10724800FFFE60B9053E072E09D869492846F9F7B7
:10725800D9FE20B967492846F9F7F2FE48B14FF43C
:10726800B87254A920461EF0A4FF0DF5317DBDE883
:10727800F08F97F84530059384F8223197F8463017
:10728800069384F8233197F84730079384F824311C
:10729800BB6C0E93236597F84C30089384F88C30B8
:1072A80097F84D30099384F8773097F84E300A9361
:1072B80084F82F313B6D0F93C4F8283197F8543078
:1072C80097F944B00B9384F82C3197F8553084F82B
:1072D8004CB00C9384F88430B8F15B0FD7F8563073
:1072E80097F85A201093C4F8883084F82D2107D8CD
:1072F800012284F810215B25002284F880201BE0FD
:1073080097F85B2084F83021B8F15C0F08D097F823
:107318005C2084F81021B8F15D0F05D14546EBE7F4
:10732800012284F81021F9E797F85D2084F880207D
:10733800B8F15E0F07D15E251F22002104F5997070
:107348001EF05EFF21E09DF8AE1084F81311B8F12D
:107358005F0F38D09DF8AF2084F81421B8F17E0F64
:1073680033D92CAD04F5997232AF2E4603CEBE4206
:1073780010605160354602F10802F6D1306810609D
:10738800B088B179917190807F2505F11001884509
:1073980004F251101BD314AA2A4402F1100552F822
:1073A800046B40F8046BAA42F9D1884515D914AD8D
:1073B800481C6A5C84F8612180451DD8002284F845
:1073C800622102461FE04546B6E76025B4E7002182
:1073D80010221EF015FF2946E7E7002284F86121F4
:1073E8000846EBE7509F02080000964300007044EF
:1073F8000000C0400000FF438A1C285C84F862013A
:10740800904500F2AF820127901C804521BF14A946
:107418008D188E5C6D7884F8637128BF024602F17E
:1074280002002CBF46EA05260026804525BF14A980
:107438008D18002595F801C028BF8D5CA4F86461FB
:1074480024BF024645EA0C259045A4F8665140F24F
:107458008C820DF1500C501C1CF802104B1E594226
:107468005941804584F8121140F284821CF80000CA
:1074780000F1FF3ADAF1000002F1020140EB0A00E4
:10748800884584F8150140F271821CF80100012832
:1074980028BF0120D11C84F86801881C804521BFC1
:1074A80014AA02EB010C525C9CF801C026BF0146ED
:1074B80042EA0C224FF6FF728845A4F86A2140F28E
:1074C8005B8214A84A1C10F801C00CF1FF39D9F1ED
:1074D800000C4CEB090C904584F816C125D9825C48
:1074E80002F1080E5FFA8EFEBEF1150F01F1020CD3
:1074F80028BF0022E04584F8172140F23F8210F8A7
:107508000CC00CF1FF3EBEF1080F01F1030298BF59
:107518004FF00A0C904584F818C106D9805C5A28A7
:1075280028BF5A200A1D84F8190102F1040AD0451F
:107538001DD314A98B581193DDF844904946484649
:10754800F9F756FD002800F01B8200214846F9F79C
:1075580059FD002840F0148254494846F9F770FD57
:10756800002840F00D82119BC4F89430524614A8AC
:10757800104404F2191C02F1030E1146884500F26A
:107588000382DDF83480002384F8233084F8473000
:1075980084F8673084F80F3184F85031414640460A
:1075A800F9F726FD48B100214046F9F72BFD20B92F
:1075B8003F494046F9F744FD08B1DFF8F480DDF8AB
:1075C8003890C4F8008049464846F9F711FD48B19B
:1075D80000214846F9F716FD20B936494846F9F71B
:1075E8002FFD08B14FF00009D4F89480C4F85090EA
:1075F80041464046F9F7FCFC48B100214046F9F7FE
:1076080001FD20B929494046F9F71AFD08B14FF0A4
:107618000008C4F89480D4F86C8041464046F9F7D5
:10762800E7FC50B100214046F9F7ECFC28B94FF0CF
:1076380080414046F9F704FD08B1DFF87C80C4F8C2
:107648006C80D4E90A8942464B4640464946F9F7D8
:1076580083F968B1194B002240464946F9F786F983
:1076680030B9174B002240464946F9F79DF918B141
:107678004FF000084FF00009C4E90A89D4E90C89E1
:1076880042464B4640464946F9F766F9F0B10D4B7C
:10769800002240464946F9F769F9B8B90A4B002271
:1076A80040464946F9F780F9A0B10FE00060EA4684
:1076B8000000104100006145CDCC4C3E008056C012
:1076C80000805640008066C0008066404FF0000889
:1076D8004FF00009029B082B28BF0823052B38BF51
:1076E8000523BBF1160FC4E90C8984F8753000F343
:1076F80095815B461E2B6FF00802A8BF1E2393429C
:10770800B8BF134684F84C30039B5A1E534253416A
:1077180084F82E31049B591E4B424B4184F8213189
:10772800099B581E4342434184F877300B9B03F171
:10773800FF3CDCF1000343EB0C0384F82C310C9B79
:1077480003F1FF38D8F1000343EB080384F88430D1
:1077580094F8123103F1FF39D9F1000343EB09031F
:1077680084F8123194F8803003F1FF3ADAF100031B
:1077780043EB0A0384F8803094F88130042B28BF47
:10778800002384F8813094F88230042B28BF00232A
:1077980084F8823094F8153103F1FF3BDBF10003E4
:1077A80043EB0B0384F8153194F81631012B28BFED
:1077B800012384F8163194F876305A1E5342534107
:1077C80084F8763094F88330591E4B424B4184F844
:1077D800833094F81D31581E4342434184F81D31CB
:1077E80094F81E3103F1FF3CDCF1000343EB0C037A
:1077F80084F81E3194F81031012B28BF012384F836
:10780800103194F81131012B28BF012384F811316C
:1078180094F86831012F28BF0127012B28BF0123C5
:1078280084F8683194F8613184F8637103F1FF38A2
:10783800D8F1000343EB080384F86131059B022B60
:1078480084BF002384F82231069B022B84BF0023C7
:1078580084F82331079B022B84BF002384F824314A
:10786800089B022B84BF002384F88C3094F83131B4
:10787800032B84BF012384F831310A9B022B84BF78
:10788800002384F82F3194F83031402B28BF40234F
:1078980084F8303194F87C30402B28BF402384F89A
:1078A8007C3094F87D30402B28BF402384F87D300D
:1078B80094F87E30402B28BF402384F87E3094F81B
:1078C80019315A2B28BF5A2384F8193194F81731E3
:1078D8000833DBB2142B84BF002384F8173194F8E3
:1078E8001F310C33DBB21A2B84BF002384F81F31FD
:1078F80094F818310F9A013B082B9CBF0A2384F88F
:107908001831474B9A4284BF0023C4F82831109A93
:10791800444B9A4284BF0023C4F8883094F86231FB
:107928003BB1642B28BF64230A2B38BF0A2384F891
:1079380062314EB1B6F5967F28BF4FF49676052E84
:1079480038BF0526A4F86461002D3FF48EACA5F677
:10795800543540F21453ADB29D4284BF0023A4F8BD
:10796800663182E4AF5CCA1C4EE51146012284F8F8
:10797800682192E50146F9E70A46D6E56246D4E56C
:107988000022C4F89420F1E5013110F801AB0CF89D
:1079980001AF71457FF4F2AD88457FF6F2AD14A8CA
:1079A80002F1040C415C84F86C11E0457FF6E9AD06
:1079B800511D10F80CC084F811C188457FF6E1AD5F
:1079C80002F1060C415C84F81D11E0457FF6D9AD43
:1079D800D11D10F80CC084F81EC188457FF6D1ADC2
:1079E80002F1080C415C84F82011E0457FF6C9AD2E
:1079F80002F1090110F80CC084F81FC188457FF610
:107A0800C0AD0A32904588BF0346415C88BF9B5C85
:107A180084F8811088BF84F88230B2E5162371E6B5
:107A28003F420F008033E1012DE9F0413B4B0279E1
:107A38003B4C002A18BF1C46E8B02046884614F084
:107A4800DDF9002866D000230122214601A8CDE9EE
:107A580001338DF80C3017F040FA00285ADB14AFC8
:107A68009822394601A817F0A8FA98284FD13AA8C1
:107A78003C4611F081FD0FCC04AE0FC694E80F0010
:107A88001CAD86E80F000FCD42AC0FC495E80F007F
:107A980084E80F00B7F84030ADF82831D7F8433004
:107AA8005F9397F847308DF82A3127ADBB6C5B930D
:107AB8000FCD4BAC0FC40FCD0FC40FCD0FC495E83D
:107AC8000F0084E80F00D7F88C305C93D7F890301B
:107AD8005D9304ADD7F894305E930FCD0CAC0FC412
:107AE80096E80F0084E80F000CAE0FCE3AAD0FC534
:107AF80094E80F0085E80F0000238DF82B31D8F8A3
:107B080000303AA91B68404698470028A8D101A828
:107B180017F041FA68B0BDE8F08100BFE89E02089E
:107B2800F79E02082DE9F047224B0679224FE0B074
:107B380032AC0DF10C0807AD2046002E18BF1F46C9
:107B480000230293C8F800300DF1040A01910DF1E9
:107B5800080911F011FD0CABAC60C5E900A9C5E935
:107B6800033804AC46B11549256022463846FEF76D
:107B78007BFF60B0BDE8F087C4E900662672122278
:107B88003946204617F0A9F90028F2DB2146284695
:107B980014F09BF830B1D8F80030982159432046AA
:107BA80017F02FFA204617F038FA204617F0F3F9A5
:107BB800DFE700BFE89E0208F79E0208A5BD01089E
:107BC80070B51F4B02791F4E002A18BF1E4696B08B
:107BD80030460D4614F012F980B3002401223146D4
:107BE80002A8CDE902448DF8104017F076F9A042BA
:107BF80024DB04220DEB020102A817F0DEF90428A9
:107C0800E6B218D120220DF1350102A817F0D5F9F6
:107C1800202802460FD10DF1150102A817F0CDF961
:107C2800202808D12B6805AA9B6831462846984722
:107C380001340028DDD102A817F0ADF916B070BDE7
:107C4800069F0208159F020800B599B00023CDE9E8
:107C580002318DF807300DF10703049307AB059344
:107C680002AB00790693DFF81CC0074B07490028D0
:107C780018BF9C4603AA6046FEF7F6FE19B05DF8E9
:107C880004FB00BF159F0208069F0208AFBD01084C
:107C980070B50D461E460179174B18480024B0B040
:107CA800A14218BF1846014601226846CDE90044A2
:107CB8008DF8084017F011F9A04219DBB42203A986
:107CC800684617F07AF9B42801D000240DE007229D
:107CD80004A928461EF0A3FA0028EFD19DF8174002
:107CE80006A9224630461EF064FA684617F053F992
:107CF800204630B070BD00BF249F0208339F0208A1
:107D08002DE9F04FB1B099469DF8E880A8F16403D9
:107D1800422B07460E4603D9002031B0BDE8F08F4C
:107D2800FEF7FEFF3979284B28480024A14218BFE6
:107D38001846014603226846CDE900448DF80840FC
:107D480017F0CBF8A042E7DB4FF0FF3B25460DF1DB
:107D5800100AB42203A9684617F02FF9B42822D0D4
:107D68003068B2880490B379AAF80420494642469C
:107D780006A88AF806301EF01CFA38688DF81780B5
:107D880003681B689847002203902146684617F04D
:107D98002CF9B42203A9684617F01BF9684617F0B6
:107DA800FAF80120B9E70722514630461EF037FAA3
:107DB80038B1039B5B452CBF5B462C469B46B435CC
:107DC800C7E72C46CCE700BF249F0208339F020870
:107DD8001FB50B4B00790B4A002818BF1A46694695
:107DE800104617F0D1F940B9DDE90203C01A019B2A
:107DF8005843800A05B05DF804FB0020FAE700BF8D
:107E0800E39E02086E9A02081FB50A4B00790A4AD7
:107E1800002818BF1A466946104617F0B5F930B958
:107E2800DDE901305843800A05B05DF804FB002005
:107E3800FAE700BFE39E02086E9A02082DE9F843AC
:107E480000F58A5500F59A560F46904699460D3525
:107E580015360024A1451DDD1049202228461EF0B4
:107E6800DEF9A0B115F8012C3B789A420FD1631CBA
:107E780004EB4414681E444405F11F0250F8041B27
:107E880044F8041B9042F9D1027822701C4641350F
:107E9800B542DFD12046BDE8F88300BF85B90208A6
:107EA8002DE9F043B5B00DF10D0816460022054640
:107EB80002918DF80C20C0211F4A4046DDE93D970C
:107EC8000EF0F0FF4046F9F79DF909EB0003A02BEF
:107ED800C8BFC0F1A009044680443C994A464046C0
:107EE80005341EF066F94C44002308F80930324680
:107EF800009402AB0521284612F0C7F80446B8B131
:107F08006FB1FBF765F938608046686E03681B68D7
:107F180098474146024605F17C0010F03FFE2B6869
:107F28002846D3F8E470224600233146B84701209A
:107F380035B0BDE8F08300BF999F02080729F8B55E
:107F4800054616463BD801EB8114204400F58A50BB
:107F5800412231460C301EF02CF91A49102206F144
:107F680011001EF05CF904F58A5103460C316818BB
:107F7800721C03BB10230121FBF77AFF05F58A5613
:107F88000D3600274FF0FF3496F82030ABB90E4974
:107F9800202230461EF043F9002818BF3C4601371E
:107FA800082F06F14106EFD105F580550134C5F8D3
:107FB80054430120F8BD2023DDE73C46EFE70020CD
:107FC800F8E700BF75B9020855B9020870B50B7813
:107FD8004E88224DC4B0C3F38303044632464A3167
:107FE8000DF155008DF854301EF0E3F814220021ED
:107FF80008A81EF005F94FF48853ADF81C3080230B
:10800800ADF81E304FF48063CDE90935102205AB79
:10801800214607A81DF0C5FD10B1002044B070BD71
:1080280006AB0293202301930DAB00930598731CB4
:1080380015AA29461DF091FE044605981DF095FDE8
:10804800002CEAD1BDF834004FF6FE73984228BFE1
:108058001846012838BF0120E0E700BF0900800367
:10806800064BBFF35B8F53E8001F014343E8001240
:10807800002AF8D1BFF35B8F704700BF985D0020DE
:1080880010B5094C20600948016009490A60094A8D
:108098001360094B029A1A60084B039A1A60084B3E
:1080A800049A1A6010BD00BFA05D00209C5D0020EE
:1080B800B45D0020B05D0020AC5D0020A85D00200C
:1080C800A45D002008B50120FFF7CAFF034B19681B
:1080D800034B1868BDE8084015F06DB89C5D00209A
:1080E800A05D002008B50820FFF7BAFF034B196808
:1080F800034B1868BDE8084015F05DB89C5D00208A
:10810800A05D002010B5044613F039F92146074850
:1081180015F03FF80220FFF7A3FF054B1968054B40
:10812800BDE81040186815F046B800BF945D0020FF
:108138009C5D0020A05D002008B50146064815F0AA
:1081480028F82020FFF78CFF044B1968044B1868A7
:10815800BDE8084015F02FB8885D00209C5D002020
:10816800A05D002070B56448644D002115F011F839
:1081780004462868002800F0BD80002C00F0BA8072
:1081880014F0090F05D0036804F00101D3F8FC309E
:10819800984714F002030BD0594815F006F82B68DD
:1081A800003803F5805318BF012083F8E407012342
:1081B80060070BD5534814F0F8FF2E68C0B2FDF7DE
:1081C800FFFB06F58056012386F88C08E1060BD5DF
:1081D8004D4814F0EAFF2B68003803F5805318BFA8
:1081E800012083F88E080123A2060BD5474814F016
:1081F800DCFF2B68003803F5805318BF012083F893
:10820800E007012366060BD5414814F0CEFF2B6822
:10821800003803F5805318BF012083F8C1080123F3
:10822800200608D53B4814F0C0FF2B6803F580539F
:1082380083F8C2080123A1050BD5374814F0B5FF10
:108248002B68003803F5805318BF012083F8C30852
:108258000123620508D5314814F0A7FF2B6803F500
:108268008053A3F8C4080123A6040BD52C4814F0A6
:108278009CFF2B68003803F5805318BF012083F852
:108288007D08012360040BD5264814F08EFF2B6867
:10829800003803F5805318BF012083F87E080123B6
:1082A80021050CD5204814F080FF2B68C0B203F5D7
:1082B8008053022828BF022083F88F080123E20494
:1082C80004F4807612D5194814F06FFF2B6803F573
:1082D8008053C3F8E8072968154B01F5BB511868A6
:1082E800FEF752FE36B1012004F034FA002BF2D129
:1082F800002EF0D170BD00BF985D0020B45D002055
:10830800945D0020905D00208C5D0020885D002039
:10831800845D0020805D00207C5D0020785D002069
:108328006C5D0020685D0020745D0020705D002099
:10833800B05D00202DE9F04F5C4D2B68EFB0002BAD
:1083480000F0B0805A4E5B4C306803681B68984751
:1083580004F0FEF82B6803F5805393F97F0804F0C6
:10836800FDF82068FCF726F80746206812F02EFC76
:1083780080462068FCF738F88146206812F033FC04
:108388008246206812F046FC8346206803681B6A10
:10839800984700B24A4641465346CDE900B03846B0
:1083A80004F08EF8206812F033FC0746206812F0BB
:1083B80027FC80462068036890F871BA1B6B9847C1
:1083C8008146206803689B6A98478246206803684C
:1083D8009B69984741465A46CDE900A04B46384626
:1083E80004F084F8206803689B6E98470746206865
:1083F8000368DB6E98478046206803681B6F9847C0
:1084080041460246384604F087F812F0B5FF02AC40
:10841800034688B3204612F0B3FFA37D2BB900931F
:10842800217D1A46184604F07FF8204612F0BAFF5C
:10843800D4E90112207804F0EFF8214604222868D4
:1084480015F0DEFF0746306803681B689847064644
:1084580004F0BEF86C2307F1FF3803FB0744B8F1BA
:10846800000F0DDA2B6803F58053B3F8640A6FB078
:10847800BDE8F04F04F01CB8009002460146D2E770
:1084880014F8643C53B154F8442CB24294BFB21A65
:1084980000220021A4F1640004F06AF808F1FF3812
:1084A8006C3CDCE76FB0BDE8F08F00BFB45D002026
:1084B800A45D0020AC5D002038B508461446F8F7E6
:1084C800ABFB0A49F8F700FC0949F8F7F5FA04F09C
:1084D8003F040546601CF8F7A3FB01462846F8F759
:1084E800F3FBF8F7F3FD00F5FA7038BD0000C04063
:1084F80000007A4308B500F580504FF07E51D0F85F
:108508006007F8F7D9FA01460548F8F791FC4FF0EB
:108518007C51F8F7D1FAF8F7D9FDC0B208BD00BF11
:108528000000C84200F5805090F88138DB070CD570
:108538000139C9B203290AD8064B90F88D085B5C4B
:108548001840003818BF01207047012070470020EC
:10855800704700BFA5B90208F0B585B005460C9C68
:1085680002940B9C01940A9C0094FAF797FF05F576
:108578008656624B2B6005F51D7414362046B834B8
:1085880010F0FAFFB442F9D105F59A5405F5B25640
:10859800183418362046303410F0EEFFB442F9D1C2
:1085A80005F58056002405F58A50C6F8D4402146C2
:1085B8004FF402720C301DF023FE514BC6F85443A1
:1085C800C6F84841C6F8584605F509572B6003F523
:1085D8008C73C6F85C3720370D9BC6F8D038384600
:1085E8004849012212F0B1FF05F5D350C6F8D44826
:1085F800C6F8D848C6F8DC48C6F8E048C6F8E448E3
:1086080086F8E848C6F8EC48C6F8F04886F8F44812
:10861800C6F8F848C6F8FC48C6F85C4AC6F8604A86
:10862800C6F8644A86F8684A21464FF480720C30CE
:108638001DF0E6FD05F5DB5021464FF4D8620C30FD
:108648001DF0DEFD05F5005642F26053EA18C6E952
:108658008B44C6E98D44C6E98F44C6E99144C6F8FF
:108668004C42A6F8684586F86A450020EC5000217F
:1086780005F50953546086F82044C3E9040147E925
:10868800020105F510502146102221301DF0B8FDD9
:1086980005F51050214686F83144C6F834442022A6
:1086A80038301DF0ADFD05F511502146C6F8584487
:1086B80040221C301DF0A4FD05F5125080222146F1
:1086C80086F89C441D301DF09BFD05F514500E499D
:1086D80086F81D45A6F81E45C6F82045C6F8585523
:1086E80028301BF05EF84FF4B872214605F5BB50F0
:1086F8001DF086FD284605B0F0BD00BF8C78020845
:1087080094790208AE9B9A6ABFE20108F8B504465C
:10871800406E03681B680D4698470E4A41F288333D
:10872800002D08BF1346C01842F2502304EB030281
:10873800E75856682CBF0121002157EA060C02D1E0
:10874800E050516004E01DB1B84271EB0606F7DB5A
:10875800F8BD00BFC02709002DE9F04700F5005813
:108768001C46D8F83C32D2F80090ACB007460D460B
:108778001646002B5FD000F5085004223C301DF04F
:108788004EFD002857D1042CC8F83C020DF1020810
:108798004FD053490222301D1DF041FD50B98523A9
:1087A800ADF800302B68CDF80230AB88A8F804305B
:1087B800082333E096F804A0BAF1000F39D1052C4C
:1087C80015D185238DF800302B68CDF80230072CA1
:1087D800AB888DF801A0A8F80430CDF8089015D919
:1087E800F3798DF80C300C2C14D8002313E073792E
:1087F8001A011BB12946384614F045FB8523062C7F
:1088080018BF96F806A08DF80030DDE700238DF834
:108818000C30EAE7337B8DF80D300E239DF80010FD
:10882800013B0DF10102384614F0C1FE2CB0BDE841
:10883800F0878623B4E7D8F8403213B3042C48D025
:108848000422294607F509501DF0E9FCD8B9C8F8F3
:1088580040024FF08708043CADF800802B68CDF843
:108868000230782CA8BF7824AB88ADF806302246B1
:10887800311D02A81DF09DFCE31D0DF101024146CA
:10888800D1E7042C25D0D8F84432994505D10023E6
:10889800C8F844324FF08B08DDE7D8F84C329945D8
:1088A80017D1043CAA2C4FF00003A8BFAA24C8F88B
:1088B8004C328C252246311D0DF10600ADF80050D2
:1088C800CDF802901DF075FC631D0DF101022946DB
:1088D800A9E7386E0368DB6B2CB0BDE8F047184792
:1088E8009E9F02082DE9F04700F580550746D5F808
:1088F800646A012E8846914626DDD5F85C4A3A48D6
:108908004FF0000AAD2241F601111AEB040303F0FF
:10891800010348BF5B4202FB03735B5C1B2B36D829
:1089280020FA03F3DB0732D5013E56453FDCD5F884
:10893800603AC5F8646A013303F0010348BF5B423B
:10894800012EC5F8603A27D1D5F8600AAD235843FF
:108958004A463B18AC2A03F5C85300F5C85028BF4F
:10896800AC2201301A70414638441DF022FCD5F87B
:10897800603A013303F0010348BF5B42C5F8603A2F
:10898800D5F8643A0133C5F8643ABDE8F0870AF1CE
:10899800010AB245B9D15646013404F0010448BF72
:1089A8006442013EC5F85C4AC5F8646ACCE714EB3A
:1089B8000A0000F0010004F1010148BF404211EB38
:1089C8000A0101F001014FF0AD0248BF494202FB24
:1089D800007002FB017101F5C85100F5C8501DF087
:1089E800E8FB0AF1010AA0E7000102082DE9F04FAF
:1089F8001F4600F50053C1B093F82034DDF82881F4
:108A0800022B04468946164671D911238DF8503039
:108A1800002A6AD092F90201F8F702F94FF07A5168
:108A2800F8F752F94FF08141F8F74EF9F8F728FBBB
:108A380040B200238DF85100ADF852300425494664
:108A4800204614F0F7F905F580726A4481466B1CDC
:108A580002F8B00C002E4FD0307814F050FC0028EB
:108A68004AD0367903F580736B440DF1500AE81C3F
:108A780003F8B06C39460023504402F8AE3C14F0B9
:108A88009FFB4046F8F7BEFB073505EB000BBBF133
:108A9800B00F88BF4FF0B00B0246414688BFC5F102
:108AA800B0020AEB05001DF084FB5A4651462046E9
:108AB800FFF718FF00231A468321204614F077FD9C
:108AC80003AA5FFA89F1204614F0A2F9B0B90D485B
:108AD80004F580543A46B4F8643A00934146334664
:108AE80015F01DFE41B0BDE8F08F1046A1E7082340
:108AF8008DF850300125A2E7FF26B3E70DF12D00D0
:108B0800E6E700BF8AB7020808B5406F03681B682C
:108B18009847034B984294BF0020012008BD00BF2E
:108B2800AD9B9A6AF0B5B5B004460BAD1CA810F021
:108B380035FD4022294604F5057010F081FD4028D6
:108B480005D04121284611F0BAFC35B0F0BD002609
:108B580041270B23174A8DF86C60202103A8CDE923
:108B68000057FBF7A7F903A91CA810F023FD9DF8EF
:108B78007030013BDBB2FD2B03D90136B6F5807F9F
:108B8800E7D104F510531CAE383324AC324603CA7F
:108B9800A24218605960164603F10803F6D1412134
:108BA800284611F08CFC202103A811F088FC6021D4
:108BB8001CA8C8E7A9B902082DE9F04F0B780F2BBC
:108BC800ADF5177D04460E46154600F0188109D804
:108BD800092B00F0E9800D2B00F00681022B22D032
:108BE800002031E0272B00F01A812A2B00F0BA80F0
:108BF8001E2BF5D1202AF3D92022013115F085FA50
:108C080010B356A810F0B8FC56A9204615F0B9F9CB
:108C1800032256A92CA814F045FE2CA9024620468A
:108C280014F07DFC0FE00D2ADAD90622073115F081
:108C38006CFA48B17378012B0AD9032B08D00121AB
:108C4800204614F088FC01200DF5177DBDE8F08F53
:108C5800F01C0D3D14F0BCFAA02D28BFA02503AFD1
:108C68002A4606F10D01804638461DF0A2FAD6F8CC
:108C780003302C93B3780DF1080903F003034FF088
:108C8800000B2A4639460DF1B5008DF8B43007F8C7
:108C980005B01DF08EFA2023C9F800B00DF1B00A16
:108CA800019304F50573009352466B1D0421484651
:108CB800FBF700F9D9F8002012B90122C9F8002001
:108CC80040F6B8330221204614F052FC04F5005651
:108CD800204615F0D7FAD9F80030C6F8203504F543
:108CE800145040F6B832002328300AF0EDFBB8F1F2
:108CF800000F18D004F5115304F512521833183226
:108D080053F8041F88459ED09A42F9D196F89C34AE
:108D180003F6161204EB8202013303F00F03C2F8C4
:108D2800048086F89C343B78A3F14102192A98BF45
:108D3800203356AD98BF3B7000232B70D6F83434DF
:108D48005BB12946384698472B78002B3FF47BAF18
:108D58002946204615F0EFF975E74C492846F8F7FB
:108D680049FAF1E7082A7FF63BAF0722023115F0EE
:108D7800CCF900283FF468AF56AD16232B7004F5E4
:108D88000053D3F8580418B9606F03681B689847F4
:108D9800030AAB70030C6870EB70000E0023287197
:108DA8006B71062229463AE7202A7FF619AF20225E
:108DB800013115F0AAF900283FF446AF222D0FD94A
:108DC80004F5805396F8222093F8CC18914207D0E6
:108DD800D3F8D00883F8CC2804F5BB51FEF7D4F8B3
:108DE800204614F0ADFB2EE7202A7FF6F9AE2022AC
:108DF800013115F08AF900283FF426AFF0E7202A60
:108E08007FF6EEAE2022013115F07FF900283FF4FD
:108E18001BAF04F50053012283F81F25E0E7232A3E
:108E28007FF6DEAE2022043115F06FF900283FF4FA
:108E38000BAF206F00232C9303682CAD04221B6812
:108E4800294698472C9A0AB901222C92204640F6C6
:108E5800B833022114F08CFB8B23ADF8583142F261
:108E68003843E218E358CDF85A3158A99388ADF839
:108E78005E3107222046F8F7D7FB9DF85811C31D2D
:108E88000DF25912204614F092FBDCE6A19F02086D
:108E980010B515F046FB0849072204461DF0EDF908
:108EA80038B9E01D15F03DFB0078B0FA80F04009B4
:108EB80010BD0020FCE700BFE2A7020838B515F096
:108EC80030FB0C460546FFF7E3FFB8B90D492846C5
:108ED800F8F786F9A0B10C492846F8F781F978B176
:108EE8000A492846F8F77CF9044638B10849284663
:108EF800F8F776F9041E18BF01246442204638BDED
:108F08000124FBE71BA602081DA802088B9C020887
:108F18001BAD020800F1200302798A4201D10068E2
:108F2800704708309842F7D1004870476A9B02089A
:108F380070B5274E3578002D48D1264C4FF4B872BD
:108F4800294620461DF05CF92046234B40F8383B63
:108F58002249F8F74FF94FF07C526265204AA26621
:108F680040F207521F4B62671F4AE366A2671F4B16
:108F78001F4AA3641F4BE364C4E91F2500234FF471
:108F880096722365C4F88820C4F8943040F60F72AE
:108F980040F20113C4F81031A4F8182101234FF648
:108FA800FF7284F8845084F88C5084F81451A4F823
:108FB800163184F8633184F81D5184F81E5184F801
:108FC8006831A4F86A21A4F866513370014870BD6D
:108FD8002A880020A03900200000104133A302088D
:108FE8009A99993ECDCC4C3E00007A428D675944FF
:108FF800404008001600002F2DE9F04F0446B3B09A
:1090080089461046AB4916461D46F8F7E9F830B9C7
:10901800A949284633B0BDE8F04FF8F7EBB8A7499F
:10902800092230461DF0FBF850B9A5492846F8F743
:10903800E1F80321204633B0BDE8F04F15F035BB09
:10904800A049082230461DF0EAF830B99E49284662
:1090580033B0BDE8F04FF8F7CDB89C49062230464A
:109068001DF0DDF850B99A492846F8F7C3F80121F0
:10907800204633B0BDE8F04F15F017BB95490922DB
:1090880030461DF0CCF878B96068934903685B688E
:10909800984792492846F8F7ADF80121204633B0A1
:1090A800BDE8F04F15F001BB0E228D4930461DF08A
:1090B800B6F8024660B92069036840F2DC515B6982
:1090C80098478849284633B0BDE8F04FF8F792B87A
:1090D8008549062230461DF0A2F868B92069036860
:1090E80001225B6940F2DC5198478049284633B039
:1090F800BDE8F04FF8F77EB87D490A2230461DF0EA
:109108008EF8002843D1606803681B68984781453A
:1091180036D96068036809F101095B6849469847D0
:10912800042003F09FFA484612F0F0FB2069036818
:10913800D3F88C309847064650B115F0F9F94FF43A
:109148007A720023F7F7E2FF0146304612F01FFB60
:10915800606803681B6898471A9000231AA81B9335
:109168000DF0E4FD4369634A03F26C7303930369EA
:1091780001330293C368019343680093836823E033
:109188005D49284633B0BDE8F04FF8F733B85B497E
:10919800052230461DF043F80746E8B960680368C1
:1091A8001B689847CDE91A071AA80DF0BFFD436957
:1091B800534A03F26C730393036901330293C36840
:1091C80001934368009383684FF4807128460DF03B
:1091D80069FE33B0BDE8F08F4A49052230461DF0DC
:1091E8001EF878BB701D15F08EF906466068036896
:1091F8001B68984786421ED96068036831465B68D9
:109208009847042003F02EFA304612F07FFB2069BD
:109218000368D3F88C309847044650B115F088F9A4
:109228004FF47A720023F7F771FF0146204612F0D7
:10923800AEFA1A9691E73449284633B0BDE8F04FA4
:10924800F7F7D8BF3149092230461CF0E8FF38B992
:1092580020690368DB6B294633B0BDE8F04F184737
:109268002B49102230461CF0DAFF002856D1103660
:109278003046F7F7C7FF402828BF4020471032463E
:1092880039461AA811F023F960B1206903681AA9B0
:109298001B6C3A4698471F49284633B0BDE8F04F43
:1092A800F7F7A8BF1C49284633B0BDE8F04FF7F7D9
:1092B800A1BF00BF39A0020843A0020878A0020895
:1092C80082A00208A0A00208A9A00208BAA0020869
:1092D800CBB10208B7A00208EF934466C1A0020808
:1092E800DDA00208ECA0020897B2020805A1020856
:1092F80016A1020821A102084AA1020869A10208D0
:1093080031A102086FA1020875A1020896A10208FE
:10931800A0A102089E9F0208B1A10208A8490A223A
:1093280030461CF07CFF0746002872D104F1140077
:109338000A36A44A00968323064684210DF0B2FD1E
:1093480030462C2305221AA911F0E5F8061E59DD2E
:109358001A9839460DF0A0FF012E834648D01B9875
:1093680039460DF099FF022E814646D01C981CF014
:1093780052FF032E5FFA80FA42D01D981CF04BFF73
:10938800042E5FFA80F803D01E981CF044FF0746AD
:109398008D495846F7F74AFE002833D08B4958467E
:1093A800F7F73AFE70B3AAF10503072B2AD8A8F1FC
:1093B8000503032B26D886494846F7F737FE08B336
:1093C80084494846F7F728FEE0B1002F1ADD2069E6
:1093D8000368CDE900874A461C6E59465346A047A4
:1093E8007D4A3B464FF4807128460DF05BFDF0E660
:1093F800B846BA464FF00009CAE7B846BA46C7E7C2
:10940800B846C5E77549284633B0BDE8F04FF7F7C9
:10941800F1BE7349092230461CF001FF98B9E06893
:1094280006F10901383015F0CEF8204615F0FDF8A0
:10943800E3686C4A38334FF48071284633B0BDE88E
:10944800F04F0DF02FBD68490B2230461CF0E7FEA7
:1094580050B920690368DB6D98476449284633B0E2
:10946800BDE8F04FF7F7C6BE6149042230461CF04C
:10947800D6FE002840F0888504365E490922304629
:109488001CF0CDFE28BBE3684FF07E511868F7F753
:1094980013FB01465848F7F7CBFC0646F7F7F0FDF3
:1094A8000446F7F7BDFB01463046F7F703FB53497F
:1094B800F7F70AFC4FF07C51F7F7FEFAF7F7E0FDF3
:1094C8004F4A009023464FF4807128460DF0EAFC7D
:1094D8007FE64C49022230461CF0A1FE38B9E36809
:1094E8001868F6F779FF484ACDE9000146E147498F
:1094F8000A2230461CF093FE58B9E368444A93F8B0
:109508007F304FF48071284633B0BDE8F04F0DF03E
:10951800C9BC40490A2230461CF081FE50B9E368B4
:109528003D4893F88110FFF7F5FC3C4A034600924A
:109538003B4AC8E73B49072230461CF070FE40B959
:10954800E368394893F88210FFF7E4FC374A03468A
:10955800EDE73749042230461CF061FE80B9E36824
:10956800344993F88020344B002A08BF0B46334A0D
:109578004FF48071284633B0BDE8F04F0DF092BC2F
:109588002F49062230461CF04AFE58B9E36893F882
:109598002C01FCF70DFA0446FCF71CFA294A009046
:1095A800234690E72849122230461CF038FE00284E
:1095B8004ED12649284633B0BDE8F04FF7F71ABE1A
:1095C800C1A10208CCA102080000164300401C45B6
:1095D8000000E0400000FA43D1A10208EEA1020811
:1095E800FFAA020829A202083AA2020846A2020813
:1095F80007B2020859A202080000C8420000204130
:1096080063A202086DA2020870A2020877A20208EB
:1096180082A2020887A20208DC7A020899A202083C
:1096280092A20208B7A20208BC7A02088AB7020806
:10963800BFA202081BA602088B9C02089299020886
:10964800C4A20208CBA20208D5A20208E8A2020816
:10965800AB490A2230461CF0E2FD58B9E368A94A32
:1096680093F877304FF48071284633B0BDE8F04F57
:109678000DF018BCA449152230461CF0D0FD58B98D
:10968800E368A04A93F84F304FF48071284633B00E
:10969800BDE8F04F0DF006BC9C490F2230461CF087
:1096A800BEFD60B9E368974A93F84E304FF4807175
:1096B8005B00284633B0BDE8F04F0DF0F3BB94498A
:1096C8000E2230461CF0ABFD50B9E368914A58337E
:1096D8004FF48071284633B0BDE8F04F0DF0E2BB7F
:1096E800B9F1000F16D18C49072230461CF097FDBE
:1096F80080B9206903685B6D984740221AA90FF06A
:109708009FFF143402461AA92046FAF721FC234683
:10971800804A67E68149042230461CF080FD50B932
:10972800E3687C4A04334FF48071284633B0BDE8BF
:10973800F04F0DF0B7BB7A49062230461CF06FFD9A
:1097480080B9E368774993F84D20774B002A08BF22
:109758000B46704A4FF48071284633B0BDE8F04F8D
:109768000DF0A0BB7149032230461CF058FD58B9D2
:10977800E368D3E90A23CDE900236D4A4FF48071E9
:1097880028460DF08FFB24E56A49032230461CF079
:1097980046FD18B9E368D3E90C23ECE766491022C3
:1097A80030461CF03CFD80B9E3685F4993F811210D
:1097B8005C4B002A08BF0B46564A4FF48071284676
:1097C80033B0BDE8F04F0DF06DBB5C490C2230465C
:1097D8001CF025FD80B9E368534993F81021514BDB
:1097E800002A08BF0B464B4A4FF48071284633B015
:1097F800BDE8F04F0DF056BB5149052230461CF02C
:109808000EFD00283DD1E368986FF6F7E5FD1AAE26
:10981800CDE900014B4A102130460DF043FB2E21C3
:1098280030461CF00CFDB0B13046F7F7EBFC58B1F0
:10983800431EF25C302A22D003F1C8026A4412F8AF
:10984800602C2E2A08BF184600F1C8030DEB030050
:10985800002300F8603CE36893F87520049293F8BD
:109868007420CDE90262986CF6F7B6FD364ACDE968
:1098780000014FF4807128460DF014FBA9E4184646
:10988800D5E73249072230461CF0C9FC30B93049C7
:10989800284633B0BDE8F04FF7F7ACBC2D49072296
:1098A80030461CF0BCFCC0B9206903689B6E984721
:1098B800064620690368DB6E9847F6F78DFDCDE90B
:1098C80002013046F6F788FD234ACDE900014FF43E
:1098D800807128460DF0E6FA7BE4204910223046D4
:1098E8001CF09DFC00283BD1E368064A93F87E30C3
:1098F8004FF48071284633B0BDE8F04F0DF0D2BA6E
:109908000CA3020882A2020817A302081DA30208DA
:109918002DA30208929902083CA3020844A3020856
:1099280049A302081BA602088B9C020850A3020840
:1099380054A302085BA302085FA3020870A30208ED
:109948003EB30208B1A402087DA302088DA3020851
:1099580095A302080BA40208B5A30208D6A302081F
:10996800A749122230461CF05AFC58B9E368A54AA8
:1099780093F87D304FF48071284633B0BDE8F04F3E
:109988000DF090BAA049092230461CF048FC58B99D
:10999800E3689C4A93F87C304FF48071284633B0D2
:1099A800BDE8F04F0DF07EBA98490E2230461CF003
:1099B80036FC30B99649284633B0BDE8F04FF7F782
:1099C80019BC9449122230461CF029FC10B9E368EE
:1099D800D86E86E590490A2230461CF020FC98B9DA
:1099E8002A463E2302F8023B20236B70E168973138
:1099F80011F8013F13B91370FFF7EBBB0A2B08BF2F
:109A08007C2302F8013BF3E784490E2230461CF020
:109A180006FC58B9E368824A93F82F314FF48071F5
:109A2800284633B0BDE8F04F0DF03CBA7D490B2213
:109A380030461CF0F4FB18BBE36893F8313133B9B6
:109A48007949284633B0BDE8F04FF7F7D3BB012B6F
:109A580006D17649284633B0BDE8F04FF7F7CABBC0
:109A6800022B06D17249284633B0BDE8F04FF7F70C
:109A7800C1BB7049284633B0BDE8F04FF7F7BABB11
:109A88006D493046F7F7ACFB58B9E368644A93F977
:109A98004C304FF48071284633B0BDE8F04F0DF0DC
:109AA80001BA6649072230461CF0B9FBA0B96449DF
:109AB8002846F7F79FFB20690368D3F88030FE2219
:109AC800A91C984700287FF484AB5E49284633B028
:109AD800BDE8F04FF7F78EBB5B49042230461CF017
:109AE8009EFB38B9E368986CF6F776FC574ACDE9DF
:109AF800000143E656490A2230461CF090FB78B92B
:109B08004F492846F7F776FB206903685B6D98474D
:109B180020220146A81C33B0BDE8F04FFAF718BA66
:109B28004C49042230461CF07AFB68B92069036866
:109B3800DB689847484A03464FF48071284633B09B
:109B4800BDE8F04F0DF0AEB944490E2230461CF086
:109B580066FB78B9206803682022DB6B1AA998474E
:109B680008B11AABD4E53E49284633B0BDE8F04FFA
:109B7800F7F740BB3B490E2230461CF050FB00284B
:109B88002BD1206803681B69984700210646F7F720
:109B98002FFA30B13449284633B0BDE8F04FF7F713
:109BA80029BB206803681B689847304B1B6804462C
:109BB80030461F88F6F710FC5CB1CDE90001CDE90D
:109BC80002472B4A4FF4807128460DF06BF9FFF7D6
:109BD80000BBCDE90001274AD0E5274906223046D7
:109BE8001CF01DFB002849D1E3680D4A93F8123197
:109BF8004FF48071284633B0BDE8F04F0DF052B9EC
:109C0800E7A3020882A20208FAA3020804A4020831
:109C180013A402083AA402084DA4020858A4020892
:109C280067A402086CA4020878A402087EA40208AB
:109C380088A4020893A402089CA402089FA402080E
:109C4800A7A40208A59F0208AAA40208AFA40208B4
:109C5800B6A40208C1A4020892990208C6A4020880
:109C6800D5A40208DFA40208EEA40208A076020820
:109C78000FA502083AA5020853A50208A5490E2215
:109C880030461CF0CCFA30B9A349284633B0BDE8B9
:109C9800F04FF7F7AFBAA1490C2230461CF0BFFAD3
:109CA80058B902F067FA9E4A03464FF48071284675
:109CB80033B0BDE8F04F0DF0F5B89A4909223046A7
:109CC8001CF0ADFA58B9E368954A93F91F314FF47F
:109CD8008071284633B0BDE8F04F0DF0E3B89249E3
:109CE800082230461CF09BFA50B93E232B70FE2107
:109CF8002023A81C6B7033B0BDE8F04FFBF75EB9AA
:109D08008A49082230461CF08AFA98B911F03CFBBF
:109D1800034630B98649284633B0BDE8F04FF7F717
:109D280069BA844A4FF48071284633B0BDE8F04FD1
:109D38000DF0B8B880490B2230461CF070FA68B9AB
:109D4800206903685B6F98477A4A03464FF480712D
:109D5800284633B0BDE8F04F0DF0A4B877490E227D
:109D680030461CF05CFA58B9E368724A93F8183127
:109D78004FF48071284633B0BDE8F04F0DF092B82B
:109D88006F49092230461CF04AFA70B9B9F1000F40
:109D98006C49284614BFA1264FF48076F7F72AFAB3
:109DA80020690368B21EDB6F8AE6674908223046DD
:109DB8001CF035FA80B9E368644993F81621644BBE
:109DC800002A08BF0B46634A4FF48071284633B017
:109DD800BDE8F04F0DF066B85F490A2230461CF026
:109DE8001EFA58B9E3684E4A93F917314FF4807157
:109DF800284633B0BDE8F04F0DF054B857490B2250
:109E080030461CF00CFA98B9E36893F8193133B965
:109E18005349284633B0BDE8F04FF7F7EBB9454A48
:109E28004FF48071284633B0BDE8F04F0DF03AB8D2
:109E38004C493046F7F7D4F930B94B49284633B086
:109E4800BDE8F04FF7F7D6B94849082230461CF06C
:109E5800E6F900284FD046490C2230461CF0DFF9BD
:109E680000284DD120690368D3F88C3098470646FE
:109E780000283FF42AAE60680368B9F1000F1B6838
:109E880014BF4FF0A1084FF480789847074614F0A4
:109E98004FFBE36893F81521003A18BF012201929D
:109EA80000234FF47A72F7F731F93B4600904246A7
:109EB80029463046FBF75EFBFFF78BB92D4A2E4942
:109EC800002E18BF424638460DF016F80136032E0C
:109ED80007443FF47EA9E368334493F81A31002B12
:109EE800ECD1002E7FF475A92449284633B0BDE88B
:109EF800F04FF7F77FB9DFF888802F460646EAE784
:109F0800204A33464FF48071284633B0BDE8F04FFD
:109F18000CF0C8BF5AA5020869A502088DA5020859
:109F280067A402089AA50208A4A50208ADA502081C
:109F3800B6A5020882A20208C6A50208D2A5020890
:109F4800E1A50208A7A40208EBA502088B9C020859
:109F58001BA6020892990208F4A50208FFA50208A8
:109F68000BA6020815A6020819A602081EA60208D2
:109F7800EB9F02088AB7020827A602082CA6020847
:109F880008A0020843A60208A449042230461CF08F
:109F980046F9002841F04683371DA1490A22384670
:109FA8001CF03DF900285AD1FEF7C2FF4FF07E5150
:109FB8000068F6F781FD01469A48F6F739FF1AAAB4
:109FC800014606F10E0014F0BBFA30B9964928464E
:109FD80033B0BDE8F04FF7F70DB91A9E4FF07E5138
:109FE8003046F7F70FF820B98E493046F7F728F8CA
:109FF80030B18E49284633B0BDE8F04FF7F7FAB8CC
:10A0080031468848E768F6F713FF4FF07E51F6F7B8
:10A0180051FD3860204614F008FBE3684FF07E518C
:10A028001868F6F749FD01467E48F6F701FF06462F
:10A03800F7F726F80446F6F7F3FD01463046F6F73B
:10A0480039FD7B49F6F740FE4FF07C51F6F734FDB9
:10A05800F7F716F8774A00902346FFF734BA76499F
:10A06800032238461CF0DBF8D8B9FEF761FF1AAABC
:10A078000168F01D14F064FA30B97049284633B00D
:10A08800BDE8F04FF7F7B6B8E3681A9A1A602046A9
:10A0980014F0CBFA6A49284633B0BDE8F04FF7F719
:10A0A800A9B868490B2238461CF0B9F868BB206982
:10A0B8000368DB6898476449F7F792F830B9634951
:10A0C800284633B0BDE8F04FF7F794B8FEF730FFF5
:10A0D8001AAA90F87F1006F10F0014F054FA30B95C
:10A0E8005649284633B0BDE8F04FF7F783B8E36820
:10A0F8001A9A83F87F20204614F097FA5049284688
:10A1080033B0BDE8F04FF7F775B851490B22384620
:10A118001CF085F820BBFEF70BFF06F10F0190F845
:10A1280081204C4814F066FA431C06D14A49284657
:10A1380033B0BDE8F04FF7F75DB8E368C0B283F815
:10A148008100FBF703FC204614F06FFA434B444AA6
:10A158004FF48071284633B0BDE8F04F0CF0A2BE32
:10A168004049082238461CF05AF820BBFEF7E0FEAA
:10A1780006F10C0190F882203B4814F03BFA471C8A
:10A1880006D13A49284633B0BDE8F04FF7F732B860
:10A19800E368C0B283F88200FBF7F0FB204614F0B6
:10A1A80044FA334B2E4A4FF48071284633B0BDE849
:10A1B800F04F0CF077BE2F49052238461CF02FF8D7
:10A1C80000285BD1FEF7B4FE90F88010B1FA81F157
:10A1D80006F109004909FEF771FE461C06D1264919
:10A1E800284633B0BDE8F04FF7F704B8E368B0FA93
:10A1F80080F0400983F88000E36893F88000003815
:10A2080018BF0120FBF790FB204614F00EFA0C490A
:10A21800284633B0BDE8F04FF6F7ECBF13B202089A
:10A228004AA602080000C84255A6020880A60208ED
:10A23800000020419FA60208ACA60208B0A60208AA
:10A248009E9F0208D4A60208F8A60208E0A6020803
:10A2580002A70208DC7A02080EA7020899A20208DF
:10A2680039A702083EA70208BC7A020847A70208D5
:10A278008AB7020876A702087CA70208B249072213
:10A2880038461BF0CCFF8046002866D106F10B0744
:10A29800AE49072238461BF0C2FF00283AD0F67AAA
:10A2A800322E37D0AA49052238461BF0B8FFA0B392
:10A2B800332E32D0A749022238461BF0B0FF78B3BC
:10A2C800312E2DD0A449032238461BF0A8FF0028C0
:10A2D80041D0302E26D03846FEF7DAFD30B99F49F6
:10A2E800284633B0BDE8F04FF6F784BFFEF720FEEE
:10A2F80090F82C01FBF75CFB831E012B804611D8DC
:10A3080011F000FB70B99649284633B0BDE8F04F0C
:10A31800F6F770BF4FF00208F2E74FF00308EFE7D7
:10A328004FF001085FFA88F84046E668FBF748FBFB
:10A33800002186F82C014046FBF75AFB404602F004
:10A3480079F9204614F071F98649284633B0BDE8FA
:10A35800F04FF6F74FBF8046E4E7834913223846AB
:10A368001BF05DFF00283FF424A9804909223846E4
:10A378001BF055FFE0B9FEF7DBFD90F8161106F16A
:10A388000D00FEF79BFD411C3FF429AFE36883F8FD
:10A39800160120690368D3F884309847204614F0E2
:10A3A80044F97049284633B0BDE8F04FF6F722BFAC
:10A3B8006F490B2238461BF032FF70BBFEF7B8FD21
:10A3C8001AAA90F9171106F10F0014F0DCF830B949
:10A3D8000C2300936FF00703664AFFF774B81A9BC3
:10A3E80003F10802142A06D90C2300936FF007031F
:10A3F800614AFFF768B8E26882F817312069036894
:10A40800D3F884309847204614F00FF95549284668
:10A4180033B0BDE8F04FF6F7EDBE58490F22384685
:10A428001BF0FDFE78BBFEF783FD1AAA90F8181101
:10A4380006F1130014F0A7F830B95149284633B093
:10A44800BDE8F04FF6F7D6BE1A9B53B1A3F10A0246
:10A45800F52A06D94B49284633B0BDE8F04FF6F740
:10A46800C9BEE26882F8183120690368D3F88430DD
:10A478009847204614F0D9F83A49284633B0BDE841
:10A48800F04FF6F7B7BE40490C2238461BF0C7FE1E
:10A4980078BBFEF74DFD1AAA90F8191106F11000C5
:10A4A80014F071F830B93949284633B0BDE8F04F97
:10A4B800F6F7A0BE1A9B53B1A3F10A02502A06D997
:10A4C8003349284633B0BDE8F04FF6F793BEE2684B
:10A4D80082F8193120690368D3F8843098472046F8
:10A4E80014F0A3F81F49284633B0BDE8F04FF6F73B
:10A4F80081BE2849092238461BF091FE00284DD11B
:10A50800FEF716FDE36890F9172183F81721E36831
:10A51800002283F8202120690368D3F888309847FF
:10A5280020690368D3F884309847204614F07DF8F2
:10A53800E368194A93F917314FF48071284633B00C
:10A54800BDE8F04F0CF0AEBC9EA70208609A020866
:10A55800689A02081BA602088B9C0208A6A7020894
:10A56800EAA702089E9F02081FA8020833A802084B
:10A578003DA8020849A802086BA8020889A8020891
:10A5880099A80208D8A802080DA902081AA9020861
:10A598004FA902087AA9020884A90208AA4909222F
:10A5A80038461BF03CFE8046002868D106F10D01B4
:10A5B800ADF824008DF826001AA814F011F820230D
:10A5C80004220AA90FF0A7FF01280DF12409064665
:10A5D80031D10A9F9D493846F6F702FE064630B14A
:10A5E8009B493846F6F7FCFD061E18BF01260AAF40
:10A5F800CA464B464FF0000BB34525DB206903687C
:10A60800F2B29B6B4946984790B3E2680023A2F8E0
:10A618001A3182F81C31B04521DB204614F005F8C8
:10A628008C4B8D492846002E08BF194633B0BDE82B
:10A63800F04FF6F7DFBD0328D9DD88490322284605
:10A648000CF05AFCFEF7C5BD57F8040B06931BF037
:10A65800E2FD069B0BF1010B03F8010BCCE7E36865
:10A668001AF8012B434408F1010883F81A21D2E7AC
:10A678007B49284633B0BDE8F04FF6F7BBBD7949B2
:10A688000B2238461BF0CBFD00BBFEF751FC1AAA83
:10A6980090F8771006F10F0013F075FF10B11A9BB0
:10A6A800012B06D97049284633B0BDE8F04FF6F7BC
:10A6B800A1BDE268204682F8773013F0B6FF6B49F7
:10A6C800284633B0BDE8F04FF6F794BD6849162226
:10A6D80038461BF0A4FD70BBFEF72AFC1AAA90F8B6
:10A6E8004F1006F11A0013F04EFF30B961492846A1
:10A6F80033B0BDE8F04FF6F77DBD1A9B5A1E012A0C
:10A7080001D9A82B06DD5C49284633B0BDE8F04FD7
:10A71800F6F770BDE26882F84F3020690368DB699C
:10A728009847204613F081FF5049284633B0BDE8CA
:10A73800F04FF6F75FBD5149102238461BF06FFD08
:10A74800002838D1FEF7F4FB90F84E101AAA4900F9
:10A7580006F1140013F017FF48B9494A3C234FF497
:10A768008071284633B0BDE8F04F0CF09BBB1A9BB4
:10A778005A1E3A2A01D9F02B09DD424A3C234FF4EC
:10A788008071284633B0BDE8F04F0CF08BBBE2680F
:10A7980003EBD3735B1082F84E30206903689B6922
:10A7A8009847204613F041FF3049284633B0BDE8AA
:10A7B800F04FF6F71FBD34490F2238461BF02FFD26
:10A7C80078B9E06806F11301583013F0FCFE204612
:10A7D80013F02BFF2549284633B0BDE8F04FF6F7B4
:10A7E80009BD2A49082238461BF019FD002853D113
:10A7F80006F10C0240210AA80FF069FE30B924497D
:10A80800284633B0BDE8F04FF6F7F4BC0AA8F8F7CD
:10A81800E5FD0028F3D01AA80EF0C0FE40220AA9D0
:10A828001AA80EF0E3FE206903681AA99B6D9847E1
:10A8380018492846F6F7DEFC20221AA905F121005E
:10A84800F9F786FBFEF7C5BCBDA902081BAD0208D7
:10A858008B9C02081DA002080AA00208C7A90208CA
:10A86800E3A9020811AA02081DAA02089E9F02086D
:10A878003CAA020853AA02087EAA020842AA0208B1
:10A88800A3AA0208D1AA0208F9AA020809AB020879
:10A8980012AB020821AB0208A349052238461BF077
:10A8A800BEFC60BB06F1080111F8013F7BB9E06806
:10A8B80006F10901043013F093FE204613F0B5FEAB
:10A8C8009A49284633B0BDE8F04FF6F793BC3A2BC7
:10A8D8000FD8292BE8D9964A2A3BDBB222FA03F390
:10A8E800DA07E1D59349284633B0BDE8F04FF6F7CB
:10A8F80081BC3F2BF6D05B3B022BF3D9D4E78E49C2
:10A90800072238461BF08BFC70BB0B368B490222A2
:10A9180030461BF084FC60B9E36883F84D0020469C
:10A9280013F083FE8649284633B0BDE8F04FF6F7AA
:10A9380061BC8449032230461BF071FC68B9E368A6
:10A948000122204683F84D2013F06FFE7E492846E9
:10A9580033B0BDE8F04FF6F74DBC7C49284633B01C
:10A96800BDE8F04FF6F746BC7949062238461BF099
:10A9780056FC002840F0978004F114000A36754A06
:10A9880000968323064684210CF08CFA30462C234B
:10A9980004221AA90FF0BFFD012806465CD11A98B7
:10A9A800FEF776FA002859D0FEF7C2FAD0F8489098
:10A9B800FEF7BEFAD0F87880FEF7BAFA90F874700D
:10A9C800FEF7B6FA90F8756063494846F6F72EFB2D
:10A9D800002861D061494846F6F71EFB00285BD085
:10A9E8007B1F072B58D8731F032B55D85C4940464B
:10A9F800F6F71CFB00284FD05A494046F6F70CFBE7
:10AA0800002849D0E268D2F848A0C2F84890D2F8A5
:10AA180078B092F8743092F87510E2680793C2F82B
:10AA28007880E268069182F87470E26882F875604E
:10AA380020690268126890472069069902680091A7
:10AA4800546E079B51465A46A0474749284633B09B
:10AA5800BDE8F04FF6F7CEBB00281DDD1A9800219F
:10AA68000CF01AFC012E814611D01B9800210CF025
:10AA780013FC022E80460CD01C981BF0CCFB032E36
:10AA8800C7B207D01D981BF0C6FBC6B29CE74FF0B3
:10AA980000080027002697E73449284633B0BDE868
:10AAA800F04FF6F7A7BB3249042238461BF0B7FB34
:10AAB800C8B908363046FEF7EBF980B1FEF738FA28
:10AAC800D0E90A01E368C3E90A01204613F0ADFDA5
:10AAD8001649284633B0BDE8F04FF6F78BBB304631
:10AAE8001BF096FBEEE72349042238461BF097FB40
:10AAF800002841D108363046FEF7CAF980B1FEF782
:10AB080017FAD0E90C01E368C3E90C01204613F0F9
:10AB18008CFD0649284633B0BDE8F04FF6F76ABB0E
:10AB280030461BF075FBEEE743AB02089E9F020818
:10AB3800050001004FB3020849AB02081BA6020832
:10AB480051AB02088B9C020867AB02087EAB020877
:10AB580007A70208CCA102080000164300401C45C4
:10AB68000000E0400000FA4397AB0208ACAB0208D3
:10AB7800E8AB0208EDAB0208B149082238461BF0E1
:10AB88004EFBC8B90C363046FEF782F970B1FEF7B5
:10AB9800CFF9006DE3681865204613F046FDA94912
:10ABA800284633B0BDE8F04FF6F724BB30461BF01B
:10ABB8002FFBF5F72BFFEDE7A349082238461BF0DA
:10ABC8002EFBC8B90C363046FEF762F970B1FEF7B5
:10ABD800AFF9406DE3685865204613F026FD9B49A0
:10ABE800284633B0BDE8F04FF6F704BB30461BF0FB
:10ABF8000FFBF5F70BFFEDE79549112238461BF0DF
:10AC08000EFB00BBFEF794F91AAA90F87E1006F125
:10AC1800150013F0B8FC10B11A9B402B06D98D49CA
:10AC2800284633B0BDE8F04FF6F7E4BAE2682046AC
:10AC380082F87E3013F0F9FC8749284633B0BDE826
:10AC4800F04FF6F7D7BA8549132238461BF0E7FAD2
:10AC580000BBFEF76DF91AAA90F87D1006F11700EF
:10AC680013F091FC10B11A9B402B06D9794928465C
:10AC780033B0BDE8F04FF6F7BDBAE268204682F877
:10AC88007D3013F0D2FC7449284633B0BDE8F04F4C
:10AC9800F6F7B0BA72490A2238461BF0C0FA00BB70
:10ACA800FEF746F91AAA90F87C1006F10E0013F088
:10ACB8006AFC10B11A9B402B06D96649284633B066
:10ACC800BDE8F04FF6F796BAE268204682F87C3085
:10ACD80013F0ABFC6049284633B0BDE8F04FF6F7F7
:10ACE80089BA60490F2238461BF099FAC8B9133659
:10ACF8003046FEF7CDF870B1FEF71AF9806EE368BA
:10AD08009866204613F091FC5749284633B0BDE8B1
:10AD1800F04FF6F76FBA30461BF07AFAF5F776FE81
:10AD2800EDE75249132238461BF079FA00283BD147
:10AD380020690368DB6898474D49F6F751FA0028FF
:10AD48003FF4BDA94B491AAA06F1170013F0F8FB06
:10AD580030B94949284633B0BDE8F04FF6F74ABA4A
:10AD68001A9E00213046F6F761F9B0B14FF08041E4
:10AD78003046F6F751F980B1E368DE66206903686A
:10AD880031461B6F9847204613F04FFC324928463E
:10AD980033B0BDE8F04FF6F72DBA3849284633B03E
:10ADA800BDE8F04FF6F726BA35490B2238461BF0B6
:10ADB80036FAE0B9E3680E36983316F8011F21B168
:10ADC800E26898329A1A762A0BDD002220461A7019
:10ADD80013F02BFC2049284633B0BDE8F04FF6F7B6
:10ADE80009BA7C2908BF0A2103F8011BE5E72549B0
:10ADF8000F2238461BF013FA002847D1FEF798F8BF
:10AE08001AAA90F82F1106F1130013F0BCFB10B129
:10AE18001A9B022B06D91C49284633B0BDE8F04FCF
:10AE2800F6F7E8B9E268204682F82F3113F0FDFB07
:10AE38000949284633B0BDE8F04FF6F7DBB900BF43
:10AE4800F2AB0208FBAB02089DAC020821AC020879
:10AE580047AC020859AC02089E9F020877AC02086A
:10AE68008BAC020896AC0208A6AC0208D3AC020868
:10AE7800F8A60208CDCC4C3EE7AC020808AD0208A3
:10AE88001DAD020829AD020839AD02089B490C2204
:10AE980038461BF0C4F9002847D120690368DB68ED
:10AEA80098479749F6F79CF900283FF408A9103607
:10AEB8009449032230461BF0B2F9E0B192490722C7
:10AEC80030461BF0ACF950B39049082230461BF0CD
:10AED800A6F930B38E49062230461BF0A0F910B30C
:10AEE8003046FDF7D5FF98B1FEF722F890F831010A
:10AEF800FF283EF46EA9E36883F83101204613F079
:10AF080094FB8449284633B0BDE8F04FF6F772B990
:10AF18008149284633B0BDE8F04FF6F76BB90120F8
:10AF2800E9E70220E7E70320E5E77C490322384602
:10AF38001BF075F980BBFDF7FBFF1AAA90F94C10BE
:10AF4800F01D13F020FBE8B11A9B03F109021F2A38
:10AF580018D8E268204682F84C3013F066FBD4E932
:10AF68000320036892F94C10DB6A9847E3686C4A3F
:10AF780093F94C304FF48071284633B0BDE8F04F58
:10AF88000BF090BF674A16234FF48071284633B000
:10AF9800BDE8F04F0BF086BFB9F1000F3AD1624916
:10AFA800052238461BF03BF9002833D1FDF7C0FFD6
:10AFB8001AAA816C06F1090013F0C2FA50B11A9E60
:10AFC8005A493046F6F732F820B159493046F6F773
:10AFD80023F830B95749284633B0BDE8F04FF6F7A3
:10AFE80009B9E36820469F6C9E6413F01EFBD4E900
:10AFF8000320016892F8754092F8743000944C6E02
:10B00800926F3946A0474C49284633B0BDE8F04F07
:10B01800F6F7F0B849493846F6F7E2F830B9484942
:10B02800284633B0BDE8F04FF6F7E4B84549162294
:10B0380038461BF0F4F8002840F08E8006F11A001C
:10B048001BF0E9F806461FFA80F9206803681B68B8
:10B058009847074630B93C49284633B0BDE8F04F19
:10B06800F6F7C8B8A9F6B833B3F5AF6F06D93749BC
:10B07800284633B0BDE8F04FF6F7BCB8206803683F
:10B088001B69984780464846F5F7C6FD4146F5F7DF
:10B098001BFE81463846F5F7BFFD01464846F5F7E1
:10B0A800C7FEE368C3F894008146206803684946F0
:10B0B800DB689847B8B1204613F0B7FAB6B24846ED
:10B0C800CDE90476F5F788F9CDE902014046F5F7B0
:10B0D80083F91F4ACDE900014FF4807128460BF02F
:10B0E800E1FEFEF776B8E3681A4900222846C3F85D
:10B0F800942033B0BDE8F04FF6F77CB85BAD02089A
:10B10800F8A602088B9C020880A402088AA40208F8
:10B1180095A402089E9F020868AD0208A3AD020824
:10B12800A7AD0208BCAD0208E2AD02080000164354
:10B1380000401C45E8AD020897AB02080EAE0208B5
:10B1480024AE020861AE020878AE02089CAE02087E
:10B15800C6AE0208EEA40208AB49132238461BF01B
:10B168005EF800283FD1206803681B6898470746A7
:10B1780000283FF470AFA54B20681B68B3F8008027
:10B1880003681B69984781464046F5F745FD4946DF
:10B19800F5F79AFD06463846F5F73EFD0146304676
:10B1A800F5F746FEE368C3F894000646206803688E
:10B1B8003146DB68984758B1204613F036FA3046D6
:10B1C800CDE90478F5F708F9CDE9020148467EE7AC
:10B1D800E3688F4900222846C3F8942033B0BDE8BD
:10B1E800F04FF6F707B88B490F2238461BF017F8CF
:10B1F800002847D1FDF79CFE1AAAD0F8941006F152
:10B20800130013F09DF978B11A9E00213046F5F726
:10B21800EFFE80B980493046F5F7F4FE20B97F4942
:10B228003046F5F70DFF30B17D49284633B0BDE80B
:10B23800F04FF5F7DFBF206803683146DB689847B1
:10B24800C8B1E3682046C3F8946013F0EEF9002112
:10B258003046F5F7CDFE30B17249284633B0BDE827
:10B26800F04FF5F7C7BF3046F5F7B6F86E4ACDE9A7
:10B278000001FEF783BA6649284633B0BDE8F04FAF
:10B28800F5F7B8BF6949112238461AF0C8FF88BBDC
:10B29800FDF74EFE90F8111106F11500FDF70EFEB0
:10B2A800012806461FD8E36883F81101204613F0E9
:10B2B800BCF92069036806F001015B6B984758B137
:10B2C800E3685B4A93F811314FF48071284633B034
:10B2D800BDE8F04F0BF0E6BD5649284633B0BDE84F
:10B2E800F04FF5F787BF5449284633B0BDE8F04F13
:10B2F800F5F780BF51490D2238461AF090FF20BB60
:10B30800FDF716FE90F8101106F11100FDF7D6FDB5
:10B3180001280646E7D8E36883F81001204613F0B1
:10B3280084F92069036806F001011B6B984700281F
:10B33800D2D0E368424A93F810314FF4807128461E
:10B3480033B0BDE8F04F0BF0ADBD3E49072238469B
:10B358001AF065FFD8B9FDF7EBFD90F8121106F168
:10B368000B00FDF7ABFD0128BDD8E36883F8120197
:10B37800204613F05AF9E368334A93F812314FF430
:10B388008071284633B0BDE8F04F0BF08BBD2F49D4
:10B398000F2238461AF043FF80B9FDF7C9FD90F82F
:10B3A8001D1106F11300FDF789FD01289BD82849D6
:10B3B800284633B0BDE8F04FF5F71CBF25490D22EC
:10B3C80038461AF02CFF002848D1FDF7B1FD90F857
:10B3D8001E1106F11100FDF771FD0128064682D8FD
:10B3E80000F0010000F0C0FEE368204683F81E610B
:10B3F80013F01BF9184A33464FF48071284633B0CE
:10B40800BDE8F04F0BF04EBDF2AE0208A076020880
:10B41800EEA4020806AF02080000C8420060EA462F
:10B4280016AF020854AF020878AF020894AF0208BA
:10B43800A6AF0208BFAF0208D2AF0208F2AF0208F7
:10B4480000B0020815B002081DB002083EB002089C
:10B458004EB0020860B002086EB00208A5490A2280
:10B4680038461AF0DCFE50BBFDF762FD1AAA90F9C7
:10B478001F1106F10E0013F086F828B90E23009369
:10B488006FF00B03FEF7A8BF1A9E06F10C031A2BE8
:10B4980005D90E2300936FF00B03FEF7A9BFE368ED
:10B4A800204683F81F6113F0C0F8934A33464FF4DF
:10B4B8008071284633B0BDE8F04F0BF0F3BC8F49DC
:10B4C800082238461AF0ABFE014608BB06F10C000C
:10B4D800FDF7F4FC0128044613D800F00100F9F741
:10B4E80067FD012C06D18649284633B0BDE8F04FE8
:10B4F800F5F780BE8349284633B0BDE8F04FF5F72D
:10B5080079BE8149284633B0BDE8F04FF5F772BEE1
:10B518007E49082238461AF082FE00284AD10C36A5
:10B52800374616F8013B202BFAD083B378493846C2
:10B53800F5F756FEE8B920690368D3F8A4309847B0
:10B548000646744B9E4229D8731E082B98BF0A26BC
:10B55800E3683046C3F888600FF019FF204613F0FF
:10B5680064F8EEB96C49284633B0BDE8F04FF5F7FA
:10B5780041BE00230A221AA938461A930CF07AF819
:10B588001A9BBB42064602D01B78002BD9D06349D0
:10B59800284633B0BDE8F04FF5F72CBE1E46D7E776
:10B5A8005F4A33464FF48071284633B0BDE8F04F08
:10B5B8000BF078BC5B490D2238461AF030FE38BBD8
:10B5C800FDF7B6FC90F8151106F11100FDF776FCB1
:10B5D800064620690368D3F88C30984700283EF463
:10B5E80074AA731C3EF4FBADE368204683F815612A
:10B5F80013F01BF84C4A4D4B002E08BF13464C4A1B
:10B608004FF48071284633B0BDE8F04F0BF04ABCC8
:10B61800484A3B464FF48071284633B0BDE8F04FA6
:10B628000BF040BCB9F1000F1BD143493046F5F788
:10B63800D7FDB0B9206903681B69984750B13F49E5
:10B648002846F5F7D7FD0121204633B0BDE8F04F75
:10B6580013F02BB83A49284633B0BDE8F04FF5F758
:10B66800C9BD3849032230461AF0D9FD68B92069A6
:10B6780003685B6898470646206903689B68984793
:10B68800314A00903346FDF71EBF30490522304647
:10B698001AF0C5FD68B9206803685B6998472C4AA9
:10B6A80003464FF48071284633B0BDE8F04F0BF0E5
:10B6B800F9BB28490B2230461AF0B1FD00284FD1BA
:10B6C8002069036806F10B01D3F8B43098470346A4
:10B6D80040B1214A4FF48071284633B0BDE8F04F9D
:10B6E8000BF0E0BB1D49284633B0BDE8F04FF5F735
:10B6F80081BD00BF83B002088EB00208A4A502086D
:10B70800A0B00208E3B00208F5B00208ADA502082F
:10B71800E2A70208803A09004FB1020816B10208F0
:10B728006BB102087EB102088B9C02081BA60208B6
:10B738008CB10208A1B102080BB30208B8B1020823
:10B74800DAB10208D1A40208F1B10208F798020898
:10B7580047A6020800B202089299020834A002081B
:10B76800B2490B2230461AF05AFD60BB04F11400AE
:10B778000B36AF4A00968323842106460BF092FBD2
:10B78800202302221AA930460EF0C5FE002810DD3B
:10B7980001281A990ED01B9A20690368D3F8B8308B
:10B7A800984748B1A349284633B0BDE8F04FF5F7AC
:10B7B80021BDA149A14AEFE7A149284633B0BDE818
:10B7C800F04FF5F717BD9F490B2230461AF027FDB9
:10B7D8000746002857D120690368D3F8A83098474E
:10B7E80080463046F5F70EFD0B280DD906F10C0002
:10B7F80012F089FE0646464508DB9349284633B0D1
:10B80800BDE8F04FF5F7F6BC3E46F4E78F4A4346ED
:10B818004FF4807128460BF045FB2846F5F7F2FCFB
:10B828002F18A7EB0509B9F1850F0BDDB04525DD0C
:10B83800874A3346C9F58071384633B0BDE8F04FC2
:10B848000BF030BB206903683146D3F8AC30984719
:10B858008246206903683146D3F8B03098477D4A5C
:10B8680000905346C9F5807138460BF01BFB3846EB
:10B87800F5F7C8FC0136B0450744D2D1002307F8D4
:10B88800013CFDF7A6BC7449062230461AF0C7FCF5
:10B89800D8B9206903680121D3F89830984768B16E
:10B8A800E3680122204683F8842012F0BEFE614935
:10B8B800284633B0BDE8F04FF5F79CBC67492846E9
:10B8C80033B0BDE8F04FF5F795BC6549072230461F
:10B8D8001AF0A5FC0746A0B9206903683946D3F8D1
:10B8E800983098470028E9D0E368204683F88470A8
:10B8F80012F09BFE4F49284633B0BDE8F04FF5F7EC
:10B9080079BC58490A2230461AF089FCC8B9D4E9EA
:10B9180003600368D3F890309847C6E90A01D4E970
:10B9280003600368D3F894309847C6E90C012046B1
:10B9380012F07BFE3F49284633B0BDE8F04FF5F7DB
:10B9480059BC49490A2230461AF069FC002840F0DF
:10B958009B803046F5F756FC0A2823D1E36893F814
:10B968008C30012B10D0022B07D0A3B93F492846B1
:10B9780033B0BDE8F04FF5F73DBC3D49284633B03C
:10B98800BDE8F04FF5F736BC3A49284633B0BDE874
:10B99800F04FF5F72FBC3849284633B0BDE8F04FD3
:10B9A800F5F728BC0B363549042230461AF037FC27
:10B9B80060B9E36883F88C00204612F036FE1D4912
:10B9C800284633B0BDE8F04FF5F714BC2C490522E2
:10B9D80030461AF024FC68B9E3680122204683F84F
:10B9E8008C2012F022FE1349284633B0BDE8F04FF0
:10B9F800F5F700BC2349052230461AF010FC68B957
:10BA0800E3680222204683F88C2012F00EFE0949D2
:10BA1800284633B0BDE8F04FF5F7ECBB1649284689
:10BA280033B0BDE8F04FF5F7E5BB00BF0CB2020834
:10BA3800CCA10208259902088AB7020834A0020896
:10BA480018B202082EB202083AB2020848B2020836
:10BA580058B2020851B2020864B202086BB2020876
:10BA680080B2020888B2020893B202089EB20208A5
:10BA7800A5B20208ADB20208B5B20208A0B2020827
:10BA8800AFB20208A7B202085049032230461AF0A2
:10BA9800C6FB40B920690368D3F8A030294633B003
:10BAA800BDE8F04F18474A490B2230461AF0B7FB59
:10BAB80030B94849284633B0BDE8F04FF5F79ABB8E
:10BAC8004549092230461AF0AAFB58B9206903688B
:10BAD80001211B6A98474149284633B0BDE8F04F19
:10BAE800F5F788BB3E49082230461AF098FB014614
:10BAF80050B9206903681B6A98473A49284633B009
:10BB0800BDE8F04FF5F776BB3749092230461AF001
:10BB180086FB50B9206903685B6A98473349284611
:10BB280033B0BDE8F04FF5F765BBB9F1000F46D16A
:10BB38002F49032230461AF072FB50B92069036876
:10BB48009B6A98472B49284633B0BDE8F04FF5F774
:10BB580051BB29490D2230461AF061FB58B9737B55
:10BB680013F0DF0F07D1206903681B6D294633B036
:10BB7800BDE8F04F184721490B2230461AF04FFB19
:10BB880058B9F37A13F0DF0F07D120690368DB6C2B
:10BB9800294633B0BDE8F04F184719490A22304604
:10BBA8001AF03DFB58B9B37A13F0DF0F07D12069BB
:10BBB80003689B6C294633B0BDE8F04F184711491C
:10BBC800284633B0BDE8F04FF5F714BBDA9F0208FA
:10BBD800BBB20208C7B20208D7B20208E1B2020833
:10BBE800EFB20208F8B2020807B3020811B302085C
:10BBF8001FB3020823B302082AB3020838B30208A5
:10BC080044B30208F89F0208034B1B6813B19B68F2
:10BC180003B11847704700BFD45D002073B53E23B9
:10BC28008DF8043003888DF805301A0A04468DF81B
:10BC38000620EFF31186102282F31288BFF36F8F6C
:10BC4800134DA989AA88521A296992B20333891A0D
:10BC58008B4206D986F31188BFF36F8F002002B09C
:10BC680070BD01A90322284612F0BAFF21462846D2
:10BC780031F8022B12F0B4FF86F31188BFF36F8FEF
:10BC8800044B18688368DB6903B198470120E6E72D
:10BC9800B85D0020D85D0020F0B5224C2378AFB005
:10BCA80033B12148FFF7BAFF002831D000232370B1
:10BCB8001E4F1F4E1D480022002301A907F096F8C9
:10BCC8000546D0B11B4B1A6812B3526802B32278EA
:10BCD800F2B9EFF31180102282F31288BFF36F8F4D
:10BCE800154A5189D28880F31188BFF36F8F91422A
:10BCF8000ED11B685B6898470AE001A8FFF78EFF22
:10BD080040B90948B22201A91AF053FA0123237055
:10BD18002FB0F0BD3378002BCCD07B6A042B98BFB2
:10BD28003570C7E72D880020B68600201806002049
:10BD38002C880020D45D0020B85D002010B50C4C84
:10BD48002378A3B10B490C480022002317F0FDFB10
:10BD580028B92070BDE81040084807F00DBBBDE8C1
:10BD68001040074840F6C412002307F075BB10BD09
:10BD78002B88002004860020180600209000002050
:10BD8800300000202DE9F047DFF8AC9190B0044670
:10BD9800A3685B6C002B40F0C080A3681B6C002B71
:10BDA80040F0C380A3685B6B33B9A3689B69002B21
:10BDB80046D16FF0570748E0204698470028F4D14D
:10BDC800A3685B6A1BB1204698470028E0D0EFF3D0
:10BDD8001186102383F31288BFF36F8F574D2946BE
:10BDE800EB8831F80A2F9B1A9BB2402B6A4628BF72
:10BDF8004023284612F0B4FE024670B1A3680099A9
:10BE08005B69002B00F08680204698474C4920EA61
:10BE1800E072A1F10A0012F0CAFE6F89ED88AF4204
:10BE280004D1A3681B6A0BB12046984786F3118892
:10BE3800BFF36F8FAF42ABD1424807F09DFAA7E737
:10BE4800402269462046984707463F4D2B786BB1FC
:10BE580017F079FE00230A22F5F7A8F93B4B1B6877
:10BE6800C01AB0F5FA6F84BF00232B70DFF8E080AA
:10BE78006E464FF0000ABA45A2DA2B7816F8011B75
:10BE8800012B11D0022B14D01BBB3C2909D1012353
:10BE98002B7017F058FE00230A22F5F787F92B4B71
:10BEA80018600AF1010AE6E7A8F8001002232B70CF
:10BEB800F7E7B8F80030274A43EA0123A8F800302A
:10BEC800013B0021AF2B118001D90023EFE70323A9
:10BED800EDE720480288531C4A449BB29170B8F899
:10BEE800002003809342DCD31B4BA9F800201A786A
:10BEF80022B9012219481A7007F03EFA184B1B683C
:10BF0800002BE2D01B68002BDFD0B9F800101548D1
:10BF18009847DAE76FF0570078E7204698470028F7
:10BF28007FF43BAF10B0BDE8F08720469847002863
:10BF38007FF438AFF6E700BF68870020B85D0020BF
:10BF4800C25D0020900000202E900020CC5D0020D3
:10BF58001A8800201C8800203090002080000020D3
:10BF6800D45D00206A870020074B1860074B012228
:10BF78001A70074B074A1A600022C3E90122DA60E7
:10BF88004FF400621A617047D45D00202F900020A2
:10BF9800B85D00202E88002010B50A4C0A482060A1
:10BFA80017F0DAF908B9206010BD2068836823B15A
:10BFB8009B6C13B10549002298472068BDE81040E2
:10BFC80012F089BBD85D0020D46A02088DBD000834
:10BFD80030B51D4B1C68AFB005465CB34B1EAF2B8C
:10BFE8002FD8ADF804100A460C4601460DF106009C
:10BFF8001AF0DFF815480022002301A917F0A5FA66
:10C00800D8B1134B1A780AB901221A7095F9003081
:10C01800002B16DA0F4D2B789BB9B2220E4801A9D6
:10C028001AF0C7F801232B700C4840F6C4120023FD
:10C0380007F012FA20462FB030BD094807F09CF9E6
:10C04800F8E70024F6E700BFD85D002018060020B6
:10C058002C8800202B880020048600203000002037
:10C0680090000020064A1070064A0346106830B156
:10C078000BB112F030BB8368DB6A03B11847704715
:10C088002F900020D85D0020014B1878704700BF22
:10C098002F900020024B1878431E58425841704791
:10C0A80030900020014B1878704700BF2C88002082
:10C0B800114B1B68F3B1EFF31181102383F312883E
:10C0C800BFF36F8F0D4B5A89DB8881F31188BFF35B
:10C0D8006F8F0B49486A58B99A4206D1094B1B78A9
:10C0E8001BB9094B187880F0010000F00100704777
:10C0F8000020FAE701207047D85D0020B85D0020D5
:10C10800180600202D8800202B880020024B186874
:10C11800003818BF01207047D85D0020014B186017
:10C12800704700BFD05D002000487047E40500203C
:10C138000048704718060020014807F01DB900BFE5
:10C1480090000020074B1A691268920648BF80F0D9
:10C15800010020B19B68DB680248202118479B68D2
:10C168001B69F9E7546A0208014B1870704700BF51
:10C1780031900020014B1878704700BF31900020A3
:10C18800094B1B787BB1A0F16703052B0BD8DFE8BF
:10C1980003F0030A05070A096C2070476A207047F4
:10C1A80069207047672070473190002010B5F9F773
:10C1B800F3FB08B9FFF7C6FF00F048FA0446F9F7A1
:10C1C800D3FB01280DD0002C14BFC8231423C3F5BA
:10C1D8007A630A22BDE810400348A3FB022307F054
:10C1E80073B91423F3E700BF403B002070B500F09B
:10C1F8002DFA0446F9F7B8FB012813D0002C14BF18
:10C20800C8251425F9F784FB80B9F9F7ADFB022896
:10C218000AD003280AD0F9F7BFFB38B90120FFF785
:10C2280091FF03E01425EDE7002CF4D10A23A5FBC8
:10C2380003230248BDE8704007F046B9103B0020D0
:10C2480010B5104C204617F087F8C8B12269A168CC
:10C25800136843F0200313600B680B4A052120463E
:10C2680098470A490A4817F09CFA0A480A4917F0F9
:10C2780098FABDE8104006480022002307F024B9C8
:10C2880010BD00BF546A020801000A00F5C1000889
:10C29800403B0020103B0020B5C1000810B568B134
:10C2A800F9F736FB50B90B4817F056F888B1BDE8D6
:10C2B800104009480022002307F006B9064817F085
:10C2C8007EFA064817F07BFABDE810400020FFF719
:10C2D80039BF10BD546A0208403B0020103B0020C3
:10C2E80010B5044610485CB117F069FA0F4817F00A
:10C2F80066FA0020FFF726FF204600F0ADF910BDD2
:10C3080017F05BFA0028F7D1084817F056FA00280A
:10C31800F2D1074817F020F80028EDD000220023BA
:10C32800014807F0D1F8E7E7403B0020103B002028
:10C33800546A020810B5F9F7EBFAA0B90A4817F0E1
:10C348000BF880B1094817F03AFA094817F037FA9C
:10C358000120FFF7F7FEBDE8104005484FF4FA62E8
:10C36800002307F0B1B810BD546A0208403B002012
:10C37800103B0020014B1860704700BFDC5D0020B7
:10C38800014B00221A7070473290002010B5437993
:10C39800012B044618D1C088FFF7F2FE2228A468B2
:10C3A80009D10EF0E7FF78B1201E18BF0120BDE8C3
:10C3B8001040FBF7A7BE3CB1194C23782BB11948A4
:10C3C80017F0FDF90023237010BD2E2819D007D8C7
:10C3D800122820D02128F7D112F087F912F0B6FBE5
:10C3E800302801D07428F6E70F4B93F8E54084F025
:10C3F8000104204612F076F92046BDE81040FBF70C
:10C408009BBE0EF0B7FF0028DED00EF0B5FF80F01F
:10C418000100C0B2CBE7BDE81040FBF753BE00BF38
:10C4280032900020A03B0020E05D002008B50949BB
:10C43800094817F0B6F90949094817F0B2F9094946
:10C44800094817F0AEF9FFF7FBFE084B01221A70F6
:10C45800002008BD0DE70108D03B002089C3000873
:10C46800A03B00200FE70108703B0020339000201C
:10C478000D4B1B78BBB1052807D003D8013802281B
:10C488000BD97047062805D07047084B012283F85E
:10C4980024207047054B0022F9E7044B93F8243019
:10C4A8000BB9FFF747BF704733900020E05D0020CD
:10C4B800024B5A8C824218BF58847047E05D0020B6
:10C4C80010B5094C84F8AC309DF9083084F8AD30CB
:10C4D800BDF90C30C4F8A40084F8A810A4F8AA2068
:10C4E800A4F8AE3010BD00BFE05D002010B5094CC7
:10C4F80084F8B5309DF8083084F8B6309DF80C30D3
:10C5080084F8B000A4F8B21084F8B42084F8B730E6
:10C5180010BD00BFE05D0020024BC3E92E01C3F847
:10C52800C0207047E05D002010B5054CC4E93323F6
:10C53800029B84F8C70084F8C810C4F8D43010BD32
:10C54800E05D0020014B188399767047E05D00207C
:10C55800014BD86100F098B8E05D0020034B93F9D7
:10C568002020824218BF83F820007047E05D002039
:10C57800F8B5154C94F8A030032B07460E4615461F
:10C5880012D9482204F1400104F1580019F01FFEA5
:10C598000E480F22394619F082FE002384F84F30E6
:10C5A800A4F850606565F8BD3BB118225A4304F100
:10C5B800400104F1580019F00AFE94F8A030013344
:10C5C80084F8A030E4E700BFE05D0020205E002092
:10C5D8000348002180F8A0106022403019F010BEF6
:10C5E800E05D002008B5014630B11722034819F074
:10C5F80056FE024A0023D37508BD00BFE05D002047
:10C60800014B83F8C5007047E05D0020014B83F8BB
:10C61800C6007047E05D0020024BC3E9371283F87B
:10C62800D8007047E05D0020014B83F8C4007047D4
:10C63800E05D0020014B83F8E4007047E05D0020D6
:10C64800014B83F8F1007047E05D0020014B588CE6
:10C65800704700BFE05D0020014B83F8E50070479C
:10C66800E05D002008B5064B187017F06CFA00233F
:10C678000A22F4F79BFD034BC3E9000108BD00BF84
:10C6880034900020003C002038B50EF081FE0446AE
:10C69800C8B90E4D2B7813F0FB0F01D1042038BD1B
:10C6A80017F051FA0A220023F4F780FD084AD2E96C
:10C6B8000032C01A074B61EB0201834274EB01019F
:10C6C800ECDB2878EBE70120E9E700BF3490002095
:10C6D800003C0020002E9302014B1B68184700BF46
:10C6E800A0000020014B1860704700BFA000002088
:10C6F80030B5044685B00D4610220021684619F071
:10C708007FFD02238DF802302A46044B019321460F
:10C7180068460BF0A5F805B030BD00BFE1C60008BB
:10C7280080B505460E461746984607F09DF903461C
:10C7380000F096FCDFF81890044649F800304246AD
:10C7480030463946A84754F8090000F023FC00BFDA
:10C758000800000008B50446EFF31183102383F3A3
:10C768001288BFF36F8F15F058FD204600F032FB9A
:10C77800024812F0DEF912F08EFBFCE786B30208DD
:10C78800034A536823F0020353600020704700BF38
:10C79800002004E0014912F0D5BA00BFA9C700087B
:10C7A8000B464168012B01F10C0107D00BD9023B64
:10C7B800012B8CBF6FF08500002070470548836807
:10C7C8001B6823B11847034883685B68F9E76FF073
:10C7D80057007047D4690208192810B502D90024F7
:10C7E800204610BD044B53F82040204616F0B4FDF7
:10C7F8000028F5D1F3E700BF4C7B020872B6094B5D
:10C808001A6942F004021A611A6922F010021A61C8
:10C8180040BF20BF20BF00BF00BF30BF00BF00BF68
:10C82800F6E700BF00ED00E0084B1A6842F400721A
:10C838001A601A6842F480621A601A6842F48072B8
:10C848001A60034B034A1A60704700BF0040005843
:10C85800D804002000093D0008B5044B07229A615E
:10C868001A6842F007021A60FFF7C8FF0004005870
:10C87800014B036000207047B47B020870B5104B71
:10C888001C680D46B4B10F4B196800238B4202DBBC
:10C898006FF0010070BD224612F8106B864202D07C
:10C8A80001331446F2E7E06816F056FD28B12C6013
:10C8B8000020EFE76FF00C00ECE76FF01200E9E7FB
:10C8C800E4000020B47B020808B50348034A0021AD
:10C8D800121A12F0B8FA08BD500600203C90002049
:10C8E8000748084A084908B5121A12F0AEFA07486C
:10C8F800074A0849BDE80840121A12F0A6BA00BF54
:10C90800000000204C06002050BD02080000002056
:10C918000000002050BD020838B505460C4699B104
:10C92800D1E901230F48096812F003F9D4E9042377
:10C93800E1680D4812F0FDF8E1690C4812F0F9F8C9
:10C94800A1690B4812F0F5F8012D05D1EFF3058127
:10C958000848103912F0EDF821462846BDE838405D
:10C9680006F03AB8E7B3020817B4020847B4020859
:10C9780057B4020886B4020830BFFFF7FDBF00BFF6
:10C988002DE9F0410B4EDFF8308006EB0807CC1B91
:10C99800054632460949204619F00BFCA0194246C3
:10C9A8000021083C19F02CFCEC6707F10800BDE8F1
:10C9B800F08100BF000000002C000000546E020847
:10C9C8002DE9F8432B4D80462B481746894612F02F
:10C9D800B0F8AB6ADA0622D5284812F0AAF8112472
:10C9E800AB6A1B0703D5264812F0A3F81224214D81
:10C9F800AB6A9E0715D5234812F09BF86E6BAB6A9D
:10CA08001C0634D52048314612F093F8B9F1000FCE
:10CA180003D0AB6A23F08003AB62132403E0102435
:10CA2800DEE76FF01506134DAB6AD80703D5174834
:10CA380012F07FF81424AB6AD90602D4AB6A9A07BD
:10CA48000BD50C4B5B681B0507D54146304600F0FB
:10CA580057FA10B180F309880224064A936A43F012
:10CA6800FF03936200233B702046BDE8F8836FF014
:10CA78001506D2E700ED00E09AB40208B1B4020846
:10CA8800E5B40208F9B4020812B5020829B502088B
:10CA980010B51D4C1D4812F04CF8A36A990130D509
:10CAA8001B4812F046F81E20A36ADA0103D519487C
:10CAB80012F03FF81F20144CA36A1B0303D5164835
:10CAC80012F037F82120A36A590303D5134812F04E
:10CAD80030F822200C4CA36A9A0303D5104812F0B0
:10CAE80028F82320A36ADB0303D50E4812F021F8A7
:10CAF8002420054A936A6FEA03436FEA134393625B
:10CB080010BD1D20D0E700BF00ED00E049B50208C8
:10CB180062B5020876B5020891B50208B0B50208F8
:10CB2800D6B50208F1B5020870B5204C0646204873
:10CB38000D4611F0FEFFA36AD90435D51D4811F042
:10CB4800F8FF1720A36A1A0503D51B4811F0F1FF57
:10CB58001820164CA36A9B050FD5184811F0E9FF59
:10CB6800A16BA36A180407D5154811F0E2FF1EB19E
:10CB7800A36A23F40043A36219200C4CA36A5A0544
:10CB880003D5104811F0D5FF1A20A36ADB0503D599
:10CB98000D4811F0CEFF1B20044A936A43F47F43EB
:10CBA800936200232B7070BD1620CBE700ED00E0E8
:10CBB8001DB6020834B60208E5B4020846B60208F3
:10CBC80060B6020876B6020892B602082DE9F0416E
:10CBD8005D4B5F688AB00446C7F30806002585F3F5
:10CBE8001188BFF36F8F02F07F43B3F17F4F06D1F7
:10CBF80002F00C03082B13D1544811F09AFF0025BA
:10CC08002C464FF00008F31E8DF80780092B00F220
:10CC18008C80DFE803F00A80847C8A8A8A8A8A8882
:10CC280010074CBF0C460125EBE74948464E11F06A
:10CC380080FF8DF80780F36A9A0704D5454811F0FC
:10CC480078FF00232AE0F36A002B01DA4248F6E76E
:10CC5800F36A5B00F5D5414811F06BFF7369A2696F
:10CC680043F480737361BFF34F8FBFF36F8F32F854
:10CC7800023C726922F480727261BFF34F8FBFF376
:10CC88006F8F03F47F42B2F55F4F27D1DBB2022BDF
:10CC980024D12168324811F04CFF23689DF8072001
:10CCA800CAB902AE04F1200720686168324603C29F
:10CCB8000834BC421646F7D1099A002D41D0C2F378
:10CCC800080121B96FEA52226FEA4222099202A9A9
:10CCD8001846FFF721FE0AB0BDE8F0811A4B9A6AA0
:10CCE800D2B232B10DF1070201212046FFF768FEEA
:10CCF8000FE09A6A12F47F4F05D00DF10701012069
:10CD0800FFF712FF05E09B6AB3F5803F99D3FFF761
:10CD1800BFFE0346C2E70DF107020021E5E70DF16A
:10CD280007010020ECE70F4889E70F4B0F4910482F
:10CD380017F4F87FA6F1100208BF194611F0F9FEA2
:10CD48007FE76FF30802C1E700ED00E0D9B60208FB
:10CD580005B702081DB702083FB702084EB7020818
:10CD68006EB702088BB70208ABB60208C0B6020855
:10CD7800B0B70208044B5A6942F010025A615A6966
:10CD880022F008025A61704700ED00E0EFF30880D6
:10CD9800EFF3098101B57246FFF718FF01BD00BF27
:10CDA8000A4880F30888102080F3118808484FF457
:10CDB8000461401880F30988EFF3148002210843C6
:10CDC80080F31488BFF36F8F12F050F840C400202E
:10CDD800C0A20020BFF34F8F0549064BCA6802F472
:10CDE800E0621343CB60BFF34F8F00BFFDE700BF86
:10CDF80000ED00E00400FA051EF0040F0CBFEFF38D
:10CE08000880EFF30980816911F8021C0229FFD01C
:10CE180001B5724612F01BF801BD00BF40B20028F0
:10CE280007DB044A4109012300F01F00834042F850
:10CE38002130704700E100E040B200280CDB4309D4
:10CE4800064900F01F0020330122824041F82320C8
:10CE5800BFF34F8FBFF36F8F704700BF00E100E053
:10CE6800054B420900F01F0053F82220012303FA62
:10CE780000F01040704700BF00E100E040B2002819
:10CE8800A8BF00F1604001F10101B8BF064B4FEAAD
:10CE98000111ACBF00F5614000F00F00C9B2B4BF8A
:10CEA800195480F80013704714ED00E0044B054A4C
:10CEB80023F07F039360BFF34F8FBFF36F8F7047EB
:10CEC8000000000800ED00E042F8203C009B42F81A
:10CED8001C3C0A49019B42F8183C029B42F8143C4E
:10CEE80021F001014FF0807342F8043C42F8081C1D
:10CEF8000023203A0265C0F88030704729C700082F
:10CF0800094A0346906870B113F1160FC06E05D038
:10CF1800A0F14002934205D3834203D2814228BF45
:10CF280000207047002070471863002008B5154698
:10CF38000B4A0C4B9060C26F1A600E4600F0A2F8C4
:10CF48002C4686F309880020034B98472046002189
:10CF580000220023014C204791EE010829C7000850
:10CF680018630020285F0020014B10221A617047C7
:10CF780000ED00E0054B5A699B689A421FBF044ABE
:10CF8800536843F080535360704700BF1863002014
:10CF980000ED00E0084B9B6883420BD1EFF305835B
:10CFA80043B1064B5A6842F080525A605A6A22F4DA
:10CFB80000425A6206F05EBD1863002000ED00E0F2
:10CFC80015498A684FF030001044EFF3098C80E867
:10CFD800F01F102080F31288BFF36F8F0F4F4FF0B0
:10CFE80000664A698A603E60D06F0D4C2060D2F8B6
:10CFF80080000023C2F8803080F3118804B5104601
:10D0080000F040F8BDE8044002F1300090E8F01F5D
:10D018008CF30988704700001863002004ED00E0D5
:10D02800285F0020044800231021C2180133352B43
:10D0380082F80013F9D1704700E100E008B5EFF37A
:10D048000583064A103B02EBC30152F833004968D6
:10D058008847BDE80840FFF78DBF00BF946B020802
:10D068000148006870470000285F0020024B034A0F
:10D078000348012100F076B80000012000000020DC
:10D08800D87B0208C36E054A403B1360044B40211D
:10D09800C2E901131046012100F06EB82C5F002090
:10D0A80000000B15084AC2F898000B6823F01F030C
:10D0B800034343F01003C2F89C308B6843F001032C
:10D0C800C2F8A030704700BF00ED00E02DE9F04342
:10D0D800DFF8608085B00E461F4604464FF0000911
:10D0E800B14523DA6068D8B13FB1411E08421BD16F
:10D0F8001F2819D92368194216D12368019311F002
:10D10800D7FEA36803430393D8F89050C5F30725C7
:10D11800D0B2013DA84207D801A9FFF7C3FF421CBE
:10D1280009F101090C34DBE76FF01502104605B070
:10D13800BDE8F08300ED00E0044B0522C3F894201D
:10D14800BFF34F8FBFF36F8F704700BF00ED00E054
:10D15800BFF35F8F024B0022C3F89420704700BFD3
:10D1680000ED00E010B5034C01232278FFF7AEFF75
:10D17800207010BD3590002008B50B4A00231278A6
:10D18800FFF7A4FF10F1160F07D0084A0021D2F8C4
:10D198009030C3F30723984200DB08BDC2F898001B
:10D1A800C2F8A0100130F2E73590002000ED00E051
:10D1B8002DE9F0435A4B5B4DD3F890302C68C3F3FC
:10D1C80007239C4285B000F2A780FFF7C1FF00202B
:10D1D8000C2684421AD1544EDFF8449134706846C4
:10D1E800FFF746FB514C524D80460027B84514D1F5
:10D1F80033784B490020D1F89020C2F3072293429C
:10D20800C0F28480FFF798FF002045E0696806FBBC
:10D218000011FFF747FF0130DBE7009800EB07112B
:10D228004FEA071CCB682340B3F5000F4DD00AD84E
:10D23800B3F5001F33D0B3F5800F3BD0B3F5801F93
:10D2480013D00137D2E7B3F1007F47D0B3F1805F45
:10D258004DD0B3F1807FF4D150F80C3088684A681B
:10D2680011F026FE40F0887009E050F80C3088680C
:10D278004A6811F01DFE40F0885040F43020CDE996
:10D2880001230390D9F890303078C3F30723013B8A
:10D29800984234D96FF0150005B0BDE8F08350F816
:10D2A8000C3088684A6811F003FE40F0885040F45A
:10D2B8000020E4E750F80C3088684A6811F0F8FD5F
:10D2C80040F0007040F40030D9E750F80C3088681E
:10D2D8004A6811F0EDFD40F08270D0E750F80C304C
:10D2E80088684A6811F0E4FD40F48020C7E750F8E8
:10D2F8000C3088684A6811F0DBFD2843BFE701A9B4
:10D30800FFF7D0FE3378013333709AE7C1F89830CD
:10D31800C1F8A00001336EE74FF0FF30BCE700BF53
:10D3280000ED00E0E47B0208359000200000F0FFEB
:10D338000000021108B5024B1B689847002008BD81
:10D34800385F0020034B044A1860937843F00203C7
:10D3580093707047385F0020E800002008B5064940
:10D36800064821F00701C1F1005202F5803211F0A0
:10D378009DFB002008BD00BFABFA00203C5F0020E9
:10D3880003484FF0FF324FF0FF3305F093BD00BF65
:10D39800F8000020014805F0FFBD00BFF80000209C
:10D3A80038B50546FFF7ECFF08482A46082111F072
:10D3B8000CFB044628B925B1FFF752FE044B0C229A
:10D3C8001A50FFF7E7FF204638BD00BF3C5F00203A
:10D3D8000C00000010B50446FFF7D2FF21460348B1
:10D3E80011F06DFABDE81040FFF7D4BF3C5F002094
:10D3F80070B5A0FB015434B92846FFF7D1FF0646A3
:10D4080040B9304670BDFFF72BFE054B0C221A5071
:10D418000026F6E72A46214618F0F2FEF1E700BF9B
:10D428000C000000084B5968024611B1196888427F
:10D4380007D0D86830B1996804488A4218BF0020DC
:10D4480070471846704700BF485F0020505F0020B3
:10D4580002460B46014805F02DBD00BFD00500204F
:10D46800014805F099BD00BFD00500202DE9F74F10
:10D47800824608460F469046F3F7C4FE4FF0FF3148
:10D4880083464FF0FF30FFF7E3FF1B4B1C684FF05C
:10D4980000099C4208BF00245B684E465CB9FFF750
:10D4A800DFFF36B3CAF80060B8F1000F1DD10020C5
:10D4B80003B0BDE8F08FA569A94512D8AB4510D3D4
:10D4C800012D03D97A5D2F2A00D052B9E168019362
:10D4D8002A46384618F0D1FE019B002804BFA94609
:10D4E80026469C42DBD02468D8E7B369C8F80030E8
:10D4F800DDE76FF00100DBE70C0100202DE9F041CA
:10D508000446002855D0C568002D52D00368002B6A
:10D518004CD12846F3F776FE0746002849D02B78E9
:10D528002F2B46D1244E4FF0FF304FF0FF31FFF73D
:10D538008FFF3568D6F80480B54208BF0025DDB9ED
:10D54800A068FFF76FFF58B3D0F80480B8F1000F58
:10D5580026D0D8F82C3033B320469847051E06DB72
:10D568007368C4E90678C4E900631C607460FFF757
:10D5780077FF2846BDE8F081AB69BB4209D1226933
:10D588002B699A4209D0E968E0683A4618F075FEB6
:10D5980018B14545D4D02D68D1E76FF00F05E6E7FF
:10D5A8006FF00105E3E76FF08505E0E76FF00F0521
:10D5B800DFE76FF01505DCE70C010020F8B5002562
:10D5C8000D6006460F464FF0FF304FF0FF31FFF772
:10D5D8003FFF0F4B1C685A689C4208BF2C462B46DD
:10D5E80024B13168994209D0944204D1FFF738FF39
:10D5F8006FF00100F8BD24680133F1E7FFF730FF51
:10D60800E3683B603368013333600020F2E700BF12
:10D618000C01002038B504460D464FF0FF304FF09E
:10D62800FF31FFF715FF2046FFF7FCFE08B14368FE
:10D638007BB90B4B5A6812B1DA686AB9012243F810
:10D64800324003EBC20300245D60FFF709FF204668
:10D6580038BD6FF07704F8E76FF01B04F5E700BFFB
:10D66800485F002038B131B18B691844024B027809
:10D67800002A08BF18467047D3B702082DE9F74FAC
:10D6880004460846D4F8FC30002B64D1130765D44F
:10D6980004F1FC01C0B2FFF7F1F8002804DA6FF0DA
:10D6A800120003B0BDE8F08FD4F8FC000028F6D0D3
:10D6B80011F0B3FB0028F2D0D4F814A0D4F81890D5
:10D6C800E569BAF1000F08BF4FF0100AB9F1000F71
:10D6D80008BF4FF0100965B9D4F8FC00CDE9000582
:10D6E80011F09BFB20496A4612F0EFF8019D002DCE
:10D6F80037D0666A802D38BF8025002E03D004DC21
:10D708004FF0FF3601E04FF40076D4F82880E76A3E
:10D71800D4F8FC00B8F1000F08BF4FF48078002F50
:10D728008368B3FBF5FB08BF202711F076FBD4F81C
:10D73800FC3023600D4B63600D4BA3600D4BE36021
:10D748000D4B2361C4E905A9C4E90A87C4E9075B4D
:10D7580066620020A5E76FF00F00A2E76FF0850072
:10D768009FE76FF015009CE727F2010883F2010894
:10D7780067F2010853F2010823F2010810B50368A3
:10D788005A6D04461AB1196E044815F03CFE21681A
:10D79800034815F076FE0023236010BDB80500206D
:10D7A80060050020002807DA5430522802D8034BBD
:10D7B800185670476FF00400704700BF0EBA020891
:10D7C800002805DA5A30582804D8044B18567047F0
:10D7D800002070476FF00400704700BFB5B9020819
:10D7E80010B505490120FFF715FF044610B9034895
:10D7F800FFF784FE204610BD047C020814010020B7
:10D808002DE9F743436804461E69884615460146D4
:10D8180000222448002305F04FFA014600283ED193
:10D8280027686422384618F0EBFCD6F8E4101E4846
:10D83800896A0022002305F01DFA386660B3B946EC
:10D8480049F8540F40466168FFF70CFF80463046A0
:10D8580011F021FD2901AB0103F4006301F480718B
:10D86800194305F003030B4342463946CDF80090AF
:10D8780006F17C0015F090FC054606F5807011F065
:10D8880012FD002D02DA2046FFF778FF284603B084
:10D89800BDE8F043FFF786BF6FF00B05F3E703B071
:10D8A800BDE8F08360050020B805002070B5436826
:10D8B80004461E690D46002201460023144805F05F
:10D8C800FBF9014608BB3422206818F099FC61680E
:10D8D8002846FFF7C7FE0546304611F0DCFC2A460D
:10D8E800216806F17C0004F0B7FF054606F5807054
:10D8F80011F0D9FC002D03DA2168054815F0C1FDA7
:10D908002846BDE87040FFF74DBF6FF00B0070BDB3
:10D918008005002070B543681E690446304611F042
:10D92800BAFC216806F17C0015F0D8FC054606F51E
:10D93800807011F0B8FC2168034815F0A2FD284654
:10D94800BDE87040FFF72EBF80050020F8B5154BE5
:10D95800002914BF0D461D46002304461646C5F887
:10D96800FC3005F58077384615F039FE284611F069
:10D9780092FC214632462846FFF780FE044648B905
:10D98800294605F17C0004F0FBFB041E02DAFFF7D0
:10D9980009FF044600233846C5F8FC3011F083FC23
:10D9A8002046F8BD4C020020F7B506460D46144641
:10D9B800124F384615F0D0FCE0B1BB68AAB21B681C
:10D9C800314638469847002802DB002003B0F0BDF6
:10D9D800002CFBD1AC42F8D22F1B042F28BF042700
:10D9E80002F09EFB3A46019001A9301918F0E1FBBC
:10D9F8003C44EFE76FF01200E8E700BFB46A0208A2
:10DA080030B585B00D4C01900D4D9DF820008DF876
:10DA180008008DF80910ADF80A200393AC4202D330
:10DA2800002005B030BD236813B1019A934203D199
:10DA3800D4E9013101A898470C34EFE7486E020891
:10DA4800546E020807B5084A92E80300CDE90001C0
:10DA580006488268126822B16946904703B05DF8AB
:10DA680004FB6FF05700F9E7586E0208D469020802
:10DA78003F280DD800F01F0201239340054A1F28B4
:10DA880094BFD268D26A93430CBF0120002070472C
:10DA9800002070470008005800F01F0201233F28AB
:10DAA80003FA02F307D81F28044A02D8D3600020DB
:10DAB8007047D362FBE76FF0150070470008005805
:10DAC800044B1844002301338B4200F8012BFADB86
:10DAD800704700BFF80400202DE9F041104F0546BB
:10DAE80000264FF001086B78F4B2A34201D8BDE8D4
:10DAF800F0812B781C442046FFF7BAFF68B1204616
:10DB0800FFF7CAFF57F834303BB107EBC40204F003
:10DB18001F04516808FA04F098470136E3E700BF8C
:10DB280018620020034670B1B0FA80F2C2F11F02F9
:10DB3800D2B206498856064AD2F880100B43C2F87A
:10DB48008030FFF76BB9FF22F3E700BFF80400202D
:10DB580000080058034AD2F8803023EA0003C2F8CC
:10DB68008030704700080058032921D8DFE801F009
:10DB7800020C10190F4B1A6822EA00021A605A6840
:10DB880022EA00025A6070470A4B1A680243F5E716
:10DB9800084B5A6802435A601A6822EA00021A605F
:10DBA8007047044B1A6802431A605A681043586059
:10DBB800704700BF0008005830B5B0B1B0FA80F324
:10DBC800C3F11F03DBB20B4850F833408C4204D139
:10DBD80000EBC3056D68954205D044B940F8331091
:10DBE80000EBC3004260002030BDFF23EBE76FF07D
:10DBF8000F00F9E71862002060B1B0FA80F3C3F1B2
:10DC08001F03DBB2044A002142F8331002EBC302BF
:10DC180051607047FF23F5E71862002000F0030207
:10DC2800043292000F23934043EA900000F003036C
:10DC38000233064A52F82320030C02EA104093FAF2
:10DC4800A3F3B3FA83F3D840704700BF0000014044
:10DC58000B88C3F30B03082B13D813B96FF0850097
:10DC68007047023B032B17D8DFE803F02202221982
:10DC78004FF4FA4313600968B1F5805F1AD20020A7
:10DC8800704703F6B873C3F30B031C2BE6D80D4893
:10DC980020FA03F3DB07E1D50B4B1B68EAE74FF0EB
:10DCA800B0430A481B68C3F3031350F82330E1E775
:10DCB8000023DFE7C1F313310131B3FBF1F3136044
:10DCC800DDE700BF11011111D8040020E47D02082E
:10DCD80070B5344C4FF0B04611F0BFFD204611F03E
:10DCE800BBFD02F031FAD6F808312F4A03F00F03D2
:10DCF80052F823501368B0FBF5F5B4FBF3F4A542D2
:10DD080002D2204602F08EFAD6F8943043F001038E
:10DD1800C6F894304FF0B043D3F894209107FBD560
:10DD28001A6842F008021A601A6822F0F00242F0FB
:10DD3800B0021A605A6822F47F425A601A68920741
:10DD480008D41A6842F001021A604FF0B042136812
:10DD58009B07FCD54FF0B0439A6822F0F0029A6016
:10DD68009A6822F003029A609A6812F00C0FFBD1AD
:10DD7800A54202D3204602F055FA0C4B094A1A6014
:10DD88004FF0B04300209A6822F4E0629A609A68E3
:10DD980022F460529A60D3F8082122F00F02C3F8E7
:10DDA800082170BD006CDC02247E0208D804002023
:10DDB80008B5074815F0D0FA38B10648FFF7C2FA97
:10DDC8000448FEF78FFC002008BD6FF01200FBE747
:10DDD800D46A0208E1DD00080A2838B5074D044670
:10DDE80004D1AB680D215B6828469847AB680348A7
:10DDF8005B68E1B29847204638BD00BFD46A020884
:10DE080010B50A4BD3E90040094B196883681B68B1
:10DE18004BB19847236843F004032360236843F019
:10DE28000803236010BD6FF05700F3E7700300206C
:10DE3800DC03002008B5EFF31181102383F3128867
:10DE4800BFF36F8F094B012093F8482083F84800EF
:10DE580081F31188BFF36F8F32B9FFF7D1FFBDE8A7
:10DE680008403420FEF7DABF08BD00BF7003002069
:10DE7800F8B58378C678EFF3118E102484F31288EE
:10DE8800BFF36F8F057890F801C05B1B33409A424F
:10DE980088BF9AB2AF1837402C4607708EF31188A6
:10DEA800BFF36F8F8F188F421BD165450CD1EFF3ED
:10DEB8001181102484F31288BFF36F8F04784470A3
:10DEC80081F31188BFF36F8F01799B1A994294B23D
:10DED80005D315F08BFC68B1084805F04DFA2046CB
:10DEE800F8BD00EB040E01349EF805E001F801EBE3
:10DEF8003440D8E7FFF79EFFF1E700BFA8030020F2
:10DF08000B4A11680B6823F004030B604FF0B04311
:10DF18001B6DD90303D5074B1B68DB0706D4064BDB
:10DF28005068196883685B6803B11847704700BF79
:10DF38007003002000200058DC03002008B521B140
:10DF4800012906D06FF0850008BDFFF7D9FF002032
:10DF5800FAE7044B93F84830002BF8D0BDE80840A6
:10DF6800FFF74EBF7003002070B50D4614460CB97C
:10DF7800204670BD4FF0FF324FF0FF330B4805F0DD
:10DF880095F80B4822462946FFF772FF064630B936
:10DF980008484FF0FF324FF0FF3305F087F8034889
:10DFA800A41B05F049F8A4B23544E0E77803002043
:10DFB800CE0300209003002038B545680469364830
:10DFC8006060836829681B6803B19847606829689E
:10DFD80083689B6908310BB10022984701221146DA
:10DFE80004F1080015F002FB0122002104F12000D1
:10DFF80015F0FCFA04F13800284915F097FB0723BF
:10E0080084F86130042384F862300F23002284F8F6
:10E018004C300C2384F85E2084F85F2084F860205C
:10E0280084F8492084F84A2084F84B2084F84D303D
:10E0380011463420FEF722FF194B1A481B681A496B
:10E048001A68196122F07C4222F0FF0282421C69A0
:10E0580003D14AF67420844212D0186820EA0200DC
:10E06800124A02431A604AF6742219611961196149
:10E078001A611A6822F080421A601A685200FCD4A9
:10E088001A6842F004021A601A6842F008021A601C
:10E09800FFF7D0FE002038BDD469020865F80108F2
:10E0A80070030020000DF000BC0A5917000DF04065
:10E0B80010B51D4B01461B68EFF31184102282F343
:10E0C8001288BFF36F8F5A68500605D45A68D20772
:10E0D8001DD46FF00A0015E01A6842F080421A60F9
:10E0E8001A6822F080421A600A221868400005D493
:10E0F8005868400602D458684007E7D5013AF4D179
:10E108006FF0040084F31188BFF36F8F10BD5A6855
:10E118009207F5D4586810F04000F1D19B680B6065
:10E12800002BEFD1D5E700BF700300202DE9F7439E
:10E13800D8078846144605D43148FFF799FE03B03E
:10E14800BDE8F083002A37D0EFF31185102383F35D
:10E158001288BFF36F8F3420FEF782FE0646342004
:10E16800FEF76AFE85F31188BFF36F8F0EB9FFF7CC
:10E1780047FEDFF89090D9F800305A68510713D459
:10E188005B685A0610D4204F4FF48013C7F88431C7
:10E198002546D9F800305B68DB070FD4BFF34F8FF3
:10E1A80020BF40BF20BFF4E701A8FFF781FF00248C
:10E1B80016B33420FEF732FE2046C0E701A8FFF769
:10E1C80077FF4FF48012C7F88421034688B9291FC6
:10E1D800019A89B2002DEBD0A94203D1002BD8D0E7
:10E1E8000192D6E7013DADB2012308F80520120AD5
:10E1F800F0E7002DCDD1DBE7FFF782FEDCE700BFBB
:10E20800B90300207003002000E100E02DE9F74386
:10E2180001A8FFF74DFF002843D1284C019A94F834
:10E228004B3094F84CC094F84AE0042780460146E5
:10E23800A3EB0E053CEA05055FFA82F91ED194F8B6
:10E24800601094F85F6094F861508E1B35EA0606FA
:10E258002AD108B184F84B30B8F1000F00D00192F0
:10E268003420FEF7E9FDFFF74BFE002384F8483021
:10E27800134803B0BDE8F04304F0DEBEE0180133F4
:10E2880080F84E900CEA03030120013F4FEA122266
:10E298004FF00108CCD108B184F84B300192002925
:10E2A800E6D103B0BDE8F083661801310D4086F869
:10E2B800639084F860500121E7E700BF70030020F5
:10E2C8009003002000487047507C0208044BB3F8C4
:10E2D800E0359B020B6000234B601846704700BF77
:10E2E8000070FF1F38B5036905461C6849B111F075
:10E2F8005EFB58B12869043004F09EFE6FF00400FC
:10E3080038BD6369002B06DB0020F9E7636943F039
:10E3180000436361F8E7034BA36003F18833A3600C
:10E32800F2E700BF23016745074B186840B9074863
:10E33800D0F8E005C0F34E0018604FF40060586054
:10E348000B60012313607047986200200070FF1F64
:10E358002DE9F843D0F804900746D9F8080090460C
:10E368000D461E4611F0D9F9B8F5001F044616D11E
:10E378002846D9F80840FFF751FC84420CD12946B9
:10E3880011F0CBF90446FFF7E5FB2046FFF734FC14
:10E3980000212046FFF7E8FB0020BDE8F883B8F528
:10E3A800800F20D0B6F1806F19D0B6F1C06F18D0A9
:10E3B800B6F1007F1AD102260F493A462046FFF7E8
:10E3C800FBFBB0B9D9F80810284611F0ABF9204684
:10E3D8003146FFF7C9FB2046FFF7A4FBDCE701261F
:10E3E800EAE70326E8E76FF08500D6E76FF0150047
:10E3F800D3E76FF00F00D0E76BFD01081FB50C4B9A
:10E40800D3F8982512BA0192D3F8942512BA029239
:10E418000C29D3F8903528BF0C211BBA0C460A46A4
:10E4280001A9039317F0C5FE204604B010BD00BF34
:10E438000070FF1F4FF0B042D2F89430D2F8941019
:10E44800D2F89420C3F300735B00490148BF43F03E
:10E45800010392004FF0B04248BF43F01003D2F8D6
:10E468009410D2F89420490048BF43F010031101DA
:10E478004FF0B04248BF43F00403D2F89420002A7A
:10E48800064AD2F88820B8BF43F08003D20548BFB7
:10E4980043F0800303600020704700BF0004005869
:10E4A8004FF0B0420020D2F8943043F40003C2F891
:10E4B8009430024B0122C3F88820704700040058AA
:10E4C800F7B50446436806691948DD680F46596878
:10E4D8008368DB680022019223B96FF004042046A8
:10E4E80003B0F0BD01AA98470028F6DB376306F1B0
:10E4F80018074FF0FF324FF0FF33384604F0D6FDCF
:10E508002B6823F001032B60204696F8621011F067
:10E51800A3FC019900F08AF896F8613004461BB113
:10E528002B6843F001032B60384604F085FDD6E7DD
:10E53800D469020870B50446466805694FF0FF3291
:10E548000021284615F052F83368204698470023E2
:10E5580085F8603085F862300122114605F118000F
:10E5680015F044F8204600F033F83169144B99420D
:10E5780020D013D8134B99421ED0134BCB1A5942B3
:10E588005941890041F010012046FFF799FF002802
:10E59800A2BF012385F86030002070BD0B4B994263
:10E5A8000CD003F5C31303F5206399420CBF0A216D
:10E5B8000021E7E70621E5E70221E3E70821E1E793
:10E5C80040420F00A0860100801A060040E1330097
:10E5D80010B544680021606911F049FC002808DB87
:10E5E8000448616883681B680BB1984708B16FF0ED
:10E5F800040010BDD469020810B544680A4861686F
:10E6080083685B685BB19847002807DB6069012174
:10E6180011F02DFC831C05D000EAE07010BD6FF0EE
:10E628005700FBE70020F9E7D46902082DE9F74F06
:10E63800446803690193E568E369DFF80881DFF856
:10E648000891DFF808A1DFF808B100930020009BCB
:10E658008342019B1A6B34D1C2F34202012A61D072
:10E66800022A6BD140F2145E4FF4167C4FF4FA770D
:10E6780040F27716374B0220421EB1FBF2F2B3FB91
:10E68800F2F2BCFBF2F4013CFF2C54D8BEFBF2F8CA
:10E6980008F1FF38B8F1FF0F4DD8B6FBF2F9B9F120
:10E6A8000F0F48D8B7FBF2F2013A0F2A43D80238C5
:10E6B80048EA094343EA007343EA025343EA04235E
:10E6C8001CE00C23D4F818C0DFF88CE003FB00F73B
:10E6D8000CEB0706736873451CD014D853451BD040
:10E6E8005B4514BF002301239B00534013F00E0F1A
:10E6F80016D15CF807308B4212D1B3682B61002029
:10E7080003B0BDE8F08F434508D04B450CBF0A2342
:10E718000023EAE70623E8E70223E6E70823E4E71D
:10E72800013094E741F25C2E4FF47A6C40F2E247F4
:10E738004FF4FA769EE7013011289DD16FF015004D
:10E74800DEE700BF40E13300404B4C00A0860100EB
:10E75800801A060000CA9A3B40420F0010B40346D4
:10E768000C46DA880068197902F04002224383686F
:10E778009C6934B1054BA446134010BC02F0B0723A
:10E7880060476FF0570010BC704700BF400000069C
:10E79800F0B550F8185C6B682A69DC6885B0BFF37F
:10E7A8005B8F1268BFF35B8F012A23D06B68124A14
:10E7B8009E68DF681838041BE11001FB02663046CA
:10E7C80011F09CFC031E15DB3A1992F910108B42CC
:10E7D80010D013744FF0FF304FF0FF313289003BF7
:10E7E800CDE902014FF00101009118BF012328462D
:10E7F800FFF706F905B0F0BDACAAAAAA2DE9F84FB3
:10E80800D0F804B0DBF80C50183507462C46002623
:10E818004FF00C0ADBF80420B24205DC9BF8142008
:10E82800002A44D1002040E0DBF808200AFB06F863
:10E8380002EB080952F8080014F08EFD00283FD0BA
:10E848004FF48031484611F044FC70BB44F8187C02
:10E85800DBF81010204614F0A4FF9BF8142012B126
:10E8680001364834D6E7DBF80800184B00EB0809F6
:10E87800012299F8041002FA01F144E9043150F830
:10E8880008008368DB69A4F11401E3B19847002804
:10E898000BDB484611F032FC4FF0E86104F8080C35
:10E8A8004846FFF75BFF0028DADABDE8F88FDBF8A7
:10E8B80000200A23A2FB0323284604F005FEB1E743
:10E8C8006FF01200F1E76FF05700EEE72F01020832
:10E8D80029282DD010D80F2824D006D8072819D0D9
:10E8E8000A281CD06FF01500704714281DD01F2867
:10E8F800F8D147F612230FE0FA281FD005D83E2892
:10E9080019D07D28EED10E4B06E0B0F5FA7FE9D19B
:10E918000C4B01E041F682630B600020704742F621
:10E92800B403F9E743F60E53F6E745F25E13F3E74F
:10E938004AF2C623F0E74FF22443EDE7024BEBE738
:10E9480048E8010020A1070090D0030013B590F813
:10E958003240828E008E01A9FFF7BAFF0346C0B984
:10E96800611F072915D802F108010B48019AA14037
:10E97800A1FB0001F2F71AFC40F2E733C0184FF48C
:10E988007A724FF0000341F10001F2F70FFC02B078
:10E9980010BD4FF47A70FAE740420F0013B590F8B3
:10E9A8003C2090F83240008E002A01A908BF0222BC
:10E9B800FFF78EFF98B9631F072B10D80948019BF2
:10E9C800A040B0FBF3F04FF47A7302FB0000B0FBF9
:10E9D800F3F06430C82838BFC82002B010BDC82082
:10E9E800FBE700BF40420F00134B994207B516D80A
:10E9F800124B994216D8124B994216D8114B99428C
:10EA080016D86B226F238DF804208DF8053001AAE3
:10EA18000223982112F0E6FE03B05DF804FBE12220
:10EA2800E923F0E7D722DB23EDE7C122C523EAE794
:10EA380075228123E7E700BF00E9A43580F8A932F1
:10EA48008044E52D000B6B1B73B5254A254E264DDA
:10EA58000369B14298BF154640F69C01EA7883F8ED
:10EA6800872201230DF10702044612F030FF002827
:10EA780034DB9DF807302A7823F01F0302F01F02C9
:10EA880013438DF807300DF10702012340F69C016E
:10EA9800204612F0F2FE002820DB6B788DF8073054
:10EAA8000DF10702012340F69D01204612F0E5FE14
:10EAB800002813DBAB788DF807300DF1070201232E
:10EAC80040F6B901204612F0D8FE002806DB0723DD
:10EAD8002A1D40F6F501204612F0CFFE02B070BDA7
:10EAE8007FBA0208FF45C3238ABA020810B506494F
:10EAF800044600F071FD002804DB204612F053FEA6
:10EB080000EAE07010BD00BF9902020813B5002AA0
:10EB18000C4601A908BF0222FFF7DAFE08B100235C
:10EB280001930C2C28BF0C2401990E48052C38BFE2
:10EB380005248142A4F1050307D90B49C85C072ABB
:10EB48000BD90238C0B202B010BD0848C05C084BEF
:10EB5800994298BF00F1FF30F1E7032A88BF00F11E
:10EB6800FF30EFE71FA1070077BA02086FBA020863
:10EB780047E8010038B50C4621B1012915D06FF0DE
:10EB8800850038BD456805F1240011F0E5FB05F165
:10EB98002C0011F0E1FB05F1340011F0DDFB05F16B
:10EBA8003C0011F0D9FB2046EBE74468124A4FF4C9
:10EBB800B01104F1240012F0CCFD0028E1DB0F4A6B
:10EBC8004FF4B01104F12C0012F0C3FD0028D8DB7B
:10EBD8000B4A4FF4B01104F1340012F0BAFD0028CA
:10EBE800CFDB084A4FF4B01104F13C0012F0B1FD3C
:10EBF80000EAE070C5E700BF3EB802084DB8020859
:10EC080057B8020861B8020813B50446084682B925
:10EC180001A9FFF75DFE08B1074B0193074A019B65
:10EC2800A240B2FBF3F243F6FC739A4294BF00226F
:10EC38000122104602B010BD48E8010040420F0012
:10EC48002DE9F341066996F8403002460C461BB997
:10EC5800002002B0BDE8F081B6F8308001A9404636
:10EC6800FFF736FE0028F3D196F83270184D019B55
:10EC7800BD40B5FBF3F55368414693F84B20384641
:10EC8800FFF7C2FF96F83A30E10083F001031C3128
:10EC980001EB031100B2A1EB8701A7EB400021EAC9
:10ECA800E17101EB80018200013991FBF2F196F8E4
:10ECB8003320B38E043202FB0133A8080C3300F56D
:10ECC800FA7005FB03004FF47A73B0FBF3F0C0E76A
:10ECD80040420F0013B50C4601A9FFF7F9FD0346A2
:10ECE80010BB621F072A1FD8A11E890040F61B020D
:10ECF800B2FBF1F20132D2000D4802FA04F1A1FB95
:10ED08000001019AF2F752FA40F2E733C0184FF4C3
:10ED18007A724FF0000341F10001F2F747FA00EB75
:10ED28009000643002B010BD47F23050FAE700BFDF
:10ED380040420F002DE9F3470569044605F1140028
:10ED4800884692461F4611F070FA002868D1183597
:10ED58004FF0FF324FF0FF33284611F05CFA20469F
:10ED6800FFF7C4FE064618B1284611F08CFB1AE0DE
:10ED78002D4A00234FEA48604FEAD811F2F716FAF5
:10ED8800042300BA01900DEB03028621204612F0FD
:10ED980029FDB0F100090ADA204611F081FB284666
:10EDA80011F071FB4E46304602B0BDE8F08742468E
:10EDB80005235146204612F034FEB0F1000807DA68
:10EDC800204611F06DFB284611F05DFB4646EAE748
:10EDD80001221146204611F020FB33463246D1214C
:10EDE800204612F0FFFCB0F10008E9DB284611F0DC
:10EDF8004AFB4FF47A7303FB07F00A21A0FB0101D9
:10EE080014F0C1FD4FF0FF324FF0FF33284611F0E8
:10EE180002FA204611F093FA204611F041FBA3E7CD
:10EE28006FF00F06BFE700BF0048E8012DE9F04F7B
:10EE3800046987B094F840B002910546924603935E
:10EE4800BBF1000F00F05B81FF2A00F25881BFF38D
:10EE58005B8F04F11406022356E8002F002A03D121
:10EE680046E800310029F7D1BFF35B8F0FD0BFF31D
:10EE78005B8F56E8002F032A03D146E800310029AA
:10EE8800F7D1BFF35B8F04D06FF00F0819E04FF094
:10EE9800000B204604F1180711F026FB4FF0FF3253
:10EEA8004FF0FF33384611F0B6F92846FFF71EFE3B
:10EEB800804650B1384611F0E6FA0021304611F08C
:10EEC800E4FA404607B0BDE8F08F94F83B30022BD7
:10EED80040F0B080384611F0D6FA4146304611F07D
:10EEE800D4FA2046FFF75AFD0A23A0FB032328463D
:10EEF80011F0CBFBB0F1000925DD4FF0FF324FF0E8
:10EF0800FF33384611F087F9BBF1000F14D0D4F85D
:10EF1800B8318BB1BFF35B8F032356E8002F002A6B
:10EF280003D146E800310029F7D1BFF35B8F03D145
:10EF38002146284611F051FC384611F0A4FA6FF02A
:10EF48000F09C846BDE725D019F1580F22D04FF058
:10EF5800FF324FF0FF33384611F05DF9BBF1000F77
:10EF680014D0D4F8B8318BB1BFF35B8F032356E8C4
:10EF7800002F002A03D146E800310029F7D1BFF35A
:10EF88005B8F03D12146284611F027FC384611F043
:10EF98007AFAD6E70223BFF35B8F56E8002F002AE0
:10EFA80003D146E800310029F7D1BFF35B8F4FF05A
:10EFB800FF324FF0FF33384614D011F02CF9BBF173
:10EFC800000FB9D0D4F8B831002BB5D0BFF35B8FA0
:10EFD800032356E8002F002AA7D146E8003100296C
:10EFE800A3D0F6E711F017F92846FFF77FFD814611
:10EFF80000B3384611F047FA3046002111F045FABF
:10F008004FF0FF324FF0FF33384611F004F9BBF1EF
:10F01800000FBBD0D4F8B831002BB7D0BFF35B8F4B
:10F02800032356E8002F002AA9D146E80031002919
:10F03800A5D0F6E7039BC4F8C43104F1440014F0EA
:10F048008BFA94F83A3094F83820A18E009283F025
:10F0580001035FFA8AF2284611F021F9061E43DB04
:10F06800029A53460021284612F056FC061E3BDB46
:10F0780001221146284611F0D0F9E26A94F93610B7
:10F088000523284612F0CDFC061E2DDB218E2846CE
:10F0980011F0DDF8061E27DB51462846FFF7D0FDA4
:10F0A800184B00EB900000F5FA70984228BF1846FC
:10F0B80042F21073984238BF18468301C0F38F227A
:10F0C800C0F387008DF814208DF815008DF81630E0
:10F0D80005AA03238321284612F084FB061E03DBBE
:10F0E800384611F0D0F9ECE60023C4F8C4312846BC
:10F0F80011F0D6F9384611F0C6F9B046E1E66FF0DE
:10F108001508DEE6FFFF030037B50023056904464E
:10F11800FFF78CFE80B90A4A002301A905F14400D3
:10F1280003F064FE002809DA204611F008F92046A9
:10F1380011F0B6F96FF0730003B030BD0198FBE72A
:10F14800F0490200F0B504460569476887B005F143
:10F15800180014F044FA05F1780105F14400012380
:10F16800042214F0DEF90123082205F1B00105F1AB
:10F178007C0014F0D6F96E4905F5E47014F0D6FA5F
:10F188000122002105F5387014F030FA0026C5F880
:10F19800804205F11400012111F077F93146C5E9E3
:10F1A8006E6685F8406005F5E07011F06EF985F837
:10F1B8008462284611F098F997F8493085F8853225
:10F1C800252385F88732314605F5357011F05DF94C
:10F1D80005F52870574914F0E4FA05F5EC7585F83B
:10F1E800F860554900964FF0FF334FF420622846E7
:10F1F80004F0C8F85149284614F0FEFA204600F0F9
:10F20800FFF90028C0F28C804D49204600F0E4F94F
:10F218000028C0F285802046656812F0E1FB0028CE
:10F228007EDB204611F08BF8002879DB95F8483012
:10F23800002B54D195F84730002B73D195F84A30FC
:10F2480083F001038DF8103004AA0123962120468B
:10F2580012F0C8FA002863DB0025022304AA8F21D4
:10F268002046ADF8105012F0BDFA002858DB4023B4
:10F278008DF8103004AA01239321204612F0B2FA27
:10F2880000284DDB01230DF10F028A2120468DF85D
:10F298000F3012F0A7FA002842DB2A4BCDE90435DB
:10F2A800082304AA1946204612F09CFA002837DBE6
:10F2B80040F2FF31204610F0BEFF002830DB40F658
:10F2C800AC01204611F05BF840F68901204611F0A8
:10F2D80056F8204611F0E4F800EAE07020E0B5F8AE
:10F2E800443095F846108DF810109A019B0A8DF855
:10F2F800113053BAADF8123004AA042397212046DE
:10F3080012F070FA00280BDB7F238DF80E300DF118
:10F318000E0201238921204612F064FA002889DAB6
:10F3280007B0F0BD204610F0F0FF002886DAF7E7B6
:10F33800190B02088B0802088098002070B8020890
:10F348009902020803F703D32DE9F3470669D0F8B9
:10F358000480BFF35B8F0546894606F1140A012332
:10F368005AE8002F002A03D14AE800310029F7D1D2
:10F37800BFF35B8F40F0C78006F118074FF0FF32EC
:10F388004FF0FF33384610F046FF2846FFF7AEFB34
:10F39800044650B1384611F076F80021504611F075
:10F3A80074F8204602B0BDE8F0874B4606F12C02FF
:10F3B80009F1140153F8040B42F8040B8B42F9D1FC
:10F3C800D9F800102846FFF70FFB041EC0F286800C
:10F3D800D9F800104D4A00234806C909F1F7E6FE9E
:10F3E800042300BA01900DEB03028621284612F08F
:10F3F800F9F9041E72DBD9F800102846FFF724FB40
:10F40800041E6BDBD9F8002099F90A100523284659
:10F4180012F007FB041E61DBB9F80410292964D037
:10F428000FD80F2963D006D8072962D00A2962D0DD
:10F438006FF0150452E014295FD01F29F8D1022477
:10F448000CE0FA295BD005D83E295AD07D29EFD1A6
:10F45800042403E0B1F5FA7FEAD1062499F806A05E
:10F4680098F84B205046FFF7CFFB99F807308DF8F6
:10F47800063004238DF807000DEB03028B21284684
:10F488008DF805408DF804A012F0ACF9041E25DBB8
:10F49800B9F80410284610F0DAFE041E1EDB99F8AD
:10F4A8000D1043F2444241F22443002918BF134689
:10F4B8005BBAADF8043001AA02234FF4E86128468C
:10F4C80012F0DBF9041E09DB98F84910284611F000
:10F4D80046FA041E02DB012386F84030284610F065
:10F4E800DFFF384610F0CFFF5BE70A24B6E70124B8
:10F4F800B4E70024B2E70824B0E70924AEE70524FE
:10F50800ACE70324AAE76FF00F044AE70048E801D4
:10F51800F8B504460D4600F003FE4BF67F37064665
:10F52800204600F051F890B100F0FAFD831BBB4271
:10F5380009D94BF680335D4300F0F2FDA5F53B4752
:10F54800803F064609E00A2013F0E0FEE8E70020C5
:10F55800F8BD0A20002114F016FA204600F034F80D
:10F568000028F4D000F0DCFD801BB842F1D320461F
:10F5780012F019F900F0D4FD124F064602E00A20F5
:10F5880013F0C4FE204600F01FF80028DFD000F07A
:10F59800C7FD801BB842F2D900F0C2FD064603E061
:10F5A8000A20002114F0EFF9204600F00DF8002899
:10F5B800CDD000F0B5FD801B8542F1D86FF0730007
:10F5C800C6E700BFFF760100024B5869C0F3400050
:10F5D800704700BF0004005808B50369D96049B1F5
:10F5E800064B4FF48022C3F884213220FDF716FC25
:10F5F800002008BD3220FDF71FFCF9E700E100E01C
:10F6080010B50369446818610022DA60206813F0B5
:10F61800A3FE10B96FF0120010BD237E83BB002239
:10F6280011463220FDF72AFC184AD2F8903043F4EC
:10F638008053C2F890304FF4B011154A04F12400F9
:10F6480012F087F80028E7DB124A4FF4B01104F1F2
:10F658002C0012F07EF80028DEDB0F4A4FF4B011C0
:10F6680004F1340012F075F80028D5DB0B4A4FF48A
:10F67800B01104F13C0012F06CF800EAE070CBE73E
:10F68800E06813F069FE0028C9D1C3E700080058F4
:10F698003EB802084DB8020857B8020861B8020817
:10F6A80043681B6803F1080252E8002F42F0010288
:10F6B80003F1080040E800210029F3D1094A9342E8
:10F6C80003D0A2F57442934203D15A6842F0400233
:10F6D8005A6053E8002F42F4807243E80021002961
:10F6E800F7D170470038014043681B6803F10802EE
:10F6F80052E8002F22F0010203F1080040E800213F
:10F708000029F3D1094A934203D0A2F574429342E7
:10F7180003D15A6822F040025A6053E8002F22F4BD
:10F72800807243E800210029F7D170470038014072
:10F73800F8B50C46036941681D682379012B19D077
:10F74800A3F1020EDEF1000646EB0E06B602627960
:10F75800022A9CBF474F37F81270A27988BF4FF42E
:10F768000057022A09D0042A30D0003B18BF0123D1
:10F778001B0306E04FF4C066E9E7B3FA83F35B09BD
:10F788001B07E2790968012A0CBF4FF4407C4FF04F
:10F79800000CA5421DD10A6822F0805222F4B05212
:10F7A80032431A430A604B6823F440533B434B608F
:10F7B80043681A68936823F4407343EA0C03936020
:10F7C80029684068BDE8F84012F0D5BA4FF4805374
:10F7D800D7E7D1F800E00EF4C06E76451FBFD1F828
:10F7E80000E02EF4C06E4EEA06060E6041680E6810
:10F7F800716801F440518F421FBF716821F4405174
:10F808003943716041680E68316801F010218B42FC
:10F818001FBF316821F010210B433360436819681A
:10F828008B6803F440739C451FBF8B6823F44073B7
:10F8380043EA0C038B6043681B68D71E99687E42B5
:10F848007E41C1F380318E4207D0032A9A680CBFEB
:10F8580042F4804222F480429A6021682B689942DF
:10F8680006D0406812F087FA08B923682B60F8BD03
:10F878000020FCE742950208F8B5456803692C6842
:10F888001F68236823F0010323600646A86813F065
:10F8980063FD002866D0D5E902018368DB6803B1FF
:10F8A800984754E8003F43F00C0344E80032002A2C
:10F8B800F7D139463046FFF73BFF10B16FF015001E
:10F8C800F8BD2B7E1BB1A36843F00803A3606B7ED1
:10F8D8001BB1636843F400436360AB7E1BB163688C
:10F8E80043F480336360EB7E1BB1636843F40033F9
:10F8F80063602B7F23B31D4B9C4207D0A3F5744351
:10F908009C4203D003F570539C42D7D173681A68A0
:10F91800936843F48043936023686A7F23F0787385
:10F9280043EA425323602368AA7F23F4F81343EA87
:10F9380002432360EB7F1BB1A36843F40043A36039
:10F9480095F820301BB1236843F0005323602368E7
:10F9580043F001032360E3699A02FCD5E3695B0283
:10F96800FCD5ADE76FF01200AAE700BF00380140F0
:10F978002DE9F04143681C6803691E680B79012B67
:10F9880002460D4617D0981E41424141890295F81A
:10F9980005E0AF79BEF1020F96BF30484FF4005C26
:10F9A80030F81EC0022F09D0042F01D0002B4CD0F4
:10F9B8004FF4805005E04FF4C061E8E7002B41D0D8
:10F9C8000020A3F10308B8F1010F04D86FF08503F4
:10F9D8001846BDE8F0810BB1042FF7D0BCF5805F65
:10F9E80035D0BCF5405F34D0BCF1000F0CBF01230B
:10F9F80003239E45EAD112F02DF98742E6D1EB792F
:10FA080063B1012B27D1164B9C4207D0A3F5744351
:10FA18009C4203D003F570539C42D7D1236823F04E
:10FA28000103236029461046FFF782FE034600289B
:10FA3800CCD1226842F00102226095E8030086E8F2
:10FA48000300C5E74FF08050C8E71846C6E7002313
:10FA5800CFE70223CDE7032BD5D0B7E742950208BD
:10FA68000038014010B50446006903691BB94360BA
:10FA7800083003F0E1FA20460249BDE810400FF0D3
:10FA880061B900BF91FA000870B5054644680329BA
:10FA980003D8DFE801F0160528256FF0850070BD52
:10FAA8000021204612F0EEFA0028F8DB0F48A16882
:10FAB80083681B6813B96FF05700F0E7BDE8704022
:10FAC80018470A48A16883685B68002BF3D09847F9
:10FAD8000028E4D168680121BDE8704012F0D2BA6C
:10FAE80001212046F8E70020D9E700BFD4690208C1
:10FAF8002DE9F74F804605690F461E46914612B913
:10FB0800002B00F0B280BB889A0400F18B804FF084
:10FB1800FF324FF0FF3305F1080003F0C7FA6F60BA
:10FB2800D8F810B0D8F804A0DBF80030DAF80040B4
:10FB3800BA889F4240F08280130508D5236823F4D1
:10FB48004443B9F1000F76D043F440432360BB88A7
:10FB5800C3F34513082B40F22781102B8CBF0427D1
:10FB68000227B9F1000F40F02181C5F83C9000232D
:10FB78002B6405F150023B4605F1400105F13C00BC
:10FB880012F06AFAE864002E40F019816E640023CE
:10FB9800AB6405F158023B4605F1480105F1440004
:10FBA80012F05AFA00236865AB63D8F80430276866
:10FBB8001A68136843F040031360D8F804301B7DBB
:10FBC8001A0707F4444706D58A4AD2F8903023F436
:10FBD8000043C2F890302B6D1BB9AE6D002E00F0BB
:10FBE8002A812A68DAF800609288D20740F1EE800C
:10FBF800B268920740F13C81002B00F03981294618
:10FC0800304612F067FAB368DB0740F103816B6D89
:10FC1800002B00F0FF80AB6D002B00F0FB80294625
:10FC28003046E3E02B69002B7FF471AF6B689F428D
:10FC38007FF46DAF74E743F4004387E7DAF81010F8
:10FC48000229C2F345132CD003292DD0012910D045
:10FC58006FF085062B6813B19B889A0405D400239E
:10FC68006B6005F1080003F0E7F9304603B0BDE822
:10FC7800F08F043B1C2B8CBF00230123002BE7D003
:10FC8800636810045C484CBF43F0100323F0100372
:10FC980063608368DAF80810DB6853B96FF004060C
:10FCA800D8E7043B0C2BE6E7082BE9D0102BCFD183
:10FCB800E6E701AA98470028F0DB01993868002395
:10FCC8001A46013321FA03FC844540F21781082BB8
:10FCD800F6D16FF01506BDE7236843F002032360F1
:10FCE800BB8813F0040F236814BF43F0010323F00B
:10FCF80001032360BB8813F4006F236823F4444393
:10FD080004D0B9F1000F3ED043F440432360BB88D0
:10FD180013F0100F236814BF43F0800323F080030F
:10FD28002360236823F4005323603B7D1BB99AF8B2
:10FD3800143059072AD5236843F400732360636895
:10FD480023F004036360BB882C4913F0010F236878
:10FD580014BF23F4827343F482732360BA88636800
:10FD6800C2F34512043A23F4706351F82220134376
:10FD7800636001238BF86430636843F480536360E5
:10FD8800CBF80070E3E643F40043BFE7BB8813F009
:10FD9800010F236823F40073D0D143F48023236038
:10FDA800636843F00403CDE70127DAE6D9F80030A9
:10FDB800EB63002B3FF4DBAED9F80430D8E63368A8
:10FDC8006B64002B3FF4E3AE7368E1E69AF81430F5
:10FDD800DB071FD4336803F44449B9F5004F0FD14A
:10FDE800DAF800008368D907FCD5294612F0BFF974
:10FDF80010E000BF00040058D4690208B07D020872
:10FE0800B3689807FCD52946304612F063F9B9F56E
:10FE1800404FE5D1DAF800309A6812F4B87F2CD058
:10FE28009A68500605D5DA680092009A9B68009394
:10FE3800009B6FF00406D8F80430D8F81010186842
:10FE48008368DF0736D4036803F48273B3F5827FCF
:10FE58003ED183681C062FD503685A062CD5036843
:10FE680003F44443B3F5004FF3D112F026F9F0E759
:10FE7800736823F080037360C5E6B7F5404F7FF4DD
:10FE8800AAAE2A6D92B9AA6D82B19A681106FCD4FD
:10FE98001A6822F040021A601A6822F4444242F4B6
:10FEA80000421A601A6842F040021A60276807F494
:10FEB800444790E6037BC3E7D8F804301B7D1B0753
:10FEC80041BF184AD2F8903043F40043C2F890304A
:10FED80083689F0606D583680193019B036823F016
:10FEE800400303600B689B88DC0401D412F0E5F83A
:10FEF8008E6301F1200003F09FF8ABE623680A49FE
:10FF080023F040032360236851F8222023F03803AC
:10FF180013432360BB889B073FF5DEAE236823F0BD
:10FF28000203DCE600040058687D02084FF0E02375
:10FF38000D4A9969126818699B69002908BF11461A
:10FF4800002B08BF134610F4803F084801D199429E
:10FF580005D20168114401604FF0E0210969006889
:10FF68001044C01A704700BF1463002008630020C3
:10FF7800094B102283F82320084B4FF496521A603D
:10FF8800074B002018604FF0E02341F2BF225A616E
:10FF9800072298611A61704700ED00E014630020A1
:10FFA80008630020684620F007018D4601B5FFF779
:10FFB800BDFF104B104A18681168084410600022F1
:10FFC8001A600E4A13684FF49651C01AB0FBF1F04C
:10FFD80001FB00331360EFF31181102383F31288C0
:10FFE800BFF36F8F03F048FFFCF7C4FFBDE8014083
:08FFF8008546704708630020F4
:020000040801F1
:10000000106300200C6300202DE9F041324D91B1C6
:10001000421C0AD14FF0E022136923F0010313615F
:100020004FF07F432B60BDE8F0812C68012807DC8E
:100030004FF000080BE0431C2C68F7D140F6A650A7
:1000400040F6A7539842A8BF184600F1FF38EFF3D7
:100050001186102383F31288BFF36F8FFFF76AFFB7
:100060001E4F4FF0E0230022D3F818C03B6818441D
:100070001B4B1A601B4B1A68831A29D44FF4965EE7
:1000800018FB0E3303F595531F33B3FBFEF1131A20
:100090000EFB0133B3F5806F134A38BF4FF4806312
:1000A000934228BF13464FF0E0222B609169013B39
:1000B000536100238C459361ACEB01033ABFE41814
:1000C0000019C018386086F31188BFF36F8FAAE754
:1000D0004FF48063E7E700BF146300201063002043
:1000E000086300200C63002080E8FF0038B5EFF3C0
:1000F0001185102383F31288BFF36F8F084B1C68A0
:10010000084B1B68E41AFFF715FF85F31188BFF34E
:100110006F8F4FF496532044B0FBF3F038BD00BF0F
:10012000106300200C63002038B5EFF31185102315
:1001300083F31288BFF36F8F044B1C68FFF7FAFE3E
:1001400085F31188BFF36F8F204438BD1063002002
:1001500010B54FF0B0439A68D96812F00C0205D080
:100160000C2A4AD101F00303012B50D14FF0B041CA
:100170002B480B6813F0080306D00B6813F0080334
:1001800037D1D1F8941007E00C68240756BFD1F896
:1001900094300968C3F3032350F82330002A0CBFBE
:1001A000184600204FF0B0418A6802F00C020C2A79
:1001B0001ED1CA6802F00302022A2ED0032A06D1F9
:1001C0000B68184A13F4801F174B08BF13464FF0F3
:1001D000B042D068D168D268C0F306205843C1F35A
:1001E00002130133B0FBF3F0530F0133B0FBF3F014
:1001F00010BD0B68C3F30313CEE7042A0AD0082A04
:1002000005D11B6813F4801304D10648CAE7002304
:100210001846C7E704480023C4E7034BD7E700BFED
:10022000E47D02080048E8010024F400204A034667
:1002300007CA84B00DF1100C0CE9070018463BB357
:100240001C4B1B6803F4C063B3F5007F22D11A4B2B
:10025000984229D8194B984224D9194B98428CBFFF
:1002600002200120174904AB03EB80000B6850F813
:100270000C2C23F0070313430B600B6803F00703F8
:100280009A4213D0086800F00700831A5842584178
:1002900004B070470C4B984206D80C4B984201D9D9
:1002A0000B4BDBE70020DDE70020F1E70120EFE763
:1002B000606E020800040058006CDC0280A8120185
:1002C00000512502004000580024F400808D5B009E
:1002D000001BB70030B5194B194A11F0805F08BFF9
:1002E0001C46036818BF144683EA010525420DD059
:1002F00043F30904013409D001EA0204114A1A4007
:1003000042F09F4242F4E002944203D10023036092
:10031000012030BD0A0D02F4E064B4F5806F05D110
:10032000C3F38924C1F389218C4201D20020F0E774
:1003300052B203EB82230360F8E700BF00FC0F70AA
:1003400000FCFF7F00FC0F002DE9F04FD1E9039581
:1003500087B006463C300F469A46059511F09AFF45
:100360009046044680B1C2F389246CB1F36BCAF3A2
:100370008922C3F38923934204D16FF0010007B0AF
:10038000BDE8F08F6CD30024C8F3892B284611F008
:100390006AFF031D4B45F0D8A9EB000905AACDE97A
:1003A0000192042303933A680092002132463046BA
:1003B00011F0A3FF0028E2D1059B1BBA6B4023F08C
:1003C00000430593BBF1000F1ED0290D01F4E0623C
:1003D000B2F5806F18D1AAEB0402C2F3892CC5F3E1
:1003E0008920844510D322F07F4222F4700222F447
:1003F0007F7222F0030242F0804242F48012AA424D
:10040000BBD049B204EB8124AAEB0401694011EA94
:10041000080127D145F309030133AED0129BC5F380
:100420000908984528BF9846119B0293109BCDF868
:100430000C8004334B4401933B680093324643469F
:10044000304611F05AFF002899D1129BA3EB080205
:10045000119B014603EB080015F0D6FE60198EE7EC
:10046000014C91E71D4691E700FCFFFF30B587B0D6
:1004700003AD094B00951446084A11F0F3FF00281C
:1004800004DA831C00D1002007B030BD2946204685
:1004900011F0F3FEF7E700BF0C00F07F0000F07FE3
:1004A00038B50749044615F0DBFE05490546201816
:1004B00015F018FF0444605DB0FA80F0400938BDC3
:1004C000D3B70208F0B51C4640F2FF339A4285B01C
:1004D00005460E4604F1080C08D11B496046F0F7AA
:1004E0008DFE02232370002005B0F0BD036FCDF810
:1004F00000C0013343EA82239702144A11F0B2FF8D
:100500000028F1DB000D02AB2070009347F0005390
:100510000F4A43F008033146284611F0A3FF002894
:10052000E2DB40F20223B3EB105F4FEA105202D13C
:10053000039B6360D7E740F201239A42D3D1C0F313
:1005400009006060CFE700BFD3B7020800FC0F7856
:1005500000FC0F702DE9F04FABB000251F46CDE930
:100560000A55BDF8E0300593BDF8DCB0BDF9E430C4
:1005700006908A460493A946384611F074FEDAF8CC
:100580000C3000EB0208984565D20423039309ABB5
:10059000CDE90183069ADAF80030009300210423A4
:1005A000104611F0AAFE002840F01981099B1BBAE1
:1005B0007B4043F000470997DAF800300A9308F1CE
:1005C00004030B933C460AAB369A89EA04061640AC
:1005D000844A16403DD1369AC2F38922002A00F09F
:1005E000A4804FF03C0C0CFB05FC0CF1A8026A4403
:1005F000349942F86C1C359942F8681C369942F8D7
:10060000483C42E91919059922F85A1C049922F824
:10061000581C3A9942F8541C3B9922F85CBC42E9B8
:100620001414DDE90A010CF1A80342F8707C42E9D8
:100630001EA80DEB030C443AACF14C0382E8030016
:10064000CDE904663B93684B36960135B1463A9343
:10065000B346424690E7359B002B40F3BE80349969
:10066000349B0831349135991C68099401395B68D1
:1006700035919046A8E7B2F5817F1ED11C46002631
:10068000099BC3F309029642E3D2049AA168C3F31B
:100690008923134441EA83212378626803F5407378
:1006A00041EA0351DDE93A3098470028C0F29780CB
:1006B00004F10C04CDD10136E2E71A46049B04EBA9
:1006C0008321DDE93A3098470028C0F28880C0D005
:1006D000002D00F084802AAB013D3C2202FB053254
:1006E00052E91C73349352F8683C359352F8643CD9
:1006F000369352E9110132F85A3C059332F9583CCD
:1007000004930AAE52F8543C3A9352E91EA852F8A8
:10071000503C52F84C4C3B9386E8030052F8609CE6
:1007200032F85CBC52F8483C0994369AC2F38922EC
:1007300032B1C4F389225A458BD305998A4288D2B3
:10074000C4F30A52002A84D040F201118A4292D1A5
:10075000254A07933A9B93423FF47BAF3C222AAB56
:1007600002FB05360021A6F1780015F04DFD349B03
:1007700046F86C3C359B46F8683C369B26F85CBCDA
:1007800046E91939059B26F85A3C049B26F8583C43
:100790003A9B46F8543CC4F3090B3B9B46F8503C4B
:1007A0000BF101030593C4F38924049B0F4A46F817
:1007B000707CA4EB0B041C4423B20493079B46E912
:1007C0001EA89A460023CDE9353201354FF0005975
:1007D00034934FF0FF3798463BE7002078E72BB083
:1007E000BDE8F08F0000F07FD502010800FC0F602B
:1007F0002DE9F04F85B09846836E0F9D119EDB6901
:100800001446AA199A42074689461ED96FF053002A
:1008100043E02368E06802331DD1D4E901130B449F
:100820009D4218D28D4216D3A3EB050AB24528BFCC
:10083000B246691A01445246109815F0BEFC109B4E
:10084000534410935544A6EB0A064EB36FF0010BC8
:1008500008F1FF3ADDE7C4F800B0BB6E5B69B5FB99
:10086000F3F25A436260B96ED1F814C0896A0AEB98
:100870000C032B44B3FBFCF30CFB03F38B4228BFAC
:100880000B46A3604946CDE9010300920E9B054A41
:100890003846FFF759FD0028BBDA05B0BDE8F08FF8
:1008A0003046FAE700FCF7FF2DE9F04F97B0164607
:1008B0000A93C36E126807460D4653B1934205D89A
:1008C0006FF05304204617B0BDE8F08F71688B427B
:1008D000F6D900214FF004080EABCDE901130092C8
:1008E000CDF80C8043463A463846CDE90E1111F05A
:1008F00004FD044610B110F1540FE3D1CDF80C8083
:100900000FAB4FF000080293CDF80480736800939A
:100910003A4604234146384611F0EFFC04460028CD
:1009200048D010F1540FCDD1414656F821302B60FC
:1009300081F00103099356F823306B6016AB03EB8B
:1009400081014FF0FF3451F8203CAB600023EB6095
:1009500002230893A34A92E8030010AB83E8030044
:10096000042205F108014FF0FF3002F005F80023E2
:10097000CDE906330C90A14605934FF0FF389B4616
:10098000404611F070FC0422BB6E039283440DAA12
:10099000CDE901B22A680092DB693A460021384667
:1009A00011F0ABFC064668B116F1540F00F0188147
:1009B000344687E7DDE90E31C91A0029D4BF00218A
:1009C0000121B2E70C9804220DA901F0D5FF0D9B7F
:1009D0000C901BBA88EA030ABAF1000FCDF834A0D4
:1009E0001DDA4FEA185303F4F063A3F5A0667342CF
:1009F0007341EA68002A40F0FB80D5E90032C5E97E
:100A00000023099A16AB03EB820353F8203CAB603A
:100A1000089B012B3FF454AF012308939AE75046FB
:100A200011F021FCBB6EDA6900EB0B03934200F27C
:100A3000D7804FEA1A5101F4F061B1F5A06F2B682D
:100A40000BF1040833D10421039114A9CDE90181EC
:100A500000933146134638463A4611F04EFC06469E
:100A60000028A1D1149A0C9B9A4240F0B9800D9BAA
:100A7000F86A1B0D04220CA98AEAC37A01F07CFFF4
:100A8000F8620D9811F0EFFB059BAB82109BAB61F8
:100A90005844119BEB61C5E9030A069BEB754FF0C7
:100AA000FF330C934B464C46D046994668E70CA959
:100AB0000438CDE9008002913846394611F0F9FC3E
:100AC000064600287FF470AF0D9B190D11F4E0600D
:100AD0001CD1059AC3F389239A4201D801330593A7
:100AE0000D99209B0A9A4B4013400B9362D12A68C0
:100AF000DDE92230CDE9142814AA9847061E0B9B85
:100B000055DA16F1540F3FF474AF51E7B0F5806F2A
:100B10001DD1059A48B242FA81F18AB20592324A51
:100B200009EA020242F09F4242F4E002934202D1FB
:100B300049F00049D4E7B9F1FF3FD1D0C3F389238D
:100B4000C9F389229342CBD809EB8029C8E7B0F5D5
:100B5000C06F2B6813D101F0010208210692BA6E12
:100B6000039110A9CDE901810093D36931463A463A
:100B7000384611F0C2FB06460028B1D014E7C1F395
:100B80000A0240F2FF518A42AAD10821BA6E0391AB
:100B900012A9CDE901810093D36931463A4638461E
:100BA00011F0ABFB54301BD00123079398E70D9B4A
:100BB00003D199464B46A14675E70C4A89EA0301E1
:100BC0000A4052B1022EF5D1C9F38922C3F389211B
:100BD0008A42EFD343F00049ECE74FF0FF39E9E7F1
:100BE000002306E76C6E020800FC0F0000FCFF7F8C
:100BF0000021A97513B3B96E8869B2FBF0F300FB4D
:100C00001323DBB9079BCBB14FF0FF33149314AB25
:100C10000293129BCDE900233846CA692B683946F6
:100C200011F047FC20B110F1540F01D0044649E601
:100C3000DDE91332981A43424341AB75294607F167
:100C40003C0011F027FB88B1FB6BC4F38922C3F38E
:100C500089239A4204D144F00044219B43B912E015
:100C6000611CFAD09A4288BFA4F58064219B3BB1F5
:100C7000AA8AC4F38923934228BF1346219A13807A
:100C8000002CBFF61FAEAB8AC4F38924A34294BFE5
:100C900000246FF0010415E62DE9F04F8DB01568C2
:100CA0000693036A8B61436ACB612B78049280467A
:100CB0000E46002B00F08880464CC4F30A53022BEA
:100CC000059304D12846444915F00CFB05444249DC
:100CD000284615F0C5FA0128074606D12B782E2B99
:100CE0000CD105F1010A5546E7E7022806D1024674
:100CF0003A49284615F097FA002865D005EB070A0F
:100D0000D1464FF0010B3449484615F0EBFA8144C7
:100D10003149484615F0A4FA0246C8B1012805D168
:100D200099F800102E2910D19144ECE702280CD13B
:100D300007902A49484615F076FA079A28B9BBF178
:100D4000010BF1D109F1020ACDE70BF1010BEBE741
:100D50002B78002B34D0049B1D60059B022B36D1D1
:100D6000C4F3892440F2FF339C4206F118091BD1D9
:100D70000DF1240B1A4B0293069BCDF80CB0CDE974
:100D800000734A464FF0F04331464046CDE90985AD
:100D90000B97FFF789FD041E12DBA4D1F37D002B16
:100DA000E8D16FF001040BE00E4B0F4ACDF8009034
:100DB00043EA84233146404611F054FB041ED7DA3F
:100DC00020460DB0BDE8F08F6FF01504F8E76FF026
:100DD0001304F5E700FC2F00D3B70208B2B80208ED
:100DE0008D2502080800002000FC0F702DE9F04F4F
:100DF0009046CE6A4A6BB24285B007460C465BD23B
:100E0000B61A9E4228BF1E46DFF8B0B0B14601F1C7
:100E1000400AB9F1000F01D1304618E0216B4803B8
:100E200004D5BB6EE26BDB699A421BD1CA02636BCD
:100E300010D404F13C02029204F13802CDE90032F0
:100E40005146D4E90A23384611F0FEFB30B105B013
:100E5000BDE8F08F6FF00102C4E90E23216B41F46D
:100E600080212163BB6EE26BDB6901929D1A4D45C7
:100E700028BF4D4611F48011CDE9028515D0A28816
:100E80004BEA8222009204F1080152463846FFF7ED
:100E9000AFFC0028DBD1636B2B446363E36B2B4413
:100EA000E363A844A9EB0509B3E7A26B00923846B7
:100EB000524611F022FAECE70020C8E700001020AB
:100EC0002DE9F0470123144600228CB0C4E9062323
:100ED000194BDFF86880DFF8689006460F460FCBA5
:100EE00008AD85E80F0004F1180A504611F0A0F98A
:100EF00010B16FF0010018E02946204611F0A6FD60
:100F0000B0B93B6806937B68079305ABCDE90283D4
:100F1000CDE900900B4B0596524621463046FFF72F
:100F2000C3FC0028DFD0831CDDD00CB0BDE8F08707
:100F30006FF05300F9E700BF746E02087D240208C9
:100F400008000020FF03F07F2DE9F04F95B0044624
:100F50000D46164600211C220CA8059315F054F9E5
:100F600001231393494B0FCB0DF1200888E80F00A4
:100F700040F2022A12A811F05BF920B1A76A002FF3
:100F800054D1384640E041460CA811F05FFD0028DE
:100F900079D112993046A847002835D113993046A7
:100FA000A84788BB12AA0CA9204611F0B0FA58BB7A
:100FB000DFF8DCB0374F8146BDF844201FFA89F3D3
:100FC0009A42D7D906AA0BEA892300923B43324AB8
:100FD0000CA9204611F046FA002804DA831C13D12C
:100FE00009F10109E8E7BAEB105F4FEA10530ED19F
:100FF000079B0093CDE90156069B2246002120461F
:1010000011F06BFB0028EBD015B0BDE8F08F059A0E
:10101000002AE5D0B3F5007FE2D106993046A84713
:101020000028F1D107993046A847EBE7BB79012B9F
:1010300001D03F68A3E73B6B03F48813B3F5803F0F
:1010400013D03B6B03F49013B3F5003FF1D1CDE91E
:1010500001567B6B0093BB6B224607F14001204693
:1010600011F03BFB0028E4D0CEE7CDE90156FB6A46
:101070000093BB6A224607F14001204611F02DFB88
:101080000028DED0C0E76FF05300BDE7746E0208A1
:1010900000FCFF030800002000FC0F7038B5C26D93
:1010A000436D1344C26EB3FBF2F1002502FB113312
:1010B000826E4365C565D36A016EDB008B4294BFC7
:1010C000836581650446D26A406E294615F09CF816
:1010D0000549012322462046FFF736FF18B1C4E92F
:1010E0001655E36E236638BDB12202082DE9F04F94
:1010F000044687B00D4605A9204611F0C5FC0646FA
:1011000058B9DDF81480A06E414611F025FB064663
:10111000002853D010F1540F56D0304607B0BDE828
:10112000F08F2A6BCDF80C900DF1130A12F4801F8A
:10113000CDE9017AA3EB07031CD0AA88244941EA30
:101140008222009205F108015A462046FFF750FB23
:1011500070B9CDE902A9CDE900870123224604F147
:101160001001204611F0AFFB60B110F1540F2BD0ED
:101170000646D2E7AA6B009259462246204611F055
:10118000BCF8E5E70137EB6BBB42CAD8A36EE16957
:101190009A6AE86C15F011F823692B6463696B6433
:1011A000A369AB64A06E04F1100111F0D7FA2B6BA8
:1011B000C5F8388043F400332B63AEE7074605F1EA
:1011C000400B4FF00109DEE74FF0FF33236192E758
:1011D0000000102007B500230449019301AAFFF77E
:1011E000B3FE00B9019803B05DF804FBF1220208D8
:1011F0002DE9FF41144601230022C4E90623134BC5
:1012000006460F460FCB8DE80F006D4604F1180817
:10121000404611F00DF810B16FF0010010E02946C2
:10122000204611F013FC70B93946404611F00AF817
:1012300030B142462146304611F069F90028E7D026
:1012400004B0BDE8F0816FF05300F9E7746E020856
:101250002DE9F04F0D46816E6A688B69C9691432B9
:101260005F1E4FF0000A8A4294BFBF187F188BB0F0
:10127000B7FBF3F704465F43D1466FF0030B6E688C
:10128000BE4219D32B694FF0FF320892A9EB03023B
:10129000CDE9003208AE02962B6809F1040221461E
:1012A000204611F006F9002847D1089B534500F06D
:1012B000B0806FF0530040E0ABEB06033B440436D4
:1012C00040F2FE32934294BFF618B618BE424FF079
:1012D000FF0335D38DF81F30A26ED2E90632D21A41
:1012E000B24236D3012203920DF11F02CDE9016211
:1012F0002A68009200212246204610F0FEFF10B11D
:1013000010F1540F19D1A36E9A6900964FF0FF3374
:10131000099309ABCDE9012321462B6808922046A9
:1013200011F0C7F810B110F1540F06D1404A08ABC4
:101330002946204611F02FFB58B10BB0BDE8F08FC5
:10134000A7F11402964228BF1646BE428DF81F3000
:10135000C2D29DF81F206B68E868D243ABEB03084C
:10136000C2F3C01202F5A062B04448EA0258AB686A
:1013700048F47F2848F4406888EA03031BBA0893BE
:1013800008AB1946042201F0F7FA082208ABE8601E
:10139000039202936B6801932B68099004F110018A
:1013A0000093224600232046059111F08CFA002874
:1013B000C3D10599B9F1000F04D16B68D5F80CA021
:1013C00003F104099DF81F306E60DB431B0603F038
:1013D000004383EA0803AB60B7424FF0FF33EB6092
:1013E00006D9A36E62699B6A1344B3423FF647AFC6
:1013F0004FF0FF33236022460023204611F029FAE4
:1014000000289AD1A06E0369984700283FF437AFAF
:1014100093E70422CDE9009202962B6821462046EC
:1014200011F047F8002888D1089B002B85D040E7B1
:1014300008FCFF5F2DE9F04F97B0CDE90823836EDC
:10144000BDF884805A6A8B68BDF888B00133002AE1
:1014500004460D468B601ADC0027002600234FF05F
:10146000FF32CDE91132CDE913236968A06E1091E6
:10147000C36C002B3CD0083B159311F06DF900288C
:1014800038D010F1540F40F0BB803E4610E00132DE
:1014900042F00102B3FBF2F102FB1133002BDBD16E
:1014A000012610A928461093119610F0CBFED0B15A
:1014B0004FF0FF3300274FF00109236110A92846A0
:1014C000CDE9107910F0BEFE50B1291D204611F073
:1014D000DBFA50B110F11C0F40F09280002EBDD10C
:1014E0006FF01B008CE03746B7E707464E46B5E77E
:1014F000C369C0E70DF14009042305F1080249461C
:10150000204611F029FA0028BBD10BAB07933E4BC4
:101510000693C8F100031BB2CDE904B33B4B029321
:10152000099B0193089B009302462099CDF80C80FB
:101530004FF0FF332046CDE90B49FFF70BF80028A9
:101540009FD105F11801084610F072FE60B9EA7DDE
:101550000B462F4902F5C06241EA02522046494635
:1015600011F019FA00288CD10023CDE90D330F9327
:1015700046B904F13C010DA810F07FFE04F13001E2
:1015800010F07BFE04F1480A0DA8514610F075FEDC
:101590000D9B02466FF30903294620460D93FEF783
:1015A00065FF68BBDDE90D3213430F9A134308D082
:1015B000184A0DAB4946204611F0EDF900287FF49A
:1015C00060AF49462046FFF743FE00287FF459AF3D
:1015D000D5E90032C5E90023119BEB60ABEB0808AD
:1015E000129BA5F814802B61A064CAE9010036B9EA
:1015F00004F13C03303494E8070083E807003046E8
:1016000017B0BDE8F08F00BF412A020800FC0F4070
:1016100008FC0F000CFCFF7F2DE9F04F97B0064649
:101620000892209ADDF884800D461F4603EBC20025
:10163000002140F2014440F2FF4C984228D1002999
:1016400049D1AB7D002B5CD14FF0FF333361B5F84E
:1016500014904FF00008C346A9EB080ABAF1010F35
:1016600000F2E180B8F1000F40F01181B36E5A6AC8
:10167000002A00F321810023CDE90053CDF8089022
:10168000209B3A4629463046FFF7D4FE044610E137
:101690001A684FEA125EC2F30A52A24204D1AA8A21
:1016A0000132AA820833C8E7624504D1AA8A013A06
:1016B000AA820121F6E70EF4E062B2F5C06FF1D123
:1016C0005A681268AA615A685268EA611A68C2F3D5
:1016D0000052EA75E6E7AB8A002BB2D142462946B2
:1016E0003046FFF785FD044628B1831CA9D020466B
:1016F00017B0BDE8F08F98F81730002BA1D0022466
:1017000073E0EA682B6810934FF0FF31CDE91312B4
:101710002B69B06E11921293C16C01B30839159107
:101720000BA90791B54906910021CDE90411CDE936
:10173000021120990B96CDE900710DF1400B29465D
:101740003046CDF830B0FEF705FF044648B114F13D
:101750001C0F3FF479AF14F1540FC8D174E7C1697D
:10176000DCE70DF1340806F13009CDE90D000F90EA
:101770004946404610F081FD06F13C03194606F14A
:10178000480A099310F079FD514610F076FDDDE925
:101790000E100D9A01436FF3090211430D9210D000
:1017A000424629463046FEF761FE044600289ED197
:1017B000934A43465946304611F0EDF80446002856
:1017C000C5D159463046FFF743FD04460028BED137
:1017D000119BEB60129B2B6199E8070006F13C031B
:1017E00083E80700B464CAE90144089BD6F828805E
:1017F0001B681093089B5B68119306F12003099303
:10180000B8F1000F3FF473AF08F1080910A948467A
:1018100010F018FD8246002800F08480D8F800807F
:10182000EEE7C14615E710AB1FFA88F20793754B38
:10183000069353421BB2CDE90493734B0293209B52
:101840000392CDE9007300224FF0FF332946304662
:10185000CDF840B0FEF77EFE044650BBB36EDA6CA6
:1018600002B9DA69BAF1FE0F0ED899694B1E03EB83
:101870005203283AB3FBF1F34B43934228BF13467C
:10188000109A9342BFF4EEAE08EB5A08E4E61FFA52
:1018900088F8CDE90189209B00953A4629463046D3
:1018A00011F098FB04460028BBD010F11C0F3FF448
:1018B000DDAE002C99DA1AE7AB680132013342F051
:1018C0000102B3FBF2F102FB1133002B7FF4D3AE24
:1018D0004FF0010810A928461093CDF8448010F06D
:1018E000B1FC824600287FF4C6AE3046FFF772FC9A
:1018F000041EFFF6FCAEF36E1C1BB4EBD30F7FF699
:10190000BAAECDE901A9209B00953A46294630465A
:1019100011F060FB044618B110F11C0FC9D1AAE602
:10192000C146A8E6AE46BEE80F00CC46ACE80F00C4
:101930009EE80F008CE80F00089B994506D040F206
:10194000FF4140F20140209B9A451FD108F1200A37
:10195000B8F80420B8F81CB05A45FFF45FAF98F807
:101960001F1000293FF45AAF0999504610F06AFC45
:1019700018B1A2EB0B02A8F80420524649463046A3
:1019800010F0C5FD0028E3D00446B0E657F83A3021
:10199000C3F30A528A421ED1B8F80420C3F3892344
:1019A0009A420AD198F80630022B03D04FF0FF3349
:1019B000C8E902330AF1010AC5E7FBD998F80630F5
:1019C000013A022BA8F80420F4D1D8F82830013BC2
:1019D000C8F82830EEE78242ECD1B8F80420C3F30F
:1019E00089239A42E6D398F806300132022BA8F8F0
:1019F0000420DFD1D8F828300133E9E7412A020872
:101A00000CFCFF7FDD22020800FC0F402DE9F04FA7
:101A1000866A9DB005460F4691469A46002E5FD1D4
:101A20003B6804933E467B6805930FCE0CAC0FC415
:101A300096E80F000DF1300814AE84E80F00CDE9F0
:101A400000A64B463A4641462846FFF7E5FD041EF0
:101A500071DB04A9384610F0F5FB48B9C646BEE86C
:101A60000F00BC46ACE80F009EE80F008CE80F00AA
:101A7000022C29D105F1480239462846FEF7F6FC2A
:101A80000446002857D1149BFA7D0493159B0593B7
:101A9000954B019002F5C06243EA0253089301237B
:101AA0000093183708AB04AA314628460997FFF778
:101AB000B3FD041E3FDBB446BCE80F0047460FC72A
:101AC0009CE80F0087E80F00DFF82092884F4FF066
:101AD000000B012C40F0B38005F1200303938DE04F
:101AE00006F10800B84201D1366897E7394610F090
:101AF000A9FB0028F8D1B379012BF5D1336BD902BA
:101B0000F2D5AB6EF26A9B6A9A42EDD9736BF363BE
:101B1000EB6E2B6631462846FFF7E8FA044650B9CB
:101B2000336B23F4801333633146284611F055F9A3
:101B300004460028D8D020461DB0BDE8F08F0AF139
:101B4000080104A810F07EFB08B9CAE902249AF83B
:101B50000630022B07D10AF12C0104A810F072FB09
:101B600008B9CAE90B24DAF800A052E0012128469E
:101B700010F029FD314605F1300010F08BFB0028F4
:101B800063D02A6BC5F838A0C2F389233A40C5E96F
:101B90000C2AC4F38922934201D2A4F58064149ADA
:101BA0000292069240F2FF32934214BF49EA832325
:101BB000002308930023CDE9093401930223DDF8C3
:101BC00054A0009306AA08AB31462846CDF81CA0C5
:101BD000CDF82C80FFF720FD041EACDB012C37D1A3
:101BE000029BB646CDE9043ABEE80F00C446ACE815
:101BF0000F009EE80F008CE80F00A346039904A88D
:101C000010F020FBDDE90C2408B9C5E90824D5F85B
:101C100028A0BAF1000F92D1324604A92846FFF756
:101C20004FF9041EA2DAA21C85D1324604A9284627
:101C3000FFF7DEFA044670B1831C7FF47CAFBBF182
:101C4000000F0CBF0024032475E740F2FF33A6E722
:101C50004FF0010AE9E72B6BC3F3090323B1CAF183
:101C60000001284610F0AFFC314605F1300010F0BD
:101C700011FB002835D02A6BC2F389233A402A632E
:101C80000022C5E90D22149A0492159A059240F299
:101C9000FF32934214BF49EA8323002308939DF83F
:101CA0006730114903F5C06341EA03530022CDE9CF
:101CB0000A38022309920192009304AA08AB314624
:101CC0002846FFF7A9FC041EFFF635AFB646BEE86E
:101CD0000F00C446ACE80F009EE80F008CE80F0030
:101CE000F7E640F2FF33CEE708FC0F000000F04FAC
:101CF000FF0300802DE9F041036BC3F30903A0B09B
:101D000004460F46002B52D000251C22002108A8B3
:101D100014F07AFA01238DF837300F9300260EA8BD
:101D200010F086FA28B1002EEED1002D39D1012510
:101D3000EBE70EAA10A9204610F0E9FB58B99DF870
:101D400037300BBB18AA0EA92046FFF7B9F80028B8
:101D50002FDA811C5FD020B0BDE8F08191423ED1E6
:101D6000039A93423AE0236BC3F389226FF39E23D5
:101D700023630023C4E90D3340F2FF339A4235D088
:101D8000314B43EA822332E00DF1400EBEE80F00F2
:101D90000DF1200CACE80F009EE80F008CE80F005E
:101DA000BDE7216B494249B2204610F00CFC0020EF
:101DB000D1E7002DE8D10DF108080346234ACDF8FC
:101DC000008018A9204610F04DFB0028C3DBDDE998
:101DD0000E31029A9A42C1D1039B9942D4D008A9EC
:101DE00004F1300010F056FA0028BCD1002304930F
:101DF000174BCDF81C800022CDE90523022304AA4D
:101E000008A92046FFF702FE0028A4DB032808BF2C
:101E100046F0010683E7002DB6D0002FB4D004F1C0
:101E2000480210A92046FEF721FB002893D19DF817
:101E30005720084B02F5C06243EA0253049316ABE5
:101E400005930123DBE700BF0000F04F00FCFF7F9C
:101E500008FC0F6008FC0F0010B5036B9B0590B0E9
:101E6000044622D500F1200208A910F050FB0028FA
:101E700044D1234B0293A36EDB690393E36E049377
:101E8000236F0593636F0693A36F07931D4B009316
:101E900002AB01936A46012308A9204611F0D4F849
:101EA00060BB236B23F400732363E36B1B0D13F4FC
:101EB000E06F06D10121204610B0BDE81040FFF7C9
:101EC00019BF04F1400208A9204610F020FBA8B970
:101ED000E36BA063C3F38922236B6FF39E23C4E9F2
:101EE0000C30094B43EA8223CDE9023002AA0123D8
:101EF00008A9204611F0A8F80028DBD010B010BDCA
:101F000001000200180010200000F04F73B51446C5
:101F10000E4600F1480221460546FEF7A7FA70B9C1
:101F2000E27D084B02F5C06243EA02530093183485
:101F300001236A4631462846019411F085F802B023
:101F400070BD00BF08FC0F002DE9F0438BB013F00B
:101F5000020F06460D460392984637D1129B2B6519
:101F600005F1080700236B63EB63EB64C5F8308071
:101F70002B1D03AA39463046FEF78EFE041E05DAF5
:101F8000A31C1AD10398FEF78BFAB0B10123AB71F1
:101F9000B36A2B60A01CB5625BD118F4807F0CD0B3
:101FA000039C7449204614F05BF9225C002A4DD151
:101FB000336F834213D26FF023042B6B43F400235F
:101FC0002B632946304611F0AAF804E0FFF744FFDE
:101FD00004460028C2D020460BB0BDE8F083AB8891
:101FE0006549DFF8988140EA832041EA832140F483
:101FF000801048EA8323CDE90412CDE90604CDE937
:1020000008323946032304AA304611F01DF810F1B6
:102010001C0F0446CFD00028CFD144464FF0000813
:102020004FF00C092B6D9A68424538D81B68002B7D
:1020300065D0EB64B06E05F1400110F08FFB40F20B
:102040000123B3EB145F64D00024C4E76FF01304E2
:10205000B3E718F4007F40F08380240D012C40F09A
:102060008280AB8818F4806F4FEA832308D043F056
:1020700000542B6B43F4803344F480142B63CDE77E
:1020800005F1280243F00053009243F008033C4A54
:102090003946304610F0E6F9041EBFDA8DE72A6BA8
:1020A000D10705D42B6B9A071DD408F10108B9E7B5
:1020B0005868B5F804C009FB08F28118825C8B6887
:1020C0004968009143EA8C2302F5407243EA0253C7
:1020D00039462C4A304610F0C5F90028E2DA831C54
:1020E000E0D0044669E72A6D526809FB082291682E
:1020F000B26F91423AD843F480332B63D5E7B36E85
:10210000986AFBF751F9E864002893D16FF00B044B
:1021100053E72B6B43F480136FF001022B63C4F37E
:1021200009040023AA62EC622A646B64B36E9A6AA3
:10213000AA64002C88D040F2FE339342A98828BFBD
:10214000134643EA8123EA6C009243F000530C4AA1
:102150003946304610F086F9041EBFF675AF2CE7FD
:102160006FF0100429E76FF0140426E76FF01B04EA
:1021700023E700BFD3B70208000010400000102082
:1021800000FC0F7000FCFF7F30B597B0054610F0E3
:10219000F0FA044620B16FF00B04204617B030BDB2
:1021A000AB6E0146DA6A686E14F02EF8D5E91A3281
:1021B0006C65DB6ADB00C5E91742934294BFAB65EF
:1021C000AA650EA9284610F09DFC0446002832D1CD
:1021D0001B4B0293AB6EDB690393EB6E04932B6F87
:1021E00005936B6F0693AB6F0793164BCDE90830E1
:1021F000154B0A93154B0B93154B0C9302AB0D9398
:1022000008AA03230EA9284610F01EFF044690B921
:102210008DF84E00034602460EA9284610F014FF22
:10222000044640B9009001236A460EA9284601934E
:1022300010F06DF90446284610F0D2F9ADE700BF62
:1022400001000200000010400800F00FB5B80208BD
:10225000180010202DE9F0439BB0044610F089FAD5
:102260000646002840F09F8001461C2212A813F069
:10227000CBFF012319934D4BDFF83481DFF8349104
:102280000FCB08AF87E80F0018A80FF0D1FFB0B14F
:10229000236B03EBD373236304F1300207CA04F109
:1022A0003C0383E80700E26EE36AB3FBF2F102FB52
:1022B000113363650023C4E91633226635E03946DD
:1022C00012A810F0C3FB00286AD10823079305ABBE
:1022D000CDE90293384B0190009318AA374B12A90D
:1022E0002046CDE90548FEF7DFFA051E19DB4CD084
:1022F00045F30905013548D0129B2362139B6362A5
:102300000CAB00932D4A2E4B12A9204610F0AAF8D0
:10231000051E06DB0C9B9AB21B0C022B09D06FF03A
:102320001505204610F05CF92E4630461BB0BDE87E
:10233000F083012AF3D8236B82F0010223F40073A7
:1023400043EA422323630F9B1BB1226F9342E6D8DB
:102350002367109B1BB1626F9342E0D86367119BA8
:1023600043B1A26F9342DAD8E26FA3679A4294BF57
:10237000E267E367A36E0E9A196A09B19142CED162
:10238000E266DB690D9A9A42C9D104F1300212A9C2
:102390002046FEF76BF8054600283FF475AFC0E70E
:1023A0006FF05305BDE76FF00B06BEE7746E0208D1
:1023B000B5B802088D2502080800F00F00FCFF7F69
:1023C0001800102070B598B004460391FFF744FD43
:1023D00000285CD1034603AA06A92046FEF75CFC50
:1023E000002854DBC0F3892340F2FF32934250D0DF
:1023F000000DA26A0E9202284FEA832504AE20D176
:1024000045F00053244A009643F0080306A92046ED
:1024100010F028F800283ADB324610A9204610F0C8
:1024200076F8002833D1159B33F47F022DD101219A
:10243000204610F0C8F80EAB8DF83E20ADF83C20D9
:10244000A362002345F09F45059345F4E005012371
:10245000324606A92046049510F0F6FD0E9BA362B5
:10246000A8B9236BC3F309038BB14FF0FF312046AA
:1024700010F0A9F806AA10A9FEF7BAFE38B910AAFA
:1024800006A92046FFF742FD01E06FF0260018B0D4
:1024900070BD6FF01500FAE700FC0F702DE9F04FEA
:1024A000ADB0CDE904120546FFF7D6FC034600287F
:1024B00040F015810DF1200904AA49462846FEF78F
:1024C000EBFB061EC0F20D8140F2FF38C6F38927F0
:1024D000474505D16FF0150420462DB0BDE8F08FBB
:1024E0000DF10E0305AA10A92846FEF7D5FB041E20
:1024F00032DBC4F389234345ECD010A948460FF0E2
:10250000A1FEAB6A1893A31C804635D1DDF814A058
:102510007A49504613F0A4FE1AF800301BB1330D6F
:10252000022B40F0E0802B6F8342C0F0DF80B8F1D7
:10253000000F19D02B6B6FF39E2343EA872343F0E0
:102540009F4343F4E0032B63089B6B630234099BB6
:10255000AB634FD1BB460DE0A21CBDD10598FDF782
:102560009FFF0028C9D1B7E7BDF80E30BB42F1D8B4
:1025700007F1010B002343E0330DB3EB145F4FEA87
:10258000145206D0022A0CBF6FF014046FF013042B
:10259000A2E7BDF80E30002840F0AB809F4201D189
:1025A000002499E7022A25D1554A0DF1880A42EA0A
:1025B0008323CDF800A0534A10A928460FF052FFFC
:1025C000002854DB52461AA928460FF0A0FF002825
:1025D0004DD11F9B33F47F0247D1012128460FF0D4
:1025E000F2FF18AB8DF86620ADF86420AB62B8F14D
:1025F000000F9FD1BDF80E20434BBB4643EA822318
:10260000BDF80E202293414B3C4943EA822300242B
:10261000CDE92434059B239418464FEA822A13F00F
:102620001FFE059B27936FF313064AEA070346EA4A
:102630000A0643F08053064343F48013CDE928395A
:102640002696B8F1000F02D12F4C44EA8B240023C8
:102650002B9322AA052310A928462A9410F0F4FCF3
:10266000044630B1189BAB6236E76FF02600044693
:1026700032E7B8F1000F17D02B6B1A0D12F4E06F90
:1026800012D06FF39E23C5E90C301F4BA86343EAB9
:102690008723CDE9063006AA01234946284610F0D3
:1026A000D3FC04460028DDD1189BAB622B6BC3F32F
:1026B0000903002B3FF474AF4FF0FF3128460FF0B1
:1026C00082FF10AA1AA9FEF793FD044600287FF4A2
:1026D00003AF1AAA10A92846FFF718FCC7E704465B
:1026E000FAE63446F8E66FF01304F5E66FF02304DB
:1026F000F2E6022A7FF41EAF56E700BFD3B7020806
:102700000800002000FC0F700000F04F0000104097
:102710002DE9F047A6B005460191FFF79DFB044661
:1027200088B9AB6A1C9301AA0DF102031EA92846C1
:10273000FEF7B2FA831C044609D1DDF80480404656
:10274000FDF7AEFE40B9204626B0BDE8F087002870
:10275000A8BF6FF01004F6E73D49404613F080FD36
:102760002B6F8342064670D3EB6E2B6604AF39465F
:10277000284610F0C7F904460028E4D10DF1780C82
:10278000BCE80F000CAC0FC49CE80F0084E80F00FD
:102790000DF1480A9DF84730002B4DD1DFF8B49079
:1027A000012302AA39462846CDE9029A10F04CFCD2
:1027B00004460028C7D19DF88F30D3B101212846A7
:1027C0000FF001FF1CABAB6214AA01230CA98DF81A
:1027D0007640ADF87440CDE9149710F035FC1C9BA1
:1027E000AB6204460028AED14FF0FF3128460FF00F
:1027F000EAFEBDF80220184B43EA8223149300231B
:102800001593164B43EA8223CDE918379DF88F3094
:10281000002B104B46EA822618BF0023CDE91A3759
:1028200046F40016042314AA1EA92846CDE916680A
:1028300010F00AFC044686E752460CA928460FF021
:1028400066FE04460028A5D07DE76FF023047AE7F2
:10285000D3B7020808FC0F600000104008000020F9
:10286000F0B587B001F1080603920C46002303AAD5
:1028700031460546FEF710FA00282ADB030D022B2D
:1028800029D1C0F3892040F2FF33984204AF15D11B
:102890002B6A04936B6A05933A46314628460FF03B
:1028A00036FEB0B9A368E362E36823630223A08025
:1028B000A062A371AB6A2360AC620AE0074B084ACE
:1028C000009743EA8023314628460FF0CBFD0028CD
:1028D000E2DA07B0F0BD6FF01300FAE7080000205D
:1028E00000FC0F702DE9F0410C46154606464FF4EA
:1028F00084720021284613F087FCA36A63B9284636
:10290000022300F8083B1A49EEF778FCA36A01336A
:10291000A3620120BDE8F081012B22D004F1200840
:1029200004F10807A288A38B93420BD1E07F002813
:10293000F0D04246394630460FF0E9FD0028E9D193
:10294000A08002462B4639463046FDF7BBFD08B154
:10295000831CDFD1A388023003F10103A380E1D0FF
:10296000D4E72846022300F8083B0249CCE700BF21
:10297000B3B80208B2B8020830B50C4D0A4491420F
:1029800000D130BD11F8013B83EA000404F00F04CC
:1029900055F8244084EA101080EA131303F00F0363
:1029A00055F8233083EA1010E9E700BF647E02087F
:1029B000F8B50F4614461D46084E304610F0D0FCC0
:1029C00010B96FF08300F8BDB368A2B21B68394636
:1029D000304698470028F4D12C60F4E7B46A020826
:1029E00038B5EFF31185102383F31288BFF36F8F8F
:1029F000064B9C6808F085FF85F31188BFF36F8F45
:102A00002046BDE83840FAF7C9BA00BF1863002075
:102A100038B50A4B53F82040013053F82050A542F6
:102A200000D838BD606830B1037EDB0701D410F0F8
:102A30007FFC0834F3E723689847FAE7A47E02088E
:102A400070B52F4B2F4C304D86B0012203201A70E9
:102A5000FFF7DEFF01F02AFCAC4219D10420FFF79A
:102A6000D7FF2A4C2A4D2646AE4204F1300415D336
:102A700000F03AFF254CAC422CD300F049FFF3F7AD
:102A800015FB244A938923F00103938106B070BD9E
:102A900054F8043B002BE1D09847DDE754F80C3C98
:102AA000059354F8103C049354F8143C039354F8E1
:102AB000183C029354F81C3C019354F8203C0093BA
:102AC00054E90A2354E90C0100F008FD54F8303CA5
:102AD0005E65C8E7D4E90A23B3F1FF3F08BFB2F14E
:102AE000FF3F05D052EA0301206803D110F068FFD0
:102AF0003034C0E70849183001F01EF9F8E700BF8C
:102B000036900020406E0208486E02083C6D0208B4
:102B10003C6D0208E03F0020DF38020870B5164E19
:102B2000164D1749882386B003FB00660122002357
:102B3000CDE904230F22CDE902320193142303FBD4
:102B4000005504464FF4A07000FB04110D4B009596
:102B50004FF48072304600F0C1FC337C0A4AEE60CC
:102B600023F0040333744FF4046304FB033313446E
:102B70002C746B6006B070BD583F002018630020B5
:102B800000AB0020FB340208C0A200207FB500206B
:102B9000FFF73EFF284B83F30888284C636943F412
:102BA000007363610025F02384F82230E5772576F1
:102BB0006576A57684F82050636A43F4E023636267
:102BC000FAF7DCF8FAF7D4F94FF0FF33A362E362C7
:102BD000FAF7F2FAFAF74EFA19481A4C00F0F6FC36
:102BE000F9F726FE0120FFF713FF0220FFF710FF81
:102BF00000F0B8FE144B15495C61154B0593012399
:102C00004FF4C052CDE90353CDE90155114B009566
:102C1000204600F063FC237C064623F00403204694
:102C2000237410F028FE2846FFF778FF094A314642
:102C30002046FAF77FF900BF00AB002000ED00E06E
:102C400068400020E03F00201863002040AC0020D6
:102C5000BEB80208412A010838B5064C064DAC4200
:102C600001D3002038BDD4E90112204610F0C5FB85
:102C70001834F4E7A0050020D00500201FB5054C4E
:102C80000294CDE900230A46002110F074FB04B041
:102C900010BD00BFCDE9010838B5074C074DAC4267
:102CA00001D3002038BD204610F0CDFB08B92034F8
:102CB000F5E76FF01500F5E760050020A00500209E
:102CC00073B50C46EFF31181102585F31288BFF31D
:102CD0006F8F05695DB125602B680361C36901339E
:102CE000C361002081F31188BFF36F8F11E052EAB6
:102CF000030603D125606FF00B00F3E7CDE9002355
:102D00000246083000F04EFD18B9034B9B685B6922
:102D1000236002B070BD00BF18630020F7B50E46F7
:102D200004469DF82010EFF31187102080F31288DD
:102D3000BFF36F8F656A2069854245D22568AC4232
:102D400019D0C5B1284610F0E3FB05F1180010F0CA
:102D5000C5FEE2686869314613F02FFA0023C5F812
:102D60008430284610F087FD04F10800394610F041
:102D7000E4FD002036E0E268D9B1206A314613F064
:102D80001CFA236AE2681344A2692362934201D1C8
:102D900063692362636A01336362102104F12800CE
:102DA00011F00EF80028DFD187F31188BFF36F8F81
:102DB00018E0E0696369984208BFA069801AE06181
:102DC000314613F0FAF9E5E752EA03010CD008495D
:102DD000896804F108004E61CDE900233946224696
:102DE00000F0E0FC03B0F0BD6FF02200DCE700BFB4
:102DF00018630020F7B504460846EFF3118610214A
:102E000081F31288BFF36F8F616A00293BD0E268BB
:102E1000E16913F0D2F9E369E26825681344A26915
:102E2000E361934204BF6369E361636AAC4203F107
:102E3000FF33636236D02846002D34D010F068FB93
:102E400005F1180010F04AFE6969E268206A13F083
:102E5000B4F9236AE2681344A2692362934204BF6F
:102E600063692362636A0027013363622846C5F8F9
:102E7000847010F000FD04F10800314610F05DFD93
:102E8000384603B0F0BD52EA030111D00A498968FF
:102E90004861CDE900233146224604F1080000F0E4
:102EA00081FCEEE7002086F31188BFF36F8FE8E71F
:102EB0006FF02200F7E700BF186300202DE9F3410F
:102EC000044617461E46EFF31188102383F3128839
:102ED000BFF36F8F304BC2689B6872B180689842B5
:102EE00017D057EA060216D188F31188BFF36F8F07
:102EF0006FF00F0002B0BDE8F08193F90E10216170
:102F00000132C4E9023288F31188BFF36F8F0020C9
:102F1000F0E72169F3E793F90E1090F90E3099422A
:102F200030DA9942A8BF194610F055FB0546CDE9A5
:102F300000761A482246414600F034FC0028E6D0CC
:102F4000EFF31186102383F31288BFF36F8FA0680D
:102F5000D0B1236821699C420AD04BB193F90E305D
:102F60009942A8BF19466FF07F039942B8BF19462E
:102F700010F031FB40B10948314610F0DEFC6FF033
:102F80000A00B7E70025D2E7002DF4D186F31188B7
:102F9000BFF36F8FF3E700BF186300203790002066
:102FA000F8B583680546002B40D0234A92689342C7
:102FB0003FD1C368012B03D9013BC3600020F8BD9A
:102FC000EFF31187102383F31288BFF36F8F01692A
:102FD000806810F000FB2C68A54207D10023C5E9EA
:102FE000023387F31188BFF36F8FE7E7002CF5D02A
:102FF000D4E9003213605A60237C002623F00203D8
:103000002374C4E90066A66004F1180010F066FDA0
:10301000AC6094F90E302B612046C4F8846010F047
:103020002AFC0648394610F088FCC7E76FF0150007
:10303000C5E74FF0FF30C2E718630020379000204B
:1030400070B5EFF31186102383F31288BFF36F8FEF
:103050000468A0421BD0D4B1D4E9003213605A6096
:10306000237C002523F00203C4E900552374A560E6
:1030700004F1180010F032FDC4F88450204610F01E
:10308000FAFB31460A48BDE8704010F056BCD0E962
:1030900002329A4218BF013383600221103010F0CF
:1030A0008FFE0028EDD186F31188BFF36F8F70BDBE
:1030B0003890002013B5EFF31181102484F31288A7
:1030C000BFF36F8F846844B1013C846081F3118841
:1030D000BFF36F8F002002B010BD52EA030406D187
:1030E00081F31188BFF36F8F6FF00F00F3E7CDE925
:1030F00000230246014800F055FBECE73890002021
:10310000F8B50546EFF31186102383F31288BFF359
:103110006F8F00272C68A54219D0C4B1D4E90032C2
:1031200013605A60227C002322F00202C4E90033BB
:103130002274A36004F1180010F0D0FC6FF00A03B1
:10314000C4F88430204610F096FB0127E2E7002304
:10315000AB60022105F1100010F032FE28B927B94A
:1031600086F31188BFF36F8FF8BD31460248BDE882
:10317000F84010F0E2BB00BF389000202DE9FF417D
:10318000544E04461027EFF3118887F31288BFF3DB
:103190006F8FD4F88C50F5B9022104F1A40010F01F
:1031A00039FA002870D004F19C050022012128463C
:1031B00010F026FC0028F8D1002302934FF0FF32D4
:1031C0004FF0FF33CDE90023414604F19402424819
:1031D00000F0F2FCD7E7D4F890202B68C4F88C30CC
:1031E000954208BFC4F89030D4F8A43043F00203ED
:1031F000C4F8A430EB6823F0040343F00103EB6050
:103200006B6888F31188BFF36F8F28469847EFF3F8
:10321000118887F31288BFF36F8FEB68D80623F00D
:1032200001023ED4EA60EB689A0717D5306823F0B4
:103230000203EB6090B10368002178B142689542C7
:103240003DD10368002934D172683360904200D1C7
:103250007360002340F8083BFFF7F2FED4F8A43077
:1032600023F00203C4F8A430DB0530D4D4F88C304A
:10327000003B18BF012388F31188BFF36F8F002B29
:1032800081D000F077FB7EE7D4F8A430D90693D53F
:10329000C4F8A40088F31188BFF36F8F04B0BDE8B1
:1032A000F08123F01103EB6005F11000FFF7C8FE79
:1032B000B9E70B607368984208BF7160C9E70146BF
:1032C0001BB11A6818461346B7E71A46FAE70023F7
:1032D000D1E700BF3863002039900020F8B5C368FB
:1032E0009A0704460E46C3F3400542D45F0742D412
:1032F0000B680BB983680B60E368D80744BFA36809
:10330000336037684CBF0225012557B31B4B9A68C1
:10331000D7F888309A421ED110F06CFA80F0010084
:10332000C0B2D7F8A430D907C3F380021CD5F2B1DC
:10333000F8B100232360D7F8903073B9C7E923446C
:10334000384610F096F9E36843F00403E36033680D
:10335000A3602846F8BD0020E3E71C60C7F8904052
:10336000EEE76FF0150506E06FF0120503E01B07AE
:10337000DFD56FF00F0500233360EAE71863002004
:103380000146014810F001BA10410020F0B589B0A3
:1033900004460020C4E923000E9D04F19400C4E912
:1033A000250004F19C00C4E9270055B328790028C2
:1033B00040F2011008BF0120C4F8A40000204FF023
:1033C000FF364FF0FF37CDE90330CDE90100CDE9FD
:1033D00006670D4B0094204600F0CCF855B12968E3
:1033E00011B1204610F00CFA6B791BB1A38943F0A0
:1033F0000103A381204610F0E3FAC4F8884009B025
:10340000F0BD0120D8E700BF7D31010837B501903C
:103410000846EFF31184102181F31288BFF36F8FF8
:10342000C16811F01E0F16D153EA020508D101A997
:10343000FFF754FF84F31188BFF36F8F03B030BDE3
:1034400041F00801C160019981620449103000F027
:1034500073FC0120EEE70020ECE700BFE73602082E
:1034600001460148FFF7D2BF10410020F0B585B0FA
:103470000C46019017461D46EFF31183102181F38E
:103480001288BFF36F8F03A92046039310F0CDF885
:1034900055EA0703039E09D101A92046FFF71EFF45
:1034A00086F31188BFF36F8F05B0F0BDE36807495D
:1034B00043F00803E360019BA3623A462B4604F104
:1034C000100000F039FC0120EAE700BFE7360208EF
:1034D00001460148FFF7CABF104100202DE9F04323
:1034E000073285B022F007020E461F4610998181EF
:1034F00000F158037F32C0E916330446002322F05E
:103500003F020421836001743F2A0F98A073C4E92D
:103510000633E37306F14009A2F1400805D883F3AE
:103520001188BFF36F8F084602DFB5182946204681
:10353000F9F72AFA07300E9B20F007006067C4E90C
:103540001B9802930D9B01932D1A0C9B00932A4606
:103550003B4631462046F9F7BBFC00236365044B2C
:103560009B6803B19B6FA367284605B0BDE8F08355
:1035700018630020F0B587B000250595109D0495CF
:103580000F9D03950E9D0295DDE912760D9D019527
:103590000C9D00950446FFF7A1FFB6F1FF3F08BF61
:1035A000B7F1FF3F05D056EA070305D1204610F0DA
:1035B00007FA204607B0F0BD3A46334604F118003A
:1035C000014900F0B9FBF4E7DF380208012310B528
:1035D000037483810023C0E91B33044600F060FEBE
:1035E000014B9C6010BD00BF186300200A4A93681D
:1035F0006FF00A01C3F884100849C3F880004B68D3
:1036000043F080534B60002383F31188BFF36F8F27
:103610009368D3F8840070471863002000ED00E041
:1036200070B590F91020037C002A2FDBD9062DD12C
:103630001A4C63F07F032246037452F8183FE16985
:10364000934207D1C0E900210860E0610FE0994290
:10365000F8D01B68002BF5D093F90E6090F90E504E
:10366000AE42F4DD5968C0E9003108605860A569D0
:10367000954200D005B9E568A3681A7CD20606D148
:10368000DA897F2A03D9AA690AB9636170BDAB429E
:1036900002D0284600F0D2FA6561F7E718630020EF
:1036A00038B590F91020037C002A014604DA03F0B3
:1036B0007F03037410F0A7F80D4D2A46AB6852F84B
:1036C000184F944200D004B9EC688B4207D01A7CA2
:1036D000D20604D1DA897F2A01D9A2692AB1A3428C
:1036E00002D0204600F0AAFA23466B6138BD00BF25
:1036F00018630020B3F1FF3F08BFB2F1FF3F03D0D2
:103700000249183000F018BB704700BFDF380208CC
:10371000034648B9EFF3058232B9064A5169926807
:10372000914201D0FFF762BF83F31188BFF36F8F1F
:10373000704700BF1863002038B5184CA168E069D5
:103740000B68814214BF1A46002249680B60596019
:10375000A368E1692AB9124AC3E900210B60E36159
:103760000AE092F90E5093F90E00854212DD51687D
:10377000C3E900210B605360A569094B9D4200D04D
:1037800005B9E568A3689D4202D0284600F056FAC4
:10379000656138BD8A42DED01268DBE7186300201D
:1037A00030630020F8B50E4B0C4611460D4A986860
:1037B0001060DDE90667EFF31182102282F31288B0
:1037C000BFF36F8F9D68284610F02FF828463246C9
:1037D0003B46FFF78FFF2046BDE8F840FFF706BFE6
:1037E0001863002040630020F8B50446EFF311870A
:1037F000102383F31288BFF36F8F037C03F01F0243
:10380000002A0CBF0126002649B235D103F07F0300
:1038100003740FF0F8FF294D037C817363F07F037D
:103820002A46037452F8183FE869934207D1C4E965
:1038300000200460EC610DE09842F8D01B68002B7A
:10384000F5D093F90EC08C45F6DD5968C4E9003116
:103850000C605C60AC69944200D004B9EC68AB6861
:103860009C4202D0204600F0E9F96C6187F3118890
:10387000BFF36F8F3046F8BD9B071CD585680FF0EE
:10388000C2FF81732B689D4209D16B68C4E9005364
:103890001C606C60EAE76A689A42F6D01B68002BED
:1038A000F3D093F90E208A42F5DD5A68C4E900325C
:1038B00014605C60DAE78173D8E700BF186300200A
:1038C000034648B9EFF3058232B9064A5169926856
:1038D000914201D0FFF78ABE83F31188BFF36F8F47
:1038E000704700BF18630020EFF31181102383F3AA
:1038F0001288BFF36F8F054B9A68D37B013BD3735C
:1039000081F31188BFF36F8F704700BF18630020E9
:1039100070B5EFF31186102383F31288BFF36F8F16
:103920000F4DAB68DA7B0132DA732A4652F8184F32
:10393000944200D004B9EC681A7CD20604D1DA892A
:103940007F2A01D9A2692AB19C4202D0204600F008
:1039500075F923466B613046BDE87040FFF7D8BE6D
:1039600018630020024B03F11802C3E906227047D6
:103970001863002070B5EFF31186102383F31288CB
:10398000BFF36F8F1A4CA168E0690B68814214BFC6
:103990001A46002249680B605960A368E1692AB998
:1039A000144AC3E900210B60E3610AE092F90E506A
:1039B00093F90E00854216DD5168C3E900210B60C2
:1039C0005360A5690B4B9D4200D005B9E568A3681B
:1039D0009D4202D0284600F031F965613046BDE8CD
:1039E0007040FFF703BE8A42DAD01268D7E700BF03
:1039F0001863002030630020F8B550EA0103064642
:103A00000C4603D1FFF7B6FF0020F8BDEFF3118796
:103A1000102383F31288BFF36F8F124D124BA868E7
:103A20001860FFF73DFEA86810492346324618305B
:103A300000F082F9AA68137C43F00403137404466F
:103A40003846FFF7D3FDAB68D3E90A23B3F1004F43
:103A500008BF002AD8D110F076F8201A20EAE070CA
:103A6000D3E700BF1863002040630020DF3802085E
:103A7000014B9868704700BF186300202DE9F84398
:103A800004468789EFF31186102383F31288BFF36E
:103A90006F8F037C190705D586F31188BFF36F8FED
:103AA000BDE8F883D90943F008026FD10274A36816
:103AB00013B120460FF0AFFE04F1180010F00EF81D
:103AC000A56D04F15808A84511D04FF0000975B153
:103AD00028460FF0A0FE05F118000FF0FFFFC5F813
:103AE00084902846FFF79CFDA56DA845EFD1DFF82F
:103AF000BC80D8F808309C4250D1EFF30589B9F169
:103B0000000918BF4FF00109D8F81850284A95420B
:103B100000D00DB9D8F80C50AB4202D0284600F0C6
:103B20008DF82046C8F814500BF0AFF9B9F1000F2A
:103B300002D02048FFF74AFDD8F808309C4230D127
:103B4000EFF305836BBBA289D20711D586F31188E9
:103B5000BFF36F8F83F31188BFF36F8F0423184671
:103B600002DFEFF31186102383F31288BFF36F8F08
:103B70003046FFF73BFDFB0792D5002383F3118806
:103B8000BFF36F8F0423184602DF89E703F07F033A
:103B900043F0080303740FF036FE88E74FF0000986
:103BA000B2E786F31188BFF36F8FE4E71863002054
:103BB0003063002068400020D3B5DDE90667089C2B
:103BC000CDE90067FFF7EEFD1CB1034B9B685B6915
:103BD000236002B0D0BD00BF18630020027C12F049
:103BE0001F02034610D10A4988420DD009490868CE
:103BF00068B1D9897F2909D893F90E20064B1B6833
:103C00009A42B8BF002070470020704710467047A6
:103C1000583F0020DC04002044630020044BC01AFD
:103C2000044BC0105843044B01221A54704700BF84
:103C3000F0400020ABAAAAAA3A90002070B50C4B25
:103C40000C4D1E7CFFF7CAFF182303FB06550446E4
:103C500028460FF043FF084B00229A553CB1621EE4
:103C600028460649BDE87040D31700F065B870BD1E
:103C700018630020F04000203A9000201D3C01080D
:103C800038B5EFF31185102383F31288BFF36F8FDC
:103C90000F4B104A9C681068A04206D1FFF7CEFF78
:103CA00085F31188BFF36F8F38BD00211B7C116035
:103CB000094AD35C002BF3D02046FFF78FFF002882
:103CC000EED0237CDB0601D1FFF736FD2046E5E789
:103CD00018630020406300203A900020024B1868CF
:103CE000984208BF00207047E0040020034B1B6887
:103CF0000BB9FCF7FBB90020704700BF4C630020F4
:103D000030B570B10B4B5B6898420AD0036843B181
:103D1000D3E90421D0E90445121941EB0501C3E9B7
:103D20000421D0E9003213605A600023C0E9003357
:103D300030BD00BFE0040020B3F1FF3F08BFB2F187
:103D4000FF3F2DE9F84F0446994615461F467AD0A5
:103D50008160EFF31188102383F31288BFF36F8F14
:103D6000B9F1000FDFF8E4A020DBFFF7BFFFDAE9CD
:103D70000027013549F100092D1849EBE073C4E92A
:103D80000453AD18064643EB07074FF00109FFF750
:103D9000A5FFDFF8BCE0DEF804A00346EBB9C4E9F8
:103DA00000EACAF80040CEF8044028E0DAE9001240
:103DB0006FF001035B1A4FF0FF3161EB02025B1BF6
:103DC00062EB0902012B72F10001BCBF012300224A
:103DD000C0E904324FF00009D9E7D3E9041CD4E963
:103DE00004208A4270EB0C0B24DA891A5A686CEBB7
:103DF0000000C3E90410C4E9003214605C60FFF7FE
:103E00006DFF84420ED1134B1B685BB9B9F1000FF3
:103E100002D1FFF76BFF064630460FF048FE002147
:103E2000FCF7F2F888F31188BFF36F8F2846394604
:103E3000BDE8F88F521A60EB0C005345C4E904202A
:103E4000ADD01B68AAE700252F46EFE70841002008
:103E5000E00400204C630020EFF31182102383F371
:103E60001288BFF36F8F054B1B681B1A58425841CD
:103E700082F31188BFF36F8F704700BF4863002043
:103E80002DE9F047DFF8B890DFF8B880C9F80000F6
:103E90000246FFF723FF0D4600260027D8E900134E
:103EA0004FEAE27E50B1D0E9044CA2427EEB0C0A0C
:103EB0001BDAA41A6CEB0E06C0E9044652184FF048
:103EC000000443EB0E032046C8E90023C9F8004074
:103ED0000FF0EDFD2146FCF797F885F31188BFF34D
:103EE0006F8FBDE8F047FFF7CBBE611843EBE4737B
:103EF000C0E90467DFF850A0C8E90013FFF700FF2E
:103F000001224FF00043C0E90423CAF8000085F302
:103F10001188BFF36F8F83689847EFF311851023E3
:103F200083F31288BFF36F8FD9F800200023121B90
:103F3000CAF80030C9F80020FFF7D0FEAEE700BF96
:103F40004C630020084100204863002010B5EFF3C7
:103F50001184102383F31288BFF36F8FFFF7C6FE1F
:103F6000054A0346D2E90001181841EBE37184F3D6
:103F70001188BFF36F8F10BD08410020F8B50446CB
:103F8000EFF31187102383F31288BFF36F8FD0E90B
:103F90000423B3F1004F08BF012A04D087F311882E
:103FA000BFF36F8FF8BDD0E90A566A1C46F10003D3
:103FB000022A73F1000334D3013D46F1FF36002E8F
:103FC000BCBF00252E460FF0C2FD013041F10001BB
:103FD000401946EB0101012871F1000148DB0FF0A7
:103FE000B6FD013041F100016FF00203401946EBCC
:103FF000010183426FF000438B413EDB0FF0A7FDD0
:10400000013041F100016FF00102401946EB01035C
:10401000121A4FF0FF3161EB03031A492046FFF7F4
:104020008BFE236B01332363236A63B187F311880B
:10403000BFF36F8F20469847EFF31187102383F368
:104040001288BFF36F8F54F8185FA542A6D0002DD9
:10405000A4D028460FF01EFC0023C5F8843087F357
:104060001188BFF36F8F2846BDE8F8400FF003BCFE
:104070006FF001024FF0FF33CFE700224FF0004313
:10408000CBE700BF7D3F01082DE9F04105461C4606
:1040900090461F46EFF31186102383F31288BFF377
:1040A0006F8FB4F1FF3F08BFB2F1FF3F05D186F338
:1040B0001188BFF36F8FBDE8F081002C09DB012A66
:1040C00074F10003BCBF0122002412F1FF3844F157
:1040D000FF3728460FF002FDDDE906010023C5E9A0
:1040E0000A012B6342463B4628460249FFF724FE5D
:1040F000DDE700BF7D3F0108F0B51423154E03FB3B
:1041000001000024102701B9F0BD10F8073C40F869
:104110000C4C03F03F03102BA0F1140C0CD826FA22
:1041200003F3DB0708D550F8143C2BB150F8105CB2
:104130002B605D6040E9054482F31188BFF36F8F07
:10414000EFF3118287F31288BFF36F8F0139604656
:10415000D9E700BF160101002DE9F74F1D46274B97
:104160009F68012387F8603087F8613052EA0503C1
:1041700016460CBF0123002307F1600280460FF0B2
:1041800055FD8146EFF3118B4FF0100A8AF3128828
:10419000BFF36F8F97F860404CB901465A464046CE
:1041A000FFF7AAFF8BF31188BFF36F8F0BE000239B
:1041B00087F8603056EA050309D18BF31188BFF305
:1041C0006F8F6FF00A04204603B0BDE8F08FCDE991
:1041D00000650B4A0B485946FFF7E4FA0446EFF333
:1041E00011858AF31288BFF36F8F2A4649464046ED
:1041F000FFF782FF85F31188D6E700BF1863002020
:10420000E80400203B90002010B50346EFF3118432
:10421000102282F31288BFF36F8FC1600121816089
:104220000068834205D184F31188BFF36F8F0020AB
:1042300010BDD0E9003213605A600023C0E900339A
:104240000FF07BFD024821460FF077FBEFE700BF40
:104250003B90002073B50446EFF31186102383F3DF
:104260001288BFF36F8F8368594003EA02050A4042
:104270005340009300226B46084901920FF0E3FB84
:10428000DDE9003223EA020304F10C00A3603146A9
:104290000FF053FB284602B070BD00BF9F3E0208DE
:1042A000014B8367704700BFA005002001480AF05A
:1042B00044BC00BFC3B8020807B5074B00930749C9
:1042C00007484FF0FF334FF48052FFF75FF80020AC
:1042D00003B05DF804FB00BFBC7E020880C4002070
:1042E0001041002070B50A4E041F00F11C02002589
:1042F000012056F8041B54F8043FC9435B1845EBF2
:1043000005011B1841F10000A242F2D170BD00BFAF
:104310002C8A0208F8B5064608460D46FFF7E2FF6C
:104320000024DFF838C00246C117C0F1000E204655
:104330005CF8043B55F824702EEA0303DB1940EBCC
:1043400000079B1846F8243004F1010441EB0702F2
:10435000082C4FF00001EBD1F8BD00BF2C8A0208F9
:1043600038B50A460C4628310FF049FE054628307C
:104370000FF052FE04F1500105F150000FF02CFE39
:1043800004F1780105F17800024ABDE8384010F0E8
:1043900003B900BF4C8A02082DE9F0419EB00746E0
:1043A00068460C4610F0AAFB69460AA810F0A6FB66
:1043B0000AA9084610F0A2FB0AAA1046214610F0EE
:1043C000EBF80AAA6946684610F0E6F869466846BE
:1043D00010F094FB6A460AA9684610F0DDF86946B9
:1043E0000AA810F08BFB04250AA9084610F086FBEA
:1043F000013DF9D16A460AA9684610F0CDF8694630
:104400000AA810F07BFB09250AA9084610F076FBE4
:10441000013DF9D10AA908466A4610F0BDF80AA97B
:1044200014A810F06BFB132514A9084610F066FBC6
:10443000013DF9D10AAA104614A910F0ADF80AA955
:10444000084610F05BFB09250AA9084610F056FB48
:10445000013DF9D16A460AA9684610F09DF86946FF
:104460000AA810F04BFB31250AA9084610F046FBBC
:10447000013DF9D10AA908466A4610F08DF80AA94B
:1044800014A810F03BFB632514A9084610F036FB76
:10449000013DF9D10AAA104614A910F07DF80AA925
:1044A000084610F02BFB31250AA9084610F026FB20
:1044B000013DF9D16A460AA9684610F06DF86946CF
:1044C000684610F01BFB6946684610F017FB224651
:1044D0006946684610F060F869460AA810F00EFBBD
:1044E0000AA92246084610F057F814A80FF069FDF3
:1044F00014A9204610F063FF044614A80FF065FDD0
:1045000014A90AA810F05BFF14A9804608460FF012
:104510006CFD0AA810F053FF1449064614A80FF0CA
:1045200064FD01460AA810F04AFF694605460F4A95
:10453000384610F031F846EA050282F00102694679
:1045400038460FF0DFFD2821684610F0B6FE0DEB6F
:10455000010010F0B2FE14A810F0AFFE44EA080407
:1045600044EA06001EB0BDE8F08100BF9C8A020844
:104570002DE9F041C6B0074688466846114601223B
:104580001C460FF00AFE0AA80FF01FFD14A80FF03A
:1045900018FD69461EA80FF01FFD28A80FF015FD95
:1045A000013C00252146404610F076FC2E46464050
:1045B00032461EA905460AA80FF03BFD28A932463F
:1045C00014A80FF036FD0A4632A81EA90FF024FDEC
:1045D0000AA914AA3CA80FF01FFD08460FF00FFD12
:1045E00028AA1EA914A80FF00AFD0AAA32A928A811
:1045F0000FF0D2FF14A93CAA08460FF0CDFF3CA94A
:1046000032A810F07BFA0AA93CA810F077FA14AA95
:1046100028A91EA80FF0F3FC10460FF0FDFC32AAEB
:104620003CA90AA80FF0B8FF3CA932AA08460FF02F
:10463000F3FC14A9084610F061FA254A3CA928A801
:104640000FF0C1FE1EA9084610F058FA32A908461C
:1046500028AA0FF0D4FC14AA694628A80FF09CFFE2
:1046600032AA3CA914A80FF097FF013C9AD22A461F
:104670001EA90AA80FF0DDFC14A82A4628A90FF0ED
:10468000D8FC014610F0B6FE0AA914AA08460FF09D
:1046900083FF0AA9384610F018FE2821684610F05A
:1046A0000CFE0DEB010010F008FE14A810F005FE42
:1046B00032A810F002FE1EA810F0FFFD28A810F08E
:1046C000FCFD3CA810F0F9FD46B0BDE8F08100BF4C
:1046D00042DB01002DE9F04F9DB00C460190002116
:1046E000642203A811F090FD0DF10C08DFF8CCE076
:1046F0004146002604F13C0A251F5EF8047BAC46C7
:104700000846002203685CF8049F4FF0000BE7FBAB
:10471000093B9B184BF10002E24540F8043BF1D104
:104720000136092E0A6401F10401E5D1002120229D
:1047300003A811F069FD03AB00210020D3F84090DD
:10474000DFF87CE09C460646C1F10807DCF8002053
:104750005EF804AB4FF0000BE9FB0A2B921900F155
:1047600001004BF10006B8424CF8042BEED10131A8
:10477000082903F10403E0D11C3401210020D8F8FA
:10478000002055F8043FD2439B1840EB00025B1811
:1047900042F10001AC4248F8043BF0D103A90846BD
:1047A000FFF7B8FD0198082203A90FF0D1FB64219F
:1047B00003A810F082FD1DB0BDE8F08FC87E02088E
:1047C0002C8A02082DE9F041044600F12806012256
:1047D000304604F1500804F178050F460FF0DDFC77
:1047E00040460FF0F2FB3146284610F087F9194A8F
:1047F000294620460FF0D0FE4246294628460FF0B3
:104800000BFC204621460FF0FAFB294622460FF00A
:10481000C3FE21462046FFF7BFFDB8B12246294618
:1048200020460FF0B9FE204610F0FEFDFB7FB0EBF6
:10483000D31F03D1214620460FF0D7FB284632462E
:1048400021460FF0A9FE0020BDE8F0814FF0FF30B7
:10485000FAE700BF748A02082DE9F041E6B004AD22
:104860002E4B2F4ADFF8BC802F4F0446284610F00D
:1048700050FE20A80FF0A9FB2AA80FF0A6FB34A831
:104880000FF09FFB204610F035FB1F23CDE90153AD
:104890000CAA16AB20A92046CDF8008010F096FC9B
:1048A0009F23CDE90153009716AB0CAA20A92046FF
:1048B00010F08CFC1E263EAA2146204610F0D7FBA5
:1048C000CDE9015616AB0CAA20A92046CDF80080F0
:1048D00010F07CFC06F18003CDE90153009716AB84
:1048E0000CAA20A9204610F071FC013EE3D20CA8CE
:1048F000282110F0E2FC3EA8A02110F0DEFC16A852
:10490000282110F0DAFC20A8782110F0D6FC202114
:10491000284610F0D2FC66B0BDE8F08195BA0208D6
:10492000B5BA0208AC820208EC7E02082DE9F04715
:10493000ADF5846D00F12009B8AF0D460446494637
:104940003846904608220FF0F6FA294618A8FFF7D5
:1049500039FF28B14FF0FF300DF5846DBDE8F087C9
:10496000214640A8FFF72EFF0028F3D13846FFF775
:10497000B9FC0028EED190AA18A968A810F077FB1E
:1049800018A93846FFF7ECFC3A4668A990A810F041
:10499000C3FA90A9E0A8FFF7E3FCFC2211464046C9
:1049A00010F07AFA08B9013AF8D101324FF6FF71E6
:1049B000D2B28DF80B20ADF808108DF80A10FC2447
:1049C0002146484610F068FA08B9013CF8D1013494
:1049D000E4B24FF6FF71944218A88DF80F40ADF87D
:1049E0000C108DF80E1038BF144610F083FADFF863
:1049F00010A118A9084668AA10F039FB43462246C0
:104A0000032102A810F086FB4B460646052103A8A9
:104A100010F080FB002E054637DD7610A02202FB49
:104A2000067218A9084610F077FA002D4CDD0EAB7F
:104A30006D107822009302FB05A204AB18A908466A
:104A400010F0C2FA013CD4D240A990A8FFF788FC2C
:104A500018A990AA084610F05FFA18A940AA0846BB
:104A600010F005FB18A940AA084610F000FB18A991
:104A700040AA084610F0FBFA18A968A810F0E5FC57
:104A8000204968A810F010FC66E7CED006EBD67679
:104A90006FF09F0176104E43B9199AA80FF09CFA57
:104AA00006F12801394490A80FF096FA06F150015A
:104AB0003944A4A80FF090FA06F178013944AEA861
:104AC0000FF093FA90AAACE7BCD005EBD5756FF068
:104AD00077036D1005FB03A529469AA80FF07CFA11
:104AE00005F1280190A80FF077FA05F15001A4A86C
:104AF0000FF07BFA0EAB009390AA04AB9EE700BFC9
:104B00006C860208D5BA020810B594B0044601229A
:104B10000AA80FF042FB0AAA0E4968460FF06FFA86
:104B200010460FF079FA114610F064FC0AAA6946A3
:104B300068460FF031FD6946204610F0C6FB28217B
:104B4000684610F0BAFB0DEB010010F0B6FB14B094
:104B500010BD00BFC48A02082DE9F04FA7B003685A
:104B60000E9343680F9383681093C368119303698E
:104B700012934369139383691493C3691593036A6A
:104B80001693436A1793836A1893C36A1993036B46
:104B90001A93436B1B93836B1C93C36B1D9300F1A0
:104BA0003803229300F1B8030C931C9B0B931A9BC0
:104BB00008931B9B0993189B0693199B0793149BBF
:104BC0000593159B0A93129B0393139B0493109BCD
:104BD0000193119B0293DDE90E63DDE916BADFF85C
:104BE0008481DDF874E0009300F138094FEA9A32CD
:104BF0004FEA9A4444EA8B3442EA8B4262404FEADD
:104C0000CA5444EA5B244FEA9B314FEA9B4CD8E9F3
:104C100000754CEA8A3C624041EA8A4159F8084FE3
:104C20004FEACB5381EA0C0143EA5A234B40D9F8AF
:104C300004103C1945EB01051919089B23EA0B07E1
:104C4000099B23EA0A04069B42EB05020BEA0303D5
:104C5000079D7B40CB180AEA05050B9984EA0504F9
:104C600042EB04025B1800994FEA86744FEA16750E
:104C700045EA011544EA91044FEA81774FEA117140
:104C800041EA061147EA960787EA0107009984EA94
:104C900005044FEA466545EAD1154FEA416141EA0C
:104CA000D61184EA050487EA0107039D01994EEBBA
:104CB000020281EA050E0299049D81EA050C009921
:104CC000039D0CEA010C019929400B91029D049966
:104CD0000D400B990EEA060E8EEA010161188CEA6E
:104CE000050547EB0504059DDDF824E013EB050CF5
:104CF0000A9D42EB05055B180399059104990A91F9
:104D000008990B910C9942EB0402494508F10808F7
:104D100040F0898114490C9100210B910B991031BD
:104D20000B910C990D91229905910899209109995F
:104D30002191069908910799099103991E91049967
:104D40001F910199039102990491009902916FF0CA
:104D50000101CDE906BA0196E346AA461E46009235
:104D60000A9103E0D06E0208486F02080A9901F028
:104D70000F04083400EBC40150F8347049684FEA5E
:104D8000D1484FEAC10E48EA47384EEA577EFC0C3C
:104D90004FEAC70988EA0E0EBF0949EA517944EA89
:104DA000413447EA81678EEA911E059984EA090435
:104DB000674051F8084F059149683F194EEB010EC5
:104DC0000599C1E9007E0A99A1F10D0404F00F04D0
:104DD000083400EBC40150F83480D1F804904FEA55
:104DE000590141EAC87123914FEA182141EA09614A
:104DF00024914FEA192141EA086125914FEA5804AC
:104E0000249944EAC97461402491259C23994C401B
:104E100021464FEAD818249C48EA496884EA0804E5
:104E2000E41981EAD911059F4EEB0101C7E9004160
:104E30000A9FA7F1050E0EF00F0E0EF1080E00EB03
:104E4000CE0750F83EE07F6814EB0E0441EB0701FB
:104E5000059F4FEA953EC7E90041AF0C47EA8C3702
:104E60004EEA8C4E8EEA070EEF0547EA5C278EEA83
:104E7000070E089F4FEA9C384FEA9C4949EA85395A
:104E800027EA0C0748EA854888EA090823974FEA89
:104E9000CC59099F49EA552988EA090827EA0509F2
:104EA000069F0CEA070C079F3D40239F87EA0C07EB
:104EB000DDF834C018EB070789EA05054EEB050E4F
:104EC0005CF8085FCDF834C0DCF804C0CDF88CC0C5
:104ED0007F194EEB0C0E3F19209CDDF8108041EB42
:104EE0000E013F19219C4FEA127544EB01014FEA74
:104EF000837E1C0F4FEA827C4EEA920E4CEA930CA2
:104F000044EA021445EA031584EA0E0485EA0C0516
:104F10004FEA436E4FEA426C4EEAD21E4CEAD31C73
:104F200084EA0E0485EA0C05DDF80CE0DDF804C027
:104F30008CEA0E0CDDF808E08EEA080E0CEA030C91
:104F40000EEA020E019B039A1340029A8CEA0303B5
:104F5000E31802EA08021E9C8EEA020245EB0202F6
:104F600017EB040C1F9CCDF87C8041EB0405FB186B
:104F700041EB02020A9901310A9103991E910899A5
:104F80002091099921910A990E295ED10C998031BD
:104F90000C910B9940297FF4C1AE0E99CB180F9953
:104FA00041EB0202C0E90032109B009A02999E195F
:104FB000119B43EB0203C0E90263019A129B9B1809
:104FC000139A42EB0102C0E90432039A149B9B1826
:104FD000159A414642EB0102C0E90632169B179A28
:104FE000079913EB0C0342EB0505C0E90835189B44
:104FF000199A13EB0B0342EB0A02C0E90A32069A34
:105000001A9B9B181B9A42EB0102C0E90C32089ACA
:105010001C9B09999B181D9A42EB0102C0E90E32B4
:1050200027B0BDE8F08F0699089107990991019979
:1050300003910299049100990196CDE906BA029173
:10504000E346AA461E460092D0E5069908910799C4
:105050000991019903910299049100990196CDE972
:1050600006BA0291E346AA461E4600927EE600BFBB
:10507000054B5A78022A04D11878C31F5842584168
:1050800070470020704700BF506300200E4B034064
:10509000B3F1607F06D1B1F5885F0CBF00206FF0DF
:1050A00086007047B3F1707F0BD101F4E043B3F594
:1050B000005F06D111F4E06F14BF00206FF086008E
:1050C00070476FF0860070470000C07F8A42F8B5D5
:1050D00006460D4600F0D2806C4B22F4FF7121F0A1
:1050E0000101994222F0FF070FD003F588539F4238
:1050F0000BD022F47F7121F00301A3F57063994274
:1051000003D003F5A0639F4227D1604B25F4FF71C4
:1051100021F00101994210D05D4925F0FF038B4237
:105120000BD025F47F7020F00300A1F57061884258
:1051300003D001F5A0618B420FD115F0FF000BD019
:10514000544B40F00070984240F09A8082EA05008B
:10515000FF288CBF00200120F8BD05F0FE43B3F10D
:10516000A06F11D102F0FE43B3F1A06F71D182EABA
:10517000050333F47E136CD12C046AD5C5F30540C6
:10518000C2F305429042E4E7B3F1407F61D102F0FF
:10519000FE43B3F1407F5CD182EA050030F47E1417
:1051A00057D131462846FFF771FF002868D13A49A8
:1051B00012F47C1001EA020116D0B1F1607FC2F353
:1051C000054335D1D1B241F0007101F17E4103397F
:1051D000102901D8314C645C15F47C1F2ED19C42FF
:1051E00014BF00200120B7E7B1F1607F0AD1D3B22C
:1051F00043F0007303F17E43033B102B44D828494E
:10520000CB5CDFE7B1F1707F16D106F4E043B3F574
:10521000005F37D1C6F3022101238B4006F4E04141
:10522000B1F5005FD8D1C6F302260124B440D3E71C
:10523000B1F1707FD0D1F1E70346CDE718B9C5F3DE
:105240000541A1421AD0290403D5C5F3054098426F
:105250007FE725F47F03B3F1106F0AD102F0FE431C
:10526000B3F1106F0CD10F48104040F01060A8420D
:10527000B6E70D4B9D4203D1AF42B1E701206BE78A
:10528000002069E70346C9E703469BE700020006E2
:1052900000130006FF0000020000C07FF5BA0208FC
:1052A000F5BA02080000FFF60001000A37B505460E
:1052B0000C46FFF7DDFE78B1002301930A4608484B
:1052C00001AB2946FDF774FB20B9019BA34218BF2F
:1052D0006FF0930003B030BD6FF08800FAE700BFB5
:1052E000546300202DE9F843884617461C4600F019
:1052F000DFFA0546002844D1D8F80060B6F80090DF
:1053000009F4E043B3F5804FB36808BF27F0010705
:1053100037EA03032DD1A4B3244B24F4FF7222F007
:1053200001029A4210D0224A24F0FF0393420BD08C
:1053300024F47F7121F00301A2F57062914203D041
:1053400002F5A06293421FD114F0FF0304D0194A62
:1053500043F0007393421ED0F16822464846FFF79F
:10536000B5FE074668B9316922464846FFF7AEFEEA
:10537000D0B96FF084050023C8F80030304610F033
:1053800012FD2846BDE8F88304F0FE43B3F1407FE8
:1053900004D12304E0D56FF08605ECE7B3F1A06FEC
:1053A000F7D0044B9C42D6E73D46EAE700020006F0
:1053B00000130006FF00000238B500F0FE43B3F111
:1053C000407F04460D4602D06FF0860038BDFFF7DF
:1053D0005DFE0028F8D114F47C1F18D0C4F30543F7
:1053E000032B137022D9224A2240B2F1607F31D1BF
:1053F000E4B244F0007404F17E44033C102CE3D882
:105400001C4A125D9342DFD8202BDFD90EE0184BE7
:105410002340B3F1607F0FD1E3B243F0007303F197
:105420007E43033B102B04D9002313706FF08500DB
:10543000CCE71149CB5CD3E7B3F1707FF4D101F431
:10544000E043B3F5005FEFD1C1F3022101238B40AC
:10545000DBB2C5E7B2F1707FB6D105F4E042B2F538
:10546000005FB1D1C5F302250122AA40CAE700BFFF
:105470000000C07FF5BA0208F5BA02082DE9F04F26
:105480009B468FB001F0FE430024B3F1806FDDE94D
:105490001868DDF8689009940F46924674D10B465F
:1054A0004FF4807209A9FFF71DFF054600286FD150
:1054B000099B1B8803F4E042B2F5005F1CD113F492
:1054C000E06F19D0374927F480728A420AD001F57B
:1054D00000718F4206D034498F4203D0A1F53F417D
:1054E0008A4209D1C3F3022301249C40102C0ED917
:1054F00000266FF0830530E042F20402934202D1AD
:105500002A4B9F420DD02A4B9F420CD10D24A0451F
:1055100040D321460AA8FFF7C9FE054620B1002660
:105520001BE00C24F3E700240998026C00F1200131
:1055300046B33519D0F804C05FEA1C2CA8EB04036D
:1055400023D1CDE905390AABCDE903B50093CDE907
:10555000014A3B4610F077FC0546099810F023FC01
:105560000746DDB9D8B924B122460AA9304610F061
:1055700024FED9F800301C443846C9F800400FB06A
:10558000BDE8F08F3546D5E726466FF08605E4E79F
:105590002646E2E700266FF08905DEE72F46002465
:1055A000EAE700BF0010C00400FF400400018004CF
:1055B0000013C0042DE9F04188B01F460023079373
:1055C00001F0FE43B3F1806F109E0C46904618D058
:1055D0006FF08605079810F0E6FB2F4B1A6800283D
:1055E00014BF014629464A4053085B4252421343C6
:1055F0003268DB1722EA03020846326008B0BDE8D1
:10560000F0810B464FF4007207A9FFF76BFE0546C9
:105610000028DFD10798038803F4E042B2F5005F69
:1056200017D1C3F30222012113F4E06F01FA02F152
:105630000FD01A4D24F48072AA4215D005F50075DA
:10564000AC4211D0164DAC420ED0A5F53F45AA4252
:105650000AD042F20402934202D1124B9C4218D06B
:10566000114B9C4202D10D21B942B1D84368026C62
:105670001B0A00F12001ABD10F9B03930E9B0496F4
:10568000CDE90173CDF80080234610F02AFC0546D1
:10569000A0E70C21E8E700BF806500200010C004EF
:1056A00000FF4004000180040013C00410B5114C39
:1056B0002378580744BF03F0FB032370990705D5EF
:1056C00000F096F8237823F00203237063781BB16F
:1056D000094A002363605360002307486370082170
:1056E00000F034FD2378DA0744BF23F00103237070
:1056F00010BD00BF506300205463002038B5FFF791
:10570000B7FCA0B9124C2378980707D400F068F8CA
:10571000237843F0020323700546A8B9D9076278BD
:105720005CBF43F00103237022B15A0708D500255E
:10573000284638BD074962604A6002226270F4E779
:1057400043F004032370F2E7FFF7B0FFF0E700BF78
:10575000506300205463002000F14042072A30B516
:105760000CD81E4B442404FB02331A7E022A02D1B9
:105770005A69824226D06FF08B001CE0421E6FF007
:1057800040439A420ED2154A00241346157E022D3C
:1057900002D15569854212D00134082C02F144022D
:1057A000F4D1E8E700F1004303F58033B3F5704F1F
:1057B000E9D36FF0870030BD6FF09600FBE744221D
:1057C00002FB04331A7E022AF6D1DA69501CF3D0A8
:1057D0000132DA6100200B60EDE700BF5C6300205E
:1057E000024B012283F82022002070475C630020D6
:1057F0002DE9F0410A4C002526464FF00108032709
:10580000C4F81C8027762046013510F091F9082D48
:1058100004F14404F4D1002386F82032BDE8F0817D
:105820005C630020F8B5214D95F8203206460F46FE
:10583000002B35D000242B462246197EF9B13CB905
:10584000022905D1D96919B91979002918BF1C464F
:105850000132082A03F14403EFD114B96FF08C0030
:105860000BE0237E022B04D1E3695A1C1CBF0133D9
:10587000E361204610F05CF910B100240EE01C46F4
:10588000237E83B9012323763EB1651BAD1003F15E
:10589000F0335D4305F18045356000203C60F8BD84
:1058A0006FF08800E9E76FF09600E6E75C630020A0
:1058B00038B5094B00250D6093F8203243B1FFF74E
:1058C0004BFF10F18C0F02D10D606FF0870038BDD7
:1058D0006FF08800FBE700BF5C63002010B500F0AC
:1058E000FE44B4F1A06F0FD0B4F1806F0FD1094C1A
:1058F000A04209D10120B1F5105F107004D10BB1A5
:1059000002221A70002010BD6FF08500FBE7024CE8
:10591000EEE700BF004440040002C0032DE9F04759
:10592000054600F108071C46894638460E889DF951
:1059300020A0904610F017FC2C60B9F80290314678
:1059400000234A46204610F037FA014600284DD081
:10595000384600F03DFC00283CD153464A464146BB
:10596000384600F055FCA8BB04F0FF42B2F1906F3E
:1059700006F4E04332D0B3F5005F0DD0687142F217
:1059800004039E4202D11B4B9C422DD01A4B9C42D9
:105990000CBF0D2400241CE0C6F302220123934017
:1059A0006B7116F4E06FEAD0144A24F480739342CA
:1059B0000AD002F50072944206D0114A944203D0F4
:1059C000A2F53F429342DAD1C6F302260124B44045
:1059D000E4B22C71BDE8F04710F008B80122B3F52D
:1059E000005F6A71CBD1DCE70C24F2E76FF0850031
:1059F000BDE8F087000180040013C0040010C0045B
:105A000000FF40042DE9F04F144602689B4602F067
:105A1000FF4385B0B3F1906FDDE90E7805460E4681
:105A200000F083804179436A2344B3FBF1F34B4395
:105A3000BB427CD83F4B9A4261D182680023002A46
:105A400045D0177907F01F070393C8F80030002CE2
:105A500039D0686A05F1080930B3A7EB000AA245FE
:105A600028BFA246093031465246484410F0A5FBF3
:105A70006B6A53449F42A4EB0A0456446B6213D1F1
:105A800003AB00933A465B4605F11101484600F02E
:105A900011FC0FF0ABFFB8B9D8F80030039A1344EB
:105AA000C8F80030934468620DF10C0AA74210D97F
:105AB0004CB1686A093022463146484410F07DFBFB
:105AC0006B6A23446B62002005B0BDE8F08F1F466F
:105AD000BAE75B463A463146CDF800A0484600F0AA
:105AE000E9FB0FF083FF0028EED1039AD8F80030CD
:105AF0001344E41B3E449344C8F80030D6E714B97D
:105B0000C8F80040DFE75B4622463146CDF800800A
:105B100005F1080000F0CEFB0FF068FFD8F8003068
:105B2000BB4288BF6FF09600CEE7BC42E7D96FF06A
:105B30008900C9E700444004F0B5044687B00F4629
:105B400016460021102202A81D46019110F05CFBB0
:105B5000636A2BB12368284A23F48063934248D0B8
:105B600001AB2A4602A904F1080000F0E3FB0FF0A4
:105B70003DFF0446002835D1102E344628BF10249E
:105B800026B1224602A9384610F017FB1B492D68A2
:105B90000B680868634045400C6883EA050284EAA4
:105BA000D27460084042644220430C680A68096865
:105BB00084EAE0745B1B23EA040305EAE070034314
:105BC00082EAD37253085B4252421343019CDA17B4
:105BD00081EAE37324EA030404F0960402F08A03E2
:105BE0001C43644202A8102100F0B0FA204607B01E
:105BF000F0BD6FF08604F5E70040400480650020AA
:105C000010B5036804462BB1054A934205D1043010
:105C100010F01AFA0020206010BD6FF08800FBE73A
:105C200009000002F8B5076805460C4607BB124B91
:105C3000994213D1061D304610F002FA304639461B
:105C400000F04AFA064628B92C603046BDE8F84014
:105C50000FF0CCBE2846FFF7D3FFF6E701F0FE4475
:105C6000B4F1007F14BF6FF086006FF08500F8BDBF
:105C70006FF08800FBE700BF0900000210B5074B7A
:105C800004689C4206D1043010F0E3F9BDE81040EE
:105C90000FF0ACBE6FF0880010BD00BF090000021D
:105CA0002DE9F041047844F0007404F17E44033C93
:105CB000102C1F4698BF124B3A6098BF1C5D0646D9
:105CC0008846154688BF00241AB12121404610F0AD
:105CD0009BFAAC420DD832680A4B9A420CD141462D
:105CE000301D10F0F6F90FF081FE00B93C60BDE800
:105CF000F0816FF08900FAE76FF08800F7E700BFE6
:105D000006BB0208090000022DE9F047294B1646A0
:105D100002681340B3F1607F8AB080460D4645D1DA
:105D2000D0F804A05FFA8AF343F0007303F17E43D6
:105D3000033B0022102B019298BF1F4A00F1080775
:105D400094BF12F80390914601AB202202A9384675
:105D50000FF0E0FF044628BB514638460FF0A2FF83
:105D60000446D8B94A4608F1780138460FF0BBFF1F
:105D7000044698B9019A02A938460FF0B4FF0446C8
:105D800060B901AB202202A938460FF0C3FF0446D8
:105D900020B9324602A9284610F00FFA019902A84C
:105DA00000F0D4F920460AB0BDE8F0876FF088040F
:105DB000F8E700BF0000C07F17BB020838B50268D3
:105DC000044672B10B4B1340B3F1607F0BD14021FD
:105DD000783000F0BBF904F108000FF054FF002305
:105DE0002360002038BDB822002110F00DFA6FF0BA
:105DF0008800F7E70000C07F2DE9F043D0F800806D
:105E000095B00446B8F1000F40F0A280524D0360F7
:105E10001D40B5F1607F0DD1DBB243F0007606F195
:105E20007E43033B102B03920ED94660002A49D1D2
:105E300017464EE0B822414610F0E6F96FF08505AE
:105E4000284615B0BDE8F083102B20D8DFE803F01A
:105E50002525251F1F2525091D1B191F1F17151374
:105E600011003E4B63606FF085052046FFF7A6FFEB
:105E7000E6E73B4BF6E73B4BF4E73B4BF2E73B4BAC
:105E8000F0E73B4BEEE73B4BECE73B4BEAE73B48AD
:105E90006660C35C002BC9D0E5E7402A666013D971
:105EA000402703AB019340230093304604AB0FF02F
:105EB00048FF054668B1402104A800F047F9002DCD
:105EC000BED0D2E70027ECE712B104A810F075F9B4
:105ED00040270DF11009039D4B46A84529D1BD422D
:105EE00006D2C5F14002362109EB050010F08CF90D
:105EF00005F1770204F1770322449A4221D1BD4291
:105F000007D204F17800C5F140025C21284410F06A
:105F10007BF904F10808314640460FF0C3FE054600
:105F20000028C8D13A4604A940460FF0DCFE0546D9
:105F3000C1E71A7882F0360203F8012B08F1010854
:105F4000CBE719F8011B81F06A0103F8011FD4E7C0
:105F50006FF0880574E700BF0000C07F0A000002F0
:105F600013000002120000021100000210000002E3
:105F70000D0000020C0000020B00000228BB02080A
:105F800010B4046844B1064B2340B3F1607F03D1E1
:105F900010BC08300FF0A7BE6FF0880010BC70472F
:105FA0000000C07F2DE9F04FCFB00446039100F10F
:105FB000480346AD00F16806186859682A4603C2CE
:105FC0000833B3421546F7D104AAD2E94483D2E993
:105FD0004797D2E942160193D2F824B13D4BD2F84B
:105FE000185102934FF0000CBCF10F0F5AD8039BCD
:105FF00053F82C301BBA4FEAF52E87EA0900DDF87A
:1060000008A093608EEAB51E28408EEA756E78402F
:1060100070445AF804EBCDF808A0704403444FEAEA
:10602000713E46EA010006EA010A8EEAB10E00EA74
:10603000080040EA0A008EEAB15EDDF804A0CDF85F
:1060400004800CF1010C5B448644BCF1400F9A447F
:1060500002F104027344BB461DD104A8C0E948976D
:10606000C0E946A5C0E94468C0E94231C0E9003E44
:1060700045A904F14403643453F8042F51F8045F34
:106080009C422A441A60F7D14FF4947100F05EF8F4
:106090004FB0BDE8F08FB0464F460E46A9461946B0
:1060A0005546A1E7136852F834AC52F8380C4FEA61
:1060B000F34E8EEA734E8EEA932E52F8143C03444C
:1060C0004FEABA4080EAFA10734480EADA000344E7
:1060D00091E700BFEC8A020803460846C1B9C3E94C
:1060E00010110D4A0D49DFF838C0C3E912120D4AEC
:1060F0000D49C3E914C20D4AC3E916120C4A1A66C7
:1061000002F17452A2F52302A2F692425A66704737
:106110006FF08600704700BF85AE67BB67E6096A0F
:1061200072F36E3C3AF54FA57F520E518C68059B79
:10613000ABD9831F014B1B68184700BFF404002034
:10614000014B1B68184700BFF004002010B50A4639
:10615000044619B1024B00211B68984710BD00BFCF
:10616000EC8B0208F0B50C4B0C4E0446586800B995
:10617000F0BDC579C5F3840556F825502D78A542A4
:1061800008D1457905F00F07B1EB871F02D1B2EBBB
:10619000151FEDD00833E9E7F48B0208F08B0208F5
:1061A00010B5044680B1406B40B12368074ADB79E3
:1061B000C3F3840352F823305B69984720463821A3
:1061C000BDE81040FFF7C2BF10BD00BFF08B020852
:1061D00038B505460C46A9B13822002110F014F854
:1061E000E3790A4AC3F3840352F823301B6913B9D5
:1061F0002C60002038BD984768630028F8D16FF004
:106200008C00F7E76FF08600F4E700BFF08B020820
:1062100070B4DCB2012C25D804681CB3E57905F014
:106220000305012D05D8657905F00F05B2EB851F33
:1062300018D142600372E5790C4E406BC5F38405BA
:10624000012B56F8255008D0637903F0F004302C68
:1062500003D003F0E003402B02D1AB6870BC1847B9
:10626000EB68FBE76FF0860070BC7047F08B0208AC
:1062700038B5036805461446BBB1102A13D8DA793D
:10628000D20707D41B795B09B4EB830F4FEA830273
:106290000BD314462CB1224605F120000FF08DFFE0
:1062A0002C63002038BD0248FCE76FF08600F9E758
:1062B000809FFFFFF0B40468049F1CB96FF0860054
:1062C000F0BC704700243C6006683EB3347914F09B
:1062D0001F0423D0767906F0F006102E11D1A242C9
:1062E0001ED13A6002680F4CD279C2F3840254F88E
:1062F000222054680A46A44690F90810406BF0BC6E
:106300006047994208D1C369002BD7D1B2FBF4F39F
:1063100004FB1322002AD1D10348D1E70348CFE779
:106320000348CDE7F08B0208809FFFFF809CFFFFB2
:10633000809DFFFF10B50146006808B30020106083
:1063400018600A68537903F0B004302C17D003F0BA
:10635000E004402C13D003F0F003602B0FD0902BFF
:106360000DD0A02B0BD09279463A012A07D9102BD9
:1063700009D1CB698342A0F5C54008BF002010BDFC
:106380006FF08600FBE70148F9E700BF809FFFFF41
:10639000C02AF0B544D0B2F5807F43D0802A40F0C7
:1063A000BA800A23036003460024520943F8044FCD
:1063B00001EB820251F8044B43F8044F8A42F9D1B1
:1063C00003680C2B30D00E2B5ED00A2B26D1534DF8
:1063D000534900F1A006426955F8044B8768C2F39F
:1063E00007237C40CB5C6340140E10300C5D83EAC5
:1063F0000443D4B20C5D83EA0463C2F307440C5D2A
:1064000083EA042350F8044C836063400468C3604B
:1064100063405A40036142618642DCD10020F0BDF6
:106420000C23BFE70E23BDE73C4C3D4900F1C005FE
:10643000C26954F8046B8768C2F307237E40CB5CC3
:106440007340160E18308E5D83EA0643D6B28E5D19
:1064500083EA0663C2F307468E5D83EA062350F89B
:106460000C6C8360734050F8086CC360734050F844
:10647000046C036173400668436173405A40836152
:10648000C2618542D4D1C9E7244D254900F1E00617
:10649000446A55F8042B8768C4F307237A40CB5C21
:1064A00087695340220E20308A5C83EA0243E2B2BD
:1064B0008A5C83EA0263C4F307428A5C83EA0223AC
:1064C00050F8142C8360534050F8102CC360534094
:1064D00050F80C2C03615340DAB243618A5C7A4075
:1064E0001F0ECF5D82EA0762C3F30727C3F307439A
:1064F000CF5DCB5C82EA072282EA034350F8042C8A
:10650000836153400268C36153405C40036244624C
:106510008642BDD182E76FF01F0080E7448C0208FD
:1065200039BC02082DE9F04FC9B002AD0446284637
:106530000E4617460FF036FE0023314663603A469A
:106540002846FFF725FF0646002835D1029F039B0A
:106550003448DFF8D4C0276004A903EB870301EBBC
:10656000830251F82330A3605368E360936823618A
:10657000D368636104F1180E103A7B1E9846714689
:106580009146B8F1000F20DC002F4FEA0313C8BF7B
:106590001C46C3F10003D8BF002302EB0300D8BFA1
:1065A00000240EEB0401D3584EF8043043684B60CE
:1065B00083688B60C368CB6002A84FF48C71FFF7CF
:1065C000C5FD304649B0BDE8F08F01F11004A9F1D6
:1065D000040B01945BF8044F250E1CF8055050F88D
:1065E00025A0E5B21CF8055050F8255085EA3A2A56
:1065F000C4F30725C4F307441CF805501CF80440F5
:1066000050F8255050F824408AEA356585EA34452B
:1066100041F8045B019CA142DCD108F1FF38A9F1EB
:106620001009AEE76C8C020839BC02082DE9F04F66
:10663000012993B08C469E4600F274834368176824
:1066400056689568D46850F8082B4FEA620899009C
:1066500008F1FF38BCF1000F40F0BC81421850F83F
:10666000233087EA030A53687340029393686B40B0
:106670000393D3686340DDE9020404931E46D34BC1
:106680003032554652E9069BCDF814B052F810BC92
:10669000CDF818B052F80CBCCDF81CB052E9081770
:1066A00052F808BCCDF820B0B8F1000F52F804BC85
:1066B000CDF824B002F1200200F3CA80BCF1000F33
:1066C00003D1DDE90204049E55465FFA85FC020E03
:1066D00053F82CC053F8222081EA0C0181EA3221C0
:1066E000C6F307225FFA80FC53F8222053F82CC02F
:1066F00081EA3261C4F3074287EA0C0753F822208B
:1067000081EA3241220E5FFA84FC53F8222053F8CA
:106710002CC00E9187EA3227C5F3072289EA0C09BB
:1067200053F8222087EA3267C6F30742C4F30724EE
:1067300053F8222053F8244087EA3247320EF6B24B
:1067400053F8222053F826600F9789EA3229C0F3C4
:106750000722C0F3074053F8222053F8200089EAAB
:106760003269C5F307422D0E53F8222053F8255005
:10677000974B89EA3248059ACDF84080724082EA08
:10678000352585EA346484EA30403C0E069A1D5D66
:106790001190CCB21C5D544084EA0564C0F3072517
:1067A000079A5D5D84EA0524C8F307455D5D84EAC8
:1067B00005444FEA18650A945E5DFDB25D5D554083
:1067C00085EA0665C1F307269E5D85EA0625C0F3C6
:1067D00007469E5D85EA0645060E0B9513F806C032
:1067E000089ACEF800405FFA88F6C0B29E5D564027
:1067F00086EA0C66C7F3072C099A13F80CC086EAE0
:106800000C26C1F3074C090E13F80CC086EA0C469F
:1068100013F801C0195C0C965140C8F30722C7F366
:1068200007479A5CDB5D81EA0C6181EA022282EA19
:1068300003430D930AA8CEF80450CEF80860CEF8B2
:106840000C302021FFF782FC002013B0BDE8F08F50
:106850004FEA106C08F1FF3853F82CB05FFA85FC52
:1068600053F82CC081EA0C0CC6F307218CEA3B2CB0
:1068700053F821108CEA316CC4F3074153F821100E
:106880008CEA314C210E53F821B0C1B253F82110DB
:106890007940C5F3072781EA3B2153F8277081EA45
:1068A0003761C6F3074753F8277081EA3741370E3F
:1068B000F6B253F827B00191E7B253F8266053F8C7
:1068C0002770059989EA0707C0F3072987EA3B275C
:1068D00053F8299087EA3969C5F307472D0EC4F3A9
:1068E000072453F8255053F8244053F82770C0F379
:1068F0000740714053F8200081EA3526019986EA65
:1069000034665FFA8CF486EA3046080E53F8245059
:10691000069953F82000694081EA3025C6F3072024
:1069200089EA374753F82000079985EA3065C7F3AD
:10693000074053F8200085EA3045380E53F82040D0
:106940009DF8040053F82000414081EA3420CCF344
:10695000072453F8244080EA3460C6F3074453F810
:10696000244080EA3440340EF6B253F82490FCB24E
:10697000C7F3072753F82440089953F8266053F8C3
:106980002770614081EA39240199C1F307290999E7
:1069900053F8299084EA3964CCF307494FEA1C6C18
:1069A000714053F82CC053F8299081EA3C26019994
:1069B000C1F3074186EA376653F8211084EA394467
:1069C00086EA31464FF0010C5CE600BF6C8C020891
:1069D00039BB020850F82330D44A01447B4002936B
:1069E0004B68734003938B686B400493CB68DDE97D
:1069F00003056340029C059330311E464FF0000CA6
:106A000051F810BCCDF818B051F80CBCCDF81CB042
:106A100051E9083751F808BCCDF820B051E906A972
:106A2000B8F1000F51F804BCCDF824B001F12001F9
:106A300000F3BA80BCF1000F03D1DDE90305059E28
:106A4000029C5FFA84FC310E52F82CC052F82110DF
:106A500083EA0C0383EA3123C0F307215FFA80FC49
:106A600052F8211052F82CC083EA3163C5F3074174
:106A700087EA0C0752F8211083EA3143210E0E9366
:106A800052F8211087EA3127C5F3072152F8211067
:106A900087EA3167C6F3074152F8211087EA314788
:106AA000E9B22D0E52F8211052F825500F978AEABC
:106AB000010C010EC0F3074052F8211052F82000DB
:106AC0008CEA312CC6F30721F6B252F8211052F8A5
:106AD00026608CEA316CC4F30741C4F3072489EAC9
:106AE000060652F8244052F82110914A86EA3525CC
:106AF00085EA346484EA3040040E069E155D1190E8
:106B0000DCB28CEA3141145D1091744084EA056472
:106B1000C7F30725555D84EA0524C1F30745555D94
:106B200084EA05481D0E079C565DCDF82880FDB20D
:106B3000555D654085EA0665C1F30726965D85EAE1
:106B40000625C0F30746965D85EA06453E0E0B9581
:106B500012F806C0089CCEF80080CEB2090E965DF1
:106B6000664086EA0C66C0F3072CC0B212F80CC06F
:106B700086EA0C26C3F3074CC3F3072312F80CC0B4
:106B8000D35C86EA0C4612F801C0115C09980C9699
:106B9000C7F307474140D25D81EA0C6181EA0323D4
:106BA00083EA02430D9345E64FEA166C08F1FF387D
:106BB00052F82CB05FFA84FC52F82CC083EA0C0C1B
:106BC000C0F307238CEA3B2C52F823308CEA336C59
:106BD000C5F3074352F823308CEA334CC3B252F862
:106BE00023305F40230E52F8233087EA3327C5F362
:106BF000072352F8233087EA3367C6F3074352F876
:106C0000233087EA33430193030EC0F3074052F861
:106C100023B052F82000079FEBB22D0E52F823301C
:106C200052F825508AEA0303C6F3072AF6B252F84F
:106C30002AA052F8266083EA3B2383EA3A6AC4F327
:106C40000743C4F3072489EA060652F8244052F8A1
:106C5000233086EA352686EA346686EA30465FFACD
:106C60008CF08AEA334352F820400698604004468C
:106C7000300E52F8200084EA30240198C0F3072037
:106C800052F8200084EA3064C3F3074052F8200031
:106C900084EA30444FEA1C6052F820509DF804000A
:106CA00052F82000474087EA3520C3F3072552F801
:106CB000255080EA3560C6F3074552F8255080EA32
:106CC0003540019D2D0E52F82590DDB21B0E52F875
:106CD0002550089F52F823306F4087EA3925C6F3C4
:106CE0000729F6B252F8299052F82660099F85EAE2
:106CF0003965CCF30749CCF3072C774087EA332674
:106D000052F82C3052F8299086EA3366019BC3F37F
:106D1000074785EA394552F827304FF0010C86EADB
:106D200033466DE66FF086008FE500BF6C90020879
:106D300039BC020800B50346F6F796F903495DF839
:106D400004EB0144184600F003B800BF1000000037
:106D5000F8B5504A0D460023D0E90001EAF7DAF908
:106D6000002AAEBF4C4B4D4B02F5A8320446B8BFCB
:106D700002F5C072E41841F100064FF46161B2FB04
:106D8000F1F301FB13223C21E01CAB60B2FBF1F3F9
:106D900001FB13226B602A6046F1000107220023E9
:106DA000EAF7B8F9002A55DA0732AA613C483D4AA9
:106DB00020184FF0000366F10001EAF7ABF9394BF8
:106DC00003FB104448F6AC61B4FBF1F1214440F2FE
:106DD000B457B4FBF7F3C91A334BB4FBF3F3C91A36
:106DE00048F69463B1FBF3F3234440F26D16B1FB14
:106DF000F6F2B1FBF7F15B1A06FB1233992103EBB4
:106E0000830402345E1CB4FBF1F7794302314FF086
:106E1000050CB1FBFCF1761A40F2F9518C428CBFA3
:106E20006FF0090102214FF4C874394404FB0020BB
:106E3000012998BF0130B3F5997F13D3A3F5997356
:106E4000EB61A0F26C700023C5E90410EE602B62C8
:106E50002846F8BD002EAA61A8DB124A002320466E
:106E60003146AAE7970710D14FF0640C92FBFCF76C
:106E70000CFB17275FB992FBF4F704FB1722B2FA59
:106E800082F252093B331344DAE70022FAE7012287
:106E9000F8E700BF805101006CFA0A006BFA0A00A3
:106EA00050C5FDFFB13A0200B03A02000CB430B553
:106EB0008BB004460D462022002102A80FF0A4F951
:106EC00002238DF80A30002D0C4B0393069412DB3D
:106ED00001D06B1E1C440FAA0E99079402A80192C0
:106EE00000F0C2FC15B1069B00221A700BB0BDE881
:106EF000304002B070470024EDE700BFEB680208A5
:106F00000EB470B58BB00FAD044655F8046B20225B
:106F1000002102A80FF078F902238DF80A302A46E2
:106F2000084B0393314602A80694019500F09CFC9F
:106F30000028A4BF002323540BB0BDE8704003B069
:106F4000704700BFEB6802082DE9F84F814688467C
:106F5000002319F80300202803F1010200F08F81BB
:106F6000A0F10901042940F28A812B28144631D06E
:106F70002D2834D0042540F02003692B31D06E2B0E
:106F80005FD000224FF00A0A964617461346114674
:106F900015F4006C6AD040F02006A6F1610BBBF13D
:106FA000050F63D8573EF6B2564564D340F0200033
:106FB000782805F0800640F0A480002E52D053EAD5
:106FC000010640F0A08045F4006C1FFA8CFC4FF0E5
:106FD000100A84E0042519F802009C1CCBE7442524
:106FE000F9E7A84BA84F002613F8011B51B119F877
:106FF000042042F020028A4204F1010025D0A34A75
:1070000093422FD1304639460FF082FB50B119F828
:107010000430282B06D1013419F80430292B04F14F
:10702000010414D16B0602D507F100431F46B8F1E5
:10703000000F02D04C44C8F8004030463946BDE845
:10704000F88F934B934F0026CEE70446CCE723F00E
:107050002002413A192ADFD9A3F13002092ADBD9EB
:107060005F2BD9D0002600270024E0E7A0F13006EE
:10707000F6B256453AD245F0800C15F480701FFAEE
:107080008CFC24D1BAF10A0F14BF4FF00F0B4FF054
:10709000100BDE450EDCA80526D4AAFB0335F31839
:1070A0000AFB015545F1000153EA010017D00EF12A
:1070B000010E14E045F4C07CBAF10A0F1FFA8CFCF3
:1070C00005D1042E03D9052E08BF06460227002E3F
:1070D00018BF47F001071CF4007F00D1013219F8F6
:1070E00004006546013453E7013AD6E7FE2E7FF4EB
:1070F0005DAFAE053FF55AAF45F4007C1FFA8CFC3E
:10710000EDE7002EAED0BCF1000F70D092007026DB
:10711000864219D119F804002B2804F1010604D085
:107120002D2866D145F48065ADB219F806C0A61CBD
:1071300004466046A0F1300CBCF1090F5CD9013463
:107140000CBF06F1FF34B41E53EA010004F1FF3412
:1071500000F09280280575D53632B1F5800F64D3E2
:107160004D48B1F5000F64D2824262DB3B4303F02D
:107170000306032E084603D003F00606062E09D1A7
:10718000043341F10000B0F5000F22BF01320123AA
:107190004FF48000B2F5806F6BDAB0F5800F4FEAE4
:1071A000900126BF21F4801102F2FF3200229B08D9
:1071B00043EA807341EA0257184639461E4601F0F9
:1071C00087FC0138022804D8F5F74EFF334B222202
:1071D0001A503046394601F07BFC013802283FF650
:1071E00021AFF5F741FF2D4B22221A501AE76526F1
:1071F0008EE74FF0FF349DE7002440F2D34A4FF072
:107200000A0B5445DCBF30380BFB040419F80600A8
:10721000A0F1300CBCF1090F06F10106F1D96805A7
:1072200048BF6442224434468EE7DB184941013AA4
:1072300093E75E0846EAC17603F001033343490849
:1072400001328EE796441EF5A27F0FDDBEF59B7FCF
:107250000FDA03F00100384301308008181841F1BB
:10726000000100F0ABFF06460F46B2E700260027FC
:10727000AFE7054F0026ACE700260027D2E613460D
:1072800067E600BF3CBD02080000F07F3FBD02087A
:1072900039BD02080000F87F02FCFFFF0C0000006F
:1072A0002DE9F047002380460F4618F803C0BCF1D3
:1072B000200F03F1010200F06081ACF10901042903
:1072C00040F25B81BCF12B0F144630D0BCF12D0F86
:1072D00032D000264CF02003692B2FD06E2B57D0D4
:1072E00000214FF00A098E460B460D4616F4006049
:1072F00061D04CF02002A2F1610ABAF1050F5AD810
:10730000573AD2B24A455BD34CF0200CBCF1780F0F
:1073100006F0800240F08F80002A49D0002D40F016
:107320008C8046F4006080B24FF0100972E00026B5
:1073300018F802C09C1CCDE74026F9E7904B4FF0AF
:10734000FF4513F8011B51B118F8042042F0200248
:107350008A4204F101001ED08A4A934228D128466D
:107360000FF0E3F950B118F80430282B06D101349E
:1073700018F80430292B04F101040ED1730601D54D
:1073800005F100450FB144443C602846BDE8F08754
:107390007D4B7E4DD5E70446D3E723F02002413AEA
:1073A000192AE5D9A3F13002092AE1D95F2BDFD0F0
:1073B00000250024E6E7ACF13002D2B24A4530D2D3
:1073C00046F0800016F4807C80B21CD1B9F10A0F1F
:1073D00014BF4FF0070A4FF0080AD64507DCB60580
:1073E0001DD405FB0925ADB10EF1010E12E046F4E6
:1073F000C070B9F10A0F80B205D1042A03D9052A59
:1074000008BF62460223002A18BF43F00103860525
:1074100000D4013118F804C00646013466E701398A
:10742000DFE7FE2A7FF470AFB2053FF56DAF46F49B
:10743000007080B2EEE7002ABAD0002860D0890040
:107440007022624519D118F804202B2A04F101009A
:1074500004D02D2A56D146F48066B6B218F800C082
:10746000A01C14466246A2F1300CBCF1090F4CD9A5
:1074700001340CBF00F1FF34841E013C002D7AD092
:10748000320562D51931B5F1007F55D3B5F1806F62
:1074900055D211F17E0F52DB2B4303F00302032A76
:1074A00003D003F00602062A05D10433B3F1806F3E
:1074B00024BF5B0801317F295ADCB3F1007F4FEA1A
:1074C000930526BF7F3125F40005002145EAC1550B
:1074D000284601F01DFB0138022804D8F5F7C4FD49
:1074E0002B4B22221A50284601F012FB01380228A9
:1074F0003FF644AFF5F7B8FD254B22221A503DE781
:1075000065229EE74FF0FF34ADE700244FF00A09F3
:10751000DF2CDCBF303A09FB042418F80020A2F16C
:10752000300CBCF1090F00F10100F1D9720548BF20
:10753000644221440446A0E76D000139A3E705F049
:10754000010242EA55050131A0E78E441EF12D0FDC
:107550000CDBBEF1270F0BDC05F0010018430130F6
:1075600005EB90000EF026FF0546BCE70025BAE7C4
:107570004FF0FF45B7E7002500E7134695E600BF4B
:1075800047BD02084ABD020844BD02080000C07F92
:107590000C000000242A2DE9F041054601D8012AFB
:1075A0000AD1F5F761FD344B16221A5001B10D6076
:1075B0000020BDE8F0813046064616F8014B202C2D
:1075C000F9D0A4F10907042F2346F4D92B2C32D08B
:1075D0002D2C33D14FF0010C3378861C302B34D155
:1075E000307840F0200078282BD132F0100028D1DC
:1075F00073783546102202360CF10047013F002017
:10760000B7FBF2FE02FB1E78392B82BF03F1FF337A
:1076100043F02003263B303B9A421DD9704502D8E7
:1076200017D1984515D24CF0020C3446354614F863
:10763000013B2646E8E74FF0000CCDE74FF0000C89
:10764000CCE7002A08BF0822D6E7002A08BF0A2292
:10765000D2E700FB0230E8E701B10D601CF0010F3A
:1076600018BF40421CF0020FA3D0F5F7FDFC024BFF
:1076700022221A5038469CE70C000000242AF0B55C
:10768000044601D8012A40D1F5F7EEFC2D4B162215
:107690001A5001B10C600020F0BD2F463D4615F890
:1076A000010B2028F9D0A0F10906042E0346F4D9D5
:1076B0002B282CD02D282CD101262B78BD1C302B2B
:1076C0002DD1287840F02000782824D132F0100005
:1076D00021D16B782C46102202350020392B82BF35
:1076E00003F1FF3343F02003263B303B9A421AD983
:1076F000A0FB02040CB9C01801D346F002062F46C5
:107700002C4617F8013B3D46E8E70746C6E700264A
:10771000D3E70026D3E7002A08BF0822DDE7002AC6
:1077200008BF0A22D9E701B10C60F20748BF404206
:10773000B307B1D5F5F798FC024B22221A504FF04F
:10774000FF30A9E70C0000002DE9F0410126B2420C
:1077500001DCBDE8F08107463B461F4613F8014BAC
:10776000002CF6D0252CF8D11D78252D07F1020725
:10777000F2D00023DFF8EC809C461C461F2C27D853
:10778000A5F1200EBEF1100F06D828FA0EFE1EF04D
:10779000010F53D12E2D3CD02E2D27D8242D33D0A0
:1077A0002A2D36D0BCF1000FD3D0B445D4D145F04A
:1077B0002007A7F1650CBCF1020F0B6801D9612FFE
:1077C00042D1073323F0070308330B600136BEE7CD
:1077D0007F2CDFD96C2D23D01DD8682D27D06A2DA2
:1077E00001D04C2DDED144F4207408E0A5F1300E18
:1077F000BEF1090FEED80A2404FB03E3202417F896
:10780000015B002DBAD1CDE7BCF1000F18D0B34217
:1078100018D00023F3E7742DF1D07A2DEFD0C1E713
:10782000250648BF44F4007444F08004E7E7E5050A
:1078300048BF44F4007444F48074E0E70024DEE7B9
:107840009C46E6E76325B2E7692D02D007D8632D91
:1078500003D0250601D5A405B3D40433B5E7732DB1
:10786000F6E700BF892801002DE9F04F8378D0F8B2
:10787000049093B09C07CDE90812804615D50B9271
:107880000B460025187890B1252814D001330693B3
:107890004146C847002805F1010580F2F88398F8B1
:1078A000023043F0040388F802304FF0FF352846D9
:1078B00013B0BDE8F08F93F801A09A1CBAF1250F20
:1078C0000692E5D04FF0000B5E465F465C461F2CEB
:1078D00023D8AAF12003102B22D8DFE803F01521CA
:1078E000211B2121210B21212113211821210900F4
:1078F00044F00104069B13F801AB0693BAF1000FA4
:10790000E5D11BE044F0020444F00404F2E744F043
:107910000804EFE744F01004ECE77F2C00F2F68057
:10792000BAF12E0F00F0D38000F2AC80BAF1240F30
:1079300000F0D380BAF12A0F00F0B480BBF1000F41
:1079400006D0099B08980B935A460BA9FFF7FCFE3B
:10795000002E4AF02003B8BF24F040040493A3F1A2
:107960006503BCBFA4B20026022B04D94AF0200351
:10797000612B40F08C826FEA0A0A0AF02003079319
:107980000B9B073323F0070303F108020B92049AC1
:10799000612AD3E9000104F0400340F0E480002BA9
:1079A00008BF4FF0FF36079B00930CAA33460EF03A
:1079B00016FF0130C3B2B3420393A8BF03F1FF36F1
:1079C0004FF0010C7023CDE9043CDDF830A044F405
:1079D000C0540AF10903122B0DD90AF16303C62B17
:1079E00040F2F3800AF2E73340F2CE7293428CBF4A
:1079F0000423032305939DF83430D80700F1E78072
:107A0000A20700F1E780C4F3800B4FEA4B1B5FFA3B
:107A10008BFB13F00C0F00F0E980BBF1000F0CBFE3
:107A200003230423BB420EDA2007A7EB03070BD482
:107A30002F4441462020C847002805F10105FFF6E4
:107A40002EAFBD42F5D10027BBF1000F07D0414654
:107A50005846C847002805F10105FFF620AF9DF8FC
:107A60003430AE4C13F0080FAD4B08BF1C46264611
:107A7000324616F8010B002840F0AF802C1B02EBB9
:107A8000040B7BE1AAF13003092B3FD814F0400F1F
:107A90004FF00A0212BF02FB063602FB073744F022
:107AA000200427E7BBF1000F7FF424AF0B9A600698
:107AB00052F8043B0B9201D51E461BE7002BA7BFD3
:107AC00044F020041F465F4244F0280412E7630696
:107AD0003FF5EDAE44F040040CE7BBF1000F3DD0A4
:107AE00014F0400A099B08980B930CBF3A463246A3
:107AF0000BA9FFF729FE0B9B53F8042B0B93BAF14C
:107B0000000F01D01646F5E61746F3E6BAF16C0F02
:107B100016D00CD8BAF1680F19D0BAF16A0F03D099
:107B2000BAF14C0F7FF40AAF44F42074E2E6BAF1E4
:107B3000740F3FF4DFAEBAF17A0F3FF4DBAEFDE62F
:107B4000200648BF44F4007444F08004D2E6E30504
:107B500048BF44F4007444F48074CBE65E46344677
:107B6000BB463746C6E6002B049B08BF0626652B9E
:107B70000FD1721CD2B244F480541346112A4FF034
:107B8000650E4FF0000228BF11239446CDF810E097
:107B900007E0049B662B10D144F40054B446012244
:107BA0001123CDE9002C0CAA00F0FCFBC3B2039317
:107BB0000223DDF830A005930BE716F0FF02DCD1BD
:107BC0006523049394460123EBE7022312E74FF069
:107BD0002D0B1EE74FF02B0B1BE7079BC01A4146EE
:107BE000C0B2C8470028BFF643AF58E614F4405F60
:107BF00040F09880039B4833002E6B4408BF012659
:107C0000133B039A1AB113F8012D302A78D014F0DF
:107C1000100F039B18BF33461AF1040F75DBB245F2
:107C200073DA534544F400547FDD0AF101069E1BCC
:107C30002AEAEA730133BBF1000F00D00133002EB2
:107C400075D0721C13449F42CCBFFF1A002714F05A
:107C5000090F03D12F44BD426DD10027BBF1000FA6
:107C600007D041465846C847002805F10105FFF6F0
:107C700016AE230511D541463020C8470028FFF62F
:107C80000EAE079BC3F17800414600F0F800C847EC
:107C9000002805F10205FFF602AE200704D4AB462A
:107CA0007D195D454FD10027A1046AD52AEAEA7300
:107CB000AAEB030A7642039A524584BF0CAA5244A7
:107CC00003F1FF338CBF507930209E4205F1010B48
:107CD00041DC41460493C8470028049B0AF1010A8D
:107CE000FFF6DDAD5A1C09D141462E200493C8474A
:107CF0000028FFF6D4AD049B05F1020B5D46DAE7E0
:107D0000039A013AD2B203927BE75E1E14F4006F2D
:107D1000059A14BF0523032313448CE722B90208F4
:107D20001EB90208A10483D4F0E7002680E7E2062A
:107D300048BF013387E741462020C847002805F1A6
:107D4000010588DAABE541463020C84700280BF131
:107D5000010BA6DAA3E541460393C8470028FFF6C6
:107D60009EADE6060AD5039B013307D105F1020B50
:107D700041462E20C8470028FFF691AD5D465F447E
:107D800018E29DF835004146C8470028FFF687AD48
:107D9000002E61DD41462E20C8470028FFF67FAD4A
:107DA00001240CAB039AA242CABFE21830205079DA
:107DB0004146C8470028A346FFF671AD0134A642EC
:107DC0000CABEFDAAC1C5C44049B079A981A414652
:107DD000C0B2C8470028FFF662ADBAF1000FB4BFC9
:107DE0002D202B204146B8BFCAF1000AC847002801
:107DF000FFF655AD059B042B3AD14FF47A76BAFBCA
:107E0000F6F505F130004146C0B2C847002804F13C
:107E10000304FFF644AD06FB15AA6426BAFBF6F58B
:107E200005F130004146C0B2C847002804F1010402
:107E3000FFF635AD06FB15AA0A26BAFBF6F505F1E5
:107E400030004146C0B2C847002804F10104FFF6E3
:107E500026AD06FB15AA13E0E40601D46C1CB3E7BB
:107E600041462E20C847002805F10204ACDA16E589
:107E7000059B032B04F10204CFD0059B012BDBD122
:107E80000AF1300004F1010B4146C0B272E7AAF1D9
:107E90006303122B00F2E580DFE813F013005400B7
:107EA000E300E300E300E3005400E300E300E30049
:107EB000E300E300FC00DD00E300E3002900E30051
:107EC000AB000B9B1A1D1B680B928DF830300126FE
:107ED0000DF1300A20072CD50AEB060B54465C4501
:107EE00029D1A5EB0A0A04EB0A0BBF1B46E70B9B43
:107EF0001A1D0B92D3F800A0A94BBAF1000F08BFCE
:107F00009A4614F0400F14BF31464FF0FF315046EF
:107F10000EF0DCF90646DDE741462020C847002880
:107F2000FFF6BDAC013CA642F6D32F443D1B2746CD
:107F3000D2E73C46F7E714F8010B4146C847002852
:107F4000CDDAACE421060B9B32D5A2052BD5073345
:107F500023F00703D3E9000103F108020B9224F098
:107F6000100B00291FFA8BFB32DA404261EB410112
:107F70004BF4806B0CAC0A2322460EF0C3F91BF0C5
:107F8000400FA0EB040200F09C802BF0010396420E
:107F90009BB240F39F80BAF1000F40F09D802BF020
:107FA00011039BB21FE01A1D18680B92C117D6E788
:107FB0001A1DE00519680B9201D40846F6E7A205E0
:107FC0004BBF48B208B241F3C01141F3C031C6E71C
:107FD00050EA0103CED16306CCD5002ECAD124F0DD
:107FE0001104A3B23246344640F206410B426FD12F
:107FF00026E024F01004A4B20A2314F0800C0B9A9B
:108000004CD014F400711DBF073222F0070202F1B8
:108010000801101D19BF0B91D2E900010B901068E7
:1080200050EA010247D124F0160B62061FFA8BFBBF
:1080300045D5002E43D124F01704A3B2324634466E
:1080400019075FD4D90704D5A74272DD3C1BA618D7
:108050003C46A34650E044F0100410234FF0780A49
:10806000CBE74AF02003782B04D1CAF1780343F020
:108070001003C2E741462520C8470028FFF60FAC91
:1080800041465046C8470028FFF609AC0235069B1A
:10809000FFF7F8BB08234FF0000AAEE7111D0B9164
:1080A00014F480711068BBD014F400711ABFC0B210
:1080B000614680B2B4E724F006041FFA84FB0CACDE
:1080C0005AE714465B46D9068ED5BAF1000F05D1A2
:1080D0000134B5E71446F6E73446F4E70234AFE777
:1080E00041462020CDE90332C8470028FFF6D7AB30
:1080F000DDE903320BF1010B5F45F1DC2C1B04EBD6
:108100000B055C46D90616D5414630200392C84778
:108110000028FFF6C4AB039ABAF1000F32D0023543
:1081200041465046C8470028039AFFF6B8AB2E4494
:108130001DE016468DE740F206410B42F7D013F0E2
:10814000020F14BF2B20202013F4806F039205F13F
:108150000105414618BF2D20E4E741463020039237
:10816000C8470028039A05F10105FFF698AB731B79
:108170009A42F2DB16460DF1300A2EB902EB050BDE
:108180003F1BFBE50135D2E7013E41461AF80600E8
:108190000392C8470028039AEFDAFFF780BB00BFBD
:1081A00026B9020841462020C847002805F10105EC
:1081B000FFF675AB7B1B002BF4DC68E72DE9FF476E
:1081C000804616460F46002900F0A280B1FA81F4DD
:1081D000341B002E04F10A04C0F2A280304600F0E5
:1081E00029FB0444304600F02BFBA4EB06090546AE
:1081F0006946304600F04CFBA9EB05037D336A4627
:10820000404639460EF0A5F8A64282460D4600F3D8
:108210008380B9F13F0F00F381804FF0FF33A9F164
:10822000200003FA00F003FA09F2C9F12001024329
:1082300023FA01F10A4303FA09F328EA030327EAC0
:10824000020213430CBF01200020002D00F08A80A1
:10825000B5FA85F3E31A03F23E4340F2FE7293420D
:1082600000F38680002B23EAE371CCBF0A4601228B
:10827000121BA2F23344C4F12007A2F2344EA2F240
:1082800053432AFA04F605FA07F73E4325FA03F3A7
:10829000CEF1200CA2F254471E4305FA0CFC2AFA38
:1082A0000EF343EA0C0325FA07F73B4313F00103EF
:1082B00025FA04F4CEF12008A2F2544218D04FF06F
:1082C000FF3707FA02F307FA0EFC4CEA030C27FA11
:1082D00008F34CEA030C07FA0EF72AEA070A25EA24
:1082E0000C055AEA050A41D100283FD006F00103E7
:1082F0009A1944F10004C4F3130452EA040008BFBD
:10830000C91844EA01571046394604B0BDE8F08761
:10831000B0FA80F420345BE7012096E7002094E770
:10832000C6F10009484600F08BFA241A484600F0CE
:1083300087FAA61B0546694648462E4400F01CFBFA
:1083400006F17C036A46404639460EF002F8824642
:108350000D464046394600F083FA81458CBF002027
:10836000012072E7BAFA8AF3203373E70123BFE7EB
:1083700001490020C9E700BF0000F07F1FB502AB34
:108380000093074A4FF0CC330EF08CF9DDE902017F
:10839000C00840EA4170C90805B05DF804FB00BFA1
:1083A000CDCCCCCC2DE9F04F9BB00F0D0A939DF8AE
:1083B000903005920C93C1F30A52C1F31303C90F15
:1083C000044607917AB950EA03017CD1059930231C
:1083D0004B71079B0A6043F002030B710126304684
:1083E0001BB0BDE8F08F40F2FF718A420AD103430F
:1083F000079B059A14BF43F0080343F0040313716D
:108400000026ECE7A2F2354A43F48015234301BF6E
:1084100027F001077F057F0DB7FA87F704F0010207
:108420004FEA85080CBF7F090127BAF1000F0892B7
:1084300048EA94784FEA8406C0F2B680504600F0CD
:10844000EDF9BAF1030FC8BF0138049000F000FA4B
:10845000049B7C30A3EB0A0A824416A9184600F05C
:108460008BFA12AB019310AB00932046534629467A
:10847000029716AA0EF024F8049B152B04460D460D
:1084800000F28E8014ABA94A009330464FF0CC33F3
:108490004146DDE9109A0EF005F9149B159A9B08E8
:1084A00043EA827303EB8303B34210D14146304663
:1084B00000F0D6F9049B83428CBF4FF000084FF0C8
:1084C0000108002715E0DFF868A21D469EE7089B1B
:1084D000002B55D1013E48F1FF31F01B61F1000145
:1084E00000F0BEF9049BDDF8208083428CBF00279A
:1084F00001270C9B002B40F0C880DDF82890002657
:10850000069609964FF00A0BDDE91001FFF736FFDA
:10851000DDE912A3CDE90D01194650460F93FFF78F
:108520002DFF0A460D990B9003468B420E9B72EB72
:1085300003010F9B80F0C480204629460F92FFF76D
:108540001DFF0B9B0F9A13920BFB03F50D9B1093D2
:108550000E9B11930B9B1293069B002E14BF4FF0A2
:10856000000808F0010801330BFB1046554514BF05
:10857000002707F00107F6B2069304460D46C3E74D
:10858000B01C48F1000100F06BF9049B83428CBFE2
:1085900000200120B9EB00006AF10002CDE91002D1
:1085A0004FF000084746A4E7CAF1000B584600F018
:1085B0003BF9BAF1FF3F0CBF8146A0F10109ABEBDB
:1085C000090B0AEB09035846049300F041F916A978
:1085D000A0F17D0A584600F05BF912AB0193A9EBBC
:1085E0000A0A10AB0093204629460297534616AA62
:1085F0000DF066FFB9F1010F04460D460ED8089B39
:1086000013B94FF0010874E7109B119A013B42F136
:10861000FF32CDE910324FF0010852E7B9F13E0FB9
:10862000BED84FF0FF33A9F1200003FA09F203FA94
:1086300000F0C9F1200123FA01F102430A4303FAD1
:1086400009F328EA020826EA030656EA08060CBFE0
:108650004FF001084FF0000833E700FB02F6A1FBE2
:108660000012013332448C4275EB0206F5D2049AB3
:10867000DDF828901344259A1344D20F9342B8BFD3
:1086800013469945A8BF994639E70A2100220123DC
:108690000846E8E70BFB01FEA0FB0B010CF1010C07
:1086A0007144844275EB010EF4D2CC450DDDB9F175
:1086B000000F02D154EA050107D0012309933BE7DB
:1086C0000A2000214FF0010CEBE7002F32D04FF0D1
:1086D0000A0B50461946FFF751FE0BFB00F25245BC
:1086E0000B910E9026D1DDE91001FFF747FE8A4677
:1086F0000D9029462046FFF741FE0D9A0E9B1293DE
:10870000CDE9102A0B9A1392069A002E14BF4FF04F
:10871000000808F0010801320BFB10469A46F6B239
:108720000B9B069204460D46D3E700BFCDCCCCCCC4
:10873000CCFBFFFFB8F1000F05D0052E03D104F0EC
:1087400001060436F6B2069BDDF810809844099BBA
:1087500053B9DDE912239D4208BF944204D1089B1E
:10876000002B47D1002F45D0042E94BF00260126B0
:1087700030194FF00A0245F1000100230127144689
:10878000904271EB030537D2EEB1B9451BDA0C9B71
:108790006BB1259ADDF8289008EB07031344012BF1
:1087A000B8BF01239945A8BF99464F450BDD053059
:1087B0004FF00A024FF0000341F10001E8F7FAFC24
:1087C00008F10108013F4F45A8BF4F463EB20FFADE
:1087D00088F8059B08FA87F706F10508013F9844D9
:1087E0004FF00009B1450EDB059B1A461F60079B41
:1087F0001371F4E50126BBE704FB03F5A2FB042398
:1088000001372B44BCE70A220023E8F7D3FC3032BF
:1088100008F8012D09F10109E4E700BF014B5843B5
:10882000800C704741340100014B5843000D7047E4
:10883000FB2E0B00014B5843C00C70474F931200A6
:10884000024B5843C00C0130704700BF4F931200D9
:10885000024B5843C00C0130704700BF4F931200C9
:108860000A4A70B503464FF0CC3600204FF033353E
:1088700006FB03F402FB0144A3FB023121449D42A9
:1088800075EB010401D30130F2E770BDCDCCCCCC47
:108890002DE9F04F1A23354EB0FBF3FA03FB1A0310
:1088A00089B004460D4606EB0A1653B9D6E90023F3
:1088B000C1E90023D6E90201C5E9020109B0BDE81A
:1088C000F08F2B4A02EBC303D3E9008904AB00937A
:1088D000D6E90223404649460DF0E4FE06AB00937C
:1088E000D6E9002383460F46404649460DF0DAFE9E
:1088F000DDE9066216EB0B0652EB07084FF00003AA
:1089000028BF0123814633B1049B059A013342F10C
:108910000002CDE9043220460391FFF799FF074694
:108920001A2000FB0AF0FFF793FF3F1A3246434636
:108930000399009748460DF0CCFE4FEA141C0D4AEF
:10894000640004F01E0352F82C40DC4004F00304E1
:10895000241841F10001C5E90041DDE90423009735
:10896000304641460DF0B5FEA6E700BF2072020872
:10897000507102086C9402082DE9F04F1A27DFF8B5
:10898000E4A000F11905B5FBF7F56F433A1A4FEA79
:10899000051B89B004460E460AEB05150AD1D5E938
:1089A0000023C1E90023D5E90201C6E9020109B0AB
:1089B000BDE8F08F2C4B03EBC203D3E9008904AB75
:1089C0000093D5E90223404649460DF06BFE5AF864
:1089D0000B206B68013ACDE9020106A963F100039F
:1089E0000091404649460DF05DFEDDE906528A469B
:1089F00002996D18039952EB01084FF0000328BF4C
:108A00000123814633B1049B059A013342F10002F0
:108A1000CDE904323846FFF71BFF07462046FFF733
:108A200017FF3F1A2A4643460097484651460DF025
:108A300050FE4FEA141C0D4A640004F01E0352F865
:108A40002C40DC4004F003040134241841F10001FF
:108A5000C6E90041DDE904230097284641460DF0B0
:108A600038FEA2E7F072020850710208C0940208B2
:108A700038B5C0F3C7537F3B162B014620F00045A5
:108A800019DC002B024608DA00281BDB002D14BF7E
:108A90004FF07E510021084638BD0C48184108426D
:108AA000F9D00029C2BF4FF4000141FA03F3D218F4
:108AB00022EA0001EFE7B5F1FF4FECD3E8F700F849
:108AC0000146E8E74FF00041E5E700BFFFFF7F0008
:108AD0000B4631F0004104D100280CBF02200320D6
:108AE0007047094A134208D0084B994207D991426E
:108AF00007D1B0FA80F04009704703207047042086
:108B000070470020704700BF0000F07FFFFFEF7F3D
:108B100030F000400DD0A0F50003B3F1FE4F0AD3B2
:108B2000074B421E9A4208D9A0F1FF4358425841D0
:108B3000704702207047042070470320704700BF31
:108B4000FEFF7F007047034600201A7B12B11A68AF
:108B50008A4206D00130182803F11003F5D14FF0F6
:108B6000FF30704730B50D0100EB01110B7BABB14D
:108B7000D0F888310A7AD0F88441032B4FEA0221D9
:108B8000C4EB02220BDC0BB104EB62010133C0F831
:108B90008831C0F8841128440023037330BD04EBEE
:108BA000E201F3E72DE9F041D0F88041C0F88C21D3
:108BB00000EB041305461B7B0F4616464FEA0418CC
:108BC00013B12146FFF7CEFF05EB0803002245F85D
:108BD00008701A725A8101221A735E6014441823B5
:108BE00094FBF3F203FB1244C5F88041BDE8F08129
:108BF00038B505461446FFF7A6FF431C01460AD0C8
:108C000005EB00125368E41A42F210739C4204D937
:108C10002846FFF7A7FF002038BD137AFF2B01D1AC
:108C20000120F9E701331372FAE770B505461446DF
:108C3000FFF789FF431C06461FD02046E7F7F0FFE9
:108C4000D5F89411E8F744F8E8F744FAA0B10C23FA
:108C500005EB061503FB04F2B2F5FA6F6B8928BF2A
:108C60004FF4FA62934208D2D21A824228BF0246D7
:108C7000B2F5803F03D290B270BD0020FCE74FF602
:108C8000FF70F9E738B504461546FFF75CFF431C53
:108C90000CD0010104EB00100C4443895A19B2F5C1
:108CA000803F34BF92B24FF6FF72628138BD704789
:108CB0007047704770470020704770470A20704720
:108CC0004FF47A6070474EF66020704738B504461E
:108CD000406E03681B6898470546206E03681B6D4D
:108CE000984794F83C3063B9B4F86C305B0708D40B
:108CF000A36B03F5FA535B1B23EAE373984228BF87
:108D0000184638BD07B504210DEB010006F0B4FC90
:108D100001986523B0FBF3F203FB1200643003B04B
:108D20005DF804FB10B503689B6904469847034649
:108D300028B1606B18B158436423B0FBF3F010BD49
:108D400038B500230446C0E91033C0E91233A0F857
:108D50006C30406E03681B6898472368A063DB6A29
:108D600005462046984760632046FFF7DBFFC4E9CD
:108D70000B05206EE56103681B689847206E036849
:108D80009B6A984784F83C0038BD70B503689B69BE
:108D9000054698470446C8B16B6BBBB1686E036863
:108DA0001B6898472B6BC31A06460FD05C43632C95
:108DB0000CD92846FFF7B6FF6423B4FBF3F4EB6A43
:108DC0002E631C44844294BFEC62E86270BD037859
:108DD00013F0380F1FBF4FF40860C3F38303D8406C
:108DE00000F0010008BF0120704770B5056E2B68C8
:108DF0005E6A03689B6A0446984701462846B04766
:108E0000206E03689B6A984718B9206E03689B69B7
:108E1000984794F83C30834217D084F83C00B0B9AE
:108E2000606E03681B689847A063606E03681B68E8
:108E30009847A36BC01AB0F5FA5F82BFB4F86C30E4
:108E400043F00403A4F86C3001E00028EDD0206E5C
:108E500003689B6C9847206E0368DB6C9847206E14
:108E600003685B6D984794F83E3001462BB90123A7
:108E700084F83D0084F83E3070BD94F93D30834263
:108E8000FAD0236884F83D001B6B2046BDE8704093
:108E90001847F8B51E4613780B7017469A090D4609
:108EA00001D00020F8BD03F003020923D34013F0E2
:108EB000010319BFB7F80130EB800B81CB801BBFDA
:108EC000B7F803302B81012105217C5C2C71A309AB
:108ED000032BE6D004F03F0403FB0444E2B2402A33
:108EE000DFD801315418B442DBDC394405F10A0003
:108EF0000DF063F9321B92B2B82A6A80D1D83919C1
:108F000005F14A000DF059F90120CBE710B50446F0
:108F1000806E03681B68984730B9B4F86C3043F032
:108F20000103A4F86C3010BD00230371438080F866
:108F30000231F8E7806E03685B68184710B5406E31
:108F400003681B680C469847001B0028D4BF00200C
:108F5000012010BD10B5406E03681B680C46984791
:108F6000204410BD2DE9F04703681B6805460E46F6
:108F70009847044630B9A86E03685B683146BDE87F
:108F8000F0471847012818D0D5F8688020F07F47AF
:108F9000D8F8003039462846D3F80890FFF7DAFFB2
:108FA000220E013A0346D2B231464046C8472B6DE5
:108FB0001BB117B1696D3846E1E7BDE8F0872DE9CF
:108FC000F0430446C3B04FF08147206E0368FF2290
:108FD0005B6802A99847061E60DD2368206ED3F8FF
:108FE00004800368DB6B98470546206E03689B6B23
:108FF00098472946024602AB20460096C047A06E1D
:1090000003681B6898470546002847D00146334649
:1090100002AA2046FFF73DFF002839D0206E0368E2
:10902000DB6B98473946E7F753FEE8F72DF885F8EC
:109030000201D4F86080D8F800304046D3F80C9094
:10904000DB6B9847324601464046C8478046206E53
:10905000036831469B689847A3690344A36123686A
:1090600028469E6801F0A5F8434602462946204658
:10907000B0472B789B074BBFE36CA36C01330133E4
:109080004CBFE364A36429462046FFF76BFF9CE7CF
:10909000A06E036829465B68984796E743B0BDE831
:1090A000F0832DE9F0430446406E0368C1B01B68AD
:1090B00098470546A06E036829461B69984748B93A
:1090C0002062A06E03685B69984700B9606241B096
:1090D000BDE8F0832046FFF758FE236820469B69D1
:1090E0009847064600283FD0A06E03685B69984702
:1090F0004FF000088146C14501DC002717E0A06E53
:1091000003684146DB699847074610B908F1010832
:10911000F1E7A06E036841465B6A9847401B002850
:10912000F4DC3846FFF753FE07460028EED0206EE9
:109130000368FF219B689847B7B9E36AB3EB500F08
:109140004FEA500210D2256D002DC0D0D21A6421F2
:10915000731E01FB0233616DB3FBF6F02B46013049
:1091600041B0BDE8F0431847206E0368DB6A9847BA
:109170000646206E03681B6B984706B908BBE16979
:109180002046FFF7DBFE38B9236D002B9FD0E06946
:10919000616D0130401BE3E7266A0EB925622E4659
:1091A000236820461B6A9847AE1B864248D9B4F80C
:1091B0006C30206E43F00203A4F86C3003685B6BE4
:1091C0009847A06E0023236203682946DB6A98470C
:1091D0002072A06E03682946DB689847606000280B
:1091E0003FF475AF03788DF80030092203F00303D4
:1091F00022FA03F3DB0741BFC388ADF801300389CE
:10920000ADF803304CBF0522012203790DF802307E
:10921000561C6F46402200F10A01B81900F0AFFF5A
:10922000D4F80480B8F8022006449319FF2B18DD07
:10923000A06E036841465B6898470023636046E779
:1092400023682046DB699847014605462046FFF71C
:1092500081FE236DE061002B3FF439AF616D681C26
:109260007EE708F14A01B8190CF0A7FF206EB8F8A4
:1092700002900368B1449B684946984700EB40065A
:10928000206E25610368B6F5167FDB6A2CBF760871
:109290004FF4967698478046206E03681B6B98477C
:1092A000B8F1000F1ED023682046DB699847A66EF0
:1092B000D4F80480336894F808909F680146054606
:1092C0002046FFF747FE4A46034641463046B84728
:1092D00000236360236D002B3FF4F9AE616D2846D7
:1092E0009847F4E60028DED0206E03689B69984713
:1092F00080460028D7D1206E03684A461B6969461C
:10930000984738B131462046FFF724FEC4E9088863
:10931000E060DCE623682046DB699847676A2268DC
:10932000064647BB6562136A204698472844A062F8
:109330006568236828461F6900F03BFF29460246FE
:109340002046B847A56ED4F804802B6894F808909E
:109350009F6831462046FFF7FDFD4A4603464146D9
:109360002846B84700236360236D002B3FF4AFAE5F
:10937000616D3046B4E7A36AEB1A002BA5EB070733
:109380000ADBB4F86C3043F00203A4F86C30136AC3
:10939000204698472844A062236820465B6A984785
:1093A0008742C5D9206E0368DB6D984723686562E4
:1093B0001B6A204698470544A562B9E770B5436823
:1093C0000446002B3FD0006E03685B699847054652
:1093D000002840D0256E60682B689E6800F0E9FE8A
:1093E00001462846B0476369034405466361204649
:1093F000FFF7CBFCE36A206E9D4234BF5B1B00236A
:10940000E3620368DB69984761680A7948889309D1
:1094100002F03F0203FB02222368023250FA82F27A
:10942000DB682046984761680B789B074BBF636CED
:10943000236C013301334CBF636423642046FFF780
:1094400079FD002363602046FFF7B9FD2046BDE8A3
:109450007040FFF726BEE1682046FFF76FFDC0B100
:10946000206E0368DB69984761680A794888930928
:1094700002F03F0203FB02222368023250FA82F21A
:109480001B692046984761682046FFF753FD6560D9
:10949000D9E770BD2DE9F047044608791E460D4610
:1094A000904600F05CFEA76E3B6888B16A88B82AD7
:1094B0000ED831462046D3F80890FFF74BFD4246C0
:1094C000034629463846C847236D3BB9BDE8F087B7
:1094D0005B6829463846BDE8F0471847616D30465D
:1094E000F9E72DE9F041E6B0044630A81E46DDF864
:1094F000B0810D461746E9F703FE2022A91830A8CF
:109500000CF01FF94246314630A80CF01AF910A9A8
:1095100030A80CF01AF910A968460BF0E9FF69466B
:1095200020460CF026F830A8E9F7EAFD214630A8DD
:1095300020220CF006F9394630A820220CF001F95F
:109540004246314630A80CF0FCF820A930A80CF0B7
:10955000FCF820A908A80BF0CBFF6B462A4608A907
:1095600004F120000BF0D5FF40210DEB01000BF0C2
:10957000A4FE202168460BF0A0FE66B0BDE8F08195
:1095800010B52022044600210CF03EFE204610BDFE
:1095900010B50446084621460CF06BF9B0FA80F08D
:1095A000400910BD10B50446FFF7EAFF4022002134
:1095B00004F120000CF028FE204610BD38B504460A
:1095C00000F12005284620220CF040F994F82030C4
:1095D00023F0070384F8203094F83F3003F03F0372
:1095E00043F0400384F83F3029462046BDE8384028
:1095F0000BF0BFBF602A38B50B4613D10A4603F102
:10960000400400F1200152F8045B41F8045BA242DF
:10961000F9D1603352F8041B40F8041B9A42F9D187
:10962000012038BD402A0DD100F120010A4603F186
:10963000400453F8045B42F8045BA342F9D10BF0F9
:1096400098FFEDE70020ECE73F2A70B51ED95F2AAE
:1096500000F1200300F1600407D853F8042B41F80F
:10966000042BA342F9D1402070BD1A460D4652F892
:10967000046B45F8046BA242F9D1403150F8042B39
:1096800041F8042B9842F9D16020EDE70020EBE788
:109690005F2A30B513D903460A4600F1200453F877
:1096A000045B42F8045BA342F9D12031603053F8E7
:1096B000042B41F8042B8342F9D1602030BD0020F7
:1096C000FCE770B5402A88B006460C460FD100F181
:1096D00020010B4604F1400254F8040B43F8040B3C
:1096E0009442F9D130460BF044FF012002E0602A99
:1096F00002D0002008B070BD01F12005294668465F
:109700000BF037FF2022214668460CF08CFDB0B9E3
:10971000294606F12003603451F8042B43F8042B4A
:10972000A142F9D16C463346224603CA596008A9C2
:109730008A421860144603F10803F5D1D5E72146A3
:10974000684604F140050BF014FF202229466846C4
:109750000CF069FD0028CCD106F1200354F8042B4D
:1097600043F8042BAC42F9D16A463346144603CC85
:10977000596008A98C421860224603F10803F5D10C
:10978000B3E7602AF8B506460D4601D00020F8BDC3
:1097900001F120042046E9F725FE471E2846E9F797
:1097A00021FE98B10137F1D12C4606F12001234664
:1097B0000A4604F1400053F8044B42F8044B83423C
:1097C000F9D130460BF0D5FE0120E0E70137DDD0BE
:1097D000EBE713B5044600930846134604F1200155
:1097E0002246FFF77EFE02B010BD30B589B00546B7
:1097F0000C4668461146FBF787F96A4605F12001D9
:1098000020460BF062FE09B030BD002070470020FA
:1098100070470020704700207047002070470020EC
:109820007047704770477047002070477047704717
:10983000704770477047002070477047704700209E
:10984000704770B5046E2368054608469E6800F0B0
:10985000B0FC01462046B047052204460021286F8F
:1098600001F059FD34235C436423B4FBF3F46043FB
:1098700070BD08B504220121006F01F04CFD782372
:10988000584308BDC0F3400080F0010000F0010023
:109890007047F8B50B78054618460C46FFF7F2FFFF
:1098A00008B90020F8BDFF2BFBD00B7903F03F0770
:1098B0009B09013307FB0333402B07F10106F0DC62
:1098C0002B6828461B6C98470028EAD02279920919
:1098D000013207FB024005F505710A300CF06DFC02
:1098E000237923F03F031E4326712046E9F774FCD9
:1098F0000646686E03681B6898473146024605F1C4
:109900007C00FFF74FF92B6821465B6C284698478F
:10991000237903F03F03013340EA0360C2E7FFF716
:109920000FBAFFF74BBD10B50446FFF75EFA606E45
:1099300003681B689847014604F17C00BDE81040AD
:10994000E9F76CBC2DE9F0470446406E03681B68DC
:109950000F4698478146A06E03685B6998470026CA
:109960008046464524DAA06E03683146DB69984795
:109970000546F8B10078FFF785FFD8B12846E9F72A
:109980002BFCB84216D1D4F86080D8F800302846B5
:10999000D3F808A000F00DFC01464046D04704F182
:1099A0007C08024639464046FFF73FF9054618B99C
:1099B000BDE8F0870136D4E7A06E036805EB090225
:1099C0009B6A314698472A4639464046FFF75AF97E
:1099D000236D002BECD0616D2846BDE8F047184799
:1099E00070B50C4605467C30E9F79AFC23799A0954
:1099F00003F03F03064602FB0333286E628852FAE7
:109A000083F1036802319B689847044600EB8000AD
:109A1000E7F706F93146E7F75BF9E7F75BFB062363
:109A20005C43B4F5FA6F28BF4FF4FA64A04228BF34
:109A30002046421C0021286F01F06DFC143070BDDF
:109A400038B50B799A0903F03F03054602FB03334F
:109A5000006E4A8852FA83F1036802319B68984786
:109A600040F291120446FA21286F01F054FC4FF4A1
:109A70007A7300FB04F20021B2FBF3F2286F01328B
:109A800001F049FC143038BDF8B50B7903F03F0400
:109A9000013C23F03F031C43E4B20C71A4090D46C2
:109AA000013401F10A0600272B7903F03F0313FB71
:109AB00004F3BB4200DCF8BD304626442246314662
:109AC00027440CF07AFBEFE72DE9F047202B92B00A
:109AD00081460E4617461C4604D90025284612B07A
:109AE000BDE8F087FFF712FA05460028F5D00346D7
:109AF000102203F84A2B06F12008324652F8041BC4
:109B000043F8041B4245F9D1D9F8740003681B6877
:109B1000984705F16E098246C5F86A002FB324B351
:109B20002246394605F1AE000CF047FB04F1640310
:109B30006B800DF1040C334618685968624603C205
:109B4000083343459446F7D1CDF824A07FB174B1D2
:109B5000224639460AA80CF030FB04F1240301AA7E
:109B600049463046FFF735FEB8E76423E0E7242393
:109B7000F5E770B50E461546FFF7C8F9044638B14B
:109B80000C2300F84A3B2A4631460CF016FB658050
:109B9000204670BD2DE9F04102F10108B8F1B80F7F
:109BA0000F4616461D4614D8FFF7B0F9044668B1B3
:109BB0002D01282345F00305037080F84A503246F2
:109BC00039464B300CF0F9FAA4F802802046BDE883
:109BD000F0810024FAE72DE9F0470B78FF2B0546CA
:109BE0000C4690464CD003685B6D984704F14A09D7
:109BF000064604F10A0AEEB9A27849462846FFF75C
:109C0000B8FF074600283BD0237904F10A0140221F
:109C10000A3000F0C5FA3B78387123F0030343F0B3
:109C200002033B703246434639462846BDE8F047BA
:109C3000FFF730BC2B6821469B6C2846984708F5F7
:109C40009678A2788044334649462846FFF7A2FF1B
:109C5000074690B12379402251460A3000F0A0FA1D
:109C60003B78387123F0030343F002033B7000227A
:109C7000434639462846FFF70DFC013EF6B2BAE7E7
:109C8000BDE8F087F0B591F84A7007F00F03032B99
:109C9000C3B006460C4636D14B88042B33D901ADF0
:109CA000284600F057FA23788DF8043040222379B3
:109CB00004F10A010DF10E0000F072FA62888DF8CD
:109CC0000800013A92B204F14B010DF14E00ADF8DB
:109CD00006200CF072FAB06F036829461B6898479B
:109CE00088B9B06F036829465B68984729463046B3
:109CF000FFF7CAFE3F094FF4967207FB022229467E
:109D00003046FFF768FF002043B0F0BDB82A70B5B9
:109D10000E4615460DD8FFF7F9F8044638B12C2346
:109D200000F84A3B2A4631460CF047FA6580204647
:109D300070BD0024FBE72DE9F04117460A7806467E
:109D400002F03C0024280D4605D129463046BDE8E6
:109D5000F041FFF7EFB85C1EE4B2022CF5D822F018
:109D6000030242F00102A4010A700C71B06F036893
:109D70005B6898472B78C3F38303082B10D0042B20
:109D800014BF01240324336829461B6D30469847CD
:109D90002246C31929463046BDE8F041FFF77ABB99
:109DA0000224F0E72DE9F0411F460B789DF818508A
:109DB000064603F03C0024280C4605D121463046D7
:109DC000BDE8F041FFF7B6B8013DEDB2022DF5D880
:109DD00023F003030B701388CB8053880B81AD01F4
:109DE0000D71B06F03685B6898472278C2F38302F5
:109DF000082A10D0042A14BF012503253368214600
:109E00001B6D304698472A46C31921463046BDE8A7
:109E1000F041FFF73FBB0225F0E72DE9F041944602
:109E20000A78069F22F0030E02F03C024EF0020E6A
:109E3000242A06460C461D4681F800E021D14B88B5
:109E40005A19B82A03DDBDE8F041FFF773B803F1F2
:109E50004A002A46614620440CF0AFF963881D444D
:109E60000023658023710525B06F036821465B6878
:109E700098473B462A4621463046BDE8F041FFF769
:109E800009BB4022614604F10A0000F089F92578F7
:109E9000207105F03C05A5F120035D425D41E3E73B
:109EA0002DE9F0410D7825F0030545F002050D7010
:109EB00000250D710646806F036817460C465B68E7
:109EC00098473B462A4621463046BDE8F041FFF719
:109ED000E1BA2DE9F0411E460B7843F003030B7005
:109EE0001388CB8053880B8100270F710546806F44
:109EF00003680C465B68984733463A462146284635
:109F0000BDE8F041FFF7C6BA2DE9F04FAFB09A4671
:109F10009DF8E080DDF8EC904FEA981308F03F04DC
:109F200003FB044409F105032344A62B06468B4694
:109F3000174604D9002528462FB0BDE8F08FFEF75C
:109F4000E5FF05460028F5D0202303709BF800307C
:109F500080F84A3096F8143280F84B305146224649
:109F60000DF101008DF8008004F1020A0CF025F9D2
:109F700004F1B903E8460DEB0A006B44B9F1000F98
:109F800012D09DF8E42003F8B82C3A994A460CF018
:109F900014F909EB0A03424605F14C01384600F07A
:109FA00043FA02306880C6E7FF2203F8B82C336F0B
:109FB0001A680146166818460422B047A31DEAE74E
:109FC0007FB509788DF814100B9903910A990291C5
:109FD0009DF8241001919DF82010009105A9FFF72C
:109FE00093FF07B05DF804FB2DE9F8430229DDF883
:109FF000249007460D4690461E461DD809F11103D0
:10A00000B82B19D8FEF782FF044690B1AD00057059
:10A0100098F8003080F84A3097F8143280F84B30C6
:10A0200000F14C01089A4B46304600F0FDF9023031
:10A0300060802046BDE8F8830024FAE7F8B50729D8
:10A04000089F15461E4622D107F13003B82B1ED8B3
:10A05000FEF75CFF0446C0B11C230370337880F820
:10A060004A302A4600F14B0305F1200152F8040B57
:10A0700043F8040B8A42F9D1079A06983B4604F14B
:10A080006B0100F0D1F9213060802046F8BD00243A
:10A09000FBE72DE9F0411F464B1F012BDDF818802F
:10A0A0000E46154619D808F11003B82B15D8FEF73F
:10A0B0002DFF044670B1B600067028463A4610F8E7
:10A0C000013B84F84A3004F14B01434600F0ACF9FF
:10A0D000013060802046BDE8F0810024FAE7B82A0C
:10A0E00070B50E4615460DD8FEF710FF044638B180
:10A0F0003C2300F84A3B2A4631460CF05EF8658066
:10A10000204670BD0024FBE770B50E4615461C4680
:10A11000FEF7FCFE48B1242303700923C0F84A600F
:10A12000C0F84E5080F85240438070BD70B5044670
:10A13000406E03681B68984706462046FEF7C6FD3A
:10A140003146054604F17C00E9F7B0F8A84228BF83
:10A15000284670BD0022027002714280704700F0F4
:10A160003F038009032800F1010206D013FB02F02F
:10A170004028CCBF0020012070470020704738B530
:10A180009D0903F03F0405FB0444402C06DC944287
:10A1900004D822460CF011F8204638BD0024FBE715
:10A1A00010B51C46FFF7EBFF002814BF2046002027
:10A1B00010BD03799A0903F03F0302FB0333428881
:10A1C0000078023310F0030052FA83F305D0C21E68
:10A1D000504250418000184470470420FBE770B59E
:10A1E00004784688C4F38304B0B0092C0D468DF87A
:10A1F000044000F14A010FD103798DF80530324651
:10A200000DF106000BF0D9FFB31C01AA0821284666
:10A21000E9F732FE30B070BD32460DF105000BF0AB
:10A22000CCFF731CF1E770B503780B70092203F0C3
:10A23000030322FA03F3DB0741BFC388A1F801300F
:10A240000389A1F803304CBF0522012203798B5406
:10A250000D46561C044600F10A014022A819FFF7DA
:10A260008EFF3044C6B2628804F14A0155FA80F08C
:10A270000BF0A3FF6388F018C0B270BD012A2DE96E
:10A28000F04106468846154603D800273846BDE803
:10A29000F0810B78037003F003020923D34013F01D
:10A2A00001032AD10381C380012118F801403471D0
:10A2B0002046FFF754FF07460028E6D0A30904F024
:10A2C0003F0403FB04440131E2B251FA84F4AC428E
:10A2D000DBDC414406F10A00E4B20BF06EFFA5425C
:10A2E000D3D92A1B92B2B82A7280CED808EB0401C7
:10A2F00006F14A000BF061FFC8E7052DC5D9B1F89A
:10A300000130C380B1F8033003810521CDE770B57A
:10A31000D0F820418C42034619DD50F8210003EBB0
:10A3200081021D1F8031194405EB8405AA4203D127
:10A33000013CC3F8204170BD566842F8046B4E786A
:10A3400001F8016BD2F8A060C2F89C60EEE7002033
:10A35000F1E730B5D0F820411F2C0DDC40F8241077
:10A3600000EB84050119013481F88020C5F8A03084
:10A37000C0F82041012030BD0020FCE7A0F14103DE
:10A38000052B02D83738C0B27047A0F16103052B06
:10A3900001D85738F7E73038C0B20A2828BF002064
:10A3A00070472DE9F047B4B002AC804689461E469E
:10A3B000A2461A440F2EA2EB06051ADC002E0ADD77
:10A3C0001022002120460BF01FFF2046324629466E
:10A3D0000BF0F3FE103401230093A4EB0A024B466A
:10A3E00051464046E9F7C2FC20EAE07034B0BDE8CF
:10A3F000F087234605F1100C286869681F4603C7DB
:10A40000083565453B46F7D11034103ED2E713B509
:10A410000C4611461A46002300932346E9F7A6FC92
:10A4200020EAE07002B010BDF8B58F1C0D46394629
:10A430000646FFF7B6FF044608B90020F8BD0246FD
:10A440002B4639463046E9F7D7FC0028F5D1A01C49
:10A45000F4E773B500238DF80730934206D19DF8D9
:10A460000700B0FA80F0400902B070BDC55CCE5C58
:10A470009DF8074075402C438DF807400133ECE709
:10A48000022B2DE9F34106460F46154617DD02F172
:10A4900002089C1E224601AB4146E9F7ADFC70B9AB
:10A4A0000222294601A8FFF7D4FF40B123464246C5
:10A4B0003946304602B0BDE8F041FFF7A8BF0020A2
:10A4C00002B0BDE8F08101440023884200D170470A
:10A4D00000F8013BF9E7F8B5064610460D4614466C
:10A4E000E6F794FEB0EB450F17D1224631468B1BA1
:10A4F000AB4202F1020201D30120F8BD12F8020CB6
:10A5000012F8017CFFF73AFF04463846FFF736FFA2
:10A5100040EA041001F8010BE9E70020EDE7F0B58F
:10A5200004460020074625780DB1904208DB2146FD
:10A5300014F8012B1AB19A42F9D100230B70F0BD27
:10A5400041F8204025462E782C4601351EB19E420A
:10A55000F9D127702C460130E5E77047704700209D
:10A5600070477047002070470020704700207047F8
:10A57000002070470020704700207047704700207F
:10A580007047002070470020704708B54FF4FA70FC
:10A59000002109F0FCF90120F2F7E0F800207047F3
:10A5A000002070470020704700207047704790F9E6
:10A5B0004D0A7047002070476FF057007047002029
:10A5C0007047002070477047002070470020704798
:10A5D0000020704770477047002070470020704788
:10A5E00040F2DC5070477047006A7047406A70471D
:10A5F00008B50368D3F8A830984780F00100C0B2CE
:10A6000008BDD0F8700970470368D3F8BC3018470C
:10A6100010B5A8220446002100F6A4100BF0F4FDAA
:10A62000002384F8703A10BDBFF35B8F0068BFF35E
:10A630005B8F704708B51430FFF7F6FF003818BF7E
:10A64000012008BD00F69430FFF7EEBF00F5396039
:10A65000FFF7EABF00F68C30FFF7E6BF08B5183009
:10A66000FFF7E2FF003818BF012008BD08B509F068
:10A670006EFA0A220023E6F79DFD08BD2DE9F041A0
:10A6800006460F46154698460024AC4203DB2C468E
:10A690002046BDE8F08114B1404608F03BFE336827
:10A6A0003046D3F89830984727F814008030EFD020
:10A6B0000134EAE708B5034680F8721A1430FFF750
:10A6C000B3FF20B11A681846D2F8A42090470120A1
:10A6D00008BDBFF35B8F50E8003F40E80012002A3E
:10A6E000F9D1BFF35B8F70472DE9F84300F65C07A3
:10A6F00006463846FFF798FF044606F65800FFF76F
:10A7000093FFE4B2A042884623D04FF4837363439F
:10A7100006EB030992B2B9F82851954228BF1546B5
:10A720002833F1182A4640460BF047FDB9F92A01B3
:10A73000E6F77AFA306299F92C01E6F775FA611CAE
:10A74000706201F007013846FFF7C3FF2846BDE8F5
:10A75000F8830020FBE710B50021044600F68C309A
:10A76000FFF7B7FF04F53960FFF7B3FF04F6943045
:10A77000BDE81040FFF7ADBFBFF35B8F50E8003F6F
:10A78000013340E80032002AF8D1BFF35B8F7047F5
:10A7900008B500F11C0203460021BFF35B8F52E8AD
:10A7A000000F012804D142E8001CBCF1000FF6D1D3
:10A7B000BFF35B8F0CBF0120084604D103F539605D
:10A7C000FFF7DAFF012008BD2DE9F047099C9DF94C
:10A7D00020801E4631B92AB904F69430BDE8F0470E
:10A7E000FFF7CABF04F658094846FFF71DFFC5B278
:10A7F00004F65C00FFF718FF6F1C07F00707C0B2F4
:10A8000087420BD104F69430FFF7B6FFD4F8D43A60
:10A8100073B3D4F8D80ABDE8F04718474FF48373F0
:10A820005D43B2F5807F28BF4FF4807205F12800A8
:10A830002544924620440BF0C0FC39464846A5F812
:10A8400028A1A5F82A6185F82C81FFF742FF304640
:10A85000E6F7EAF920624046E6F7E6F9606204F6B8
:10A860008C30FFF789FF206903681B6A9847CDE7A2
:10A87000BDE8F087142914D803681B6803EBC103F3
:10A88000B3F8A439772B0CD9436803EBC1034FF419
:10A890007A72B3F8A809B3F8A4395043B0FBF3F0C7
:10A8A00070474FF0FF3070472DE9FF470446C0F86E
:10A8B0007419FFF7DBFE04F5186A002384F8933956
:10A8C000D4F88029DAF804300D4652EA030107462D
:10A8D00003D0974275EB03030FDB94F88839012B03
:10A8E0000ED9002384F88839D4F88C39DB1945F166
:10A8F0000005C4F88039CAF8045004B0BDE8F087F8
:10A90000013384F8883941F28833FB1845F100029D
:10A91000C4F8803904F11400CAF80420FFF784FE5B
:10A920000028EAD004F11800FFF77EFE0028E4D1E9
:10A93000236820461B6B9847804628B9D4F8943A80
:10A940000133C4F8943AD8E723682046DB6A984775
:10A9500006460028D1D12046E9F74AFD8146F5F7A1
:10A96000E3FBF5F7E1FB0A23B9FBF3F292B2012A0C
:10A9700038BF012202F2A733B3FBF2F3D4F89429D3
:10A98000801A3022B0FBF2F0B0EB031FB5D322687F
:10A990006946D2F89C9020460822C847002805DA6C
:10A9A000D4F8903A0133C4F8903AA6E7D4F8881A5C
:10A9B00007280144C4F8881A05DCD4F88C3A01331E
:10A9C000C4F88C3AECE7D4F88C39DB1945F1000572
:10A9D000C4F880396A46CAF80450304684F8886959
:10A9E00032F9027F0346154635F902CCBC4503DD3A
:10A9F000013B25F802C9F7D204AD05EB4303013052
:10AA0000072823F80E7CEBD1BDF90EE0BDF900C09C
:10AA1000D4F89C09BDF90820BDF90630E645AEEB37
:10AA20000C050544134408BFD4F8A009D4F89829AC
:10AA3000C4F89C5902F1010208BF013003EBD37343
:10AA400008BFC4F8A009B2F5005F4FEA6307C4F875
:10AA5000982943F34F031CD35208C4F89829D4F81B
:10AA6000A0295208C4F8A029D4F88C2A5208C4F8A6
:10AA70008C2AD4F8902A5208C4F8902AD4F8942A40
:10AA80006D0849085208C4F89C59C4F8881AC4F8DB
:10AA9000942AD4F87059A4F890393DB105F107080B
:10AAA0004745CCBF4FF000084FF00108012284F861
:10AAB0009329B4F9842A84F892899A422ED194F881
:10AAC000863AFF2B02D0013384F8863A2046E9F714
:10AAD0008FFC0A23B0FBF3F39BB21F2B40D0B0F5E1
:10AAE000A07F26D20F2B3ED09F281BD8072B3DD00E
:10AAF0000A2B14BF6FF07A036FF08503002D3ED14F
:10AB0000BB42B8BF3B466FF031029342D4BFC4F89A
:10AB10007039C4F8702984F87859EEE6A4F8843ABC
:10AB20000023D1E7142B14BF6FF07A036FF0820378
:10AB3000E4E7FA2B1DD040F6CD12904208D8292B1D
:10AB40001AD03E2B14BF6FF07A036FF07D03D5E768
:10AB5000B3F5FA7F14BF6FF07A036FF07403CDE79B
:10AB60006FF08003CAE76FF08303C7E76FF08603D7
:10AB7000C4E76FF07703C1E76FF07F03BEE794F897
:10AB80007829072A82BF02F00F06B6FA86F6760900
:10AB9000511C072A84F8781905D926B905F10D0248
:10ABA00097423FF7AAAE7F1B002FCCBF04226FF065
:10ABB0000302D21948BF073205EBE2059D42B8BF38
:10ABC0001D466FF031039D42D4BFC4F87059C4F8DC
:10ABD000703992E690F8C53A13B190F8D00A7047F0
:10ABE000C36813B193F8740070470720704790F85A
:10ABF000C53A13B190F8D10A7047C36813B193F8FE
:10AC0000750070470520704708B5FFF7E3FF082877
:10AC10008CBF1020202008BD12207047C36853B19C
:10AC200093F94C00162808DC6FF008039842B8BF6F
:10AC3000184640B270471620F6E71620F9E770B5BF
:10AC4000044686B00A4601A9E9F746FB94F8C42AEF
:10AC5000AAB1D4F8B03A0199994210D1D4F8B43AD3
:10AC6000029999420BD1D4F8B83A0399994206D186
:10AC7000D4F8BC1A049B4B4033F47F0327D02379CC
:10AC80003BBB32B3D4F8B03A019A9A4221D1D4F8FE
:10AC9000B43A029A9A421CD1D4F8B82A039B534082
:10ACA00033F07F4315D1D4F8BC2A049B534033F4CE
:10ACB0007F030ED19DF80F2094F8BB3A9A4208D03A
:10ACC00001AD0FCD04F52B640FC42B68236006B0D3
:10ACD00070BD236801A9D3F88C302046984750B145
:10ACE00001AD0FCD04F52B660FC62B683360012331
:10ACF00084F8C43AEBE784F8C40AE8E70021FFF7D8
:10AD00009EBF0121FFF79BBF2DE9F04304468BB0A6
:10AD100000F5376900F118064FF0FF324FF0FF33AE
:10AD20004846F8F7C7F93046FFF77EFC0028F3D015
:10AD30001022002105A8012704F516650BF064FA1E
:10AD40008DF82170099502AA01A9284609F05FF83B
:10AD5000DDF80480B8F1000F0BD0284609F054F854
:10AD6000029B002B12DB394604F11C00FFF7B1FCFB
:10AD70000CE02046E9F76CFA0A23A0FB03233946CE
:10AD800005A8F9F7E9F910F10B0F12D12069036852
:10AD9000DB6998472046E9F7FFFB00213046FFF7C3
:10ADA00098FCD4F8DC3A002BB6D0D4F8E00A9847E7
:10ADB000B2E788B9089B03F4FE13B3F5804F0BD1BB
:10ADC000CDE9030003AA04A9284609F020F8284683
:10ADD00009F01AF8039BC4E7284609F015F8D5E7EF
:10ADE00010B50446806808F0BBFA58B12046E9F770
:10ADF000D3FB236894F8721AD3F8A4302046BDE838
:10AE00001040184710BD38B50546044655F8143BA8
:10AE1000D3F89030984700212846FFF75AFC236862
:10AE200084F8C41A20469B6D98472046BDE83840F8
:10AE3000E9F7B2BBB2F5807F2DE9F84F04468946A9
:10AE400016464FDC03681B6B98470746002849D01D
:10AE500023682046DB6A98470546002842D1BFF3A5
:10AE60005B8F04F1180A01235AE8002F002A03D14E
:10AE70004AE800310029F7D1BFF35B8F32D1294670
:10AE800004F11C00FFF725FC206903689B699847C3
:10AE9000FFF7ECFB04F50668C4F8AC0A2046FFF7A0
:10AEA00030FF4946324640460BF087F904F51669F3
:10AEB000A4F88A6B484608F0A7FF23683246D3F807
:10AEC00094B041464B462046D84700280EDA206908
:10AED0000368DB69984750462946FFF7FAFB20468E
:10AEE000E9F75AFB00273846BDE8F88F294604F1F8
:10AEF0001400FFF7EEFB04F53760F8F7A1F8F2E76E
:10AF000038B50546044655F8143BD3F890309847B9
:10AF100028460021FFF7DDFB84F8C41A2046BDE86F
:10AF20003840E9F739BB38B505460C4611B9D0F8B9
:10AF3000744964B12B682846D3F898309847D5F8FF
:10AF400070391C44A042D4BF0020012038BD2046E7
:10AF5000FCE710B504461430FFF766FB08B9002083
:10AF600010BD04F11800FFF75FFB0028F7D123683C
:10AF70002046D3F8A03098470028F1D1014620465A
:10AF8000BDE81040FFF7CFBF38B503680546D3F8DA
:10AF9000BC3098472B680446D3F8C0302846984701
:10AFA00034B128B1E31F834202DC001B40B238BD3C
:10AFB0006FF00700FBE738B503680446D3F8BC30F0
:10AFC000984723680546D3F8C430204698472DB1EA
:10AFD00020B1401B0B2801DC40B238BD0C20FCE73F
:10AFE0002DE9F14F044698469DF82C609DF8289075
:10AFF0000F469346FFF7C8FF05462046FFF7DBFFE5
:10B0000023688246D3F8BC30204698474EB140B101
:10B0100086421FBF0BEB0602121A02F307024FFA19
:10B0200082FB5D45B8BF5D4669B25145A8BF514638
:10B0300049B284F84C7A84F84D1AA4F84E8A84F800
:10B04000509AB8F1000F0DD04FF47A7303FB08F358
:10B05000C4F88C392368D3F8B830204601B0BDE875
:10B06000F04F184743F69823F2E738B5044690F9B5
:10B070004D5AFFF7A0FF85420CDA94F84D1A236869
:10B08000013149B284F84D1A2046D3F8B8309847B8
:10B09000012038BD0020FCE700F1A802B0F8A43977
:10B0A0005B08A0F8A439B0F8A6395B08A0F8A63967
:10B0B000B0F8A8395B08A0F8A839B0F8AA395B083D
:10B0C000A0F8AA3908309042E8D1704738B590F816
:10B0D000703A90F84C2A90F94D4A0133DBB205469C
:10B0E00080F8703A6AB9221DD2B2082A07D809221C
:10B0F000B3FBF2F202EBC2029B1A043B5CB22046A5
:10B1000038BD03F00303012B09D0032B0AD02846D6
:10B11000FFF73AFFA04207DD95F94D4AEFE7013C02
:10B1200064B2F4E70134FBE72846FFF744FFA0428E
:10B13000F2DBE4E72DE9F04F85B090F94D5A01902C
:10B1400001ABCDE90230044605F1080102A8FFF782
:10B1500091FBB0F1FF3F80465BD005F1090102A8E9
:10B16000FFF788FB05F1070B5946814602A8FFF758
:10B1700081FB0746204694F850AAFFF71CFF854242
:10B1800094F94D6A13DAB9F1FF3F10D0A8EB090921
:10B19000B9F1310F0BDD711C236849B284F84D1AE7
:10B1A000D3F8B830204605B0BDE8F04F1847BBF1E2
:10B1B000140F29D804EBC505B5F8DC29772A23D963
:10B1C000B5F8DE394FF47A714B43B3FBF2F3BAF1C1
:10B1D000000F1CD00AEB4A0AB3EB4A0FD4BF01257B
:10B1E00000252046FFF7D0FE864212DD7B1C10D0E2
:10B1F000A7EB0807312F0CDCB8F1320F09DC45B1A1
:10B2000094F84D1A0139C7E74FF0FF33DFE7012506
:10B21000E7E705B0BDE8F08F38B5044690F94D5A20
:10B22000FFF7C9FE85422EDA94F94D1A01F10803A1
:10B23000142B28D804EBC103B3F8E4291AB3B3F8EC
:10B24000E63994F8505A4FF47A704343B3FBF2F363
:10B25000B3F5617F28BF132A8CBF01200020A5B160
:10B26000772A12D920B905EB8505B3EB450F09DD27
:10B270000131236849B284F84D1A2046D3F8B8301A
:10B280009847012038BD0020FCE70028F0D1F9E7FD
:10B2900038B500F11405044680F8711A2846FFF706
:10B2A000C3F968B123682046D3F890309847284600
:10B2B0000021FFF70EFA2046BDE83840E9F76CB9E7
:10B2C00038BD08B508F043FC0A220023E5F772FFF9
:10B2D00008BD704710B5044608F039FC0A22002367
:10B2E000E5F768FF4FF47A720023E5F713FFA368D0
:10B2F000184410BD38B505460C4608F028FC0A2253
:10B300000023E5F757FF4FF47A720023E5F702FFB9
:10B31000241AAC6038BD37B50368154604220C46C4
:10B320001B680DEB02019847A54206D9019B2D1B16
:10B33000B3FBF5F205FB12331C44204603B030BDCD
:10B3400070B5C0B0044600214FF4807268460AF020
:10B350005BFF6D46631E00203F34012113F8012F6F
:10B36000AE5C0EB9A9540130A342F7D140B070BD14
:10B370007047704770477047002070470020704743
:10B380000020704770477047202200210AF03CBF20
:10B390004FF49670704770470020704708B5202220
:10B3A00000210AF031FF002008BD7047142200215F
:10B3B0000AF02ABF704783684C21DB68184783680E
:10B3C0001B69184700207047F0B5044620B30020E1
:10B3D000235C261803B31A061FD503F13E02D2B22E
:10B3E0001D2A1CD903F12002D2B20F2A19D903F168
:10B3F0001002D2B2042A0FD8042200EB020C8C45B2
:10B400000AD8B6460127BA420DD1032A1BD1E02B38
:10B41000727812D19F2A14D8F0BD0122EDE70222E2
:10B42000EBE70322E9E71EF8015F002DF4D005F0F9
:10B43000C005802DF0D10137E5E7ED2B01D19F2A22
:10B44000EAD86046C4E7042AFBD1F02B727801D118
:10B450008F2AE0E7F42BF4D18F2AF1E7F8B50378CF
:10B460000B70427806460C468AB343F010030B700B
:10B470008368C1F80130C368C1F805300925338AF3
:10B4800033B1237843F020032370338A63530235AA
:10B49000738A33B1237843F040032370738A635374
:10B4A0000235706888B103787BB1C5F12001FFF7E0
:10B4B0008BFF074648B1237863F07F032370024671
:10B4C000716860190AF079FE3D44E8B2F8BD0125C3
:10B4D000D5E7002370B5C0E9093304460360C362B1
:10B4E0004AB308782070C30627D5082A23D9D1F893
:10B4F00001306362D1F80530A3620923860608D5BE
:10B50000012B0CBF03250B25AA4214D3CD5AA585C8
:10B510000233450606D59D1CEEB2B2420BD3CB5A80
:10B52000E3852B46000604D5D51A1F2D07DC002D18
:10B5300006DC01236370204670BD0123DEE71F2572
:10B540002A461944A01C25440AF037FE0023AB709C
:10B55000EFE770B504460E46154600214FF4C07261
:10B560000AF052FE0023C4E96233C4E96C33C4E933
:10B570006A3384F89031C4F8943184F89831C4F86F
:10B580009C3184F8A031C4F8A43100220023C4E91E
:10B590006E23C4F8806184F8845170BDF8B50D46FF
:10B5A000044600F5C077E37D26462BB108222946E4
:10B5B00020460AF038FE18B11834BC42F3D10026F8
:10B5C0003046F8BD0B69D21AB2F5616F05D3888A8F
:10B5D000012894BF002001207047002070472DE90A
:10B5E000F04FCDB00D46029200219B4618229DF8E7
:10B5F00058310393824600240AF006FE05F5C07315
:10B600002946019326460CAF039B5A462846E9F784
:10B6100041FEB8B3CB688A68ABEB03039B184FF0CD
:10B62000000242EB020C029A9B1A8A7D4FF00F0037
:10B630004FF0960E12FB00E26CF1000CB3EB020926
:10B6400007EBC40EC8464FF0000047F834806CEB9F
:10B6500000090DF11008CEF804904FF0010E08F823
:10B6600004E004F1010ED21807EBCE094FF0FF33CE
:10B6700040EB0C0008F80E3047F83E200234C9F8C1
:10B6800004000136019B18319942BDD1F3B20393F6
:10B690008AF80130002E3BD004ABCDE901330CAA6F
:10B6A00001261046B44237DC0022134616461146E6
:10B6B000944263D150F8335000EBC3020133546815
:10B6C00050F8331000EBC30201238AF80030039BCB
:10B6D0005268F6B29B1B8AF802606E1844EB0200B7
:10B6E0008AF80330C30F9B1940F100005B08491B27
:10B6F00043EAC07362EB04024010CAE90230D30F80
:10B700005B1842F100025B0843EAC273CAF81030CA
:10B7100050464DB0BDE8F08F029952F8088F11F9EC
:10B72000013FD2F804E002919C460F46731E114679
:10B7300051E9029BC8457EEB0B0507DBF34508BFCB
:10B74000C1450DD117F9015C654509DAC1E9009BD6
:10B75000013B17F8019C07F80199A1F10801E7D214
:10B7600001330CAD0CA945F8338001EBC30104ADE6
:10B77000C1F804E005F803C0013693E7019D15F90F
:10B78000017B0195002F394403DD8E42BCBF134677
:10B790000E4601328CE70123C0F88C1180F89031FD
:10B7A000C0F8941180F8983170470123C0F88C11CB
:10B7B00080F89031C0F8941180F89831704710B536
:10B7C0000299C0F89C11012180F8A011D0F8AC11A9
:10B7D0009DF80C400131C0F8AC1124B1D0F8B01183
:10B7E0000131C0F8B011C0E96E2310BDF8B5D1F831
:10B7F000887106460C46AFB19F4217D803F56175B4
:10B80000C1F88851D1F8A4510135C1F8A451E9F724
:10B81000F9FD3378012B02BFD4F8A8310133C4F805
:10B82000A83108E003F56175C1F888513022002184
:10B8300030460AF0E9FC3046F8BD2DE9F0430546F4
:10B840008FB00E4608F083F90A220023E5F7B2FC18
:10B850004FF47A720023E5F75DFC336807461B68F6
:10B86000304698473B4602460446294602A8FFF761
:10B87000BDFF9DF80830022B0CD195F88431DDE92D
:10B8800004985BB1B8F1000F08DAD5F8B431013390
:10B89000C5F8B43100200FB0BDE8F08314EB090403
:10B8A00048F100036FF00101621E43F1FF33914242
:10B8B0004FF000029A41EDD3336821465B68304671
:10B8C0009847204600F026F80520F0F7CFFE9DF8B7
:10B8D00018302846CDE900734A464346FFF76FFF0C
:10B8E0000120D8E710B50A460446E9F77BFD30B1E0
:10B8F000D4F88C01C2F5132101F52861084410BD6C
:10B90000704708B50120F0F729FF70470020704705
:10B91000002070477047F0B50346A1B11D68427919
:10B92000B1FBF2F12A888A4288B22DD91B7903F142
:10B930000042013A35F81220824204D20124AF1E9F
:10B94000E2B2934201D800201BE0621C37F812607B
:10B95000864217D8881B5A1E6423B3FBF2F1484372
:10B9600004F10041013914FB03F335F81110B3FB66
:10B97000F2F3891BC3F1640389B2B0FBF1F0184400
:10B98000C0B2F0BD1446DBE76420FAE708B5806872
:10B9900083681B689847C043C00F08BD10B4806817
:10B9A0008468E468A44610BC604701207047806842
:10B9B00005F0B2BC806805F0DABC806805F0A3BD74
:10B9C000806805F063BD806805F077BD806805F08C
:10B9D000A1BC806805F000BE806805F01CBE8068D0
:10B9E00005F048BE806805F03FBE806805F007BEE0
:10B9F000806805F008BE05F0FEBD05F0FEBD80685C
:10BA000005F0DFBD806805F0E1BD80688368002235
:10BA10005B6911461847704770474FF07C5070477C
:10BA200070470020002170470020002170474FF42C
:10BA300096707047002070470020704700207047C4
:10BA4000002070470020704770477047704770476C
:10BA50007047704700207047002070477047F0F72C
:10BA600061BBF0F7D7BD38B50D46FFF787FC04463C
:10BA700010B12846FFF787FC204638BD0520F0F7B7
:10BA8000FBBC89B2F0F7A8BABFF35B8F0068BFF3C5
:10BA90005B8F7047FFF774BC13B5044608466946D0
:10BAA000FEF79DFBD4F804256B4603CB04EBC202E2
:10BAB00091605060D4F80435A022013393FBF2F179
:10BAC00002FB1133C4F8043502B010BD37B504468B
:10BAD00008466946FEF783FB251D04F2045408223C
:10BAE000294668460AF09FFB18B92860686003B0D1
:10BAF00030BD0835A542F2D1F9E7F0B5ADB0074643
:10BB00000E461446F0F7CAFA88B1651CB02D8DF8C0
:10BB100000700ED9AF24B0252EB1224631460DF16A
:10BB200001000AF04AFB29466846FFF7AAFF2DB03C
:10BB3000F0BD002CF0D10125F5E74020EAF794B8DC
:10BB40000220EAF791B80120EAF78EB82020EAF740
:10BB50008BB800B54B1EAF2BAFB00A4611D8ADF86D
:10BB6000041001460DF106000AF027FBF0F7E0FA99
:10BB70000022002301A907F0ECFC10B90420EAF729
:10BB800073F82FB05DF804FB0820EAF76DB808B52C
:10BB90004FF48060EAF768F8BDE808404020EAF713
:10BBA00063B8F7B50E46044669463046FEF717FB04
:10BBB000251D04F204570822294668460AF033FB83
:10BBC00098B9337803F00303023B012B07D9D4F86B
:10BBD0000C350133C4F80C35012003B0F0BDD4F8A6
:10BBE00008350133C4F80835F6E70835BD42E2D11F
:10BBF0000020F2E72DE9F0430446002389B000F568
:10BC0000A05544F8043B074604352046A034FDF710
:10BC1000B7FCAC42F9D107F580534FF0000807F5A7
:10BC2000A159C3F8048407F1260409F106096846FE
:10BC30006E46FDF7A5FC0FCEA4F122050FC596E8D0
:10BC40000F0085E80F0004F8028C04F8018C4022F4
:10BC5000002120460AF0D8FA2022002104F14000F9
:10BC60000AF0D2FAC4F86280C4F8668004F16A006F
:10BC700014220021A0340AF0C7FA4C45D7D1384627
:10BC800009B0BDE8F08313B50023CDE900330446C5
:10BC900001A96846F1F796FC10B1002002B010BD72
:10BCA00001980028F4D02146E5F79EFA0028EFD14C
:10BCB0000120F3E710B50C46D1E9001203F08DF92D
:10BCC000031E04DB6068C31A5842584110BD0020AF
:10BCD000FCE7F8B504460E46236861681868A26858
:10BCE000036809685B68984708B90120F8BDA36834
:10BCF00093F8402022B96268136801331360EBE7C0
:10BD0000E2681D46114603F1200055F8047B41F816
:10BD1000047B8542F9D102F1200105F1200055F89C
:10BD2000047B41F8047B8542F9D193F8401082F8F6
:10BD3000401093F8411082F84110002182F842101F
:10BD4000D3F89410C2F8431093F8421082F84710C9
:10BD5000D3F88410916402F14C0003F1440103F123
:10BD6000840551F8047B40F8047BA942F9D1D3F84B
:10BD70008810C2F88C10D3F88C10C2F89010D3F849
:10BD80009030C2F89430E1689822304603F025F9EB
:10BD9000982805D162681368013313602269ABE704
:10BDA0000020A3E70B4601461868FFF792BF38B59D
:10BDB00005460C46D4E900010368A268DB680978EF
:10BDC000984708B9012007E0E1680422284603F0FB
:10BDD00004F9042801D0002038BDA16820222131B7
:10BDE000284603F0FAF820280246F4D1A168284634
:10BDF000013103F0F2F82028EDD1626813780133A5
:10BE00001370D7E700B5C3B0694603F079F9B0FA0B
:10BE100080F0400943B05DF804FB0022016002712C
:10BE2000704710B50C46C2B06946204603F068F969
:10BE300038B9204603F001F9B0FA80F0400942B069
:10BE400010BD0120FBE730B585B014461D46012228
:10BE5000002301A8CDE901338DF80C3003F041F83F
:10BE6000002802DA002005B030BD21462A4601A88C
:10BE700003F0A7F8044601A803F091F8002CF1DBC9
:10BE8000089B01201C60EEE710B50446EAF790FF1E
:10BE900020B12046BDE81040EAF7A6BF10BD7047AC
:10BEA0000120704701207047012070477047002033
:10BEB0007047002070477047704770477047704761
:10BEC000002070470020704700207047F0B500F553
:10BED00080530246D3F8D4500023184602F51D764D
:10BEE000B8279D4201DD082800D1F0BD07FB03F40F
:10BEF00091F800C0345DA44502BF00F24A4401300D
:10BF000042F824300133ECE7F0B402F24A429DF8E3
:10BF1000145050F822409DF818609DF82070002CB5
:10BF200016DB00F58052D2F8D420A24210DD03685F
:10BF30000897CDE90556B822D3F8B0500B7902FB2B
:10BF40000404AC4601F10A0204F51D71F0BC60471F
:10BF50000020F0BC7047F0B4052A0E46DDE9044528
:10BF600019460FD1052D20D923799A081DD12368B0
:10BF70006255053402680494D2F8CC403246A44697
:10BF8000F0BC6047062A10D1022D0ED9A278033DDD
:10BF9000AA420AD834F8033B0568CDE90442D5F833
:10BFA000D0403246A446F0BC6047F0BC7047114612
:10BFB0001A460123FDF7BFBE2DE9F0410D460446A8
:10BFC00006999DF81C309DF82080099F9DF82860F7
:10BFD000402205F14400FEF7E3F885F84200606F67
:10BFE00003681B689847C5F8880023682946D3F87A
:10BFF000AC3020469847B8F1030F10D1032E0BD96F
:10C0000023683946D3F8A8302046984720B104F574
:10C0100080540023C4F848310120BDE8F081B8F114
:10C02000010FF9D1002EF7D023683A46D3F8D88013
:10C03000294633462046C047EEE70023CA5C1AB1C2
:10C04000C25401331F2BF9D10022C2547047C0F3F0
:10C05000400080F0010000F00100704737B5036830
:10C0600001920D46D3F8A83001A90446984730B193
:10C0700004F580540023C4F84831FF232B7003B02B
:10C0800030BD08B520220AF0CEF8B0FA80F04009A1
:10C0900008BD10B5036804461B689847636883426F
:10C0A00028BF581C606010BD38B5044604F19805DF
:10C0B00094F84330084633B922462946FDF795FBEC
:10C0C000012384F84330284638BD10B502F24A42B5
:10C0D0000C4650F82230002B17DB00F58052D2F8C6
:10C0E000D4209A4211DDB82202FB030300F505714A
:10C0F00003F51D70FFF7D8FF214600F1200350F82B
:10C10000042B41F8042B9842F9D110BDF0B50C4630
:10C1100085B000F505710546204616461F46FFF717
:10C12000C3FF0023CDE90233CDE900730246214667
:10C1300033462846FDF744FF014648B140F6B83380
:10C14000009394F8423004F144022846FDF765FE5E
:10C1500005B0F0BD10B501238EB0CDE90131044624
:10C16000002306A901A8CDE903330593FFF776F96B
:10C1700006AA034604F505712046FDF7A5FC0EB09E
:10C1800010BD2DE9F3411F4691F84230FF2B0446C4
:10C190000D46164610D13A463146FDF7EAFC0246F6
:10C1A00040B32368D3F8E0602946C8232046B4464C
:10C1B00002B0BDE8F041604703685B6D984730B35B
:10C1C000314601233A462046FDF7E4FC0146A0B97A
:10C1D0004FF4FA7831463A462046FDF7CAFC01464C
:10C1E00040B1CDF8008095F8423005F14402204678
:10C1F000FDF713FE02B0BDE8F081C823009395F867
:10C20000423005F144022046FDF707FEE0E74FF01B
:10C21000C808DFE72DE9F04F03F24A4389B050F830
:10C2200023B0BBF1000F0E46DDE9129714990446C6
:10C2300063DB00F58053D3F8D4305B455DDD4FF010
:10C24000B80808FB0BF808F51D75022A054440F0F4
:10C25000C380052951D93A793B684FF0000A92080A
:10C2600007F801A052D1406F059302681268904709
:10C27000A044059BC8F8FC02226807F10508CDF828
:10C280000080D2F8B4A0294632462046D047404626
:10C29000E4F7BCFF804620230DF1180AB844CDE92D
:10C2A00000533A46431D04215046E7F707FE98F82D
:10C2B0000630206F8DF81C30036801221B680DF1D9
:10C2C0001D0198473078FFF7C2FE0623C0B1CDE9C3
:10C2D00002A303230193337900934A4606F10A032C
:10C2E00029462046FDF76CFE024630B123682946F8
:10C2F000D3F8E0602046C823B04709B0BDE8F08F0E
:10C30000524629462046FFF73CFFF6E7012A27D18F
:10C31000026805370097D2F8B87029463246B84708
:10C320003078FFF794FE0028E7D0CDE902AACDF8D7
:10C3300004A0337900934A4606F10A0329462046B1
:10C34000FDF73EFE02460028D7D02368D3F8E06010
:10C35000534629462046B44609B0BDE8F04F604731
:10C36000022ACAD180440593D8F80823934288BF93
:10C37000C8F80833406F026812689047B82202FB81
:10C380000B4B07F10908CBF8FC022268CDF80480BA
:10C39000791D0091059BD2F8BCA029463246204663
:10C3A000D0474046E4F732FF202301930DF11808EF
:10C3B00004F5057300933A4600F109030421404651
:10C3C000E7F77CFD3078FFF742FE042310B1CDE99A
:10C3D00002837EE7424694E7002A56D104298CD98D
:10C3E0003B4600F5B25A0439076853F8042BC9B22A
:10C3F0000AF11C0A0091CDF804A0D7F8D4702946A0
:10C40000B847034600283FF478AF3078FFF71FFEA7
:10C41000B0B1CDE902A301230193337900934A46D9
:10C4200006F10A0329462046FDF7CAFD0246002808
:10C430003FF463AF2368D3F8E0604FF4967388E766
:10C44000CDE900A301214B462A462046FDF7CCFD4D
:10C45000014600283FF451AF04EB080393F8B632CD
:10C46000FF2B0BD008F52E724FF4967012902244D9
:10C47000204609B0BDE8F04FFDF7CFBC2368024667
:10C48000D3F8E0604FF4967363E7012A7FF435AF89
:10C4900000293FF432AF03683A46D3F8D890CBB2C4
:10C4A0002946C8473078FFF7D2FD00283FF425AF72
:10C4B000A04498F8B632FF2B3FF41FAF2368D3F89F
:10C4C000DC70337906F10A0229462046BC4609B0E1
:10C4D000BDE8F04F6047F8B500F580570E1ED7F85D
:10C4E000D4400CBF0C2314239C42054609DA631C7C
:10C4F000C7F8D430B82303FB040404F51D742046A8
:10C50000F8BDC6B14FF0FF31D7F8D4702A460020ED
:10C510000B46B84217DB002B13DBB82202FB035398
:10C5200003F51D74002EEAD12B682146D3F8A03004
:10C5300028469847E3E70368D3F8983098470028DF
:10C54000E0D10024DBE74EB192F8B4421CB9D2F836
:10C55000FC428C4212D30130B832DAE792F8B5428D
:10C56000E407F8D4D2F8FC42A142F4D992F8B4C25C
:10C57000BCF1000F1CBF21460346ECE721460346F1
:10C58000E9E7F0B5AFB00C4615460021B8220746E2
:10C5900068461E4609F038FE6846FCF7F1FFB822EF
:10C5A0006946204609F009FE2A4602F1200C25467C
:10C5B000106851682B4603C3083262451D46F7D107
:10C5C000FF2384F84230B11C04F12000FFF735FD51
:10C5D000337803F00F0384F840303378DB0641BF33
:10C5E000736AC4F88C30B36AC4F89030349BC4F8D2
:10C5F0008430786F03681B689847C4F888002FB0B0
:10C60000F0BD2DE9F04F90460A781F4602F0030274
:10C610000923D340DA07BFB004460E4603D5CB88C2
:10C620000BB90B894BB122683379D2F8F05003F083
:10C630003F033A4641462046A8479DF824214899A1
:10C6400004A8FEF746FF9DF81130002B60D09DF83E
:10C650001230002B5CD004F580534FF00009D3F862
:10C66000D4A004F51D73CA4543DC002596F800B03C
:10C6700004F5B25A2BF0030343F001030AF11C0A3C
:10C68000337051463046FDF7CEFDB146039009F8B0
:10C690000ABB7DB195F84010002976D1B82210A8C8
:10C6A00009F0B2FD10A8FCF76BFFB82210A92846CC
:10C6B00009F083FD9DF81010236801F00F01D3F8F5
:10C6C00090302046984748BB10A8FCF759FF04ABB0
:10C6D000424610A920460097FFF753FF2368CDF884
:10C6E0000090D3F8A4503379012210A92046A8471E
:10C6F0000EE0194640461D46FFF7C3FC05F1B8039E
:10C7000048B1B82303FB0949D9F8F832BB42ADD38D
:10C710003FB0BDE8F08F09F10109A4E72368204686
:10C72000D3F89C30984720B1337903F03F03984207
:10C73000CAD900212046FFF7CEFE0546C8B910A889
:10C74000FCF71EFF04AB424610A920460097FFF7F6
:10C7500018FF2368CDF80090D3F8A4503379204611
:10C76000012210A9A84723682046D3F8943098479F
:10C77000CEE704AB0146009742462046FFF701FF93
:10C780000023C5F8943085F843302368039A00925B
:10C79000D3F8F8B02022534641462046D8470DF141
:10C7A000120105F12000FFF748FC9DF81030C5F894
:10C7B000847003F00F02DB0642BF0D9BC5F88C307E
:10C7C0000E9B85F8402048BFC5F89030606F036825
:10C7D0001B689847C5F888002368CDF80090D3F807
:10C7E000A4703379002229462046B84790E72DE906
:10C7F000F047ACB00746DDF8D0A050468846154655
:10C800001E46E4F703FDA02804463BD8032E01D9B9
:10C810009E2837D806F003035146621C0DF10D0027
:10C8200002958DF80C300DF1080909F0C6FC651D64
:10C83000202307F5057ACDE900A335982B464A4613
:10C840000421E7F73BFB032E0DD905F1B0030DEBF7
:10C850000305002305F8A83C04F1B003E51D0DEB2A
:10C86000030404F8A26C51464046FFF71DFCCDE9D5
:10C8700000950346424602213846FDF7B5FB2CB031
:10C88000BDE8F0870020FAE72DE9F347D0F8609083
:10C890009DF828801F46D9F8003004460846D3F892
:10C8A00008A015460E46FDF784FC01464846D047D1
:10C8B00095F84230FF2B81461ED123682946D3F8D4
:10C8C000E0A0324600232046D04723684946D3F8EB
:10C8D000C03020469847012501463960B8F1000F65
:10C8E00006D02046FCF736FB04F58054C4F8480116
:10C8F000284602B0BDE8F08700220092314605F1DB
:10C9000044022046FDF789FA236895F84220D3F8BF
:10C91000C43049462046984702250146DDE7F7B571
:10C92000DDE909760197089F00970D460446FFF759
:10C930005EFF014648B1012308932A46334620464C
:10C9400003B0BDE8F040FFF79FBF03B0F0BD2DE995
:10C95000F043ADB00646DDF8D49048460F46904609
:10C960001D46E4F753FCA028044603D900202DB04F
:10C97000BDE8F0839DF8D030CDF8088005F00305C0
:10C9800045EA8305421C49460DF10D008DF80C5017
:10C9900009F013FC06F505713846FFF785FB0534F1
:10C9A00002AA03460092022101943A463046FDF75E
:10C9B0001BFB01460028D9D0012300933A46369B41
:10C9C0003046FFF761FFD2E72DE9F041ACB00546F4
:10C9D000349CA52C0F4690461E4603D900202CB04F
:10C9E000BDE8F081BDF8C830ADF808308DF80A40D8
:10C9F0002CB1339922460DF10B0009F0DEFB033414
:10CA00000621009402AB3A462846FDF742FB014658
:10CA10000028E3D0FF2E09D12B680246D3F8E4406A
:10CA2000394600232846A0470120D8E70023009379
:10CA3000424633462846FDF7F0F9F5E7F7B500F52D
:10CA4000B25603681C36D3F8F4502022334604460D
:10CA5000A847074610B9002003B0F0BD2046FCF7F8
:10CA600055FA05460028F6D0FAB23146FDF706FC25
:10CA70000023204601AA29460193FDF72AFA012046
:10CA8000EAE710B513460268D2F8F4402022A04726
:10CA9000C0B210BDF8B505460E461746FCF736FA8B
:10CAA000044610B900263046F8BD31463A46FDF737
:10CAB000E5FB064688B1237803F03C02102A0CD12E
:10CAC00043F001032370A86F036805F580559B6848
:10CAD00021469847C5F85846E5E721462846FCF721
:10CAE00029FADFE72DE9F0410E468AB00546406F8E
:10CAF0001F469046FFF7CDFA96F840300490032B7E
:10CB000033D1D6F8943005934046E4F77FFB0F28E5
:10CB10000246414688BF0F2206A8144609F04DFB85
:10CB2000083405F5057841463046FFF7BDFA04ABF9
:10CB3000CDE9000307210294334642462846FDF71B
:10CB40007DFA0146F8B10023009332463B46284661
:10CB5000FFF79AFE2B680446D3F8E83031462846A2
:10CB6000984720460AB0BDE8F0814046E4F74EFB06
:10CB70000F28024688BF0F221446414605A809F037
:10CB80001CFB0434CDE70446EBE72DE9F0430446F3
:10CB9000B3B0406F1D460E469046DDE93A97FFF769
:10CBA00078FA2A464146C9F80000049004F5057851
:10CBB00005A809F002FB41463046FFF775FA043537
:10CBC00004ABCDE9000307210295334642462046D7
:10CBD000FDF734FA014648B100233A9332463B460A
:10CBE000204633B0BDE8F043FFF74EBE33B0BDE89A
:10CBF000F0832DE9F043A82BB1B0DDE93897054665
:10CC00000E4690461C4625D8406FFFF742FA224652
:10CC1000C9F800000290414603A809F0CEFA05F5D4
:10CC200005713046FFF740FA043402AA0346009229
:10CC30000021019432462846FDF7D6F9014648B155
:10CC40000023389332463B46284631B0BDE8F043D6
:10CC5000FFF71ABE002031B0BDE8F0832DE9F041A6
:10CC600086B00446406F0C9F0D4616469846FFF767
:10CC700010FAC8F8000002908DF80C60206F0026B2
:10CC8000CDF80D60036804221B680DF1110198476F
:10CC900004F505712846FFF707FA0D22019202AA52
:10CCA0000346009231462A462046FDF79DF901468B
:10CCB00040B13B462A4620460C9606B0BDE8F041FE
:10CCC000FFF7E2BD06B0BDE8F081FF2381F84230F6
:10CCD00070472DE9F84300F580530E46D3F8D49001
:10CCE000174600F51D740025A94504DC4FF0000827
:10CCF0004046BDE8F88320463A46314609F093FAAB
:10CD0000A046B8340028F3D00135EDE738B50D461C
:10CD100091F84010B1FA81F14909FFF7DCFB0446B4
:10CD200038B1B822294609F048FA002384F8433084
:10CD3000012038BD2DE9F04700F5805A0546DAF8A4
:10CD4000D470894600F51D780024A7421FDD4046B7
:10CD50004946FFF796F908F1B808064608B90134C4
:10CD6000F3E77B1ECAF8D430B82303FB045403FB5B
:10CD70000755B834AC4202D13046BDE8F087B8223E
:10CD800004F51D7104F5DE7009F017FAF1E70026CD
:10CD9000F2E72DE9F84F00F580590646D9F85443DB
:10CDA000072C8A469346984603DD00252846BDE8B1
:10CDB000F88F04EB841404F58A570D3707442022BA
:10CDC0000021384609F020FAB8F1200F02D0B8F15E
:10CDD000100FEAD104F58A550C35354442465946C0
:10CDE000384604F58B5409F0E8F90D3443463A46C9
:10CDF00028460121E7F740F851463019FFF71DF9A1
:10CE0000D9F854330133C9F8543333682946D3F879
:10CE1000EC3030469847C9E7072908B50346104665
:10CE20000AD801EB8111194401F58A5141220C31D4
:10CE300009F0C3F9012008BD0020FCE770B500F53A
:10CE40008A540D3400254E1C20222146304609F01C
:10CE5000EAF930B10135082D04F14104F4D14FF065
:10CE6000FF35284670BD08B50346104603F58052CD
:10CE7000D2F8D4208A4208D9B82202FB013101F548
:10CE80001D7109F09AF9012008BD0020FCE72DE989
:10CE9000F84300F59A5507460C46914618354FF071
:10CEA00000084FF0FF36AB6A33B121462846FFF742
:10CEB000E8F810B1464609E0464608F10108B8F125
:10CEC000100F05F13005EED1731C26D0302303FB83
:10CED00006760FCC06F59A5518350FC594E80F0065
:10CEE00085E80F004FF47A7303FB09F106F59C53B4
:10CEF00038461960FCF72EF841F278330022F050E2
:10CF000041F28433F250786F03681B68984741F20E
:10CF10007C33F0500120BDE8F8830020FBE7F8B532
:10CF200000F59A5504460F4618350026202239464A
:10CF3000284609F078F978B9302303FB064303F556
:10CF40009C52106041F27832985041F284329850ED
:10CF500041F27C329850F8BD0136102E05F13005B3
:10CF6000E4D1F8E770B500F59A5500F5B2540E46D5
:10CF700018351834AB6A2BB120223146284609F007
:10CF800052F920B13035A542F4D1002070BD012006
:10CF9000FCE7F8B500F59A5405460F46183400260C
:10CFA000A36AC3B139462046FFF76BF898B1686FA2
:10CFB00003681B689847302404FB065441F27C3315
:10CFC000E05004F59C5328461968FBF7C3FF41F273
:10CFD0007833E050F8BD0136102E04F13004DFD173
:10CFE000F8E7F8B500F59C5605460F4604360024D0
:10CFF00056F8043C2BB304223946304609F013F9A5
:10D00000F8B930235C432E1941F28433F050686F35
:10D0100003681B68984741F27C33F05006F59C5337
:10D0200028461968FBF796FF41F2783304F59A51C8
:10D03000F0501831294428462022BDE8F840FFF777
:10D0400048BE0134102C06F13006D1D10020F8BDC5
:10D050002DE9F04F00F59A5400F5B25787B0054618
:10D06000183418374FF47A784FF020094FF0020A3D
:10D07000A36A93B1686F03681B689847626AA36AE2
:10D08000B3FBF8F303EB830302EB530282420AD8AB
:10D090000023A3622362E36263623034BC42E7D1BF
:10D0A00007B0BDE8F08F216A2846FBF747FF00284C
:10D0B000F3D0202221462846FFF70BFE0646002823
:10D0C000EBD090F84230FF2BE7D0686FFEF7E1FF1E
:10D0D00005F5057BD6F89430039003AACDF81130FE
:10D0E0000421092304F12C00CDE900B98DF810A02A
:10D0F000E6F7E4FE59463046FEF7D6FF092103AABB
:10D10000034601910092002132462846FCF76CFF4D
:10D11000014640B1002296F842300092284606F1BE
:10D120004402FCF77AFEA16A2846FBF713FF20624F
:10D13000B3E738B5044604F58055FCF7F2FBD5F8A3
:10D14000481159B12046FBF7F9FE38B12368204653
:10D15000D3F8C83098470023C5F84831D5F8581699
:10D1600059B1236820461B689847D5F858162046C1
:10D17000FBF7E0FE0023C5F858362046BDE83840EE
:10D18000FFF766BF431E0F3013F8012F1AB9834211
:10D19000FAD101207047002070470346BFF35B8F30
:10D1A00053E8000F43E80012002AF9D1BFF35B8F68
:10D1B0007047BFF35B8F0068BFF35B8F704706F06B
:10D1C00093BE7047002070470B0A017043700B0C30
:10D1D000090E8370C17070470068704700F5805079
:10D1E00090F88E08003818BF0120704700F50050F5
:10D1F0000B68C0F83C32704708B50846E3F710FDED
:10D200004FF08341E3F764FDE3F764FF00F5FA7044
:10D2100008BD704700F5805090F8D707704700F5BB
:10D22000805090F88108C04300F00100704700F57D
:10D23000805090F88D0800F00100704700F5805094
:10D2400090F890087047FFF7E7BDA0F5BA50A0F13D
:10D250001C00FFF7F8BFFFF706BEA0F5BA50A0F11B
:10D260001C00FFF7F8BFFFF751BDA0F5BA50A0F1C1
:10D270001C00FFF7F8BFEAF765BEA0F5BA50A0F1B1
:10D280001C00FFF7F8BF08B500F58050D0F8D008B3
:10D29000EAF702FD08BD10B400F580509DF8044087
:10D2A0000194D0F8D00810BCEAF72EBD00F58052EA
:10D2B0000346D2F8D00882F8771818B103F5BB51AD
:10D2C000E9F766BE704701F024BAFCF789BBFCF7AA
:10D2D000B7BB08B583220021006FFEF71CF814309D
:10D2E00008BD30B50023551ECC5C1CB1C4540133BD
:10D2F000AB42F9D3034410440022834200D130BD35
:10D3000003F8012BF9E7C0F3400080F0010000F0C2
:10D3100001007047F7B504460D4616461F4606F055
:10D3200016FC0A220023E3F745FF4FF47A7200232C
:10D33000E3F7F0FE04F50954203400903B463246F2
:10D3400029462046E7F7B8FF03B0F0BD2DE9F043CA
:10D35000044685B00846884615461E46FFF712FF6C
:10D3600004F58059074658B199F88F380133DBB27C
:10D3700032462946204605B0BDE8F043FCF7DBBC49
:10D3800029464046EAF726FE99F88F18ADF80C00BA
:10D390000131C9B20091334603AA29462046ADF8AF
:10D3A0000E70FCF7FFFC05B0BDE8F083F0B500F5AA
:10D3B00080560F4696F8EC3700F5BB5187B005460E
:10D3C0000431D3B9FEF7C6FE0446A0B107B306F692
:10D3D000B10302AA06F6C10618685968174603C7C2
:10D3E0000833B3423A46F7D10023224602A9284621
:10D3F000FFF7ACFF012007B0F0BD00F5BC54D4E945
:10D400000423CDE90023D4E90223E4F7E1F8DBE7C4
:10D4100001463A462846FCF743FDEBE72DE9FF417C
:10D4200000F50053044693F831340F4690466E469B
:10D430006BB110220021684608F0E6FE43463A46EA
:10D4400069462046FFF782FF04B0BDE8F08100F591
:10D45000805303F6B105EC4603F6C10328686968FA
:10D46000624603C208359D429446F7D104F5105533
:10D4700021352846FFF786FE43463A4600280CBF72
:10D4800029463146DDE711461A46FFF7C7BF00F5CA
:10D49000805393F875382BB1416F00F50950203057
:10D4A000FEF7CBB9704710B50446406E03681B68A1
:10D4B000984741F2883140184FF0000204F50953B3
:10D4C0005241C3E9060210BDFFF7EDBF10B542F2AD
:10D4D0005023C418C358626813430CD000F580531E
:10D4E00000F5BA511C31D3F8D008EAF71FFB00222F
:10D4F0000023C4E9002310BD10B500F50954D4E998
:10D500000632134304F120040CD000F5805300F5DB
:10D51000BA511C31D3F8D008EAF79AFB0022002355
:10D5200044E9022310BD10B5034603F580530846B5
:10D53000D3F8D83814462BB111469847231A5842CD
:10D54000584110BD1846FCE707B50023012201A988
:10D550008DF80430FFF7E7FF03B05DF804FB07B573
:10D5600001238DF80510022201A98DF80430FFF780
:10D57000DAFF03B05DF804FB1FB506248DF8044004
:10D580004C1E614261418DF80510ADF80620110C6A
:10D59000120E8DF809201A0C8DF80810ADF80A301B
:10D5A0008DF80C201B0E0A2201A98DF80D30FFF713
:10D5B000BAFF04B010BD10B4044604F58054084608
:10D5C00011461A46D4F8D4380BB110BC184710BC19
:10D5D00070472DE9F043ADB01C469DF8D830DDF81A
:10D5E000D0909DF8D480012B06460D469DF8E000B2
:10D5F0003799174643D1042841D906F5005CD1F884
:10D6000000E0DCF84822724539D10023CCF84832DA
:10D610002046FCF7A4FD70B34046FCF7A0FD50B3D4
:10D620008D23ADF804302B68CDF80630AB88ADF80B
:10D630000A304022434649460DF10D008DF80C801A
:10D64000FCF79DFD00F1B00300F10A080DEB0305A6
:10D6500001A8234640223946404405F8A34CFCF774
:10D660008EFD00EB08039DF80410013B0DF105024F
:10D670003046FFF7A0FF00202DB0BDE8F083CDE9D4
:10D680003710CDE935833A46234629463046CDF852
:10D69000D0902DB0BDE8F043FEF78EBC70B50446C7
:10D6A0000D460121EBF736F82A4620462023BDE837
:10D6B00070408121FFF77FBF032B01D9EBF750B8F2
:10D6C00070472DE9F041ACB00446329DAD2D0846BF
:10D6D00017461E461DDC4FF081414FF088088DF83B
:10D6E0000080E3F7F5FAE3F7CFFC8DF80100384648
:10D6F000E3F7CAFC2A468DF8020031460DF103001B
:10D7000008F05BFDAB1C0DF1010241462046FFF71E
:10D7100052FF2CB0BDE8F0812DE9F041ACB00546D8
:10D720009DF8C8000F4611469DF8D42000F0030470
:10D7300002F10C0842FA04F408EB0406AF2E2FDCC9
:10D740004FF0890CCDE901138DF803003499ADF841
:10D7500000C003A88DF8022008F02FFD684622467D
:10D760003399404408F029FD06F1B00397F902010E
:10D770000DEB0304E3F758FA4FF07A51E3F7A8FAF8
:10D780004FF08141E3F7A4FAE3F77EFC9DF8001027
:10D7900004F8B00C33460DF101022846FFF70BFFE9
:10D7A0002CB0BDE8F08170B54B88AC2BACB0054611
:10D7B0000C462CD88E2391F902018DF80030E3F746
:10D7C00033FA4FF07A51E3F783FA4FF08141E3F7F0
:10D7D0007FFAE3F759FC8DF80100286E03689B6B14
:10D7E0009847E3F751FC668823798DF802003246AA
:10D7F00004F14A0101A88DF8033008F0DEFC9DF821
:10D800000010F31C0DF101022846FFF7D4FE2CB0E6
:10D8100070BD70B54B88AC2BACB005460C462CD80F
:10D82000842391F902018DF80030E3F7FDF94FF000
:10D830007A51E3F74DFA4FF08141E3F749FAE3F704
:10D8400023FC8DF80100286E03689B6B9847E3F773
:10D850001BFC66888DF80200FF23324604F14A0162
:10D8600001A88DF8033008F0A8FC9DF80010F31C07
:10D870000DF101022846FFF79EFE2CB070BD00237B
:10D880001A469021FFF797BE70B500F580530D46FC
:10D8900004462022D3F8D008FEF702FB2A46204691
:10D8A0002023BDE870408F21FFF785BEF8B50646FE
:10D8B0000D4614460AB10270012433192A4618464F
:10D8C00005F1200152F8047B40F8047B8A42F9D12B
:10D8D00095F8402083F8202095F8412083F82120F6
:10D8E00095F8422083F8222004F1230305F1440235
:10D8F000334405F1840052F8047B43F8047B8242F0
:10D90000F9D104F1630030442022FFF7EAFC04F16E
:10D910008300D5F884103044FFF756FC04F18700EB
:10D92000D5F88C103044FFF74FFC04F18B00D5F88C
:10D9300090103044FFF748FC04F18F003044D5F8D4
:10D940008810FFF741FC04F19300F8BD2DE9F04F7A
:10D95000A7B00D46DDF8C0A011460446164699460C
:10D96000EAF7D8FEBAF1000F47D04846FCF7F7FBBC
:10D97000002842D004F500576C20D7F82C82296883
:10D9800000FB08FB0BF5DB530C33E218E150AB88CE
:10D990009380AB7993710BF5DB53143305F12002BF
:10D9A000234405F1400152F8040B43F8040B8A426A
:10D9B000F9D1606F03681B6898476C2303FB084824
:10D9C00041F69433402248F803000BF5DC50183040
:10D9D0004B4651462044FCF7E3FB41F6733308F80D
:10D9E0000300D7F82C3201335A4202F00F0203F041
:10D9F0000F0358BF5342C7F82C326EB1294600229C
:10DA000001A8FFF753FF01AA03468A212046FFF72A
:10DA1000D2FD27B0BDE8F08F20232A468021204682
:10DA200027B0BDE8F04FFFF7C6BD30B500F5005296
:10DA300092F86A45072C0FD892F8693542F2605582
:10DA40001844013303F007030134415582F8693566
:10DA500082F86A45012030BD0020FCE730B59FB058
:10DA60000DAA04460D46FFF7D7F908B312238DF827
:10DA700000308DF801500DF155030DF102020DF14A
:10DA8000750153F8040B42F8040B8B42F9D10DF1E8
:10DA900035030DF122020DF1450153F8040B42F854
:10DAA000040B8B42F9D1322269462046FFF73BFD39
:10DAB0001FB030BD70B5054600F5005442F2605607
:10DAC00094F86A3503B970BD94F868352B4428463C
:10DAD000995DFFF7C3FF0028F5D094F8683501334E
:10DAE00003F0070384F8683594F86A35013B84F83D
:10DAF0006A35E5E770B50446FFF71BFB2046FFF7E4
:10DB0000D9FF606E03681B68984742F25023E11802
:10DB1000E2584B6852EA030105464FF0000606D072
:10DB2000904276EB030302DB2046FFF7CFFC04F5BF
:10DB30000953203353F8082C53F8043C52EA0301EC
:10DB400008D0954276EB030304DB2046BDE8704025
:10DB5000FFF7D2BC70BD2DE9F041ACB00646339C56
:10DB6000A72C884615461F463DD81B238DF800304C
:10DB7000002A3BD092F90201E3F756F84FF07A51B0
:10DB8000E3F7A6F84FF08141E3F7A2F8E3F77CFA58
:10DB900040B28DF80100002341463046ADF8023016
:10DBA000FFF74CF98DF8040015B32878FFF7ABFBAD
:10DBB000F0B12B798DF80530ADF806708DF808407E
:10DBC000C4B1224632990DF1090008F0F6FA04F1C9
:10DBD000090269463046EAF789FE00231A46832186
:10DBE0003046FFF7E8FC2CB0BDE8F0811046D0E7E6
:10DBF000FF23DFE70922ECE710B50446084611468B
:10DC000004F58052D2F8643A83B1D2F85C3AAD227E
:10DC10005343E21802F5C85203F5C85312780A605C
:10DC20000133E11808F0C9FA012010BD1846FCE7DD
:10DC300000F58050D0F8642A5AB1D0F85C3A01332C
:10DC400003F0010348BF5B42013AC0F85C3AC0F8F8
:10DC5000642A7047F8B50446406E03681B680E4698
:10DC60001546984704F5D351002218311301CF5CB3
:10DC700077B9234441F66C2241F670219E5003F59A
:10DC80008052C2F8745A5850012382F8783AF8BD8D
:10DC90000132102AEAD141F670270123002204EB59
:10DCA000070E190104EB021C5EF801105CF807C0B6
:10DCB000A1EB0C0132EA210228BF1A460133102BD6
:10DCC000EFD104EB021441F66C2341F67022E650CA
:10DCD00004F58053C3F8745AA050012283F8782ABF
:10DCE000D5E730B500F5D3540C340023257B95B12E
:10DCF00025688D420FD11B0122B1C41841F6702155
:10DD000061581160034403F580530022D3F8740A6C
:10DD100083F8782A30BD0133102B04F11004E5D1CB
:10DD20004FF0FF30F6E770B5B2B000230D4601AA00
:10DD3000096801930446FFF7D4FF061E08DB04A818
:10DD4000FBF71EFC04AA31462046FFF78CF830B9D9
:10DD50002946204632B0BDE87040FFF742B92B6833
:10DD6000606E029303681B689847019BC01A0823E2
:10DD70000DEB0302039082212046FFF71CFC2022BA
:10DD800004A92046FEF7A5FF32B070BD2DE9F04F83
:10DD90009B4600F50053ADB093F82034022BDDE92B
:10DDA00037A806460F46914661D910238DF80030FA
:10DDB000002A5AD092F90201E2F736FF4FF07A5169
:10DDC000E2F786FF4FF08141E2F782FFE3F75CF96B
:10DDD00040B200238DF80100ADF8023004246D46F6
:10DDE00039684DF804102B19B9889980A31DB9F131
:10DDF000000F41D099F80000FFF785FA00283BD0CA
:10DE000099F804203699B0336B4404F1080003F804
:10DE1000B02C04F1B0036B44284403F8A9BCFFF70D
:10DE2000D3F9B8F1000F04F10C0408DDBAF1000FCA
:10DE300005D028194246514608F0BFF944443998A4
:10DE4000E3F7E4F92718B02F024684BFB027C4F1E6
:10DE5000B0023999281908F0B0F93A4629463046F7
:10DE6000EAF744FD2DB0BDE8F08F1046B1E7072377
:10DE70008DF800300124B2E7FF22C3E72DE9F0431B
:10DE800085B0044600279846DDF830900E461546CA
:10DE9000FFF77FF820463B462A463146CDE9017719
:10DEA000CDF80C90CDF80080FFF770FF204604F508
:10DEB00080543B463A468321FFF77DFBD4F8643A11
:10DEC0006DB12878FFF71FFA48B128799BB24A460E
:10DED00006F1200105B0BDE8F04300F01BBCFF20B7
:10DEE000F4E72DE9FF410A9D044698460E46174681
:10DEF000FFF74FF8039500253A4631462046CDE915
:10DF00000155CDF800800123FFF740FF2B462A463C
:10DF10008321204604B0BDE8F041FFF74CBB2DE95A
:10DF2000F04385B00446DDE90C981F460E461546C1
:10DF3000FFF72FF820460121EAF7ECFB04232046E7
:10DF4000CDE901932A4602233146CDF80C80009793
:10DF5000FFF71CFF0023204604F580541A46832156
:10DF6000FFF729FBD4F8643A6DB12878FFF7CBF9B5
:10DF700048B128799BB2424606F1200105B0BDE8C0
:10DF8000F04300F0C7BBFF20F4E700F5105338332F
:10DF900070B50A460C46054603F1200153F8040B00
:10DFA00042F8040B8B42F9D1012384F8403005F587
:10DFB0008053002693F8CC3884F841304022314613
:10DFC000A4F8426004F1440008F01EF9762305F538
:10DFD000BB5105F5005584F820301F22043104F1AF
:10DFE0002100FFF77EF9D5F85834C4F89460C4E9ED
:10DFF0002133C4E9236670BD70B500F58054D4B0F8
:10E0000094F8E86805466EB3D4F8EC28D4F8F038F4
:10E010009A422ADA26A8FBF7B3FAD4F8EC1826AA13
:10E020002846FEF720FFC0B19DF8D830ABB1489B21
:10E03000D4F8FC28934210D9D4F8F828934201D997
:10E04000C4F8F838032226A901A8FFF72FFC01A97C
:10E0500002462846FFF767FA20B1D4F8EC380133BE
:10E06000C4F8EC38304654B070BD19D194F8F43887
:10E07000002BF2D000F50053D4F8FC28D3F8583424
:10E080009342EAD9D4F8F828934288BFC4F8F83804
:10E0900026A8FBF775FA26A92846FFF776FFD1E7F1
:10E0A00004238DF89830D4F8F8388DF899301A0A8E
:10E0B0008DF89A201A0C8DF89B201B0E052226A99C
:10E0C0008DF89C30FFF72FFA0028CBD0002684F87B
:10E0D000E868C7E710B50446406F0368D4B01B6812
:10E0E000984704F50053C3F8580426A8FBF748FAEC
:10E0F00026A92046FFF749FF26A9002201A8FFF71D
:10E10000D5FB01AA03468A212046FFF754FA54B0F2
:10E1100010BD10B5044604F58053084693F8C8387E
:10E120005BB1202A04F51051A8BF2022383108F035
:10E130007AF8B0FA80F0400910BD1846FCE72DE9E6
:10E14000F047D8B006462AA80F46FBF719FA2AA9C5
:10E150003046FFF71AFF3846E3F758F80DF110097B
:10E1600005464FF0200A85B906F5005393F81E25A1
:10E1700042B993F81F352BB92B462A4683213046E6
:10E18000FFF719FA58B0BDE8F087962D36D99623D7
:10E190009846013BFA5C0A2A03D04B2BF8D14FF08A
:10E1A0009608424639464846002408F006F809F821
:10E1B00008404B4613F8012B01340D2A08BF03F821
:10E1C00001ACA045F6D109EB04022346002012F869
:10E1D000011D0A2903F1FF3312D0202910D0706FDE
:10E1E000FDF757FF00230090CDE90133CDF80C90E7
:10E1F0001A462AA93046FFF7C9FD04E0A846D0E731
:10E200001070002BE3D127442D1BACE770B500F54F
:10E210008053044693F8C8380D4683B379B30B781E
:10E220006BB3EAF775FC58BB04F5005696F81D056C
:10E23000012810D904F513531D3304F512521D3271
:10E2400003F1400153F8040B42F8040B8B42F9D15F
:10E25000012086F81D0504EB801000F512503F22C6
:10E2600029461D3008F01FF896F81D3542F2DC42B1
:10E2700004EB831400210133A15486F81D3570BDD1
:10E2800029462046BDE87040FFF759BF73B500F539
:10E2900000530446D3F820657EB1002500F51450E4
:10E2A000C3F82055283005F08EFA08236A468221EB
:10E2B0002046CDE90065FFF77EF902B070BD006B26
:10E2C000FFF7E4BF10B50446FBF729FB2046EAF749
:10E2D0002DFC2046EAF71CFC38B1606F03681B6810
:10E2E000984704F50054C4F8580410BD10B500F563
:10E2F0008053044693F8C83863B100F5005393F88F
:10E300001F353BB9EAF704FC20B12046BDE81040B8
:10E31000FFF7E0BE10BDF8B500F58053044693F852
:10E32000C838ABB1EAF7F4FB90B104F50055D5F865
:10E33000583413B92046FFF7D9FF002642F29D4713
:10E3400095F81D35F1B28B4203D8002385F81D35B1
:10E35000F8BD07EB811121442046FFF7F0FE01369E
:10E36000EEE700F51052202338328F21FFF723B952
:10E3700000F5805393F8C8380BB1EAF721BC184672
:10E380007047F8B59DF8184015465CB31A78032A13
:10E3900038D100F5805691F8411096F88278022F16
:10E3A0004FEA510120D0012F14BF002201F00102D9
:10E3B00096F88378022F19D142F0020296F8846809
:10E3C000022E19D142F00402012C1CBF5B789A4343
:10E3D00012F0010406D0079941F8045BE3F728F92D
:10E3E000041DE4B22046F8BD0122E1E7012F04BF7D
:10E3F00001F002073A43E1E7012E04BF01F00401F6
:10E400000A43E1E70024EDE72DE9F04F00F5DC5782
:10E4100000F509569DB00C46904614371436002579
:10E420004FF06C0901F1280AD7F800C0BCF1000FC9
:10E430000BD0A8452ADD09FB05406C22A7F1280175
:10E4400007F0BBFE05F1010B5D466C37B742EBD11F
:10E45000002705F1FF39B9451BDC28461DB0BDE892
:10E46000F08F09FB03F05AF80000884238BF1A46C3
:10E47000013309FB0240AB42816AF2DB8C45E4D9EF
:10E480006C22A7F1280107F098FEDEE701230022A5
:10E49000EFE701372646B846454501D16C34DAE747
:10E4A000D6F89420A36A9A4206F16C060ED96C2223
:10E4B000214601A807F081FE6C223146204607F074
:10E4C0007CFE6C2201A9304607F077FE08F10108B6
:10E4D000E2E7072A2DE9F041A8BF072200F5DB5546
:10E4E00000F508540F4616460C352C34AB6AA84686
:10E4F0002BB132463946284607F095FE20B16C35DF
:10E50000A542F3D14FF000084046BDE8F08110B5B8
:10E51000421E0A24002012F8013F303BD9B20929DB
:10E5200000D910BD04FB0030F5E70346184601335F
:10E530000278202AFAD0704708B505F008FB0A22B5
:10E540000023E2F737FE08BDF7B51546FFF7EDFFEC
:10E550000C460646EAF7A0FC074610B12C600127DE
:10E5600012E0019001A93046F8F79AFE044601989E
:10E57000B04209D0FFF7D9FF03782BB921462046D6
:10E58000E2F73AFD0028E9D1384603B0F0BDF7B50F
:10E590001446FFF7CAFF0E460546EAF77DFC07461C
:10E5A00020B126600127384603B0F0BD019001A9D3
:10E5B0000A222846F8F7EEFF01460198A842F2D059
:10E5C000FFF7B3FF0378002BEDD12160EAE70023CA
:10E5D000CA5C1AB1C25401330F2BF9D1C3F1100236
:10E5E0000021184407F010BE0023CA5C1AB1C254BF
:10E5F00001331F2BF9D10022C2547047F8B50646EB
:10E6000008461546FFF791FF0746EAF745FC044622
:10E6100008B12846F8BD31593846E2F7E5FD10B992
:10E6200034442079F6E70834202CF4D14FF0FF3041
:10E63000F0E7C26892F84E305B003B2BDCBF002352
:10E6400082F84E30006903681B68184710B504460D
:10E6500050F8880C036894B05B6C984770B9FFF76A
:10E660006BFFD4E90E239042994107DAC8220023B8
:10E67000204614B0BDE81040F4F72ABF94F83030BB
:10E6800054F8980C022B07D0032B036809D05B6A5F
:10E6900014B0BDE81040184714B0BDE81040FBF7B7
:10E6A00074BF54F88C1C1B6C6A460431984714B034
:10E6B00010BD10B580F8C8100446FFF73DFF41F2C9
:10E6C0008833C01841F10001C4E9340144F62062E6
:10E6D00004F198000023BDE81040F4F7C1BE836840
:10E6E0009B6A03B11847704770477047E7F720B936
:10E6F000704708B50020EDF7D5FDFCF73CFEBDE8FE
:10E700000840FEF75EBD7047704770477047E9F7F5
:10E71000EDBC704708B51846EDF7CEFEBDE80840E1
:10E720000120EDF7A9BE08B5BDF80800EDF7C4FE5D
:10E73000BDE808400220EDF79FBEFEE7EEF734BECD
:10E74000EEF74CBE00EBC100408840087047F8B5BA
:10E750000346FFF7F7FFB0FA80F0C0F11F0003EBAC
:10E76000800CCA00DCF81060171D0C4606328DB212
:10E7700056B9012101FA00F0D9680143D960CCF8FB
:10E780001040DD539D52F8BDF1000431585AD85362
:10E7900003EBC0009E52C5805D52F4E710B500EB5C
:10E7A000C104E388994202F104010AD1012303FA6A
:10E7B00002F2C36823EA0203C360002340F8213059
:10E7C00010BDA28840F8213000EBC20100EBC3006D
:10E7D000CB808280F4E708B50346FFF7B3FFB0FAB9
:10E7E00080F2C2F11F021846BDE80840FFF7D6BF0D
:10E7F0002DE9F843B1FA81F3C3F11F0200EB82095E
:10E800000646D9F810700D4687B9C3F120034FF0C2
:10E81000FF349C40F3681C4014D094FAA4F2B2FA7E
:10E8200082F2131D56F82340214608E03C464FF083
:10E83000030821463046FFF785FFA84205D330463E
:10E84000FFF7ACFF2046BDE8F88306EBC404B8F13F
:10E850000108E488C9F81040D7D0A742E9D1D4E72D
:10E8600038B50446FFF76EFF0D46034611462046B5
:10E87000FFF768FF03449BB204EBC5055A006A80AA
:10E880002046FFF75FFF014424F8313038BD70B5F2
:10E890000446FFF757FF0B4604EBC305511A9B1ABA
:10E8A00089B203444E009BB204EBC2006E805D004F
:10E8B000458024F8321020461146FFF743FF0144FB
:10E8C00024F8313070BDF8B5002951D004680D1F0F
:10E8D0002D1BEE0825F007056219538813F001037C
:10E8E00006D183F31188BFF36F8F0423184602DF2C
:10E8F00031462046FFF726FF304434F83030C01A46
:10E90000864207D0002383F31188BFF36F8F04235F
:10E91000184602DF538823F0010353803146204616
:10E92000FFF710FF371804EBC7035B88DA0708D43A
:10E9300039462046FFF74FFF3A4631462046FFF75B
:10E940008FFF655B751B04EBC5035B88DB0709D490
:10E9500029462046FFF73FFF324629462046FFF76B
:10E960007FFF2E4631462046BDE8F840FFF7EFBE58
:10E97000F8BD70B509B9002070BD056801F0070346
:10E980000B33CC0804EBD304AB689C4228BF1C4675
:10E9900021462846FFF72CFF06460028EBD001460B
:10E9A0002846FFF7CFFEA04207D932192846FFF7C5
:10E9B0006EFF11462846FFF7CAFE05EBC602104659
:10E9C000538843F0010353800430D5E71146FFF725
:10E9D000D0BF2DE9F84314464A4202EA010931EA60
:10E9E000020203460BD04A46042A4F4628BF04229F
:10E9F000A1EB09096CB900252846BDE8F883042974
:10EA000004D82146BDE8F843FFF7B3BF002704222E
:10EA1000F0E71E68A9EB020204F0070302F0070109
:10EA20000B330B44E10801EBD20101EBD301B368D6
:10EA3000994228BF19463046FFF7DAFE8046002883
:10EA4000D9D03D1D05EBC00509F1FF3335441D4408
:10EA5000B5FBF9F509FB05F5ED1B2C442B1F07341D
:10EA60009B1B24F00704A41BB0EBD30F4FEAD30782
:10EA70004FEAE40408D201463A463046FFF707FF62
:10EA800041463046FFF763FE39463046FFF75AFEEF
:10EA90003844844207D230462246FFF7F8FE21462A
:10EAA0003046FFF754FE06EBC706738843F00103B8
:10EAB0007380A1E7043A2DE9F843CC1D114424F0FA
:10EAC000070421F00706A6EB04084FEAD807B7FAB7
:10EAD00087F2C2F12405AD004FF000090735C2F1FD
:10EAE0002002ED0804604946A760C4F80C9092002B
:10EAF00004F1100007F088FBAAB2530043F00103B1
:10EB000063807B1B9BB204EBC5015800A4F8009006
:10EB1000488024F83520A6F8029024F8083004EB49
:10EB2000C70329465A8842F001025A802046BDE8B0
:10EB3000F843FFF70CBE002070470FB407B504A9D7
:10EB400051F8040B0191EDF7D7FD03B05DF804EB2C
:10EB500004B0704708B5EFF31183102383F31288D4
:10EB6000BFF36F8FEDF77CFE70B50C880646888882
:10EB7000241A3069A4B2844285B224BF641BA4B2B3
:10EB80002D1BA8B2984228BF18463368234413604F
:10EB90000B8803440B8070BD70B483898588066937
:10EBA000ED1AADB2731B934228BF134670BC0A46E0
:10EBB000011DFFF7D9BF10B54B880C88E41AA4B229
:10EBC00094420ED31A4492B28B884A800A8000691C
:10EBD000D21A92B2824201D2002010BD03448B802F
:10EBE000FAE76FF01500F8E72DE9F34106460F4606
:10EBF00015464FF000082A4601A93046FFF7CCFF22
:10EC0000044640B102463946019807F0D6FA2D1B5A
:10EC1000A0442744EFD14246311D3046FFF7CBFFD9
:10EC2000404602B0BDE8F0817047F0B51E4643682B
:10EC30005C68012067688840C2F3801327EA0007F8
:10EC40008B403B43636090FAA0F7B7FA87F7D4F89C
:10EC500008C04FF0030E7F000EFA07F72CEA070CEE
:10EC600090FAA0F7B7FA87F7C2F3C1137F00BB4051
:10EC700043EA0C03A36090FAA0F3B3FA83F3E768C6
:10EC80005B000EFA03F327EA030790FAA0F3B3FA46
:10EC900083F302F030055B00C2F341229A403A430D
:10ECA000202DE26016D107292CD890FAA0F3226A11
:10ECB00033B3B3FA83F39B000F2101FA03F322EA83
:10ECC000030290FAA0F3B3FA83F39B0006FA03F36E
:10ECD0001343236290FAA0F3B3FA83F3226890FA05
:10ECE000A0F003215B00B0FA80F001FA03F34000CA
:10ECF0002D0922EA030385401D4325600020F0BD55
:10ED00002B46D8E7030A616A93FAA3F282B1B2FAFA
:10ED100082F292000F2793FAA3F3B3FA83F307FA70
:10ED200002F29B0021EA02029E4016436662D1E78E
:10ED30002A46EEE7C3693BB1DB682BB1DB69187982
:10ED4000B0FA80F0400970470120704770B5C5697E
:10ED500004460E460DB103232B712046FFF7EAFF50
:10ED6000A8B103212046B047002802DA10F1860F2F
:10ED70000ED1012125B920463346BDE87040184721
:10ED800029712046B047002802DB00232B710020A8
:10ED900070BD002908DB8068884205D9401A90427E
:10EDA00034BF00200120704700207047704770B5C5
:10EDB00016461A4605460C46FFF7EBFF48B1696850
:10EDC000E8682144826814683246A446BDE8704071
:10EDD00060476FF0150070BD70B516461A460546BF
:10EDE0000C46FFF7D6FF48B16968E868214482689D
:10EDF00054683246A446BDE8704060476FF0150085
:10EE000070BD10B50B460446FFF7C3FF30B1616813
:10EE1000E0681944BDE8104000F005B86FF0150037
:10EE200010BDC06870472DE9F0418768FB68044653
:10EE30000D4616469847BB682BB1324629462046F8
:10EE4000BDE8F04118476FF05700BDE8F08107F0CA
:10EE5000DBB907F0B2B901460068EDF761BD08B54E
:10EE6000EDF78EFDBDE80840EEF788B800210120DF
:10EE7000EDF756BD08B5EEF71DF8EDF729FDEDF7F6
:10EE800033FDEEF7D3F8F3F781FE6FF0850070479E
:10EE900061B662B680F31188BFF36F8F704772B6A8
:10EEA000002383F31188BFF36F8FBFF34F8F30BF01
:10EEB00062B6BFF36F8F7047202809D9B0F1004FB9
:10EEC00008D80138B0FA80F0C0F11F004000704748
:10EED000082070473E20704708B5EEF72FFA002053
:10EEE00008BD2DE9F341054616460C46002944D0DD
:10EEF0000B782F2B41D14B78002B3ED04268002A53
:10EF00003ED101A8EEF7B6FA00283CD1019F97F850
:10EF10002030990702D516F0120F37D1FB691A6815
:10EF2000002A39D016F0400806D0B20731D55B6907
:10EF3000002B31D04FF001086F60FB6921461B6840
:10EF4000324628469847041E05DA00236B602046A7
:10EF500002B0BDE8F0812E72B8F1000FF7D0FB6966
:10EF600000215B6928469847041EF0DAFB69DB69DB
:10EF7000002BEAD028469847E7E76FF01504E6E74C
:10EF80006FF00F04E3E76FF00104E0E76FF01D049A
:10EF9000DDE76FF00C04DAE76FF08504D7E710B512
:10EFA0004368044643B1DB69DB693BB198470028FD
:10EFB00001DB0023636010BD1846FCE76FF085009D
:10EFC000F9E743681BB1DB695B681BB118476FF059
:10EFD000080070476FF08500704743681BB1DB691C
:10EFE0009B681BB118476FF0080070476FF08500F1
:10EFF000704743681BB1DB69DB681BB118476FF0D2
:10F00000080070476FF08500704743681BB1DB69EB
:10F010005B691BB118476FF0080070476FF08500FF
:10F02000704743681BB1DB699B691BB118476FF0E0
:10F03000080070476FF08500704713B50446B8B1FB
:10F0400003782F2B14D1437893B10146002201A8F5
:10F05000EEF710FA80B9019890F820309B070ED493
:10F06000C3695B6B73B1214602B0BDE8104018471D
:10F070006FF0150002B010BD6FF00100FAE76FF0FD
:10F080001D00F7E76FF08500F4E773B50D46044601
:10F0900018B96FF0150002B070BD03782F2BF8D1AE
:10F0A0004378002BF5D00029F3D00B782F2BF0D12B
:10F0B0004B78002BEDD0014601AA6846EEF7DAF94D
:10F0C000A8B9009E96F820309B0713D4019A2946D0
:10F0D000204607F0D6F80028DBD1F3699B6B63B1BB
:10F0E0002A462146304602B0BDE8704018476FF00E
:10F0F0000100D0E76FF01D00CDE76FF08500CAE793
:10F10000F7B50C460546002839D003782F2B36D1A9
:10F11000E2F77CF80128064609D142F60173238004
:10F120000023A370C4F80431002003B0F0BD01AA8D
:10F1300029466846EEF79EF9074618BBDDE900321E
:10F14000B61A012E10D82046012200F8012B9A6928
:10F15000D968FF2A28BFFF22013107F02EF884F872
:10F160000071C4F80471DFE7DA69166C6EB11846F5
:10F1700022462946334603B0BDE8F04018476FF0F9
:10F180001500D2E76FF00100CFE76FF08500CCE704
:10F1900037B50D460446A0B103782F2B11D1437823
:10F1A0007BB10146002201A8EEF764F968B9019825
:10F1B000C3695B6C63B12A46214603B0BDE83040A9
:10F1C00018476FF0150003B030BD6FF00100FAE78B
:10F1D0006FF08500F7E738B50446F8B14FF0FF301F
:10F1E0004FF0FF31EEF738F923688BB1E3691B6B01
:10F1F0008BB120469847051E06DBD4E90032136028
:10F200005A600023C4E90033EEF72EF9284638BDD2
:10F210006FF01505F8E76FF08505F5E76FF0150558
:10F22000F4E70020704730B5D0E900420D68531E66
:10F2300068682344834208D3AB68013B03449C4283
:10F2400005D84B689A4288BF4A60012030BD002033
:10F25000FCE708B5C26900685143FFF7D2FDBDE87D
:10F260000840EEF7B1BA38B5C5690068144605FB29
:10F2700001411A46049BFFF7AFFDBDE83840EEF7A9
:10F28000A3BA38B5C5690068144605FB01411A46A2
:10F29000049BFFF78CFDBDE83840EEF795BA4FF0C0
:10F2A000FF324FF0FF3300F58070F3F707BEF3F73E
:10F2B00077BEF8B543681D6904460E4617462846D2
:10F2C000FFF7EDFF21683B46324605F17C0003F075
:10F2D0006DFF044605F58070FFF7E9FF2046BDE8A5
:10F2E000F840EEF763BAF8B543681D6904460E4668
:10F2F00017462846FFF7D3FF21683B46324605F103
:10F300007C0003F06AFF044605F58070FFF7CFFF2D
:10F310002046BDE8F840EEF749BAF8B543681D69E4
:10F3200004460E4617462846FFF7B9FF21683B46BC
:10F33000324605F17C0003F052FF044605F580706B
:10F34000FFF7B5FF04EAE470BDE8F840EEF72EBA27
:10F3500038B543681D6904462846FFF7A0FF2168B9
:10F3600005F17C0003F0BCFF044605F58070FFF753
:10F370009EFF204638BD70B543681D6904460E46A1
:10F380002846FFF78CFF2168324605F17C0003F028
:10F3900028FF044605F58070FFF789FF2046BDE889
:10F3A0007040EEF703BA38B543681D690446284635
:10F3B000FFF775FF216805F17C0003F0F5FE0446B8
:10F3C00005F58070FFF773FF2046BDE83840EEF783
:10F3D000EDB970B543681E6904463046FFF75FFF1C
:10F3E000216806F17C0003F0DDFE054606F580701D
:10F3F000FFF75DFF2046EEF7C5F92846BDE87040EF
:10F40000EEF7D4B9F0B543681F690446C3B0384677
:10F410000D46FFF744FF21686A4607F17C00F3F7C9
:10F4200061FA044607F58070FFF741FF002C16DDF6
:10F430009DF800309A1E534253412B70019BC5F832
:10F440000431FF2202A9681C002406F02CFF85F875
:10F450000041204643B0BDE8F040EEF7A7B908BF31
:10F460006C70F6E738B5046905462046FFF717FFCC
:10F4700004F17C0003F06DFE95F820301B0703D4E7
:10F48000D4F8FC00FFF792FC002504F58070C4F866
:10F49000FC50FFF70CFF284638BD38B50346084638
:10F4A00019461D69EEF7E2F804462846FFF7F7FE15
:10F4B000214605F17C00F2F785FF044605F58070D2
:10F4C000FFF7F5FE2046BDE83840EEF76FB9F8B516
:10F4D00004460846214625691746EEF7C7F8214637
:10F4E00006463846EEF7C2F804462846FFF7D7FE30
:10F4F0002246314605F17C00F2F7D0FF044605F5BF
:10F500008070FFF7D4FE2046BDE8F840EEF74EB914
:10F5100038B50346084619461D69EEF7A7F80446B4
:10F520002846FFF7BCFE214605F17C00F3F7F0F812
:10F53000044605F58070FFF7BAFE2046BDE8384066
:10F54000EEF734B970B5034614461E69D6F8E420C8
:10F5500092692260D6F8E420D2696260D6F8E4208D
:10F56000126AA26008461946EEF780F83046FFF7A7
:10F5700096FE06F17C0003F0C3FE054606F580709A
:10F58000FFF795FE002DA1BFA3685B1BE36000257C
:10F590002846BDE87040EEF709B9F8B50569074699
:10F5A00005F58076304604F01EF82846FFF777FE12
:10F5B00097F8202079692846EEF764F80446C0B928
:10F5C00005F17C0429462046F2F744FE00280BDAB8
:10F5D00097F82030DA0707D49B0719D4294620462C
:10F5E000F2F7D2FD002808DAEEF7E0F8002804462A
:10F5F00009DA0023C5F8FC3005E020462946F2F779
:10F6000029FE041EF0DB3046FFF751FE2046F8BD10
:10F610006FF01D04EDE7F0B50346C3B00846194688
:10F620001F691546EEF722F804463846FFF737FE05
:10F6300021466A4607F17C0003F090FD044607F579
:10F640008070FFF734FE002C10DB9DF800309A1E0E
:10F65000534253412B70019BC5F80431FF2202A98C
:10F66000681C002406F01FFE85F80041204643B0C8
:10F67000BDE8F040EEF79AB80022EEF799B908B568
:10F680000122EEF795F9002818BF6FF0040008BDBD
:10F6900008B5062201210020EEF716FA00221146D5
:10F6A0000620EDF7EFFB012108460722EEF70CFAE2
:10F6B000002211460720EDF7E5FB08220121022078
:10F6C000EEF702FA002211460820EDF7DBFB0922D3
:10F6D00001210320EEF7F8F9002211460920EDF789
:10F6E000D1FB0A2201210420EEF7EEF90022114697
:10F6F0000A20EDF7C7FB052108461622EEF7E4F9CC
:10F70000002211461620EDF7BDFB292206210A2012
:10F71000EEF7DAF9002211462920EDF7B3FB0020BD
:10F7200008BD01F01F0101208840704700F003026E
:10F73000043292000F23934043EA900010B500F08A
:10F7400003039B0003F1804303F58033020C9C68A4
:10F7500092FAA2F2B2FA82F202F00F0224EA104008
:10F7600091400143996010BD0B88C3F30B0303F66E
:10F77000B872C2F30B021C2A82B010D803F1B04356
:10F7800048681A6802431A600B88C3F30B0303F13D
:10F79000B04300201B680193019B02B070476FF0DB
:10F7A0008500FAE70B88C3F30B0303F6B872C2F3C4
:10F7B0000B021C2A9FBF03F1B04349681A688A43B1
:10F7C0009ABF00201A606FF085007047082809D89A
:10F7D0004FF4F573C34013F0010F0CBF6FF08500B9
:10F7E000002070476FF08500704770B508884A6840
:10F7F000C0F30B0094B2C2F30445FFF7E7FF90B9E2
:10F80000FF2A0FD0C2F3415604F1B0440136012360
:10F81000B3402168013BAB40120E21EA0303AA402A
:10F820001343236070BD6FF08500FBE70888C0F3C9
:10F830000B0008B500F6B873C3F30B031C2B08D8F4
:10F8400000F1B0404B68026893430CBF02200120D6
:10F8500008BDFFF7BBFF00280CBF02200120F7E71F
:10F8600070477047EEF7EABAF7B51C461646002314
:10F8700082682360A36053690D4601AA69469847D0
:10F88000019B5A1E01921BB96FF0150003B0F0BD29
:10F890000098A26847682168676085B9B31AD0F8F4
:10F8A00000C0634528BF63461A4403FB071121606B
:10F8B000A26002689A4206D808300090E0E76B1A0E
:10F8C000B3FBF7F3EBE70020E0E713460022FFF776
:10F8D000CBBF2DE9F047836886B05B6988469146C7
:10F8E00001A902AA98470024A2462546029BAB42E2
:10F8F00002D806B0BDE8F087019F07EBC5070026D8
:10F900007B6804933A68B2420AEB060302D80135D9
:10F910009A46EBE703940593494603A8C04700289D
:10F92000E7D0049B01361C44ECE74FF0FF324FF068
:10F93000FF330430F3F7BEBB7FB506460D461446D1
:10F940001BB141EA02035B0710D101AA29463046E8
:10F95000FFF7BBFF50B9013C01AA61193046FFF720
:10F96000B4FFB0FA80F0400904B070BD0020FBE79E
:10F9700070B51C461546002322460E46FFF7DCFFF5
:10F9800040B12CB1224606F10061284606F015FC74
:10F99000002070BD6FF01500FBE70020704708B530
:10F9A000006904300122114603F024FEFFF7F5FF41
:10F9B00000EAE07008BD73B506464FF4FA72002302
:10F9C000684604F0C6F833691B681A6944F2FA31D4
:10F9D0000A40DDE9004513D01A690A401A616FF048
:10F9E000040002B070BD002AF9D122462B466846B9
:10F9F00004F0D4F8DDE9003213430CBF01220022E9
:10FA000033691B68186910F4A020ECD1E9E770B5E0
:10FA1000012305460E461446FFF78EFFF8B1CCB120
:10FA20002869FFF782FF00212846EEF75FFC98B9AE
:10FA300031462246284600F043F806460121284672
:10FA4000EEF754FC002E14BF3446044628690430F7
:10FA5000F3F7F6FA204670BD6FF00406EEE76FF09C
:10FA60001504F7E7F8B51C4617460123224605465C
:10FA70000E46FFF761FF00B3D4B12869FFF755FFC9
:10FA800000212846EEF732FCA0B9314623463A461B
:10FA9000284600F070F8064601212846EEF726FCBD
:10FAA000002E14BF3446044628690430F3F7C8FA20
:10FAB0002046F8BD6FF00406EEE76FF01504F7E797
:10FAC000F8B5551E0D440646CF12ED120020BD427A
:10FAD00000D2F8BD33691C686369002B48DB3046EF
:10FAE000FFF769FF0028F4DB23685A050FD5236868
:10FAF00023F480632360236843F4805323602368E6
:10FB000023F480532360236843F4806323602368D5
:10FB10009B050FD5236823F400732360236843F407
:10FB200000632360236823F400632360236843F4A5
:10FB300000732360636943F002036361636923F424
:10FB40007E7363616269FB0003F47E731343636138
:10FB5000636943F48033636130466369FFF72BFFC9
:10FB60006369002823F002036361B2DB0137AEE76B
:10FB70006FF00400ADE72DE9F84F0546002016466A
:10FB80009846044601F10067A04510D924F0070308
:10FB90003344E210D3F804A02B6956F832B0D3F8FE
:10FBA0000090D9F81430002B03DA6FF00400BDE8A0
:10FBB000F88F2846FFF7FFFE0028F8DB3A5901329C
:10FBC00007EB040302D15A68013202D05BEA0A0251
:10FBD000EBD1D9F8142042F00102C9F81420D9F869
:10FBE0001420C3F800B02846C3F804A0FFF7E3FED2
:10FBF000D9F81430002823F00103C9F81430D6DBFB
:10FC00000834C1E743685B681B690B6000207047DC
:10FC100043685B68586942400A4042405A6100208C
:10FC2000704743685B6800209961704743685B6870
:10FC300000209962704743685B685A695140596176
:10FC40000020704730B50369986800B300248842EB
:10FC500019D108688CB9DC689860A14200D1D860DD
:10FC6000002008602AB19A680A60DA68996002B9CF
:10FC7000D96000200FE02846E9E72060D86881427B
:10FC800008BFDC60ECE705680446002DF3D1002ACC
:10FC9000E9D16FF0150030BD12F4003CF8B50C4608
:10FCA000134641D0960738D555075BD55022D90663
:10FCB00035D542F4007203F4C061B1F5806F43D0D2
:10FCC000B1F5C06F3DD0B1F5007F40D013F44036A0
:10FCD000056912D06F6827FA04F1C9075FBF0121D7
:10FCE000A14039436960BCF1000F06D01F0331D534
:10FCF000416801234968A3408B6100232146FEF738
:10FD000094FF46B96B6823FA04F2D20741BF01227F
:10FD1000A24093436B600020F8BD1022C7E79F0606
:10FD2000C9D542F48062C6E7D60305D5D50605D409
:10FD3000C2F340129202BEE73022BCE74FF40072D9
:10FD4000B9E742F4C072C1E742F48072BEE742F004
:10FD50008002BBE75903D0D5416801234968A3401D
:10FD60008B62CAE76FF08500D6E770B50B690E4667
:10FD70009968054609B10C6801B970BD8A682A40C6
:10FD800002D04B68304698471CB1236821461C4678
:10FD9000F2E72346FAE7036993F860201AB11B6B78
:10FDA0000B60002070476FF00400704708B5002218
:10FDB00011462020EDF766F82020EDF733F80022F9
:10FDC00021201146EDF75EF8BDE808402120EDF74F
:10FDD00029B82DE9F74398460B7A066943F00403E6
:10FDE00015460B7207460C460B460122AA420AD959
:10FDF00006F118094FF0FF324FF0FF334846F3F792
:10FE000059F9002620E00AD2197A187D81EA000CFF
:10FE10001CF0010F01D040071FD589071DD4013206
:10FE20000C33D2B2E2E7012D14BF04F11403002316
:10FE3000CDE90038384694E80E0000F0C9F8061EF7
:10FE400004DB013D0C34EDB2002DECD14846F3F754
:10FE5000F7F8304603B0BDE8F0836FF01506F8E719
:10FE600042680369D26883F8621019B9136823F4F1
:10FE700040131360704707B501AA01F064FE002823
:10FE800005DB019B00221979186801F06FFE03B0B1
:10FE90005DF804FB00F02BB800F078B819B1012927
:10FEA00003D1EEF799BBEEF7ABBB6FF0850070475F
:10FEB00043680169DB681A6822F002021A601A6856
:10FEC00022F004021A601A6822F020021A601A68EE
:10FED00022F010021A601A6822F040021A6091F8AB
:10FEE00061201AB91A6822F080021A60704710B5B2
:10FEF00043680469DB689A69D10607D5DA6942F07C
:10FF00001002DA610122A2649B6910BD91060CD532
:10FF1000DA6942F02002DA6101229A61FFF7C8FF34
:10FF20002046BDE81040F3F78BB8510709D5E26DC4
:10FF3000596A1170A26D013AA265E26D0132E26563
:10FF4000E2E7110612D5A16D5A680029E6D0FF2913
:10FF500001D95A60D8E722F47F0242EA014294F8BC
:10FF600050100029F5D122F08072F2E7910703D5F5
:10FF7000E26D12789A62DDE75106C5D5626D127A9C
:10FF80009207CBD55A6842F48042E2E710B5436845
:10FF90000469DA6893699B050DD5D36943F400734E
:10FFA000D36101236364FFF783FF2046F3F748F82A
:10FFB0006FF0040010BD936913F4807306D0D36909
:10FFC00043F48073D3610123E364ECE71846F1E75F
:10FFD000F0B585B001AD85E80E0043680269D968C7
:10FFE000029B9365019BD3650023C2E91133D3645F
:10FFF000012355658B610B68BDF82C400A9E43F0C8
:020000040802F0
:1000000001030B604B68156B8F6923F07F7323F43A
:100010004233ED0723F47F739DF80C5023F0030364
:1000200046BF44F40064234343EA440315F002044A
:1000300049D1002E49D03678760702D443F0807338
:10004000012482F85040029CFF2C86BF43F0FF73CE
:1000500043F4803343EA04433E0610D4EC0736D41D
:10006000946D23F4806344B1D46D24788C62946DD4
:10007000013C9465D46D0134D46543F400534B6066
:100080000B6843F0F6030B609DF80C60046945684B
:10009000002341F288322046F3F70CF8A36CCBB969
:1000A000636C184314BF6FF00400002094F86130B3
:1000B0000BB9B30700D420B1EA68136823F0010339
:1000C000136005B0F0BD0024BBE73446B9E743F444
:1000D0008063D2E76FF00400E8E770B403460C4693
:1000E000DA88006819792243056986682B6801243B
:1000F0008C4012F0010F14BF2343A3432B603368DD
:1001000070BC184737B5034600681C7905698368D9
:1001100001A95B68984740B92B68019858400123B2
:10012000A3401840003818BF012003B030BD51F87B
:10013000043C5B681B680A22A3FB022301F1140044
:10014000F3F7C6B92DE9F8430D464468036929B1B0
:1001500001292AD06FF08500BDE8F8830122BFF3A2
:100160005B8F53E8001F43E800200028F9D1BFF35C
:100170005B8F0C276368AB4201DC0020ECE7A668CC
:10018000237D07FB056643B1617D21B93046FFF74A
:10019000A4FF0028E0D10135ECE74FF40011304610
:1001A000EEF7E0FA0028EFDAD6E70025E668BFF3BD
:1001B0005B8F53E8002F43E800510029F9D1BFF3CA
:1001C0005B8F0C2706F1100863689D42D5DAA3689F
:1001D00007FB0539637D83B1237DB3B94846FFF73B
:1001E00091FF48236B434FF0E86108F8030048464D
:1001F000EEF7B8FA002810DAAEE74FF4803148463F
:10020000FFF76BFF0028E7D0A6E723680A22A3FBCD
:10021000022306F11800F3F75BF90135D4E7F2F792
:100220004DBE08B503F093FC0A220023E0F7C2FF9D
:1002300008BDBFF35B8F0068BFF35B8F704707B5E6
:10024000022349BAADF8041001AA194601F0CEFA0A
:1002500003B05DF804FB37B501230D460DF107022D
:1002600040F68901044601F036FB002812DB9DF8B8
:100270000730B5F5FA7F0CBF03F0FB0343F004032E
:100280008DF807300DF10702012340F68901204661
:1002900001F0F7FA03B030BD006900F5E47100F534
:1002A000EC7003F072BA30B585B049BAADF80810F9
:1002B00000219DF820508DF80A108DF80B208DF844
:1002C0000C3002AA06238C2104468DF80D5001F053
:1002D0008DFA00281BDB01230DF1070240F2367175
:1002E000204601F0F8FA002811DB9DF80730012DB7
:1002F0000CBF03F0FB0343F004038DF807300DF14E
:100300000702012340F23671204601F0BAFA05B027
:1003100030BD07B501230DF107029D218DF807308F
:1003200001F064FA03B05DF804FB13B502230C4638
:1003300001AA122101F087FA18B9BDF804305BBA9E
:10034000238002B010BD07B500238DF807300DF1F2
:1003500007020123802101F049FA03B05DF804FB94
:1003600030B40346006860B1197904698568236870
:1003700001228A4023EA020323602B68002230BC5A
:10038000184730BC70477FB50C46092301AA40F2DC
:100390009F21054601F09FFA00282CDB9DF80430D0
:1003A000052B28BF002301A80021CAB2934217D809
:1003B000042B20D05A1C8DF804200221012213FBAB
:1003C000012310336B44082203F80C2C03F80B4C68
:1003D00001AA092340F29F21284601F052FA0AE0BF
:1003E00002464678927842EA0622A24201F10101D1
:1003F00000F10200D9D104B070BD03460A4600687E
:100400001979012303FA01F103691B68194218BF26
:1004100082F0010212B18368DB68184783681B69A8
:10042000FBE72DE9F0414568D0F8108006460F46FD
:10043000144601F072F9EB6B33B105F13C00CCB915
:1004400098F88612FFF7D9FF95F84730B3B1EB6AF9
:100450002BB107EA040105F12C00FFF7CEFF6B6B0F
:100460009BB105F134003FB184F00101BDE8F041DA
:10047000FFF7C3BF0121E5E73946F7E722463946D2
:100480003046BDE8F04101F04FB9BDE8F081F2F728
:1004900087BDBFF35B8F50E8003F40E80012002AA1
:1004A000F9D1BFF35B8F704737B505691435044642
:1004B000042328468DF80730FFF7BBFE0146A0B1A4
:1004C00000212046EFF78CF8002211462046FFF766
:1004D000A8FF842101230DF10702204601F086F9CF
:1004E000014610B92846FFF7D4FF084603B030BDD7
:1004F00010B50021044680F8881200F52370FFF73C
:10050000C8FF04F52470FFF7C4FF04F52570BDE8AB
:100510001040FFF7BEBFBFF35B8F50E8003F0133D1
:1005200040E80032002AF8D1BFF35B8F7047F7B57F
:1005300091F83C20054691F83D00002A0C4614BF76
:100540001646022678B991F83210208EEEF7E2FABC
:1005500094F904333BB118443028A8BF30200C284C
:10056000B8BF0C20C0B294F80573002F08BF07462F
:100570002846FFF7E8FE002830DB94F83E308DF87F
:100580000060002B08BF0A2300268DF802306A465F
:100590000723882128468DF801708DF80360ADF897
:1005A00004608DF8066001F021F9002816DB4FF495
:1005B000C0712846FFF743FE012184F8FC12324641
:1005C0002846FFF72EFF33463246C521284601F064
:1005D0000DF90028B4BF84F8FC62304603B0F0BDCA
:1005E0002DE9F0478046056992460E4639B9C5E9BE
:1005F000B61185F8FC120C462046BDE8F08795F848
:100600004030002B42D0BFF35B8F05F1140701236C
:1006100057E8002F002A03D147E800310029F7D11D
:10062000BFF35B8F15D105F118094FF0FF324FF082
:10063000FF334846FFF7F3FD4046EEF75BFA04460A
:10064000B8B14846FFF723FF00213846FFF721FFE6
:10065000D2E7BFF35B8F57E8002F032A03D147E8A7
:1006600000310029F7D1BFF35B8FDCD06FF00F04AE
:10067000C2E7C5E9B66A29464046FFF758FF044677
:100680004846FFF704FF002CB6D0DDE76FF01504F5
:10069000B2E72DE9F74F0569019395F84030074619
:1006A0009246002B00F08480BFF35B8F05F11406A7
:1006B000012356E8002F002A03D146E80031002923
:1006C000F7D1BFF35B8F15D105F118084FF0FF325A
:1006D0004FF0FF334046FFF7A2FD3846EEF70AFA27
:1006E0000446D0B14046FFF7D2FE00213046FFF766
:1006F000D0FE0EE0BFF35B8F56E8002F032A03D134
:1007000046E800310029F7D1BFF35B8FDCD06FF0F2
:100710000F04204603B0BDE8F08F05F5387B58463E
:10072000F2F7EEFC6FF07303C5F8D842C5F8F83263
:1007300029463846FFF7FBFEA14604464046FFF730
:10074000A6FE002CD1D1019B52465846F2F7B2FCCE
:100750000446E8B14FF0FF324FF0FF334046FFF759
:100760005EFD85F8FC923846FFF7EDFD4FF4C07151
:100770003846FFF764FD4046FFF789FE494630469C
:10078000FFF787FE14F10B0F08BF6FF07304C0E78B
:10079000D5F8F832002B09DD95F8FD3233B103218D
:1007A0003046FFF776FED5F8F842B2E70021F7E7CA
:1007B0006FF01504ADE7002310B580F8D032044681
:1007C000EEF7C8F84300FA2B38BFFA230A2204F5E3
:1007D000287104F5EC70A3FB0223BDE81040F2F78A
:1007E00045BE30B50C4685B040F2FF310546FFF7F7
:1007F00026FD2046FFF77CFE94F88432C3B3012324
:100800000DF107029F2128468DF8073000F0EEFF1A
:10081000D4F898328DF80A301A0C8DF80820C3F3FA
:100820000722B4F89C328DF809205BBAB4F89E22F6
:100830008DF80B20ADF80C3002AA0623942128462F
:1008400000F0D4FF2046FFF7B6FF2B6993F887220C
:1008500094F885325B0043EA82038DF8083002AADF
:10086000012340F6AC01284601F00BF805B030BD7D
:100870004FF6FF73ADF808308DF80A3002AA032353
:100880008221284600F0B2FFDFE72DE9F341002383
:10089000ADF8063010F81C3C50F8207CA0F5287408
:1008A0000546002B5CD0A0F52370FFF7C2FC03289F
:1008B00056D194F88832A3B1002384F8D032204670
:1008C000EEF748F84300FA2B38BFFA230A22A3FBBD
:1008D00002232946A5F1C80002B0BDE8F041F2F7B5
:1008E00095BD3846EEF774FE80460028E4D1A5F5A4
:1008F0002276002200233046FFF791FC10B184F8E5
:10090000D082DCE73846EEF763FEB8B90DF1060198
:100910003846FFF70AFD88B9BDF806305A070DD5ED
:10092000DB060BD494F8D0320133DBB2012B84F810
:10093000D03207D83046FFF7AAFDC0E7002384F87D
:10094000D032F7E705F13400FFF7E5FD21463846E0
:10095000FFF747FF304602B0BDE8F041FFF797BD13
:1009600002B0BDE8F08107B5036993F8873249000A
:1009700041EA83018DF8071001230DF1070240F6CB
:10098000AC0100F07EFF03B05DF804FB2DE9F04FF1
:10099000046904F1180785B00646884691464FF071
:1009A000FF334FF0FF323846FFF739FCB8F1000F44
:1009B00022D104F5E070C4E96E88FFF7ACFD204653
:1009C000FFF796FDBFF35B8F1434012354E8002F2B
:1009D000032A03D144E800310029F7D1BFF35B8F2C
:1009E00005D13046FFF7AFFC3046FFF75DFD3846D6
:1009F000FFF74DFD002507E094F8403043B9384635
:100A0000FFF745FD6FF01505284605B0BDE8F08FEE
:100A100004F1140B5846FFF70CFC032806D1C4E977
:100A20006E8904F5E070FFF776FDE0E74FF0030A0A
:100A3000BFF35B8F5BE8003F002B03D14BE800A2C4
:100A4000002AF7D1BFF35B8F05D03846FFF71FFDB3
:100A50006FF00F05D8E73046EEF74CF8054638B191
:100A60003846FFF714FD00215846FFF712FDCBE78B
:100A700040F2FF313046FFF7E2FB2046FFF738FD3A
:100A8000C4E96E8904F5E0794846FFF744FD94F81F
:100A90003A3094F8382084F88452A18E009283F082
:100AA0000103FF223046FFF7FEFBA846051E0BDAC6
:100AB000C4F8B8814846FFF72EFD3046FFF7F4FC36
:100AC0003846FFF7E4FC9FE7424601213046FFF736
:100AD000A8FC4FF6FF73ADF80C308DF80E3003AA6A
:100AE00053468221304600F081FE051E02DAC4E939
:100AF0006E88DFE7336993F8872294F885325B00CC
:100B000043EA82038DF80C3003AA012340F6AC01BE
:100B1000304600F0B6FE6AE72DE9F04FD0F8B84055
:100B20008BB0A0F5E478002706460DF11A012046A7
:100B3000ADF81A70FFF7F9FBB842C0F2C481BDF8F6
:100B40001A5020462946FFF77AFBE80714D5D4F857
:100B5000109008972046FFF7A7FCD9F8C40120B1F0
:100B60003946F3F751FBC9F8C4710022002308A9E4
:100B700009F1440002F0EDFC15F00203049300F0CB
:100B80009180BFF35B8F06F59C724FF0020A52E82A
:100B9000003F012B03D142E800A10029F7D1BFF3A8
:100BA0005B8F27694FF000093846CDE90899FFF7B8
:100BB0009FFC534607AA1321204600F044FE00285C
:100BC00040F015819DF81CA09DF81D90032307AAF5
:100BD0001421204600F037FE50B99DF81C305B0808
:100BE0005B42ADF820309DF91D309B108DF822300E
:100BF000690600F10081AA0602D5EB0640F1FB80F0
:100C0000BAF1000F00F0F780534607F1B8024946E9
:100C100020468DF823A000F0A7FE002801DB9DF8F8
:100C20002300099007F1180A4FF0FF334FF0FF320D
:100C30005046FFF7F4FAD7E96E9307F5E07B584684
:100C40000393FFF7F6FA05905046FFF720FCB9F141
:100C5000000F00F0E98039462046FFF7C2FD4FF053
:100C6000FF334FF0FF325046FFF7D9FAD7F8B831CB
:100C7000994500F0C3804FF000095046FFF707FC8C
:100C8000B9F1000F0ED0099B002B80F2BF80039BAF
:100C900001939DF9223000930022BDF920301146C6
:100CA0002046C847680610D5049B73B9BFF35B8F15
:100CB00006F59C73022253E8001F012903D143E883
:100CC00000200028F7D1BFF35B8F290635D500221D
:100CD00088F8FC2298F8FD2205F48073C5F30027FC
:100CE000F2B1EBB1A6F5CB72A6F5CC7311781888EA
:100CF000EDF7F4FF8301C0F38722C0F387008DF87E
:100D00002100012106F59C708DF820208DF82230FD
:100D1000FFF7BFFB032308AA8221204600F066FDEF
:100D2000D8F8D832002B00F08D800021D8F8DC22D2
:100D30002046C8E9B61139469847AA0533D5276930
:100D4000BFF35B8F07F54073032253E8001F0129AF
:100D500003D143E800200028F7D1BFF35B8F38466A
:100D60000CBF4FF0010A4FF0000AFFF7C1FB97F8E4
:100D7000FC32C3B907F118094FF0FF334FF0FF32CF
:100D80004846FFF74CFA4846D7F8B8B1FFF77FFB63
:100D900097F88432002B5CD1BBF1000F6ED039463E
:100DA0002046FFF71EFDEB0615D540F2422315EA5B
:100DB000030110D1012388F8883206F1C400FFF73F
:100DC00068FBFFF72EFA0128014638BF012106F122
:100DD000C800FFF75EFBA6F5DA70FFF72AFA0028D5
:100DE00071D020460BB0BDE8F04F00F01BBEFFF6FF
:100DF00018AFCA46EAE66FF0040012E75846FFF75C
:100E000018FA059B83427FF436AF36E73FF44AAFCA
:100E1000039B01939DF9223000939DF82320BDF997
:100E2000203007F1B8013BE72046FFF78CFA204657
:100E3000FFF73AFB0022002308A907F17C0002F02B
:100E400088FB2FE7C8F8F87206F58C70F2F7F8F80F
:100E500073E7BBF1000F11D007F11400FFF7E9F9B8
:100E6000022807D0BAF1000F99D107F53570FFF7C6
:100E700052FB94E797F88432002B90D02046FFF77E
:100E800013FBD7F8C40178B16FF073010891F3F741
:100E9000BBF90023C7F8C4310022002308A907F1D9
:100EA000440002F056FB7EE7D7F8B831002B7FF400
:100EB0007AAF08936FF00A0309930022002308A970
:100EC00007F17C00EDE70BB0BDE8F08F2DE9F04FA6
:100ED00089B00469DDF8509004F1180805461646FB
:100EE0009A464FF0FF324FF0FF334046DDE9127B68
:100EF000FFF795F9B9F1000F2CD104F5E070C4E9C2
:100F00006E99FFF708FB84F884922046FFF7F0FA09
:100F1000BFF35B8F1434012354E8002F032A03D15D
:100F200044E800310029F7D1BFF35B8F0CD128468C
:100F3000EEF74EFB10B1284600F039FC2846FFF7CB
:100F400002FA2846FFF7B0FA4046FFF7A0FA4FF042
:100F5000000B07E094F8403043B94046FFF797FA9A
:100F60006FF0150B584609B0BDE8F08FBAF1FF3F9E
:100F700008BFB6F1FF3FF0D0BBF1FF3F08BFB7F1AC
:100F8000FF3FEAD04FF4C8535E435F43B6F57A4F54
:100F900004F1140A2ABF4FF47A734026B6FBF3F625
:100FA0005046B7F57A4F2ABF4FF47A734027B7FB04
:100FB000F3F7FFF73EF9032829D194F8843223B3DD
:100FC000D4F89832B34220D1D4F89C12C91B18BF70
:100FD0000121159BC4F8B891C4F8BC3104F5E07048
:100FE000FFF799FA0029AFD00123C4E9A66784F876
:100FF00084322846EEF7ECFA10B1284600F0D7FB11
:1010000021462846FFF7EDFB9EE70121E1E7032398
:10101000BFF35B8F5AE8002F002A03D14AE8003162
:101020000029F7D1BFF35B8F05D04046FFF72FFAB9
:101030006FF00F0B96E72846EDF75CFD834638B15D
:101040004046FFF724FA00215046FFF722FA89E7CD
:1010500040F2FF312846FFF7F2F82046FFF748FA42
:101060006B6803937F238DF817300DF1170201236E
:101070008921284600F0BAFB41F2883002F04AF993
:1010800032212846EEF748FAB0F1000BD8DBE16ACE
:101090002846EDF7ADFCE16A2846EDF7D9FC039B45
:1010A00093F8473013B12846FFF733F9159BC4F87E
:1010B000B89104F5E079C4F8BC314846FFF72BFA43
:1010C00094F83A3094F83820A18E009283F001030E
:1010D000FF222846FFF7E7F8B0F1000B4FF00002BF
:1010E0000BDAC4F8B8214846FFF715FA2846FFF78F
:1010F000DBF94046FFF7CBF934E74FF0010928460A
:101100000121FFF78EF9C4E9A6674B460DF11502E0
:1011100084F884929F2128468DF8159000F066FB94
:101120002B6994F8852293F8873202FA09F242EA91
:1011300083028DF816204B460DF1160240F6AC01E5
:10114000284600F09EFB330C8DF81830C6F30723B9
:101150008DF819303B0C8DF81B307FBA062306AA98
:10116000942128468DF81A60ADF81C7000F03EFB03
:101170002046FFF720FBE7E62DE9F04F89B0046930
:10118000DDE912A794F84030CDE903120546D346B5
:10119000002B00F0B980BFF35B8F04F11409032327
:1011A00059E8002F002A03D149E800310029F7D17E
:1011B000BFF35B8F40F0AB8004F118084FF0FF32B3
:1011C0004FF0FF334046FFF72AF82846EDF792FC30
:1011D000064650B14046FFF75AF900214846FFF74E
:1011E00058F9304609B0BDE8F08FC4E96E00814679
:1011F00004F5E070FFF78FF904F17C0305931846BE
:1012000002F0AEF994F83A3094F83820A18E0092AA
:1012100083F00103FF222846FFF745F8061E06DA91
:101220002846FFF741F94046FFF731F9D9E74A462A
:1012300001212846FFF7F5F8B7F1FF3F08BFBAF1E3
:10124000FF3F42D06FF00903534579EB070931D3D3
:101250001BF109004FF00A024FF0000347F10001B3
:10126000DFF758FF88B38001030C8DF81830C0F306
:1012700007238DF819308DF81A00032306AA82215E
:10128000284600F0B3FA061ECADB4046FFF7FFF817
:1012900052463B4606A904F17C00F1F7ABFD00285D
:1012A00016DA2846FFF74FF82846FFF7FDF86FF0EB
:1012B0000A0696E71BF109004FF00A024FF00003FF
:1012C00047F10001DFF776FFCCE76FF07F40CBE717
:1012D000079E002E85DD049B03989E42A8BF1E46F4
:1012E000324604F1B80104F068FF149B1BB1149A54
:1012F000BDF818301380159B002B3FF472AF159A80
:101300009DF81A3013706CE76FF0150669E76FF0FF
:101310000F0666E7EEF75CB937B505460469EEF7E8
:1013200057F930B91834002200232046FEF777FF22
:1013300018B16FF07F0003B030BD2846EEF748F9D2
:1013400018B12046FFF7A3F8F3E7012301AA1521FE
:10135000284600F078FA05462046FFF798F8002D59
:10136000E7DB9DF804004008404200B2E3E72DE9C6
:10137000F74304690023ADF8063094F88832064636
:101380002BB304F52470FEF754FF0546FEF749FF22
:10139000002D53D0451B94F83210208EEDF79EFCA3
:1013A00085424BD304F11805002200232846FEF79E
:1013B00036FF002842D13C213046FEF740FF204650
:1013C000FFF796F82846FFF762F800200EE004F1D8
:1013D0001805002200232846FEF721FF48B104F13A
:1013E0001400FEF726FFC31E5842584103B0BDE863
:1013F000F0830DF106013046FEF797FFBDF80610A9
:1014000011F010081CD0FEF70CFF04F525730146FF
:101410001846FEF70EFF30B9012938BF01211846E2
:10142000FFF737F807E00F1A94F83210208EEDF727
:1014300055FC8742BFD22846FFF729F80120D5E79F
:1014400011F0040104F523791AD0FEF7EAFE0146F3
:101450004846FEF7EEFE20B9012938BF0121484673
:10146000DEE70F1A2046EDF775FA8742E3D3042131
:101470003046FEF7E4FE41464846FFF70AF8A1E78A
:101480004846FFF706F804F52570F6E770B50469DD
:1014900084F88512183405460E464FF0FF324FF09F
:1014A000FF332046FEF7BBFE31462846FFF75BFAC6
:1014B0002046BDE87040FEF7EABFF8B5476804690A
:1014C000F86B81F0010510B984F88652F8BD04F17B
:1014D00018064FF0FF324FF0FF333046FEF79FFE05
:1014E00084F8865204F11400FEF7A3FE032805D108
:1014F00094F8861207F13C00FEF77FFF3046FEF7B6
:10150000C6FF0120E2E7F7B50569476805F118064F
:1015100004464FF4FA7200233046FEF780FE00289E
:101520004DD12046EEF754F810B1204600F03FF9B7
:1015300004238DF806300DF1060201238421204694
:1015400000F054F94FF4FA7001F0E4FE204600F088
:101550002EF97F238DF807300DF107020123892131
:10156000204600F043F941F2883001F0D3FE3221E9
:101570002046EDF7D1FF95F840301BB1E96A2046CF
:10158000EDF736FA40F6AC012046FEF7FCFE40F6D9
:1015900089012046FEF7F7FE97F8473013B1204641
:1015A000FEF7B7FE95F885321BB101212046FFF703
:1015B000DAF92046FEF778FF3046FEF768FF03B001
:1015C000F0BD006900F53570FEF733BE00690021FB
:1015D00000F53570FEF75DBF436893F848203AB1D7
:1015E000B3F844004FF47A73584300F2DC5070476C
:1015F00040F2DC5070470C20704730207047036980
:1016000083F804137047036993F83C2093F8321071
:10161000188EEDF77FBA70B5064605690C46FFF7E0
:10162000F2FF21183029A8BF30210C29B8BF0C21A6
:10163000012385F8FD3285F8051305F5407000217A
:10164000FEF727FF2846EDF7ADF90A23A0FB032399
:101650003046FFF71EF80023002885F8FD3285F894
:101660000533C8BF022070BD036993F83210188E8D
:10167000EDF734BB10B5036903F540731846FEF768
:10168000D8FD821E012A044608D818460021FEF71C
:1016900000FF022C14BF0220012010BD0020FCE737
:1016A00030B58FB0CDE906129DF84C40129D002C4C
:1016B0000CBF19460021CDE90815002D01A9CDE97F
:1016C0000C35CDE90A1214BF0223012306AACDE985
:1016D00002230AAACDE904234CB104AB014651F818
:1016E000040B8268146802AAA0470FB030BD2346DD
:1016F000F4E703460A4600681979012303FA01F169
:1017000003691B68194218BF82F0010212B1836895
:10171000DB68184783681B69FBE74068436A13B1BD
:101720002430FFF7E6BF704770B54568EB6A0C469A
:10173000164623B1114005F12C00FFF7DAFF6B6B61
:1017400053B105F134002CB186F00101BDE87040C1
:10175000FFF7CFBF2146F9E770BDF8B50446006832
:101760000D4600B301F0FCFDF0B1E388206821795B
:101770002B43DA028768066907D513F4402F1EBF92
:1017800043F3000202F4402253403468012523F45D
:1017900080128D40DB074CBF2C43AC4334603B6868
:1017A000984700EAE070F8BD6FF01200FBE730B533
:1017B00087B0C023ADF8043001AB0293022303933A
:1017C00002AB0493416801230593044651F8040BCE
:1017D000836804AA1D680023A847002804DB4FF48F
:1017E0007A712046EDF798FE07B030BD2DE9FF4134
:1017F0000E468DF80C104FF47A71D0F8048005462F
:1018000014461F46EDF788FED0B9CDE90070234697
:10181000012203A94046FFF743FF041E07DB842E85
:1018200009D04FF47A712846EDF776FE044620463B
:1018300004B0BDE8F0814FF4FA7001F06BFDF6E7FB
:101840006FF07304F3E77FB51D468DF80C1000238D
:101850004FF47A7146688DF80D301446EDF75CFE52
:1018600060B90123CDE900530222234603A9304683
:10187000FFF716FF00EAE07004B070BD6FF0730070
:10188000FAE72DE9FF410D464FF47A71D0F8048054
:10189000044616461F46EDF73FFEC8B90D238DF8E6
:1018A0000C302B0ACDE900708DF80D300322334641
:1018B00003A940468DF80E50FFF7F2FE002804DB26
:1018C0004FF47A712046EDF727FE04B0BDE8F081B1
:1018D0006FF07300F9E7F0B50C4685B04FF47A71FC
:1018E000476815461E46EDF717FEB0B91D238DF863
:1018F0000C30230A8DF80D300123CDE900638DF8FB
:101900000F002B46042203A938468DF80E40FFF73E
:10191000C7FE00EAE07005B0F0BD6FF07300FAE7B3
:10192000F0B585B01E468DF80D100E234FF47A7178
:1019300047688DF80C3004461546EDF7EDFD80B98B
:10194000CDE900602B46022203A93846FFF7A8FE26
:10195000002804DB4FF47A712046EDF7DDFD05B079
:10196000F0BD6FF07300FAE77FB51D461E238DF8BA
:101970000C308DF80D1000234FF47A7146688DF805
:101980000E301446EDF7C8FD60B90123CDE90053D0
:101990000322234603A93046FFF782FE00EAE070E7
:1019A00004B070BD6FF07300FAE710B5046932201F
:1019B000EBF746FAE3681BB12069BDE81040184711
:1019C00010BD07B58DF8063001238DF807300423CC
:1019D0008DF804108DF8052095210DEB0302FFF71B
:1019E00005FF03B05DF804FB38B54FF0B044054681
:1019F000D4F8943043F40043C4F894300021C82054
:101A000001F0C5FFD4F8943023F40043C4F89430B7
:101A10000021642001F0BBFF2846FFF7C8FE00EA62
:101A2000E07038BD3220EBF7FDB9F7B51E464368CC
:101A300093F8202005460C46DABB93F92170B94291
:101A4000A8BF3C460F2FE4B24FF0010324D1072179
:101A5000FFF7B7FF013C002864B21BDB6FF01003F7
:101A60009C42B8BF1C4618238DF803300DF10302C9
:101A7000012340F6E7012846FFF703FF002809DBB2
:101A8000022301AA8E2128468DF804408DF80560B6
:101A9000FFF7ACFE03B0F0BD0A2F04D11946FFF7E3
:101AA00090FF0334D7E70421E41BFFF78AFF0E34CD
:101AB000D1E793F9227001AA012340F6D801FFF77C
:101AC0000AFF0028E6DB9DF8043043F01E038DF882
:101AD000043001AA012340F6D8012846FFF7D1FEC1
:101AE0000028D7DBBC42A8BF3C46142F4FF00003B0
:101AF0000FD1052203212846FFF763FF023464B2A9
:101B00000028C7DB6FF008039C42B8BF1C4638238F
:101B1000AAE7112F06D1032202212846FFF751FF21
:101B20000534ECE70E2F05D1022211462846FFF7B7
:101B300048FFE5E7E71B0722042128461637FFF791
:101B400040FF7CB2DCE730B50368136005790468B8
:101B500004EBC504A34202D36FF0010030BD5C79F1
:101B60008C4203F10803F0D10020F7E72DE9F84F8C
:101B7000044600EBC10800254FF00109444502D19D
:101B80000020BDE8F88FD4F800B01BF0100F20D172
:101B9000656845F02005CBF34420EAF721FE0746AF
:101BA00008B3CBF343160BF01F0A53462A463146BF
:101BB000FDF73BF80028E4DBBAF1110F07D17B6891
:101BC0005B6809FA06F62A054CBF9E619E620834DE
:101BD000D4E70BF01F03102B03D0112BDBD165686A
:101BE000D9E73025D7E76FF01200CAE74368C1F3A1
:101BF0004B101B6801F01F01C05801238B400340AC
:101C0000003B18BF012313700020704710B54368D4
:101C1000C1F34B101A6801F01F01845801238B4057
:101C200023438350002010BD10B54368C1F34B140B
:101C3000186801F01F01235801228A4023EA020399
:101C40002350002010BD38B504460D46FFF7DEFFD7
:101C500029462046FFF7E8FF002038BDB0F5805F39
:101C600007D0B0F1805F09D100290CBF022001200C
:101C7000704700290CBF04200320704700290CBFC7
:101C800003200220704743681B68D869DA69C0F3F3
:101C9000C00002F0010240EA4200DA699207DA6904
:101CA00048BF40F004005107DA6948BF40F0200007
:101CB000D20542BF4FF4807240F008001A62C1079B
:101CC00044BF08221A62820744BF01221A624107F8
:101CD00044BF02221A62820644BF04221A6270477D
:101CE00043681A6852E8003F43F0400342E800317D
:101CF0000029F7D1704743681A6852E8003F23F083
:101D0000400342E800310029F7D1704743681B685F
:101D1000D869C0F38010704743681A6852E8003FE2
:101D200043F0200342E800310029F7D170474368AF
:101D30001A6852E8003F23F0200342E800310029EE
:101D4000F7D1704743681B68D869C0F340107047EB
:101D5000012070470369C3E90112704702695368A3
:101D60000BB191681847704708B50022242011462E
:101D7000EBF788F8BDE808402420EBF753B837B5F7
:101D8000034605680C4619B96FF0150003B030BD65
:101D9000406819698368DB6893B101AA98470028F5
:101DA000F4DB2B6823F400432B60019B03EB54030B
:101DB000B3FBF4F10F29E7D989B2E9600020E5E728
:101DC0006FF05700E2E707B501AAFFF7BCFE002855
:101DD00005DB019B002219791868FFF7C7FE03B0E5
:101DE0005DF804FB43681B68D86910F080001CBFD5
:101DF0001868C0F38010704710B502691268126845
:101E00000A6042681268126802F4C062B2F5806F1C
:101E100004460B4633D0A2F5C060424242411A71DB
:101E200062681268526802F44052B2F5805F28D0AE
:101E3000B2F5405F27D0002A0CBF012203225A715D
:101E4000626812681068116800F0102001F4C06127
:101E5000FFF704FF987162681268926802F440729A
:101E6000A2F540714A424A41DA716168096889689D
:101E700011F4804F18BF0322DA71002010BD022236
:101E8000CDE70022DBE70222D9E738B543681B68BB
:101E90000C461868196800F0102001F4C061FFF7C3
:101EA000DDFE04281AD0D86910F0800015D0EFF3B9
:101EB0001181102080F31288BFF36F8F0020151A54
:101EC000002D06DDDD692D0603D5255C9D62013000
:101ED000F5E781F31188BFF36F8F38BD6FF0850090
:101EE000FBE710B543681B681020DA691206FCD5C1
:101EF000EFF3118280F31288BFF36F8FDC69240641
:101F000004D482F31188BFF36F8FEEE7996282F3F6
:101F10001188BFF36F8F10BD38B505464468D9B13D
:101F2000012938D1606A0021FFF74DFF002806DB48
:101F30006068216983681B6813B96FF0570038BD6A
:101F400098470028FBDB23681B68DC0721D4284660
:101F5000BDE83840EDF794BC2368DA69D003FCD4BF
:101F6000DA695106FCD5DA695202FCD508221A62F8
:101F70006068216983685B68002BDED09847002881
:101F8000DDDB606A0121FFF71EFF002801DA831CF8
:101F9000D5D10020D3E76FF08500D0E743681B68F8
:101FA000DA69910602D51A68920607D4D86910F04A
:101FB000400004D01868C0F38010704701207047BB
:101FC00038B543681B680C461868196800F0102083
:101FD00001F4C061FFF742FE042810D00020082160
:101FE000151A002D0DDDDD69AD060AD55D6A255493
:101FF000DD692D0700F10100F2D51962F0E76FF0FD
:10200000850038BD43681B68DA69100744BF0822A1
:102010001A62DA69920643BF5B6A0B7000204FF0C8
:10202000FF30704770B5466805467068316983684F
:102030001B6893B19847041E0DDB706A0021FFF7FF
:10204000C2FE041E07DB2846EDF71AFC044610B951
:10205000B36A28469847204670BD6FF05704FAE7E8
:1020600030B50446086808B9106008E02068456883
:102070009D4205D3B5FBF3F515602368186830BDA4
:1020800008302060086801380860EBE737B5037D49
:102090001A070C46C3F3C00502D5002003B030BDBB
:1020A000406801AAFFF74FFD002805DB019B2A4687
:1020B00019791868FFF75AFD012CEFD1831CEDD177
:1020C000EBE78368DA0701D5037BFAE7036823F0BF
:1020D0004003036003685B06FCD4704710B50B68CF
:1020E0009B88C3F34513082B0C46C96C0BD9102BE6
:1020F00032D90423002935D0226D02B10A78D2B238
:102100000273012211E094F86430012B28D9E36DA9
:10211000012B4FF00103EDD901B3226D02B10A8802
:1021200092B282810222B2FBF3F2216D99B18A420E
:1021300011D8891A2165B9B9E26B0832E263226CC1
:10214000013A226404F1400104F1500204F13C0020
:10215000FFF786FFE06410BD0223DDE70A46DFE7F4
:102160000123C7E70A46CAE7E16C0029F3D002FB66
:102170000311E164EFE738B50B689B88C3F345139F
:10218000082BD1E915250C4608D9102B2DD904238D
:10219000017BC9B202B165BB01220FE091F8643046
:1021A000012B24D90B6E012B4FF00103F0D9C1682C
:1021B0000AB105B111800222B2FBF3F2A16D99B10F
:1021C0008A4211D8891AA165A9B9626C0832626481
:1021D000A26C013AA26404F1480104F1580204F12E
:1021E0004400FFF73DFF606538BD0223DFE70123B0
:1021F000CEE71170D0E7616D0029F5D002FB031125
:102200006165F1E710B5036944681A6922B95A603B
:1022100003F10800F0F714FF2068FFF752FF0020D9
:1022200010BD4FF0E022136923F0010313617047E2
:102230000368013304D04068431C5842584170473A
:102240000120704710B504680B689C4209D04068B3
:102250004968884205D08C4203D0181A18BF012063
:1022600010BD0020FCE740F30903B3F1FF3F08BFB6
:102270000130C0F30900043070470A680368534016
:1022800003604A684368534043608A6883685340E8
:102290008360704708B503681B0D13F4E06304D036
:1022A0000430FFF7CFFF80F0010303F0010008BD09
:1022B000C36E426D1944891AB1FBF3F203FB12118C
:1022C000836D8B4208D9CA08406E01F007010123D3
:1022D0008B40815C0B4383540020704708B5024655
:1022E0000846FFF7C0FF136803441360002008BDD1
:1022F000036801330360002070472DE9F04F87B079
:10230000DDE911480393836E139EDB691746A2191A
:102310009A4281468A4607D8C36E002B00F09E8001
:10232000109A934200F29A806FF0530093E0BAF152
:10233000000F3FD0DAF80030109A93423AD1DAE930
:10234000015305EB030BA34534D9A54214D8ABEBDD
:10235000040BB345DAF80C1028BFB346651B4046A2
:102360005A46294403F029FFD8445C44A6EB0B06E7
:10237000002EDCD130466EE02D1BB54228BF35461D
:102380003B68109A93421BD1D7E901130B44A34237
:1023900016D9A14210D81B1B9D4228BF1D46FB68C1
:1023A000611A40462A46194403F007FFA8442C440A
:1023B000761BDDE73546E3E7091B8D4228BF0D4656
:1023C000039B9E421FD3D9F868004369B4FBF3F224
:1023D00003FB1242BAB9B34215D8B5FBF3F203FBC3
:1023E00002FBA5EB0B03CDF800B0049343681099F2
:1023F0009C4622464346E04768BB049B5B1BD8448F
:102400005C441E44B4E7109B3B60D9F868305B69BC
:10241000B4FBF3F25A437A60D9F86810059B486917
:1024200003442344B3FBF0F34343C869834294BF9E
:10243000C2EB0305C2EB00058B6A10999D4228BFD1
:102440001D46BD60D9F8680000954568FB68A8473F
:1024500000283FF46CAF07B0BDE8F08F039B013B51
:10246000059385E71FB5C3F309040294069C019404
:1024700000240094EDF768FF04B010BD30B513469A
:1024800087B00268044604AD0820916E039002955F
:10249000586801901B680093CB69104602F1100147
:1024A000FFF72BFF18B9211D2846FFF7CBFE07B019
:1024B00030BD2DE9F04F87B00646119F8846914602
:1024C0009A4600240DF1100BA74203D8002007B054
:1024D000BDE8F08F3D1B109B082D28BF0825E31891
:1024E000CDE900A3CDE902B5A9EB040342460021E2
:1024F0003046FFF702FF0028E9D1129B2A461868F0
:102500005946F0F739FA129B2C441860DCE71FB5E6
:102510000023CDE9023301934FF0FF330093EEF730
:10252000C3F905B05DF804FB2DE9F04F87B007460D
:10253000129E884691469A4600240DF1100BA64241
:1025400001D800201BE0351B109B082D28BF082553
:10255000E318CDE900A3CDE902B5A9EB0403424697
:1025600000213846FFF7C9FE48B9119B2A461919C0
:10257000584603F058FE002804D005DA012007B0C1
:10258000BDE8F08F2C44DAE70220F8E730B51346B7
:102590008268C1F3090585B0AA4228BF2A46029283
:1025A000416801915968009101681B68044608461A
:1025B000FFF7BAFF28B9A368AB4202D034BF0120AD
:1025C000022005B030BD036B1944C1F30903003B81
:1025D00018BF012321F0004141EAC3710163704734
:1025E00010B5836E5B6B044613B9C068EAF7F6FE5C
:1025F000A36E9B6B13B9E069EAF7F0FEA36EDB6B89
:1026000023B9606EBDE81040EAF7E8BE10BDF8B52A
:10261000C6690D68083EB5420F4613D3B5FBF6F008
:102620000138DEF7FBFD841CA5EB8404B4FBF6F453
:102630002046DEF7F3FDA5EB800504FB16553D6053
:102640002046F8BD0020FCE72DE9F04F89B0064692
:10265000DDF84C8005920F464BB94FF0FF32C8F8B9
:102660000020149A0020136009B0BDE8F08F846E3A
:10267000013B07A920460793FFF7C9FF12A90546AA
:102680002046FFF7C4FF4FF0040A81460DF1140BFA
:10269000A945059A03D3129BC8F80020E1E7A5EBF2
:1026A0000904B4FA84F495FAA5F3B3FA83F3C4F1F8
:1026B0001F049C4228BF1C46A300CDE90023CDE99E
:1026C00002BA04233A4600213046FFF716FE0028DE
:1026D000CAD10123A340ED1ADAE72DE9F04F89B002
:1026E0000646DDE9120A0F4690461D4688B30138BA
:1026F000059005A9B06EFFF78AFF0DF1180B04468F
:1027000014982946D04720BB1CB304F00109C9F135
:1027100002039B00CDE90050CDE902B342463946A1
:102720003046FFF7EAFDA0B9E54305F00105A842F0
:1027300007DB08AB03EB8505023C55F8085C4C440D
:10274000DEE706991498D04703460120002BEED00F
:10275000184609B0BDE8F08FC368184710B50C469D
:10276000826AE068FF2103F04FFD4FF0FF332360E2
:1027700010BD38B581660B6AC3664B6B04460D46C7
:10278000002B3BD0C360AB6B002B43D0E3612846EA
:102790002146FFF7E3FFA06E04F11001FFF7DEFF13
:1027A000A56EEB6B002B3CD063662B6C002B08BF37
:1027B000FF2323676B6C002B08BF6FF00043636738
:1027C000AA6C40F2FE33002A08BF1A46A2672B6D9E
:1027D000E367591C2CD10023E36700204FF0FF333F
:1027E000C4E90833C4E90A00C4E90F00C4E90C00D5
:1027F000C4E912006064A063206538BD886AEAF706
:10280000D3FDE0600028BED12046FFF7E9FE6FF05F
:102810000B00F2E7A86AEAF7C7FDE0610028B6D12D
:10282000F2E7E86AEAF7C0FD60660028BDD1EBE791
:10283000002BD2D1EB6CA96A4BB18A424FEAD30389
:1028400028BF0A469A4294BFE267E367C5E7EB698F
:10285000F3E72DE9F0430D4609689846CB1C85B097
:102860000646174603D9002005B0BDE8F083806E08
:10287000AC6883691C44013CB4FBF3F45C430094F2
:10288000D0F80890EB686A68C8470028ECD1B8F126
:10289000000F04D1B06E2946FFF760FFE3E74FF069
:1028A000FF333B600294EB6801936B6800932B68E5
:1028B000224639463046FFF737FE0028D4DBE9D000
:1028C0006FF05300D0E72DE9F84FDDE90B5A0D9F6B
:1028D00006460C4690469946002F3BD0002108E062
:1028E0000A9B2360B36E9A69B5FBF2F35343C4E9C4
:1028F000013123680A9A9342F2D16068A842EFD866
:10290000B36E9A6A0244AA42EAD9521BE368BA42F9
:10291000A5EB000028BF3A4651461844934603F001
:102920004CFC6368A2685D44EB1A934238BF1346BF
:10293000A360B26E926A9A42DA44A7EB0B07CBD13E
:102940004B46424621463046FFF783FF0028C3D05E
:10295000BDE8F88F3846FBE7F0B585B0CDE9022336
:102960001D464B6801930B6800930C4617460023E5
:10297000024600F11001FFF7A6FF064640B9E068E5
:102980002A463946EFF7F8FF6368E0602B4463603E
:10299000304605B0F0BD2DE9F04F064687B0104631
:1029A0009946FFF760FC4B6893464A69034493429B
:1029B0000C46804641D88B682BF0004A8AEA030314
:1029C0001BBA059305AA04233046FFF7C5FF054649
:1029D00078BBBBF1000FA8F1040720DA0DF1130B4F
:1029E0002FB30123CDE902B3D9F80430043B4344AB
:1029F000DB1B0193D9F80030009332463B4600219F
:102A00003046FFF77AFC40B901235A46214630464A
:102A1000FFF7A2FF013F0028E2D0054609E03B4650
:102A20004A4621463046FFF797FF0028F5D1C4F803
:102A300008A0284607B0BDE8F08F6FF01B05F8E747
:102A400013460A46D0E90001FFF7A5BF10B5D1E94A
:102A5000003482699A4210D1C369A34211D0D1E9EE
:102A60000234A34205D10A60C2694A605B00CB60B0
:102A7000002301338B60002010BDA242EFD1C46956
:102A8000EBE76FF05300F7E738B504460D46A16D4C
:102A9000E36D8B4208D3236E002B30D02046EEF737
:102AA000FDFA0028F3D021E0606EDA08825C03F0C2
:102AB0000700C240D2071AD4626D1344E26EB3FB22
:102AC000F2F102FB11332B60A56DE36D226E013331
:102AD000013AAB42E36522660FD2DA08616E885C88
:102AE00003F00703D84010F00100EED138BD0133E8
:102AF000E365236E013B2366CAE70020F6E76FF02B
:102B00001B00F3E77FB50C4604310646FFF7BCFF18
:102B1000054670BB21463046FFF7B6FF054640BB71
:102B20002246042342F8080FCDE9022301902268CF
:102B30000092014632463046FFF7DFFB10B110F13C
:102B4000540F19D1B36E5A6A002A09DDA368013205
:102B500042F00102013B1344B3FBF2F35343A36081
:102B60004FF0FF330422C4E903230022C4E9052304
:102B7000E361284604B070BD0546FAE72DE9F04F41
:102B800093B0CDE907230B6BDA0206460D461BD541
:102B90004C6B089BCA6AE318934238BF1346C26F56
:102BA0009A4211D2CC63C36E0366EEF79FFA2B6B89
:102BB000044630B143F400232B63204613B0BDE834
:102BC000F08F23F480132B63089B069305F14003D9
:102BD0000C93069B0BB9089CEFE72B6B13F40032A8
:102BE00004D0B16EEF6BC9698F4247D1DB0200F1AF
:102BF000E08005F140030A93CAB96B6BBBB1119237
:102C000011AA0292013B05F1380201920093D5E925
:102C10000A2305F140013046FFF716FD044608B1CE
:102C20002B6BC7E7B06E05F14001FFF797FDF36E20
:102C30003366AB6B09936B6B0593013B0B930FA949
:102C40003046FFF721FF04460028E9D1DDF83C803B
:102C5000B06E4146FFF780FD044630B114F1540FC9
:102C6000DED14FF0FF332B64E9E7059B4BBBC5E991
:102C70000E831F462B6B43F400332B63B36EDB696B
:102C8000DF1B069B9F4228BF1F46079B03970293AB
:102C9000EB6B0193AB6B00930C99012332463046EA
:102CA000FFF711FE0446002800F0888010F1540F51
:102CB000B6D129463046EEF719FA04460028E4D08A
:102CC000AEE7D6F868900B9B109310A94846FFF723
:102CD0009EFC109FD9F81C3001379F42109750D1AD
:102CE000471C97FAA7F7099B1193B7FA87F707F1E3
:102CF000010AA1460DF1440B4FEA89030D93042309
:102D0000CDE902B34FEA8903CDE900830A99012393
:102D100032463046FFF7D7FD044600289ED14F4586
:102D200035D109F10109CA45E6D8C5F838804FEA1E
:102D30008A0724E0099B0093CDE902BACDF80490FC
:102D4000A7EB0903324600213046FFF7D6FA0446C6
:102D500000287FF465AFCDE902BACDE900890A9970
:102D6000012332463046FFF7AEFD044600287FF4CB
:102D700075AF09F101094F45DCD8C5F83880EF631C
:102D800078E7A1464FF0010A0DF1440BF3E7042365
:102D9000CDE902B34FEA89030193119B00930146E9
:102DA000042332463046FFF7A8FA04460028B8D07C
:102DB00036E76FF001036F6BAB63E0E76B6B3B448F
:102DC0006B63EB6B3B44EB63079B3B440793069BB6
:102DD000DB1B0693F36E3366FBE6F0B50C46096B1E
:102DE0000546480397B008D5CA0258BF4FF0FF33D5
:102DF00021F4802158BF236421638B0302D4002077
:102E000017B0F0BD11F48011666BE76A3FD1542210
:102E100001A803F0F9F9A36ACDE90B370123CDE945
:102E20000D3695E80F0011AF87E80F004FF0FF3720
:102E30002F60626BE36A9A4212D304F140070123C8
:102E40002A4639462846FFF704FD20B310F1540FF7
:102E5000D6D121462846EEF749F90028EFD0CFE732
:102E600001230DF1030201A92846EDF7BFFF002859
:102E7000C6DB01230DF1030221462846FFF77EFE43
:102E80000028BDDB2B680133D3D01197D0E7BE42B9
:102E90002CBF66636763A36BA362636BE362236B00
:102EA00023F4003343F48033C4E90C36A7E72DE95B
:102EB000F7431E460B6B17465A0305460C4619D4BA
:102EC000216B0B051DD4D4F834806B6F08EB060220
:102ED0009A422FD811F4003919D033463A46214688
:102EE0002846FFF74BFE002808DB236B23F4002362
:102EF000236303E0FFF771FF0028E1D003B0BDE8D2
:102F0000F083E36A626B934288BF6363DBE7E36A43
:102F10009845E2D96363636B9845DED901230DF1CF
:102F20000702214628468DF80790FFF727FE002864
:102F3000F1DAE3E76FF01A00E0E72DE9F341074625
:102F40004D6B0E46144613B1012B09D12C447B6FF7
:102F5000A3423CD3AC4210D1204602B0BDE8F08180
:102F6000022B08D1D1E90B32920302D5AB4238BF14
:102F70002B461C44EBE72C46E9E7336B5B031ED57D
:102F8000D7F86880F26BD8F81C309A4217D069469F
:102F900040460095FFF73BFB01A9054640460194DA
:102FA000FFF735FB85420AD1736C019A934206D82C
:102FB000B16C0B449A4202D27463F263CCE731469F
:102FC0003846FFF70AFF0028C7D17463C4E76FF0E3
:102FD0001500C2E72DE9F0438DB00C4604A9BDF8F9
:102FE0005490054617469846FFF78CFD064628BBC9
:102FF000E37D8DF82730A3690A93E3690B93BDF84D
:103000005830CDE90193149B00933A46434604A9F6
:103010002846EEF70FFA002814DB049F059AA761F3
:103020000123E261E37505F120012046FFF70AF96B
:1030300020B9B9F1000F01D1C5E9087230460DB0D1
:10304000BDE8F0830646F9E710B50446EEF7DEFC6E
:10305000002806DB05D020460021BDE81040EEF731
:1030600049BE10BD70B50B6B1E0386B005460C46FD
:1030700053D4FFF7B2FE216B20B141F4002121634C
:1030800006B070BDCA0348D504F108063046FFF704
:10309000CFF8002841D111F480131FD0E36CE26A0D
:1030A00040F20120A18842EA812242EA0052CDE9A1
:1030B0000223226D936843EA812343F081530493F2
:1030C0005368059302AA022331462846FFF7BCFF46
:1030D000236BF8B143F400232363D1E729464FF073
:1030E000FF3241F8102B28462A46FFF7B2FB002892
:1030F000C6D1A86E036998470028C1D1236BDB02B3
:10310000CCD4D4E90A016B46CDE90001082240F293
:103110000220C7E723F4803323630020B0E770B5B3
:1031200005460C46FFF79EFFAA6A064605F12803EE
:1031300022B11A68944209D122681A60236D1B6873
:1031400013B9E06CEAF74AF9304670BD13461268CD
:10315000EEE708B5FFF744FA002008BD70B58AB065
:1031600016460191002301AA02A90546EDF794FD38
:10317000041E0FDB01982F2103F065F810B1230D19
:10318000022B0AD1C4F38922334602A92846EDF75F
:1031900099F9044620460AB070BD6FF01304F9E7B0
:1031A000EEF7D2BEFFF7BBBFFFF75CBF2DE9F041E2
:1031B0001F460B6B9B0305460C46164607D43B4641
:1031C000324621462846BDE8F041EDF70FBEFFF735
:1031D00004FE0028F3D0BDE8F081FFF768BEFFF7DA
:1031E000ACBE2DE9F041161E86B005460C4674DBD8
:1031F000D1E90B3292034F6B02D5BB4238BF3B463D
:103200009E424FD2EB6F9E422ED800231A46214693
:103210002846FFF792FE00285CDB4FF0FF332B605F
:10322000EA68334621462846EDF7E0FD002851DBE9
:10323000236BE06C6FF00102C4E90A2643F4A81383
:103240002363002322646364AB6E9B6AA364E96812
:10325000324602F0B2FF00233A4621462846FFF7E5
:103260006CFE00EAE07035E021462846FFF7B5FD28
:1032700080BB05AB029304F138030193731E0093E6
:103280000590D4E90A2304F140012846FFF7DCF950
:1032900000BBA36B6663C4E90A36236B43F4A02327
:1032A0002363D8E7D7D90223002221462846FFF717
:1032B00044FE00280EDB4FF00008636B9E42CAD923
:1032C000012305AA214628468DF81480FFF7EFFD5B
:1032D0000028F2DA06B0BDE8F0816FF01500F9E7DA
:1032E000486B7047826A00F1280322B11A68914244
:1032F00003D10A681A600020704713461268F4E789
:10330000EDF768BF08B5F2F7F9F9002818BF6FF0BC
:10331000040008BD38B5044648B1ECF705FF30237A
:1033200005465C43ECF700FF431BA342FAD338BDCC
:1033300010B5436904463BB90020E268537843F076
:1033400001035370404210BD98470028F4D0002874
:10335000B8BF4042E368FF28A8BFFF201870ECE721
:1033600040B1C368587810F001001EBF1878B0FA59
:1033700080F0400970472DE9F04F89B0DDE912680F
:10338000059243460546324606A80F4600F0E1FB8B
:10339000DDE90634CDE90234EFF311844FF0100972
:1033A00089F31288BFF36F8F05F10C0A05F1140B36
:1033B000059A149B39462846984730B184F3118802
:1033C000BFF36F8F09B0BDE8F08F56EA0806F5D05D
:1033D000DDE9022306A800F0E1FBDDE906685246BC
:1033E000CDE9006821465846F0F7DCF9EFF3118487
:1033F00089F31288BFF36F8FDAE710B400F10C0481
:10340000C0E903440024047510BCFBF753BB38B576
:103410000446EFF31185102383F31288BFF36F8FF7
:10342000FBF751FA04F10C0000F0A2FA30B1294682
:1034300004F11400BDE8384000F07FBA85F311882C
:10344000BFF36F8F38BD10B582696AB1C36842EAB5
:103450000301890708D14169A2FB011424B95B1853
:103460002CBF0121002102D36FF0150005E001619E
:103470009B1A42698A4201D8002010BD02691A6075
:103480008269036101319B1AF3E72DE9F04105469A
:103490000F46EFF31188102383F31288BFF36F8F69
:1034A0000669FEB90468A0421CD0DCB1D4E9003240
:1034B00013605A60237CA66023F002032374C4E9DE
:1034C000006604F1180000F009FB2046C4F884608F
:1034D000676100F0D0F9414605F10800BDE8F04110
:1034E00000F02BBA3E60EB692F61013BEB6188F382
:1034F0001188BFF36F8FBDE8F08108B51024EFF39A
:10350000118384F31288BFF36F8FFBF7C8FCF6E7D3
:10351000D0E9003213605A60027C002322F00202DC
:10352000C0E90033027483607047C0E9032303FBE2
:1035300002120023436280F83030037200F1280346
:10354000C0E90621C0E90000C0E90A334161016217
:10355000704713B501240094EFF7E0FB02B010BDF3
:10356000F8B50546EFF31186102383F31288BFF3F5
:103570006F8F0468A0421AD0CCB12046FFF7C8FF75
:1035800004F1180000F0AAFA6FF02207C4F8847062
:10359000204600F070F92C68A54215D0A4B1204651
:1035A000FFF7B6FF04F1180000F098FAEEE70023E9
:1035B00000226A622A6AEA6143B1314605F10800D5
:1035C000BDE8F84000F0B9B90123F1E786F31188AE
:1035D000BFF36F8FF8BD90F90E308B4201D0F0F73A
:1035E00003B90020704703460020C3E90200C3E985
:1035F000003370475AB18A4209D300F11003C0E981
:103600000212C0E90000C0E90433002070476FF0E7
:1036100015007047026801238B4022EA0303036010
:1036200022FA01F000F001007047F8B505460E4699
:103630000C300321FFF7EEFF044658B11035284641
:1036400000F04CFAB0FA80F4640910272846F0F72D
:1036500003FC08B92046F8BD336883F31188BFF333
:103660006F8FEFF3118387F31288BFF36F8F33608F
:10367000ECE720B100221146943000F0C1B9704748
:1036800070B5C368C3F340069B07044616D485682B
:1036900002210C30FFF7BEFF80B1D5F88C206AB153
:1036A00094421DD122689EB9D5F89030C5F88C207F
:1036B0009C4201D1C5F8902000232360E36813F0F9
:1036C0001F001EBF43F00203E36040F0020070BD24
:1036D0003260D5F89020944208BFC5F89060EBE7BF
:1036E00016461268DBE773B50446EFF31185102325
:1036F00083F31288BFF36F8F00230193D0E9042373
:10370000B3F1004F08BF012A05D085F31188BFF33C
:103710006F8F02B070BDA0F1100603210438FFF7CF
:1037200079FF0028F1D0A369019301A93046EFF792
:10373000D5FDEAE738B504460D461022002102F017
:1037400063FD656038BDEFF31183102282F31288A8
:10375000BFF36F8FC06800F01F0083F31188BFF3C1
:103760006F8F704713B501900846EFF31184102353
:1037700083F31288BFF36F8F01A9EFF7AFFD84F3D6
:103780001188BFF36F8F02B010BD10B5FFF7EAFFCD
:10379000041E08DDEFF31180102383F31288BFF3BA
:1037A0006F8FF0F78DF8204610BD38B530220446F3
:1037B0000D46002102F028FD4FF480736560E36040
:1037C00038BDFFF7C0BF37B50446EFF311831022B1
:1037D00082F31288BFF36F8F01A90193FFF725FFD2
:1037E0002046019DFFF74CFF85F31188BFF36F8FD3
:1037F00003B030BDEFF30580003818BF01207047DB
:103800006FF057007047D0E9003213605A60002310
:10381000C0E90033704708B5FFF7F5FF037C23F0DC
:10382000020303740023836008BD38B504460D46C7
:10383000EFF736FF237C43F002032374D5B1A56074
:103840002B689D4209D16B68C4E900531C606C6011
:1038500010E06A689A42F6D01B68002BF3D093F907
:103860000E1094F90E209142F3DD5A68C4E900323B
:1038700014605C6038BD10B5EFF31184102383F33E
:103880001288BFF36F8FEFF7CBFE84F31188BFF37D
:103890006F8F10BD08B5EFF31181102282F31288EB
:1038A000BFF36F8F83680BB1FFF7B5FF81F311880A
:1038B000BFF36F8F08BD08B5037C13F0280F0146D6
:1038C0000CD183680BB1FFF7A6FF0B7C23F0040338
:1038D0000B740846BDE80840EFF7A2BE08BD10B55E
:1038E000EFF31184102383F31288BFF36F8FD0E9B5
:1038F0000423B3F1004F08BF012A04D084F31188D8
:10390000BFF36F8F10BD1838FFF7D5FFF6E710B57E
:103910000146EFF31184102383F31288BFF36F8FF6
:1039200083680BB1FFF777FF01F1180000F0D6F8BC
:1039300084F31188BFF36F8F10BD0846EFF7E8BE20
:1039400038B504680546AC424FF0000000D138BDE0
:10395000002CFCD02046FFF75EFF04F1180000F0B9
:10396000BDF82046EFF75CFE2C680120A542EDE78C
:1039700010B5EFF31184102383F31288BFF36F8F18
:10398000FFF7DEFF84F31188BFF36F8F10BD38B5EA
:1039900005460C46F0F730F8B4F1FF3F08BFB5F12B
:1039A000FF3F0AD0C11709304FF00A024FF0000361
:1039B00041F10001DDF7FEFB38BD4FF0FF30FBE7C2
:1039C00038B50446EFF31185102383F31288BFF353
:1039D0006F8F037C5B070ED5183000F07FF8237CD7
:1039E00023F0040320462374EFF71AFE2846BDE8AF
:1039F0003840EFF78DBE85F31188BFF36F8F38BD68
:103A000038B5EFF31185102383F31288BFF36F8F5E
:103A10000468A04213D0A4B1C4F8841062612046A7
:103A2000FFF7F9FE04F1180000F058F82046EFF710
:103A3000F7FD012085F31188BFF36F8F38BD00209B
:103A4000F8E72046F6E72DE9F04706460F4691468F
:103A50009A46EFF31188102383F31288BFF36F8F18
:103A60000068864206D028B17368984214BF056882
:103A7000002568B90024B9F1000F02D05146204654
:103A8000C84788F31188BFF36F8F2046BDE8F087E1
:103A90005146B84704460028EDD135B17368AB42B2
:103AA00000D02C6828462546E3E72C46FAE708B5FF
:103AB0000246F0F713F970B1D0E904319B1A61EBBB
:103AC000E272B3F1004F72F1000104DA002AACBFD8
:103AD0001846002008BD6FF00040FBE738B50246ED
:103AE000EFF31185102383F31288BFF36F8F036800
:103AF000D3B1F0F7F3F804461046F0F701F90022CD
:103B00004FF000438442C0E9042305D0002085F330
:103B10001188BFF36F8F38BDF0F7E8F8FFF7C7FFE4
:103B20000021ECF771FAF1E7D0E90413B3F1004F8B
:103B300008BF012904D100204FF00041C2E904016F
:103B40006FF01500E3E708B5F0F700FA08BDF0F7ED
:103B5000FDB9B3F1FF3F08BFB2F1FF3F70B50646B4
:103B60001D46144614D01A4316D0002B08DBF0F77C
:103B7000EDF9041941EB0501C6E90041304670BD7D
:103B80006FF001031C1B4FF0FF3363EB0501F3E7FC
:103B90004FF0FF342146EFE70024FBE7B3F1FF3F8E
:103BA00008BFB2F1FF3FF8B5074616461C4610D0D5
:103BB00054EA020311D0F0F7C9F9B0420A46A14114
:103BC00003460AD2F31A64EB0204C7E9003438460C
:103BD000F8BD4FF0FF331C46F7E70023FBE730B595
:103BE000D0E90034984208D03CB1A568DDB112F9A3
:103BF000522C15F9525CAA4207DDC1E9000421608C
:103C000041600FE0A342F8D01B68002BF5D09D68FF
:103C10004DB115F9525C9542F4DD5A68C1E90032A4
:103C20001160596030BD00239B7BFFDE2DE9F84F0A
:103C300000250F461446984601462E464FF0100ABE
:103C4000A946BD4202DB3046BDE8F88FEFF3118B89
:103C50008AF31288BFF36F8F4B7B03F03F03082B6F
:103C600009D853B1013B072B07D8DFE803F0281C24
:103C700006220606062E102B2DD0B8F1000F3BD1E0
:103C80002378002B38D04B7B03F03F03082B3AD826
:103C9000002B3AD0013B072B37D8DFE803F043393C
:103CA000363F363636460B699B68002BE5D002233B
:103CB00017E00B691B68002BDFD0042311E00B69B0
:103CC0009B68002BD9D001230BE00B695B6A002BAA
:103CD000D3D0102305E00B69DA895B899A42CCD0F6
:103CE0002023CA68C1F80890C2F38630034363F307
:103CF0009432CA6084F800908BF31188BFF36F8F01
:103D0000013514319DE7102B13D08C600136F3E799
:103D1000086922461030FFF762FFF6E7086922467D
:103D20001430F8E708692246F5E70869224628308A
:103D3000F1E7086922463030EDE72DE9F04184686B
:103D400005460E46D4B16378012B22D114F8503CBD
:103D50009A0711D5A4F160073846FFF7D8FD082E61
:103D600014BF00236FF00303636214F8503CDB06BA
:103D700002D13846FFF77FFD002323700023AB609C
:103D8000EB68C3F38632164366F39433EB60BDE809
:103D9000F081022BF0D12378002BEDD054F8048C65
:103DA000B8F1000FE8D004F11400FFF797FEA4F17A
:103DB00014070023E36239464046FFF7D3FCDBE7F4
:103DC00038B5EFF31185102383F31288BFF36F8F9B
:103DD0000468A04211D0D4E9003213605A60002375
:103DE000C4E900332046FFF7A8FF85F31188BFF32D
:103DF0006F8F201E18BF012038BD0024F5E7002377
:103E0000C0E90000836070470023836070478368C7
:103E10000B60C368136070472DE9F3470446DDE982
:103E20000A9815460E4659B302F0010AEFF720FE34
:103E30000746EFF31181102383F31288BFF36F8FCE
:103E4000A80744BF0023A360A36803EA0600BAF1F1
:103E5000000F0CD086420CD16A0744BF8343A36095
:103E600081F31188BFF36F8F02B0BDE8F08700289F
:103E7000F2D159EA080305D181F31188BFF36F8F9E
:103E80000020F1E7C7E919652246CDE9009804F161
:103E90000C00EFF787FC0028F2D1786EE4E710B54C
:103EA0000446D0E919020B6812F0010F03EA00037F
:103EB00001D0984210D17BB16366520742BF4A6875
:103EC0001A434A6004F11800FFF708FE0023C4F803
:103ED00084302046FFF7EFFC002010BD0023C0E92E
:103EE00000008360037370470A46F0F7B3B90A46CF
:103EF0000021F0F7AFB95200FFF78EBF8378427808
:103F000000781B0443EA0223184370470068704797
:103F100008B50246FFF7FAFF0346101DFFF7F6FF4C
:103F20000146184608BD0B0A017043700B0C090EC0
:103F30008370C170704708B501EB8202031F084609
:103F4000FFF7E4FF0431914243F8040FF7D108BDB5
:103F500010B500EB82020C1F54F8041FFFF7E3FFBB
:103F600004309042F8D110BD2DE9F0418846054655
:103F7000FFF7CEFF064640460C46FFF7C9FF464016
:103F800005F108004C40FFF7C3FF074608F10800A1
:103F90000D46FFF7BDFF7840694030432143BDE83F
:103FA000F081F8B506460F46FFF7DEFF05460C46E2
:103FB00006F1100007F11001FFF7D6FF2843214357
:103FC000F8BD2822002102F01FB9012340F8043B6C
:103FD0002422002102F018B9002351F8232040F8D0
:103FE000232001330A2BF8D17047002351F82320F6
:103FF000524240F8232001330A2BF7D1704730B5E5
:10400000002351F8234052F823502C4440F8234019
:1040100001330A2BF5D130BD30B5002351F82340D0
:1040200052F82350641B40F8234001330A2BF5D18A
:1040300030BD13B552420B6801920268019C534097
:1040400023405A4002600A68019C5A400A60426854
:104050004B68534023405A4042604A68019C5A4092
:104060004A6082688B68534023405A4082608A6865
:10407000019C5A408A60C268CB68534023405A4032
:10408000C260CA68019C5A40CA6002690B69534009
:1040900023405A4002610A695A400A6142694B69E9
:1040A000019C534023405A4042614A69019C5A4056
:1040B0004A6182698B69534023405A4082618A6910
:1040C000019C5A408A61C269CB69534023405A40DF
:1040D000C261CA69019C5A40CA61026A0B6A5340B4
:1040E00023405A4002620A6A019C5A400A62426AAC
:1040F0004B6A534023405A4042624A6A5A404A62DD
:1041000002B010BD13B552420B6801920268019CC7
:1041100053402340534003604B684268019C534026
:104120002340534043608B688268019C5340234086
:1041300053408360CB68C268019C53402340534086
:10414000C36002690B69019C5340234053400361E3
:1041500042694B69019C534023405340436182694B
:104160008B69019C5340234053408361C269019C89
:10417000CB69534023405340C361026A0B6A019CE0
:104180005340234053400362426A4B6A019C5340B0
:1041900023405340436202B010BD2DE9F04F044666
:1041A00087B00846FFF7B2FE8246081D1746FFF7A4
:1041B000A5FE8301C81D0493FFF7A0FE430101F192
:1041C0000A000193FFF79AFE4FEAC00801F10D00C3
:1041D000FFF794FE860001F11000FFF797FE0090B4
:1041E00001F11400FFF78AFE4FEAC01901F1170030
:1041F000FFF784FE430101F11A000293FFF77EFEF0
:10420000030101F11D000393FFF778FE6FF07F417A
:1042100041FA07F202401AF100714FF000054FEA2F
:10422000820E4FEA916145F1000241EA8211049B3E
:104230008806BAEB000A4FEA911C6CEB4C0B921605
:104240005F1842F1000216F1007045F10005800E82
:1042500040EA85108306F31A009E4FEA901161EB45
:104260004101AD16361845F1000517F1807C42F189
:1042700000024FEA5C6C4CEAC21C5016A7EB4C6281
:104280000492019A12EB0C02009240F1000016F128
:10429000807245F1000C520E42EACC1219EB020971
:1042A000A6EB4265009A05954FEA6C6C4CF1000C48
:1042B00012F1007240F10000920E42EA801218EBF7
:1042C00002054FEAA060019540F1000019F1007568
:1042D0004CF1000C4FEA9568029D48EA8C1815EBEA
:1042E00008050295019D4FEAAC6C4CF1000C15F1EC
:1042F000807740F100007F0E47EAC0170298DB1973
:1043000041F1000110F180754CF1000C03986D0E25
:1043100045EACC1540194FEA6C6C4CF1000C13F1D6
:104320000076039041F1000110F100704CF1000C97
:10433000800E40EA8C101EEB000E4FEA96664FEAA4
:10434000AC6C46EA81164CF1000C1EF180714CF108
:10435000000C490E41EACC114FF0130CC1FB0CAB21
:104360001AF1007C4BF1000B4FEA9C6C4CEA8B1C61
:10437000AAEB8C6AC4F800A0DDF810A01AEB0C0CB4
:10438000C4F804C0DDF800C0ACEB826C019AC4F83C
:1043900008C0A3EB8663A2EB4762E2602361059B42
:1043A0009E19A9EB8863A361029B6661A3EB456537
:1043B000039BE561A3EB8060AEEB4161206261622B
:1043C00007B0BDE8F08F2DE9F04F0D680C6982FB56
:1043D000055815F1007748F1000CBF0E47EA8C171D
:1043E0008BB04FEAAC6EBB060CF07C4C82FB0446F3
:1043F000EB1A4CEA971C069368EB0C0314F1007C53
:104400004D6807934FEA9C6C46F100034CEA831C0D
:10441000C2FB057E4FEA8C65641B4FEAA36A4D69B7
:1044200003F07C4343EA9C1366EB0306C2FB05CA18
:1044300017F180754EF1000E6D0E45EACE15A7EB13
:1044400045674FEA6E631CF1807E08974AF1000AC7
:104450008F684FEA5E6E4EEACA1EC2FB0753ACEB92
:104460004E6715F1007909978F6943F100034FEA10
:104470006A6A4FEA9969C2FB07EA49EA8319CF6879
:10448000CDF804E0CC469B16C2FB07C3CDF808C0AC
:104490001EF1007C4AF1000A4FEA9C6CCF694CEA9D
:1044A0008A1CE6464FEAAA6AC2FB07EA029FCDF8D9
:1044B0000CE017F1807843F100034FEA586848EAAE
:1044C000C31814EB080446EB63661EF180774AF1CB
:1044D000000A7F0E0B6A496A47EACA17BE464FEACE
:1044E0006A6AC2FB03EACDF810E014F1007E46F1DF
:1044F00000034FEA9E6E4EEA831E049B13F1007682
:104500004AF10003B60E46EA8316B2469B16C2FB7A
:1045100001A31AF1807143F10003490E41EAC3116E
:104520004FF0130BCDF814A05B16A1FB0B2A0BFB6D
:1045300003AA069BD218079B4AEB030A12F10073E9
:104540004AF1000A9B0E43EA8A13A2EB83620260DF
:10455000089AD3184360029BA5EB8965A3EB4863D7
:10456000A4EB8E64C36085600461099B13EB0E03AA
:104570004361019BA3EB8C638361039BA3EB4767C0
:10458000049BC761A3EB8666059B0662A3EB4161B2
:1045900041620BB0BDE8F08F2DE9F04FA3B0D2E936
:1045A00000CE0290D1E9000307938B680093CB689B
:1045B00008930B6901934B690993D1E906930A9318
:1045C000D1E908530B9393680393D3680493136959
:1045D000059353690C9393690E93D3691593136AEA
:1045E0001793536A1893079BDDF800A05B000F93A5
:1045F000089B0F995B001093099B5B0011930A9B2A
:104600005B0012930B9B5B001393039B4FF0130B08
:104610000BFB03F7049B0BFB03F6059B0BFB03F360
:1046200016930C9B0BFB03F314930E9B0BFB03F3F2
:104630000D93159B0BFB03F30693179BDDF8188076
:104640000BFB03F2189B0BFB03F381FB0314C0FB72
:104650000C14CAFB0214DDF840A0CAFB0814DDF8F4
:104660000480DDF834A0C8FB0A14DDF84480DDF8CE
:1046700050A0C8FB0A14DDF85880C9FB0814DDF807
:104680004880C8FB0614DDF84C800BFB0EFAC5FB16
:104690000714C8FB0A14CDE919140799DDF800A026
:1046A000019C8CFB0118C0FB0E18C3FB0A18DDF837
:1046B00020A0C2FB0A18DDF818A0CAFB04180D9C44
:1046C000DDF824A0C4FB0A18149CDDF828A0C4FB64
:1046D0000918169CC4FB0A180B9CC6FB0518C7FBDF
:1046E0000418CDE91B180F99039CDDF8448081FB69
:1046F0000E17C0FB0417009CCCFB0417109CC3FBD7
:104700000417019CC2FB0417069CC4FB08170D9CF0
:10471000DDF84880C4FB0917149CC4FB0817169CDD
:10472000C4FB0517139CC6FB0417CDE91D17039C9A
:1047300007990B9F81FB0416049CC0FB0416009C88
:10474000C4FB0E16089CCCFB0416019CC3FB04168C
:10475000099CC2FB0416069CC4FB09160D9CC4FBF5
:104760000A16149CC4FB0516169CC4FB071616916A
:10477000049C0F991F9681FB0461059C039FC0FB5D
:104780000461009CC4FB0761109CC4FB0E61019C8A
:10479000CCFB0461119CC3FB0461069CC2FB096154
:1047A000C4FB08610D9CC4FB0561DDE91374C4FB07
:1047B0000761B046079C059E84FB06670C9CDDF8EC
:1047C00010A0C0FB0467009CC4FB0A67089CDDF8CE
:1047D0000CA0C4FB0A67019CDDF82CA0C4FB0E678B
:1047E000099CCCFB04670A9CC3FB0967C2FB0467F6
:1047F000069CC4FB05670D9CC4FB0A670D960F9CC5
:104800000C9E149784FB06670E9CDDF814A0C0FB79
:104810000467009CC4FB0A67109CDDF810A0C4FB71
:104820000A67019CDDF80CA0C4FB0A67119CDDF847
:104830004CA0C4FB0E67129CCCFB0967C3FB04674A
:10484000069CC2FB0567C4FB0A670696079C0E9E82
:10485000209784FB0667159CC0FB0467009CDDF86D
:1048600030A0C4FB0A67089CDDF814A0C4FB0A67EB
:10487000019CDDF810A0C4FB0A67099CDDF80CA0C0
:10488000C4FB0A670A9CC9FB0E67CCFB04670B9C40
:10489000C3FB0567C2FB04670F9A159C2197B246BC
:1048A00082FB0426179C0E9FC0FB0426009CC4FBC1
:1048B0000726109C0C9FC4FB0726019C059FC4FB88
:1048C0000726049F119CC4FB0726039CC9FB0426F2
:1048D000129CC4FB0E26139CCCFB0526C3FB0426AE
:1048E0000F92079B179A189C83FB0232C0FB04327D
:1048F0000098159CC0FB043210460E9C089AC2FB1F
:104900000430019A0C9CC2FB0430099A059CC2FB3E
:1049100004300A9A039CC9FB0730C2FB04300B9A8F
:10492000199CC5FB0E30CCFB02309C46199B0590B0
:1049300013F1007E1A9B4FEA9E6E43F100004EEA8F
:10494000801E4FEA8E62A21A079200F07C431A9AE8
:1049500043EA9E1362EB030308931B9B13EB0E0EBB
:104960001C9B43EBA06018F1007541F10003AD0EF4
:1049700045EA831503F07C44AA06B8EB020244EA38
:10498000951461EB04010D9C6519149C44EBA36321
:104990001EF1807440F10000640E44EAC014AEEBD6
:1049A000446709971D9F3C1900941E9C44EB60606E
:1049B00015F1807443F10003640E44EAC314A5EBBF
:1049C00044650A95069D2C190194209C44EB636371
:1049D000009C14F1007440F100004FEA946E169CA4
:1049E0004EEA801E14EB0E0403941F9C44EBA0605F
:1049F000019C14F1007543F10003AD0E219C45EAC2
:104A000083151AEB050944EBA363039C14F180772B
:104A100040F100007F0E47EAC017D21941EB6061F8
:104A200019F180740F9843F10003640E44EAC31433
:104A300010EB040846EB636312F1007641F10001CC
:104A400018F1007043F10003B60E800E46EA81169D
:104A500040EA8310614609180491059941EBA3636C
:104A6000049911F1807143F10003490E41EAC31129
:104A7000A1FB0BCA5B160BFB03AB079BDDF808A081
:104A80001CEB0303DDF820C04BEB0C0B13F1007C97
:104A90004BF1000B4FEA9C6C4CEA8B1CA3EB8C6334
:104AA000CAF80030099B13EB0C03CAF80430009BD2
:104AB000A3EB8E63CAF80830039BA3EB47670A9BFE
:104AC000CAF80C70A2EB86629E19019BCAF81020EE
:104AD000A3EB8565049BCAF81460A9EB4464A8EBBA
:104AE0008060A3EB4161CAF81850CAF81C40CAF8AC
:104AF0002000CAF8241023B0BDE8F08F2DE9F04F54
:104B00008246D1E9024095B0D1E900230690D1E96F
:104B100004900290D1E906B00390086A496A0891AE
:104B2000610005910699039D049049000091029946
:104B30000793490001910399262000FB05F84900DD
:104B4000049D0991132101FB05F6089D5F0001FBFF
:104B50000BF302990A9300FB05FC484387FB0C15F5
:104B6000C2FB02154FEA420E2A466500C5FB06123B
:104B7000009DC5FB08124FEA4905C5FB03120D460F
:104B80000299079BC1FB00520B958CFB0410009D02
:104B9000CEFB0310C6FB0510C8FB09100A9B0D468F
:104BA0000199C3FB0150079BCDE90C5087FB0331F2
:104BB000009D0698CEFB0431CCFB05314FEA490538
:104BC000C6FB0531019DC8FB05310D460A99C1FBA5
:104BD0000B350E95069D0A9387FB0431CEFB0531FC
:104BE000019DCCFB0931C6FB05310D46C8FB0B35D9
:104BF000CDE90F35009B87FB0331CEFB0931C4FBA8
:104C00000431019C4FEA4B05CCFB0431039CC6FBED
:104C10000531C8FB0431029C079387FB0935C4FBAF
:104C20000E35DDE90548C4FB0835099CDDF8148024
:104C3000CCFB0B35C6FB04351193019B87FB03347A
:104C4000CEFB0B34C8FB0934DDF80080C8FB003410
:104C50000998CCFB00340498DDF80880C6FB0034CA
:104C60000398069387FB0B63CEFB00630598C0FB9C
:104C700008630098C0FB09630498CCFB0063CDE98E
:104C80001263099B87FB0368059BCEFB0068C3FB8F
:104C90000B68DDE90030C3FB0068089B0398C9FB83
:104CA0000968CCFB0368049BCDF8248087FB037C58
:104CB000089BCEFB037C059BC3FB007C009BC3FBD6
:104CC0000B7C019BE346C9FB037B0B9B049713F111
:104CD000007742F1000CBF0E47EA8C174FEA876855
:104CE0000CF07C4EB3EB08034EEA971E059362EB83
:104CF0000E030C9A08930D9BD71943EBAC60079BEE
:104D000013F1007C41F1000E4FEA9C6C4CEA8E1CC2
:104D10004FEA8C629A1A0EF07C48119B48EA9C1864
:104D200061EB080113EB0C0C45EBAE6517F1807ECF
:104D300040F100004FEA5E6E4EEAC01EA7EB4E63E4
:104D400007930A9B13EB0E0300930E9B43EB6060EB
:104D50001CF1807745F100057F0E47EAC517ACEBE3
:104D600047630A93069BDF19009B019744EB656438
:104D700013F1007540F100000F9B4FEA956E4EEA6B
:104D8000801E13EB0E030293109B43EBA06017F100
:104D90000075129B44F10004AD0E45EA841513EB37
:104DA0000509139B43EBA463029C14F1807740F147
:104DB00000007F0E47EAC017D21941EB606119F17C
:104DC000807443F10003640E0998039244EAC3140B
:104DD00016EB040840EB636312F1007641F1000129
:104DE000B60E18F1007046EA811643F100030499EB
:104DF000800E40EA8310091804914BEBA36311F174
:104E0000807143F10003490E41EAC3114FF0130CC6
:104E1000A1FB0C2B5B160CFB03BB059BDDF820C034
:104E2000D3184BEB0C0B13F1007C4BF1000B4FEA4A
:104E30009C6C4CEA8B1CA3EB8C63CAF80030079B7C
:104E400013EB0C03CAF80430009BA3EB8E63CAF883
:104E50000830029BA3EB4767039BCAF80C70A3EBD7
:104E600086620A9BCAF810209E19019BCAF814603A
:104E7000A3EB8565A9EB4464A8EB8060CAF81850E1
:104E8000CAF81C40CAF82000049BA3EB4161CAF891
:104E9000241015B0BDE8F08F0029A1BFCB1001F0A0
:104EA0000701C05C0841ACBF00F001000020704762
:104EB0002DE9F0431C30002402F11C08A0F11C0C69
:104EC000161F002556F8047FDCF8003051F824E066
:104ED0004FF00009EEFB07395B1949F10005B045B9
:104EE0004CF8043BEED10134082C40F8045FE5D1C6
:104EF000BDE8F08310B50446FFF763F804F128001D
:104F0000FFF763F804F15000FFF75FF804F1780051
:104F1000BDE81040FFF755B82DE9F04395B00446C1
:104F200016460D460A4668462831FFF768F80AA873
:104F3000FFF772F8324669466846FFF72DFB0AA96B
:104F400004F1280806F128020846FFF725FB0AAA03
:104F500069464046FFF753F82046FFF75DF804F135
:104F6000500705F1500238461146FFF748F804F1A2
:104F7000780906F150023946FFF70EFB06F1780278
:104F800005F178014846FFF707FB4A46394668466F
:104F9000FFF735F80AA8FFF73FF842462146484692
:104FA000FFF7FAFA0AAA21462046FFF7F5FA6A4601
:104FB00041464046FFF7F0FA0AAA69463846FFF72D
:104FC000EBFA15B0BDE8F0832DE9F84F0A9E0546CF
:104FD000904618460F460A4628311C46FFF70FF840
:104FE0003046FFF719F8424621462046FFF7D4FA2B
:104FF00005F1280A08F1280231463046FFF7CCFABD
:10500000324621465046FEF7FAFF2846FFF704F8DD
:1050100005F1500907F1500205F1780B1146484699
:10502000FEF7EDFF08F1500207F178015846FFF74F
:10503000B3FA5A4649462046FEF7E1FF3046FEF7EE
:10504000EBFF524629465846FFF7A6FA3246294654
:105050002846FFF7A1FA224651465046FFF79CFA30
:10506000324621464846BDE8F84FFFF795BA2DE98C
:10507000F0471446894604F12808074609F1280A32
:10508000104604F15005FFF739FD51464046FFF741
:1050900035FD09F15001284604F17806FFF72EFD91
:1050A000294628460222FFF78EF9524649463046E5
:1050B00007F17809FEF7A3FF31464846FFF71EFDCA
:1050C000224641463046FEF79AFF4046FEF7A4FFCF
:1050D000324649462046FEF79FFF4246294628466B
:1050E000FEF79AFF2A4621463846FFF755FA424610
:1050F000314607F12800FFF74FFA2A46414607F1EB
:105100005000FFF749FA324621464846BDE8F047CD
:10511000FFF742BA2DE9F84F9846C3789342054607
:105120000E460CD111464046FFF7B6FE571E044608
:1051300039464046FFF7B0FE844209D1EF70B5F919
:10514000003093420CBF95F902000020BDE8F88FB3
:10515000571CB742A8BF374607F1FF3A04FA0AF4D2
:10516000A2EB070B64424FF000095E46CA450BF103
:10517000010B21DCD11B4046FFF78EFE0444614247
:10518000214001F0F000003801F0CC0318BF0120ED
:10519000003B18BF01235B0001F0AA0143EA800332
:1051A000002918BF43F00103511CC91B19441C41BD
:1051B0002980AC70EE70C2E759464046FFF76CFE9E
:1051C00000FA09F0044409F10109CFE72DE9F04F95
:1051D00085B0DDE90F470D4602903946204603931E
:1051E000FFF75AFE07F1200180462046FFF754FEE4
:1051F00007F1400182462046FFF74EFE1646820028
:1052000002EB4A0202EB0800C2B207F1600120463D
:10521000FFF742FE02EBC000C0F3C4077B1E5840FC
:1052200000F00703DDF8388001934FF0000905F125
:10523000280B05F1500A019B83EA0904013CC4F3E1
:105240000024414622462846FEF75CFF08F128016B
:1052500022465846FEF756FF09F1010908F15001B0
:1052600022465046FEF74EFFB9F1080F08F17808C4
:10527000E1D15146304687F00107FEF7B6FE3A46C7
:1052800031465046FEF7D5FE3A4659462846FEF7C7
:10529000D0FE0299039B0E932A463346084605B07A
:1052A000BDE8F04FFFF790BE08B5FEF77AFE084361
:1052B000B0FA80F04009013808BD00231A468B423D
:1052C00000D17047C2540133F9E770B50D4604466A
:1052D0000FCD8AB06E460FC60FCD0FC695E80300FE
:1052E00013220B46534303F1807386E803005B16D9
:1052F0006A46694600200D682B444D68013005EB75
:10530000A36505284FEA656301F10801F3D1132174
:105310004B43002011680B4423F07C41116051681D
:10532000013001EBA3614B16052821F07E4151604D
:1053300002F10802EED1DDE90012204641EA826165
:10534000FEF7F1FD029DE90441EA9211201DFEF7EE
:10535000EAFD039A510341EA553104F10800FEF7D2
:10536000E2FD0499D20C04F10C0042EA8111FEF72F
:10537000DAFDDDE9051204F1100041EA4261FEF7B1
:10538000D2FD079DE90441EAD21104F11400FEF7B1
:10539000CAFD089A110341EA553104F11800FEF7DD
:1053A000C2FD0999120D42EA811104F11C00FEF7B9
:1053B000BAFD28216846FFF780FF0AB070BD10B51E
:1053C00090B00C4601466846FFF77FFF214608A8CB
:1053D000FFF77BFF08A96846FFF766FF2021044618
:1053E0006846FFF76AFF0DEB0100FFF766FF601CE0
:1053F00010B010BD30B58BB0044668460D46FFF7BF
:105400007DFB69466846EEF7C7FF69466846FFF7C9
:1054100075FB2A4669462046FFF7BEF828216846F4
:10542000FFF74BFF0BB030BD10B588B001466846A2
:10543000FFF74BFF9DF8004068462021FFF73DFF36
:1054400004F00104204608B010BD30B59FB00446FA
:105450000D4668465031FFF7CDFF6A4629460AA837
:10546000FFF79AF86A4605F1280114A8FFF794F8A7
:1054700014A92046FFF729FF0AA8FFF7D5FFE37F0D
:1054800083EAC0132821E3776846FFF716FF0DEB88
:105490000100FFF712FF14A8FFF70FFF1FB030BD88
:1054A00010B54B1E421E1F3113F8014F02F8014F79
:1054B0008B42F9D1037823F007030370C37F03F015
:1054C0007F0343F04003C37710BD30B589B0044675
:1054D00015466846FFF7E4FFFF232A466946204643
:1054E000EFF746F820216846FFF7E7FE09B030BD28
:1054F00010B590B0102204466846FEF71CFD6946C0
:105500002046EFF7E7F840216846FFF7D6FE10B0D7
:1055100010BD70B5A0B004461646684608221D4668
:10552000FEF709FD314608A80822FEF704FD2946CA
:1055300010A80822FEF7FFFC2022002118A800F086
:1055400063FE08AA694610A8FFF7B2FC10A920461E
:10555000EFF7C0F840210DEB0100FFF7AEFE202170
:105560006846FFF7AAFE0DEB0100FFF7A6FE20B08C
:1055700070BD10B5A8B004466846EFF76DF96946EE
:105580002046FFF762FFA0216846FFF796FE28B08D
:1055900010BD10B5083801EBC202914200D110BD18
:1055A0004C680B6824BA40F8084F1BBA43600831B6
:1055B000F3E710B5D0F8D03023F00702DB4303F057
:1055C0000703DB001044C3F12004A3F1200221FAF9
:1055D00004F401FA02F222439940D0E910430C434B
:1055E0001343C0E9104310BD2DE9F843D0F8D07043
:1055F0000E467907044615460AD07F4207F0070792
:10560000974228BF1746B0463E4446453FD1ED1B62
:10561000D4F8D0305A0619D05F4207F07F07AF4266
:1056200094BFFF08EF0823F0070304F14000314660
:1056300018443A46FFF7ADFFD4F8D03003EBC70368
:10564000C4F8D03006EBC706A5EBC705802B29D0E0
:1056500025F07F073744B14604F1400800264F4546
:1056600040D115F07F0610D03946F20804F1400011
:10567000FFF78FFFD4F8D03005F078052B443D4478
:105680003744AF42C4F8D03052D1BDE8F88318F89F
:10569000011B2046FFF78DFFD4F8D0300133C4F84A
:1056A000D030B2E7D4E9323213F5806342F1000220
:1056B000B3F5806FC4E9323272F1000206D2D4E948
:1056C0003032013342F10002C4E930322046EFF7B4
:1056D00043FA0021C4F8D010802204F1400000F009
:1056E00093FDB5E7102249464046FFF752FFD4E943
:1056F000323213F5806342F10002B3F5806FC4E9E2
:10570000323272F1000206D2D4E93032013342F172
:105710000002C4E930322046EFF71EFAC4F8D06028
:1057200080220021404600F06FFD09F1800996E7D4
:1057300015F8011B2046FFF73CFFD4F8D0300133A9
:105740009FE70AB1FFF750BF704770B5D0F8D0603F
:1057500004460D4626B980223146403000F054FD03
:1057600080212046FFF725FFD4E93202F3001B1801
:1057700052F100024FF0000128BF0121C4E932328A
:1057800031B1D4E93032013342F10002C4E93032A0
:105790006F2E08D92046EFF7DFF97022002104F1BF
:1057A000400000F031FDD4E93023C4E92C23D4E9D2
:1057B00032232046C4E92E23EFF7CEF92946A4F17F
:1057C000080304F1380553F8082F5868C870060E0E
:1057D0000E70060C4E70060A100E0871100C4871FF
:1057E0009D424FEA12208E708871CA7101F1080142
:1057F000E9D12046D821BDE87040FFF75EBDF0B585
:10580000C7B004460E46174610A81D46DDF778FCC3
:105810003A46314610A8FFF794FF294610A82022E7
:10582000FFF7E2FEDDE94C1210A8FFF78AFFDDE981
:105830004E1210A8FFF785FF694610A8FFF785FFF5
:1058400069462046FFF754FE47B0F0BD70B5B6B0CC
:1058500004460D4616466846DDF752FC3246294698
:105860006846FFF76EFF21466846FFF76EFF36B0C9
:1058700070BD30B50D468DB00021CDE90023CDE9D6
:10588000021104462B460146202204A8FFF7B7FF69
:1058900004AA29462046EFF749F80DB030BD00F4C0
:1058A000E040B0F5805F04D0A0F500535842584165
:1058B0007047012070473AB1002918BF0023D21A5F
:1058C0002121184400F0A0BC70472DE9F04F89B0A9
:1058D0009B4600238DF81B30159BDDF85080002B74
:1058E00091460B460E460CBF4FF400624FF48062A7
:1058F00007A9DDE912A7EFF7F5FC0446F0B9079D0B
:105900000DF11B0229883046EFF756FD0446A8B971
:105910009DF81B30BB4223D868682A6C000A05F149
:10592000200120D1CDE90338CDE901BACDF80090AE
:105930003346284600F051FB044608B1C8F8007011
:10594000D8F800303A4621465046FFF7B4FF079892
:1059500000F029FA002C18BF204609B0BDE8F08FEE
:105960006FF08904EAE76FF08604E7E72DE9F34179
:10597000D0F804804769044640460E4600F015FA08
:10598000054660BB5FFA88F31BB93FB16FF086052F
:1059900025E0013F6FF040439F42F7D2A06820F41A
:1059A0007F4020F003000028F0D162884FF6F873A2
:1059B0009A4218D8277907B901A83146EFF732FF84
:1059C000054660B90FCCD6F800C066460FC694E80D
:1059D000030086E8030017B9019BCCF81430284671
:1059E00002B0BDE8F0816FF08505F8E700F6FF72C0
:1059F00040F67E739A4243D9434213F07F0306D0A8
:105A0000202BC3F1000015D16FF08500704710F115
:105A1000920F0FDA10F5994F2AD02CDC10F5C54FF4
:105A200026D010F5C14FEFD010F5C74F23D16FF03E
:105A30009600704710F11F0F15DA10F13D0F1DD0C1
:105A400010F13C0F07DA10F1400F14BF6FF0830024
:105A50006FF09300704710F1220F14BF6FF08300B6
:105A60006FF085007047002818BF6FF08300704703
:105A70006FF0860070476FF0830070476FF09300FF
:105A8000704741F2052398421AD8B0F5905F09D2C9
:105A900041F2010398420CD0B0F5885F09D06FF055
:105AA00085007047A0F5905080B22923C340DB07E2
:105AB000F5D511F0070F14BF6FF086000020704776
:105AC000B0F5105FEBD121F04003802B06D0B1F58B
:105AD000807F14BF6FF08600002070470020704761
:105AE000F8B504460F4600881E46154692B1FFF7EA
:105AF000D6FE78B1089BD10019602088FFF7C1FF5E
:105B0000044628B93946304600F057FB079B1D6014
:105B10002046F8BD6FF08504FAE710B5036C044623
:105B20001BB120210844F0F711FB0020206410BDB8
:105B300038B50446FFF7F1FF237E012B0FD0023B5F
:105B4000012B0FD8E369012B14BF6FF096050025D8
:105B500044220021204600F057FB284638BDE36967
:105B6000002BF1E76FF09605F2E708B1FFF7E0BF11
:105B7000704713B5A0B101A9EFF79AFE80B901985B
:105B8000037E022B0ED1032303760379FF2B0CBF78
:105B90006FF08404002400F0F1F8002808BF2046CC
:105BA00002B010BD6FF09604F5E72DE9F047984676
:105BB00086B0002306468A460493C8F8003015468E
:105BC000002A5AD0B2F1005F5AD204A9FFF7CEFEE4
:105BD000044638B9049F3A6C7AB973681B0A05D039
:105BE0006FF086040498FFF7C0FF42E0202D02D931
:105BF0006FF08504F6E73D642A467168B7F80290B5
:105C0000CDF81490090A07F1200307F14000E7D10D
:105C100005A9CDE90101009251462A463046FFF719
:105C20005FFF04460028DDD1059BB9F1000F1BD1B1
:105C30007B804FF6F8729342DAD83388049A13B116
:105C400011889942CCD1738813B151889942C7D138
:105C50005369C8F80030137E012B08D00023C8F820
:105C600000306FF09604BDE79945B9D1E1E7022312
:105C70001376204606B0BDE8F0876FF08604F8E79B
:105C80006FF08504F5E710B50446006830B10128CF
:105C900005D1201DEFF7B4FF0023236010BD6FF086
:105CA0008800F9E738B50C460168054691B904F05B
:105CB000FE43B3F1007F13D1031D6C22184600F0A0
:105CC000A3FA2146EFF7AEFF044628B901232B6063
:105CD000204638BD6FF088042846FFF7D4FFF7E769
:105CE0006FF08604F8E738B50546006878B112B958
:105CF0000024204638BD012809D1281DEFF7BEFF3A
:105D000004460028F4D02846FFF7BDFFF1E76FF006
:105D10008804F8E738B500241C600546006868B1BF
:105D2000012808D1281DEFF7BBFF04462846FFF7DE
:105D3000AAFF204638BD6FF08804F7E76FF08804AB
:105D4000F7E730B4039C0025256000F0FE44B4F171
:105D5000007F02D130BC00F013B96FF0860030BC78
:105D600070471FB501240394089C0294079C01947A
:105D7000069C0094FFF7A9FD04B010BD034668B16E
:105D8000017E8A1E012A0BD80329C26903D1012A88
:105D900001D1FFF7CDBE1AB1013ADA610020704798
:105DA0006FF096007047FFF7E9BFC0B2002814BF3C
:105DB0006FF085000020704773B515461C4600261D
:105DC0000DF107030DF106028DF80760EFF786FD70
:105DD00058B99DF8070004B120709DF806202946A7
:105DE00002B0BDE87040F0F7BDB9304602B070BDFA
:105DF00010B40124019B019410BCEFF78FBD10B4C7
:105E00000024019B019410BCEFF788BD08B503790D
:105E1000934206D10830F0F72BFABDE80840FFF7AF
:105E2000E5BD6FF0860008BD08B5036803F0FE43CA
:105E3000B3F1806F04D10830F0F7B2F9002008BD4B
:105E40006FF08800FBE72DE9F04794B004469A46CE
:105E50000E4690460021402204A8DDE92057DDF8D7
:105E6000749000F0D1F92146CDF800A043463246A7
:105E700004A8FFF7BDFF044668B9B9F1000F0ED1C1
:105E800002ABCDE90073DDE91E122B4604A8EFF743
:105E9000B9FD044660B104A8FFF7C6FF1DE01C99D8
:105EA0004A4604A8FFF7B2FF04460028E8D0F2E70C
:105EB000029A05B1154403ABBA1A294604A8EFF7B4
:105EC0003BFE04460028E6D1DDE902321344229A63
:105ED00004A81360FFF7A8FF0446204614B0BDE8ED
:105EE000F0872DE9F04794B004469A4688469146DB
:105EF0000021402204A8DDE91E571C9E00F084F911
:105F00002146CDF800A04B46424604A8FFF777FF94
:105F1000044640BB9DF81420F2B99DF814206EBBD6
:105F20001D990DF10C088A1ACDE900782B463146EF
:105F300004A8EFF767FD0446A8B9039E05B13544F0
:105F40004346BA1B294604A8EFF7F6FD039B209AA7
:105F500033440446136006E0314604A8FFF756FFB9
:105F600004460028D9D004A8FFF75EFF00280CBF24
:105F700020466FF0880014B0BDE8F0871644CFE7E4
:105F80002DE9F0439DB0DDE9248904460E4617460D
:105F900000216C2201A81D4600F036F92146C9F8FF
:105FA000008001A8EFF73EFE044668B93A46314644
:105FB00001A8EFF763FE044630B94B464246294636
:105FC00001A8EFF76DFE044601A8EFF719FE002CBB
:105FD00018BF20461DB0BDE8F0832DE9F041AEB0FA
:105FE0000C4615461E46B82200216846DDF8D480CE
:105FF000379F00F009F9214633462A466846EFF7F5
:10600000FBFE044648B9B8F1000F0DD136993A4667
:106010006846EFF779FE044678B16846EFF7CEFEA2
:1060200020462EB0BDE8F081349942466846EFF72D
:10603000A7FF04460028E9D0EFE7389B1F60ECE794
:106040006822002100F0E0B810B16821F0F77EB8B6
:1060500070472DE9F04105460E46144612B3036C15
:1060600003F03F079B18036422BF436C0133436472
:106070007FB1C7F1400842450FD34246384400F093
:106080009CF829462846EFF78DFF27444644A7F1A0
:1060900040043F2C09D82CB1002722463146E8198C
:1060A00000F08BF80020BDE8F081374606EB0408CD
:1060B000394628464037EFF775FFA8EB07033F2B1B
:1060C000F6D8A4F1400323F03F0340331E44E41A02
:1060D000DFE738B5036C03F03F035A1C0D46382A3E
:1060E0004FF08001C154044610442FD8C2F1380249
:1060F000002100F089F8D4E910315A0F42EAC102B8
:10610000DB0012BA1BBAA263E36321462046EFF715
:1061100049FFA36C1BBA2B60E36C1BBA6B60236D49
:106120001BBAAB60636D1BBAEB60A36D1BBA2B612E
:10613000E36D1BBA6B61236E1BBAAB61636E1BBA56
:106140002046EB61FFF780FF002038BDC2F140021E
:10615000002100F059F821462046EFF723FF3822AE
:1061600000212046C5E73822002100F04DB810B5C7
:10617000044600F01CF82046BDE81040EFF7E0BFF1
:1061800010B54FF48C710120EFF7D4FF044608B12D
:1061900000F008F8204610BDF0F7C4B9F0F7F8B8E1
:1061A000F0F744BA4FF48C72002100F02DB818B10A
:1061B0004FF48C71EFF7CABF70470A44914200F167
:1061C000FF3300D1704710B511F8014B03F8014FB0
:1061D0009142F9D110BD884210B501EB020402D9F9
:1061E0008442234607D8431EA14207D011F8012B51
:1061F00003F8012FF8E70244824200D110BD13F8E2
:10620000011D02F8011DF7E702440346934200D145
:10621000704703F8011BF9E70021F0F795BE0A2249
:106220000021F1F7B7B910B501390244904201D10C
:10623000002005E0037811F8014FA34201D0181B9C
:1062400010BD0130F2E7C9B20346184613F8012B1E
:1062500012B18A42F9D17047002918BF0020704757
:1062600070B503461E4613F8014B44B14A1E01E0C7
:10627000A54204D012F8015F002DF9D1F2E7301ADF
:1062800070BD10B56AB10139841810F8012B11F8EE
:10629000013F9A4203D1A04201D0002AF5D1D01A81
:1062A00010BD1046FCE710B50139034632B111F8B4
:1062B000014F03F8014B013A002CF7D11A44002199
:1062C000934200D110BD03F8011BF9E710B5024657
:1062D00001448A42134603D01C780132002CF8D1C5
:1062E000181A10BD70B503461E4613F8014B3CB199
:1062F0004A1E01E0A542F7D012F8015F002DF9D146
:10630000301A70BD2DE9F843C3F1370907468846B6
:106310005FFA89F903F01F051646384641462A46BA
:106320000023DAF747FFD4B2092C3A4688BF4C4421
:10633000434688BFE4B2AA424FF0000204F13004A1
:10634000934106F8014B07468846E6D23046BDE841
:10635000F8832DE9F04387B01C4602AB0093174643
:10636000D2E902238146884600F09CF904AB0093F1
:10637000D7E9002306460D464846414600F092F90B
:10638000DDE90423901953EB05014FF0000728BF06
:10639000012737B1029B039A013342F10002CDE994
:1063A0000232403CDDE90223009400F092F907B08C
:1063B000BDE8F0832DE9F041B0FA80F68E1B00298C
:1063C00007460C4606F1070645DB0846F2F732FAA7
:1063D00006442046F2F734FA351B2A1A3D3221468C
:1063E000384600F04FF9B44233DC1F2D61DC4FF02A
:1063F000FF33AB4027EA0303B3FA83F35B091D467F
:10640000B0FA80F3F31A9E33FE2B56DC002B23EAFE
:10641000E371CCBF0B4601239B1BA3F1970420FA29
:1064200004F2963B12F0010220FA03F308D04FF079
:10643000FF32A24030EA02023DD1E5B303F001028F
:10644000D018C0F3160000B9114440EAC150BDE8AD
:10645000F0810123D3E74D422846F2F7F1F9361ACD
:106460002846F2F7EDF9A6EB040808EB00023C32EF
:106470002946384600F0F3F8B44213DCB8F11F0F98
:1064800017DC4FF0FF3303FA08F337EA030310D1A8
:106490000521B7FBF1F202EB8204A74204D10133DC
:1064A0001746F6E70023F3E79D428CBF0023012344
:1064B000A5E70023A3E70122C2E74FF0FF40C6E7AC
:1064C0002DE9F04F89B00518029304AB41EB0104AC
:1064D000009390462846D2E90023214600F0E2F8D6
:1064E00006AB009307468946D8E902232846214691
:1064F00000F0D8F8DDE90423841851EB0306069B6D
:10650000D8E900124FF0000528BF0125ED18079BC0
:1065100043F10003791849EB0202B94272EB090218
:10652000D8E9022134BF01200020A21846EB010166
:106530008018029A41F10001A042A2F1410A71EBD8
:10654000060234BF012200225219CDE90653CDF8CC
:1065500000A043F1000300F0BCF8129BC3E9000166
:10656000D8E90221039114990129DDE90653D8E9FC
:1065700000E027D10399CDF800A0A21A66EB010133
:10658000774579EB000034BF01200020101A61F13B
:106590000001844276EB010234BF01220022AA1AD4
:1065A00063F1000300F095F8139BC3E90001DDE9F6
:1065B0000623CDF800A02046314600F08AF809B045
:1065C000BDE8F08F17EB070B49EB090C14EB04083F
:1065D00046EB0601BB457CEB090934BF01270027C8
:1065E00018EB070741F10008F3457CEB000C34BFC2
:1065F00001200020381A68F10001801A039A61EB2B
:1066000002016D195B41A74278EB060234BF0122FB
:106610000022AD1843F10003874278EB010834BF34
:1066200001220022AA1A029DA5F140050095B7E7B4
:1066300010B50299A3FB0043A2FB0020001943F10F
:1066400000033F29DBBFA1F12002C1F14001403925
:106650008B40D6BFD04023FA01F0184310BD30B5AF
:1066600087B00446084602A91546F2F785F9049B4F
:1066700000955A1C059B204643F10003FFF7D8FF05
:1066800007B030BD30B587B015460446084602A9AC
:10669000F2F7FEF8DDE9042300952046FFF7C8FF76
:1066A00007B030BDF0B500240D4606469446A0FB69
:1066B00002012246E5FB0C12A446E3FB061CE5FBA7
:1066C000032412EB0C02059F44F10004C7E90024E7
:1066D000F0BDF0B5059CC4F14007C4F1200602FAF4
:1066E00006F6A4F12005BB4022FA05F53343C4F1B8
:1066F00020062B4301FA06F6A4F12005E04021FA1A
:1067000005F53043BA402843E14010431943F0BD3A
:106710000246534221F00040134340EAD370C0F1D7
:10672000FF4000F5E000C00F704720F00040B0F1DE
:10673000FF4F94BF00200120704738B505460C4636
:1067400000F0DBF830B120462946DAF7B9F9044603
:10675000204638BD204600F0D0F80028F3D1284666
:10676000FFF7E3FF0028F3D12046FFF7DEFF28B94B
:1067700021462846DAF768FC0028E9D02C46E7E7EE
:10678000C0F3C7530028A3F17F010246ACBF01202C
:106790004FF0FF301E291ADC002903DA013118BF3F
:1067A000002070471629D8BF4FF48003C2F31602A9
:1067B000D8BF0B4142F40002CDBF963B9B18C1F1FC
:1067C000170102FA03F3D8BFCB40584370470128A2
:1067D0004FF0FF3018BF002000F1004070472DE956
:1067E000F0410446CE0FC1F30A55C1F3130154EA38
:1067F0000107167140F2FF706AD1002D70D12C464E
:106800002946002B15605FDB0C2B5FDCC3F10D0507
:10681000AD00012005F1FF3CA5F12107C5F12106DE
:1068200020FA06F600FA07F700FA0CF037430618CC
:1068300047EB0708D6F1000E68EB480C013E48F123
:10684000FF38264008EA0108B04277EB08080FDB62
:10685000C5F12008B5F1200601FA08F824FA05F57B
:1068600045EA08055CBF41FA06F63543ED0703D556
:106870002018044641EB070104EA0E0401EA0C016A
:106880009DF8186018460D250532C6F1270604F05C
:106890000F03240944EA0174091163B9A8420DDA0F
:1068A000013DF4D21AE01DB90125A5F2FF35A8E794
:1068B00041F48011F9E7092BC8BF9B193033A84276
:1068C0005355B8BF2846EBE70023D9E70D23D7E798
:1068D0008542E8D146F0080616710020BDE8F08137
:1068E0008542E5D146F00406F6E7D1E90432934249
:1068F0001EBF5A1C0A611870704780F48000400067
:0C69000010F5000F94BF0020012070472C
:08690C0036A9FD7F0100000027
:1069140000000000D469020889C7000800000000D4
:10692400592C010800000000992C01080000000007
:1069340000000000F469020800000000546A020824
:1069440000000000946A020800000000146A0208B3
:1069540000000000746A020800000000346A0208A3
:1069640091F601080000000000000000B46A02086B
:1069740000000000D46A0208B9DD0008000000002D
:1069840079FF00080000000065D300080000000043
:106994000533020800000000B942010800000000AD
:1069A40000000000F46A020800000000146B0208F2
:1069B40000000000346B020800000000546B020861
:1069C40000000000746B0208E9D700080000000012
:1069D400F3B7020800000000B06D020812050020A1
:1069E40000000000D9DC00080000000000000000E6
:1069F40084B80208107D0208986D02081E05002064
:106A04000000000000000000000000000000000082
:106A1400AFB30208FC7A02085C6D02080805002086
:106A2400E85E00209DC7000800000000A4000020CC
:106A3400BDB30208107B02085C6D02080A05002041
:106A4400F85E00209DC7000800000000B40000208C
:106A5400CBB30208247B02085C6D02080C050020FD
:106A6400085F00209DC7000800000000C40000204B
:106A7400D9B30208387B02085C6D02080E050020B9
:106A8400185F00209DC7000800000000D40000200B
:106A9400D5B7020800000000000000001005002027
:106AA400000000004DDA00080000000000000000B3
:106AB40000B80208DC0300203C6D02081405002025
:106AC40070030020C1DF0008000000006003002004
:106AD40095B80208147D0208F46D02082005002010
:106AE4004C04002025200208000000003C04002083
:106AF4000DB8020800000000446D020816050020CD
:106B0400F00300209FF901080000000000000000CD
:106B140027B80208587C0208806D02081805002076
:106B2400A06200203DE50008000000000C040020E5
:106B3400A5B80208887D0208A86D02082205002075
:106B4400700400206DFA00080000000060040020BA
:106B540034B80208A07C0208000000001A050020D6
:106B64000463002005E80008000000001C04002065
:106B74007CB80208C47C0208CC6D02081C05002005
:106B8400503C00204DF10008000000002C040020BF
:106B9400000000006DEE0108000000006DEE010829
:106BA400000000006DEE0108000000006DEE010819
:106BB400000000006DEE0108000000006DEE010809
:106BC4006DBA0208E1DA00086BBA0208E1DA0008DB
:106BD40069BA0208E1DA000867BA0208E1DA0008D3
:106BE40065BA0208E1DA0008000000006DEE010851
:106BF400000000006DEE0108000000006DEE0108C9
:106C0400000000006DEE0108000000006DEE0108B8
:106C1400000000006DEE0108000000006DEE0108A8
:106C2400000000006DEE0108000000006DEE010898
:106C3400000000006DEE0108000000006DEE010888
:106C440063BA0208E1DA0008000000006DEE0108F2
:106C5400000000006DEE0108000000006DEE010868
:106C6400000000006DEE0108000000006DEE010858
:106C7400000000006DEE0108000000006DEE010848
:106C8400000000006DEE0108000000006DEE010838
:106C9400146B020895FE0108146B020899FE0108A2
:106CA400000000006DEE0108000000006DEE010818
:106CB400D46A02085D1D0208000000006DEE0108A0
:106CC400000000006DEE0108000000006DEE0108F8
:106CD400000000006DEE010861BA0208E1DA000864
:106CE400000000006DEE0108000000006DEE0108D8
:106CF400000000006DEE0108000000006DEE0108C8
:106D0400000000006DEE0108000000006DEE0108B7
:106D1400000000006DEE0108000000006DEE0108A7
:106D2400746B0208AB190208000000006DEE010844
:086D34007003002015E20008C5
:086D3C0071DF000835E10008D9
:106D440071F9010865FA01080FFA0108CDE200089B
:086D5400D5E2000831E300085C
:106D5C0099FC010805FC010811FC010823FC010841
:106D6C002DFC010837FC010859E3000845FC01081B
:046D7C000000000013
:106D8000C9E4000897FD0108D3FD010800000000D8
:086D90000000000000000000FB
:106D9800ED1B02080D1C0208291C0208471C0208EA
:086DA800F9FA000805220208B7
:106DB00069F70108A5F701080000000059DC000888
:0C6DC0002DF8010800000000EBF70108AE
:106DCC0051F3000849EC000811F1000835EE0008F9
:106DDC00791102088D09020893060208E1050208E0
:086DEC00CD0E02083DED000888
:106DF40005200208E31E0208871C020879F900082E
:106E0400F91D02088B1E0208C11F0208E11C0208BA
:106E1400F71C0208E51D0208191D02082F1D0208AF
:106E24000D1D0208451D0208A9F60008F1F6000828
:0C6E34009D1F0208511D0208551D020898
:086E4000253D0008B95F0008C0
:0C6E48000000000095C3000800000000DE
:106E580054000000000100000000000001000000D4
:106E680002000000FFFFFFFFFFFFFFFFFFFFFFFF24
:106E7800FFFFFFFF01000000010000003230323642
:106E880020536570203034004C6F52612D453520F9
:106E98006D696E690000000000000000000000003D
:106EA80000000000000000000000000000000000DA
:106EB800312E31372E342D7A657068636F72650014
:106EC800000000000000000022AE28D7982F8A4258
:106ED800CD65EF23914437712F3B4DECCFFBC0B507
:106EE800BCDB8981A5DBB5E938B548F35BC2563907
:106EF80019D005B6F111F1599B4F19AFA4823F92F1
:106F080018816DDAD55E1CAB420203A398AA07D894
:106F1800BE6F7045015B83128CB2E44EBE8531248E
:106F2800E2B4FFD5C37D0C556F897BF2745DBE72E8
:106F3800B196163BFEB1DE803512C725A706DC9B4D
:106F4800942669CF74F19BC1D24AF19EC1699BE432
:106F5800E3254F388647BEEFB5D58C8BC69DC10F4C
:106F6800659CAC77CCA10C2475022B596F2CE92DAC
:106F780083E4A66EAA84744AD4FB41BDDCA9B05C44
:106F8800B5531183DA88F976ABDF66EE52513E9835
:106F98001032B42D6DC631A83F21FB98C82703B025
:106FA800E40EEFBEC77F59BFC28FA83DF30BE0C602
:106FB80025A70A934791A7D56F8203E05163CA06B4
:106FC800706E0E0A67292914FC2FD246850AB72746
:106FD80026C9265C38211B2EED2AC45AFC6D2C4D7F
:106FE800DFB3959D130D3853DE63AF8B54730A6579
:106FF800A8B2773CBB0A6A76E6AEED472EC9C281D5
:107008003B358214852C72926403F14CA1E8BFA22F
:10701800013042BC4B661AA89197F8D0708B4BC2CE
:1070280030BE5406A3516CC71852EFD619E892D156
:1070380010A96555240699D62A20715785350EF46E
:10704800B8D1BB3270A06A10C8D0D2B816C1A41982
:1070580053AB4151086C371E99EB8EDF4C774827AC
:10706800A8489BE1B5BCB034635AC9C5B30C1C39F8
:10707800CB8A41E34AAAD84E73E363774FCA9C5B35
:10708800A3B8B2D6F36F2E68FCB2EF5DEE828F74B0
:10709800602F17436F63A57872ABF0A11478C8848A
:1070A800EC39641A0802C78C281E6323FAFFBE90C5
:1070B800E9BD82DEEB6C50A41579C6B2F7A3F9BE20
:1070C8002B5372E3F27871C69C6126EACE3E27CA3A
:1070D80007C2C021C7B886D11EEBE0CDD67DDAEA5B
:1070E80078D16EEE7F4F7DF5BA6F1772AA67F006FA
:1070F800A698C8A2C57D630AAE0DF9BE04983F11D3
:107108001B471C13350B711B847D0423F577DB2883
:107118009324C7407BABCA32BCBEC9150ABE9E3C8D
:107128004C0D109CC4671D43B6423ECBBED4C54C23
:107138002A7E65FC9C297F59ECFAD63AAB6FCB5F67
:107148001758474A8C19446C0100000000000000E1
:107158000500000000000000190000000000000009
:107168007D00000000000000710200000000000027
:10717800350C000000000000093D00000000000080
:107188002D31010000000000E1F5050000000000BD
:1071980065CD1D0000000000F90295000000000008
:1071A800DD0EE90200000000514A8D0E00000000CB
:1071B8009573C24800000000E941CC6B0100000053
:1071C8008D49FD1A07000000C16FF28623000000F8
:1071D800C52EBCA2B1000000D9E9AC2D780300008F
:1071E8003D9160E45811000031D6E275BC560000AC
:1071F800F52E6E4DAEB10100C9EA26836778080006
:10720800ED95C28F055A2A00A1EDCCCE1BC2D30042
:1072180025A4000A8BCA2204000000000000000018
:107228000000000000000010000000000000000046
:10723800B9340332B7F4AD1410DB1AB30892540E04
:107248000D307D951447BA1A66088F4D26ADC66D68
:10725800F598BF85E2B74511CA96853D92BD1DEBED
:10726800FCA11860DCEF52163C92AE220BB8C1B4F8
:10727800839D2D5B0562DA1C304C7E8F4E8BB25B92
:1072880016F4529F8B56A512FBD4827643ED8AF0F2
:107298008FE7F9311565191850F19BD94A13EEB4E7
:1072A800284CF0A686C1251F035FC270CB9E4916E5
:1072B800E642889C44EB2014B0650836AD6EA5857F
:1072C80085F0CA14E2FD031A0B899979D5B13D09F5
:1072D800D8DA973A35EBCF10AC363F5E73BB38CF70
:1072E8003E6752FA44AFBA150100000000000000E2
:1072F8000000000000000020345065C05FC9A6529D
:10730800BB13CBAEC440C21806C8DF7100D5A87C39
:10731800F56F0FDA58FC27136E4756357D24206524
:1073280002C7E768E48CA41DE9E60268D7CD396195
:107338007977FCC2405BEF16798CDE43FFA751F9E1
:1073480091F3B278F5BDBE11E857E9D6E8BEE87BFF
:10735800B054AC8F848D751BEA23A499E9F9D38BBB
:10736800B7A3714061DA3E15CEE33ECB73F9480806
:107378008C97B427D51B7010A2BFEFB9EB853215D7
:107388004DB44DB49BBB6F1996B6076CF8E7EEADDC
:1073980036D9B4F59135AE13222218AF4E6A684D2E
:1073A80091DAAA3D4F40741E9FBD9EE006A1C09889
:1073B80057C2A7FDA40E90170E7D497173E3208F65
:1073C800B220D87605143B12853D7434811343B03E
:1073D800AD297A5F27F4351C00000000000000008A
:1073E8003BE70108AF8C0108B18C0108B38C010898
:1073F800B58C01088D330008BD8C0108058D010886
:10740800C18C0108C78C0108B78C010895330008A6
:10741800BB8C0108CD8C01080000000000000000B2
:10742800D9340008AF8C0108B18C0108B38C01086D
:10743800B58C01088D330008BD8C010873980108CC
:10744800C18C0108C78C0108B78C01089533000866
:10745800BB8C01082DA10108939801080B9801081D
:107468003F980108439801080F98010813980108EC
:10747800179801081B9801081F980108239801080C
:107488002598010827980108299801082D980108CE
:107498002F98010831980108339801083598010898
:1074A800379801083B9801083D9801080000000042
:1074B800000000005D3C0008993C0008AD3C000855
:1074C800053C0008453B00086D3B0008793B000877
:1074D800853B00084D3C00089D3B0008B53B000873
:1074E800D13B0008000000000000000071A5010861
:1074F800AD3F00089D3F000875A5010879A5010862
:10750800A53F00087DA501087DA501087DA5010806
:107518008BA501085BA501085DA501085FA5010809
:1075280063A5010883A501087FA50108C53F0008D8
:1075380087A5010865A5010869A501088D3F000810
:107548006DA50108953F000800000000000000003C
:10755800E1AD0108E9A6010829440008D93F00085F
:1075680035AE010891A701085DA60108E7A5010845
:1075780003A60108A9A8010835A6010853AF010808
:10758800F1A5010801AF0108E9A50108EDA5010869
:10759800E1AF010809A60108E14A0008954800087A
:1075A80061400008AFA5010811A601086BB00108E9
:1075B800114900089DA5010855A601084DA6010816
:1075C80045A6010857A70108B5A60108A1A5010805
:1075D800A5A50108A9A50108ADA501083BE7010873
:1075E8003BE701083BE701083BE701087DA60108E6
:1075F8003BE701083BE70108B5A50108B9A5010863
:10760800BFA50108C3A50108C7A50108C9A50108A8
:10761800CDA50108D1A50108D5A50108D7A5010860
:10762800D9A50108DDA50108E1A501080000F0C001
:10763800000020C1000048C1000070C100008CC1DA
:107648000000A0C10000000000000000C3B2010853
:107658000000000000000000D5B20108F5B20108E2
:10766800D3B201080000000000000000A54C00088B
:10767800289902080B9A0208139A02081D9A020810
:10768800299A0208349A0208419A0208569A02086E
:10769800609A0208689A0208189502081501000005
:1076A8000000000000000000815A0008E9A6010857
:1076B80029440008D93F000835AE010891A7010800
:1076C8005DA60108E7A5010803A60108A9A8010805
:1076D80035A6010853AF0108F1A5010801AF01085B
:1076E800E9A50108EDA50108E1AF010809A601080F
:1076F800E14A00089548000861400008AFA5010864
:1077080011A601086BB00108114900089DA50108E0
:1077180055A601084DA6010845A6010857A7010866
:10772800B5A60108C7B90108A5A50108FFB9010850
:1077380005BA01088DB901080BBA01089DB90108FD
:10774800AFB901087DA60108B5B90108C1B901089A
:10775800CDB90108D9B90108DFB90108E5B90108AF
:10776800EBB90108F1B90108F7B90108FBB901083B
:10777800BBB90108BBB90108ABB90108DDA501080F
:10778800D3B901080000000000000000A3BB0108F5
:1077980099BA0108CDBA01080000000000000000F5
:1077A800155B0008A55A0008AD5A0008B55A00082C
:1077B800CD5A0008FD69000849BA01084BBA01080A
:1077C8004DBA01084FBA010851BA010853BA010865
:1077D80095600008A160000855BA0108715B0008AF
:1077E80017BA01082D5C0008DD5B0008096A00086B
:1077F8006D5F0008BD5A0008E95A00088969000849
:107808005DBA010819BA01089D5A00081BBA010897
:1078180021BA0108F16900087D690008716900084A
:1078280059BA01081D69000865690008C55A0008A9
:1078380023BA010829BA010867BA010895BA0108EC
:10784800011500082FBA010835BA010839BA01082C
:107858003DBA010841BA010845BA01088B9C0208E3
:10786800CA9E0208D29E020853BB01088FBB0108BA
:107878007DBA0108255B0008000000000000000038
:1078880000000000D9340008AF8C0108B18C010851
:10789800B38C0108B58C01088D330008BD8C010834
:1078A80073980108C18C0108C78C0108B78C0108BE
:1078B80095330008BB8C01082DA101089398010895
:1078C8000B9801083F980108439801080F98010890
:1078D80013980108179801081B980108CDBE0108E4
:1078E800CBC0010815C201082798010809BF010883
:1078F80003C601082F980108319801083398010838
:1079080035980108457E000857BF01085DC0010889
:10791800A5BE0108A9BE0108ADBE0108AFBE010899
:10792800B3BE0108B7BE01083BE701083BE7010801
:107938003BE70108B9BF01083BE701083BE701083D
:107948003BE701083BE701083BE701083BE7010883
:107958003BE70108B9BE01083BE701083BE701081E
:107968000DC10108AFBF0108AFBF0108BBBE0108C8
:10797800BDBE0108BFBE0108C1BE0108C5BE0108E1
:10798800C9BE01080000000000000000D93400084A
:10799800C3D60108B18C0108C7D20108B58C01080B
:1079A8008D330008FD84000873980108C18C010814
:1079B800C78C0108B78C010895330008ADD20108BF
:1079C8002DA10108939801080B980108DDD1010841
:1079D800CBD20108CFD20108C5D10108D3D2010802
:1079E80015D20108CDBE0108CBC0010815C2010897
:1079F80019D7010809BF010803C601082F98010813
:107A080031980108A7D7010813D80108457E000856
:107A180057BF01085DC001081FD201082D85000865
:107A28007FD801082FD201083DD2010889D8010862
:107A38004DD9010827DD01089DD60108D3D50108D5
:107A48007DDE0108E3DE01081FDF0108F9D1010826
:107A5800C184000813D20108F589000857DB010822
:107A680083E30108B9D601080DC1010887D40108CC
:107A780087D40108EDD10108C9D4010815D301083C
:107A880087D2010897D20108ADD3010867D201084F
:107A980057D2010877D2010847D20108A4E8FFFFAE
:107AA800000000006BD201085BD201087BD20108FC
:107AB8004BD2010878B3020800000000BCA20208FB
:107AC800010000007CB30208020000008B9C020841
:107AD800030000009CA402080000000083B3020811
:107AE8000100000078B30208020000008B9C020825
:107AF80003000000FFFF0000001C00480700000012
:107B08004C00000080000000FFFF00000008004853
:107B1800020000004C00000004000000FFFF00000D
:107B280000040048010000004C00000002000000B2
:107B3800FFFF000000000048000000004C000000AB
:107B480001000000746A0208546A0208346A0208D4
:107B5800000000000000000000000000000000001D
:107B6800146A020800000000000000000000000085
:107B780000000000000000000000000000000000FD
:107B880000000000000000000000000000000000ED
:107B980000000000000000000000000000000000DD
:107BA80000000000000000000000000002000000CB
:107BB800010000000000000000800300F46A0208D1
:107BC800000000000080030000800000F46A020842
:107BD800000000200000000000000B06020000006A
:107BE800EC7B020800000008C4B702082200020269
:107BF80000000020CCB702081E000B1109D80008AD
:107C0800B3F20108E7F201081BF3010851F3010878
:107C180077F30108A7F30108D3F30108B5D80008E2
:107C280005F401081DD900089BF5010865F4010851
:107C38009BF40108CFF4010811F5010817F60108B3
:107C480045F5010855D900080800000000FF0000AC
:107C5800ADFD0108787C02080100000000580040D2
:107C6800801A0600807C0208A07C02080000000040
:107C78005800000000004000887C02080100000055
:107C8800907C020802000000E403000040020000AB
:107C9800E4010000400200001E0000000100000096
:107CA800B87C0208083C002099E7000800000000A2
:107CB800546A02080D0011000B000000346B020822
:107CC80000127A000001000000000000000000001F
:107CD800000000000000000000000000010E160077
:107CE8000000000000000000746A0208040001009F
:107CF800746A02080500010000000000000000008E
:107D08000500010001000000000000580038014093
:107D1800D4690208F46902080E080000407D0208D0
:107D2800010000000000000000000000000000004A
:107D3800487D0208691D020860000000004000003C
:107D4800507D020801000000587D02080200000072
:107D5800C702000000020000E70200000000000067
:107D680000000000080000001000000018000000DB
:107D7800200000002800000030000000380000004B
:107D880000000158A87D0208A07D0208010000003B
:107D9800020000000800000064000000010000006C
:107DA800B07D02080000000000030000000400008D
:107DB80000050000000600000007000000080000A1
:107DC80000090000000A0000000B0000000C000081
:107DD800000D0000000E0000000F0000A08601004A
:107DE800400D0300801A060000350C0040420F00C9
:107DF80080841E0000093D0000127A000024F4006F
:107E080000366E010048E801006CDC02000000004A
:107E18000000000000000000000000000100000059
:107E28000300000005000000010000000100000040
:107E3800060000000A000000200000000200000008
:107E480004000000080000001000000040000000CE
:107E58008000000000010000000200000000000097
:107E68006410B71DC8206E3BAC30D9269041DC7633
:107E7800F4516B6B5861B24D3C7105502083B8EDDD
:107E880044930FF0E8A3D6D68CB361CBB0C2649B01
:107E9800D4D2D38678E20AA01CF2BDBD14690208C8
:107EA80014690208846902088C690208D469020806
:107EB800D4690208F1B802080001000000000000BF
:107EC8001B132C0AA3E59CEDA72963085D21062155
:107ED800EBFFFFFFFFFFFFFFFFFFFFFFFFFFFFFFBE
:107EE8000F0000008F64F8016360BCFFC509F8FF4C
:107EF800D588650073840E00A061A0FF144BB1FF04
:107F08009DBE6A003EA4ADFFF56995FFEE3F3D00BA
:107F1800374F6A00703B49FFC26C3C00C5197A00B4
:107F28003E484E00C41EDFFFAE03E3FFC36918FEE0
:107F3800683409FF8D49F800EC6B73FF9A0C6B01EC
:107F48005E290B004B3276FEE4E2C9FF78446A00F2
:107F58009A40B7FF517DA700C55C99008FA62600FF
:107F68004990BEFFC8A68AFEB3FB42FFBDC432FFDC
:107F7800C8E5DD000D7AC4009FFFD30074EAE50070
:107F8800682583001D4C32013BA34EFFCF4C3000C7
:107F980086CE37FF003EC900F0E74FFF33F25BFFA4
:107FA800514532FF4A7DC3012F8721004E75EFFFEF
:107FB8008D89B400B5095C008494D6000C0BE100EF
:107FC800267D83FFA0CFC3FE542DB30002A6DE0199
:107FD800F0D2C8006C491F000B779DFF7FC8E900ED
:107FE8001077500094DB8401AEE60100E47AEAFEE3
:107FF80059B493FFDBE499FF082621FF14A59700E5
:10800800C90021000609A2FF70E3E5FF944A410078
:108018007D59D8FF8018A3FE0C9E92FFA0DB8CFE32
:10802800053CB30048C0A5FEFC4826FFAD065B0032
:108038009D2D8F002DF23701F05359003712AF01F3
:108048004DEAEAFF72A35AFF3A51D100565E7EFF0D
:108058002AF9F90054B49100FD23B4FFDD75BBFF84
:108068003D75C4FF70555E0021313CFFF14F96010C
:10807800109F9E001802A10159170EFFB4BB75008E
:1080880086048500E26173FFF8B520FFEA3BBA0178
:10809800C281A9FF2C824000E4B10300395D35FF9D
:1080A800282186FF90A993FF34BC8500AACA5FFEE9
:1080B8008F402F0053DBC401CD8374FF959C3B0098
:1080C800DAE5AB00CDDBB500B85AEF00750BF1FE71
:1080D8006CD654FFD9A25BFEAD0D4A00C56F61FE98
:1080E8003FDF67008DDB6800DF95EFFF8E7445FE8C
:1080F8004362D5007C4E62FE9E98D6FF5FE2AC01DB
:10810800E59235FF76EB5D00927AE60027FF3500B1
:1081180044598DFF7632D700796AAB002BF005FE03
:108128006A998D00083DD901F2254200A01BE4FFA1
:10813800670D46008906D5000020C300CE6A1600E8
:10814800279900FF58D3FD0128C0D4008E7B7B00FF
:10815800100E7AFF77A255FF92F01500D0A65701AE
:108168000662D5FF8167DE0148A5B6FF3C897DFE22
:108178004F763C007E5EBF009D9270FF63845DFE7B
:1081880092887900936294FEA78D54004B5C77FE29
:10819800094097FF18E86B01A3602E00266C74FF56
:1081A800A0E65B002B945DFEB997A100DB3282014B
:1081B800DAD1E7FF30CAA1FE740A4D004926DB0177
:1081C8009418FDFF51CED5FE7A71F6FF1F2EF5FEED
:1081D8004B0C04FF0F5AE0FECCDC39FF66386CFF0D
:1081E8009A06E0001034D1018BC3750073C05AFFA2
:1081F80021F392007532CE01584D5FFF2ED257FE03
:10820800A73B2DFFFBEC5800539FF500B1238AFED6
:108218009B8CB800D42071002FABAE00CF1FAC01EF
:108228003DA0E4FFEB8129FF90844200EFA8910173
:10823800BCBE2300CF04B2FE3239E7FF347FA3FF70
:10824800D226200055B149FEB0E28900D1A5D4FE5E
:108258002BCB38FF50DB3AFE5647E20093DDB9FFDF
:1082680039FBD800C7E235FE7D192D00948AB80085
:108278002C0D2FFF3B57A5FF91896B004724CFFF9B
:10828800D4EDDB002C0148FFCB7C05FF792076FF7D
:10829800B8C291FFB0448D00C459150090D4CF01E5
:1082A8006642A9FFA7FC97FF4189DCFF4BC5A7FEE3
:1082B800CCE5010002E51201E9C47F007C1431011C
:1082C800E0351E005BF3E4FE83A08A0011439D00A5
:1082D800302706005570E200AAFF9200CE238100E5
:1082E8005B8380FF77B625FF2FD4DF00B65391015B
:1082F80000022B00449AA5FEE803CFFF84F32CFF6D
:108308008C53D3FF3FE106FF98202AFF6E76C50005
:10831800F1B602008BA1B9003B69DBFF6A9644FF06
:108328000EDA94FF9D5F9700DA3DD1FFF57715FED1
:10833800AEAC2C0074AE5501795E1DFFE7802900B4
:10834800C546FA009F9291FF50D4B7FF02FC28005F
:10835800816F9CFFEE158EFE8DC50CFFC7CEA0FF6A
:1083680027E3D600B55099005D96BA009CAC2EFE66
:10837800BF413BFF53B155FFCD013600807C50FF14
:108388003CA4FB00F2A25FFEFEA61AFF590691FF6D
:1083980009DC0CFFEE540D0199E2080004DFF2FF3E
:1083A8009F22FDFF3CC847FF01FC5CFF8372C9FEAA
:1083B800D064ED0073E025FE4B6AB3FF901EA0FF6A
:1083C8008684DDFF39ADB8FF3FD3B9FF689AC1FF96
:1083D800E8C0BD0021BB22FE9B2D10002F765F0058
:1083E80056EC9F004E582CFF3CEB1E001466B1FE65
:1083F8009B2AD6FFF846DBFF546585FF7E3C70005C
:10840800FC12F0006A409BFE6B4672001F08690070
:10841800649B0A00EBF46101AA289300AAE301FE19
:108428008842AD0032C5CCFE597A61005FE881FF11
:10843800726C7EFFB2428AFFA96530FFE2C62FFF49
:10844800262EE1004183D7FEEC9D1BFFEC129E0017
:108458002A3E57FF654BB1FEAB5DB8009F4954FFFC
:10846800F6B60CFF404D9900E59E5200430A7B0189
:10847800A7657B00AAD899FFB395960084BDF10043
:10848800ED6D08FFE71593008B38B4009EAB91FEA5
:108498008AC971FFE9B43B00419869FF1D330F0099
:1084A8009DD27AFF6EE777FFA6E428FFE39B6E0074
:1084B800D4C5DC005CF5800165CC79FF63E8DA009F
:1084C80016807D00CB7A6100CD6C92FF7AB2620093
:1084D80071EE7AFF1BB6EC00F794EB00F20870001F
:1084E800B20265FF2EBD12014F2291FFFF5B2100F2
:1084F800A0884A004733A50025E26C00B24227FF56
:1085080080D55000528CA6FF3A5FA4FF5BB5AC0142
:1085180045A340004A4627FFECE21D001565FFFE13
:10852800DB8C3A0002E8ABFF32F036FF09853CFEEF
:108538000949BC003EDAE900D6AF0CFF7F8579FF18
:108548005C01A9000ECED4FEE560C6FFA0F4B2001F
:1085580054889200833BB9FF590FAFFFD98E88FF2B
:10856800549429005FA0DC01914200FFF81691FFA6
:108578009CD3E10050E547FEBCDC4900B62948FF22
:10858800701F75FFA8F1E9FFD1D30500BA5327FE84
:1085980083DF03FF2CB11300974AC30063C19F0117
:1085A800EE8362FFA2B5E100607522FF36E7500056
:1085B800588B7AFF3A0FCCFF7BAEC0FF231463FEC3
:1085C8009106A400173486016052A0FF33BB15FF43
:1085D80038B8F400B47D1100C67D000072626601EF
:1085E800CD4392004B1D7901E75BEAFFD9CE2E01FE
:1085F8000C4E0400D5B3F3FE73E8A70053A717FE8B
:108608007D8ED6FF12285D0061E4E5FF8469BFFE18
:108618008DC9DA00717D7A007EFC7C0035A3E5FE09
:1086280087C543FFF61D8001BF9BA5FF81B0EB0006
:108638002431720007842FFE14BA9800535228FF81
:10864800B54DC0FFB9599C00090A20FF9FFCFF01E6
:10865800F92D2AFFEE896401531CE600386386FF72
:1086680071EF7400853B8C01BDF124FFF825C3012F
:1086780060DC3700B74C3EFFC3423D00324CA401DA
:10868800E1A44CFF4C3DA3FF753E1F00519140FFF4
:1086980076410E00A273D6FF068A2E007CE6F4FF10
:1086A8000A8A8F00341AC200B8F44C00818F29015D
:1086B800BEF413FF7BAA7AFF6281440079D5930048
:1086C80056651EFFA1679B008C5943FFEFE5BE016D
:1086D800430BB500C6F089FEEE45BCFF4397EE009C
:1086E800132A6CFFE5557101324487FF116A0900AE
:1086F800326701FF5001A80123981EFF10A8B90195
:108708003859E8FF65D2FC0029FA4700CCAA4FFF88
:108718000E2EEFFF504DEF00BDD64BFF118DF90027
:1087280026504CFFBE55750056E4AA009CD8D001CF
:10873800C3CFA4FF96424CFFAFE110FF8D506201FA
:108748004CDBF200C6A272002EDA98009B2BF1FED9
:108758009BA068FF33BBA5000211AF004254A001E3
:10876800F73A1E00234135FE45ECBF002D86F50182
:10877800A37BDD00206E14FF3417A500BAD647008E
:10878800E9B06000F2EF360139598A00530054FF0E
:1087980088A064005C8E78FE687CBE00B5B13EFFA0
:1087A800FA29550098822A0160FCF60097973FFE47
:1087B800EF853E0020389C002DA7BDFF8E85B301B4
:1087C8008356D300BBB396FEFAAA0EFFD2A34E007F
:1087D80025349700634D1A00EE9CD5FFD5C0D10112
:1087E800492E54001441290136CE4F00C98392FE08
:1087F800AA6F18FFB12132FEAB26CBFF4EF77400EB
:10880800D1DD99008580B2013A2C1900C9273B01B6
:10881800BD13FC0031E5D20175BB7500B5B3B801D5
:108828000072DB00305E9300F52938007D0DCCFE28
:10883800F4AD77002CDD20FE54EA1400F9A0C6013F
:10884800EC7EEAFF2F63A8FEAAE299FF66B3D80080
:10885800E28D7AFF7A4299FEB6F58600E3E41901C3
:10886800D639EBFFD8AD38FFB5E7D20077809DFF4A
:10887800815F88FF6E7E330002A9B7FF078262FE20
:1088880045B05EFF7404E301D9F291FFCAAD1F0140
:10889800690127FF2EAF4500E42F3AFFD7E045FED8
:1088A800CF3845FF10FE8BFF17CFD4FFCA147EFFC9
:1088B8005FD560FF09B02100C805CFFFF12A80FE0F
:1088C8002321C0FFF8E5C40181117800FB6797FFF9
:1088D800073470FF8C3842FF28E2F5FFD94625FEA1
:1088E800ACD609FF4843860192C0D6FF2C267000FB
:1088F80044B84BFFCE5AFB0095EB8D00B5AA3A0061
:1089080074F4EF005C9D020066AD6200E9896001C5
:108918007F31CB00059B9400179409FFD37A0C0094
:1089280022861AFFDBCC8800860829FFE0532BFE3D
:108938005519F7006D7F00FEA9883000EE77DBFF40
:10894800E7ADD500CE12FEFE08BA07FF7E09070183
:108958006F2A48006F34ECFE603F8D0093BF7FFEA6
:10896800CD4EC0FF0E6AED01BBDB4C00AFF3BBFE82
:108978006959AD0055195901A2F394000276D1FE48
:10898800219E09008BA32EFF5D4628006C2A8EFECF
:108998006FFC8EFF9BDF900033E5A7FF49FC9BFF30
:1089A8005E740CFF98A0DAFF9CEE25FFB3EACFFFB8
:1089B800C500B3FF9AA48D00E1C468000A2319FE1C
:1089C800D1D4F2FF61FDDEFEB865E500DE127F015D
:1089D800A48887FF1ECF8CFE9261F30081C01AFE27
:1089E800C95421FF6F0A4EFF9351B2FF04041800C7
:1089F800A1EED7FF068D210035D70EFF29B5D0FF90
:108A0800E78B9D00B3CBDDFFFFB97100BDE2ACFF82
:108A18007142D6FFCA3E2DFF664008FF4EAE10FEDB
:108A2800857544FFEDD3F55C1A631258D69CF7A2FE
:108A3800DEF9DE1400000000000000000000000065
:108A48000000001059F1B2FE0AE5A6FF7BDD2AFE00
:108A58001E14D4005280030030D1F300777940FF10
:108A680032E39CFF006EC501671B9000B67859FF82
:108A78008572D300BD6E15FF0F0A6A0029C0010078
:108A880098E879FFBC3CA0FF9971CEFF00B7E2FEE1
:108A9800B40D48FFB0A00EFED3C986FF9E188F0004
:108AA8007F693500600CBD00A7D7FBFF9F4C80FE97
:108AB8006A65E1FF1EFC0400920CAE000100000094
:108AC800000000000000000000000000000000009E
:108AD800000000000000000000000000000000008E
:108AE80000000000982F8A4291443771CFFBC0B52F
:108AF800A5DBB5E95BC25639F111F159A4823F9261
:108B0800D55E1CAB98AA07D8015B8312BE853124B9
:108B1800C37D0C55745DBE72FEB1DE80A706DC9B7A
:108B280074F19BC1C1699BE48647BEEFC69DC10F26
:108B3800CCA10C246F2CE92DAA84744ADCA9B05C62
:108B4800DA88F97652513E986DC631A8C82703B025
:108B5800C77F59BFF30BE0C64791A7D55163CA0633
:108B680067292914850AB72738211B2EFC6D2C4D3F
:108B7800130D385354730A65BB0A6A762EC9C2812D
:108B8800852C7292A1E8BFA24B661AA8708B4BC2C3
:108B9800A3516CC719E892D1240699D685350EF4ED
:108BA80070A06A1016C1A419086C371E4C774827A4
:108BB800B5BCB034B30C1C394AAAD84E4FCA9C5B1A
:108BC800F36F2E68EE828F746F63A5781478C8846B
:108BD8000802C78CFAFFBE90EB6C50A4F7A3F9BE4D
:108BE800F27871C6096202082C8C020802000000A3
:108BF800248C0208030000001C8C020804000000FA
:108C0800148C02080000000000000000FAB80208F6
:108C18001014040006B902081013030012B9020860
:108C28001012020002000000A16102089D61020802
:108C380099610208816102086F6102080100000061
:108C480002000000040000000800000010000000FE
:108C58002000000040000000800000001B00000011
:108C68003600000051F4A7507E4165531A17A4C37B
:108C78003A275E963BAB6BCB1F9D45F1ACFA58ABE0
:108C88004BE303932030FA55AD766DF688CC769198
:108C9800F5024C254FE5D7FCC52ACBD726354480AD
:108CA800B562A38FDEB15A4925BA1B6745EA0E980B
:108CB8005DFEC0E1C32F7502814CF0128D4697A36B
:108CC8006BD3F9C6038F5FE715929C95BF6D7AEB5E
:108CD800955259DAD4BE832D587421D349E06929B5
:108CE8008EC9C84475C2896AF48E797899583E6BE2
:108CF80027B971DDBEE14FB6F088AD17C920AC6663
:108D08007DCE3AB463DF4A18E51A31829751336051
:108D180062537F45B16477E0BB6BAE84FE81A01CD3
:108D2800F9082B94704868588F45FD1994DE6C87B4
:108D3800527BF8B7AB73D323724B02E2E31F8F5712
:108D48006655AB2AB2EB28072FB5C20386C57B9AB6
:108D5800D33708A5302887F223BFA5B202036ABA21
:108D6800ED16825C8ACF1C2BA779B492F307F2F038
:108D78004E69E2A165DAF4CD0605BED5D134621F8D
:108D8800C4A6FE8A342E539DA2F355A0058AE1326B
:108D9800A4F6EB750B83EC394060EFAA5E719F0671
:108DA800BD6E10513E218AF996DD063DDD3E05AEC9
:108DB8004DE6BD4691548DB571C45D050406D46F6A
:108DC800605015FF1998FB24D6BDE997894043CC1C
:108DD80067D99E77B0E842BD07898B88E7195B3869
:108DE80079C8EEDBA17C0A477C420FE9F8841EC9EA
:108DF8000000000009808683322BED481E1170ACFC
:108E08006C5A724EFD0EFFFB0F8538563DAED51ECF
:108E1800362D39270A0FD964685CA6219B5B54D18B
:108E280024362E3A0C0A67B19357E70FB4EE96D260
:108E38001B9B919E80C0C54F61DC20A25A774B696D
:108E48001C121A16E293BA0AC0A02AE53C22E04393
:108E5800121B171D0E090D0BF28BC7AD2DB6A8B945
:108E6800141EA9C857F11985AF75074CEE99DDBBDB
:108E7800A37F60FDF701269F5C72F5BC44663BC585
:108E88005BFB7E348B432976CB23C6DCB6EDFC68CE
:108E9800B8E4F163D731DCCA4263851013972240E6
:108EA80084C61120854A247DD2BB3DF8AEF9321123
:108EB800C729A16D1D9E2F4BDCB230F30D8652ECF5
:108EC80077C1E3D02BB3166CA970B999119448FAFD
:108ED80047E96422A8FC8CC4A0F03F1A567D2CD820
:108EE800223390EF87494EC7D938D1C18CCAA2FE28
:108EF80098D40B36A6F581CFA57ADE28DAB78E2668
:108F08003FADBFA42C3A9DE45078920D6A5FCC9B8C
:108F1800547E4662F68D13C290D8B8E82E39F75EB3
:108F280082C3AFF59F5D80BE69D0937C6FD52DA9B4
:108F3800CF2512B3C8AC993B10187DA7E89C636E87
:108F4800DB3BBB7BCD2678096E5918F4EC9AB70148
:108F5800834F9AA8E6956E65AAFFE67E21BCCF08E6
:108F6800EF15E8E6BAE79BD94A6F36CEEA9F09D4EF
:108F780029B07CD631A4B2AF2A3F2331C6A594309C
:108F880035A266C0744EBC37FC82CAA6E090D0B049
:108F980033A7D815F104984A41ECDAF77FCD500E83
:108FA8001791F62F764DD68D43EFB04DCCAA4D5480
:108FB800E49604DF9ED1B5E34C6A881BC12C1FB828
:108FC8004665517F9D5EEA04018C355DFA877473AE
:108FD800FB0B412EB3671D5A92DBD252E910563370
:108FE8006DD647139AD7618C37A10C7A59F8148E2D
:108FF800EB133C89CEA927EEB761C935E11CE5ED35
:109008007A47B13C9CD2DF5955F2733F1814CE7998
:1090180073C737BF53F7CDEA5FFDAA5BDF3D6F1417
:109028007844DB86CAAFF381B968C43E3824342C4F
:10903800C2A3405F161DC372BCE2250C283C498BB5
:10904800FF0D954139A80171080CB3DED8B4E49C32
:109058006456C1907BCB8461D532B670486C5C7421
:10906800D0B85742C66363A5F87C7C84EE777799BD
:10907800F67B7B8DFFF2F20DD66B6BBDDE6F6FB1A9
:1090880091C5C5546030305002010103CE6767A90D
:10909800562B2B7DE7FEFE19B5D7D7624DABABE655
:1090A800EC76769A8FCACA451F82829D89C9C940C3
:1090B800FA7D7D87EFFAFA15B25959EB8E4747C901
:1090C800FBF0F00B41ADADECB3D4D4675FA2A2FDC9
:1090D80045AFAFEA239C9CBF53A4A4F7E4727296F1
:1090E8009BC0C05B75B7B7C2E1FDFD1C3D9393AE55
:1090F8004C26266A6C36365A7E3F3F41F5F7F70212
:1091080083CCCC4F6834345C51A5A5F4D1E5E53463
:10911800F9F1F108E2717193ABD8D8736231315328
:109128002A15153F0804040C95C7C7524623236522
:109138009DC3C35E30181828379696A10A05050FF7
:109148002F9A9AB50E070709241212361B80809BA6
:10915800DFE2E23DCDEBEB264E2727697FB2B2CDA9
:10916800EA75759F1209091B1D83839E582C2C7460
:10917800341A1A2E361B1B2DDC6E6EB2B45A5AEEF8
:109188005BA0A0FBA45252F6763B3B4DB7D6D66106
:109198007DB3B3CE5229297BDDE3E33E5E2F2F71E9
:1091A80013848497A65353F5B9D1D1680000000001
:1091B800C1EDED2C40202060E3FCFC1F79B1B1C863
:1091C800B65B5BEDD46A6ABE8DCBCB4667BEBED9B3
:1091D8007239394B944A4ADE984C4CD4B05858E806
:1091E80085CFCF4ABBD0D06BC5EFEF2A4FAAAAE5EF
:1091F800EDFBFB16864343C59A4D4DD76633335571
:10920800118585948A4545CFE9F9F91004020206CB
:10921800FE7F7F81A05050F0783C3C44259F9FBA48
:109228004BA8A8E3A25151F35DA3A3FE804040C020
:10923800058F8F8A3F9292AD219D9DBC703838482A
:10924800F1F5F50463BCBCDF77B6B6C1AFDADA7501
:109258004221216320101030E5FFFF1AFDF3F30EC1
:10926800BFD2D26D81CDCD4C180C0C1426131335FA
:10927800C3ECEC2FBE5F5FE1359797A2884444CCDE
:109288002E17173993C4C45755A7A7F2FC7E7E82C0
:109298007A3D3D47C86464ACBA5D5DE73219192B65
:1092A800E6737395C06060A0198181989E4F4FD175
:1092B800A3DCDC7F44222266542A2A7E3B9090ABB2
:1092C8000B8888838C4646CAC7EEEE296BB8B8D39C
:1092D8002814143CA7DEDE79BC5E5EE2160B0B1D7B
:1092E800ADDBDB76DBE0E03B64323256743A3A4E73
:1092F800140A0A1E924949DB0C06060A4824246C03
:10930800B85C5CE49FC2C25DBDD3D36E43ACACEF26
:10931800C46262A6399191A8319595A4D3E4E43743
:10932800F279798BD5E7E7328BC8C8436E3737595E
:10933800DA6D6DB7018D8D8CB1D5D5649C4E4ED24A
:1093480049A9A9E0D86C6CB4AC5656FAF3F4F40702
:10935800CFEAEA25CA6565AFF47A7A8E47AEAEE9F8
:10936800100808186FBABAD5F07878884A25256F9A
:109378005C2E2E72381C1C2457A6A6F173B4B4C7F1
:1093880097C6C651CBE8E823A1DDDD7CE874749C60
:109398003E1F1F21964B4BDD61BDBDDC0D8B8B86BF
:1093A8000F8A8A85E07070907C3E3E4271B5B5C4E4
:1093B800CC6666AA904848D806030305F7F6F60176
:1093C8001C0E0E12C26161A36A35355FAE5757F99C
:1093D80069B9B9D01786869199C1C1583A1D1D2718
:1093E800279E9EB9D9E1E138EBF8F8132B9898B38A
:1093F80022111133D26969BBA9D9D970078E8E8918
:10940800339494A72D9B9BB63C1E1E2215878792EA
:10941800C9E9E92087CECE49AA5555FF50282878B2
:10942800A5DFDF7A038C8C8F59A1A1F8098989807F
:109438001A0D0D1765BFBFDAD7E6E631844242C67A
:10944800D06868B8824141C3299999B05A2D2D77BF
:109458001E0F0F117BB0B0CBA85454FC6DBBBBD60C
:109468002C16163A00000000000000000000000062
:1094780000000000000000409559695955555455A1
:109488001555555604051541105455404551554438
:1094980040455044505555450040004040044496CE
:1094A80065555655454045545141154055915555BA
:1094B800555540510501000054455454455505047F
:1094C80000100410140440000000014055551541D7
:1094D8005404000044000100000000404100004422
:1094E800504445505400555554556551004000406E
:1094F8000100000100050100115451515455550552
:10950800001541500000044010010405000000004F
:109518005E101810D20FB40F960F640F320F050F9C
:10952800D80EB00E880E5B0E2E0EFC0DCA0D930DD4
:109538005C0D200DE40C800C1C0C001000000030A9
:109548007065E18FD9FABB70C1ED90DCA19907DE97
:10955800698C88B709EA146EAFD93D9B830C7B6090
:10956800C4681193C79BBC39945BA8064104BB61CE
:109578008F8FD7A84A0AF6F57033D6E8DDCD647127
:10958800001EC77175B0918ED206F9AE04EC136D4A
:109598006D5D4315BB26305427F645B492E9350C6A
:1095A8001000286E6F2064657461696C290063720D
:1095B8007970746F2070616E69633A20257320E2B8
:1095C8008094207265626F6F74696E670A004E6FCF
:1095D8007420617661696C61626C65004C6F5261E0
:1095E8002D4535206D696E69004572726F723A209B
:1095F800424C45204F5441206E6F74207375707033
:109608006F72746564206F6E207468697320706C63
:109618006174666F726D006C6F72615F74785F77EA
:1096280061697400636164206E2F6100613A25737B
:10963800206F3A256420706B3A2564286225752FBF
:109648003473292073703A25752E25752F257525B5
:109658002500282575207225752F6225752F61250F
:10966800752F64257529002062633A257525250024
:109678002070726F62653A6E2F61000A2563252B90
:109688006428256429202575702025756220257594
:109698006620257574202575252500435350524EA4
:1096A8004720756E617661696C61626C65206166E0
:1096B8007465722072657472696573005B524E47F7
:1096C8005D203D3D3D206964656E74697479207341
:1096D800656564206865616C7468203D3D3D0A00DD
:1096E8005B524E475D20706C6174666F726D2054DA
:1096F800524E4720697320726164696F2D696E64E8
:109708006570656E64656E7420286E6F2070726572
:109718002D524620776F726B61726F756E64206E82
:109728006565646564290A005B524E475D20737461
:109738006167653120637372616E64202020203A6E
:109748002072633D25642064697374696E63743D97
:1097580025642F36340A005B524E475D20737461CE
:10976800676532206877696E666F20696420203AE1
:1097780020256420627974657320287075626C698D
:109788006320E2809420756E697175656E657373E8
:10979800206F6E6C79290A005B524E475D20737406
:1097A80061676533206578747261202020203A2033
:1097B80025642062797465730A005B524E475D2008
:1097C8007374616765342F3620736B6970706564D4
:1097D80020E28094206E6F20696E646570656E6407
:1097E800656E7420736C6F7720636C6F636B2028D1
:1097F80054524E472076696120637372616E64200B
:109808006F6E6C79290A005B524E475D2073746154
:1098180067653520637372616E64202020203A20CA
:1098280072633D25642064697374696E63743D25B1
:10983800642F36340A005B524E475D203D3D3D2083
:10984800656E64202865787472616374696E672038
:1098580025752062797465732076696120414553C6
:109868002D3235362D43545229203D3D3D0A0041C5
:1098780045532D435452207365656420657874728E
:10988800616374696F6E206661696C656400646504
:1098980067656E65726174652073656564206F75B0
:1098A800747075742028616C6C2D7A65726F202F26
:1098B80020616C6C2D464629006964656E74697474
:1098C800792067656E20737475636B206F6E2072E4
:1098D8006573657276656420707265666978006E76
:1098E8006F20474E5353206F6E207468697320624F
:1098F8006F617264002D002028736B697070656455
:109908003A20666F72776172642D6F6E6C792900E8
:109918002028626F6F74737472617029006F6B0016
:10992800696E2D62616E640020286472792D7275EB
:109938006E290020450073746570252B6C642573AF
:10994800257300686F6C6420282573290061627391
:109958007461696E20282573290025732573206595
:109968006C696769626C653D257520766F746573EF
:109978003D25752F257520736B65773D252B6C6408
:109988007320723D256C6473202D3E202573003BA7
:109998002073746570733D256C7520626F6F743D1C
:1099A800256C75206C6173743D252B6C64730020E5
:1099B8006261636B736B69703D256C75002073750C
:1099C800703D256C756800206576616C733D256C6B
:1099D8007520616273743D256C75000D0A20253071
:1099E80032782530327820682575206E2575202537
:1099F8002B6C64732573000D0A202B2564206D6F72
:109A08007265006E6F2D64617461006E6F2D7175E3
:109A18006F72756D006E6F2D6D616A6F7269747902
:109A28000073757070726573736564007261746534
:109A38002D6C696D69746564007065646967726529
:109A4800652D7665746F0073696C656E7400736F4D
:109A5800756E642B7669620076696272617465005E
:109A6800736F756E64002F6C667300312E31372E5C
:109A7800342D7A657068636F726500323032362033
:109A880053657020303400506F776572696E6720B7
:109A98006F66663A206C6F772062617474657279BC
:109AA80000506F776572696E67206F6666006F6E2B
:109AB8002073746174653D257320736174733D254B
:109AC80075206669783D2575732061676F206C6124
:109AD800743D252E3666206C6F6E3D252E36660049
:109AE8006F6E2073746174653D25732073617473A0
:109AF8003D2575206E6F20666978206E6578743D07
:109B0800257573006F6E2073746174653D2573202D
:109B1800736174733D2575206E6F20666978007BCC
:109B280022626174746572795F6D76223A25752CAC
:109B380022757074696D655F73656373223A257564
:109B48002C226572726F7273223A25752C227175F8
:109B58006575655F6C656E223A25757D0068656C74
:109B680070003F00436F6D70616E696F6E2065789D
:109B78007472617320287374616E646172642073F7
:109B880065742F67657420636F6D6D616E647320F3
:109B9800616C736F20776F726B293A0D0A2020670A
:109BA80065747C73657420762E636F6E746163745C
:109BB800206F6E7C6F66662020202020202D206C70
:109BC8006F6F706261636B2061646D696E20636F93
:109BD8006E746163740D0A20206765747C73657404
:109BE80020762E62617474657279616C6572742076
:109BF8003C6D563E2020202D2030203D206F66668B
:109C08002C206F722064656661756C7400676574DA
:109C180020762E636F6E7461637400762E636F6EA8
:109C2800746163743A2025730073657420762E631B
:109C38006F6E7461637420004552524F523A20751A
:109C48007365206F6E7C6F66667C317C30004F4B8D
:109C5800202D20762E636F6E746163742025730047
:109C680067657420762E62617474657279616C65BB
:109C7800727400762E62617474657279616C6572B3
:109C8800743A206F666600762E6261747465727924
:109C9800616C6572743A2064656661756C7420281D
:109CA8002575206D562900762E6261747465727967
:109CB800616C6572743A202575206D560073657461
:109CC80020762E62617474657279616C6572742095
:109CD800004552524F523A20757365203020286F44
:109CE8006666292C20312D35303030206D562C20D9
:109CF8006F722064656661756C74004F4B202D206F
:109D0800762E62617474657279616C657274206F05
:109D18006666004F4B202D20762E62617474657242
:109D280079616C6572742064656661756C7420284D
:109D38002575206D5629004F4B202D20762E626107
:109D48007474657279616C657274202575206D561E
:109D5800007B2272656376223A25752C2273656E24
:109D680074223A25752C22666C6F6F645F747822B2
:109D78003A25752C226469726563745F7478223A97
:109D880025752C22666C6F6F645F7278223A257590
:109D98002C226469726563745F7278223A25752C87
:109DA80022726563765F6572726F7273223A2575E7
:109DB8007D002050494E2872657365742062757461
:109DC800746F6E290020534F465457415245002066
:109DD80042524F574E4F55540020504F5228706FE3
:109DE8007765722D6F6E2900205741544348444FC0
:109DF8004700204C4F434B555000207C20005265B3
:109E0800737461727465643A2573257325732573B9
:109E1800257325730025734C6173742073687574FA
:109E2800646F776E3A206C6F772062617474657224
:109E380079005075626C69630025303258253032DC
:109E48005825303258253032580042617474657292
:109E580079206C6F773A202575206D562028616C23
:109E6800657274206174202575206D5629007B2247
:109E78006E6F6973655F666C6F6F72223A25642C2A
:109E8800226C6173745F72737369223A25642C22A1
:109E98006C6173745F736E72223A252E32662C22BF
:109EA80074785F6169725F73656373223A25752CF4
:109EB8002272785F6169725F73656373223A2575F0
:109EC8007D007374616E6462790061637175697293
:109ED800696E670025732E746D70002F65787400A5
:109EE8002F6578742F636F6E746163747333002FFA
:109EF8006C66732F636F6E746163747333002F65C0
:109F080078742F6368616E6E656C7332002F6C66AF
:109F1800732F6368616E6E656C7332002F65787499
:109F28002F6164765F626C6F6273002F6C66732FAB
:109F38006164765F626C6F6273002F6C66732F5F6B
:109F48007A635F696E6974002F6C66732F6E65772C
:109F58005F7072656673002F6C66732F7365747417
:109F6800696E6773002F6C66732F5F6D61696E2E63
:109F78006964002F6C66732F5F6D61696E2E69646A
:109F88002E626164002F6C66732F73687574646E3B
:109F98000025733A20004F4B00434C49206E6F74E4
:109FA80020617661696C61626C65006770733A253F
:109FB80064006770735F696E74657276616C3A25C8
:109FC80075006D65736874696D6573796E633A259C
:109FD8006400677073006770735F696E746572768A
:109FE800616C006D65736874696D6573796E630083
:109FF800556E6B6E6F776E20636F6D6D616E64006A
:10A008002C004F4B202D20657874726120534673C5
:10A0180020736574004F4B202D2065787472612081
:10A0280053467320636C6561726564006E756C6C71
:10A0380000737461727420646675004572723A2008
:10A048006E6F2044465520626F6F746C6F61646553
:10A0580072206F6E20746869732063686970202DA0
:10A0680020666C617368206F7665722053574400D0
:10A078007374617274206F7461004F4B202D2072CD
:10A0880065626F6F74696E6720746F20424C45205B
:10A098004F5441204446550073746F70206F7461AB
:10A0A800004E6F7420737570706F7274656400630E
:10A0B8006C6B7265626F6F74004F4B202D20636C60
:10A0C8006F636B2072657365742C207265626F6FA5
:10A0D80074696E67006164766572742E7A65726F52
:10A0E800686F70004F4B202D207A65726F686F7013
:10A0F800206164766572742073656E74004F4B201E
:10A108002D204164766572742073656E7400636CEB
:10A118006F636B2073796E63004F4B202D20636C47
:10A128006F636B207365743A20253032643A2530AA
:10A138003264202D2025642F25642F256420555452
:10A1480043004552523A20636C6F636B2063616E23
:10A158006E6F7420676F206261636B7761726473DE
:10A1680000636C6F636B0074696D6520002845524D
:10A17800523A20636C6F636B2063616E6E6F74205C
:10A18800676F206261636B776172647329006E6523
:10A19800696768626F7273006E65696768626F727B
:10A1A8002E72656D6F766520004552523A206261C5
:10A1B80064207075626B65790074656D7072616496
:10A1C800696F2000252E2A73004F4B202D207465BF
:10A1D8006D7020706172616D7320666F72202564E6
:10A1E800206D696E73004572726F723A20667265EF
:10A1F80071203135302D323530302C2062772037C0
:10A208002D3530302C20736620352D31322C2063CB
:10A218007220352D382C2074696D656F75743E3049
:10A228000070617373776F7264206E6F773A2025C0
:10A238007300636C65617220737461747300284FD6
:10A248004B202D20737461747320726573657429B3
:10A2580000647574796379636C65003E2025642E0B
:10A2680025642525006166003E20252E326600699A
:10A278006E742E746872657368003E202575006CD4
:10A288006564732E726164696F003E2025732573BF
:10A298000020286E6F20726164696F204C4544204D
:10A2A8006F6E207468697320626F61726429006C34
:10A2B8006564732E6862006C6564730062757A7AEF
:10A2C8006572003E20257520282573290061676383
:10A2D8002E72657365742E696E74657276616C0092
:10A2E80052656D6F766564202D204175746F6D61C0
:10A2F80074696320414743207265736574206973EC
:10A30800206F6E006D756C74692E61636B730066E7
:10A318006C6F6F642E6164766572742E696E7465F5
:10A328007276616C0067756573742E7061737377EC
:10A338006F7264007072762E6B6579006E616D6560
:10A3480000726570656174006C6174003E20252E92
:10A358003666006C6F6E00726164696F2E66656D9B
:10A368002E72786761696E00726164696F2E727807
:10A378006761696E003E20252E33662C25732C25D7
:10A38800752C257500727864656C6179003E2061D2
:10A39800646170746976652028727864656C617987
:10A3A800206465707265636174656429003E20618C
:10A3B8006461707469766520286573743D252E3153
:10A3C8006620666C6F6F643D252E32662900666CC8
:10A3D8006F6F642E6D61782E6164766572740066A5
:10A3E8006C6F6F642E6D61782E756E73636F706518
:10A3F8006400666C6F6F642E6D61780064697265C5
:10A4080063742E747864656C6179003E20616461C0
:10A41800707469766520286469726563742E74782F
:10A4280064656C61792064657072656361746564E4
:10A4380029006261636B6F66662E6D756C74697056
:10A448006C696572006F776E65722E696E666F0053
:10A45800706174682E686173682E6D6F6465003E64
:10A46800202564006C6F6F702E64657465637400DA
:10A478003E206F6666003E206D696E696D616C00F6
:10A488003E206D6F646572617465003E207374725E
:10A498006963740074780066726571657272003E53
:10A4A800200066726571003E20252E3366007075A7
:10A4B800626C69632E6B657900726F6C6500626F00
:10A4C8006F746C6F616465722E766572003E2075DC
:10A4D8006E6B6E6F776E006164632E6D756C746958
:10A4E800706C696572004572726F723A20756E738E
:10A4F8007570706F7274656420627920746869730E
:10A5080020626F617264003E20252E336620202869
:10A518002575206D562C20746172676574203E3D48
:10A52800202575206D5620666F7220313030252524
:10A5380029003E20252E33662020286E6F204144B6
:10A54800432072656164696E672900727864757466
:10A558007900646973706C61792E726F74617465C7
:10A56800003E20756E737570706F72746564202874
:10A5780070616E656C2063616E6E6F7420726F74AB
:10A588006174652900696E7075742E726F746174D8
:10A598006500747A2E6F6666736574006770732041
:10A5A80064696167006770732064757479003E2080
:10A5B800616C77617973206F6E202830290064639D
:10A5C8002E72657374617274730070726F62652E97
:10A5D800696E74657276616C006361642E73746170
:10A5E8007473006361642E6175746F006361642E17
:10A5F8006F6666736574006361642E627573796350
:10A608006170003E203020286F666629006361640F
:10A61800003E206F6E0065787472612E73660025A7
:10A62800732575004E6F206578747261205346203B
:10A63800636F6E66696775726564003F3F3A2025EF
:10A648007300647574796379636C652000455252B0
:10A658004F523A20647574796379636C65206D751F
:10A66800737420626520312D3130302C206F7220B8
:10A6780064656661756C74004552524F523A2064A5
:10A688007574796379636C65206D75737420626580
:10A6980020312D313030004F4B202D2025642E25C0
:10A6A80064252500616620004572726F723A206544
:10A6B800787065637465642061206E756D6265727B
:10A6C800206F722064656661756C7400696E742E03
:10A6D80074687265736820004572726F723A206EF2
:10A6E8006F7420737570706F72746564206F6E205C
:10A6F800636F6D70616E696F6E006C6564732E7246
:10A708006164696F20004572726F723A206D7573CB
:10A71800742062652074782C2072782C20616C6C0F
:10A728002C206F6666206F722064656661756C7494
:10A73800004F4B2573006C6564732E6862200045DA
:10A7480072726F723A206D75737420626520686248
:10A758002C20756E726561642C20616C6C2C206FE6
:10A768006666206F722064656661756C74006C653E
:10A77800647320004572726F723A206D757374208D
:10A788006265206F6E2C206F6666206F722064658C
:10A798006661756C740062757A7A6572200045721C
:10A7A800726F723A2030202873696C656E74292C98
:10A7B80020312028736F756E642B766962292C20EE
:10A7C80032202876696272617465292C203320282A
:10A7D800736F756E6429206F722064656661756C8D
:10A7E80074004572726F723A206E6F2076696272D9
:10A7F8006174696F6E206D6F746F72206F6E207454
:10A8080068697320626F617264202D2075736520FA
:10A8180030206F722031006167632E726573657432
:10A828002E696E74657276616C20006361642E61B6
:10A8380075746F20006361642E6F6666736574209B
:10A84800004572726F723A2065787065637465644A
:10A858002025642E2E2564206F722064656661753C
:10A868006C74004572726F723A206F666673657415
:10A878002072616E67652069732025642E2E256419
:10A888000070726F62652E696E74657276616C20F5
:10A89800004572726F723A20696E74657276616CE7
:10A8A8002069732030202870726F62696E67206F8C
:10A8B8006666292C2031302D323535207365636F5B
:10A8C8006E64732C206F722064656661756C740009
:10A8D8004572726F723A20696E74657276616C2087
:10A8E80069732030202870726F62696E67206F6606
:10A8F8006629206F722031302D323535207365631B
:10A908006F6E6473006361642E627573796361703E
:10A9180020004572726F723A2062757379636170B4
:10A92800206973203020286F6666292C2031302D4D
:10A9380039302070657263656E742C206F722064E4
:10A94800656661756C74004572726F723A20627543
:10A958007379636170206973203020286F666629D7
:10A96800206F722031302D39302070657263656E2A
:10A9780074006361642E7265736574004F4B202DFB
:10A98800204341442070726F626520737461747350
:10A9980020636C65617265642C2064657450656120
:10A9A8006B206F66667365742072657365742074B6
:10A9B8006F2025640065787472612E7366200045E7
:10A9C80072726F723A206174206D6F7374202564FF
:10A9D80020657874726120534673004572726F72F5
:10A9E8003A20756E737570706F72746564206F723B
:10A9F80020696E76616C6964206578747261205391
:10AA08004620636F6E666967006D756C74692E61A8
:10AA1800636B7320004572726F723A206D757374A0
:10AA280020626520302C2031206F722064656661B9
:10AA3800756C7400666C6F6F642E616476657274F1
:10AA48002E696E74657276616C20004572726F7241
:10AA58003A20657870656374656420302C20332D46
:10AA680031363820686F7572732C206F72206465D8
:10AA78006661756C74004572726F723A20696E7403
:10AA8800657276616C2072616E6765206973203328
:10AA98002D31363820686F757273004572726F7287
:10AAA8003A20657870656374656420302C202564CD
:10AAB8002D323430206D696E757465732C206F7279
:10AAC8002064656661756C74004572726F723A2015
:10AAD800696E74657276616C2072616E6765206953
:10AAE800732025642D323430206D696E757465735A
:10AAF8000067756573742E70617373776F72642065
:10AB0800007072762E6B657920004572726F722C18
:10AB180020626164206B6579004F4B2C207265625E
:10AB28006F6F7420746F206170706C7921204E658E
:10AB380077207075626B65793A20006E616D6520CB
:10AB48000072657065617420004F4B202D2072657E
:10AB580070656174206973206E6F77204F4E004FC7
:10AB68004B202D20726570656174206973206E6FAB
:10AB780077204F4646004572726F723A206D7573A2
:10AB880074206265206F6E206F72206F6666004FBA
:10AB98004B202D207265626F6F7420746F20617076
:10ABA800706C79004572726F723A20667265712016
:10ABB8003135302D323530302C20627720372D3525
:10ABC80030302C20736620352D31322C20637220D2
:10ABD800352D382C206F722064656661756C7400A1
:10ABE8006C617420006C6F6E2000727864656C6113
:10ABF8007920004F4B202869676E6F7265643A2090
:10AC0800727864656C6179206973206E6F77206152
:10AC18006461707469766529004F4B202869676EF6
:10AC28006F7265643A20747864656C617920697321
:10AC3800206E6F772061646170746976652900669B
:10AC48006C6F6F642E6D61782E6164766572742006
:10AC5800004572726F723A2072616E676520302DFE
:10AC680036342C206F722064656661756C740066DA
:10AC78006C6F6F642E6D61782E756E73636F70657F
:10AC8800642000666C6F6F642E6D617820006469C3
:10AC9800726563742E747864656C617920004F4B1B
:10ACA800202869676E6F7265643A2064697265630B
:10ACB800742E747864656C6179206973206E6F777F
:10ACC80020616461707469766529006261636B6FE5
:10ACD80066662E6D756C7469706C696572200045C6
:10ACE80072726F722C2072616E676520302E302D63
:10ACF800322E302C206F722064656661756C74008A
:10AD08004572726F722C2072616E676520302E302A
:10AD18002D322E30006F776E65722E696E666F2049
:10AD280000706174682E686173682E6D6F646520A9
:10AD3800004572726F722C206D75737420626520E5
:10AD4800302C20312C2032206F72206465666175AA
:10AD58006C74006C6F6F702E64657465637420008A
:10AD68004572726F722C206D7573742062653A207B
:10AD78006F66662C206D696E696D616C2C206D6F35
:10AD88006465726174652C207374726963742C2015
:10AD98006F722064656661756C7400747820004F6A
:10ADA8004B202D20747820706F7765723D256420C4
:10ADB80064426D004572726F723A2072616E676507
:10ADC800202D3920746F2025642064426D2C206F5B
:10ADD800722064656661756C740066726571200026
:10ADE8004572726F723A2072616E67652031353034
:10ADF8002D32353030204D487A2C206F7220646512
:10AE08006661756C74006164632E6D756C7469702D
:10AE18006C69657220746172676574004572726F3F
:10AE2800723A206E656564206D562074617267659C
:10AE380074202028652E672E207365742061646352
:10AE48002E6D756C7469706C6965722074617267B7
:10AE58006574203431373329006164632E6D756C55
:10AE68007469706C6965722074617267657420001A
:10AE78004572726F723A206E6F20414443207265AA
:10AE88006164696E67206F6E207468697320626FF1
:10AE9800617264004572726F723A207461726765FC
:10AEA80074206F7574206F662072616E6765202844
:10AEB800333030302D34343030206D5629004F4B2C
:10AEC800202D206D756C7469706C69657220252E53
:10AED8003366202D3E20252E336620202825752018
:10AEE8002D3E202575206D5629006164632E6D75F1
:10AEF8006C7469706C6965722066756C6C0061644D
:10AF0800632E6D756C7469706C696572200045728A
:10AF1800726F723A20696E76616C6964206D756C27
:10AF28007469706C69657220283020746F207265AE
:10AF38007365742C203130302D33303030302C2074
:10AF48006F722064656661756C7429004F4B202D03
:10AF5800207573696E672064656661756C7420621C
:10AF68006F617264206D756C7469706C69657200CC
:10AF78004F4B202D206D756C7469706C696572205B
:10AF880073657420746F20252E33660072616469BE
:10AF98006F2E66656D2E72786761696E20004F4B63
:10AFA800202D20726164696F2E66656D2E72786738
:10AFB80061696E3D2564004572726F723A20756E44
:10AFC800737570706F72746564004572726F723A4F
:10AFD800206D75737420626520302C20312C206F11
:10AFE8006E2C206F72206F666600726164696F2E26
:10AFF80072786761696E20004F4B202D2072616462
:10B00800696F2E72786761696E3D25640072786495
:10B0180075747920004F4B202D20727864757479EF
:10B028003D256420287265626F6F7420746F2061FB
:10B0380070706C792900646973706C61792E726F15
:10B048007461746520004572726F723A206E6F20C9
:10B05800646973706C617900696E7075742E726FB3
:10B068007461746520004F4B202D20696E707574D3
:10B078002E726F746174653D256400747A2E6F6654
:10B088006673657420004F4B202D20747A2E6F66EE
:10B09800667365743D2564004F4B202D20677073DF
:10B0A8002064696167206F6E3B2072756E20276788
:10B0B8007073206F666627207468656E2027677036
:10B0C80073206F6E272C207468656E20276765745F
:10B0D80020677073206469616727004F4B202D201B
:10B0E8006770732064696167206F666600757361B5
:10B0F80067653A20736574206770732064696167B7
:10B10800203C307C317C6F6E7C6F66663E007573C8
:10B118006167653A2073657420677073206475747D
:10B1280079203C7365636F6E64733E207C20646590
:10B138006661756C7420202830203D20616C776131
:10B148007973206F6E29004F4B202D206770732074
:10B15800647574793D302028616C77617973206F4C
:10B168006E29004F4B202D20677073206475747909
:10B178003D25752073006D65736874696D65737915
:10B188006E6320004F4B202D206D65736874696DC8
:10B198006573796E6320257300756E6B6E6F776EBD
:10B1A80020636F6E6669673A20252E32333073004C
:10B1B80046696C652073797374656D206572617377
:10B1C800653A204F4B202D207265626F6F74696E4F
:10B1D800670046696C652073797374656D206572C4
:10B1E8006173653A2045727200257320284275699B
:10B1F8006C643A202573290073656E736F7220673B
:10B208006574200073656E736F7220736574200017
:10B2180063616E27742066696E6420637573746F4A
:10B228006D207661720073656E736F72206C69733E
:10B2380074006E6F20637573746F6D207661720091
:10B24800256420766172730A0025733D25730A0010
:10B258002E2E2E206E6578743A2564006770732050
:10B268006F6E0067707320746F67676C65206E6F10
:10B278007420666F756E6400677073206F66660071
:10B28800677073207365746C6F63006770732061F7
:10B298006476657274003E206E6F6E65003E2070A5
:10B2A80072656673003E207368617265006572722C
:10B2B8006F7200706F776572736176696E67004EA2
:10B2C8006F7420696D706C656D656E746564006C73
:10B2D8006F67207374617274002020206C6F676739
:10B2E800696E67206F6E006C6F672073746F7000F3
:10B2F8002020206C6F6767696E67206F6666006C38
:10B308006F67206572617365002020206C6F67206D
:10B31800657261736564006C6F6700202020454F7B
:10B32800460073746174732D7061636B6574730088
:10B3380073746174732D726164696F0073746174DE
:10B34800732D636F7265004572726F723A206E6179
:10B358006D652063616E6E6F7420636F6E746169D2
:10B368006E205B205D205C203A202C203F202A00A4
:10B37800616C6C00756E726561640072780046617C
:10B38800696C656420746F207265626F6F743A200F
:10B398007370696E6E696E6720656E646C65737331
:10B3A8006C792E2E2E0A006770696F403438303061
:10B3B80031633030006770696F403438303030386E
:10B3C8003030006770696F40343830303034303096
:10B3D800006770696F403438303030303030007278
:10B3E800302F61313A20203078253038782020728B
:10B3F800312F61323A202030782530387820207279
:10B40800322F61333A20203078253038780A00729C
:10B41800332F61343A202030782530387820723143
:10B42800322F69703A2020307825303878207231F0
:10B43800342F6C723A20203078253038780A002072
:10B44800787073723A20203078253038780A0046B0
:10B4580061756C74696E6720696E73747275637454
:10B46800696F6E2061646472657373202872313568
:10B478002F7063293A203078253038780A00556EC5
:10B4880068616E646C6564204952516E3A20256487
:10B498000A002A2A2A2A2A204D5055204641554C6E
:10B4A80054202A2A2A2A2A0A002020537461636B0E
:10B4B800696E67206572726F722028636F6E74659B
:10B4C80078742061726561206D69676874206265AF
:10B4D800206E6F742076616C6964290A00202055FB
:10B4E8006E737461636B696E67206572726F720A3E
:10B4F80000202044617461204163636573732056A2
:10B50800696F6C6174696F6E0A0020204D4D464169
:10B518005220416464726573733A20307825780A42
:10B52800002020496E737472756374696F6E2041D0
:10B5380063636573732056696F6C6174696F6E0A13
:10B54800002A2A2A2A2A2055534147452046415590
:10B558004C54202A2A2A2A2A0A002020446976697B
:10B5680073696F6E206279207A65726F0A002020F5
:10B57800556E616C69676E6564206D656D6F727973
:10B58800206163636573730A0020204E6F20636F28
:10B5980070726F636573736F7220696E73747275FE
:10B5A8006374696F6E730A002020496C6C6567616B
:10B5B8006C206C6F6164206F66204558435F52456C
:10B5C8005455524E20696E746F2050430A00202053
:10B5D800496C6C6567616C20757365206F662074B3
:10B5E800686520455053520A002020417474656DE7
:10B5F800707420746F206578656375746520756E46
:10B60800646566696E656420696E737472756374C7
:10B61800696F6E0A002A2A2A2A2A20425553204690
:10B6280041554C54202A2A2A2A2A0A0020205374D9
:10B6380061636B696E67206572726F720A00202001
:10B648005072656369736520646174612062757303
:10B65800206572726F720A002020424641522041D2
:10B668006464726573733A20307825780A00202064
:10B67800496D7072656369736520646174612062E5
:10B688007573206572726F720A002020496E737498
:10B6980072756374696F6E20627573206572726F5C
:10B6A800720A005265736572766564204578636531
:10B6B8007074696F6E20280053707572696F7573A6
:10B6C80020696E7465727275707420284952512011
:10B6D80000535053454C20696E207468726561644C
:10B6E800206D6F646520646F6573206E6F742069C8
:10B6F8006E646963617465205053500A002A2A2ACF
:10B708002A2A2048415244204641554C54202A2A8E
:10B718002A2A2A0A002020427573206661756C74F3
:10B72800206F6E20766563746F72207461626C6539
:10B7380020726561640A002020446562756720658F
:10B7480076656E740A0020204661756C74206573F6
:10B7580063616C6174696F6E20287365652062652A
:10B768006C6F77290A00415243485F45584345505A
:10B7780054207769746820726561736F6E2025782C
:10B788000A0A002A2A2A2A2A204465627567206D37
:10B798006F6E69746F7220657863657074696F6E17
:10B7A800202A2A2A2A2A0A002A2A2A2A2A2025730B
:10B7B80020256429202A2A2A2A2A0A00464C41538D
:10B7C800485F30005352414D5F30002F00696E745E
:10B7D8006572727570742D636F6E74726F6C6C65C0
:10B7E800724035383030303830300072636340355D
:10B7F8003830303030303000726E67403538303095
:10B808003130303000666C6173682D636F6E74720E
:10B818006F6C6C65724035383030343030300069C8
:10B828003263403430303035383030006770696FFB
:10B838005F6B65797300616E74656E6E6120656E0D
:10B8480061626C6500545820656E61626C650052D7
:10B858005820656E61626C650046454D204C4E412E
:10B8680020627970617373007378313236785F645F
:10B87800696F3100726164696F4030007265736589
:10B88800742D636F6E74726F6C6C65720073657281
:10B8980069616C403430303133383030007370694E
:10B8A800403538303130303030002E2E006C69741D
:10B8B800746C656673006D61696E002A2A2A2042DD
:10B8C8006F6F74696E67205A6570687972204F537C
:10B8D800206275696C64203164396365323365337D
:10B8E800363431202A2A2A0A00737973776F726BEB
:10B8F80071004145532D3235362D454342004145AF
:10B90800532D3139322D454342004145532D3132B3
:10B91800382D45434200696E66006E616E00286EE0
:10B92800756C6C290030313233343536373839414B
:10B93800424344454600000203010002038B33875B
:10B94800E9C5CDEA6AC9E5EDBAA115CD72000000D6
:10B9580000000000000000000000000000000000DF
:10B9680000000000000000000000000000000000CF
:10B9780000000000000000000000000000000000BF
:10B9880000000000000000000000000000000000AF
:10B998000000000000000000000000000002040891
:10B9A800107A632D76636F6E7461637400D9FBFB44
:10B9B800FBFBFBFBFBFBFBFBFBFBFBFBFBFBFBFBCF
:10B9C800FBFBFBFBFBFBFBFBFBFBFBFBFBFBFBFBBF
:10B9D800FBFBFBFBFBFBFBFBFBFBFBFBFBFBFBFBAF
:10B9E800FBFBFBFBFBFBFBFBFBFBFBE4E5FBFBFBCC
:10B9F800FBEAEBECFBFBEFFBFBACFBF4FBFBF7FB25
:10BA0800FBFBFBFBFBFEF2FBFBFBFBFBFBFBFBFB84
:10BA1800FBFBFBFBFBFBFBFBFBFBFBFBFBFBFBFB6E
:10BA2800FBFBFBFBFBFBFBFBFBFBFBFBFBFBFBFB5E
:10BA3800FBFBFBA6FBFBFBFBFBFBFBFBFBFBE4E5D0
:10BA4800FBFBFBFBEAEBECFBFBEFFBFBFBFBF4FB81
:10BA5800FBF7FBFBFBFBFBFBFE0A060505040103EA
:10BA6800010201010100011415161818191B1B16F3
:10BA780017191A1E1F212301270422DEE23244333C
:10BA8800340401530A25000000000000008E4ACC4F
:10BA980046BA18766BB8E7BE39FAAD7763FFFFFF91
:10BAA800FFFFFFFFFFFFFFFFFFFFFFFF07F7E97A39
:10BAB8002E8D31092C6BCE7B51EF7C6F0A00000074
:10BAC8000000000000000000000000000801000065
:10BAD800000000000000000000000000000000005E
:10BAE8000000000000000000000000000010141416
:10BAF80000001C2030401C2000001C203040101486
:10BB08001400001C2030401C2000001C2030404045
:10BB18004040000040408080808000009088684855
:10BB280010141400001C2030401C2000001C203081
:10BB38004052096AD53036A538BF40A39E81F3D755
:10BB4800FB7CE339829B2FFF87348E4344C4DEE9B4
:10BB5800CB547B9432A6C2233DEE4C950B42FAC3DC
:10BB68004E082EA16628D924B2765BA2496D8BD1E6
:10BB78002572F8F66486689816D4A45CCC5D65B620
:10BB8800926C704850FDEDB9DA5E154657A78D9D49
:10BB98008490D8AB008CBCD30AF7E45805B8B345F9
:10BBA80006D02C1E8FCA3F0F02C1AFBD0301138AF6
:10BBB8006B3A9111414F67DCEA97F2CFCEF0B4E6C9
:10BBC8007396AC7422E7AD3585E2F937E81C75DF6A
:10BBD8006E47F11A711D29C5896FB7620EAA18BE82
:10BBE8001BFC563E4BC6D279209ADBC0FE78CD5A54
:10BBF800F41FDDA8338807C731B11210592780EC2C
:10BC08005F60517FA919B54A0D2DE57A9F93C99CAC
:10BC1800EFA0E03B4DAE2AF5B0C8EBBB3C8353998F
:10BC280061172B047EBA77D626E169146355210C77
:10BC38007D637C777BF26B6FC53001672BFED7ABDA
:10BC480076CA82C97DFA5947F0ADD4A2AF9CA472D6
:10BC5800C0B7FD9326363FF7CC34A5E5F171D8314E
:10BC68001504C723C31896059A071280E2EB27B27A
:10BC78007509832C1A1B6E5AA0523BD6B329E32FA1
:10BC88008453D100ED20FCB15B6ACBBE394A4C58D5
:10BC9800CFD0EFAAFB434D338545F9027F503C9F37
:10BCA800A851A3408F929D38F5BCB6DA2110FFF356
:10BCB800D2CD0C13EC5F974417C4A77E3D645D1981
:10BCC8007360814FDC222A908846EEB814DE5E0B42
:10BCD800DBE0323A0A4906245CC2D3AC629195E4AF
:10BCE80079E7C8376D8DD54EA96C56F4EA657AAEFA
:10BCF80008BA78252E1CA6B4C6E8DD741F4BBD8B88
:10BD08008A703EB5664803F60E613557B986C11D7F
:10BD18009EE1F8981169D98E949B1E87E9CE552823
:10BD2800DF8CA1890DBFE6426841992D0FB054BB45
:10BD380016616E006E66696E69747900616E006ED8
:08BD480066696E697479000060
:10BD5000000000003BBB01080000000000010000E3
:10BD600000000000000000000000000000000000D3
:10BD700000000000000000000000000000000000C3
:10BD80000000000045BD00080000000000010000A8
:10BD900000000000000000000000000000000000A3
:10BDA0000000000000000000000000000000000093
:10BDB00001000000A8770208BC740208747602082B
:10BDC00054760208F474020800000000FFFFFFFF31
:10BDD0000000000011BC000800000000000000008E
:10BDE00000000000A1BC00080000000000000000EE
:10BDF00037EB01080000000000000000A9C70008A0
:10BE0000000000000000000000000000A9C70008BA
:10BE1000000000000000000000000000A9C70008AA
:10BE2000000000000000000000000000A9C700089A
:10BE300000000000B87B020800000000D9EE0108F5
:10BE40000000000000000000F8000020F8000020C2
:10BE500000000000000000000E0000000C010020A7
:10BE60000C010020000000000000000001000000A4
:10BE70006E9A020838010020000000000000000057
:10BE800000000000040000000000000000000000AE
:10BE90000000000000000000000000001000000092
:10BEA0001000000000000000000000000002000080
:10BEB000400000002000000000000000B85F0020EB
:10BEC000785F0020585F00200000000000000000A4
:10BED0000000000000000000000000000000000062
:10BEE0000000000000000000000000000000000052
:10BEF0000000000000000000000000000000000042
:10BF00000000000000000000000000000000000031
:10BF10000000000000000000000000000000000021
:10BF20000000000000000000000000000000000011
:10BF30000000000000000000000000000000000001
:10BF400000000000000000000000000000000000F1
:10BF500000000000000000000000000000000000E1
:10BF600000000000000000000000000000000000D1
:10BF700000000000000000000000000000000000C1
:10BF800000000000000000000000000000000000B1
:10BF900000000000000000000000000000000000A1
:10BFA0000000000000000000000000000000000091
:10BFB0001000000010000000000000000000000061
:10BFC0000000000000010000200000000000000050
:10BFD0001861002018600020F85F002000000000B9
:10BFE0000000000000000000000000000000000051
:10BFF0000000000000000000000000000000000041
:10C000000000000000000000000000000000000030
:10C010000000000000000000000000000000000020
:10C020000000000000000000000000000000000010
:10C030000000000000000000000000000000000000
:10C0400000000000000000000000000000000000F0
:10C0500000000000000000000000000000000000E0
:10C0600000000000000000000000000000000000D0
:10C0700000000000000000000000000000000000C0
:10C0800000000000000000000000000000000000B0
:10C0900000000000000000000000000000000000A0
:10C0A0000000000000000000000000000000000090
:10C0B000000000000000000045DF00080000000054
:10C0C0000010005800000000000000000000000008
:10C0D0000000000000000000000000000000000060
:10C0E0000000000000000000000000000000000050
:10C0F0000000000000000000000000000000000040
:10C10000000000000000000000000000000000002F
:10C11000000000000000000000000000000000001F
:10C12000000000000000000000000000E00300200C
:10C1300050000000000004000500000088003E03DD
:10C140000040005800000000000000000000000057
:10C1500000000000000000000000000000000000DF
:10C16000000000009DFE010800000000000000002B
:10C17000000000004501020800000000000000006F
:10C18000000000007DEB000800000000000000003F
:10C1900000000000191F02080000000058040020E1
:10C1A000000000000000000000C2010000010300C8
:10C1B000000000000000000091FA000800000000EC
:10C1C0000000000000000000780400207804002037
:10C1D0000000000001000000880400208804002006
:10C1E00090040020900400200000000001000000E6
:10C1F000A0040020A00400200000000000000000B7
:10C20000000000000000000000000000000000002E
:10C21000000000000000000000000000000000001E
:10C22000000000000000000000093D00C800000000
:10C23000E0040020E0040020E8040020E8040020DE
:10C24000DDD30008F9D30008FFFFFFFFFFFFFFFF6A
:08C25000FFFFFFFFFFFFFFFFEE
:10C2580000000000000000000000000000000000D6
:0CC26800000000000000000000000000CA
:10C2780000000000000000007D3F010800000000F1
:10C2880000000000000000004005002040050020DC
:10C2980089BB010800000000000000000000000049
:08C2A80000000000000000008E
:10C2B00060050020600500200000000084F70020D9
:10C2C0000000000008000000640000000000000002
:10C2D000800500208005002000000000B4F600204A
:10C2E0000000000004000000340000000000000016
:10C2F00000000000C0DD0020440800000000000035
:10C30000000000000000000000000000C0D4002079
:10C310000009000000000000000000000000000014
:10C32000D0050020D0050020000000000000000023
:04C330000E000000FB
:10C33400E4050020E405002000000000B200000035
:10C344000C00000004E600205CEE002004E600205F
:10C3540004E60020000000000C0600200C0600206B
:10C36400000000001806002018060020000000004D
:10C37400B20000000C0000005CEE0020B4F60020C7
:10C384005CEE00205CEE002000000000400600206F
:08C3940040060020000000003B
:04C39C0015E015E0B3
:040000050800CDA979
:00000001FF
