:1000000008ED0020E1C60000B9F60100CDC60000F1
:10001000CDC60000CDC60000CDC60000CDC6000094
:1000200000000000000000000000000019C70000F0
:10003000CDC6000000000000CDC80000CDC6000005
:100040004DC900004DC900004DC900004DC9000058
:100050004DC900004DC900004DC900004DC9000048
:100060004DC900004DC900004DC900004DC9000038
:100070004DC900004DC900004DC900004DC9000028
:100080004DC900004DC900004DC900004DC9000018
:100090004DC900004DC900004DC900004DC9000008
:1000A0004DC900004DC900004DC900004DC90000F8
:1000B0004DC900004DC900004DC900004DC90000E8
:1000C0004DC900004DC900004DC900004DC90000D8
:1000D0004DC900004DC900004DC900004DC90000C8
:1000E0004DC900004DC900004DC900004DC90000B8
:1000F0004DC900004DC900004DC900004DC90000A8
:100100004DC900004DC900004DC900004DC9000097
:100110004DC900004DC900004DC900004DC9000087
:100120004DC900004DC900004DC900004DC9000077
:100130004DC900004DC900004DC900004DC9000067
:100140004DC900004DC900004DC900004DC9000057
:100150004DC900004DC900004DC900004DC9000047
:100160004DC900004DC900004DC900004DC9000037
:100170004DC900004DC900004DC900004DC9000027
:100180004DC900004DC900004DC900004DC9000017
:100190004DC900004DC900004DC900004DC9000007
:1001A0004DC900004DC900004DC900004DC90000F7
:1001B0004DC900004DC900004DC900004DC90000E7
:1001C0004DC900004DC900004DC900004DC90000D7
:1001D0004DC900004DC900004DC900004DC90000C7
:1001E0004DC900004DC900004DC900004DC90000B7
:1001F0004DC900004DC900004DC900004DC90000A7
:100200004DC900004DC900004DC900004DC9000096
:100210004DC900004DC900004DC900004DC9000086
:100220004DC900004DC900004DC900004DC9000076
:100230004DC900004DC900004DC900004DC9000066
:100240004DC900004DC900004DC900004DC9000056
:100250004DC900004DC900004DC900004DC9000046
:100260004DC900004DC900004DC900004DC9000036
:100270004DC900004DC900004DC900004DC9000026
:100280004DC900004DC900004DC900004DC9000016
:100290004DC900004DC900004DC900004DC9000006
:1002A0004DC900004DC900004DC900004DC90000F6
:1002B0004DC900004DC900004DC900004DC90000E6
:1002C0004DC900004DC900004DC900004DC90000D6
:1002D0004DC900004DC900004DC900004DC90000C6
:1002E0004DC900004DC900004DC900004DC90000B6
:1002F0004DC900004DC900004DC900004DC90000A6
:100300004DC900004DC900004DC900004DC9000095
:100310004DC900004DC900004DC900004DC9000085
:100320004DC900004DC900004DC900004DC9000075
:100330004DC900004DC900004DC900004DC9000065
:100340004DC900004DC900004DC900004DC9000055
:100350004DC900004DC900004DC900004DC9000045
:100360004DC900004DC900004DC900004DC9000035
:100370004DC900004DC900004DC900004DC9000025
:100380004DC900004DC900004DC900004DC9000015
:100390004DC900004DC900004DC900004DC9000005
:1003A0004DC900004DC900004DC900004DC90000F5
:1003B0004DC900004DC900004DC900004DC90000E5
:1003C0004DC900004DC900004DC900004DC90000D5
:1003D0004DC900004DC900004DC900004DC90000C5
:1003E0004DC900004DC900004DC900004DC90000B5
:1003F0004DC900004DC900004DC900004DC90000A5
:100400004DC900004DC900004DC900004DC9000094
:100410004DC900004DC900004DC900004DC9000084
:100420004DC900004DC900004DC900004DC9000074
:100430004DC900004DC900004DC900004DC9000064
:100440004DC900004DC900004DC900004DC9000054
:100450004DC900004DC900004DC900004DC9000044
:100460004DC900004DC900004DC900004DC9000034
:0C0470004DC900004DC900004DC900003E
:1004800081F0004102E000BF83F0004330B54FEA45
:1004900041044FEA430594EA050F08BF90EA020FB2
:1004A0001FBF54EA000C55EA020C7FEA645C7FEA45
:1004B000655C00F0E2804FEA5454D4EB5555B8BF68
:1004C0006D420CDD2C4480EA020281EA030382EAD9
:1004D000000083EA010180EA020281EA0303362D6B
:1004E00088BF30BD11F0004F4FEA01314FF4801C3E
:1004F0004CEA113102D0404261EB410113F0004F50
:100500004FEA03334CEA133302D0524263EB430306
:1005100094EA050F00F0A780A4F10104D5F1200EA4
:100520000DDB02FA0EFC22FA05F2801841F10001FF
:1005300003FA0EF2801843FA05F359410EE0A5F1D3
:1005400020050EF1200E012A03FA0EFC28BF4CF004
:10055000020C43FA05F3C01851EBE37101F00045BA
:1005600007D54FF0000EDCF1000C7EEB00006EEBC7
:100570000101B1F5801F1BD3B1F5001F0CD3490851
:100580005FEA30004FEA3C0C04F101044FEA4452A8
:1005900012F5800F80F09A80BCF1004F08BF5FEA2F
:1005A000500C50F1000041EB045141EA050130BD0F
:1005B0005FEA4C0C404141EB0101013C28BFB1F521
:1005C000801FE9D291F0000F04BF01460020B1FA6C
:1005D00081F308BF2033A3F10B03B3F120020CDA3F
:1005E0000C3208DD02F1140CC2F10C0201FA0CF01D
:1005F00021FA02F10CE002F11402D8BFC2F1200C82
:1006000001FA02F120FA0CFCDCBF41EA0C01904037
:10061000E41AA2BF01EB0451294330BD6FEA040480
:100620001F3C1CDA0C340EDC04F11404C4F120026B
:1006300020FA04F001FA02F340EA030021FA04F37D
:1006400045EA030130BDC4F10C04C4F1200220FAD4
:1006500002F001FA04F340EA0300294630BD21FA12
:1006600004F0294630BD94F0000F83F4801306BFD8
:1006700081F480110134013D4EE77FEA645C18BFCC
:100680007FEA655C29D094EA050F08BF90EA020F63
:1006900005D054EA000C04BF1946104630BD91EA5B
:1006A000030F1EBF0021002030BD5FEA545C05D15E
:1006B0004000494128BF41F0004130BD14F580049D
:1006C0003CBF01F5801130BD01F0004545F0FE4111
:1006D00041F470014FF0000030BD7FEA645C1ABF46
:1006E000194610467FEA655C1CBF0B46024650EA7D
:1006F000013406BF52EA033591EA030F41F40021A9
:1007000030BD00BF90F0000F04BF0021704730B52E
:100710004FF4806404F132044FF000054FF0000103
:1007200050E700BF90F0000F04BF0021704730B5C4
:100730004FF4806404F1320410F0004548BF404299
:100740004FF000013EE700BF42004FEAE2014FEAEE
:1007500031014FEA02701FBF12F07F4393F07F4FC9
:1007600081F06051704732F07F4208BF704793F0CC
:100770007F4F04BF41F40021704730B54FF46074DF
:1007800001F0004521F000411CE700BF50EA0102E2
:1007900008BF704730B54FF000050AE050EA01028B
:1007A00008BF704730B511F0004502D5404261EBFB
:1007B00041014FF4806404F132045FEA915C3FF43C
:1007C000D8AE4FF003025FEADC0C18BF03325FEAD9
:1007D000DC0C18BF033202EBDC02C2F1200300FA8A
:1007E00003FC20FA02F001FA03FE40EA0E0021FAAF
:1007F00002F11444BDE600BF70B54FF0FF0C4CF49D
:10080000E06C1CEA11541DBF1CEA135594EA0C0F4E
:1008100095EA0C0F00F0DEF82C4481EA030621EA89
:100820004C5123EA4C5350EA013518BF52EA0335C4
:1008300041F4801143F4801338D0A0FB02CE4FF076
:100840000005E1FB02E506F00042E0FB03E54FF0A6
:100850000006E1FB03569CF0000F18BF4EF0010E9E
:10086000A4F1FF04B6F5007F64F5407404D25FEA9A
:100870004E0E6D4146EB060642EAC62141EA55514D
:100880004FEAC52040EA5E504FEACE2EB4F1FD0C8F
:1008900088BFBCF5E06F1ED8BEF1004F08BF5FEA0D
:1008A000500E50F1000041EB045170BD06F00046BF
:1008B00046EA010140EA020081EA0301B4EB5C046C
:1008C000C2BFD4EB0C0541EA045170BD41F4801164
:1008D0004FF0000E013C00F3AB8014F1360FDEBF89
:1008E000002001F0004170BDC4F10004203C35DA65
:1008F0000C341BDC04F11404C4F1200500FA05F3E8
:1009000020FA04F001FA05F240EA020001F0004288
:1009100021F0004110EBD37021FA04F642EB0601FE
:100920005EEA430E08BF20EAD37070BDC4F10C0428
:10093000C4F1200500FA04F320FA05F001FA04F2EC
:1009400040EA020001F0004110EBD37041F10001D8
:100950005EEA430E08BF20EAD37070BDC4F12005E3
:1009600000FA05F24EEA020E20FA04F301FA05F24B
:1009700043EA020321FA04F001F0004121FA04F2F3
:1009800020EA020000EBD3705EEA430E08BF20EAC3
:10099000D37070BD94F0000F0FD101F000464000FD
:1009A00041EB010111F4801F08BF013CF7D041EA7F
:1009B000060195F0000F18BF704703F00046520083
:1009C00043EB030313F4801F08BF013DF7D043EA54
:1009D0000603704794EA0C0F0CEA135518BF95EA0A
:1009E0000C0F0CD050EA410618BF52EA4306D1D191
:1009F00081EA030101F000414FF0000070BD50EAB0
:100A0000410606BF1046194652EA430619D094EA39
:100A10000C0F02D150EA013613D195EA0C0F05D123
:100A200052EA03361CBF104619460AD181EA030177
:100A300001F0004141F0FE4141F470014FF000002F
:100A400070BD41F0FE4141F4780170BD70B54FF0CA
:100A5000FF0C4CF4E06C1CEA11541DBF1CEA13554A
:100A600094EA0C0F95EA0C0F00F0A7F8A4EB05042C
:100A700081EA030E52EA03354FEA013100F0888023
:100A80004FEA03334FF0805545EA131343EA1263EC
:100A90004FEA022245EA111545EA10654FEA0026A1
:100AA0000EF000419D4208BF964244F1FD0404F55A
:100AB000407402D25B084FEA3202B61A65EB0305B6
:100AC0005B084FEA32024FF480104FF4002CB6EB73
:100AD000020E75EB030E22BFB61A754640EA0C00F3
:100AE0005B084FEA3202B6EB020E75EB030E22BF33
:100AF000B61A754640EA5C005B084FEA3202B6EB74
:100B0000020E75EB030E22BFB61A754640EA9C0032
:100B10005B084FEA3202B6EB020E75EB030E22BF02
:100B2000B61A754640EADC0055EA060E18D04FEAC0
:100B3000051545EA16754FEA06164FEAC30343EA60
:100B400052734FEAC2025FEA1C1CC0D111F4801F2D
:100B50000BD141EA00014FF000004FF0004CB6E726
:100B600011F4801F04BF01430020B4F1FD0C88BFC5
:100B7000BCF5E06F3FF6AFAEB5EB030C04BFB6EBD0
:100B8000020C5FEA500C50F1000041EB045170BDC3
:100B90000EF0004E4EEA113114EB5C04C2BFD4EBF0
:100BA0000C0541EA045170BD41F480114FF0000E74
:100BB000013C90E645EA060E8DE60CEA135594EAF0
:100BC0000C0F08BF95EA0C0F3FF43BAF94EA0C0FF3
:100BD0000AD150EA01347FF434AF95EA0C0F7FF468
:100BE00025AF104619462CE795EA0C0F06D152EABC
:100BF00003353FF4FDAE1046194622E750EA4106A0
:100C000018BF52EA43067FF4C5AE50EA41047FF4B0
:100C10000DAF52EA43057FF4EBAE12E74FF0FF3C15
:100C200006E000BF4FF0010C02E000BF4FF0010CE6
:100C30004DF804CD4FEA410C7FEA6C5C4FEA430C5F
:100C400018BF7FEA6C5C1BD001B050EA410C0CBFAE
:100C500052EA430C91EA030F02BF90EA020F002010
:100C6000704710F1000F91EA030F58BF994208BF77
:100C700090422CBFD8176FEAE37040F00100704734
:100C80004FEA410C7FEA6C5C02D150EA013C07D18B
:100C90004FEA430C7FEA6C5CD6D152EA033CD3D0D6
:100CA0005DF8040B704700BF8446104662468C46D0
:100CB0001946634600E000BF01B5FFF7B7FF002803
:100CC00048BF10F1000F01BD4DF808EDFFF7F4FF2C
:100CD0000CBF012000205DF808FB00BF4DF808EDB7
:100CE000FFF7EAFF34BF012000205DF808FB00BFDA
:100CF0004DF808EDFFF7E0FF94BF012000205DF8FC
:100D000008FB00BF4DF808EDFFF7CEFF94BF0120B0
:100D100000205DF808FB00BF4DF808EDFFF7C4FFA9
:100D200034BF012000205DF808FB00BF4FEA4102FC
:100D300012F5001215D211D56FF47873B3EB62522D
:100D400012D94FEAC12343F0004343EA505311F054
:100D5000004F23FA02F018BF404270474FF00000E6
:100D6000704750EA013005D111F0004008BF6FF024
:100D7000004070474FF00000704700BF4A0011D29A
:100D800012F5001211D20DD56FF47873B3EB6252E5
:100D90000ED44FEAC12343F0004343EA505323FAF1
:100DA00002F070474FF00000704750EA013002D166
:100DB0004FF0FF3070474FF0000070474FEA41029C
:100DC000B2F1E04324BFB3F5001CDCF1FE5C0DD9A9
:100DD00001F0004C4FEAC0024CEA5070B2F1004FF3
:100DE00040EB830008BF20F00100704711F0804FF6
:100DF00021D113F13872BCBF01F00040704741F4BB
:100E000080114FEA5252C2F11802C2F1200C10FABE
:100E10000CF320FA02F018BF40F001004FEAC123A2
:100E20004FEAD32303FA0CFC40EA0C0023FA02F346
:100E30004FEA4303CCE77FEA625307D150EA01331C
:100E40001EBF4FF0FE4040F44000704701F00040EC
:100E500040F0FE4040F40000704700BF80F00040CA
:100E600002E000BF81F0004142001FBF5FEA410382
:100E700092EA030F7FEA226C7FEA236C6AD04FEA82
:100E80001262D2EB1363C1BFD218414048404140C7
:100E9000B8BF5B42192B88BF704710F0004F40F479
:100EA000000020F07F4018BF404211F0004F41F495
:100EB000000121F07F4118BF494292EA030F3FD061
:100EC000A2F1010241FA03FC10EB0C00C3F1200374
:100ED00001FA03F100F0004302D5494260EB400003
:100EE000B0F5000F13D3B0F1807F06D340084FEA6E
:100EF000310102F10102FE2A51D2B1F1004F40EB63
:100F0000C25008BF20F0010040EA030070474900CA
:100F100040EB0000013A28BFB0F5000FEDD2B0FA67
:100F200080FCACF1080CB2EB0C0200FA0CF0AABF8A
:100F300000EBC25052421843BCBFD0401843704728
:100F400092F0000F81F4000106BF80F4000001322E
:100F5000013BB5E74FEA41037FEA226C18BF7FEA05
:100F6000236C21D092EA030F04D092F0000F08BF47
:100F70000846704790EA010F1CBF0020704712F02E
:100F80007F4F04D1400028BF40F00040704712F16D
:100F900000723CBF00F50000704700F0004343F0D2
:100FA000FE4040F4000070477FEA226216BF084608
:100FB0007FEA23630146420206BF5FEA412390EACB
:100FC000010F40F4800070474FF0000304E000BFC1
:100FD00010F0004348BF40425FEA000C08BF704772
:100FE00043F0964301464FF000001CE050EA010236
:100FF00008BF70474FF000030AE000BF50EA01024B
:1010000008BF704711F0004302D5404261EB410137
:101010005FEA010C02BF84460146002043F0B6435C
:1010200008BFA3F18053A3F50003BCFA8CF2083A81
:10103000A3EBC25310DB01FA02FC634400FA02FC8A
:10104000C2F12002BCF1004F20FA02F243EB020091
:1010500008BF20F00100704702F1200201FA02FCF3
:10106000C2F1200250EA4C0021FA02F243EB0200E6
:1010700008BF20EADC7070474FF0FF0C1CEAD0522A
:101080001EBF1CEAD15392EA0C0F93EA0C0F6FD0EB
:101090001A4480EA010C400218BF5FEA41211ED0C9
:1010A0004FF0006343EA501043EA5111A0FB0131B5
:1010B0000CF00040B1F5000F3EBF490041EAD3718A
:1010C0005B0040EA010062F17F02FD2A1DD8B3F106
:1010D000004F40EBC25008BF20F00100704790F075
:1010E000000F0CF0004C08BF49024CEA502040EAC7
:1010F00051207F3AC2BFD2F1FF0340EAC25070478D
:1011000040F400004FF00003013A5DDC12F1190FCA
:10111000DCBF00F000407047C2F10002410021FA3C
:1011200002F1C2F1200200FA02FC5FEA310040F154
:10113000000053EA4C0308BF20EADC70704792F0CD
:10114000000F00F0004C02BF400010F4000F013A05
:10115000F9D040EA0C0093F0000F01F0004C02BF00
:10116000490011F4000F013BF9D041EA0C018FE76F
:101170000CEAD15392EA0C0F18BF93EA0C0F0AD075
:1011800030F0004C18BF31F0004CD8D180EA01009B
:1011900000F00040704790F0000F17BF90F0004F34
:1011A000084691F0000F91F0004F14D092EA0C0F16
:1011B00001D142020FD193EA0C0F03D14B0218BFA9
:1011C000084608D180EA010000F0004040F0FE40EF
:1011D00040F40000704740F0FE4040F4400070478B
:1011E0004FF0FF0C1CEAD0521EBF1CEAD15392EA0A
:1011F0000C0F93EA0C0F69D0A2EB030280EA010CFA
:1012000049024FEA402037D04FF0805343EA111192
:1012100043EA10130CF000408B4238BF5B0042F1F0
:101220007D024FF4000C8B4224BF5B1A40EA0C0095
:10123000B3EB510F24BFA3EB510340EA5C00B3EBC7
:10124000910F24BFA3EB910340EA9C00B3EBD10FB5
:1012500024BFA3EBD10340EADC001B0118BF5FEA07
:101260001C1CE0D1FD2A3FF650AF8B4240EBC25030
:1012700008BF20F0010070470CF0004C4CEA5020F1
:101280007F32C2BFD2F1FF0340EAC250704740F440
:1012900000004FF00003013A37E792F0000F00F032
:1012A000004C02BF400010F4000F013AF9D040EAB0
:1012B0000C0093F0000F01F0004C02BF490011F444
:1012C000000F013BF9D041EA0C0195E70CEAD1533C
:1012D00092EA0C0F08D142027FF47DAF93EA0C0F23
:1012E0007FF470AF084676E793EA0C0F04D14B0207
:1012F0003FF44CAF08466EE730F0004C18BF31F0B9
:10130000004CCAD130F000427FF45CAF31F00043B2
:101310007FF43CAF5FE700BF4FF0FF3C06E000BF4B
:101320004FF0010C02E000BF4FF0010C4DF804CD6E
:101330004FEA40024FEA41037FEA226C18BF7FEA7E
:10134000236C11D001B052EA530C18BF90EA010F80
:1013500058BFB2EB030088BFC81738BF6FEAE1700F
:1013600018BF40F0010070477FEA226C02D15FEAAB
:10137000402C05D17FEA236CE4D15FEA412CE1D017
:101380005DF8040B704700BF844608466146FFE7DE
:101390000FB5FFF7C9FF002848BF10F1000F0FBDC0
:1013A0004DF808EDFFF7F4FF0CBF012000205DF8B9
:1013B00008FB00BF4DF808EDFFF7EAFF34BF01203E
:1013C00000205DF808FB00BF4DF808EDFFF7E0FFD7
:1013D00094BF012000205DF808FB00BF4DF808ED28
:1013E000FFF7D2FF94BF012000205DF808FB00BF8B
:1013F0004DF808EDFFF7C8FF34BF012000205DF86D
:1014000008FB00BF4FEA40024FEA41037FEA226C2B
:1014100002D15FEA402C08D17FEA236C02D15FEA57
:10142000412C02D14FF0000070474FF0010070478F
:101430004FEA4002B2F1FE4F0FD34FF09E03B3EBE1
:1014400012620DD94FEA002343F0004310F0004F21
:1014500023FA02F018BF404270474FF00000704777
:1014600012F1610F01D1420205D110F0004008BF16
:101470006FF0004070474FF00000704742000ED2FE
:10148000B2F1FE4F0BD34FF09E03B3EB126209D4BF
:101490004FEA002343F0004323FA02F070474FF075
:1014A0000000704712F1610F01D1420202D14FF0EA
:1014B000FF3070474FF00000704700BF7BB972B932
:1014C0000029BEBF00204FF0004106E008BF002801
:1014D0001CBF6FF000414FF0FF3000F057B8ADF186
:1014E000080C6DE904CE002909DB002B1ADB00F0A3
:1014F0007CF8DDF804E0DDE9022304B070474042E7
:1015000061EB4101002B1BDB00F06FF8DDF804E01C
:10151000DDE9022304B0404261EB4101524263EB3A
:1015200043037047524263EB430300F05EF8DDF87B
:1015300004E0DDE9022304B0404261EB4101704761
:10154000524263EB430300F050F8DDF804E0DDE9BC
:10155000022304B0524263EB4303704753B94AB9C4
:10156000002908BF00281CBF4FF0FF314FF0FF30AB
:1015700000F00CB8ADF1080C6DE904CE00F035F8C0
:10158000DDF804E0DDE9022304B07047704700BFD6
:1015900010F8012B11F8013B012A28BF9A42F7D01D
:1015A000D01A7047034611F8012B03F8012B002ACB
:1015B000F9D17047034613F8012B002AFBD1181A02
:1015C00001387047430803F05533C01A00F0333335
:1015D000800800F0333018444FF0013300EB101056
:1015E00000F00F305843000E70472DE9F0478C464D
:1015F0008E46089E154604461946002B40F0D080C2
:10160000724547D9B2FA82F74FB1C7F120030EFAFB
:1016100007FCBD40BC4020FA03F343EA0C0C4FEA40
:10162000154EA8B2230CBCFBFEF80EFB18CC08FB31
:1016300000F943EA0C43994528D9EB1808F1FF3229
:1016400004D2994502D9A8F102022B44A3EB090365
:10165000A4B2B3FBFEFC0EFB1C330CFB00F044EA0F
:101660000344A04214D92C190CF1FF3304D2A04238
:1016700002D9ACF102032C44241A43EA02401EB101
:10168000FC40002334607360BDE8F0874246DDE72C
:101690006346F1E7002A79D0B2FA82F3002B3FD0FB
:1016A0001946C1F1200302FA01F500FA01F42EFAFD
:1016B00003F20EFA01FE20FA03F3AFB243EA0E037F
:1016C0004FEA154EB2FBFEFC0EFB1C201A0C0CFB65
:1016D00007F842EA004290455AD9AA180CF1FF30A7
:1016E00004D2904502D9ACF102002A44A2EB0802D0
:1016F0009BB2B2FBFEFC0EFB1C220CFB07F743EA7D
:1017000002439F4246D9EB180CF1FF3204D29F42AC
:1017100002D9ACF102022B44DB1B42EA004202E098
:10172000AEEB020301224FEA154EAFB2200CB3FB21
:10173000FEFC0EFB1C330CFB07F840EA0343984504
:101740002AD9EB180CF1FF3004D2984502D9ACF13C
:1017500002002B44A3EB0803A4B2B3FBFEFC0EFB78
:101760001C330CFB07F744EA0344A74216D92C1993
:101770000CF1FF3304D2A74202D9ACF102032C448E
:10178000E41B43EA00400F46114678E71F2188E733
:101790006046ABE76246BFE76046DBE76346EFE7DC
:1017A000734506D916B9002108466DE7C6E9000E53
:1017B000F9E7B3FA83F787B9734501D3824207D8B3
:1017C000841A6EEB030301209C461EB900215BE7DF
:1017D0003846FAE7C6E9004CF8E7C7F1200CBB40F1
:1017E00000FA07F422FA0CF520FA0CF1BA401D4376
:1017F0002EFA0CF30EFA07FE4FEA154941EA0E01E4
:101800001FFA85FEB3FBF9F809FB18300B0C08FB37
:101810000EFA43EA00439A4540D9EB1808F1FF302D
:1018200004D29A4502D9A8F102002B44A3EB0A0383
:1018300089B2B3FBF9F809FB183308FB0EFE41EA45
:1018400003418E452CD9691808F1FF3304D28E4527
:1018500002D9A8F10203294443EA0040A1EB0E019A
:10186000A0FB02984145CE46434602D306D14C45E3
:1018700004D20138B9EB020E68EB0503002EA5D0A7
:10188000B4EB0E0261EB030101FA0CFC22FA07F340
:10189000F9404CEA0303C6E9003197E74046C5E743
:1018A0004346D9E7000000002DE9F04F8E070F46B0
:1018B00014468FB040F18F801AF00CFD002800F024
:1018C0008A8004A81AF011FD002800F0848094F8A2
:1018D000C15094F8C03005F10A0898457BDADDE97B
:1018E0000401FEF75BFF98A3D3E90023FFF7AEF8EE
:1018F000FFF764FA9649FFF7BFFB00210646FFF7A2
:1019000059FD4FF07C5100286CD03046FFF7AAFA01
:10191000FFF78EFD8146DDE90601FEF73FFF8AA352
:10192000D3E90023FFF792F8FFF748FA8849FFF759
:10193000A3FB00210646FFF73DFD4FF07C51002838
:1019400054D03046FFF78EFAFFF772FD064608982E
:10195000FFF73EFB7F49FFF743FC7F49FFF78CFB16
:1019600000218246FFF726FD4FF07C51002841D030
:101970005046FFF777FAFFF75BFD01238822635596
:10198000EB18DBB2E254AB1CDBB24FEA2942E25463
:10199000EB1CDBB24FEA2922E2542B1DDBB204F828
:1019A00003906B1DDBB23214E254AB1DDBB232127A
:1019B000E254EB1DDBB2E65405F10803DBB202147E
:1019C000E25405F10903DBB202120B35E25484F84C
:1019D000C15004F808007D0700F1AC8001200FB071
:1019E000BDE8F08F3046FFF73FFA91E73046FFF74A
:1019F0003BFAA9E75046FFF737FABCE7404603F049
:101A00005FF980B909F101034D465FFA83F9404659
:101A100004A903F067F940B108F1010803F04AF99D
:101A20004045EBDCDAE70125F1E7BDF81070F80678
:101A30001DD5DDF824B051465846FFF7BBFC002801
:101A400073D158464549FFF7D3FC00286FD158465B
:101A5000FFF714FDFFF7B8FA0022CDE90162022278
:101A60000346009265212A4620461AF099FCF907A0
:101A70000AD502230A226721CDE9003220462A46F0
:101A8000059B02961AF08CFCBB070BD502234FF086
:101A9000000C2A46CDE9013C68212046069B0096B1
:101AA0001AF07EFC78070BD50A230021CDE901311D
:101AB00002232A46009373212046079B1AF070FCEC
:101AC0003A0709D502232A46009379212046CDE919
:101AD0000166089B1AF064FCBB060AD50223642049
:101AE0002A46CDE90030742120460A9B02961AF05E
:101AF00057FC79060BD502234FF47A727521CDE994
:101B0000003220462A460B9B02961AF049FC3B06FF
:101B100082D50023CDE9016302232A460093802168
:101B200020460C9B1AF03CFC76E7D3468FE74FF635
:101B3000FF708FE74FF000084FF0020901264FF0C9
:101B4000000A6BE7AFF300800000000065CDCD41D7
:101B500000401C4600007A440000C84200FF7F4756
:101B60002DE9F0431446426987B092F88C30151D78
:101B700073B9CDE902538DF804108DF80530049344
:101B8000214601A805931AF0ABFC07B0BDE8F0832D
:101B9000012B1FD18268D2E90289D2E904678DF84E
:101BA00004108DF8053040460FA3D3E900234946C1
:101BB0000295FEF721FEFFF7B9F80BA3D3E9002346
:101BC000039039463046FEF717FEFFF7AFF80023C3
:101BD0000490D5E7D2E90A89D2E90C6701238DF890
:101BE0000410DEE7AFF300800000000080842E4187
:101BF0002DE9F041151D06460F469AB028469B492F
:101C00001C46FFF7C5FC30B9994920461AB0BDE81B
:101C1000F041FFF7C7BC0A222846964925F066F82E
:101C2000C8B9736993F88120934B197991420BD10C
:101C30001B68924A0092924A4FF48071204615F038
:101C4000BDFF1AB0BDE8F0810130042803F108039C
:101C5000EBD18C4BEDE7072228468B4925F046F85F
:101C600080B9736993F88220884B1979914202D127
:101C70001B68874ADEE70130042803F10803F4D12A
:101C8000804BF6E704222846824925F02FF840B918
:101C9000736993F88020804B8049002A08BF0B4667
:101CA0001DE0152228467E4925F020F820B97369E9
:101CB00093F84F307B4A13E00F2228467A4925F0EB
:101CC00015F820B9736993F84E305B00F2E70E22E5
:101CD0002846764925F00AF850B973695833744A92
:101CE0004FF4807120461AB0BDE8F04115F066BF90
:101CF000DFB9072228466F4924F0F8FFA8B9B06978
:101D00001C3603685B6D984740220AA918F0A1FBB6
:101D10000AA90246304601F0E1FD33464FF48071D6
:101D20002046634A15F04AFF8BE7042228466249A1
:101D300024F0DCFF10B973690433D0E7062228468B
:101D40005E4924F0D3FF18B9736993F84D20A2E7D8
:101D5000032228465A4924F0C9FF58B97369D3E9C8
:101D60000A23CDE90023574A4FF48071204615F02D
:101D700025FF66E703222846534924F0B7FF18B928
:101D80007369D3E90C23ECE7102228464F4924F06D
:101D9000ADFF18B9736993F87E308BE7122228469D
:101DA0004B4924F0A3FF18B9736993F87D3081E79C
:101DB00009222846474924F099FF18B9736993F816
:101DC0007C3077E712222846434924F08FFF38B948
:101DD0007369D86EFEF7B8FC404ACDE90001C3E74D
:101DE0000A2228463E4924F081FF90B93E2322462C
:101DF00002F8023B202363707169973111F8013FAB
:101E00000BB913701DE70A2B08BF7C2302F8013BB6
:101E1000F4E70B222846334924F068FF70B9736950
:101E200093F831310BB93049EFE6012B01D12F493D
:101E3000EBE6022B0CBF2E492E49E6E60A22284685
:101E40002D4924F053FF00285AD12C492046FFF792
:101E5000A9FBB06903685B6D984720220146A01C6E
:101E60001AB0BDE8F04101F039BD00BF4CAF02002F
:101E70004FAF020073AF0200948D020085AF0200E5
:101E80007EAF020024BD0200A3AF0200748D0200E9
:101E900070C60200ABAF02003EB00200C7B2020043
:101EA000B0AF0200F9AA0200B6AF0200C6AF02004E
:101EB00076A40200D5AF020084BB020059A602003E
:101EC00051A60200DDAF020055A60200E4AF0200F9
:101ED000F5AF020008B0020012B00200E7AA02004B
:101EE00025B0020030B002003CB0020042B0020057
:101EF0004CB0020057B0020060B0020063AA0200BA
:101F0000042228469A4924F0F1FE28B9B0690368F2
:101F1000DB6898470346E2E60E222846954924F0FE
:101F2000E5FE08B9944970E60D222846934924F04D
:101F3000DDFE08B9924968E611222846914924F04D
:101F4000D5FEB0B935682B682846D3E917379847CE
:101F500001462846B8473668054633683046D3E917
:101F60001937984701463046B8472B46864A0090B5
:101F700062E60D222846854924F0B8FE0028D9D013
:101F80000E222846824924F0B1FE50B93068202242
:101F900003680AA99B6B984708B10AABBEE67D4966
:101FA00033E60E2228467C4924F0A0FE28BB306888
:101FB0000368DB68984700210746FFF7F1F908B18D
:101FC000764922E6306803681B689847054638461C
:101FD000FEF7BAFB6DB1724B724A1B681B88CDE9E4
:101FE0000001CDE902534FF48071204615F0E6FD63
:101FF00027E6CDE900016C4AB6E6062228466B4981
:1020000024F074FE20B9736993F81231684A67E6C8
:102010000E222846674924F069FE08B96649F4E5AE
:102020000C222846654924F061FE18B909F0FEFC2F
:102030000346EBE709222846614924F057FE18B908
:10204000736993F91F31E1E7082228465D4924F0BE
:102050004DFE90B977B196F8E010C1F1A1013E2391
:10206000237020230239A01C63701AB0BDE8F04130
:1020700002F0DABD4FF48071F1E708222846524998
:1020800024F034FE38B91AF02AF9034600287FF408
:1020900011AE4E49B9E5032228464D4924F026FEEB
:1020A000002846D11AF016F900283FF4BCAE07A864
:1020B0001AF023F99DF81C300AA8022B96BF454A56
:1020C000454D52F823501AF010F9BDF81E6000B3C8
:1020D000DDE90C01FEF762FB23A3D3E90023FEF741
:1020E000B5FCCDE90401DDE90A01FEF757FB1EA3AB
:1020F000D3E90023FEF7AAFC089BCDE90201CDE954
:1021000000634FF480712B462046344A15F056FD8B
:1021100097E5099B4BB1CDE900634FF480712B46E5
:1021200020462F4A15F04AFD8BE52B462D4A009696
:1021300082E50B2228462C4924F0D8FD30B9B0693D
:102140000368D3F8803098470346B3E50E2228464B
:10215000264924F0CBFD00284AD1736993F8183141
:10216000A8E500BFAFF300800000000065CDCD41C1
:102170006BB0020070B002007FB002008DB00200B0
:102180009BB00200C1B00200D3B00200EDB002006B
:10219000FBB002000AB1020014B1020023B1020038
:1021A000888A020044B102006FB1020088B10200C7
:1021B000F4AB02008FB102009EB10200C2B1020076
:1021C000CFB10200D9B10200E2B10200EBB10200CE
:1021D000D2A30200688D02000CB10200FBB1020024
:1021E0002FB2020055B2020072B202007EB20200AB
:1021F00009222846514924F079FDC8B9AFB196F8B3
:10220000E050C5F1A10529464D4A204615F0D6FCFF
:102210000146B0696A1A03682144D3F888309847A8
:1022200000287FF40EAD4749EFE44FF48075EAE7EC
:1022300008222846444924F059FD28B973694349C6
:1022400093F81621424B28E50A222846414924F0FA
:102250004DFD18B9736993F91731D7E60B2228465B
:102260003D4924F043FD38B9736993F81931002BC7
:102270007FF420AD3949C8E428463949FFF788F989
:1022800008B93849C1E408222846374924F02EFD10
:10229000002847D00C222846344924F027FD002886
:1022A00048D1B0690368D3F89830984705460028AC
:1022B000B9D0002F3BD096F8E070C7F1A107706845
:1022C00003681B68984780461CF093FC73694FF4C1
:1022D0007A7293F81531003B18BF01230193002354
:1022E000FFF7ECF8434600903A462146284602F0B4
:1022F000AFFFA6E41E4A3846002D18BF42461D49CE
:1023000015F086FC0135032D07443FF49AAC736940
:102310002B4493F81A31002BECD1002D7FF491ACB3
:10232000154972E427460546DFF85080EFE74FF481
:102330008077C4E72B46124AD2E400BF8DB2020078
:1023400063AA020001AC020097B202003EB0020094
:10235000C7B20200A0B20200ABB20200B7B20200E4
:10236000C1B20200C5B20200CAB20200EFB202005E
:1023700070C60200D3B20200D8B2020019A802004F
:10238000FCB20200000000001BA3D3E900230021DF
:10239000C0E900231AA3D3E90023C0E902231AA34A
:1023A000D3E90023C0E9042319A3D3E90023C0E93A
:1023B000062319A3D3E90023C0E9082318A3D3E90E
:1023C0000023C0E90A2318A3D3E90023C0E90C23A2
:1023D00017A3D3E90023C0E90E2300220023C0F88D
:1023E000D010C0E93023C0E932238022403024F0ED
:1023F0006ABC00BFAFF3008008C9BCF367E6096A96
:102400003BA7CA8485AE67BB2BF894FE72F36E3C83
:10241000F1361D5F3AF54FA5D182E6AD7F520E51E0
:102420001F6C3E2B8C68059B6BBD41FBABD9831F9A
:1024300079217E1319CDE05B31F000432DE9F04F97
:10244000814687B00E4607460C460DD180F48007C2
:102450007F0017F5000F40F2578331464846FEF7DC
:1024600003FD07B0BDE8F08F20F000480146B8F149
:10247000FF4F02D8B3F1FF4F08D9B7F17E5FECD11F
:1024800084F48004640014F5000FE4E7002823DAE4
:10249000B3F1974F80F03D83B3F17E5F36D3DA1509
:1024A000C2F1960243FA02F505FA02F29A4225D1E8
:1024B00005F00105C5F10205B3F17E5F27D1002CBF
:1024C0007EDA00214846FEF76BFFC8B1F80F07B06F
:1024D000BDE8F04F17F022BAB3F1FF4F0ED1B8F1BB
:1024E0007E5F00F0118304D9002C80F2108300205D
:1024F000B7E7002CFBDA06F10040B2E70025DBE786
:1025000049464FF07E50FEF76BFEAAE70025B4F176
:10251000804F424640F00383B8F1BF4F20D2B8F15C
:10252000D05F04D949464846FEF7A6FD99E729F051
:102530000040B8F1000F40D0F90F01390391294351
:1025400024D0B3F19A4F40F2D780654B984539D8E3
:10255000002C3CDA002007B0BDE8F04F17F0D6B9E8
:1025600027F0404C29F00040BCF17E5F1AD1002CCE
:1025700004DA01464FF07E50FEF732FE002FBFF620
:1025800070AFA8F17E5858EA050805D1484607B053
:10259000BDE8F04F17F0CAB9012D7FF462AF00F12A
:1025A00000405EE7B8F1000FC6D1002C05DA17B184
:1025B0006B1E59425941084689E7012D7FF451AFFE
:1025C00048464EE7474B984507D9002CC2DC00200F
:1025D00007B0BDE8F04F24F062BE4FF07E51FEF729
:1025E00041FC07464049FEF747FD404981463846D1
:1025F000FEF742FD804638A1D1E90001FEF7DEFB7F
:1026000082464FF07A513846FEF736FD0146504675
:10261000FEF728FC3946FEF72FFD01464FF07C50AF
:10262000FEF720FC824639463846FEF725FD014676
:102630005046FEF721FD2E49FEF71EFD014640469D
:10264000FEF710FC014680464846FEF70DFC20F4DC
:102650007F67494627F00F073846FEF703FC01461F
:102660004046013DFEF7FEFB039B6FF30B048046E3
:102670001D433046214614BF4FF07E551D4DFEF7D9
:10268000F1FB3946FEF7F8FC814631464046FEF73D
:10269000F3FC01464846FEF7E7FB0646214638466E
:1026A000FEF7EAFC014607463046FEF7DDFB002850
:1026B0000446804620F0004340F34481B3F1864F46
:1026C00040F22D8100212846FEF774FE003818BF25
:1026D000012040E7AFF30080E13D55555555D53F0A
:1026E000F3FF7F3F0700803F00AAB83F70A5EC369C
:1026F0003BAAB83F000080BF17F0FF4F40F00B81AE
:102700004FF09741FEF7B8FC6FF017010246D31562
:10271000C2F316027F3B0B4495498A42029342F072
:102720007E5308DD93498A4240F3F780029AA3F56D
:1027300000030132029200278F4A9A4618460493FA
:1027400052F827B05946FEF78DFB51468146584650
:10275000FEF78AFB01464FF07E50FEF741FD014631
:1027600005904846FEF788FC0190019B83496FF372
:102770000B039846049B01EA6303414643F0005370
:1027800003F5800303EB475318460493FEF774FCEC
:1027900001464846FEF766FB049B814659461846AB
:1027A000FEF760FB01465046FEF75CFB4146FEF734
:1027B00063FC01464846FEF755FB059A1146FEF7B5
:1027C0005BFC019983460846FEF756FC6C4981463E
:1027D000FEF752FC6B49FEF747FB4946FEF74CFCFF
:1027E0006949FEF741FB4946FEF746FC6749FEF79B
:1027F0003BFB4946FEF740FC6549FEF735FB494681
:10280000FEF73AFC6349FEF72FFB824649464846ED
:10281000FEF732FC01465046FEF72EFC414681464B
:102820000198FEF721FB5946FEF726FC4946FEF7C4
:102830001BFB414682464046FEF71EFC564904906B
:10284000FEF712FB5146FEF70FFB20F47F6941466D
:1028500029F00F094846FEF70FFC4F4980464846CD
:10286000FEF700FB0499FEF7FDFA01465046FEF71D
:10287000F9FA0199FEF700FC824649465846FEF7F0
:10288000FBFB01465046FEF7EFFA83460146404601
:10289000FEF7EAFA20F47F69404929F00F0948461B
:1028A000FEF7EAFB414682464846FEF7DBFA014660
:1028B0005846FEF7D7FA3A49FEF7DEFB804639491B
:1028C0004846FEF7D9FB01464046FEF7CDFA364BA7
:1028D00053F82710FEF7C8FA80460298FEF778FBF7
:1028E000324B8146414653F827B05046FEF7BCFABA
:1028F0005946FEF7B9FA4946FEF7B6FA20F47F6763
:10290000494627F00F073846FEF7ACFA5946FEF75E
:10291000A9FA5146A1E60021F9E601270CE74BD1BF
:1029200023493046FEF7A0FA814639462046FEF795
:1029300099FA01464846FEF75BFD00287FF4C2AED7
:1029400086233EE01B4A934207D900212846FEF722
:1029500031FD003818BF01203AE62DD13946FEF787
:1029600081FA3146FEF73AFD0028E9D0EDE700BFD5
:1029700071C41C00D6B35D00009F020000F0FFDFB1
:1029800042F1533E55326C3E05A38B3EABAAAA3EA4
:10299000B76DDB3E9A99193F000040400040763FFA
:1029A0004F38763FC623F6B8F09E0200F89E02002C
:1029B0003CAA383300001643B3F17C5F40F2A0809C
:1029C000DB157E3B4FF400045B49B8F1000F44FA7D
:1029D00003F438464444C4F3C753A3F17F0341FAD8
:1029E00003F1C3F1170301EA0401C4F3160444F42C
:1029F000000444FA03F4B8BF6442FEF733FA074612
:102A000031463846FEF730FA20F47F694B4929F009
:102A10000F094846FEF730FB394680464846FEF728
:102A200021FA01463046FEF71DFA4549FEF724FB20
:102A3000064644494846FEF71FFB01463046FEF76E
:102A400013FA074601464046FEF70EFA414606468F
:102A5000FEF708FA01463846FEF704FA314680468A
:102A60003046FEF709FB38490746FEF705FB3749B4
:102A7000FEF7F8F93946FEF7FFFA3549FEF7F4F9A3
:102A80003946FEF7F9FA3349FEF7ECF93946FEF715
:102A9000F3FA3149FEF7E8F93946FEF7EDFA014657
:102AA0003046FEF7DFF9074601463046FEF7E4FA06
:102AB00081464FF080413846FEF7D4F9014648463A
:102AC000FEF78EFB414607463046FEF7D5FA4146F3
:102AD000FEF7CAF901463846FEF7C4F93146FEF75B
:102AE000C1F901464FF07E50FEF7BCF900EBC4532C
:102AF000B3F5000F06DA214616F0AAFE294613E5C3
:102B000000247DE71846F9E74FF07E50A9E43046EF
:102B1000A7E4B3F1FF4F3FF4E2AC42460225B4F123
:102B20007C5F7FF41DAD002FFFF61AAD484607B05D
:102B3000BDE8F04F24F048BC000080FF0072313F38
:102B40001872313F8CBEBF354CBB31330EEADD35D8
:102B500055B38A38610B363BABAA2A3E002110B52B
:102B60000446074B4FF4C072C0E96011C0E962111E
:102B7000C0F89011C0F8943124F0A5F8204610BD9B
:102B8000CDCC4C3E024630B553880178082B28BF87
:102B900008230B48C1F383010A4C4840604302F10B
:102BA0004901C2F1FF2202F57F02B7325518AB424C
:102BB00000DC30BD11F8015F68406043F6E700BFFC
:102BC000C59D1C81930100012DE9F04104460D468D
:102BD0000746002642F210783B7B3BB17B68EB1A3C
:102BE000434503D93146204616F0B8FE0136182E6B
:102BF00007F11007F0D1D4F88C3133B3154AEB1A32
:102C0000934222D9D4F88431FBB1D4F8903123B95E
:102C1000A5F59C53083BC4F8903141F2873641F248
:102C2000883003F51C414031EA1AB2420BD9D4F87E
:102C3000842142B10344A2EBD2028B42C4F8842126
:102C4000C4F89031F0D1BDE8F0810023C4F8903190
:102C5000F9E700BFE093040070B50346024600F5B3
:102C6000C0766FF00040C1F51C551135147B34B1AE
:102C700054682C4424EAE474A04228BF2046103251
:102C8000B242F3D1D3F88C2192B1D3F884417CB114
:102C90000D4C8D1AA5420CD9D3F890312BB1C1F54A
:102CA0009C5108310B4423EAE373984228BF18462D
:102CB00070BDC1F5922101F2E131114421EAE171C7
:102CC000884228BF0846F3E7E093040010B5D0F827
:102CD0008831032B26DDD0F88401FEF775F94FF01B
:102CE0006E51FEF7C9F900210446FEF76DFBE0B90D
:102CF0004FF081412046FEF7B7F801462046FEF727
:102D00006FFA0B49FEF7B8F90A49FEF7ADF84FF034
:102D10007E510446FEF76CFB10B14FF07E5010BDA3
:102D20002046FCE74FF07C50F9E70248F7E700BF88
:102D30009A99193FCDCCCC3E0048704770C602002E
:102D40000048704780EE360030B5C0E91912C366FE
:102D5000012200230E4DC0E90433C0E90633C0E967
:102D60000E33C0E91233C0E90A33C0E90C33C0E9BD
:102D70001533C0E917330560436080F844300364BD
:102D8000A0F87030036280F82420A0F8503030BDE5
:102D90001086020070B5B8B001460446684623F0BC
:102DA00066F89DF80030013BDBB2FD2B38D8274B8D
:102DB00028AA03F14006154618685968083303C568
:102DC000B3422A46F7D1224B08AA03F12006154642
:102DD00018685968083303C5B3422A46F7D108A9D1
:102DE00020A812F047FC214620AA10A822F0EBFFF1
:102DF000694620A812F03EFC20AA28A918A822F0B3
:102E0000E2FF202218A910A818F03AF9044658B990
:102E1000202110A818F06EF9202118A818F06AF9DE
:102E20000024204638B070BD002310A911F8012BF2
:102E30001AB90133202BF9D1144610A8202118F01B
:102E400059F9202118A818F055F9EAE7329F020035
:102E5000739F02002DE9F04F0A78054602F0030344
:102E6000023B012B0C46F3B070D802F03C06242E36
:102E70000B795BD13F2B1CD84E88082E19D991F8BD
:102E80005270093E07F003029340F6B21FFA83FC2A
:102E9000664510D801F153020368029201F10A025B
:102EA000CDE9007203961D6ED1F84A20D1F84E305C
:102EB000A847002037E00121533301FA02F200F560
:102EC0000671E01823F012FF0028F2D12B6821468A
:102ED00028465B6C98470028EBD0E86F21460368D2
:102EE0001B6898470028E4D1E86F214603685B68B7
:102EF000984794F90201FEF76BF84FF07A51FEF70C
:102F0000BBF84FF08141FEF7B7F8FEF791FA23794D
:102F100021465A1C2344227198722B682846DB6C88
:102F2000984740F0C06073B0BDE8F08F2C2E03F0DE
:102F30003F030AD191F94A60002E80F2B782002B3C
:102F4000B7D103685B6F9847B3E76BBB104617F0C8
:102F50009EFB002840F080802378C3F383020F2A71
:102F6000A7D801A151F822F003310000033100007D
:102F700003310000C130000043330000B7320000CD
:102F8000B73200003332000003310000B32E0000DE
:102F90002D340000B32E0000B32E0000B32E00002D
:102FA000B32E0000FD3300000C2E08D14B88032BFC
:102FB00005D90368D1F84A20D3F88430984722799C
:102FC00005F506719209013204F10A0023F08EFE24
:102FD00000287FF46EAF2B68214628465B6C98472B
:102FE00000283FF466AF2378C3F383030A2B04D190
:102FF0002146284617F0E3FD5BE7E86F032B0268E4
:103000002146126813D19047064600287FF451AF3D
:10301000E86F214603685B6898472146284617F009
:10302000F2FB32462146284617F072FD41E79047F1
:1030300000287FF43EAFE86F214603685B6898473D
:103040002146284617F0DFFB2B6821462846DB6C1B
:10305000984740F0807066E72B68214628461B6C35
:10306000984700287FF425AF207817F010FB002840
:103070003FF472AF2046FFF785FD0646A86E05F1C6
:10308000800703681B68984731460246384616F0A9
:10309000ABFC20B13146284617F013FB5CE72B68E8
:1030A00028469B6B984700283FF456AFA86E0368EC
:1030B0001B68984731460246384616F06FFC4BE7CE
:1030C0006388032B7FF6F5AEE86F21460368D4F8DA
:1030D0004A601B68984700287FF4EBAEE86F2146F2
:1030E00003685B6898472B68324621462846D3F828
:1030F000843098472146284673B0BDE8F04F17F05A
:10310000A2BB94F84B300DF1200A8AF80030638896
:1031100094F84A70042B7FF6CCAEE86F2146036822
:103120001B689847064600287FF4C3AEE86F214627
:1031300003685B68984795F81832BB4268D12B68E2
:10314000514628465B6D9847814604F14C0B10AF01
:103150000DF1C408B1455BDD2B683246394628467F
:103160009B6D984763885A46023B4146384617F0A4
:103170009EFF031E5BDD2278C2F38302082A4CD136
:1031800098F800900793484617F057FE00283FD064
:103190004FEA991109F03F0201FB0222079B501CE4
:1031A000834235DD02329B1ADBB242442968039226
:1031B000049318F800300DF1C50803F00F03CDE9B2
:1031C0000193CDF80080D1F864B03B4632462146E9
:1031D0002846D847D0B1207817F059FAB0B100236B
:1031E000CDE9023301932379514600933A462846AC
:1031F00004F10A0317F0C0FB014638B14FF4FA732B
:103200004246009328464B4617F0A4FDFF23237047
:103210002146284617F017FB85E62968CDE901838A
:103220000097CF6D334621462846B847EEE7013672
:1032300090E76388232B7FF63CAEE86F2146036856
:1032400094F84A601B68984700287FF432AEE86F14
:10325000214603685B68984795F81832B3427FF4BB
:1032600049AF04F14B0608AA04F16B071346306816
:103270007168083603C3BE421A46F7D108AA10A9DE
:1032800005F5067017F0B6F9638831AF3246394656
:10329000213B10A817F00BFF00287FF72BAF2B68FE
:1032A000CDE900702146DE6E284608AB10AAB04773
:1032B000FF2323701EE794F84A3008AF3B70638801
:1032C000032B7FF6F6ADE86F214603681B6898472D
:1032D000064600287FF4EDADE86F214603680DF146
:1032E00040095B6898472B683946D3F87C804A468A
:1032F00004232846C047074604F14B0A0DF1410854
:103300000DF1C40BB74283DD6388404652465946EF
:10331000013B17F0CCFE002808F121080FDD2B68D7
:103320002278CDE900B006EB4616D3F8807021462E
:10333000284609EB0603C2F38302B84768E7013663
:10334000E0E710A817F021F810AE04F14A0304F1E9
:103350006A07324618685968083303C2BB421646EA
:10336000F7D16388632B7FF6A4AD202210A905F561
:10337000067023F0BBFC00283FF49BADE86F2146AC
:103380000368D4F86AA01B68984700287FF491ADC1
:10339000E86F0DF1C409036821465B684E46984703
:1033A000B4F8028010AFA8F16408B8F1200FA8BFEC
:1033B0004FF020080FCF0FC697E80F0004F1AE0BB7
:1033C00086E80F00424659463AA8CDF8E4A023F01B
:1033D00054FC4A4608F1240304F16E0110A816F0CB
:1033E000DCFF00283FF465AD2B68CDE900B821462D
:1033F0009E6E2846534610AAB04709E703F0030320
:10340000023B012B3FF655ADE86F214603681B6870
:10341000984700287FF44DADE86F214603685B684C
:1034200098472B68214628469B6F8CE56288022AC4
:103430007FF63FAD94F84A3003F00F03032B7FF47F
:1034400038AD042A7FF635AD31AE304617F0F0FCCA
:10345000237840228DF8C43004F10A0123790DF15C
:10346000CE0017F00BFD62888DF8C800013A92B2C9
:1034700004F14B010DF58770ADF8C62023F0FDFB7C
:10348000E86F314603681B68984700287FF411AD48
:10349000E86F314603685B6898472B6831462846D9
:1034A000D3F88430DDF80E21984702E5002B3FF475
:1034B0004DAD84E538B50B4B1C786CB901220A4D33
:1034C0001A70002329461A460848013417F043FDB4
:1034D000202C05F58275F4D10021BDE83840034861
:1034E00017F015BDD8A10020548100207450002091
:1034F000014BD3F820017047504F0020014BD3F807
:103500002001704774500020014817F000BD00BF33
:10351000504F0020044BD3F820219142BABF2831EC
:1035200053F8210000207047504F0020054BD3F87E
:1035300020018142BDBF2831012043F82120002015
:10354000704700BF504F002021B1002302481A46A7
:1035500017F001BD704700BF745000200022FF200B
:1035600070B50A4BD3F8206103F19C058033B24259
:1035700000DB70BD55F8044F641A002C03DC9C5C22
:10358000A04228BF20460132F1E700BF504F002083
:103590002DE9F0470546904699460F4699B31B4ED4
:1035A000304617F0D8FC044668BBD6F8200118B3A3
:1035B0002146234606F17F0CA04214DC0E4496F807
:1035C0008030434518D9114817F0A1FC2B680146FB
:1035D0005B68284698474B4642463946BDE8F04767
:1035E0000A4817F0B8BC1CF8012F9A4234BF1A469B
:1035F000214613460134DFE72B6839462846BDE8EB
:10360000F0475B681847BDE8F08700BF504F0020C7
:10361000F0B400230C46FF204FF0FF310E4AD2F8E1
:10362000207102F19C068032BB4205DB4B1C0FD09F
:10363000F0BC094817F06BBC56F8045F2D1B002D39
:1036400004DCD55C85423CBF194628460133EBE7D4
:103650000020F0BC704700BF504F002030B50A4B2F
:103660004A1CD3F820510DD0002210469C33AA42A8
:1036700000DB30BD53F8044F0132641A002CD8BF70
:103680000130F4E72846F4E7504F0020002907DB1B
:10369000044BD3F82021914202DA53F821007047FD
:1036A00000207047504F002038B500240D4D2819D8
:1036B00004F5827417F0BCFBB4F5025FF7D1002467
:1036C000094B214680221846C3F8204123F0FBFA1B
:1036D000064B2146C3F820411846BDE838408022F9
:1036E00023F0F1BA5481002074500020504F002084
:1036F0002DE9F0430D468DB012F00F0180461446BF
:103700001E469DF8509004D04FF0FF300DB0BDE83C
:10371000F083184B142207A8069323F0D4FAB9F1CA
:10372000000F0CBF4FF400734FF48073124F0893D7
:103730001022414604AB06A8099722F0C0FE0028DB
:10374000E2D105ABCDE901432A4623463946049828
:103750000096B9F1000F09D012F046FC0446049817
:1037600022F091FE002CCFD10598CFE712F0D8FCC3
:10377000F4E700BF00248000004440042DE9F0413C
:1037800094B007460C4616460021142207A81D4691
:1037900023F099FA4FF48853ADF818304FF4807342
:1037A000ADF81A304FF48063DFF84C802022CDE969
:1037B0000838394604AB06A822F081FE28B14FF044
:1037C000FF34204614B0BDE8F08105AB02932023FE
:1037D00001930CAB2246009341463346049823F0F4
:1037E0000AF80446049822F04EFE002CE7D1BDF8FA
:1037F00030302B80E5E700BF0900800330B58DB085
:103800000D4611461A4603AB01932023044600934C
:103810000A4804AB22F01FFF2A4630B1002120469F
:103820000DB0BDE8304023F04EBA202D28BF202235
:10383000204604A923F021FA0DB030BD0900000292
:103840002DE9F043A7B00446DDE92E890D46164662
:10385000002170220AA81F4623F035FA16490AA84B
:1038600022F0AAFEE8B93A4631460AA822F0C5FE7F
:10387000B8B94A4641460AA822F0BFFE88B92022BC
:1038800001AB02A90AA822F0CFFE50B9202D2A468A
:10389000204628BF202202A923F0EFF927B0BDE877
:1038A000F0830AA822F079FE2A460021204627B09C
:1038B000BDE8F04323F007BA0900000208B5054B44
:1038C000002814BF0146194603481BF0DBFC012009
:1038D00008F0F6FA949F0200A09F02000346F0B59C
:1038E0000A4D8E18B14203F1020303D1002300F800
:1038F0001230F0BD11F8014B270904F00F04EF5D01
:103900002C5D03F8027C03F8014CEBE783C802004E
:103910002DE9F04105460C46DFF830808F18BC4297
:1039200001D1BDE8F08114F8016B2B68320918F859
:10393000021028469B6898472B6806F00F06284619
:103940009B6818F806109847E9E700BF83C8020093
:1039500000487047C09F020008B510460249FDF7B5
:1039600021FE002008BD00BFC99F020030B5002223
:10397000702113488BB001F049FE041E104D19DD73
:1039800022462846691C23F085F9013C02A801F073
:1039900005FF60B16F2C0ADC039B0A4A019305AB5B
:1039A0000093C4F17001029B281914F007F9044830
:1039B0000BB030BD28460449FDF7F4FD0724E5E7C8
:1039C000D9A10020FF9F0200F79F020037B5124CDB
:1039D000204620F0EEF910B9104803B030BDA568BC
:1039E0004E212046EB6898470028F5D10C216A4605
:1039F00020462B6998470028EED10198FDF7E8FA98
:103A00000749FDF7EDFB04460098FDF7E1FA014692
:103A10002046FDF729FAE0E7C87602000000C07FE3
:103A20000024744970B504464FF0FF324FF0FF3365
:103A300013480FF05FFF20F015FD4FF47A75A0FBDF
:103A40000506002305FB016147F61222FDF786FDFE
:103A5000D4E90253002B08DB421B42F2107561EBE4
:103A60000303AA4273F1000303DB0023C4E902014C
:103A7000E380E48802480FF0DFFF204670BD00BFFE
:103A80007C07002008B503681B689847BDE808401C
:103A90000146014819F0CCB9888A020007B5064BE7
:103AA0008DF8070001220DF10701044801F020FF05
:103AB00003B05DF804FB00BF1CA002002CA00200B4
:103AC00073B5124B124C1D7815B1207802B070BD41
:103AD000012610481E7018F080FF0028F5D03246ED
:103AE0000C4801AB0DF103018DF80350019518F05E
:103AF0008DFF38B1019B2BB19DF80330012B08BF1E
:103B00004C232370034818F073FFDEE74AA200201D
:103B100049A200202CA002004C28024607D05528BC
:103B200007D0054B0548002A08BF184670470448CF
:103B300070470448704700BF38A00200F79F02009A
:103B40003DA0020049A0020083B517F088FB1BF0DE
:103B50008FF918F0D8FB0021264A274817F060FBA0
:103B60000821264A264817F05BFB20F07BFC4FF427
:103B70007A74A0FB0405002304FB015147F61222CE
:103B8000FDF7ECFC41F288331D4FC418D7F81080C4
:103B900041F10005BB681A485B6801A9984790B9D4
:103BA000D8F80020019B5340DB050CD4154A164B76
:103BB000D2F8A0100B4043F4403343F00C03C2F89A
:103BC000A0301BF06CFB20F04DFC4FF47A76A0FB8C
:103BD000060C47F61222002306FB01C1FDF7BEFCCE
:103BE000A042A941E2DA40F23910002110F002FDB2
:103BF000D0E700BF01001A00E875020011000100C3
:103C0000C875020000820D50F0F0FCFF3E2802460D
:103C100030D016D8142830D00AD80A2830D00F282F
:103C200031D041F684601F4B072A18BF18467047F1
:103C30001F282BD04AF2C3201A4B292A18BF184636
:103C40007047B0F5FA7F24D00AD8FA2823D0B0F50F
:103C5000C87F22D0134B1448C82A18BF1846704793
:103C6000B0F5487F1BD00F4B1048B2F57A7F18BFD4
:103C7000184670474FF22440704745F26110704774
:103C800042F6B100704743F60950704747F61220DC
:103C9000704707487047074870470748704707480C
:103CA000704700BF48E80100F818030040420F00C9
:103CB00020A1070090D00300F0310600E0630C0063
:103CC00070B503690D4693F874301446073B052B15
:103CD0002ED8184A52F823603046FDF789FB38BBCE
:103CE0002046FDF775F94FF06E51FDF7C5F9014615
:103CF0004FF07E50FDF7B6F8314604462846FDF7F2
:103D0000B1F80D49FDF76CFA01462046FDF7B4F90C
:103D100000210446FDF74EFB50B94FF07E5120467E
:103D2000FDF766FB10B14FF07E5070BD2046FCE7FA
:103D30000020FAE72C8802000000204170B50446FC
:103D400017F02BFBD4F88039D4F88429054653EAC0
:103D500002004DD05B1B62EB0102012B72F10000EF
:103D60003EDB6FF00040834272F1000200DA184639
:103D7000B4F8683A9BB394F95A3A803314D0D4F823
:103D8000602AD4F8646A521B66EB0106012A76F1B8
:103D9000000327DB6FF000439A4276F1000600DA59
:103DA0001346984228BF1846D4F8703AD4F8742ABB
:103DB00053EA02041CD00F4C1B1942F100025B1B9A
:103DC00062EB0101012B71F100020DDB6FF000428B
:103DD000934271F1000109DA984228BF184670BD7C
:103DE0000020C5E70023DCE70023F5E71346F3E7EF
:103DF0000020F4E7009749012DE9F04F8BB004460D
:103E00008846174617F075FA814638B93946404654
:103E1000684A0BB0BDE8F04F13F0D0BED4F8980953
:103E2000002800F091800A236421D4F89C295A4389
:103E3000D4F8A03902EB50024B4303EB5003B2FB22
:103E4000F0F2B3FBF0F094F8573A04F6A81A27EA18
:103E5000E771002B7AD194F854CA574D574B94F917
:103E6000556ABCF1000F08BF2B460A250590B2FB2E
:103E7000F5F005FB1022CDE9030209EB0602CDE9BE
:103E8000006240464E4ACDF8089013F097FEC72FC7
:103E9000054640445EDDD4F89C3A791B0393D4F880
:103EA000983A484A0293D4F8943A0193D4F8903A55
:103EB0000093D4F8983913F081FE054408EB05000F
:103EC000791B94F8583A404A13F078FE054420468E
:103ED00017F065FB014640B9AF4208EB0500C8BFCB
:103EE000791B3A4A13F06AFE0A35504617F0A9FFCB
:103EF0008346504617F0BBFF5E45B8BF5E4686421C
:103F0000B246A8BF82460AF1FF36B345CABF0BF1DD
:103F100002030AF101035E466FF007028342C4BF49
:103F20000346861E9642B8BF16460C2BA8BF0C232C
:103F30004FF0640B099304EBC604099B9E420DDD10
:103F400028460BB0BDE8F08F02467CE794F9566A2C
:103F50001F4B8AE7AF42B3DC0021B2E7B4F8EC298B
:103F6000B4F8F0C91AB353080BFB0C33B3FBF2F3EC
:103F70000693B4F8F239BD42CDE904C3B4F8EE3982
:103F8000B8BF791BCDE9022309EB0603CDE9006335
:103F9000A8BF002108EB0500B24514BF20232A2347
:103FA0000C4A13F00BFE013605440834C5E71346EE
:103FB000DEE700BF56A002003EB00200C7B202001A
:103FC0005EA0020084A0020099A00200A2A002004C
:103FD00033A60200ADA002002DE9F843002500261B
:103FE0004FF000084FF00009474B484F03608C33F7
:103FF000436000F51863C0E902714662C0E90452EB
:10400000C0E9065505628662C0F85C58C0F8605881
:10401000C0F8745980F87859C0F87C59C3E9008910
:1040200043F69823044680F88859C0F88C39C0F8C4
:104030009059C0F89459C0F89859C0F89C59C0F8E4
:10404000A059011D00F6A81017F0E6FE04F527633D
:10405000A4F8685AC3E900893B6984F8785A5B1B65
:1040600018BF012384F8793A4FF40043C4F87C5A0E
:10407000C4F8805AC4F8845AC4F8885AA4F88C5AF0
:1040800084F88E5AC4F8905AC4F8945AC4F8985ACE
:10409000C4F89C5AC4F8A05AA4F8A43AC4F8A85A80
:1040A000C4F8AC5AA4F8B05AC4F8B45AA4F8CC5A1C
:1040B000C4F8D06AC4F8D46AA4F8D85AC4F8DC5A50
:1040C000C4F8E05AC4F8E45AC4F8E85A84F8A05B8B
:1040D000A4F8A25BC4F8A45BC4F8A85BC4F8AC5B0A
:1040E00004F6641020F00DFB0122294604F6883006
:1040F0001FF08CFF4FF40362294604F12C0022F0DC
:10410000E2FD2046BDE8F88390870200908A020015
:1041100008B50346C068B3F8A21B8368002908BF2E
:10412000FF215B68984758B1084B98420BD841F281
:10413000883300F5FA704000984238BF184608BD31
:1041400041F28830FBE76FF47A70F8E70BFEFF7FEF
:1041500030B590F8A03B044689B0CBB900F52F6587
:10416000002000210A22CDE90601CDE90232CDE985
:10417000004304934FF400622846064B06490FF0B3
:10418000B9FF0649284620F021F8012384F8A03B16
:1041900009B030BDF9B60100C8A80020CDA00200CA
:1041A0002DE9F8430C460546174600211422204607
:1041B00022F089FD95F8CD3A002B35D0D5F8D00AFC
:1041C000D5F8D49A95F8D88A95F8D96A1B49FCF79E
:1041D00053FFFDF753F920604846FDF74FF9B31F31
:1041E00080B217F03DF8022B96BF043E0126F6B2CE
:1041F000B8F1080F8CBF10232023A08084F806801C
:10420000E67123812B696FF0080293F94C30277314
:10421000162BA8BF16239342B8BF1346A37240F2D1
:1042200002432382BDE8F8832B69986CD3F8789019
:1042300093F8748093F87560C8E700BF0024744950
:1042400008B590F8CD3A5BB1D0F8D00A0649FCF732
:1042500013FF4FF07C51FCF707FEFDF70FF908BD87
:104260000369986CF2E700BF0024744908B590F820
:10427000CD3A63B1D0F8D40A0649FCF7FDFE4FF001
:104280007C51FCF7F1FDFDF7F9F880B208BD036938
:10429000986FF1E70000204102462DE9F04717F042
:1042A00085F992F8CD3A0F460546002B00F0BD8007
:1042B000D2F8D49A104617F083F99368044693F81D
:1042C000008008F10506F6B2B54203D30C2D28BFD5
:1042D0000C25EEB248465B49FDF76CF808B1DFF8F3
:1042E00068914846FDF7CAF880B216F0B9FFFFF7AB
:1042F0008DFC082C28BF082405460120E4B2052CBB
:1043000000FA06F038BF0524FCF762FE8146284615
:10431000FCF75AFE4D49FCF763FF4C49FCF7ACFE35
:1043200001464846FCF75CFF8146B8F1000F01D119
:10433000062E7ED9082E4FF000057DD82020FCF7F0
:1043400047FE4349FCF790FD294680462846FCF786
:104350008BFD01464046FCF787FD4946FCF78CFE85
:104360003C4980464846FDF743F8002866D04FF0A8
:104370007E5A3046FCF72CFE06463846FCF728FEEF
:104380004FF08241FCF778FE4FF0814107463046FE
:10439000FCF772FE01463846FCF764FD2E49FCF737
:1043A00063FD4FF08341FCF75FFD4FF0824107460C
:1043B0002846FCF761FE01463846FCF753FD51469E
:1043C00007465046FCF750FD01463046FCF74AFDD3
:1043D0004FF08141FCF750FE4FF07E510546FCF74F
:1043E000E9FF08B14FF0814529463846FCF7F8FE51
:1043F00015F0DEF905462046FCF7EAFD2946FCF7F4
:104400003BFE002122F0FAFE4FF08241FCF72CFD2A
:104410004946FCF731FE4146FCF726FD0B49FCF707
:104420002BFEFDF72BF8BDE8F0871369D3F87890E1
:1044300040E74FF07E5581E7102080E74FF0000AFB
:1044400097E700BF0000E0400000FA4200007A4415
:10445000000088405A2F863C0000E0412DE9F047DB
:1044600005468AB017F042F995F8783A05F1180731
:10447000002B00F085800022284605A9FFF790FE5A
:104480009DF81A40BDF81C60062C8CBF4FF0080A3E
:104490004FF00C0ABAF1080F0CBF112319239E42EA
:1044A0007DDDBDF81800FFF7B1FB012102463E4853
:1044B000A1400023A1FB0001FDF750F8AB680446C2
:1044C000DB69002B53D0E868984780460520A6EBAF
:1044D0004A0909F1FF3904FB09F964220023A9FB09
:1044E0000001FDF73BF808F5FA63A9EB00018B42E8
:1044F000D5F87C2A3ED20E366643A1EB08018E42E7
:104500000AFB044408D9731CA3EB09030344434486
:104510005B089C4238BF1C46944203D1D5F8803AD0
:104520008B4203D0C5F87C4AC5F8801A00261F3498
:10453000E86846F100031F314FEA541246F10004C7
:1045400086684909766A42EAC36241EAC4615B0946
:104550006409AEB1DFF854C003958DE81210B0477E
:1045600070B91DF01EFF0121C5F8940911E040F259
:10457000DC58ABE7013203D04FF0FF33C5F87C3A8B
:10458000E8682A46836809495B6998470028E8DAA1
:10459000002138460AB0BDE8F04716F02ABFD5F82A
:1045A0007C3A0133E7E700BF40420F00AFB401009F
:1045B00038B5836804469B6A0D46BBB100F6A4304B
:1045C00016F0C8FE034604F6AC3016F0C3FE1844DD
:1045D000D4F8843A984202D1D4F8883A3BB9C4F866
:1045E000840A012D38BF0125C4F8885A38BD084A0D
:1045F000CB1A9342FAD994F88E3A072BF6D9A368CE
:104600009B6A0BB1E06898472046FFF727FFE8E771
:10461000BF270900F8B583680446DB6A0F46002B04
:1046200038D090F8B03A33B1D0F8A83AD0F8AC2AE4
:10463000CB1A93422ED3D4F8B43A23B14EF65F226C
:10464000FB1A934226D9606920B303685B689847D8
:1046500001460546FCF7D6FE0646D8B9284622F0A4
:10466000F0FD0122164B05B2C4F8AC3AB4F9A43AF5
:1046700084F8B02A13F5004FC4F8A87A02D1A4F840
:10468000A45A07E0EB1A002BB8BF5B42042B02DCF4
:1046900084F8B16AF8BD94F8B13A33B943F6982377
:1046A00084F8B12AC4F8AC3AF4E7A36884F8B16A94
:1046B000DB6A0BB1E06898472046FFF7CFFEDEE7E4
:1046C00080EE360038B504461C3016F043FE98BB29
:1046D000204617F026F978BB16F05FFE054604F673
:1046E000A43016F037FE034604F6AC3016F032FE66
:1046F000D4F8842A0344934202D1D4F8883A63B9A7
:104700000023C4F8A03A29462046FFF751FF294666
:104710002046BDE83840FFF77DBF084AEB1A9342B8
:10472000F1D9D4F8A03A13B1EB1A9342EBD9012D89
:104730002B4638BF0123E4E738BD00BFBFD40100DA
:104740002DE9F843B0F8683A04463BB190F8CD8AB9
:10475000B8F1000F04D0002380F89339BDE8F88346
:1047600016F01BFED4F8702AD4F8743A0E4652EABA
:10477000030104F52767054662D1C4F8705A7E60CC
:1047800094F95A3A803315D0D4F8602AD4F8643AB0
:10479000954276EB03030DDBA36804F6A815596B6D
:1047A00011B1E06888470146284617F036FC2846D4
:1047B00016F0D3FE94F89339002BCFD0002384F861
:1047C000933994F95A3A8033C8D1204616F0E7FE5F
:1047D0000028C3D094F89239002BBFD0204617F0A0
:1047E000A0F80028BAD104F6A819484617F0C9FB6A
:1047F000A36807461B6B83B30146E06898470646EB
:1048000016F0CBFD022E80460D4629D1321E18BF70
:1048100001223946484617F0E8FB022E2BD12046EC
:1048200016F0BDFE10EB080045F10005643045F1BF
:10483000000584F85A7AC4F8600AC4F8645A8DE70F
:104840000F49AA1A66EB0303914278EB030397DA48
:1048500004F6A81017F080FB8FE76FF05706CFE73C
:10486000002104F1180016F0C4FD2046FFF7F6FD04
:10487000002ECBDA72E7484616F06FFE6EE700BFF7
:104880000097490170B50D46164604243146284666
:104890001BF020FB48B140F2391000210FF0AAFEB6
:1048A000013CF3D10148FFF709F870BDDAA002001E
:1048B0002DE9F04FDFF8C882ADF5397D04460D468D
:1048C000174600214FF4007238A81E4622F0FBF96B
:1048D00098F8003043B9AB481AF0D4FC98F800308F
:1048E00013B9A9481AF0CEFC402138A81BF0F2FAFF
:1048F00098F8003081463BB938A817F0CDFC4946FE
:104900000246A2481AF0BEFC102200210AA822F09A
:10491000DAF910210AA809F0BDFA002301460DF2C8
:104920001F120DF1280C8B4202DA102B40F082800E
:1049300098F80030002B40F01F8195481AF0A2FC37
:10494000BFB1B6B1202E314628BF20213A460DF224
:104950002F137E1812F8010B13F8017FB24280EA80
:1049600007001870F6D198F8003043B989481AF05A
:1049700089FC98F8003013B987481AF083FC40216D
:1049800094A81BF0A7FA98F80030064673B994A8CB
:1049900017F082FC3146024680481AF073FC98F802
:1049A00000301BB929467E481AF06CFC24AF3A4609
:1049B0007C4B03F1180C164618685968083303C677
:1049C00063453246F7D1186899889B793122306067
:1049D000B180B371002107F11F0022F074F90023A8
:1049E000079311F03BFC20230DF11C0A0093804635
:1049F0004FF400726C48CDF804A01CAB38A921F02C
:104A00002AFE064620B9DAF80090B9F1200F1AD034
:104A100020211CA816F06EFBCDF80480DAF80030D7
:104A20005021009338463346604A13F0C7F824A853
:104A3000FEF744FF12F801EF1CF8010B013380EA86
:104A40000E0010706FE70146142217A822F03BF900
:104A50004FF41053ADF858304FF48073544A0DF1B1
:104A6000200ACDE91832ADF85A301CA953464A46FF
:104A700016A8CAF8006021F022FD064649461CA887
:104A800016F038FB46B1334650213846494ACDF836
:104A9000008013F093F8CAE7102231460EA822F0E6
:104AA00012F937460DF1240BBD42DAF800001ED989
:104AB0000023CBF8003010230DF1480901930EAA12
:104AC0003B49CDF808B0CDF8009011F08DFADBF835
:104AD0000020034608B9102A1BD000925021CDE9CE
:104AE0000178354A24A813F069F84FF0FF3608988A
:104AF00021F0C9FC10210EA816F0FCFA002E96D168
:104B0000012319462544AC421DD101B93BB32B48C2
:104B10008EE7EA1B102A28BF1022E01949460592A9
:104B200022F0ABF8059A17444A4612F8013D0133CA
:104B3000DBB2137013B90EAB9A42F6D1102148467E
:104B400016F0D8FAB0E714F8012B32B1FF2A14BFDF
:104B5000002303F001030021D5E71346D3E738A86B
:104B60004FF4007116F0C6FA10210AA816F0C2FA26
:104B70000DF5397DBDE8F08F002F7FF4E2AEFEE643
:104B80004BA20020FBA002001FA1020067A10200AF
:104B900096A10200D7A10200F9A1020046A20200DC
:104BA00075A2020066A3020009000002AEA2020084
:104BB00000444004DCA2020007A302003BA3020061
:104BC000002330B5044689B01A4620216846FFF715
:104BD0006FFE6946204615F0F6FB65252378013BFC
:104BE000DBB2FD2B05D82021684616F083FA09B008
:104BF00030BD013D02D10748FEF760FE0023684644
:104C00001A462021FFF754FE6946204615F0DBFBCB
:104C1000E4E700BF85A3020011B1024A12F0CEBF43
:104C2000704700BFABA30200014A12F0C7BF00BF2C
:104C3000BCA3020037B5144683686A461B699847CF
:104C400088B90198FCF7C4F90849FCF7C9FA054688
:104C50000098FCF7BDF901462846FCF705F92060ED
:104C6000012003B030BD0020FBE700BF00247449E1
:104C700038B50D460446B8B11FF09BF810B9204670
:104C80001FF08EF820461FF094F868B1074B1A7891
:104C90000F2A09D8511C1970054B43F8324003EB19
:104CA000C20300221D715A7138BD00BF4CA2002002
:104CB00098510020014B1878704700BF4CA200208B
:104CC000064B1B78984207D2054B03EBC0031879BB
:104CD000031F584258417047002070474CA20020E3
:104CE000985100202DE9F3410C460646242200216C
:104CF000204621F0E8FF644B1B789E4280F0C18083
:104D0000624D4FEAC60805EBC6031A79062A11D18F
:104D100000225B7955F836000192009383681F6882
:104D2000002F00F0AB806B4614224E21B8470028BC
:104D300040F0A48055F8360083684E21DB68984720
:104D40000746002840F09A8005EB08031B79042BE6
:104D500055D006D9053B012B6AD9384602B0BDE8CB
:104D6000F0810D2155F83600221DFFF763FF18B1C1
:104D7000238843F00103238005EB08031B79012BF3
:104D80002BD90E2155F8360004F10C02FFF752FF23
:104D90000028E2D0E0683E49FCF76EF92688A84476
:104DA00046F00403238098F80430E06003F0FD032C
:104DB000012BD2D13749FCF713FA3749FDF73CFBF9
:104DC00001464FF07E50FCF74DF83449FCF754F99A
:104DD00046F00C0620612680BFE7102155F836000A
:104DE00004F10802FFF726FF18B1238843F00203FD
:104DF000238005EB08031B79002BAED0C1E71221FD
:104E000055F8360004F11402FFF714FF18B1238897
:104E100043F0100323800D2155F83600221DFFF7C3
:104E200009FF002899D0238843F00103238094E7E9
:104E30002B2155F8360004F11802FFF7FBFE18B1DC
:104E4000238843F0200323802D2155F8360004F1F8
:104E50001C02FFF7EFFE18B1238843F040032380C4
:104E60002E2155F8360004F12002FFF7E3FE00285A
:104E70003FF473AF238843F08003D7E76FF0040754
:104E80006BE76FF0150768E74CA2002098510020EF
:104E90000000204100507D4401DE423E002A2D47A3
:104EA000024B1878003818BF012070474CA2002030
:104EB00010B50C4617F00CFA18B1002C014818BFB9
:104EC000002010BDD2A3020010B50C4617F000FA66
:104ED00040B144B917F0FEF90146044B04480029DB
:104EE00008BF184610BD0020FCE700BFA3B70200B2
:104EF00045C7020070B50E46154617F0E9F904469D
:104F000068B130460D49FCF743FB50B928460C49BF
:104F1000FCF73EFB003818BF012017F0DFF92046F0
:104F200070BD30460749FCF733FB28B9284621F00D
:104F3000D5FE17F0D7F9F2E70024F0E7D2A302007C
:104F4000A3B70200D6A3020000200021044B054AAB
:104F5000C3E90201C3E90401C3E906011A6070470D
:104F6000C80700207888020070B4CE7D46B1CD68B5
:104F7000541B054DAC4203D81BB970BC17F064BB81
:104F8000002370BC18467047809706002DE9F84F43
:104F9000032B0646894690461F460A9D2FD817F0D8
:104FA0003FFB0446A0B38668464528D2C1689620D8
:104FB000691AA8EB0606761A4FF000033C4AA1FBDB
:104FC000000169EB0909FCF779FA10F12D020B4693
:104FD00041F10001B24271EB09010ADB6FF02C02D2
:104FE0004FF0FF31121A61EB0303964279EB030392
:104FF00007DA01232561A382C4E90285A775BDE80C
:10500000F88F4FF6FF72A38A9342F5D00133F2E78F
:105010001821034606F1170001FB03F210F802C045
:10502000BCF1000F0ED1B418D9F800302360D9F8C4
:105030000430C4E90285636001232561A382A7755A
:10504000E375DCE70133202BE6D131464FF0000A4F
:105050004FF0180B2A46304617F0F6FACB6818B115
:105060001448EA1A824217D98A7DBA4214D9ECB19F
:10507000A07D82421AD803D1888AA28A904215D391
:105080000BFB0A6260695269424032F07F4203D1F1
:10509000E268934238BF0C460AF1010ABAF1200FC8
:1050A00001F11801D6D1002CBED1A8E70C46F3E7D8
:1050B00040420F0080510100034690F8100338B1C0
:1050C000D3F80C330348C91A81428CBF0020012059
:1050D000704700BF7F3A09002DE9F3478A4616461C
:1050E0000021182204461D4621F0EDFDDAF8007378
:1050F0003246BE422CBF002301235146237404F1E3
:10510000180000932B4617F0ACFA237E1BB940F22F
:105110000123238014E0BE422ED2A37E022B02D8AC
:1051200040F20133F5E7D4E90832B3F1960642F1D3
:10513000FF32B6F5167F72F1000305DA01236370C2
:10514000204602B0BDE8F08729465046FFF7B4FF7D
:1051500008B10523F3E79AF8203343B145F25F41E4
:10516000DAF81C33EB1A8B4201D80623E7E7022357
:10517000C4E902622370E3E7637E052BD0D9A27EE7
:10518000B3EB420F02DB40F20143C2E7D4E90887E8
:10519000002F4646B94602DA764267EB4709B6F574
:1051A000167F79F10003C9DB29465046FFF784FFDB
:1051B0000028CED19AF8203333B145F25F42DAF8B5
:1051C0001C33EB1A9342D0D99AF81833ABB14FF491
:1051D0009670DAF81433154AED1AA5FB0001002386
:1051E000FCF76CF910F5167041F10001B04271EB5B
:1051F000090102DA40F201738BE7022318F5616FAF
:10520000424640F6116123703B4677F1FF37BCBF41
:105210004FF0FF33064A8A4273F10001A4BF4FF4F6
:1052200061620023C4E902238AE700BF40420F0005
:10523000F0F1FFFF0138C0B206289ABF024B53F8C5
:1052400020000248704700BF9C880200BAA80200F4
:105250002DE9F04FB1B00546884616469DF8ECA002
:105260000B93002A00F0B98101463A9B0B9A16A8CD
:10527000FFF732FFDDE91E799DF858209DF8683070
:10528000022A9DF87040099340F03581DDE918103D
:1052900095F8042322B1002880F2A181B64A04E0E7
:1052A000B64B8B428241B64A07DB4FF0FF3CB54B11
:1052B000994270EB0C0C00DB0B46B348B049DDF8AB
:1052C00024C0BCF1000F18BF014622A8CDE900128E
:1052D0003821AE4A12F072FCBAF1000F00F03081B2
:1052E000AB4BA74A9DF871109DF872009DF873C0F2
:1052F000002C00F028814FF0000EA04CBC427EEB49
:10530000090E07DB4FF0FF3E9E4CA74279EB0E0ED5
:10531000A8BF3C46209F0DF1880ECDE90110CDE9D4
:1053200003C4009231464046CDE9057E994A12F009
:1053300045FC041EC0F24C81B44280F04981D5F88E
:105340002C33FBB1D5E9CE1C00208C4AD5F8307344
:105350008A4270EB0C0007DB4FF0FF30894A914224
:105360007CEB0000A8BF0A46CDE90072311B08EBB8
:105370000400894A12F022FC241800F12981B44269
:1053800080F02681D5F834335BB1311B08EB040083
:10539000824A12F013FC241800F11A81B44280F002
:1053A000178128463A99FFF787FE98B13A9928461F
:1053B00017F0DEFA4FF46163311BB0FBF3F3784A68
:1053C00008EB040012F0FAFB241800F10181B4424A
:1053D00080F0FE80D5F82833311B009308EB0400E1
:1053E000D5F824336F4A12F0E9FB241800F1F0805D
:1053F000B44280F0ED8005F540730A934FF0000A47
:105400002B46DA7D0AB10AF1010A0A9A183393424F
:10541000F7D14FF0000BD946CA4540F3A9802F467B
:105420008BF001030F93FB7D002B00F09580099B0F
:10543000394628463A9AFFF797FD0F9B834240F082
:105440008B8008EB04030893331B0C933B783A9A48
:105450000D937B78B98A0E93FB686329A2EB030353
:10546000BA6828BF63219B184FF0000242EB020E7E
:105470000B9A97F816C09B1A404A6EF1000E9A429A
:105480004FF0000272EB0E025FDB3E4A93424FF098
:10549000FF327EEB02025ADBDFF8E4E0424ACDE95C
:1054A00001C1002808BF7246CDE903320E9B3F4A76
:1054B0000093311B0D9B08EB040012F07FFB0028CA
:1054C00002DB2044B04244D30023089ACA4513703B
:1054D0004EDDAAEB09031821354A10A812F06EFB25
:1054E0000C9B0546834243D9421C10A9089821F021
:1054F000C4FB2C443CE0BDF85830B3F5807F15D197
:10550000B9F1000F3B464A4602DA7B4269EB490299
:1055100040F22D118B4272F10002B4BF254B264B95
:10552000264A382122A812F049FBD5E69DF85900F9
:10553000FFF780FE03460AB9214AF2E7214AF0E765
:10554000214B224ACEE62746E5E60C4BA4E70D4B5D
:10555000A2E7044609F101090A9B18379F427FF42C
:1055600062AF0BF10103022B4FF0010B7FF454AF3C
:10557000204631B0BDE8F08FE3A3020000943577F8
:1055800070C60200006CCA88FCA3020022A40200BC
:10559000C7B2020046A402007BA402009BA4020042
:1055A000A9A40200B3A402001FA40200C7A4020021
:1055B000E3A4020009A402000CA4020077A90200DF
:1055C0002FA4020039A402003EB0020014A402007D
:1055D0000023741E08F80430CAE71446C8E7002206
:1055E000024B8B428241024A65E600BF0094357748
:1055F00070C60200034A0346107810B1024A1268CE
:105600001A6070474DA20020185200202DE9F04F7B
:1056100085B00F460646029218B9002005B0BDE8D5
:10562000F08F0029F9D00024184B04701B78002B50
:10563000F3D0174DDFF85CA0DFF85CB005F1CC08C3
:105640002A68DAF800301A421CD0029BABB1AB6872
:10565000002B08BF5B46009306EB0409391B484644
:105660006B680E4A039112F0A9FA0028039906DA32
:10567000002389F800302046D0E7074BEBE7814252
:10568000F6D904440C354545DAD1F4E74DA20020A3
:10569000B88802001852002070C602007FAF0200D6
:1056A000002300B5A3B0019301A808F00BFC02464B
:1056B00058B90199074B02A819600121064B1970CE
:1056C0008021FFF7A3FF08F039FC002023B05DF82C
:1056D00004FB00BF185200204DA200200823044AFA
:1056E000044852F8041F013B81EAF060F9D1704789
:1056F0005005012017F4437AF8B50D4E0D4B326872
:105700009A4212D1FFF7EAFF746A84420DD10A4F20
:10571000351D3C460FCD0FC495E80F0084E80F00FF
:1057200000230122FB77054B1A7000203060F8BD82
:105730005005012017F4437A1C5200204EA200208D
:1057400070B506460D46104C1C2200210F4821F072
:10575000BAFA66601DB1AB69A3606B69E36007F0DC
:1057600007F90B4B18581EF034FD014618B11322EF
:10577000084821F0FBFA084B2360FFF7AFFF606297
:10578000012006F09DFB00BF5005012058050120B7
:10579000080000006005012017F4437A70B5064B3D
:1057A00004461E7836B1054D0FCD0FC495E80F00A5
:1057B00084E80F00304670BD4EA200201C5200202D
:1057C000034BD3E8AF0F003818BF0120704700BF6C
:1057D00048520020024610B5044BD3E8EF1FC3E83F
:1057E000E42F002CF9D106F0EDF910BD485200204D
:1057F000034BD3E8EF2FC3E8E10F0029F9D170473D
:1058000044520020024BD3E8AF0FC0B2704700BF34
:1058100040520020034BD3E8EF2FC3E8E10F0029EB
:10582000F9D1704740520020034BD3E8AF0F003846
:1058300018BF0120704700BF3C52002007B508B1D7
:10584000002303700A481AF013F901A9002006F09A
:105850003DFC014618B90198826819F0C2FE04485F
:1058600007F0E0FB034803B05DF804EB17F09EB8C7
:105870005C0200202BA6020070B594B003460546DA
:105880000C4616464021194A04A812F097F901382F
:105890003E281FD804A817F0ABF80023122204A951
:1058A00001A8CDE901338DF80C3019F062FF002812
:1058B00010DB314601A8A047044601A819F0F9FF02
:1058C000064601A819F0B3FF0CB1002E06DA04A8B1
:1058D0001AF023F80024204614B070BD294604A80D
:1058E0001AF043F80028F6DAF1E700BF30A602000C
:1058F00007B5CDE900126A460249FFF7BDFF03B0C4
:105900005DF804FB8FC9010070B5B2B005460E46C4
:1059100017F063F8C0B1002380220193284601AB41
:1059200012A917F073F8044680B92B464021104A9B
:1059300002A812F043F93F2806DC02A817F058F835
:10594000284602A91AF011F800240EE0019A3F2A15
:10595000EBD9304612A914F0B9FD30B93046019A9E
:1059600012A914F013FE0028DFD0204632B070BD1B
:1059700037A6020010B5A0B080220446084669464A
:1059800014F08BFD024620B169462046024BFFF71A
:10599000AFFF20B010BD00BF3EA602001FB5084AF1
:1059A0000B46CDE90120012218688DF80C204A68C9
:1059B00001A9904708B19DF80C0005B05DF804FB03
:1059C000B48902002DE9F041DAB018AD0F4629463E
:1059D000804616461AF004F8044620B100242046FA
:1059E0005AB0BDE8F081D5F80431002BF6D0CDE9EE
:1059F00000008DF8080001224146684619F0B9FE02
:105A000000286D46EADB074B03A9C1E9124481F87F
:105A100050403846C1E90035B0470446684619F0A1
:105A200006FFDCE78C8902002DE9F0419AB00546BB
:105A30000F46164616F0D1FF50B300240122294626
:105A40006846CDE900448DF8084019F092FEA04266
:105A5000E8461DDB154BCDE916440393144B8DF836
:105A60006040CDE90438012338468DF8643003A93D
:105A7000B047044640B19DF864402CB104A817F02B
:105A800077F8431C5C425C41404619F0D0FE44B9B3
:105A90002846084B084903AACDE90376FFF7ECFE38
:105AA000044620461AB0BDE8F08100BFDC89020040
:105AB0008C89020047A602009D590000F8B500231A
:105AC00080F8233080F8473080F8673080F80F3155
:105AD00080F8503180F88D3180F8CD3190F8CE319A
:105AE0000568012B28BF0123044680F8CE312946E2
:105AF0002846FBF755FC48B100212846FBF75AFC25
:105B000020B928463849FBF773FC00B1364D2560B3
:105B1000256D29462846FBF743FC48B1002128465D
:105B2000FBF748FC20B928463049FBF761FC00B17F
:105B300000252565D4F8945029462846FBF730FC0B
:105B400048B100212846FBF735FC20B928462849F2
:105B5000FBF74EFC00B10025C4F89450E56E2946D1
:105B60002846FBF71DFC50B100212846FBF722FC1C
:105B700028B94FF080412846FBF73AFC00B11D4D93
:105B8000D4E90A67E56632463B4630463946FBF7BC
:105B90009BF868B1002230463946174BFBF79EF858
:105BA00030B9002230463946144BFBF7B5F808B13E
:105BB00000260027C4E90A67D4E90C6732463B4651
:105BC00030463946FBF780F8F0B1002230463946BE
:105BD0000B4BFBF783F8B8B9002230463946094B26
:105BE000FBF79AF890B10FE000001041000061450A
:105BF0000060EA46CDCC4C3E008056C00080564046
:105C0000008066C0008066400026002794F875304A
:105C1000C4E90C67082B28BF0823052B38BF0523D0
:105C200084F8753094F94C30162B00F352811E2BFA
:105C30006FF00802A8BF1E239342B8BF134684F832
:105C40004C3094F82E315A1E5342534184F82E3171
:105C500094F82131591E4B424B4184F8213194F87C
:105C60007730581E4342434184F8773094F82C3102
:105C70005D1E6B426B4184F82C3194F885305E1EBA
:105C80007342734184F8853094F886305F1E7B42FE
:105C90007B4184F8863094F8683103F1FF3CDCF1F5
:105CA000000343EB0C0384F8683194F812315A1E58
:105CB0005342534184F8123194F88030591E4B42BC
:105CC0004B4184F8803094F88130042B28BF0023A6
:105CD00084F8813094F88230042B28BF002384F8A4
:105CE000823094F81531581E4342434184F81531EF
:105CF00094F81631012B28BF012384F8163194F84B
:105D000076305D1E6B426B4184F8763094F88330B8
:105D10005E1E7342734184F8833094F884305F1EB2
:105D20007B427B4184F8843094F81D3103F1FF3CC1
:105D3000DCF1000343EB0C0384F81D3194F81E31B1
:105D40005A1E5342534184F81E3194F81031012BEE
:105D500028BF012384F8103194F81131012B28BF9A
:105D6000012384F8113194F86331012B28BF0123FA
:105D700084F8633194F86931012B28BF012384F83A
:105D8000693194F86131591E4B424B4184F86131BD
:105D900094F82231022B84BF002384F8223194F836
:105DA0002331022B84BF002384F8233194F824315B
:105DB000022B84BF002384F8243194F88C30022B0A
:105DC00084BF002384F88C3094F83131032B84BFD6
:105DD000012384F8313194F82F31022B84BF012341
:105DE00084F82F3194F83031402B28BF402384F8B9
:105DF000303194F87C30402B28BF402384F87C302D
:105E000094F87D30402B28BF402384F87D3094F8EF
:105E10007E30D4F82821402B28BF402384F87E30E0
:105E200094F819315A2B28BF5A2384F8193194F861
:105E300017310833DBB2142B84BF002384F81731E9
:105E400094F81F310C33DBB21A2B84BF002384F883
:105E50001F3194F81831013B082B9CBF0A2384F8AA
:105E600018311D4B9A4284BF0023C4F82831D4F85E
:105E7000883033B1194A934228BF13460A2B38BFE2
:105E80000A23C4F8883094F862313BB1642B28BFF0
:105E900064230A2B38BF0A2384F86231B4F86431D2
:105EA0004BB1B3F5967F28BF4FF49673052B38BFDF
:105EB0000523A4F86431B4F866314BB140F21452B2
:105EC000A3F654339BB2934284BF0023A4F86631F7
:105ED000F8BD1623B3E600BF3F420F00803A090029
:105EE00030B585B0CDE901120422044600250146F3
:105EF0000DEB0200039516F062FE2022211D01A881
:105F000016F05DFE039B0822043304F1280101A86A
:105F1000039316F054FE082204F1300101A816F094
:105F20004EFE102204F1380101A816F048FE0422AA
:105F300004F148010DEB020016F041FE012204F1CC
:105F40004C0101A816F03BFE012204F14D0101A80D
:105F500016F035FE012204F14E0101A816F02FFEC5
:105F60000422039B0DEB0200013304F15001039363
:105F700016F025FE042204F154010DEB020016F088
:105F80001EFE102204F1580101A816F018FE04228A
:105F900004F168010DEB020016F011FE042204F179
:105FA0006C010DEB020016F00AFE012204F17401EF
:105FB00001A816F004FE012204F1750101A816F0F3
:105FC000FEFD012204F1760101A816F0F8FD012280
:105FD00004F1770101A816F0F2FD042204F1780122
:105FE0000DEB020016F0EBFD01220DF1030101A8FB
:105FF0008DF8035016F0E3FD012204F22F1101A8E1
:1060000016F0DDFD012204F2311101A816F0D7FDD2
:10601000039B0122013304F17C0101A8039316F0D4
:10602000CEFD012204F14F0101A816F0C8FD0122A6
:1060300004F17F0101A816F0C2FD039B0122193370
:1060400004F1830101A8039316F0B9FD039B01221B
:10605000033304F1850101A8039316F0B0FD042277
:1060600004F188010DEB020016F0A9FD012204F1F4
:106070008C0101A816F0A3FD042204F190010DEBA0
:10608000020016F09CFD042204F194010DEB0200C5
:1060900016F095FD782204F1980101A816F08FFD05
:1060A000012204F5887101A816F089FD012204F58A
:1060B000897101A816F083FD012204F2131101A8D1
:1060C00016F07DFD012204F58A7101A816F077FD16
:1060D000012204F17D0101A816F071FD012204F1F5
:1060E0007E0101A816F06BFD012204F2151101A832
:1060F00016F065FD012204F58B7101A816F05FFD15
:10610000012204F2171101A816F059FD012204F52D
:106110008C7101A816F053FD012204F2191101A897
:1061200016F04DFD032204F58D7101A816F047FD10
:10613000012204F2111101A816F041FD012204F21E
:106140001D1101A816F03BFD012204F58F7101A875
:1061500016F035FD012204F5907101A816F02FFD0F
:10616000012204F21F1101A816F029FD012204F1F9
:10617000810101A816F023FD012204F1820101A88A
:1061800016F01DFD9DF80330A56CA3F1A10253424A
:1061900053412846154984F88030FBF70BF9A0B924
:1061A00028461349FBF724F978B994F87430053B75
:1061B000072B0AD8A56F0F492846FBF7FBF820B933
:1061C00028460D49FBF714F950B10C4BA3640C4B56
:1061D000A36740F20753A4F87430162384F84C30B8
:1061E000204605B0BDE83040FFF768BC000016430C
:1061F00000401C450000E0400000FA438D67594410
:1062000000007A42F8B5002380F8233080F8473048
:1062100080F8673080F80F3180F8503180F88D3188
:1062200080F8CD3190F8CE310568012B28BF0123CD
:10623000044680F8CE3129462846FBF7B1F848B12C
:1062400000212846FBF7B6F820B928463849FBF765
:10625000CFF800B1364D2560256D29462846FBF75D
:106260009FF848B100212846FBF7A4F820B928463A
:106270003049FBF7BDF800B100252565D4F89450EE
:1062800029462846FBF78CF848B100212846FBF741
:1062900091F820B928462849FBF7AAF800B1002553
:1062A000C4F89450E56E29462846FBF779F850B1BA
:1062B00000212846FBF77EF828B94FF08041284698
:1062C000FBF796F800B11D4DD4E90A67E566324642
:1062D0003B4630463946FAF7F7FC68B100223046B3
:1062E0003946174BFAF7FAFC30B9002230463946E6
:1062F000144BFAF711FD08B100260027C4E90A671C
:10630000D4E90C6732463B4630463946FAF7DCFCA6
:10631000F0B10022304639460B4BFAF7DFFCB8B932
:10632000002230463946094BFAF7F6FC90B10FE0EF
:1063300000001041000061450060EA46CDCC4C3EB3
:10634000008056C000805640008066C000806640D5
:106350000026002794F87530C4E90C67082B28BF85
:106360000823052B38BF052384F8753094F94C3089
:10637000162B00F352811E2B6FF00802A8BF1E23BC
:106380009342B8BF134684F84C3094F82E315A1E0D
:106390005342534184F82E3194F82131591E4B4217
:1063A0004B4184F8213194F87730581E43424341E1
:1063B00084F8773094F82C315D1E6B426B4184F881
:1063C0002C3194F885305E1E7342734184F8853019
:1063D00094F886305F1E7B427B4184F8863094F8C7
:1063E000683103F1FF3CDCF1000343EB0C0384F85C
:1063F000683194F812315A1E5342534184F81231D5
:1064000094F88030591E4B424B4184F8803094F808
:106410008130042B28BF002384F8813094F8823027
:10642000042B28BF002384F8823094F81531581EBD
:106430004342434184F8153194F81631012B28BFAB
:10644000012384F8163194F876305D1E6B426B415F
:1064500084F8763094F883305E1E7342734184F87A
:10646000833094F884305F1E7B427B4184F8843013
:1064700094F81D3103F1FF3CDCF1000343EB0C0306
:1064800084F81D3194F81E315A1E5342534184F84A
:106490001E3194F81031012B28BF012384F81031EC
:1064A00094F81131012B28BF012384F8113194F89D
:1064B0006331012B28BF012384F8633194F86931DB
:1064C000012B28BF012384F8693194F86131591EEA
:1064D0004B424B4184F8613194F82231022B84BF46
:1064E000002384F8223194F82331022B84BF002347
:1064F00084F8233194F82431022B84BF002384F8DC
:10650000243194F88C30022B84BF002384F88C3023
:1065100094F83131032B84BF012384F8313194F88E
:106520002F31022B84BF012384F82F3194F83031AE
:10653000402B28BF402384F8303194F87C30402B26
:1065400028BF402384F87C3094F87D30402B28BF4E
:10655000402384F87D3094F87E30D4F82821402BF5
:1065600028BF402384F87E3094F819315A2B28BF75
:106570005A2384F8193194F817310833DBB2142BFD
:1065800084BF002384F8173194F81F310C33DBB239
:106590001A2B84BF002384F81F3194F81831013B73
:1065A000082B9CBF0A2384F818311D4B9A4284BFE4
:1065B0000023C4F82831D4F8883033B1194A934203
:1065C00028BF13460A2B38BF0A23C4F8883094F832
:1065D00062313BB1642B28BF64230A2B38BF0A23E6
:1065E00084F86231B4F864314BB1B3F5967F28BFBB
:1065F0004FF49673052B38BF0523A4F86431B4F823
:1066000066314BB140F21452A3F654339BB293421D
:1066100084BF0023A4F86631F8BD1623B3E600BF9B
:106620003F420F00803A090010B50446C26820239B
:106630002B49043200F016FCE26820461023294959
:10664000383200F00FFCE268204610232649583209
:1066500000F008FCE268782320462449983200F0D4
:1066600001FCE268204622494E3200F07FFCE268DD
:10667000204620494F3200F079FCE26820461E494E
:10668000283200F0CFFCE26820461C49303200F08E
:10669000C9FC204604F11002194900F04DFD2046C6
:1066A00004F12002174900F047FD204604F13002B2
:1066B000154900F041FD204604F14002134900F065
:1066C0003BFD204604F15002114900F035FD204603
:1066D00004F160020F49BDE8104000F02DBD00BF7D
:1066E00084BB020036C7020075A602007BA602002A
:1066F00083A6020081A6020051A6020055A6020050
:10670000A5C10200D2A3020059A602008BA6020076
:1067100090A602006AA6020010B50446C2680F499E
:106720004D3200F023FCE26820460D497C3200F037
:106730001DFCE26820460B497D3200F017FCE26840
:10674000204609497E3200F011FCE2682046BDE88F
:106750001040064902F2311200F008BC6DA602009A
:1067600096A602009CA60200A6A60200B0A6020001
:10677000C2680249763200F0F9BB00BFB5A602003C
:1067800010B50446C2680649943200F08FFCE268F6
:106790002046BDE810400349833200F0E7BB00BF4C
:1067A000BDA60200C6A6020010B50446C2682B4969
:1067B000483200F07BFCE26820462949783200F03C
:1067C00075FCE26820462749743200F0CFFBE2688E
:1067D00020462549753200F0C9FBE268204623496E
:1067E0007F3200F0C3FBE2682046214902F588723F
:1067F00000F0BCFBE26820461E4902F2111200F0D4
:10680000B5FBE26820461C494C3200F0DDFB204617
:10681000E2681A4900F04AFCE26820461849503202
:1068200000F044FCE26820461649543200F03EFC79
:10683000E26820461449683200F038FCE2682046DD
:10684000124902F22F1200F091FBE2682046BDE8E7
:1068500010400F49773200F089BB00BFD1A602007B
:10686000D6A60200D0B20200D9A60200DCA6020021
:106870004AAB0200E4A60200EFA60200F2A6020064
:10688000F5A60200FDA6020007A7020011A702005C
:106890001BA7020010B50446C2680949853200F002
:1068A00065FBE26820460749883200F031FBE26868
:1068B0002046BDE8104004498C3200F057BB00BFB1
:1068C000CEA60200CCA7020025A7020010B5044600
:1068D000C2682F49803200F049FBE26820462D490A
:1068E000813200F043FBE26820462B49823200F0FF
:1068F0003DFBE2682046294902F5897200F036FB2B
:10690000E2682046264902F2151200F02FFBE268E9
:106910002046244902F58B7200F028FBE2682046ED
:10692000214902F2171200F04FFBE26820461F498E
:1069300002F5907200F01AFBE26820461C4902F54D
:106940008C7200F013FBE26820461A4902F2191219
:1069500000F00CFBE26803232046174902F58D7214
:1069600000F042FAE2682046144902F21D1200F0DB
:10697000FDFAE2682046124902F58F7200F0F6FA3D
:10698000E2682046BDE810400E49843200F0EEBABD
:1069900086A702008FA702009AA70200A2A7020002
:1069A000A8A70200ACA70200B5A70200BDA702007D
:1069B000C6A70200AFB20200D0A70200D4A702000F
:1069C000DDA70200E4A7020010B50446FFF77EFF32
:1069D000E26820460C4902F21F1200F0F5FAE26864
:1069E00020460A496C3200F061FBE2682046084903
:1069F000903200F08DFAE2682046BDE8104005496B
:106A0000863200F0B3BA00BF7CA70200F0A70200F4
:106A1000F8A7020000A80200002300B5184A9DB0A4
:106A20000092184ACDE91A300492174A8DF80630C0
:106A30000892164A02930C92154A8DF81630069366
:106A40008DF826300A938DF836300E938DF8463047
:106A5000129310928DF856300E4A16938DF86630C8
:106A60000D4B039007900B900F9013901790684672
:106A70001492189300F080F91DB05DF804FB00BF7C
:106A80007C8A0200048A0200188A02002C8A020012
:106A9000408A0200548A0200688A0200F0B5ADF50F
:106AA000117D1CAC0D464FF4E872014606462046A7
:106AB00020F0E3F80023394A29460092384A684614
:106AC0000492384ACDE91A340892374A8DF80630D4
:106AD0000C92364A02931092354A03941492354A26
:106AE0008DF81630069307948DF826300A930B9490
:106AF0008DF836300E930F948DF846301293139420
:106B00008DF85630169317948DF86630189284F8E5
:106B1000863084F8843016F04EF90546002839D0C6
:106B200094F8863023B9012384F8853084F88630C0
:106B30000123A76C2049384684F88430FAF73AFCE0
:106B4000A0B938461D49FAF753FC78B994F8743067
:106B5000053B072B0AD8A76F19493846FAF72AFCD4
:106B600020B938461749FAF743FC50B1164BA364D5
:106B7000164BA36740F20753A4F87430162384F829
:106B80004C302046FFF73EFB4FF4E872214630467A
:106B900020F073F828460DF5117DF0BD7C8A0200C7
:106BA000048A0200188A02002C8A0200408A02002D
:106BB000548A0200688A02000000164300401C4507
:106BC0000000E0400000FA438D67594400007A421B
:106BD000A0F10903DBB2172B9DBF0348D84000F09A
:106BE00001000020704700BF1300800010B50B4665
:106BF00004460949094886B0102A08BF08461821EA
:106C00000246684610F0DAFF2368024669462046CD
:106C1000DB68984706B010BD08A80200A5A40200D2
:106C200010B5102A86B004460CBF074A074A0B4627
:106C30006846182110F0C2FF2368024669462046C4
:106C4000DB68984706B010BD08A802000CA8020037
:106C50002DE9F04719460646104614461D46089F82
:106C6000FAF732F828B93D49304615F0C6FFBDE8BD
:106C7000F0874FF0604220462946394BFAF74CF82E
:106C800008B13849F0E74FF0604220462946364BBC
:106C9000FAF724F808B13549E6E700220023204638
:106CA0002946FAF71BF830B12D21304615F0A2FF26
:106CB00005F100431D464FF0000A00204FF0000888
:106CC0002B49DFF8B090BA4540DB22462B46F9F756
:106CD000DDFB0D460446FAF751F88046F9F712FD40
:106CE00002460B4620462946F9F7CEFB0A22044607
:106CF0000D4630464146FFF779FF002F03DD2E2178
:106D0000304615F077FF4FF00008DFF86890002F4D
:106D1000ADDD4B46424620462946F9F76DFD0D464E
:106D20000446FAF72BF882460A2201463046FFF75E
:106D30005DFF5046F9F7E6FC02460B462046294621
:106D4000F9F7A2FB013F04460D46E0E742464B46F9
:106D5000F9F77CFE0AF1010AB5E700BF10A80200AE
:106D6000FFFFEF4115A80200FFFFEFC114A80200CA
:106D70000000E03F000024402DE9F0410E460546AA
:106D80004FF001080027C4B001AC84602160304698
:106D90000D4984F80881C4F80480277215F03DFF7E
:106DA0002B6885F8048028461B68984730460749B9
:106DB00015F023FF404518BF84F8087194F80801C6
:106DC000AF6044B0BDE8F0812BA802008EA802009D
:106DD000037913B100230371704783680149186870
:106DE00015F01BBF19A80200F8B50F4681681E46B2
:106DF0000B790446012B154618D1FFF7E9FFA3686C
:106E00003946186815F009FFA3681449186815F089
:106E100004FFA368294618683246FCF779FDA36889
:106E20000F491868BDE8F84015F0F7BE90F9053035
:106E3000384601EB03118831FAF7AAFB014658B92D
:106E4000324628461FF03FFFA26831462846BDE87B
:106E5000F840083214F056B9F8BD00BF1BA8020074
:106E60001CA802002DE9F041D0F808801D4698F8D2
:106E700004300446012B0F46164628D1FFF7A8FF21
:106E8000A3683946186815F0C8FEA3681A4918683F
:106E900015F0C3FEA36816F8011B186821B9BDE8F8
:106EA000F041164915F0B9BE222901D11449EFE786
:106EB0005C2901D11349EBE70A2901D11249E7E71F
:106EC0000D2901D11149E3E715F094FEE2E790F9AD
:106ED0000510384608EB01118831FAF759FB0746CF
:106EE00038B9013D2A46304608F108011FF03EFF3F
:106EF0007755BDE8F08100BF1BA802001CA8020066
:106F00001EA8020021A8020024A8020027A802004F
:106F1000F8B5876804463B790E46012B154613D118
:106F2000FFF756FFA3683146186815F076FEA36890
:106F30000D49186815F071FEA368296818680A22BF
:106F4000BDE8F840FFF752BE90F90510304607EB58
:106F500001118831FAF71CFB20B907F108001FF076
:106F6000C1FE2860F8BD00BFC8A90200F8B5876857
:106F700004463B790E46012B154613D1FFF728FF37
:106F8000A3683146186815F048FEA3680D491868D3
:106F900015F043FEA368297818680A22BDE8F84076
:106FA000FFF724BE90F90510304607EB0111883138
:106FB000FAF7EEFA20B907F108001FF08FFE2870EB
:106FC000F8BD00BFC8A90200F8B5876804463B7940
:106FD0000E46012B154614D1FFF7FAFEA368314681
:106FE000186815F01AFEA3680D49186815F015FE0B
:106FF000A36895F9001018680A22BDE8F840FFF769
:107000000FBE90F90510304607EB01118831FAF7F1
:10701000BFFA20B907F108001FF060FE2870F8BD24
:10702000C8A90200F7B5876804463B790E46012BD4
:10703000154626D1FFF7CCFEA3683146186815F037
:10704000ECFDA3681749186815F0E7FDD5E900675E
:10705000A36800221C68304600233946F9F734FE45
:1070600030B12046104903B0BDE8F04015F0D5BD61
:1070700006233246009320463B46FFF7E9FD03B066
:10708000F0BD90F90510304607EB01118831FAF791
:107090007FFA0028F3D107F108001FF01CFEC5E9B4
:1070A0000001ECE7C8A90200A3B70200F7B58768A2
:1070B00004463B790E46012B154626D1FFF788FE84
:1070C000A3683146186815F0A8FDA3681849186828
:1070D00015F0A3FD2D68A368002128461C68FAF767
:1070E0005FF930B12046134903B0BDE8F04015F018
:1070F00094BD2846F9F728FB0B460421024600916F
:107100002046FFF7A5FD03B0F0BD90F9051030460D
:1071100007EB01118831FAF73BFA0028F3D107F1A8
:1071200008001FF0D8FDF9F749FE2860EBE700BF23
:10713000C8A90200A3B702002DE9F04187680546FF
:1071400097F804800E46B8F1010F144620D1FFF7DE
:107150003FFEAB683146186815F05FFDAB68164915
:10716000186815F05AFDAB6884F80480A3602368A2
:1071700020461B689847AB681049186815F03DFD1C
:10718000012803D00022AB6883F80821BDE8F08114
:1071900090F90510304607EB01118831FAF7F8F93C
:1071A0000028F3D1A7606B7920460133637123680F
:1071B000BDE8F0411B6818472AA802008EA802000B
:1071C00038B51DF04FF94FF47A74A0FB040547F66B
:1071D0001222002304FB0151FAF7C0F900234FF4F7
:1071E0007A72FAF76BF9BDE838400146014815F0AC
:1071F0001FBB00BF30370020014816F076BE00BF2D
:10720000E80700200146014816F088BCE807002086
:1072100002460B460148002100F0E0BDE8070020CF
:10722000014801F033B900BF080100201FB50A4B27
:107230000A4A02930A4B0B4901930B4B0B480093EC
:107240000B4B00F0F9F9094B0A4A03F52873136157
:1072500005B05DF804FB00BF4C520020703A0020DE
:1072600064570020000000202C010020E8070020C7
:10727000300100200801002008B54FF07E51D0F801
:10728000A002F9F7F1FD01460548F9F7A9FF4FF013
:107290007C51F9F7E9FDFAF7F1F8C0B208BD00BF7B
:1072A0000000C8420048704736A8020000487047F6
:1072B00036A802000048704746A802000048704700
:1072C00046A802000048704779AA020000487047AB
:1072D00079AA02000048704700A3020000487047E6
:1072E00000A3020010B590F8EE12044621B1044B41
:1072F000594312F076FD0146C4F8901210BD00BF4C
:10730000C0D4010010B590F8EF12044621B1044B2F
:10731000594312F066FD0146C4F8941210BD00BF37
:1073200080EE360003462DE9F341D0F87C029E6ED4
:10733000DF6EB3F8708003680C461B6898473368AB
:1073400005461B68304698473B6806465B693846E9
:1073500098474FF47A73CDE90080B6FBF3F32A46E1
:107360002046034910F054FC02B0BDE8F08100BF94
:1073700052A8020010B5806F88B003681B68984758
:1073800000230446069006A8079310F05DFBA8B101
:107390004369302103F26C73049303690B4A013390
:1073A0000393C3680293036801934368009383685F
:1073B000074810F003FC064808B010BD23463021F2
:1073C000044A034810F0FAFBF5E700BF90A802005A
:1073D0004FA20020FBAA02002DE9F04F80460E4686
:1073E000002500F5155300F53752B9B01833303287
:1073F000596A31B138A8691C00EB850545F8C83CCD
:107400000DB22C339342F3D106AB0022994605F11D
:10741000FF3A524514DB344600274FF00A0ABD42BA
:1074200002DDA31B852B21DDB44204D12046204977
:10743000FAF7B8F806340023237039B0BDE8F08FAE
:1074400001321C461746BD4201DC0433E1E76068A7
:107450001968D0F824C0D1F824E00137F44588BF7A
:10746000186004F1040488BF2160ECE759F827B0E4
:107470000FB104F801AB0422594603A8FCF72EFA19
:10748000D8F8780003681B689847DBF824309BF92C
:107490002820C31A00922046064903AA10F0B8FB20
:1074A00023461C4613F8012B002AFAD10137B6E710
:1074B000B5A80200ACA802000346F0B50846D3E91F
:1074C0000C67D3E90A1587B05C6E04F6A433D3E8E1
:1074D000AF2F04F6A833D3E8AF3F04F6AC34D4E8BA
:1074E000AF4F0091CDE90374CDE90156024910F088
:1074F0008FFB07B0F0BD00BFBCA8020018B1431E4F
:1075000013F8012F0AB901207047093AD2B2172A9D
:1075100005D80448D04010F00100F1D17047002098
:10752000FCE700BF130080002DE9F0410546806FA5
:107530001F46036890461B68069C9847014605F560
:107540001450283015F074FF48B354B33B7805F558
:10755000805686F8583A53B105F5D050621E791C12
:10756000183013F08BFC10B9FF2386F8583AC6F890
:107570006089A86F05F5CB54036808341B689847E9
:107580000949C6F8640905F54E7305F529722046C8
:1075900010F03EFB2046FAF70DF80830C0B2BDE807
:1075A000F0812046FBE700BF74A9020070B590F897
:1075B000ED420546ACBB0A78104615F0BBFE70B331
:1075C0000B7995F81C6303F03F039E4229D902F022
:1075D0000306012E03D195F81D639E4221D902F0C6
:1075E0003C02102A03D195F81E239A4219D905F5B9
:1075F0000053D3F80035B3B195F8D13363B1012B03
:107600000BD00A4A0A48022B08BF0246284616F049
:1076100036FA80F00100C0B270BD064AF6E70120DC
:10762000FAE70020F8E71846F6E700BF60060020FA
:1076300064060020680600202DE9F8430446042073
:1076400098460E461546099F17F01EFC034608B1E2
:107650008B4A0260424629462046FBF775FB894B60
:1076600004F180002360089B04F58E68C4E91D378F
:107670000A9B04F58055E367FBF770FA04F5067082
:1076800012F095FE804B4046236003F59673C4E9E3
:107690009E3615F085FE04F5DC537C4AC5F87C78EF
:1076A000C5F884381F4604F51E73C5F87868C5F818
:1076B000802800260022C5F89038002304F5C45124
:1076C00004F5287904F5C850C5F8888885F8486914
:1076D000C5F88C981830C1E9342385F858696C498D
:1076E0001CF04DFDC5F87C6B04F5D2551C352946C0
:1076F000384601F0DFFB04F500502946303001F038
:10770000D9FB782204F5005504F515570423C5F874
:107710001C251837B422C5F82065A5F82465C5F8DE
:107720003065A5F83465C5F84065A5F844653E4662
:1077300004F53758C5F81835C5F82835C5F82C258F
:10774000C5F83835C5F83C2508F1300830462C36E8
:1077500012F01BFE4645F9D10026B42304F53D5036
:1077600032464C4985F8B03E083085F8B16E14F0C9
:1077700032FF0022002304F51450C4E9A223C4E917
:10778000A066C4E9A4661022C5F85465C5F8B86EB1
:10779000C5F8B46E314684F89862053085F85065B6
:1077A000C5F8006585F804651FF08DFAC5F84865D1
:1077B000C5F84C6538462C3715F04EFE4745F9D1D3
:1077C0004FF4E872002148461FF07DFA324B0F2239
:1077D000C4F8A032314904F536701FF0C7FA0F2201
:1077E0002F4904F53E701FF0C1FA2E4B0125C4F855
:1077F000E83240F20753A4F81433162384F8EC322D
:107800002F2384F8EF32284B2849C4F80C334FF06B
:107810007C53C4F8F432264B84F8CF53C4F80833B1
:10782000244B84F82453C4F8183344F24003A4F8DA
:107830001C33082384F81E3340F20113A4F8B0333C
:1078400040F60F73A4F8B8331B4B84F8B653C4F852
:10785000083484F8035484F86E5404F52970F9F759
:10786000A1FE022384F82C3384F8D133134B84F81F
:107870002553C4F8283384F826532046BDE8F883FE
:10788000E086020050860200F48A0200C807002049
:10789000A3ED0100805CB86A00001041CCAF02008B
:1078A00070C602008D675944CDCC4C3E2DA8020015
:1078B0009A99993E00007A420101FFFF00A302005D
:1078C0002DE9FF47456ED0E9049A2B6828461B6ACC
:1078D0000E4698470446284613F026FD07462846DC
:1078E00013F024FD80463846F9F7A2FD4FF47A7371
:1078F000BAFBF3F5B9FBF3F307B2404602930395E5
:10790000F8F722FF24B2CDE900013B46224630467B
:10791000024910F07DF904B0BDE8F0871DA902000E
:107920002DE9F04F0E4600F58051DBB0C1F860291B
:107930001A780446012A6DD1456ED0F87C0203689E
:107940001B689847ADF8A000E06E03685B69984734
:10795000ADF8A200606E03681B6A9847ADF8A400FA
:10796000284613F0E1FCF9F763FDADF8A60005F633
:10797000A433D3E8AF3F2A9305F6A833D3E8AF3F4B
:10798000D4E9A2014FF47A762B9323694FF47A72EB
:10799000B3FBF6F32C930023F9F7E0FDA36A2D90D7
:1079A0002E93E36A28462F93236B3093636B3193B6
:1079B000B4F87030ADF8C83013F0B8FC4FF0814126
:1079C000F9F75AFBF9F734FDE36FADF8CA00D3F8C5
:1079D0000825D3F80C35ADF8CC20ADF8CE3063696E
:1079E000B3FBF6F3349305F6AC30D0E8AF3F04F5C3
:1079F000CB54359328AA043436AD134603CBAB429F
:107A0000206061601A4604F10804F6D13C205BB0A6
:107A1000BDE8F08F032A40F0A7805F78002300F5CF
:107A2000005585F8B13E00F53758D0F87C0208F1D2
:107A3000300803681B68984795F8B19E95F8B03EEA
:107A400009F103029A4226DAF9F7BEFAC049F9F7BA
:107A5000C7FBC049F9F710FB4FF07C51F9F704FA66
:107A6000F9F70CFD012205EB090383F8F02D09EB72
:107A70000203742255FA83F383F8F02D09F102030F
:107A800055FA83F383F8F10D000A83F8F00D09F13C
:107A9000040385F8B13E96F82090424619F0030998
:107AA0001CBFFF435FFA87F94946AB48F9F7FCFE74
:107AB000D4F87C0203685B68984701460746F9F7EB
:107AC000A1FC00283AD195F8B1AE95F8B03E0AF184
:107AD00003029A4232DA00213846F9F76BFC00289B
:107AE00040D007F100409D49F9F7C6FA4FF07C51AC
:107AF000F9F7BAF9F9F7C2FC002106463846F9F75A
:107B000059FC10B1F643B6B20136012205EB0A0367
:107B100083F8F02D0AEB0203672255FA83F383F80A
:107B2000F02D0AF1020355FA83F383F8F16D360A5A
:107B300083F8F06D0AF1040385F8B13E19F0020FE5
:107B400004D014F0C7FB08B114F0D6FB95F8B1AE21
:107B500004F5CB505246414604301FF08EF80AF12E
:107B6000040054E73846BEE7052A2FD196F82020B6
:107B700002F00302032A40F02B815A789B781A43C3
:107B800040F026811746042300F27446D1F8745859
:107B90001846AF42BFF63BAFAD2B3FF638AF96F875
:107BA000200080B1356803F5CB5025502218B088ED
:107BB00090809A1D96F8200054FA82F2073302F55D
:107BC000CB52DBB210700137A036DFE7062A40F057
:107BD000EB805D78002D40F0FB809A78B3F803705D
:107BE00004929A795E79202A28BF2022934600F5D4
:107BF000155300F5375118333031586A30B15AAA4D
:107C0000681C02EB850545F8C83C05B22C338B4255
:107C1000F3D1032E09D8DFE806F002405E7C00268F
:107C200028AB05F1FF3A56451FDB4FF0000AD0465E
:107C30000BF105095FFA89F307AE03935E44049BD9
:107C4000434502DDBD4200F38B8004F5805304F50B
:107C5000CB505246A3F86459A3F8668907A90830A7
:107C60001FF00BF80AF10800D1E601369C46B64633
:107C7000754501DC0433D6E7DCF804101A68486A5D
:107C8000D2F824800EF1010E404588BF19600CF136
:107C9000040C88BFCCF80020EAE7002628AB05F1E9
:107CA000FF3A5645C1DA01369C46B646754501DCB9
:107CB0000433F6E7DCF804101A68486AD2F8248026
:107CC0000EF1010E404538BF19600CF1040C38BFAD
:107CD000CCF80020EAE7002128AB05F1FF38414548
:107CE000A3DA013118460E46B54201DC0433F6E74B
:107CF000D0F804E01A689EF928A092F9289001367D
:107D0000CA45C8BFC3F800E000F10400C8BF026064
:107D1000EAE7002128AB05F1FF38414585DA01315A
:107D200018460E46B54201DC0433F6E7D0F804E00D
:107D30001A689EF928A092F928900136CA45B8BF62
:107D4000C3F800E000F10400B8BF0260EAE700BF3A
:107D500000007A440000C842C8070020000020410B
:107D6000039B5344822B05933FF76FAFA06F28AB63
:107D700053F82790036808F101081A689047D9F86A
:107D800024304946A0EB030A5A46A6EB0B001EF02E
:107D900074FF039B99F82810C6F800A031711E44A7
:107DA000059B01379A464AE7072A11D100F5CB55C2
:107DB00000F54E730435074A0749009300F529730F
:107DC00028460FF025FF2846F9F7F4FB04301EE69D
:107DD00000201CE636A8020071A902002DE9F04F30
:107DE00000F5005999F850750546884614461E4618
:107DF0008BB027B10BB0BDE8F04F00F0E1B81046F2
:107E0000FFF77CFB80BB2246144612F8013B202B77
:107E1000FAD02046F9F7CEFB042829D9A3787C2B89
:107E200026D12388033626F8033CA378033406F8CA
:107E3000013C032305F5805A0822204652498AF85E
:107E400058391EF053FF8346002850D108342021B2
:107E500020461EF05BFF074660B94C4930460BB028
:107E6000BDE8F04FF9F79EBB37700BB0BDE8F08F5F
:107E70000023DFE7204607F801BBF9F79BFB022848
:107E80002AD810225946204610F006FA5FFA80F8E8
:107E90003846F9F78FFB402828BF402044103A4667
:107EA000214602A813F02EF9F8B12346CDF8008040
:107EB00002AA05F5067105F58E6000F0ADFF90B1E0
:107EC000D9F8543533B941F28831284611F089FF89
:107ED000C9F854052E49C1E738461EF0FFFE274673
:107EE0005FFA80F8D4E72B49B8E72B49B6E7B8F139
:107EF000000F2BD120462949F9F74AFB074628BB3A
:107F000004222749274800F02DF902222649254856
:107F100000F028F905F27445DAF874389F4202DB64
:107F200000233370A1E795F8202062B11F491D4856
:107F300015F019FA29461B482022FBF7E9FC1C49D9
:107F4000184815F010FA0137A035E5E7122220464F
:107F500018491EF0CBFE60B9113414F8013F202BF4
:107F6000FBD00BB1144979E7284615F0ACFD134955
:107F700074E733462246414605F5C35018300BB02E
:107F8000BDE8F04F02F0A6BF7AA9020083A9020063
:107F900094A9020097A90200ACA90200BDA90200A1
:107FA000C5A90200340100205DAA0200CAA902008E
:107FB0006FC60200D0A90200E3A902000BAA0200CA
:107FC0002DE9F047044610460D4616461F46FFF7BA
:107FD00095FAC8B93346187898462028994603F18F
:107FE0000103F8D0B8EB060A25D100F077FF10B3F3
:107FF00004F5005383F850A532463B4629462046F7
:10800000BDE8F047FFF7EABE04F5005505F1300181
:108010004FF4966204F5DC501EF02FFE002304F5A9
:10802000805685F850353846B6F88A2B2249BDE887
:10803000F0470FF0EDBD4D4619F8010B00F04EFF73
:108040000028F8D12B780BB128704D46A94615F8B9
:10805000013B0BB1462BF9D10AF1FF33062B1FD898
:1080600098F80030E3B104EB8A0505F50055D5F822
:10807000DC64AEB104F5DC50414601F05DF804F576
:10808000005432883034064670B103884146204699
:1080900016F0D1FA20B14EB133790371C5F8E0047E
:1080A00000233B70BDE8F0870346EFE799F8003006
:1080B000463B18BF0123F0E71EAA02000148FBF768
:1080C000B1BC00BF000000200148FBF7DBBC00BFD3
:1080D0000000002010B547F6122C0446002140F2A3
:1080E000E7304FF47A720023E4FB0C01F9F736FA1B
:1080F000BDE8104002460B4601480BF095BF00BF9B
:1081000048000020F8B50F4606991D46079B012937
:1081100073F100030646144607DB074814F0BAF86B
:10812000064B1B680BB11B6A9847054BC3E90267F6
:10813000C3E90445F8BD00BF645700207057002014
:10814000C807002038B5064D2B681BB1441E14F833
:10815000011F01B938BD286816F08BF8F7E700BF9A
:1081600084570020F8B5094E0C463368154653B1C4
:108170008F18A74201D12846F8BD14F8011B3068BA
:1081800016F077F8F5E71D46F5E700BF84570020A5
:1081900013B5154B1B681BB3986803685B6B984756
:1081A000322838BF32204EF660239842044628BF5A
:1081B0001C4647F6122C40F2E73000214FF47A7249
:1081C0000023E4FB0C01F9F7C9F902460B46002134
:1081D0000020CDE9000105480CF014FD02B010BDEF
:1081E0004EF66024E5E700BF70570020C00600206F
:1081F000014601481CF0F7BA885700202DE9F043EA
:10820000054691B0AB68DB6B0BB128469847AB686D
:108210009B6B002B00F08D8028469847002840F388
:108220008880AB68DB6A63BB434CA2882089E18805
:10823000431A88429BB229D3D31A402B2BD8A28849
:108240002089E1888842A0EB010338BFA1889BB256
:108250003CBF03EB41039BB2D21A1DD10122374B25
:10826000D3E8EF1FC3E8E02F0028F9D1AB685B6AC1
:108270000BB128469847042011B0BDE8F043FFF742
:10828000B7BF284698470028BCD0CDE7A18803EBAC
:1082900041039BB2D0E74022AB681B69002BB1D0F1
:1082A000694628469847B0F100086F46AADD0026C7
:1082B0002189E38856B1B4F804C088194FEA4C020A
:1082C00081B2B0EB4C0F24BF8A1A91B2A2888A42C5
:1082D00028D8881A934294BFD2189218531A9BB286
:1082E00081B2A8EB0609994528BF99462068084441
:1082F000B9F1000F06D0B9194A464E441EF0BDFC34
:10830000B045D5D82289A188324493B2B2EB410F4F
:108310004FEA410024BF1B1A9BB204202381FFF7C0
:1083200067FF6FE7934224BF9A1A92B2521A93B230
:10833000D7E711B0BDE8F0837857002074570020CC
:10834000034B1B6813B11B6983F88000704700BFA3
:108350007057002038B500241149124A124817F00E
:10836000B2F9124B124A134D13481A605C609C60BC
:1083700000F05AFB114A12491248FBF72DFE28461D
:10838000114B4FF4A062214640F8043B1EF09BFCC9
:10839000C5F80445C5F80C45C5F8084538BD00BF0B
:1083A000A1E201008458002034010020645700201D
:1083B000588802004C5200205C570020000000202A
:1083C000A8760200703A0020C88C02002DE9F7431D
:1083D0002C4B1B68002B51D02B4C2046FBF730FF59
:1083E0000546204613F0E2F806462046FBF73EFF1E
:1083F0000746204613F0E4F88046204613F0F4F8D0
:108400008146204612F09FFF00B243463A4631466D
:10841000CDE90090284603F081FC204613F0E2F8F5
:108420000546204613F0D6F80646204694F8788A8A
:1084300012F07EFF0746204612F08FFF04F11C0366
:10844000D3E8AF3F003B18BF01234246CDE900030C
:1084500031463B46284603F077FC04F6A433D3E8C4
:10846000AF0F04F6A833D3E8AF1F04F6AC34D4E85A
:10847000AF2F03B0BDE8F04303F07CBC03B0BDE810
:10848000F08300BF70570020703A00202DE9F04FB4
:108490000546DDB0B048002712F088FEAF481BF05B
:1084A00088FC10B1AE4815F073FFAC481BF081FC9E
:1084B00010B1AC4815F06CFFAB4800F0D9FA08B920
:1084C000FDF7BCF9A44CA84800F0B6FAA74813F091
:1084D0005AFF2046FBF7A6FAA0801CACFBF7F0FA87
:1084E000204614F0A3FC18B12168A14813F0BAFE8D
:1084F00013F0EEFE28B19F4813F0E6FE9E4813F0FD
:10850000E4FEDFF8788203F0E7FB14F03FFAFCF7B3
:10851000C7FCC8F800509A481CF05FF9994E9A4B76
:108520009A4AC6F8DC3A0023C6F8E42AC6F8E03ACC
:10853000C6F8E83AAA68964904A8C2E9151395490D
:10854000AA68C2E9171311F032FF874804A900F0A6
:10855000ABFA30B904A8FCF733FB834804A900F058
:10856000B7FAA868602204A900F506701EF085FB22
:1085700029697D4800F012FBD5F8109099F8800029
:10858000C6F81090003818BF0120FDF723F999F8BC
:108590008100FDF72DF999F88200FDF73BF913F002
:1085A00097FE70B1D9F8880013F09CFE012013F0FB
:1085B00094FE99F88500002800F08C81012013F0CA
:1085C0008DFE28696949D0E90A23C1E90223D0E96F
:1085D0000C23C1E9042364486B699847D5F81090CF
:1085E000CA461AF8043F4BB150466B49F8F7D0FF22
:1085F00020B150466968F8F7CBFF98B908212046AA
:1086000005F048FC03280DDDE37820210393A378CF
:10861000504602936378614A0193237800936B6814
:108620000FF0CCFA99F810115648003918BF012103
:1086300013F0CEFB99F811115248003918BF0121EF
:1086400013F0D8FB99F812114E48003918BF0121D8
:1086500013F0A7FB99F8200199F8183199F917211F
:1086600099F81611019099F81901003918BF0121E4
:108670000090444812F0A0FE424899F820B112F050
:1086800065FE834596F9553A03D199F917219A4227
:108690000AD089F817313B4812F058FE89F82001BA
:1086A000E86803681B68984799F81A317BB199F814
:1086B0001B31002B00F0118199F81C31002B0CBFED
:1086C000022203222F4809F58D7113F09AFB99F8C5
:1086D0001E01003818BF012003F0A2F9504603F034
:1086E0005DFBFFF773FE2E492E4803F095FA1A48FA
:1086F000FBF798F905461848FBF7C4F901462846E8
:1087000003F040FB13F0E4FD03F056FB0023264A80
:1087100026480BF055FC264D264828601BF049FBE7
:10872000002800F0DC80244B244A28681A604FF4AB
:1087300000725A6000221A8183681BB11B6C0BB156
:108740001F499847286815F08FFD1E48FFF7FAFC6F
:10875000D8F8003038E000BF00000020A875020003
:10876000048D0200FC8C02005C570020C80700202A
:10877000645700200581000039E301007057002094
:1087800088570020703A002033E301002DE30100F8
:10879000D580000025E301002DA8020035AA0200C3
:1087A000C9800000BD800000B4C40400180000208F
:1087B00084570020287602007857002080A40020EB
:1087C000FD81000049AA0200DFF828A21868FFF71F
:1087D000B9FC8948FFF7B6FCFFF7DAFC4FF0FF332E
:1087E0004FF0FF3240F2BF11CDE900238348002251
:1087F0001CF000F80646014680481BF0F7FFF00623
:1088000001D513F07FFD710738D5DFF8F491B9F881
:108810000620B9F808E0B9F8040082424FEA4001A6
:10882000C0F0DC80A2EB000C86451FFA8CFC38BF40
:108830001FFA81FEAEEB020362469BB2D9F800003C
:108840000BB10123875CB9F80600184482B2884254
:1088500024BF521A92B2A9F80620002B69D1002237
:10886000684BD3E8EF1F012903D1C3E8E02F0028AC
:10887000F7D103D1286808B115F0F6FCD8F800301C
:1088800043B1320606D5D868002203684FF4FA7166
:108890005B699847D8F800302BB140F22712164296
:1088A00001D09B699847D8F8003013B1986811F04F
:1088B000F9FE33070BD5D8F800300BB19B69984708
:1088C000514813F0B8FC03F063FAFFF77FFDFFF7A0
:1088D0005FFC83E713F000FD73E60122F2E62860F7
:1088E00033E74A48FFF72EFC5046FFF72BFC484879
:1088F000FFF728FCD8F80030002B86D00022002398
:10890000214644480AF09EFF00287FF47EAF8AF893
:1089100000003F48FFF716FCD8F800305146DB69ED
:1089200020469847FFF752FD9AF80030002BE1D01F
:10893000D7E7394A0D2F1378177057D00A2F1FD158
:108940000D2B3FF464AF4FF0000B344B20461A88D8
:10895000334B03F802B01946FF221EF007FA2F4BE3
:1089600084F8FFB0A3F800B0002200232146294874
:108970001BF008FB0028BDD02A48FFF7E3FB46E7C1
:10898000DFF898B07F2FBBF8003001D0082F15D149
:10899000002B3FF43CAF2868013BABF800300028C7
:1089A0003FF435AF082115F064FC2868202115F04C
:1089B00060FC0821286815F05CFC28E7FE2B3FF6D8
:1089C00026AF286810B1394615F053FCBBF80030CB
:1089D0005A1CABF80020124AD75418E7864594BFBA
:1089E000C2EB0E03C2EB00039BB227E70D2BAAD00C
:1089F0000A2BA6E780A2002059AA0200885700206F
:108A000078570020745700206457002060AA0200A5
:108A10005DAA0200900700207FA20020D4A10020C0
:108A200080A3002066AA020000220270014A426070
:108A3000704700BF74AA020030B505780446C3B081
:108A40003DB96946094816F0CBFF002805DB012334
:108A500023700125284643B030BD044816F035FF89
:108A6000031EF4DA1133F2D0F4E700BF74AA020057
:108A700030B50024094D93B055F8043B40210093D4
:108A8000074A084B02A80FF099F802A813F0A5FFB7
:108A900010B90134032CEFD113B030BD0C8D02009E
:108AA00082AA020074AA020010B50C468CB0064BD4
:108AB000064A302168460FF081F821466846FCF7E7
:108AC00023FF0CB010BD00BF74AA020088AA0200E8
:108AD00010B503780C468CB00BB9FFF7ADFF064B11
:108AE000064A302168460FF069F821466846FCF7CF
:108AF00041FF0CB010BD00BF74AA020088AA02009A
:108B0000002370B5D8B001AE084601931446334631
:108B100040F2571202A913F079FF0546F8B120463A
:108B2000019A02A9FDF7DCF9019BB3F5937F07D207
:108B3000012384F8103184F82F31022384F8313175
:108B4000D4F88830B3F5967F04BF064BC4F888305C
:108B500040F20113A4F88430012384F886302846BB
:108B600058B070BD00A3020010B503780C468CB05D
:108B70000BB9FFF761FF064B30216846054A0FF03D
:108B80001DF821466846044AFCF74EFF0CB010BDA4
:108B900074AA020094AA0200196A000030B50C46BB
:108BA00099B03021124A0546124B68460FF006F87C
:108BB00021466846104AFCF705FFB0B9684613F035
:108BC0000CFF30210B4B0D4A0DEB01000EF0F6FFB0
:108BD0000CA813F002FF20B1224628460CA9FFF78B
:108BE0008FFF21462846FFF7BFFF012019B030BD97
:108BF00094AA020074AA02009D6A0000A2AA0200C0
:108C00002DE9F0430646002406F58058C1B0084619
:108C100031604549C8F80444914615F0D2FF002858
:108C20004FD00094414B404A316803A800F0C2FB8A
:108C30009DF81C30002B3FD018A811F0A6FB18A8F7
:108C400015F0D2FB202203A80DEB020115F077FFEF
:108C5000202804462DD1012220A903A815F06FFF7A
:108C60000128054625D104223BA903A815F067FF7A
:108C700004281ED1022202A903A815F060FF0228D1
:108C800017D12A460DF1810103A815F058FF0128DC
:108C90000FD140220DF1820103A815F050FF4028AA
:108CA00007D122460DF1C20103A815F048FF202884
:108CB0000AD003A815F05DFF1D4B03A8039315F020
:108CC00058FF41B0BDE8F0839DF88100FF2805D032
:108CD00012F0B3F810B9FF238DF8813010AC08AD55
:108CE0000FCD0FC495E80F0084E80F0018AD10AF4A
:108CF0000FCF0FC594E80F0085E80F00484608AA7B
:108D00000DF1C20111F076FCD8F804041F28D0DC64
:108D1000A022431C02FB0060C8F8043418A90430E8
:108D20001DF0ABFF88E700BFABAA020028A8020035
:108D3000488D020001232DE9F04389B0054601600A
:108D400017460093314A324B03A800F033FB9DF8DD
:108D50001C30F3B1002605F16604ADF8086005F596
:108D60008055D5F80434B34210DD14F8423C13B9F1
:108D70000136A034F5E7A4F1620897B941462022F4
:108D800003A815F0C2FE202880460FD003A815F0D6
:108D9000F0FE204B03A8039315F0EBFE09B0BDE8ED
:108DA000F0834046B8470028E8D1E1E70122A4F16A
:108DB000420103A815F0A9FE01288146E6D104224C
:108DC00004F12A0103A815F0A0FE0428DED1022236
:108DD00002A903A815F099FE0228D7D14A46A4F1AA
:108DE000410103A815F091FE0128CFD14022A4F142
:108DF000400103A815F089FE4028C7D1424621460C
:108E000003A815F082FE2028B2D0BFE7ABAA02006B
:108E1000D7A60200488D02002DE9F04188B09DF8E8
:108E20003880144618F0030F05460F461A4620D125
:108E3000214615F001FBF0B105F58053D3F8047419
:108E4000013FC3F804742B1DC41A194B66115E430D
:108E50002C44B74204F1A00403DC012008B0BDE8B3
:108E6000F081A022211DA4F19C0001361DF005FF18
:108E7000EFE71F2B01DC0020F0E723466A4604F1F0
:108E8000200C164618685968083303C663453246F5
:108E9000F7D169460022284615F0EAFA224680F802
:108EA000208000F16201384611F0A4FBD5E700BF35
:108EB000CDCCCCCC0023012210B50446C0E901235F
:108EC0000160C0F88C3480F89034034900F291407E
:108ED000F8F768FB204610BD49BB0200A0F1230152
:108EE000C9B2162988BF012302469EBF054B0B411C
:108EF00003F0010383F00100402A88BF40F0010025
:108F0000704700BFFC1B80FF4B4B2DE9F0410D4625
:108F1000002A14BF16461E460446A8B0314628460D
:108F200015F04FFE20B90026304628B0BDE8F0818C
:108F30004FF0000832462946404BCDF8008003A888
:108F400000F038FA9DF81C60002E6FD00127032234
:108F5000C4E9017808A903A815F0F1FD032809D098
:108F6000002603A815F005FE354B03A8039315F062
:108F700000FED9E7022204F1080103A815F0DFFD85
:108F800002280246ECD1A11D03A815F0D8FD022845
:108F90000546E5D13A4604F5926103A815F0CFFDE8
:108FA0000128DDD12A46211D03A815F0C8FD02289D
:108FB000D6D1242765891F2DD3D87D4305F10C0117
:108FC0000222214403A815F0BAFD02460028C8D0A9
:108FD0000228C5D105F10E01214403A815F0AFFD0B
:108FE0000228BDD105F111011F22214403A815F06B
:108FF000A6FD1F28B4D105F110010122214403A8C8
:1090000015F09DFD0128ABD1802208A903A815F019
:1090100096FD8028A4D12544AB89A2889A429CBFA2
:109020000133A380638901336381C3E7044B03A841
:10903000039315F09EFD76E7B0AA020028A802006F
:10904000488D0200F0B5012704463848A9B0002A2F
:1090500008BF0246364B009703A800F0ABF99DF815
:109060001C607EB18022002108A81DF02CFE032286
:1090700008A903A815F049FD03280BD0002603A872
:1090800015F077FD2B4B03A8039315F072FD3046C6
:1090900029B0F0BD022204F1080103A815F035FD46
:1090A00002280246EAD1A11D03A815F02EFD0228D0
:1090B0000546E3D13A4604F5926103A815F025FD73
:1090C0000128DBD12A46211D03A815F01EFD022828
:1090D000D4D1002704F110056389BB42CFDD022201
:1090E000291F03A815F011FD02280246C6D1A91EAA
:1090F00003A815F00AFD0228C0D11F22691C03A88D
:1091000015F003FD1F28B9D10122294603A815F047
:10911000FCFC0128B2D1802208A903A815F0F5FCB7
:10912000802805F12405A9D10137D5E7B0AA0200AE
:10913000D7A60200488D02002DE9F0410D460646F3
:1091400014492846F8F724FA18B906F28C40BDE80D
:10915000F08100242B78B6F80A80232B08BF013554
:1091600006F11207444501DB0020F0E717F8013C47
:109170003946232B18BF07F1FF312846F8F708FAC4
:10918000243720B9242303FB04600C30DFE70134CB
:10919000E8E700BF49BB02002DE9F0470D46044651
:1091A0001A492846F8F7F4F920B904F28C4420460D
:1091B000BDE8F0870027B8462B78B4F80AA0232B27
:1091C00008BF013504F10C06BA4501DC4446EEE760
:1091D00073792846232B14BF06F1050906F1060909
:1091E00049463446F8F7D4F90028E0D02846F8F785
:1091F000E1F94946024628461DF078FD00280CBFDB
:10920000344644460137A0462436DDE749BB020018
:109210002DE9F8430646884614461D460027474573
:109220001DDB2379627913F0010FF18823881DD0AB
:109230001C481D4F232A14BF621DA21D8B4208BF6C
:1092400007463B461949284614F08DF84FF00009AF
:1092500006F10C0773894B4514DCBDE8F8832B68D5
:10926000202128469B6898470137D8E70D480E4FC4
:10927000232A14BF621DA21D8B4208BF07460C495A
:109280003B46E0E77A8823889A4206D12B463A4645
:10929000304608F10101FFF7BBFF09F1010924374E
:1092A000D8E700BFBAAA020070C60200BCAA02003A
:1092B000C2AA020000B593B081B15AB1084B039223
:1092C000CDE9013100230B7001A90493119315F02E
:1092D00062FA049A104613B05DF804FB0A46F9E7F7
:1092E000208D020010B5044615F075FB2046BDE840
:1092F000104001491DF060B909000002F0B587B0C7
:10930000154604460E4615F066FB1422002101A8FE
:109310001DF0D9FC4FF6F8724FF48853B2EBC50F2D
:109320004FF6FF72ADF800304FEAC50338BF134661
:10933000ADF802304FF480630B4F2A46CDE9023777
:109340003146684604F598731DF0B9F830B93A46CD
:10935000D4F8301104F170001DF0FBF9012384F8FA
:10936000343107B0F0BD00BF0900800310B50446DA
:10937000024B036015F0FDFB204610BD488D020036
:1093800073B50446084611461A46074D16782368F9
:10939000064C2F2E08BF2C46CDE90042044A0EF0A1
:1093A0000DFC02B070BD00BF70C60200CAAA020068
:1093B000CCAA020030B591B004461D4608461346BB
:1093C00069464022FFF7DCFF00220B4BC4E9012273
:1093D0002360227422732B78772B0AD1684616F00B
:1093E0009CFA12226946204615F0CDFB204611B0AA
:1093F00030BD0122F6E700BF488D020010B515F020
:10940000F1FB0849072204461DF09EFC38B9E01D17
:1094100015F0E8FB0078B0FA80F0400910BD00209C
:10942000FCE700BF88B7020038B515F0DBFB0C463F
:109430000546FFF7E3FFB8B928460D49F8F7A8F845
:10944000A0B128460B49F8F7A3F878B128460A4995
:10945000F8F79EF8044638B128460849F8F798F816
:10946000041E18BF01246442204638BD0124FBE7D6
:10947000C7B2020045C702003EB00200A3B7020017
:1094800038B5284C217800294AD14FF4E872264893
:109490001DF019FC254B2448234D40F8383B0F2282
:1094A00023491DF063FC0F22224905F158001DF0ED
:1094B0005DFC214B4FF49672AB6440F20753A5F864
:1094C0007430162385F84C302F2385F84F301B4B12
:1094D000C5F88820EB664FF07C536B65184B40F263
:1094E0000112AB66174BA5F81021AB6744F240039D
:1094F000A5F87C30082340F60F7285F87E300123F2
:10950000A5F81821104A85F82F3185F8843085F8A0
:10951000163185F8633185F8CE31C5F8682123709E
:10952000014838BD80A600202046002000001041E0
:10953000CCAF020070C602008D675944CDCC4C3EC2
:109540009A99993E00007A420101FFFF2DE9F04F00
:109550001646044688468DB0042230469B491D4677
:109560001DF0C4FB002840F0758104360922304606
:1095700097491DF0BBFB28BB63694FF07E5118680B
:10958000F7F772FC01469348F7F72AFE0646F7F70D
:109590004FFF0446F7F71CFD01463046F7F762FC23
:1095A0008D49F7F769FD4FF07C51F7F75DFCF7F750
:1095B0003FFF2346894A00904FF4807128460EF001
:1095C000FDFA21E00222304685491DF08FFB60B98B
:1095D00063691868F7F7B8F8CDE90001814A4FF4DC
:1095E000807128460EF0EAFA0EE00A2230467E49E3
:1095F0001DF07CFB60B9636993F87F307B4A4FF4C0
:10960000807128460EF0DAFA01200DB0BDE8F08F27
:109610001222304676491DF069FB20B9754928466B
:10962000F7F7C0FFF0E70A22304673491DF05EFBF2
:1096300018B9636993F87730E0E7102230466F4934
:109640001DF054FB48B9636993F811216C4B6D49C7
:10965000002A08BF0B466C4AD1E70C2230466B4902
:109660001DF044FB18B9636993F81021EEE7052259
:10967000304667491DF03AFB00283DD1636908AECA
:10968000986FF7F761F8634ACDE900011021304681
:109690000EF094FA2E2130461DF038FBB0B1304662
:1096A000F7F788FF58B1431EF25C302A22D003F14D
:1096B00030026A4412F8102C2E2A08BF184600F116
:1096C00030030DEB0300002300F8103C636993F8AE
:1096D0007520049293F87420CDE90262986CF7F734
:1096E00033F84D4ACDE900014FF4807128460EF061
:1096F00065FA89E71846D5E70722304647491DF045
:10970000F5FA08B946498AE70722304645491DF06F
:10971000EDFAC0B9A06903685B6F98470646A06977
:1097200003689B6F9847F7F70FF8CDE902013046C1
:10973000F7F70AF83C4ACDE900014FF4807128465A
:109740000EF03CFA60E70E22304638491DF0CEFAA2
:1097500008B9374963E70E22304636491DF0C6FA8C
:1097600020B9636993F82F31334A48E730463349CB
:10977000F7F70EFF18B9636993F94C30F4E7072245
:1097800030462F491DF0B2FA78B92E492846F7F72E
:1097900009FFA069FE220368A91CD3F88C30984702
:1097A00000287FF431AF284939E7042230462749A1
:1097B0001DF09CFA002840F011836369986CF6F75D
:1097C000C3FF234ACDE9000109E700BFF9BF02004A
:1097D000D3AA02000000C84200002041DDAA020016
:1097E000F2A60200E7AA0200EEAA0200F9AA02000D
:1097F000FEAA020011AB020035AB020040AB020032
:10980000C7B202003EB0020076A4020051AB0200D3
:10981000A5C1020011AC02005EAB0200F5A6020079
:109820006EAB0200B6AB02008EAB0200AFAB020023
:10983000BEAB0200E5AB0200F4AB0200EFA60200F3
:10984000F9AB020063AA020001AC0200D1A602003B
:109850000FAC020004223046A6491DF047FA00284A
:1098600040F0BC82371D0A223846A3491DF03EFA5B
:1098700000284ED1FFF704FE4FF07E510068F7F745
:10988000F3FA01469D48F7F7ABFC08AA014606F13A
:109890000E0015F0CDF908B99949C0E6089E99491E
:1098A0003046F7F787FD20B930469449F7F7A0FD19
:1098B00008B19549B3E631469048F7F791FC4FF06F
:1098C0007E51F7F7CFFA67693860204615F03BFA0A
:1098D00063694FF07E511868F7F7C6FA014687486A
:1098E000F7F77EFC0646F7F7A3FD0446F7F770FB93
:1098F00001463046F7F7B6FA8249F7F7BDFB4FF05D
:109900007C51F7F7B1FAF7F793FD23467F4A0090B1
:1099100052E6032238467E491DF0E8F9E8B9FFF720
:10992000AFFD08AA0168F01D15F082F908B9794960
:1099300075E6089E00213046F7F73CFD20B9304619
:109940007549F7F755FD08B1744968E663691E600B
:10995000204615F0F8F9724961E60B223846714944
:109960001DF0C4F9C8B9A0690368DB6898476E495F
:10997000F7F70EFE08B96D4951E6FFF781FD08AA19
:1099800090F87F1006F10F0015F075F90028CED081
:109990006369089A83F87F20DAE71322384664491E
:1099A0001DF0A4F900283FF439AE0B223846614976
:1099B0001DF09CF990B9FFF763FD08AA90F87710A5
:1099C00006F10F0015F057F930B1089B012B03D8B1
:1099D000626982F87730BBE7574920E606223846AD
:1099E00056491DF083F9002840F0DD8004F11C0089
:1099F0000A360096064683238421514A0EF0DEF88B
:109A00002C230422304608A911F0A0FB012881462E
:109A100040F0A2800898FFF7F1FC002800F09E803B
:109A2000FFF72EFDD0F84880FFF72AFD876FFFF77C
:109A300027FD90F87460FFF723FD90F8759040467D
:109A40004049F7F7CBFC002800F0AB8040463E4988
:109A5000F7F7BAFC002800F0A480731F072B00F270
:109A6000A080A9F10503032B00F29B8038463749FB
:109A7000F7F7B4FC002800F0948038463449F7F733
:109A8000A3FC002800F08D8063699A6FD3F848B07A
:109A9000C3F8488093F874A0069293F87520636920
:109AA00007929F67636983F87460636983F87590B0
:109AB000A06903681B689847A069079A0368009229
:109AC0005946D3F87090069A5346C84741465846BF
:109AD000F7F766FC38B139460698F7F761FC10B124
:109AE000B24500F02E810121204615F039F91949BF
:109AF00095E500BF05C0020016AC02000000C84298
:109B000021AC0200000020414DAC02006DAC02000F
:109B10007AAC02007EAC020000001041A2AC020050
:109B200094A90200B8AC0200DCAC0200C4AC020094
:109B3000E6AC0200FAAC020006AD020032B302004D
:109B400025AD02000000164300401C450000E04027
:109B50000000FA432AAD0200002822DD0021089807
:109B60000EF024FAB9F1010F80460BD000210998BC
:109B70000EF01CFAB9F1020F074605D100264FF08E
:109B800000095CE70027F9E70A981DF0A7F8B9F18A
:109B9000030FC6B2F3D00B981DF0A0F85FFA80F95E
:109BA0004DE78F493BE5082238468E491DF09EF867
:109BB000A0B90C363046FFF721FC48B1FFF760FC36
:109BC000006D63691865204615F0BDF8864926E5E5
:109BD00030461DF080F8F7F7F1F8F2E70822384632
:109BE00082491DF083F8A0B90C363046FFF706FC19
:109BF00048B1FFF745FC406D63695865204615F094
:109C0000A2F87B490BE530461DF065F8F7F7D6F86A
:109C1000F2E70F22384677491DF068F8A0B91336ED
:109C20003046FFF7EBFB48B1FFF72AFC806E636913
:109C30009866204615F087F86F49F0E430461DF02D
:109C40004AF8F7F7BBF8F2E70F2238466B491DF0E8
:109C50004DF890B9FFF714FC08AA90F82F1106F1FF
:109C6000130015F008F810B1089B022B01D96449C4
:109C7000D5E4626982F82F316AE6032238466149E9
:109C80001DF034F810BBFFF7FBFB08AA90F94C104D
:109C9000F01D14F0F0FFB0B1089B03F109021F2A78
:109CA00011D86269204682F84C3015F04CF8D4E99E
:109CB0000520036892F94C10DB6A98476369524AA1
:109CC00093F94C309BE41623504A98E4B8F1000F06
:109CD00039D1052238464E491DF008F8002832D106
:109CE000FFF7CEFB08AA816C06F1090014F0A0FF73
:109CF00050B1089E47493046F7F770FB20B1304617
:109D00004549F7F761FB08B9444988E4636920468F
:109D10009F6C9E6415F017F8D4E9052092F875C081
:109D2000016892F87430CDF800C0D1F87080926F5D
:109D30003946C04739463046F7F732FB00283FF432
:109D4000D2AE37496BE41122384636491CF0CEFFBB
:109D500000BBFFF795FB90F8111106F11500FFF716
:109D600063FB0128064613D8636983F81101204676
:109D700014F0E9FFA06906F0010103685B6B9847E6
:109D800020B16369284A93F8113138E4274946E441
:109D9000274944E40D22384626491CF0A7FFE8B9BC
:109DA000FFF76EFB90F8101106F11100FFF73CFB76
:109DB00001280646ECD8636983F81001204614F0A8
:109DC000C2FFA06906F0010103681B6B98470028D9
:109DD000DCD06369184A93F8103110E4002014E4D1
:109DE00060AD02009CAD0200A5AD0200F8AD02001E
:109DF000CBAD0200F1AD020001AE02002EAE0200BA
:109E00003EAE020060AE020064AE020079AE020017
:109E10009FAE02000000164300401C45A5AE0200A4
:109E20004BAD0200CBAE0200DDAE0200F6AE02008A
:109E300009AF020029AF020037AF02002DE9F04F51
:109E4000171D04461646B3B00B223846A9491D46D5
:109E50001CF04CFF20BBFFF713FB06F10F0190F83D
:109E60008120A54814F034FF431C06D1A34928469D
:109E700033B0BDE8F04FF7F795BB6369C0B283F824
:109E80008100FBF7B5FC204614F05DFF9C4B9D4A1A
:109E90004FF48071284633B0BDE8F04F0DF08EBE10
:109EA0000822384698491CF021FFB8B9FFF7E8FAB4
:109EB00006F10C0190F88220944814F009FF471C29
:109EC00001D19349D3E76369C0B283F88200FBF7FD
:109ED000A1FC204614F037FF8E4BD8E70522384608
:109EE0008D491CF003FF08BBFFF7CAFA90F88010F9
:109EF00006F10900B1FA81F14909FFF795FA461C0C
:109F000001D18649B3E7B0FA80F06369400983F86C
:109F10008000636993F88000003818BF0120FBF7C8
:109F200059FC204614F00FFF7D49A0E7092238466E
:109F30007C491CF0DBFE90B9FFF7A2FA90F81611ED
:109F400006F10D00FFF770FA411CDAD0636983F85F
:109F50001601A0690368D3F890309847E1E70B2217
:109F6000384671491CF0C2FE18BBFFF789FA1AAADD
:109F700090F9171106F10F0014F07DFE50B90C2373
:109F800000936FF00703694A4FF4807128460DF083
:109F900015FEF0E01A9B03F10802142A05D90C23E0
:109FA00000936FF00703624AEEE7626982F81731A7
:109FB000CFE70F2238465F491CF098FEB8B9FFF78B
:109FC0005FFA1AAA90F8181106F1130014F053FE64
:109FD00008B959494BE71A9B2BB1A3F10A02F52A9C
:109FE00001D9564943E7626982F81831B1E70C227A
:109FF000384653491CF07AFEB8B9FFF741FA1AAA5D
:10A0000090F8191106F1100014F035FE08B94D4909
:10A010002DE71A9B2BB1A3F10A02502A01D94A4914
:10A0200025E7626982F8193193E7484909223846E1
:10A030001CF05CFE014638B9204614F091FE6369BD
:10A04000434A93F9173123E70922384641491CF066
:10A050004DFE8046002840F0A780034609AFADF8CA
:10A0600024000C361AAAB87016F8011F21B101336A
:10A070001F2B02F8011BF7D10022C8336B4403F8F1
:10A08000602C0AA9202304221AA811F05FF80128E5
:10A09000064669D1DDF828902F494846F7F778FA47
:10A0A000064630B148462D49F7F772FA061E18BF2A
:10A0B0000126BA463B464FF0000B0DF128095E45DC
:10A0C0005CDCA06939460368F2B29B6B98470028B4
:10A0D00068D000236269A2F81A3182F81C31464523
:10A0E00057DC204614F02FFE1D491E4B002E08BFE2
:10A0F0001946BCE62DB30200948D020039B302006C
:10A1000085AF020064B3020069B30200748D0200DF
:10A1100072B3020070C60200A1B30200A7B302002E
:10A1200094A90200C9B30200D3B30200DFB3020056
:10A1300001B402001FB402002FB402006EB402008A
:10A14000A3B40200B0B40200E5B4020010B50200EE
:10A150001AB5020053B50200A3B702003EB00200D8
:10A1600003B3020016B302000328A2DD032228462F
:10A170009B490DF04DFD33B0BDE8F08F59F8040B4D
:10A1800007931CF0ABFD079B0BF1010B03F8010BD0
:10A1900095E763691AF8012B434483F81A2108F103
:10A1A00001089CE78F4962E6162238468E491CF06A
:10A1B0009DFDD0B9FFF764F91AAA90F84F1006F187
:10A1C0001A0014F058FD08B9884950E61A9B5A1E27
:10A1D000012A01D9A82B01DD854948E6626982F888
:10A1E0004F30A0690368DB69B7E610223846814921
:10A1F0001CF07CFD00BBFFF743F990F84E101AAA43
:10A20000490006F1140014F036FD10B93C237A4AD7
:10A210003EE61A9B5A1E3A2A01D9F02B02DD3C2356
:10A22000764A35E6626903EBD3735B1082F84E30F1
:10A23000A06903689B6990E60F22384670491CF0BC
:10A2400055FD30B9606906F11301583014F033FD43
:10A2500067E6082238466B491CF048FD20BB4021C8
:10A2600006F10C020AA810F04DFFD8B10AA8F8F7C1
:10A2700091FDB8B11AA810F09AF840220AA91AA8BC
:10A2800010F0BDF8A0691AA903689B6D984728468D
:10A290005D49F7F787F920221AA905F12100F9F79E
:10A2A0001DFB68E75949E2E50522384658491CF08C
:10A2B0001DFD38BB0836314611F8013F1BB96269F4
:10A2C000101D033217E03A2B0AD8292BF4D9514A32
:10A2D0002A3BDBB222FA03F3DA07EDD54E49C6E595
:10A2E0003F2BFBD05B3B022BF8D9E5E701331F2B5B
:10A2F00002F8011F03D016F8011F0029F6D1002231
:10A30000C2540EE60722384644491CF0EFFCF8B967
:10A310000B360222304642491CF0E8FC38B963692A
:10A3200083F84D00204614F00EFD3E499FE50322C0
:10A3300030463D491CF0DAFC40B9012263692046F1
:10A3400083F84D2014F0FFFC384990E538498EE53C
:10A350000422384637491CF0C9FC80B9083630461B
:10A36000FFF74CF838B1FFF78BF8D0E90A016369C1
:10A37000C3E90A01D5E530461CF0ADFCF7E704223D
:10A3800038462D491CF0B2FC80B908363046FFF73C
:10A3900035F838B1FFF774F8D0E90C016369C3E907
:10A3A0000C01BEE530461CF096FCF7E7112238465A
:10A3B00022491CF09BFC002844D1FFF761F81AAA3F
:10A3C00090F87E1006F1150014F055FC10B11A9BA0
:10A3D000402B01D91A494AE5626982F87E30A0E52E
:10A3E0005DB5020079B50200A7B50200BEB5020056
:10A3F000E9B50200ADB502000EB602003CB602009F
:10A4000064B6020074B602007DB602009FB6020078
:10A41000AEB602000500010022BB0200B4B6020085
:10A42000C7B20200BCB602003EB00200D2B60200C3
:10A43000E9B6020002B7020007B702000CB702003B
:10A440001EB702001322384687491CF04FFC88B91A
:10A45000FFF716F81AAA90F87D1006F1170014F00D
:10A460000AFC0028B6D01A9B402BB3D8626982F848
:10A470007D3056E50A2238467C491CF037FC88B905
:10A48000FEF7FEFF1AAA90F87C1006F10E0014F0F9
:10A49000F2FB00289ED01A9B402B9BD8626982F861
:10A4A0007C303EE51322384671491CF01FFC40BB4E
:10A4B000A0690368DB6898476E49F7F769F808B93F
:10A4C0006D49D4E46D491AAA06F1170014F0B0FBE7
:10A4D00008B96B49CBE41A9E00213046F6F77EFF9F
:10A4E00068B14FF080413046F6F76EFF38B16369CE
:10A4F0003146DE66A0690368DB6F984711E5614964
:10A50000B5E40B22384660491CF0F0FB98B963694A
:10A510000E36983316F8011F21B1626998329A1AE3
:10A52000762A02DD00221A70FBE47C2908BF0A218A
:10A5300003F8011BEEE70C22384654491CF0D6FB09
:10A54000002838D1A0690368DB6898474949F7F7C4
:10A550001FF80028B4D01036032230464C491CF0B6
:10A56000C5FBE0B1072230464A491CF0BFFBE0B111
:10A570000822304648491CF0B9FBC0B106223046DB
:10A5800046491CF0B3FBA0B13046FEF737FF50B18F
:10A59000FEF776FF90F83101FF283FF4ECAD6369D8
:10A5A00083F83101BDE43E4961E40120F7E7022070
:10A5B000F5E70320F3E738463A49F6F7E9FF08B92B
:10A5C000394954E41622384638491CF08FFB0028DC
:10A5D00074D106F11A001CF081FB0646206803685E
:10A5E0001B689847804608B9314940E4B7B2A7F6DE
:10A5F000B833B3F5AF6F01D92E4938E4206803684A
:10A60000DB68984781463846F6F7DEFC4946F6F7A0
:10A6100033FD07464046F6F7D7FC01463846F6F7C5
:10A62000DFFD074663693946C3F894002068036874
:10A630009B68984700287CD0204614F084FBB6B273
:10A640003846CDE90486F6F77FF8CDE902014846A1
:10A65000F6F77AF8184ACDE900014FF480712846E0
:10A660000DF0ACFA87E500BF3CB7020050B702001E
:10A670005BB70200DCAC0200C4AC0200CDCC4C3EA7
:10A680006FB7020090B70200A5B70200B1B7020091
:10A690003EB0020044B002004EB0020059B00200C9
:10A6A000BEB70200F9B702000FB802004CB80200B2
:10A6B00063B8020087B80200B1B80200132238461E
:10A6C000A6491CF013FB00283AD1206803681B68D8
:10A6D00098470746002887D0A14B20681B68B3F82D
:10A6E00000900368DB68984780464846F6F76CFCA4
:10A6F0004146F6F7C1FC06463846F6F765FC0146CA
:10A700003046F6F76DFD064663693146C3F894009E
:10A71000206803689B68984758B1204614F013FBE3
:10A720003046CDE90479F6F70FF8CDE9020140464D
:10A730008EE700226369C3F894208A49FFF797BB2C
:10A740000F22384688491CF0D1FA00283DD1FEF787
:10A7500097FE1AAAD0F8941006F1130014F068FAC4
:10A7600078B11A9E00213046F6F71AFE60B93046DD
:10A770007E49F6F71FFE20B930467D49F6F738FED0
:10A7800010B17C49FFF773BB2068314603689B68B2
:10A7900098470028D1D063692046C3F8946014F02C
:10A7A000D2FA00213046F6F7FBFD10B17249FFF7EF
:10A7B0005EBB3046F5F7C8FF704ACDE900014FF4A3
:10A7C000807128460DF0FAF9D5E4072238466C4925
:10A7D0001CF08CFAC0B9FEF753FE90F8121106F186
:10A7E0000B00FEF721FE01280BD8636983F81201E4
:10A7F000204614F0A8FA6369624A93F81231FFF711
:10A8000047BB6149FFF733BB0F2238465F491CF055
:10A810006DFA60B9FEF734FE90F81D1106F11300D1
:10A82000FEF702FE0128ECD85949FFF720BB0D22A4
:10A83000384658491CF05AFAC0B9FEF721FE90F884
:10A840001E1106F11100FEF7EFFD01280646D8D8CB
:10A8500000F0010001F0E4F86369204683F81E610E
:10A8600014F071FA33464C4AFFF712BB0A223846FD
:10A870004A491CF03BFA20BBFEF702FE1AAA90F9E7
:10A880001F1106F10E0014F0F6F928B90E230093FB
:10A890006FF00B03FFF777BB1A9E06F10C031A2B20
:10A8A00005D90E2300936FF00B03FFF77CBB6369A0
:10A8B000204683F81F6114F046FA3346384AFFF702
:10A8C000E7BA3849082238461CF010FA014698B910
:10A8D00006F10C00FEF7A8FD0128044609D800F097
:10A8E000010011F011FD012C0CBF2F492F49FFF77A
:10A8F000BEBA2F49FFF7BBBA082238462D491CF0D3
:10A90000F5F9002873D10C36374616F8013B202B99
:10A91000FAD0002B64D038462749F6F739FE0028D4
:10A9200050D1A0690368D3F89C309847064636B1E9
:10A93000224B9E4228BF1E460A2E38BF0A26636954
:10A940003046C3F8886011F0CDFC204614F0FBF9C6
:10A95000002E48D11A49FFF78ABA00BFDDB80200BD
:10A96000888A020023B10200F1B802000000C84248
:10A970000060EA4601B902003FB9020063B9020073
:10A980007FB9020087B9020009AF0200A8B902002E
:10A99000B8B90200CAB90200D8B90200EDB9020084
:10A9A000F8B90200D9B102000ABA02004DBA020099
:10A9B0005FBA0200E2B1020088B70200803A0900E3
:10A9C000B9BA020000230A2238461AA91A930DF0D8
:10A9D000D7FC1A9B0646BB4202D01B78002BA6D0A0
:10A9E0001949FFF744BA3346184AFFF751BA0D2206
:10A9F000384617491CF07AF910BBFEF741FD90F874
:10AA0000151106F11100FEF70FFD0646A069036857
:10AA1000D3F89830984710B90E49FFF728BA731C3D
:10AA20003FF46FAA6369204683F8156114F08BF92F
:10AA3000094A0A4B002E08BF1346094AFFF728BAF5
:10AA40003B46084AFFF724BA80BA0200D5BA020092
:10AA5000E8BA020001AC02003EB00200C7B2020038
:10AA6000F6BA02000BBB02002DE9F04F1D46002391
:10AA700089B0044617462B7039B390F8E060C6F1F0
:10AA8000A106A02E28BFA026384614F0ABF898499E
:10AA90000A2280461CF058F9002875D198F80AA0BF
:10AAA0001AF0DF0A70D108F10A0014F09BF8814611
:10AAB00014F0AEF899F800304BB98E4A314628466A
:10AAC00009B0BDE8F04F0DF079B8A026DCE7E368E7
:10AAD00003F28C48484614F085F802780346002AB1
:10AAE0004AD0024611789146013221B12029F9D18C
:10AAF00089F800A09146D4F80CB0024610F8017B0A
:10AB000067B17C2F01D02C2FF7D182F800A00393DE
:10AB100014F068F8074614F07BF8039B184614F00D
:10AB200061F8037801460BB9734AC7E71FB13B7858
:10AB30000BB9724AC2E7B8F80020002358460391C7
:10AB400013F079FD0399804640B90B466C4A3146B3
:10AB5000284609B0BDE8F04F0DF030B880F804A0E9
:10AB6000002FB7D039465846FEF716FB804600281E
:10AB7000B0D13B46634AEAE732462946E06809B06D
:10AB8000BDE8F04FFEF796BB20230422384604A907
:10AB900010F0DCFA0128804607D132462946E068E9
:10ABA000FEF788FB09B0BDE8F08F40F36B81059F8D
:10ABB00055493846F6F7ECFC20B9A06903685B6E8E
:10ABC0009847EFE738465149F6F7E2FCC0B96068AC
:10ABD000666903681B689847C6F89000204614F021
:10ABE000B2F8A06903689B6E98474949494B002811
:10ABF00008BF1946284609B0BDE8F04FF6F7D2BCA9
:10AC0000B8F1020F65D038464349F6F7C1FC60B988
:10AC10000699E068FEF7C0FA28B1037923F0010332
:10AC200003713B49E6E73D49E4E738463C49F6F71E
:10AC3000AFFC48B90699E068FEF7AEFA0028F2D0FA
:10AC4000037943F00103EBE738463649F6F7A0FCF9
:10AC500040BB0699E068FEF79FFA06460028E2D05E
:10AC60004188E06813F034FD3379721D03F001036D
:10AC700068B1018859B12C4C2C49002B18BF2146D2
:10AC8000431D009128462A490CF0C2FF8AE7264955
:10AC90002648002B18BF08462649034628460CF0D4
:10ACA000B7FF7FE738462449F6F772FC00284BD1FE
:10ACB0000699E068FEF770FA06460028B3D0014610
:10ACC000E06813F020FD1D49721D28460CF0A0FF1E
:10ACD00068E738461849F6F75BFC002871D1E06850
:10ACE00013F00EFD10B1421D1549EEE7154AFBE7C2
:10ACF0005DBB020068BB020078BB020089BB02009A
:10AD00009ABB0200AFBB0200C6BB0200CBBB020075
:10AD100094A902004BBB0200D0BB0200D7BB0200CB
:10AD2000ECBB02000BB8020070C60200E7B60200DE
:10AD3000F2BB0200FEBB020005BC02000ABC02001E
:10AD40001ABC020049BB020038464F49F6F720FC06
:10AD5000002845D1069F4D493846F6F719FC0646AE
:10AD6000E0686EB9314613F0D8FCA069314603683B
:10AD7000DB6E9847A06903689B6E9847444939E7A2
:10AD80003946FEF709FA064638B9034602460699DF
:10AD9000E06813F050FC064688B100233371314659
:10ADA000E06813F0BAFCA06931460368DB6E98478F
:10ADB000A06903689B6E98473649721D85E736493E
:10ADC00018E738463049F6F7E3FB00285AD1E06827
:10ADD00013F09DFC10B1421D304976E72B4AFBE78A
:10ADE00038462F49F6F7D4FBC0B9B8F1030FE06835
:10ADF00005D00799FEF7D0F918B92A49FAE600F20A
:10AE00008C40028800230699E06813F014FC08B90E
:10AE10002549EFE6002325490371EBE6384624492E
:10AE2000F6F7B6FB78B90699E068FEF785F90146B2
:10AE300038B1E06813F075FC00287FF4F2AE1D49CC
:10AE4000D8E61D49D6E638461C49F6F7A1FBC8B935
:10AE5000069F1B493846F6F79BFB38B1384619491F
:10AE6000F6F796FB08B11849C4E6012000900123CB
:10AE700032462946E06813F094FC00287FF492AE35
:10AE80001249B7E61249B5E688B702003CBC020099
:10AE900026BC020043BC02005CBC020074BC020081
:10AEA000AEBC020089BC02009EBC0200B2BC020023
:10AEB000C7BC0200CEBC0200DEBC020027C00200FC
:10AEC000EEBC0200F6BC0200FDBC0200B5A8020008
:10AED0001DBD02002DE9F04F91B00446884615468D
:10AEE0001E46FEF733FB002840F0F1812068424601
:10AEF00003682946DF6E3346B847002840F0E781F3
:10AF000028469449F6F744FB30B99349304611B0CE
:10AF1000BDE8F04FF6F746BB092228468F491BF0E3
:10AF2000E5FE50B98E493046F6F73CFB032120463A
:10AF300011B0BDE8F04F13F06EBF082228468949D2
:10AF40001BF0D4FE08B98849E0E708222846874963
:10AF50001BF0CCFE28B10822284685491BF0C6FE0E
:10AF600028B984493046F6F71DFB0421DFE70622A5
:10AF7000284681491BF0BAFE28B980493046F6F7C9
:10AF800011FB0121D3E7092228467D491BF0AEFEC3
:10AF900030B960687B4903685B6898477A49EDE798
:10AFA0000E22284679491BF0A1FE40B9A06940F263
:10AFB000DC51036800225B6998477549A6E70622C1
:10AFC000284674491BF092FE40B9A06940F2DC515A
:10AFD000036801225B6998476F4997E70A22284670
:10AFE0006E491BF083FE00283AD1606803681B6835
:10AFF0009847804532D9606808F1010103685B68B1
:10B000009847042000F0EAFEA0690368D3F898305E
:10B010009847054650B113F0ECFD4FF47A720023C7
:10B02000F6F74CFA0146284611F0F8FB6068036811
:10B030001B6898470890002308A809930CF004FDAA
:10B040004369574A03F26C73039303690133029314
:10B05000C36801934368009383681EE0514955E734
:10B060000522284650491BF041FE0746D8B96068C2
:10B0700003681B689847CDE9080708A80CF0E4FCB2
:10B0800043694A4A03F26C730393036901330293E1
:10B09000C36801934368009383684FF4807130461E
:10B0A0000CF08CFD13E10522284641491BF01EFEE1
:10B0B000074670BB0A21043515F8013F303BDAB270
:10B0C000092A21D9606803681B689847B8421ED2D4
:10B0D0006068394603685B689847042000F07EFE8C
:10B0E000A0690368D3F898309847044650B113F02C
:10B0F00080FD4FF47A720023F6F7E0F9014620460E
:10B1000011F08CFB089796E701FB0737D4E7294934
:10B11000FCE6E36873B10622284627491BF0E6FDEA
:10B1200040B933462A464146204611B0BDE8F04FAB
:10B1300013F087BE0922284620491BF0D7FD0028BE
:10B140003ED1A0690368DB6B314611B0BDE8F04F1A
:10B15000184700BF41BD02004BBD020080BD020088
:10B160008ABD0200A8BD0200B1BD0200BFBD020041
:10B17000C8BD0200D1BD0200E6BD02008CBF0200C6
:10B18000E3BD0200EF934466EDBD020009BE02007C
:10B1900018BE0200BCC0020031BE020042BE020066
:10B1A0004DBE020076BE020095BE02005DBE0200EA
:10B1B0009BBE0200A1BE0200E5BB0200D9A90200AD
:10B1C0001022284687491BF091FDB8B91035284652
:10B1D000F6F7F0F9402828BF402047102A463946A4
:10B1E00008A80FF08FFF38B1A06908A903683A4694
:10B1F0001B6C98477C4989E67C4987E60A222846E9
:10B200007B491BF073FD0746002870D104F11C0038
:10B210000A350095054683238421764A0CF0CEFC3E
:10B2200028462C23052208A90FF090FF051E5BDDA0
:10B23000394608980CF0BAFE012D83464AD03946AB
:10B2400009980CF0B3FE022D814648D00A981BF0F5
:10B2500045FD032D5FFA80FA44D00B981BF03EFDAC
:10B26000042D5FFA80F803D00C981BF037FD0746D9
:10B2700058466149F6F7B2F8002835D058465F497C
:10B28000F6F7A2F880B3AAF10503072B2CD8A8F192
:10B290000503032B28D848465949F6F79FF818B3F9
:10B2A00048465849F6F790F8F0B1002F1CDDA06928
:10B2B0004A460368CDE9008759461C6E5346A047AD
:10B2C0003B46514A4FF4807130460CF077FC11B088
:10B2D000BDE8F08FB846BA464FF00009C8E7B84657
:10B2E000BA46C5E7B846C3E7484B494AEAE70922E8
:10B2F000284648491BF0FAFC98B9606905F1090134
:10B30000383013F0D8FC204613F01DFD6369424A23
:10B3100038334FF48071304611B0BDE8F04F0CF077
:10B320004DBC0B2228463D491BF0E0FC28B9A06922
:10B330000368DB6D98473A49E8E504222846394915
:10B340001BF0D4FC40B933462A464146204611B092
:10B35000BDE8F04FF6F74CBC0422284632491BF0FA
:10B36000C5FC40B933462A464146204611B0BDE8E7
:10B37000F04FFEF763BDB8F1000F0DD128462B4901
:10B38000F6F706F940B9A06903681B69984708B148
:10B390002749F3E52749B9E50322284626491BF04A
:10B3A000A5FC88B9A06903685B6898470546A06951
:10B3B00003689B6898472B4600904FF48071304695
:10B3C0001E4A0CF0FBFB82E7052228461C491BF0B5
:10B3D0008DFC002838D1206803681B699847194AFA
:10B3E000034696E7C2BE020094A90200D3BE020043
:10B3F000E3BE020025AD02000000164300401C45DC
:10B400000000E0400000FA43EEBE02000BBF020065
:10B4100011BF02006AB6020049BF02005ABF020013
:10B4200066BF0200F9BF020005C0020072C102003F
:10B4300079BF02009BBF020006B10200B2BF02004A
:10B44000CCA3020077A9020028468E49F6F7A0F89F
:10B45000002841D1206803689B6C9847002837D0AA
:10B460002068894D0368DB6C9847884B002818BF1B
:10B470001D46206803681B6D984700282AD0206865
:10B48000814F03685B6D9847804B002818BF1F46AB
:10B490002068DFF8F8910368DFF8ECA11B68984793
:10B4A0008046206803681B6C9847002818BFCA466E
:10B4B000206803685B6C9847734A4346002818BFAE
:10B4C0004A46A021CDE902A2CDE90057704AE6E53F
:10B4D000704DCEE76F4FDBE70B2228466E491BF01D
:10B4E00005FC50B9A06805F10B0113F00CFC0346F4
:10B4F00008B16A4A0DE76A4908E50B2228466949FE
:10B500001BF0F4FB10BB0B3583238421664A04F146
:10B510001C00009505460CF051FB20230222284612
:10B520000DEB03010FF012FE00280ADD0128089937
:10B5300008D0099AA06803689B69984720B15B49C5
:10B54000E4E45B49564AF5E75A49DFE40B22284612
:10B5500059491BF0CBFB0746002852D1A06803686D
:10B56000DB68984780462846F6F724F80B2810D960
:10B5700005F10B020A203D4612F8013F303BD9B2DB
:10B58000092903D9454506DB4C49BFE400FB0535D5
:10B59000F2E73D46F6E743464FF48071484A3046AD
:10B5A0000CF00CFB3046F6F705F83718A7EB060948
:10B5B000B9F1850F07DDA8451FDD2B463846414A06
:10B5C000C9F58071A8E6A068294603681B699847F9
:10B5D0008246A0682946036801355B69984753464F
:10B5E000394A0090C9F5807138460CF0E7FA3846C0
:10B5F000F5F7E0FFA8450744D8D1002307F8013C40
:10B6000065E60622284631491BF070FB80B9A06828
:10B610002F4A03682F499B69984738B10122636913
:10B6200083F88520204613F08EFB88E72A496DE4D5
:10B630000722284629491BF059FB074658B9A0683C
:10B64000274A036823499B6998470028EED063691D
:10B6500083F88570E6E70822284622491BF046FB5E
:10B66000002845D1A06803681B6A984708B91E499D
:10B670004CE410F02FFE08B91C4947E410F03CFEE2
:10B680005DE700BF90A6020026BD020029BD0200B2
:10B69000C1BF02005AA00200F2BF020076A402005D
:10B6A0002DBD0200FEBF020025AD020009A402006C
:10B6B00070C602000AC0020020C002002CC00200B6
:10B6C0003AC002004AC0020043C0020056C0020055
:10B6D00045C70200D2A302005DC0020072C0020092
:10B6E000A3B702007AC0020083C002009AC0020021
:10B6F00028469D49F5F74CFFE8B9A06803681B6A26
:10B7000098470028B3D09949A06813F0FCFA034683
:10B7100028B19749F5F73CFFB0FA80F35B09A02107
:10B720003046944A0CF04AFA9A21B01D11B0BDE897
:10B73000F04FF9F771BA0A2228468F491BF0D6FA62
:10B7400060B9A2686369D2E90201C3E90A01A2688B
:10B750006369D2E90401C3E90C0163E70A222846C0
:10B7600086491BF0C3FA002837D12846F5F722FF97
:10B770000A2810D1636993F88C30012B08D0022B72
:10B7800003D03BBB7E49FFF7C1BB7E49FFF7BEBB81
:10B790007D49FFF7BBBB0B35042228467B491BF0D4
:10B7A000A5FA18B9636983F88C003BE7052228469F
:10B7B00077491BF09BFA20B90122636983F88C203A
:10B7C00030E70522284673491BF090FA10B902228F
:10B7D0006369F3E77049FFF799BB03222846634981
:10B7E0001BF084FA58BBA06803681B6A984710B91D
:10B7F0006A49FFF78BBB10F06DFD10B96849FFF780
:10B8000085BB05A810F079FD664C9DF81410664BB9
:10B8100008A8022918BF1C4610F067FD634A644B54
:10B820004FF48071002818BF1346BDF8162030462B
:10B83000CDE9003223465F4A0CF0C0F947E50E22FD
:10B8400028465D491BF052FA48B901226369204637
:10B8500083F8832013F077FA5849FFF757BB0F227C
:10B86000284657491BF042FA30B9636983F88300D0
:10B87000204613F068FAC1E70B22284651491BF015
:10B8800035FA50B96369464A93F883104E4B002944
:10B8900018BF1A461146FFF739BB092228464B4903
:10B8A0001BF024FA38B9A069012103681B6A984784
:10B8B0004749FFF72BBB4749082228461BF016FAD9
:10B8C000014630B9A06903681B6A98474249FFF7EF
:10B8D0001DBB0922284641491BF008FA30B9A0696E
:10B8E00003685B6A98473E49FFF710BBB8F1000F49
:10B8F00037D1032228463B491BF0F8F930B9A0693B
:10B9000003689B6A98473849FFF700BB0D22284619
:10B9100036491BF0EBF938B96B7B13F0DF0F03D11D
:10B92000A06903681B6D0FE40B22284630491BF009
:10B93000DDF938B9EB7A13F0DF0F03D1A0690368A2
:10B94000DB6C01E40A2228462A491BF0CFF940B9F2
:10B95000AB7A13F0DF0F04D1A06903689B6CFFF78B
:10B96000F3BB2549FFF7D2BAD9B10200D2A3020036
:10B9700045C70200A5C00200ADC00200B8C0020069
:10B98000C3C00200CAC00200D2C00200C5C002008B
:10B99000D4C00200CCC0020093C70200DAC002008B
:10B9A0003EB0020032BD020039BD02006EB202009C
:10B9B0006BB20200E9C00200FDC002000CC102002F
:10B9C00022C1020032C10200C7B202003EC1020021
:10B9D00048C1020056C102005FC102006EC10200F0
:10B9E00078C1020086C102008AC1020091C1020032
:10B9F0009FC10200ABC10200B6C10200074B1A6929
:10BA00009B681268D20648BF80F0010018B1DB685D
:10BA10001021024818471B69FAE700BFA875020009
:10BA2000014B1870704700BF81A60020014B1878A9
:10BA3000704700BF81A60020094B1B787BB1A0F1A5
:10BA40006703052B0BD8DFE803F0030A05070A0993
:10BA50006C2070476A2070476920704767207047E4
:10BA600081A6002010B5F9F7DFFE08B9FFF7C6FF81
:10BA700000F0A8F90446F9F7C5FE012818D0002CFB
:10BA800014BFC824142447F6122C40F2E7300021DA
:10BA9000C4F57A644FF47A720023E4FB0C01F5F7E5
:10BAA0005DFDBDE8104002460B46024808F0BCBAF6
:10BAB0001424E8E72048002070B500F083F904461C
:10BAC000F9F7A0FE012813D0002C14BFC8251425B7
:10BAD000F9F776FE80B9F9F795FE02280AD0032817
:10BAE0000AD0F9F7A1FE38B90120FFF787FF03E07C
:10BAF0001425EDE7002CF4D147F6122440F2E7308C
:10BB000000214FF47A720023E5FB0401F5F726FDCE
:10BB1000BDE8704002460B46014808F085BA00BFF8
:10BB2000F047002010B5104C204618F042F9C8B17B
:10BB30002269A1681368204643F0100313600B6864
:10BB40000A4A042198470A490A4818F018FB0A488B
:10BB50000A4918F014FBBDE81040002200230548F4
:10BB600008F062BA10BD00BFA875020001000A000B
:10BB7000B9BA000020480020F047002065BA000054
:10BB800010B568B1F9F71CFE50B90B4818F011F95F
:10BB900088B1BDE8104000220023084808F044BAEC
:10BBA000064818F0FAFA064818F0F7FABDE810400F
:10BBB0000020FFF723BF10BDA87502002048002019
:10BBC000F047002010B5044610485CB118F0E5FAC3
:10BBD0000F4818F0E2FA0020FFF710FF204600F0AF
:10BBE000F7F810BD18F0D7FA0028F7D1084818F078
:10BBF000D2FA0028F2D1074818F0DBF80028EDD07F
:10BC000000220023014808F00FFAE7E7204800204F
:10BC1000F0470020A8750200024B1860024B196023
:10BC2000704700BF9C570020985700200022014B0E
:10BC30001A70704782A6002010B543790446012B84
:10BC400018D1C088FFF7F8FE2228A46809D110F0A7
:10BC50003FFB78B1201E18BF0120BDE8104013F053
:10BC60000CB93CB1194C23782BB1194818F095FA4E
:10BC70000023237010BD2E281AD008D8122821D0F6
:10BC80002128F7D15520F7F709FFF7F75DFF302896
:10BC900001D07428F5E70F4B93F8CD4084F00104F0
:10BCA000204613F0E3F82046BDE81040FCF748BBFF
:10BCB00010F00EFB0028DDD010F00CFB80F001002E
:10BCC000C0B2CAE7BDE8104013F0D5B882A6002084
:10BCD00080480020A057002008B50949094818F0FD
:10BCE0004EFA0949094818F04AFA0949094818F072
:10BCF00046FAFFF717FF0122074B00201A7008BD14
:10BD00007DEE0100B04800202DBC000080480020DE
:10BD10007FEE01005048002083A6002010B5094C9A
:10BD200084F894309DF90830C4F88C0084F895307C
:10BD3000BDF90C3084F89010A4F89220A4F8963045
:10BD400010BD00BFA057002010B5094C84F89D30ED
:10BD50009DF8083084F8980084F89E309DF80C30E7
:10BD6000A4F89A1084F89C2084F89F3010BD00BF7E
:10BD7000A0570020024BC3E92801C3F8A820704750
:10BD8000A0570020014B188399767047A0570020D8
:10BD9000014BD86100F03AB8A0570020014608B521
:10BDA00030B1172203481AF0E1FF0023014AD3758E
:10BDB00008BD00BFA0570020014B83F8AD007047BD
:10BDC000A0570020014B588C704700BFA05700209F
:10BDD000014B83F8CD007047A057002038B5094BC0
:10BDE000187018F03FFB4FF47A74A0FB0405002391
:10BDF00047F6122204FB0151F5F7B0FB024BC3E9F1
:10BE0000000138BD84A60020E0480020F8B510F0FD
:10BE10006AFA044600BB114D2B7813F0FB0F01D1D9
:10BE20000420F8BD18F01EFB4FF47A76A0FB06073D
:10BE300047F61222002306FB0171F5F78FFB084A33
:10BE4000D2E90032C01A074B61EB0201834274EB66
:10BE50000101E5DB2878E4E70120E2E784A6002081
:10BE6000E0480020002E930208B5024813F00AFAB9
:10BE7000002008BDDEC10200014B1B68184700BF4F
:10BE80003801002030B585B004460D46102200214F
:10BE900068461AF018FF02238DF80230044B2A4638
:10BEA0002146684601930CF05FFB05B030BD00BF32
:10BEB00079BE0000014B1860704700BF38010020B8
:10BEC000044608B5EFF31183202383F3128803F0AF
:10BED0004FFC204601F00AF8024813F0D3F913F0A2
:10BEE00007FCFCE70CC202002DE9F047858B0446F5
:10BEF000280717460AD501290CBF45F0100545F063
:10BF00002005A58387F31188BDE8F087022905F095
:10BF1000070540F09080204613F0E4F9052864D826
:10BF200001A353F820F000BF05BF000037C0000098
:10BF3000EBBF0000ADBF0000C7BF0000D9BF0000CD
:10BF400001F007035A1F012A1FD8002221F0070120
:10BF5000062BD4F8008089B2C4E9002209D14346F7
:10BF600003E0E28B0132E2831B68002BF9D141F040
:10BF700002012046A18313F0B5F94FF00009002813
:10BF800068D041F02001A18364E0042B0AD121F0A4
:10BF9000070189B22046A18313F0A4F910B141F042
:10BFA0002001A1834FF00008C14653E02369D3F874
:10BFB0000090A38B23F0070343F006034FF0000823
:10BFC000A383464646E02369D3F80490A38B23F06D
:10BFD000070343F00403F1E72369D3F80890A38B28
:10BFE00023F0070343F00503E8E74FF00008C146DC
:10BFF000E7E7012243F00803A38387F31188002AAF
:10C0000038D1B8F1000F47D1B9F1000F02D0204666
:10C010002A49C847EFF31187202383F31288A38BA3
:10C0200023F008039BB2A383D9063ED523F0100268
:10C03000A28303F00705A669A18B002E80DA0023F6
:10C040009946D4F8008021F00701C4E9003341F09B
:10C050000101A183A38B03F0070AAA4502D0A268BD
:10C06000002AC6D1B8F1000F02D1B9F1000FDBD020
:10C070000022BFE7A1680029C3D00D680029C0D005
:10C080003346524620464F68B8471DB12B682946B3
:10C090001D46F3E72B46FAE7414633465246204613
:10C0A000D8F8008013F04AF9ABE79A067FF52AAF7B
:10C0B00023F02002A28303F007052CE769F30100B7
:10C0C000014B036000207047B48D020070B5104B27
:10C0D0000D461C68B4B10F4B196800238B4202DB7C
:10C0E0006FF0010070BD224612F8106B864202D03C
:10C0F00014460133F2E7E06817F05BFE28B1002038
:10C100002C60EFE76FF00C00ECE76FF01200E9E74E
:10C110003C010020B48D020080B505460E4617464E
:10C12000984608F0DFFA034600F022FC0446DFF8E8
:10C130001890424649F8003039463046A84754F82E
:10C14000090000F0ADFB00BF0800000008B503487F
:10C15000034A0021121A13F0A7FA08BDC8070020ED
:10C16000C4A80020074808B5074A0849121A13F066
:10C170009DFABDE808400648064A0749121A13F01E
:10C1800095BA00BF00000020C40700209CCA02002E
:10C1900000000020000000209CCA020070B5054687
:10C1A0000C46D9B113F06BF8D4E901232168144887
:10C1B00013F068F813F063F8D4E90423E168114838
:10C1C00013F060F813F05BF8E1690F4813F05AF8C8
:10C1D00013F055F8A1690D4813F054F8012D08D15A
:10C1E000EFF3058613F04BF80948A6F1100113F0A0
:10C1F00049F821462846BDE8704007F0E9B800BF7D
:10C2000035C2020065C2020095C20200A5C202004A
:10C21000D4C2020030BFFFF7FDBF00BF2DE9F041DF
:10C2200005460B4EDFF82C80324606EB0807CC1B88
:10C23000204609491AF021FDA01942460021083C78
:10C240001AF041FDEC6707F10800BDE8F08100BF7E
:10C25000000000002C0000009C80020010B5284C5B
:10C2600013F00DF8274813F00DF8A36A990145D58E
:10C2700013F005F8244813F005F81E20A36ADA012C
:10C2800005D512F0FCFF214812F0FCFF1F201C4CCA
:10C29000A36ADB0205D512F0F2FF1D4812F0F2FF8F
:10C2A0000220A36A1C0305D512F0E9FF194812F019
:10C2B000E9FF2120124CA36A590305D512F0DFFFD4
:10C2C000154812F0DFFF2220A36A9A0305D512F069
:10C2D000D6FF124812F0D6FF2320094CA36ADB03D5
:10C2E00005D512F0CCFF0E4812F0CCFF2420A36A33
:10C2F0006FEA03436FEA1343A36210BD1D20BDE73D
:10C3000000ED00E0E8C2020001C3020015C3020014
:10C3100030C302005BC302007AC30200A0C3020064
:10C32000BBC30200F8B52C4C06460D4612F0A7FF21
:10C330002A4812F0A7FFA36ADA0441D512F09FFF42
:10C34000274812F09FFF1720A36A1B0505D512F09E
:10C3500096FF244812F096FF18201F4CA36A9F05F1
:10C3600013D512F08CFF204812F08CFFA76BA36A44
:10C37000180409D512F083FF39461C4812F082FFD9
:10C3800016B14FF40043A3621920134CA36A590558
:10C3900005D512F074FF164812F074FF1A20A36A34
:10C3A000DA050FD512F06BFF124812F06BFF1B205D
:10C3B000094A936A43F47F43936200232B70F8BDCC
:10C3C0001620C1E7A36A9B04F2D512F058FF0A4871
:10C3D00012F058FF1C20EBE700ED00E0E7C302007D
:10C3E000FEC3020010C4020024C402003EC40200C6
:10C3F00054C4020070C4020089C40200F8B52C4C79
:10C4000006460D4612F03BFF2A4812F03BFFA36A96
:10C41000D8064BD512F033FF274812F033FF112016
:10C42000A36A190705D512F02AFF244812F02AFF43
:10C4300012201F4CA36A9A0712D512F020FF204841
:10C4400012F020FF676BA36A1B0608D512F017FFD6
:10C4500039461C4812F016FF0EB18023A362132048
:10C46000134CA36ADE0705D512F009FF164812F037
:10C4700009FF1420A36A9C0605D512F000FF13489B
:10C4800012F000FF15200A4B9A6AD10658BF9A6A2B
:10C490009A6A920642BF5A6A22F400525A629A6A13
:10C4A00042F0FF029A6200232B70F8BD1020B7E71C
:10C4B00000ED00E0B9C40200D0C4020010C40200C4
:10C4C00004C502001DC5020034C5020089C4020073
:10C4D0002DE9F041694B04465F6800258AB0C7F337
:10C4E000080685F3118802F07F43B3F17F4F08D12E
:10C4F00002F00C03082B10D112F0C1FE604812F0BC
:10C50000C1FE12F0BCFE5F4812F0BCFE00210846DE
:10C510000AB0BDE8F041FFF741BE10074CBF0C4622
:10C520000125002CEDD04FF00008F31E8DF8078098
:10C53000092B00F29280DFE803F005848880909058
:10C540009090908C12F09BFE4C4E4F4812F09AFE49
:10C550008DF80780F36A9A0706D512F090FE4B48D3
:10C5600012F090FE002330E0F36A002B03DA12F0A1
:10C5700086FE4748F4E7F36A5B00F3D512F07FFECE
:10C58000444812F07FFE7369A26943F480737361BB
:10C59000BFF34F8FBFF36F8F32F8023C726922F402
:10C5A00080727261BFF34F8FBFF36F8F03F47F42CE
:10C5B000B2F55F4F29D1DBB2022B26D112F05FFE1C
:10C5C0002168354812F05EFE23689DF80720CAB93D
:10C5D00002AE04F12007324620686168083403C2C5
:10C5E000BC421646F7D1099A002D44D0C2F3080187
:10C5F00021B96FEA52226FEA42220992184602A933
:10C60000FFF7CCFD0AB0BDE8F0811C4B9A6AD2B2AC
:10C610002AB101200DF10701FFF7F0FE0FE09A6A41
:10C6200012F47F4F05D001200DF10701FFF77AFECC
:10C6300005E09B6AB3F5803F94D3FFF70FFE0346F6
:10C64000C3E700200DF10701E6E700200DF1070127
:10C65000ECE712F014FE114882E712F010FE104BC6
:10C6600017F4F87F0F49104808BF1946A6F11002C9
:10C6700012F008FE76E76FF30802BEE700ED00E077
:10C6800082C50200AEC50200EBC5020003C602006F
:10C6900025C6020034C6020054C6020071C602005C
:10C6A00054C5020069C5020096C60200064B5A69CD
:10C6B00042F010025A615A6942F480625A615A6922
:10C6C00022F008025A61704700ED00E0EFF30880A5
:10C6D000EFF3098101B57246FFF7FAFE01BD00BF15
:10C6E0000B4880F3088803F0DBF8202080F31188E2
:10C6F00008484FF40061401880F30988EFF3148074
:10C700000221084380F31488BFF36F8F00F05CF8B8
:10C7100008ED0020C8C300201EF0040F0CBFEFF38B
:10C720000880EFF30980816911F8021C0229FFD00B
:10C7300001B5724612F0BCFF01BD00BF00B2002877
:10C7400007DB01234109034A00F01F00834042F840
:10C750002130704700E100E000B200280CDB01222C
:10C760000649430900F01F008240203341F823208E
:10C77000BFF34F8FBFF36F8F704700BF00E100E042
:10C7800000B2002801F10101ACBF00F16040064B8E
:10C790004FEA4111C9B2ABBF00F5614000F00F0094
:10C7A00080F800131954704714ED00E0044B054A5B
:10C7B00023F07F039360BFF34F8FBFF36F8F7047FA
:10C7C0000000000000ED00E008B5FFF7EFFF0B4AA6
:10C7D000D2F8883023F47003C2F88830EFF3148362
:10C7E00023F0040383F31488BFF36F8FFFF7AEFCCD
:10C7F000FFF7B8FC00F09AF806F0F6FE00ED00E056
:10C8000042F8203C009B0B4942F81C3C019B21F064
:10C81000010142F8183C029B42F8081C42F8143C03
:10C820004FF0807342F8043C0023203A0265C0F8C0
:10C830009030704719C1000000B50D4B1546986047
:10C84000C26F0C4B0E461A60C36E83F30B882C46E6
:10C8500086F309880020044B9847204600210022D7
:10C860000023024C20470000E7F6010019C1000038
:10C870009C5C0020885800201022014B1A617047F0
:10C8800000ED00E0044B5A699B689A421EBF4FF0CE
:10C890008052024B5A6070479C5C002000ED00E023
:10C8A000084B9B6883420AD1EFF305833BB14FF0FD
:10C8B0008052054B5A605A6A22F400425A6217F0BD
:10C8C000A6BC00BF9C5C002000ED00E014498A6813
:10C8D0004FF030001044EFF3098C80E8F01F202067
:10C8E00080F312880F4F4FF000664A698A603E60FD
:10C8F000D06F0D4C2060D2F890000023C2F8903029
:10C9000080F3118802F1300090E8F01F8CF3098861
:10C9100002F1000004B512F0DFFEBDE804407047EC
:10C920009C5C002004ED00E08858002000232020BB
:10C9300040F20F1210B5044CE1180133934281F814
:10C940000003F9D110BD00BF00E100E008B5EFF32E
:10C950000583064A103B02EBC30152F833004968D5
:10C960008847BDE80840FFF78DBF00BFE8760200AA
:10C970000148006870470000885800201FB5012159
:10C98000094B0A4A0A4800F0F7F80023064A0393C5
:10C99000084B0121019301A8D31A029300F0F6F885
:10C9A00005B05DF804FB00BF00000420000000207B
:10C9B000D88D0200C80700200A7A0B6810B562F310
:10C9C00004031C46CB68520923F01F0343EA4203C9
:10C9D000044A43F00103C2F89800C2F89C40C2F830
:10C9E000A03010BD00ED00E010B5074BD3F890303B
:10C9F000C3F30723013B984202D8FFF7DDFF10BDC8
:10CA00006FF01500FBE700BF00ED00E02DE9F04FEF
:10CA10000F46144606464FF000084B4D85B0B8450A
:10CA200080F28E80D6F80490B9F1000F35D0B9F1BC
:10CA30001F0F40F2838019F01F0F7FD1D6F800A09E
:10CA40001AF01F0F7AD1504612F06CFE834609EBA4
:10CA50000A00013812F066FE83456FD11BF1160FF4
:10CA60006CD05C456ADDC5F898B0D5F89C10C5F867
:10CA700098B0D5F8A03021F01F0143F01F0AD6E985
:10CA800000321A44994202F1FF391BD1CA4508D13C
:10CA900031465FFA8BF012F04EFE08F101080C36B9
:10CAA000BDE73146C5F898B0D5F89C30E0B263F3E5
:10CAB0000402C5F89C2012F03EFE10F1160F3DD086
:10CAC000441CEAE7C5F898B0D5F8A020013B23F054
:10CAD0001F0302F01F021343CA453146E0B2C5F8F6
:10CAE000A030E8D012F027FE10F1160F26D0C5F8BE
:10CAF00098B0D5F89C209DF808300AF1FF3A62F30F
:10CB000004038DF80830D5F8A0309DF808205B08A4
:10CB100063F347128DF80820D6E9003213440093DE
:10CB200023F01F035344A3EB0903013023F01F0339
:10CB30006946C0B20393FFF757FFBEE76FF01504D5
:10CB4000204605B0BDE8F08F00ED00E00522044B63
:10CB5000C3F89420BFF34F8FBFF36F8F704700BFB0
:10CB600000ED00E0BFF35F8F0022024BC3F894207A
:10CB7000704700BF00ED00E010B5034C2278FFF7CE
:10CB800045FF207010BD00BF85A600202DE9F74F9E
:10CB9000294D8A4606464FF00008AB46274FD04540
:10CBA0001BDAD6F80490B9F1000F3FD0316808467F
:10CBB000019112F0B7FD0199044609EB010001381B
:10CBC00012F0B0FD84424FF014021D4B08D002FB5E
:10CBD00008F36FF015024BF8032003B0BDE8F08FA7
:10CBE00014F1160F2C60F8D01978A142F5DD02FB84
:10CBF00008B0C7F89840C7F89840D7F89C4000F1B3
:10CC00000801007B64F304000871D7F8A0000C79D8
:10CC1000400860F347140C71D7F89C1021F01F01F5
:10CC20006960D7F8A01021F01F01296108F10108FF
:10CC300014350C36B3E700BF8C58002000ED00E03F
:10CC400085A60020F0B55349534DD1F890302C689B
:10CC5000C3F307239C4287B000F299800020FFF7BE
:10CC600081FF4E4BC1F8C030844216D14C4D01A813
:10CC70002C70FFF725FA002607464A4CB74213D11D
:10CC800000202B784349D1F89020C2F30722934229
:10CC900077DBFFF75BFF002046E0696801EB0011DE
:10CCA000FFF78AFE0130DFE70199300101EB06133F
:10CCB000DA682240B2F1807F52D00AD8B2F5001F64
:10CCC00034D0B2F5800F3ED0B2F5801F12D00136BD
:10CCD000D4E7B2F1006F43D0B2F1805FF7D15A6868
:10CCE0009B680958013B22F01F00034423F01F03F7
:10CCF000012032E05A689B680958013B22F01F006E
:10CD000003440120844623F01F0340EA4C10CDE980
:10CD100002218DF8100002A928780593FFF764FE20
:10CD200000282ADA6FF0150007B0F0BD5A689B683A
:10CD30000958013B22F01F0003444FF0020C012070
:10CD400023F01F03E1E75A689B680958013B22F072
:10CD50001F000344022023F01F034FF0000CD4E710
:10CD60005A689B680958013B22F01F0003444FF0AA
:10CD7000030C012023F01F03C7E72B7801332B702E
:10CD8000A5E7C1F89830C1F8A00001337BE74FF068
:10CD9000FF30C9E700ED00E0E48D0200AAFF440087
:10CDA00085A600200000F0FF08B5024B1B689847DD
:10CDB000002008BDA0580020034B044A1860937857
:10CDC00043F0020393707047A058002040010020F8
:10CDD00008B50649064821F00701C1F1005202F5E5
:10CDE000802212F009FA002008BD00BF6F0D01205B
:10CDF000A45800204FF0FF324FF0FF33014806F0F7
:10CE000079BD00BF50010020014806F015BE00BFEB
:10CE10005001002038B50546FFF7ECFF2A460821EF
:10CE2000074812F078F9044628B925B1FFF7A0FDAC
:10CE30000C22044B1A50FFF7E7FF204638BD00BF15
:10CE4000A45800200C00000010B50446FFF7D2FFE4
:10CE50002146034812F0DDF8BDE81040FFF7D4BFCB
:10CE6000A458002070B5A0FB015434B92846FFF740
:10CE7000D1FF064640B9304670BDFFF779FD0C2260
:10CE8000044B00261A50F6E72A46214619F01BFFEC
:10CE9000F1E700BF0C00000008B5084A084B1A6013
:10CEA00000F05EFB00200122064BC3F80409C3F822
:10CEB0001C07C3F80009C3F8002608BD0020A1071D
:10CEC000340600200000125048B1054B054A1B688B
:10CED000B3FBF2F35843044B43F001031847704788
:10CEE0003406002040420F00D0800200BFF34F8F75
:10CEF0000549064BCA6802F4E0621343CB60BFF3F6
:10CF00004F8F00BFFDE700BF00ED00E00400FA0511
:10CF100008B5002002F07CFD0A4AD2F8183523F04B
:10CF20000103C2F818354FF0FF32074BC3F8002653
:10CF3000012203F59033C3F80025BFF34F8F20BFC4
:10CF4000FDE700BF00F00C5000E01050084B024617
:10CF5000596811B11968884207D0D86830B199680A
:10CF600004488A4218BF002070471846704700BF27
:10CF7000B0580020B858002002460B46014806F081
:10CF8000B9BC00BF68070020014806F055BD00BFCE
:10CF9000680700202DE9F74F4FF000098246084648
:10CFA0000F469046F4F706FB4E4683464FF0FF319E
:10CFB0004FF0FF30FFF7E0FF194B1C689C4208BFA1
:10CFC00000245B685CB9FFF7DFFF36B3CAF8006086
:10CFD000B8F1000F1DD1002003B0BDE8F08FA569A6
:10CFE000A94512D8AB4510D3012D03D97A5D2F2A5C
:10CFF00000D052B92A463846E168019319F0A4FEE0
:10D00000002804BFA9462646019B9C42DBD0246829
:10D01000D8E7B369C8F80030DDE76FF00100DBE75F
:10D02000540200202DE9F0410446002855D0C5687F
:10D03000002D52D00368002B4CD12846F4F7BAFAE1
:10D040000746002849D02B782F2B46D1244E4FF08D
:10D05000FF304FF0FF31FFF78FFF3568D6F80480BF
:10D06000B54208BF0025DDB9A068FFF76FFF58B3D0
:10D07000D0F80480B8F1000F26D0D8F82C3033B3A4
:10D0800020469847051E06DB7368C4E90678C4E9A4
:10D0900000631C607460FFF777FF2846BDE8F081ED
:10D0A000AB69BB4209D122692B699A4209D03A4641
:10D0B000E968E06819F048FE18B14545D4D02D68FC
:10D0C000D1E76FF00F05E6E76FF00105E3E76FF0DA
:10D0D0008505E0E76FF00F05DFE76FF01505DCE78A
:10D0E00054020020F8B5002506460D600F464FF0AB
:10D0F000FF304FF0FF31FFF73FFF0F4B1C685A68BE
:10D100009C4208BF2C462B4624B13168994209D075
:10D11000944204D1FFF738FF6FF00100F8BD246896
:10D120000133F1E7FFF730FFE36800203B6033682D
:10D1300001333360F2E700BF5402002038B50446E3
:10D140000D464FF0FF304FF0FF31FFF715FF20463F
:10D15000FFF7FCFE08B143687BB90B4B5A6812B16C
:10D16000DA686AB9012243F83240002403EBC203B3
:10D170005D60FFF709FF204638BD6FF07704F8E7E0
:10D180006FF01B04F5E700BFB058002038B131B193
:10D190008B6918440278024B002A08BF1846704772
:10D1A000CAAA020010B5036804465A6D1AB1196E76
:10D1B000044816F04FFE2168034816F085FE002350
:10D1C000236010BD50070020F8060020002807DA71
:10D1D0005430522802D8034B185670476FF00400A1
:10D1E000704700BFEDC80200002805DA5A30582801
:10D1F00004D8044B18567047002070476FF00400A5
:10D20000704700BF94C80200F8B50446D4F8FC305B
:10D210000846002B50D1130751D404F1FC01C0B2D1
:10D22000FEF754FF00284DDBD4F8FCC0BCF1000F22
:10D2300048D0DCF80C30002B44D06669A569E3695E
:10D24000002E08BF1026002D08BF1025002B08BF98
:10D250004FF48053626A802B38BF8023002A03D0AA
:10D2600004DC4FF0FF3201E04FF40072A06AE16A83
:10D27000002808BF4FF48070002908BF2021DCF887
:10D280000870C4E90A01B7FBF3F70020C4F800C036
:10D29000DFF838C00E49C4F804C0DFF838C0C4E96C
:10D2A0000565C4F808C0C4E90737DFF82CC0216160
:10D2B000C4F80CC06262F8BD6FF00F00FBE76FF0BE
:10D2C0008500F8E76FF01200F5E700BFF1FA010002
:10D2D000BDFA0100D5FA0100C1FA010010B5012024
:10D2E0000449FFF72BFF044610B90348FFF79AFEE5
:10D2F000204610BD0C8E02005C0200202DE9F74391
:10D30000436804461E6988461546014600220023EC
:10D31000234806F00DFA014600283ED12768642212
:10D32000384619F0D0FCD6F8E41000220023896AB0
:10D330001C4806F0DDF9386660B3B94649F8540F69
:10D3400061684046FFF722FF8046304612F0DEFB60
:10D350002901AB0103F4006301F48071194305F066
:10D3600003030B4342463946CDF8009006F17C009A
:10D3700016F03EFC054606F5807012F0CFFB002D3E
:10D3800002DA2046FFF70EFF284603B0BDE8F0435F
:10D39000FFF71CBF6FF00B05F3E703B0BDE8F083A8
:10D3A000F80600205007002070B5436804461E6947
:10D3B0000D46002201460023144806F0B9F9014643
:10D3C00008BB3422206819F07EFC61682846FFF70C
:10D3D000DDFE0546304612F099FB2A46216806F12B
:10D3E0007C0005F035FF054606F5807012F096FBCF
:10D3F000002D03DA2168054816F066FD2846BDE8D1
:10D400007040FFF7E3BE6FF00B0070BD18070020FF
:10D4100070B5044643681E69304612F077FB2168F8
:10D4200006F17C0016F088FC054606F5807012F0C7
:10D4300075FB2168034816F047FD2846BDE870409B
:10D44000FFF7C4BE18070020F8B5154B04460029A5
:10D4500014BF0D461D4600231646C5F8FC3005F5E1
:10D460008077384616F0CAFD284612F04FFB214659
:10D4700032462846FFF7C8FE044648B9294605F15A
:10D480007C0005F079FB041E02DAFFF79FFE0446DC
:10D4900000233846C5F8FC3012F040FB2046F8BDAA
:10D4A000940300202DE9F34707460D4614461A4819
:10D4B00016F07FFC90B96FF0120054BBAC4227D23B
:10D4C0002E1B042E28BF042614F06BFF3246019059
:10D4D00001A9381919F0D1FB3444EFE700264FF6C3
:10D4E000FF793046DFF830A00EE078B9A5EB0608EA
:10D4F000C84528BFC846DAF80830B9191B6806487D
:10D500001FFA88F298474644AE42EED30028D4DB97
:10D51000002002B0BDE8F0870876020030B585B083
:10D5200001909DF820000C4C0C4D8DF808008DF8F2
:10D530000910ADF80A200393AC4202D3002005B0D5
:10D5400030BD236813B1019A934203D1D4E901316C
:10D5500001A898470C34EFE7908002009C800200FD
:10D560000122024BC3F80424704700BF002008E0EA
:10D5700038B5044C044DAC4200D338BD54F8043BDC
:10D580009847F8E760D2020068D2020008B5084B5D
:10D590001A785AB9012140F205101970FFF7F0F816
:10D5A000BDE8084040F20510FFF7C8B808BD00BF4D
:10D5B00086A6002010B50022012386B06C46CDE976
:10D5C000022304ABCDE904336A4680230649CDE942
:10D5D000004412F0BBFC28B943F609520023684608
:10D5E00006F0FCFA06B010BD2BFF010070B50A462C
:10D5F00005460C464023064950F8040C12F0A6FCE0
:10D60000014620B128462346BDE87040184770BD4A
:10D61000E7FE010010B5044603691860FFF7B6FF86
:10D6200020690549043011F0AAFE0028A1BF01229B
:10D6300023690020DA6210BD588E020001220B4BD4
:10D64000D3E8EF1F002903D1C3E8E02F0028F7D16A
:10D650000AD1074A074B0021536003230648936011
:10D660008368D160DB691847704700BF985B002072
:10D67000805B002045D700008875020007B50022B6
:10D6800000230948CDE90023084A002307F0BAFA2D
:10D690000748002183681B6A98470022054B1A60DF
:10D6A00003B05DF804FB00BF8806002048E80100D5
:10D6B00088750200985B002073B51D4D4E21AE6841
:10D6C0002846F36898471B4C70B100231A46237014
:10D6D000217809B1012A1FDD174A138002F00CFAE4
:10D6E0000123237002B070BD0C216A4628463369BD
:10D6F00098470028E9D1114A019B93FBF2F3009A65
:10D7000003EB82030C4A1BB2B2F900209A1A002ADA
:10D71000B8BF524212B2DBE7094A013913682170DF
:10D720000133136002B0BDE87040FFF7A7BF00BF30
:10D73000C876020087A60020D6A1002090D0030062
:10D74000905B002008B5074816F033FB28B902F0BB
:10D75000D3F90122044B1A7008BD0448BDE8084003
:10D7600006F0C2BBC876020087A60020A8040020ED
:10D770000023024A1360024A13607047945B002042
:10D78000905B00200022024B1A70FFF757BF00BFCA
:10D7900087A60020014807F057BA00BF880600207E
:10D7A000024A136801331360FFF768BF945B0020DF
:10D7B00010B50446064802F04FF930B9FFF7D8FF1C
:10D7C0002046BDE81040FFF725BF6FF0040010BDF4
:10D7D000D5D70000022808B502D0032807D008BD1D
:10D7E000FFF7D0FFBDE80840034812F001BCBDE8D8
:10D7F0000840FFF7D5BF00BF68750200F8B50122E9
:10D8000006462249D1E8EF3FC1E8E02F0028F9D1D0
:10D8100033B91F491F484B60CB608A6011F0C2FDCD
:10D82000731E012B26D816F0CBFC044638B1EFF35B
:10D830001185202383F312880124174F0DE0174B25
:10D840001B78002BF3D00422134B0546C3F80823A2
:10D85000F3E784B1284611F058FFD7F84C24D7F8E5
:10D860004C34D203F5D59B0701D0012EF1D13CB148
:10D8700085F31188F8BD2020002106F0BBFEECE7FF
:10D880000422054BC3F80423F4E700BFAC5B00207F
:10D890009C5B0020B45B002000E01050BAA6002082
:10D8A00010B5EFF31184202383F31288054A13681F
:10D8B00023F00201DB07116001D414F0CAFD84F3E8
:10D8C000118810BD105C002010B50446054802F018
:10D8D00099F920B92046BDE81040FFF79BBE6FF0D4
:10D8E000040010BDE9D80000042806D1034BDB6A10
:10D8F0005B0702D1024812F07BBB7047E05B00205F
:10D900008875020010B5EFF31184202383F3128889
:10D910000D4A136843F002011160DA0705D484F35D
:10D920001188BDE8104002F07BB9084BD3F80C34E5
:10D93000DB03F4D5064812F0FBFA84F31188BDE846
:10D940001040044812F054BB105C002000E010505E
:10D950000C5C00208875020008B5074816F029FA0B
:10D9600038B10648FFF728FA0448FEF7A3FA00206A
:10D9700008BD6FF01200FBE72876020081D9000095
:10D980000A2838B50446074D04D1AB680D21284656
:10D990005B689847AB6803485B68E1B298472046EC
:10D9A00038BD00BF287602000023024A0020C1E9EA
:10D9B0000023704700D0170000487047748E0200A3
:10D9C000024B0B6001231360704700BF7C8E020086
:10D9D00008B501220448114616F018FB034B044A0F
:10D9E0000020C3F80C2508BD145C002000B00450D2
:10D9F000800000802DE9F04105460E4690461C4609
:10DA00006BB34FF0FF324FF0FF33164806F0E6F8E5
:10DA100042F20103144F2246C7F80035D6B1314611
:10DA2000284619F02AF9BFF35F8FD7F81834DB07BF
:10DA300006D4C4F308041CB10123BB60BFF35F8F9D
:10DA40004FF40052084BC3F800250648BDE8F041EA
:10DA500006F08CB84146284619F035F9E3E7BDE8F1
:10DA6000F08100BF145C002000B00450084638B5B7
:10DA70001146A2B140EA030414F00F040FD10028AC
:10DA80000DDB084A90420AD8C0F5BE1202F580525A
:10DA9000934204D82246FFF7ADFF204638BD6FF011
:10DAA0001500FBE7FFCF170010B50C1E10461A46F5
:10DAB0000CDB084B9C4209D8C4F5BE1404F5805415
:10DAC000A24203D819F0D9F8002010BD6FF015005C
:10DAD000FBE700BFFFCF170070B510460E4693B1AD
:10DAE00042EA030515F00F010FD1002A0DDB084AA9
:10DAF00090420AD8C0F5BE1202F58052934204D873
:10DB00003246FFF777FF002070BD6FF01500FBE78E
:10DB1000FFCF170008B5084613468AB11143C1F379
:10DB20000B0179B900280DDB084A90420AD8C0F5EC
:10DB3000BE1202F58052934204D8FF22FFF75AFF2B
:10DB4000002008BD6FF01500FBE700BFFFCF1700F6
:10DB50002DE9F04340F206354768D00648BF4FF044
:10DB6000030C3B7C02EA050558BFC2F3401C87B09A
:10DB700001F01F06B5F5837F144646EA43168DF87B
:10DB800003C045D00DD8062D44D005D8A5B1022D2F
:10DB900012D06FF0150038E0B5F5807FF9D101257E
:10DBA0000AE040F20222954236D0B5F5407F35D0EA
:10DBB000B5F5007FEDD10425220331D501237A6824
:10DBC0008B405360B86890BB5F2E06F01F034FEA8E
:10DBD000561175D83C4A52F82120C4F3004102EB9B
:10DBE0008302D2F8803081F00101C4F3404423F471
:10DBF000706344EA410423F00F031C4344EA8C049D
:10DC000044EA0524C2F88040002007B0BDE8F08354
:10DC10000925D1E70825CFE70625CDE70525CBE780
:10DC2000630341BF01237A688B409360CAE73146A2
:10DC30000DF1020214F0CFFD14F4403F80460CD1E8
:10DC40003146B86814F0E0FDB8F1000FDCD19DF862
:10DC50000210B86802F0FEFAD6E74FF0000901ABF7
:10DC6000CDE90199CDE90439CDF80C903146B86879
:10DC700003AA14F0F9FC4845C6DB14F4003314D0B1
:10DC80009DF80330C4F3004484F001048DF80E3095
:10DC90008DF80C508DF80D404B463146B86803AAFC
:10DCA00002F02AFA0028CFDAAEE7CDE904330DF10D
:10DCB000030303933146B86803AA14F0D5FCF1E7D7
:10DCC000203350F82330FFDE848E020070B54568A3
:10DCD0000646AB7CDA0707D56968C3F341030A6BD4
:10DCE00022F0030213430B63A868C0B114F086FD51
:10DCF0000146A0B9A86802F075FA0446A8B9024620
:10DD00000B49A86814F064FD22460121DB20FEF7D0
:10DD100037FD2246012140F20D10FEF731FD30465D
:10DD2000BDE87040034911F002BC6FF0040070BD03
:10DD300039DD0000FD0002004209022A034670B5E9
:10DD400003D0012A18D0CAB170BD0E4E3269516895
:10DD50000029F9D0012503F01F030C689D4000291C
:10DD6000F2D08A682A4002D030464B6898473CB1CE
:10DD7000236821461C46F2E7034EE7E7034EE5E73A
:10DD80002346F6E7E8750200C8750200A875020090
:10DD9000F0B544681646A068227C01F01F0587B0E4
:10DDA00045EA421500286CD0B6F5001F04D129467B
:10DDB00014F07CFD002055E06268607CB6F5800FB1
:10DDC00050624FF0000001AA0190506039D1B3F1C8
:10DDD000007F14BF052304238DF804300023CDE910
:10DDE00004230393E3680DF1030723FA01F111F013
:10DDF000010139D1B6F1A07F36D105F01F035F2DA7
:10DE00004FEA551003F120033ED8214A52F8202052
:10DE100052F82330DB0727D43A462946A06814F08D
:10DE2000DAFC163018D002972946A06803AA14F02D
:10DE30001BFC002816DB01222946A06814F0E6FC32
:10DE4000B8E7B3F1C06F05D0B3F1007F14BF012371
:10DE50000223C1E70323BFE73946A06802F004FAB2
:10DE60000028E0DA07B0F0BD3A462946A06814F071
:10DE7000B2FC0028D8D19DF80310A06802F0EAF99E
:10DE8000D2E76FF08500EDE751F82330FFDE00BFE9
:10DE9000848E0200082913B528BF08210C46084AC1
:10DEA000D2F80433D2F808231BBA12BA00920A46F9
:10DEB0006946019318F0E1FE204602B010BD00BF94
:10DEC00000C0FF001C4BD3F8002602F0010312F043
:10DED000060F18BF43F01003110648BF43F48073C8
:10DEE000D10548BF43F08003510548BF43F02003EC
:10DEF000510648BF43F00203910548BF43F0800339
:10DF0000D10448BF43F08003110748BF43F020030A
:10DF1000D10648BF43F02003910648BF43F02003D9
:10DF2000110548BF43F40063920448BF43F0400327
:10DF300003600020704700BF00E010504FF0FF3238
:10DF4000024B0020C3F80026704700BF00E01050CD
:10DF5000034610B40C46DA88006802F040021979D2
:10DF6000224383689C6944B11F290AD8064BA44602
:10DF7000134010BC02F0B07260476FF0570010BC45
:10DF800070476FF01500FAE740000006F0B550F852
:10DF9000185C85B06B682A69DC68D2E8AF2F012A6B
:10DFA00022D06B6818389E68104A041BE11001FBF0
:10DFB00002663046DF6812F0C6F8031E14DB3A1919
:10DFC00092F910108B420FD04FF0FF304FF0FF311D
:10DFD00013743289CDE902010121003B18BF0123EE
:10DFE00028460091FFF79AFA05B0F0BDACAAAAAA9C
:10DFF0002DE9F74F44688046E66800271836354615
:10E000004FF00C0B6368BB4204DC637D002B49D1ED
:10E01000002044E00BFB07FAA26852F80A0002EB6A
:10E020000A09019215F0C5FE00284ED0019A99F810
:10E03000041052F80A00B9F8062042F4803212F0B7
:10E0400061F860BB45F8188C2846216916F097F8EE
:10E05000627D12B101374835D4E70123A16801EB95
:10E060000A0999F8042003FA02F21B4B45E904322D
:10E0700051F80A00A5F114018368DB6943B301225A
:10E08000984700280BDB484612F05DF84FF0E86136
:10E0900005F8080C4846FFF75BFF0028DADA03B002
:10E0A000BDE8F08F47F6122540F2E73000212468E2
:10E0B0004FF47A720023E4FB0501F3F74FFA0246AE
:10E0C0000B46304605F0B0FFA2E76FF01200E6E71E
:10E0D0006FF05700E3E700BF7101020029282DD03F
:10E0E00010D80F2824D006D8072819D00A281CD009
:10E0F0006FF01500704714281DD01F28F8D147F67F
:10E1000012230FE0FA281FD005D83E2819D07D2809
:10E11000EED10E4B06E0B0F5FA7FE9D10C4B01E0F1
:10E1200041F6826300200B60704742F6B403F9E7C2
:10E1300043F60E53F6E745F25E13F3E74AF2C623C1
:10E14000F0E74FF22443EDE7024BEBE748E801002C
:10E1500020A1070090D0030013B5044601A9008E4A
:10E16000FFF7BCFF08B100230193019AD2B194F8E4
:10E170003230591F072915D8A18E0C480831994013
:10E18000A1FB00010023F3F7E9F940F2E733C018DF
:10E190004FF47A724FF0000341F10001F3F7DEF91A
:10E1A00002B010BD4FF47A70FAE700BF40420F0092
:10E1B00013B5044601A9008EFFF790FF08B10023B4
:10E1C0000193019A1AB394F83230591F07291ED8C7
:10E1D00040F61B01981E8000B1FBF0F101310D48A3
:10E1E000C9009940A1FB00010023F3F7B7F940F201
:10E1F000E733C0184FF47A724FF0000341F1000189
:10E20000F3F7ACF900EB9000643002B010BD47F2B8
:10E210003050FAE740420F0013B590F83D2090F8D7
:10E220003240002A008E01A908BF0222FFF756FFE4
:10E2300098B9631F072B10D80948019BA040B0FB79
:10E24000F3F04FF47A7302FB0000B0FBF3F064309C
:10E25000C82838BFC82002B010BDC820FBE700BFE7
:10E2600040420F00134B07B5994216D8124B994202
:10E2700016D8124B994216D8114B994216D86B22D8
:10E280006F238DF804208DF805309821022301AA10
:10E2900013F061FB03B05DF804FBE122E923F0E732
:10E2A000D722DB23EDE7C122C523EAE775228123CC
:10E2B000E7E700BF00E9A43580F8A9328044E52DE6
:10E2C000000B6B1B73B5254A254E264D0369B142E1
:10E2D00098BF1546EA7840F69C0183F89F220123F7
:10E2E0000DF10702044613F0ABFB002834DB9DF868
:10E2F00007302A7823F01F0302F01F0213438DF822
:10E30000073040F69C01012320460DF1070213F06F
:10E310006DFB002820DB6B7840F69D018DF80730FF
:10E32000204601230DF1070213F060FB002813DBE8
:10E33000AB7840F6B9018DF80730204601230DF186
:10E34000070213F053FB002806DB072340F6F50114
:10E3500020462A1D13F04AFB02B070BD50C90200CE
:10E36000FF45C3235BC9020010B50649044613F0FC
:10E370002AFC002804DB204613F077FA00EAE0705C
:10E3800010BD00BFB503020013B5002A0C4601A959
:10E3900008BF0222FFF7A2FE08B1002301930C2C54
:10E3A00028BF0C24052C38BF052401990C48631F95
:10E3B000814207D90B49C85C072A0BD90238C0B281
:10E3C00002B010BD0848C05C084B994298BF00F1EC
:10E3D000FF30F1E7032A88BF00F1FF30EFE700BF0D
:10E3E0001FA1070048C9020040C9020047E8010018
:10E3F00038B50C4621B1012915D06FF0850038BD24
:10E40000456805F13C0012F039F805F1440012F0BE
:10E4100035F805F14C0012F031F805F1540012F016
:10E420002DF82046EBE744684FF4B011114A04F18F
:10E430003C0013F0EAF90028E1DB4FF4B0110E4A7A
:10E4400004F1440013F0E1F90028D8DB4FF4B011D7
:10E450000A4A04F14C0013F0D8F90028CFDB4FF43E
:10E46000B011074A04F1540013F0CFF900EAE0704C
:10E47000C5E700BF09C7020018C7020022C7020093
:10E480002CC702002DE9FF471F46054688469246E5
:10E490000223066906F11409D9E8EF2F002A03D1F7
:10E4A000C9E8E13F0029F7D161D118364FF0FF32BA
:10E4B0004FF0FF33304611F03CFF2846FFF754FF82
:10E4C0000446002848D100232A4A01904FEAD81177
:10E4D0004FEA4860F3F742F800BA0390042386211C
:10E4E000284603AA13F037FA041E32DB05234246FE
:10E4F0005146284600F0EAFC041E2ADB0122284689
:10E50000114612F01CF8019BD1211A46284613F03F
:10E5100022FA041E1DDB304612F047F84FF47A73DE
:10E5200047F6122C40F2E7305F4301994FF47A72BC
:10E530000023E7FB0C01F3F711F806F05BF84FF04E
:10E54000FF324FF0FF33304611F0F3FE284611F052
:10E5500088FF284612F032F8304612F026F80021E3
:10E56000484612F024F8204604B0BDE8F0876FF06A
:10E570000F04F8E70048E8012DE9F74F06698246E5
:10E5800096F840000A46002844D0B6F830B06946F4
:10E590005846FFF7A3FD214B96F83280009F03FAFF
:10E5A00008F9B9FBF7F7DAF80430B58E93F8633061
:10E5B0000435BC0863B9584601A9FFF78FFD019BDC
:10E5C000B9FBF3F943F6FC73994594BF002301238B
:10E5D00096F83BC0D1008CF0010C1C3101EB0C1102
:10E5E000A1EB8801A8EB430321EAE17101EB830170
:10E5F0009800013991FBF0F196F8333004F5FA7088
:10E60000043303FB01554FF47A73083507FB05000B
:10E61000B0FBF3F003B0BDE8F08F00BF40420F0045
:10E620002DE9F04F046987B094F840B00546924652
:10E6300002910393BBF1000F00F06B81FF2A00F2FF
:10E640006881022304F11406D6E8EF2F002A03D1D3
:10E65000C6E8E13F0029F7D10BD0D6E8EF2F032A17
:10E6600003D1C6E8E13F0029F7D104D06FF00F08CD
:10E6700019E04FF0000B204604F1180711F0C2FF1B
:10E680004FF0FF324FF0FF33384611F052FE28466C
:10E69000FFF76AFE804650B1384611F086FF002130
:10E6A000304611F084FF404607B0BDE8F08F94F883
:10E6B0003C30022B40F0AC80384611F076FF4146EA
:10E6C000304611F074FF2046FFF7A6FD47F6122EE4
:10E6D0008446414640F2E7304FF47A720023ECFB67
:10E6E0000E01F2F73BFF02460B46284612F04EF8A9
:10E6F000B0F1000921DD4FF0FF324FF0FF33384613
:10E7000011F017FEBBF1000F10D0D4F8B8316BB187
:10E710000323D6E8EF2F002A03D1C6E8E13F002902
:10E72000F7D103D12146284612F0FDF8384611F002
:10E730003CFF6FF00F09C846B5E721D019F1580F1B
:10E740001ED04FF0FF324FF0FF33384611F0F1FD8D
:10E75000BBF1000F10D0D4F8B8316BB10323D6E869
:10E76000EF2F002A03D1C6E8E13F0029F7D103D1FA
:10E770002146284612F0D7F8384611F016FFDAE79E
:10E780000223D6E8EF2F002A03D1C6E8E13F002993
:10E79000F7D14FF0FF324FF0FF33384612D011F06F
:10E7A000C8FDBBF1000FC1D0D4F8B831002BBDD0EB
:10E7B0000323D6E8EF2F002AB3D1C6E8E13F0029B2
:10E7C000AFD0F6E711F0B5FD2846FFF7CDFD814645
:10E7D000F0B1384611F0E9FE3046002111F0E7FEB5
:10E7E0004FF0FF324FF0FF33384611F0A2FDBBF17E
:10E7F000000FC1D0D4F8B831002BBDD00323D6E828
:10E80000EF2F002AB3D1C6E8E13F0029AFD0F6E7E9
:10E81000039BC4F8CC3104F1440015F0BAFB94F822
:10E820003B3094F83920A18E2846009283F00103F2
:10E830005FFA8AF211F0C5FD061E5FDB5346002128
:10E840002846029A13F021F9061E57DB2846218E2E
:10E8500011F08FFD061E51DB01222846114611F0F2
:10E860006EFE05232846E26A94F9361000F02EFB6E
:10E87000061E43DB6B6893F83830BBB9012340F6C2
:10E88000D801284605AA13F0DBF8061E36DB9DF8F2
:10E89000143040F6D80143F01E038DF8143028469A
:10E8A000012305AA13F0A2F8061E27DB51462846CD
:10E8B000FFF762FE184B00EB900000F5FA709842EB
:10E8C00028BF184642F21073984238BF1846830199
:10E8D000C0F38F22C0F387008DF814208DF8150047
:10E8E0008DF8163083210323284605AA13F033F848
:10E8F000061E03DB384611F058FED4E600232846F6
:10E90000C4F8CC3111F05AFE384611F04EFEB04634
:10E91000C9E66FF01508C6E6FFFF030037B5002310
:10E9200004460569FFF77CFE80B90023094A01A966
:10E9300005F1440004F086FF002809DA204611F0B2
:10E9400090FD204611F03AFE6FF0730003B030BD29
:10E950000198FBE70E270700F0B5044605694768F4
:10E9600089B005F1180015F049FB05F1780105F1B2
:10E9700044000123042215F0F1FA0123082205F1D5
:10E98000B00105F17C0015F0E9FA6E4905F5E87073
:10E9900015F0DFFB00260122002105F53C7015F083
:10E9A00035FB012105F11400C5F8984211F0FFFD77
:10E9B000314605F5E070C5E96E6685F8406011F0F6
:10E9C000F6FD284685F89C6211F01CFE97F8613030
:10E9D000314685F89D32252305F5397085F89F323B
:10E9E00011F0E5FD584905F52C7015F0C8FB574BA3
:10E9F0004FF42062059305AB554985F8E06205F5B3
:10EA0000F07000934FF0FF33CDE9066605F072FA1F
:10EA1000204600F0D9F90028C0F28C8020464D49EC
:10EA200013F0D1F80028C0F285802046656813F005
:10EA300087F800287EDB204611F013FD002879DBE3
:10EA400095F86030002B54D195F85F30002B73D1CE
:10EA500095F86230962183F001038DF80C30204642
:10EA6000012303AA12F077FF002863DB00250223AD
:10EA70008F21204603AAADF80C5012F06CFF00283D
:10EA800058DB402393218DF80C302046012303AA44
:10EA900012F061FF00284DDB01238A2120460DF191
:10EAA0000B028DF80B3012F056FF002842DB2A4B88
:10EAB0002046CDE90335082303AA194612F04BFF7F
:10EAC000002837DB40F2FF31204611F046FC0028D9
:10EAD00030DB40F6AC01204611F0E5FC40F6890140
:10EAE000204611F0E0FC204611F068FD00EAE070DD
:10EAF00020E0B5F85C3095F85E109A019B0A8DF81D
:10EB00000D3053BA8DF80C10ADF80E309721042358
:10EB1000204603AA12F01FFF00280BDB7F23892168
:10EB20008DF80A30204601230DF10A0212F013FF7E
:10EB3000002889DA09B0F0BD204611F078FC0028E1
:10EB400086DAF7E7250C0200910902003BC70200B4
:10EB5000C8B90020B503020003F703D32DE9F74F2E
:10EB600089460669D0F80480054601A9B9F8040071
:10EB700011F09FFB824688B9012306F1140BDBE8F4
:10EB8000EF2F002A03D1CBE8E13F0029F7D108D0CD
:10EB90006FF00F04204603B0BDE8F08F6FF015044E
:10EBA000F8E706F118074FF0FF324FF0FF33384611
:10EBB00011F0BFFB2846FFF7D7FB044638B13846B3
:10EBC00011F0F3FC5146584611F0F1FCE2E74B46D8
:10EBD00006F12C0209F1140153F8040B8B4242F8A0
:10EBE000040BF9D199F80630053B012B04D8B38EFC
:10EBF0000B2B9CBF0C23B3862846D9F80010FFF7D7
:10EC000031FB041E7DDBD9F800100023454A48067D
:10EC1000C909F2F7A3FC042300BA01908621284613
:10EC20000DEB030212F097FE041E6ADB2846D9F8AA
:10EC30000010FFF747FB041E63DB05232846D9F8C5
:10EC4000002099F90A1000F041F9041E59DBB9F8C7
:10EC500004400DF10301204611F02BFB98F86330BE
:10EC600099F8062073B901A92046FFF737FA2E4B11
:10EC700001999340B3FBF1F343F6FC718B4294BFCF
:10EC8000002301238DF8073004239DF8030099F831
:10EC900007108DF804208DF805008DF80610284621
:10ECA0008B210DEB030212F056FE041E29DB2846D1
:10ECB000B9F8041011F05DFB041E22DB99F80B205B
:10ECC00032B31A4B03EA02231201D2B2134343F4C4
:10ECD000806343F004035BBAADF804304FF4E8619D
:10ECE0000223284601AA12F081FE041E09DB2846F1
:10ECF00098F8611011F0C5FE041EA4BF012386F828
:10ED00004030284611F05AFC384611F04EFC41E7DD
:10ED100041F2244343F2444299F80E10002918BFEF
:10ED20001346D8E70048E80140420F0000F0FFFF1B
:10ED3000034630B40C46DA88006802F040021979C4
:10ED4000224383689C6994B11F2914D8130207D504
:10ED5000012305698B402D682B4218BF82F0C062E9
:10ED6000064BA44630BC134002F0B07260476FF00F
:10ED7000570030BC70476FF01500FAE740000006FE
:10ED800003460A46F0B41979DB88006813430D4A3C
:10ED900087689A4308BF83F440231F29066923F438
:10EDA00080120AD8012534688D40DB074CBF2C4304
:10EDB000AC4334603B68F0BC18476FF01500F0BC02
:10EDC000704700BF01001000002370B5056944685A
:10EDD0002861EB60206814F0ECFF10B96FF01200AE
:10EDE00070BD237E002B5ED1206A04F1200612F054
:10EDF000A5FE0028F2D04FF4B0113046FFF7C0FF57
:10EE00000028EDDBA06A04F1280612F097FE002826
:10EE1000E4D04FF480313046FFF7B2FF0028DFDB4B
:10EE2000206B04F1300612F089FE0028D6D04FF492
:10EE300080313046FFF7A4FF0028D1DB012294F88F
:10EE400034301D4902FA03F3C5E90113206B8368CE
:10EE5000DB6973B3294698470028C1DB4FF4B01132
:10EE6000164A04F13C0012F0D0FC0028B8DB4FF445
:10EE7000B011134A04F1440012F0C7FC0028AFDBC4
:10EE80004FF4B0110F4A04F14C0012F0BEFC002800
:10EE9000A6DB4FF4B0110C4A04F1540012F0B5FC9B
:10EEA00000EAE0709CE7E06812F048FE00289BD181
:10EEB00094E76FF0570093E7331B020009C7020085
:10EEC00018C7020022C702002CC702002DE9F34137
:10EED00047681E4697F8383005460C46002B41D04F
:10EEE0000E293DDD324B9A428CBF062204220023BC
:10EEF0008DF8053040F20113ADF8063004238DF88B
:10EF00000420952128460DEB030212F024FD002871
:10EF100023DB0E2C6FF01003A8BF0E249C42B8BF59
:10EF20001C4697F8383040F6E701002B0CBF382319
:10EF3000182328468DF803300DF10302012312F047
:10EF400055FD002809DB02238E21284601AA8DF8F1
:10EF500004408DF8056012F0FEFC02B0BDE8F081BF
:10EF60000422C4E716296FF00803A8BF16249C42A8
:10EF7000B8BF1C4609340F4BE4B204EB440403EB66
:10EF800004081B5D98F801208DF804304FF480735D
:10EF9000ADF8063004238DF8052095210DEB030212
:10EFA00012F0D9FC0028D8DB98F90240B9E700BF7D
:10EFB000FF83D71766C90200036803F01F025F2BA7
:10EFC00002604FEA53129ABF024B53F8220000200E
:10EFD000704700BF548F02002DE9F04F164680465F
:10EFE00040F2FF1A00EB8109DFF820B1484985B0F3
:10EFF000C14501D1002020E0D8F80020C2F3C3238E
:10F00000082BC2F308047DD8544508BF4FF0FF34E5
:10F01000B2F1E06F1BF803504FEA126307D2013BD5
:10F02000052B0DD8DFE803F01B57541F5054382B25
:10F0300054D04E2B4FD06FF0850005B0BDE8F08F57
:10F04000C6F80446631C3CD0012703A80394FFF7CD
:10F05000B3FF039B07FA03F343603B4611E0C6F896
:10F060000C4600234AE00027C6F80046621C28D060
:10F0700003A80394FFF7A0FF0123039A03FA02F207
:10F080008260D8F800200394100448BF002303A82E
:10F09000CDE9002348BF0127FFF78EFF039C009AAC
:10F0A00000EB8400D0F88040019BC2F341222D0286
:10F0B00045EA82052B430C40234343EA4703C0F84B
:10F0C000803008F1040893E70127C6F80446CDE72D
:10F0D000C6F80846C5E7C6F81046B3E703A8039488
:10F0E000FFF76AFF039B00EB8300D0F8803023F02A
:10F0F000E04343F08043C0F880300123601CE0D03F
:10F100001F46BEE76FF0150097E700BFC6C90200B3
:10F11000F0F0FCFF0122014B1A60704700700D50A7
:10F120000C2903690BD1DB6A064907484B4393FB63
:10F13000F0F100FB113311600020536070476FF055
:10F140008500704790D0030040420F000022044B1E
:10F150000069C3F80021D3F8003104F007BD00BFF7
:10F1600000700D507FB505692B6B002B30D04E29F8
:10F1700001D00C292FD105F118064FF0FF324FF0C6
:10F18000FF33304604F0B6FB144B002401930323F5
:10F19000286B0394029383686A462146DB6998478B
:10F1A0004FF0FF324FF0FF33284604F017FD286B75
:10F1B000214683681B6A9847094BD3F80825EA6201
:10F1C00001225A60304604F037FC204604B070BD7E
:10F1D0006FF00A00FAE76FF08500F7E715F100001D
:10F1E00000700D5010B50D4B046923634FF0FF32D2
:10F1F0000021204614F00AFF04F1180014F0FEFE6E
:10F2000000220121D720FDF7BBFAD720FDF796FA9F
:10F210000122034B0020C3F8042310BD88750200AF
:10F2200000700D5038B5054600220121C620FDF7BB
:10F23000A7FAC620FDF782FA6C680121E06812F097
:10F24000CBFD6B6819686369C1F82435E28BA38B29
:10F25000A07E1343228C1343628C1343627E9BB2C5
:10F260000243207E02431343C1F86C3569680B6882
:10F27000D3F8002242F48022C3F800220822C3F807
:10F2800000254A6A0121C3F83C270022C3F8402721
:10F290001965D3F830110029FBD0C3F800252846A2
:10F2A000BDE83840014910F042B900BFF71D020027
:10F2B0002DE9F04104460D46476814F081FF68B11E
:10F2C0002022EFF311831E4682F3128861680968D9
:10F2D000D1F83011C1B983F31188F2E7174B1B78CD
:10F2E000002BEDD04FF02008642663681B68D3F82C
:10F2F0003031A3B9012013F05BF8013EF5D1202095
:10F30000002105F077F9EFE77B6A01221D702046A6
:10F31000796A12F049FD86F31188BDE8F081EFF3B8
:10F3200011831E4688F3128862681268D2F8302171
:10F33000002AE9D183F31188E1E700BFBAA60020D3
:10F3400038B50446056912F0EEFF014670B9012296
:10F3500005F1C40014F05AFE05F15C0012F02BFE1A
:10F360002046BDE83840024910F0E1B838BD00BF82
:10F37000E52202002DE9F04198468B880E4699045B
:10F3800007461546046900F182804FF0FF324FF0C6
:10F39000FF3304F16C0004F021FC2666002D7FD1C0
:10F3A000C4F8A0500023C4F8A43004F1B80204F15A
:10F3B000A40104F1A00012F0EBFD0546C4F8B4006E
:10F3C000B8F1000F74D1C4F8A8800023C4F8AC30A1
:10F3D00004F1C00204F1AC0104F1A80012F0D8FD60
:10F3E00000231A46D4F8A4C0C4F8BC00C4F89C306A
:10F3F000624566D100221146D4F8ACE0714568D16F
:10F4000093422CBFC4F8B030C4F8B02015B1D4F882
:10F41000B8302BB900286FD0D4F8C030002B6BD097
:10F420003146384600F06EF8054610BB04F15C0822
:10F43000E66504F1C405284604F0F0FB384630497F
:10F4400012F014FF4FF0FF324FF0FF33284604F064
:10F45000C5FB3146384612F00AFF384612F0D8FD97
:10F46000404612F06CFD054600283BD1B3889A0453
:10F470000AD4E36D13B19B889B0405D40023236653
:10F4800004F16C0004F072FB2846BDE8F081636F64
:10F49000002B7FF47AAF236E9E427FF476AF7DE738
:10F4A0002B68C4F8A030002B3FF47CAF6B687AE780
:10F4B000D8F80030C4F8A830002B86D0D8F8043033
:10F4C00084E7D4F8A01001EBC201496801320B4473
:10F4D0008EE7D4F8A8C00CEBC10CDCF804C00131F5
:10F4E00062448BE710F1740FC3D1384612F0F7FE77
:10F4F000404612F024FDBCE76FF01505B9E700BFE8
:10F5000043210200F0B50569034695F828200C4612
:10F510008BB00AB3E96A226891421DD1296B6268F7
:10F52000914219D195F84020207D904214D1B5F830
:10F530004410228B91420FD16A6BA16800286ED0D3
:10F54000914209D1AA6BE1684A4032F47F4003D16D
:10F55000E96B2269914260D0A288110574D412F03F
:10F56000090674D102F4FC61B1F5807F6FD1206887
:10F570003A4988426BD929685868D1F800164F1C5F
:10F580000FD012F0020201F01F07DFF8D4C04FEADB
:10F59000511149D102295DD801225CF82110BA40ED
:10F5A0008A604FF0FF320392827F21688DF812202B
:10F5B0008269914294BF05910592A288960702F054
:10F5C000040139D500290CBF02210321C2F3001226
:10F5D0008DF819204FF0FF32079290F820208DF817
:10F5E00018108DF8202001228DF823208DF824207A
:10F5F00095F8282012B36946284613F0FDF960B942
:10F6000005F12C0304F11C0254F8041B944243F846
:10F61000041BF9D1012385F828300BB0F0BD9142CD
:10F620009AD1A96BE26895E7022915D801225CF806
:10F630002110BA404A60B4E78908C7E769462846FE
:10F64000084A13F0B8F9DAE76FF08500E5E76FF0E4
:10F650001500E2E79260FFDE7660FCE747E8010014
:10F66000189002003722020070B40E4CD4E9001545
:10F67000501A63EB0506400940EAC6602026E0FB0D
:10F680000615C4E90015002400250749C1E9002337
:10F69000064BC3E90045EFF3118186F3128870BC75
:10F6A00005F0BCB9684C0020504C0020604C002094
:10F6B00000220121E42010B5FDF762F81A4A00206B
:10F6C000D2F8183723F4403343F40033C2F8183724
:10F6D00000F04CFF002826DB0120144900F0D2FF87
:10F6E000002820DB00F01CFF114B20F01F00C3E9B5
:10F6F0000001104B104CC3E900014FF0FF304FF0F8
:10F70000FF310E4B0022C3E900010D49207A00F0C1
:10F7100017FF67220B4B20211A602046002301228D
:10F7200001F0ACF8002010BD00200E503006002083
:10F73000684C0020484C002028060020504C002037
:10F7400069F60000885C002008B500F0E9FE064A72
:10F75000D2E90032C01A054B61EB0201C3E9000196
:10F76000400940EAC16008BD684C0020604C0020A0
:10F7700010B50A48002183681B6A984700F0D2FF41
:10F78000BDE81040064B074A1B684FF47A70B3FB84
:10F79000F2F35843044B43F0010318476875020025
:10F7A0003406002040420F00E0800200F7B5224BF3
:10F7B0000146224F187A224BD7E90056D3E900239D
:10F7C0009E4208BF954211D1B1F1806F0ED249011E
:10F7D000012938BF012101224D1946F10006C7E970
:10F7E000005603B0BDE8F04001F028B8154BDFF833
:10F7F00058C0D3E90043DCE9002CA41843EB0C0CFF
:10F800004FF0200E22466346E1FB0E23954276EB35
:10F810000301C7E900230DD2291B66EB0C04C8299C
:10F8200074F10004B4BF01210021009100F0D0FF69
:10F8300003B0F0BD0021F8E728060020584C002056
:10F84000504C0020684C0020604C0020064BD3F840
:10F8500040231C2A05D1D3F84403431E5842584183
:10F8600070470020704700BF00C0FF0003689A0780
:10F870000CD50368DB070DD50922074BC3F80C250F
:10F880000F22C3F8042501221A60FEE7034B036030
:10F89000EF3B0360704700BF00801050F000FA504B
:10F8A00008B50123404A4148C2F80038404AD2F81E
:10F8B00040231C2A04BF3F4AC2F80C34FFF7D6FF8E
:10F8C0000830FFF7D3FF0830FFF7D0FF0830FFF70D
:10F8D000CDFF00F5F470FFF7C9FF374AD2F88C303E
:10F8E00043F44063C2F88C300022D30003F57F0359
:10F8F00003F54043D3F8001401310AD0D3F80014C3
:10F9000039B1D3F800140132D3F80434402A0B6023
:10F91000EBD1254BD3F84024002A41D0FFF796FFC6
:10F9200048B1234BD3F83423244B9A429EBF1E4B3D
:10F93000234AC3F84026FFF789FF18B1214B224A1A
:10F94000C3F8AC27FFF782FF48B13422164BC3F847
:10F950002426D3F83C2622F40022C3F83C261B4B75
:10F960001549D3F80026D20744BF6FF00102C3F84F
:10F970000026174BD3F8182522F00302C3F81825E8
:10F98000D3F8182542F00302C3F81825D1F88C20CB
:10F9900042F44062C1F88C200022C3F8A02508BDC3
:10F9A000C822C3F84024B9E70000125000C50D502A
:10F9B00000C0FF000030055000ED00E0001D0A18F7
:10F9C00040E0A91E00A0085078000A0400E0105092
:10F9D00000B004500D4B0001034452B1D3F8082588
:10F9E0000A43C3F80825D3F80C251143C3F80C15B6
:10F9F0007047D3F8082522EA0102C3F80825D3F896
:10FA00000C2522EA0102C3F80C25704700F00C50C7
:10FA100002464FF480214FF00050014B12F0FDBC24
:10FA2000D5F9000038B504230A4C42F21075C4F829
:10FA30000833012363610023C4F80831D4F8083186
:10FA4000D4F84C34DB0304D5012012F0B1FC013DA5
:10FA5000F6D138BD00E01050074A137943B90121AF
:10FA6000537110601171054A1846C2F8403470474E
:10FA70006FF07700704700BF8C5C002000E01050F2
:10FA800010B51B4B1B4CD3F84C14D3F84C2411F479
:10FA9000803F14D0900701D0FFF7C4FF0022144B21
:10FAA000C3F84024C3F80821D3F8082101221A61C1
:10FAB000226872B9D3F80821002AFBD011E0D3F8EC
:10FAC0004824D107EAD5D3F850249207E4D122681C
:10FAD0001AB10422C3F8042310BDD3F80821002A68
:10FAE000FBD00022C3F80821D3F80831F4E700BFA7
:10FAF00000E010508C5C0020154BD3F80C24D1038F
:10FB000020D5D3F84C24D2031CD5124A517901F0E8
:10FB1000FF00D1B9C3F80C01D3F80C1101215171C8
:10FB20009961126822B10822C3F8042300207047AB
:10FB3000D3F80C21002AFBD00022C3F80C21D3F803
:10FB40000C31F3E76FF0760070476FF00F007047ED
:10FB500000E010508C5C002070B5134C134DD4F8AD
:10FB60000C3303F00C0303B970BDB3FA83F3002622
:10FB70000121C3F11F039A0002F5807292B202F1D3
:10FB8000A04202F58712166099401268C4F8081363
:10FB9000032BD8B22B6808BF6E719847D4F80C338A
:10FBA00003F00C03DFE700BF00E010508C5C002086
:10FBB000712238B5104B0021C3F80823012242F20C
:10FBC00010745A60C3F80011D3F800110B490A4DA4
:10FBD000D1F840131C2908BFDA60D5F80C3413F4AF
:10FBE000803305D0012012F0E3FB013CF5D138BD94
:10FBF000034A5371FBE700BF00E0105000C0FF0054
:10FC0000945C0020054B0246187918B91A6001224D
:10FC10001A7170476FF07700704700BF945C002046
:10FC20000022164BC3F81021D3F81011C3F8182185
:10FC3000D3F81811C3F81421D3F814111049D1F8CE
:10FC400040131C2904BF01219960C3F80021D3F897
:10FC5000002101221A600B4A126852B9074BD3F8EF
:10FC60000021002AFBD00022C3F80021D3F8003184
:10FC700070477122C3F80423704700BF00E01050A2
:10FC800000C0FF00945C0020F8B50126194C1A4D05
:10FC9000D4F80C3303F0710303B9F8BDB3FA83F35E
:10FCA0000021C3F11F039A0002F5807292B202F1A3
:10FCB000A04202F58712116006FA03F7042B1268BE
:10FCC000D8B2C4F8087308D0062B10D02B68984718
:10FCD000D4F80C3303F07103DEE702236B71C4F830
:10FCE0001411D4F814312023C4F80433EEE76971F9
:10FCF000ECE700BF00E01050945C002010220549A2
:10FD000011F8013D013A01330B701B0A01D0002AA2
:10FD1000F6D17047A04C0020254B90B004931123DE
:10FD2000244A2549CDE9062308AB059340F6110284
:10FD3000224BCDE90A12089320330C9321230CAAFD
:10FD400009921F4A0090CDE90E230123CDE901322B
:10FD50000D9320231B4A0393D2F8003443F0010390
:10FD6000C2F800344FF0A34304AA1A600322C3F878
:10FD700010D05A63BFF35F8F9A639A6A12F0240F10
:10FD800012D1D86B10F02300F7D14FF0A34310220B
:10FD90005A6300225A630B4AD2F8003423F001035D
:10FDA000C2F8003410B070474FF0FF30EDE700BFED
:10FDB000249002000400002020000020704C00204D
:10FDC00010000020008004502DE9F04104464FF05F
:10FDD00000088CB06F4608EB0700FFF78FFFFFF7B6
:10FDE0009BFF6D46064608BB08F11008B8F1300FBE
:10FDF000F0D11CB104F13002944210D10FCD0D4C62
:10FE00000FC495E80F0084E80F0010340CAB13E921
:10FE10000F0084E80F0030460CB0BDE8F08139686F
:10FE200054F8043B4B4047F8043BE5E74FF0FF36FE
:10FE3000F1E700BF704C00202DE9F04119B1002816
:10FE400055D0402956D800244FF48076A6464FF46A
:10FE500000772A4ADFF8A8C0D2F8003443F0020342
:10FE6000C2F80034274A284B82F839E01E601C642F
:10FE70005C645F63C3F800C01D6B15F00E0FC5F323
:10FE80004208F9D0B8F1050FEED092F839508DB98B
:10FE90005D68032DF0D9D3F880501D61D3F88050F0
:10FEA0005D61D3F880509D61D3F88050DD610125FC
:10FEB00082F839505D68B1EB850FDDD8124A61B127
:10FEC000D2F88030041D00F8013B84424FEA13232E
:10FED00001F1FF31F3D00029F5D10020074AD2F813
:10FEE000003423F00203C2F80034BDE8F0816FF063
:10FEF0001500FAE76FF00600F7E700BF0080045036
:10FF000001000400704C00200010805130B58DB00D
:10FF100030216846FFF790FF18B14FF0FF300DB069
:10FF200030BD6846FFF750FF0028F6D101240025B8
:10FF3000014BC3E90C45F2E7704C002010B50B4CA7
:10FF400094F83830012B0BD040220021204616F0C7
:10FF5000BAFEFFF7DBFF30B9012384F8383010BD5B
:10FF60006FF07700FBE76FF08B00F8E7704C002034
:10FF7000F0B505460C4685B021B1002835D0B1F565
:10FF8000803F32D81A4E736BB3F5803F18D3FFF71A
:10FF9000BDFFA8B16FF08B0005B0F0BD102C684616
:10FFA000274628BF1027FFF7A9FEFFF7B5FE002858
:10FFB000F0D128463A46694616F05FFEE41B3D4400
:10FFC000002CEBD12046FFF7FFFE0028E2D1D6E956
:10FFD0000C32013342F1000221462846C6E90C32B8
:10FFE000FFF72AFF0028D7D0D4E76FF01500D3E73A
:10FFF000704C0020036803F01F025F2B02604FEA81
:020000021000EC
:1000000053129ABF024B53F822000020704700BFE2
:1000100028900200034A4309D35C00F01F001844F3
:10002000C0B27047CFC90200F0B50646002487B0C1
:10003000114F019117F8012B06AB03EBD20313F814
:10004000143C02F00702D34013F0010306D101343F
:10005000032CEFD10023184607B0F0BD074A03ADCB
:1000600007CA85E8070055F824100A6A46F82420D4
:100070000A62002AEBD0EEE7DFC90200A08002008E
:10008000F7B504460846FFF7C5FF04EB4006B38A00
:100090000D46DB072AD5204612F0C4FA2946204631
:1000A00012F031FA50B1204612F043FA00232768CB
:1000B00007EB8000C0F81035C0F8103529462046FF
:1000C00012F060FA002101A8B1820195FFF792FFBA
:1000D000019B00EB8300D0F88020064B134043F0D7
:1000E0000203C0F88030084603B0F0BD6FF0150081
:1000F000FAE700BFF0F0FCFF2DE9F043044685B0BD
:10010000084615461F46FFF785FF0E46804625B375
:10011000204612F003FA18B9204612F0F4F918BB81
:1001200004EB4809B9F8143003F01C0313B16B78E1
:10013000012B19D001238DF80F3000233046CDE973
:1001400000536A1CAB1C0DF10F0112F084F9B9F8D1
:10015000143043F00303A9F81430002F3ED0314689
:10016000204612F0DBF920B96FF0150005B0BDE8AC
:10017000F0830022397823684FEA810C03EB810376
:10018000C3F81025C3F8102504EB4802938A23F422
:10019000604323F0200393827D78FDB12468B87812
:1001A0006444D4F810750E4B2D043B40C4F8103550
:1001B00041F6F07305F4403503EA06130005D4F860
:1001C00010752B4300F4801003433B43C4F81035F3
:1001D000938A43EA413343F0200393820020C5E72A
:1001E0000FE0ECFF70B590F87440054690F875602C
:1001F00044BB46222146143016F065FD2146134AC1
:100200002B6852F836608E4212D1002440F20D1055
:10021000C3F84441D3F844210D4A934208BFDB2080
:10022000FCF78CFA0123204685F874302B6670BDEC
:10023000CAB2920002F58070442A04BF1C501A58BA
:100240000131E0E76FF07700F1E700BF3490020082
:1002500000A00D5090F87500024B03EB800012F0E7
:10026000C3B800BF3806002010B5064B90F87500E3
:100270000C4603EB800012F09DF80028A4BF20700C
:10028000002010BD380600202DE9F04F804658F8B8
:1002900004BB90F87540DBF814136A4BC9B253F8ED
:1002A000342007468BB0584641F4003112F093F9E0
:1002B0008203054639D50023CDE907330993614B05
:1002C000E60003EBC404636807A819460093FFF730
:1002D000ABFE331D03934FF0000A5B4B0DF11C097D
:1002E0000293029A574912F8013B0292039A02EBD9
:1002F000D3028A5C03F0070322FA03F3DB071AD464
:100300000AF1010ABAF1030F09F10409E9D14FF426
:1003100000310022584612F05EF9009907A8FFF755
:1003200083FE0028D7D125F400350124002D73D198
:100330000BB0BDE8F08F454B53440493D9F80060EF
:10034000002EDDD096FAA6F6B6FA86F6049B1C7847
:1003500046EA44142046FFF75DFE07EB4000818A21
:10036000F208C1F3820305930193012319F80200F7
:1003700006F0070603FA06F620EA060009F802006E
:1003800006A80694FFF736FE069A11F0100F02F148
:10039000200250F82260059BC6F3014623D0404658
:1003A000019A214612F0CFF806A80694FFF722FE24
:1003B000069BF6B2203350F82330C3F301439E422C
:1003C00007D10021204612F08FF83146204612F066
:1003D0008BF806A80694FFF70DFE0122069B02FA91
:1003E00003F30362AAE7022E14BF02210321204671
:1003F000059312F079F8059B032B03D0022E07D149
:10040000012BE6D121464046019A12F09CF8E0E724
:10041000032EDED1022BF4E795FAA5F3B3FA83F3AA
:1004200004FA03F225EA020503F5A2725BF8222022
:1004300007EB43034046B3F86410C2F3014212F0E5
:1004400082F873E734900200DFC90200DFC90200BE
:100450000123034A03FA00F0936803439360704753
:10046000780000200123044A03FA00F0936823EA8D
:1004700000039360704700BF7800002010B40C4A5E
:10048000037AD11891F8544000211B0103F1A043D5
:1004900003F56223C3F82C150C2303FB0423016826
:1004A000D96042681A61007A187510BCFFF7D0BF96
:1004B0007800002073B504460191EFF311862023E4
:1004C00083F312880A4D019B6A6801A813400193C7
:1004D00011F070FF002807DB01226B68824023EADD
:1004E00002036B602070002086F3118802B070BD9B
:1004F00078000020012303FA00F010F0670F0AD003
:10050000064B5B68DB4303F0670303420CBF6FF0ED
:100510001500002070474FF0FF3070477800002032
:100520004FF0FF326FF0404330B5044CD4E9000186
:10053000824273EB0105F9D330BD00BF40270E5056
:1005400030B50C25074B1C1894F8544005FB0433B8
:10055000C3E9031218750123034A8340C2F8243308
:1005600030BD00BF7800002000200E50F8B53E4C92
:100570002278002A72D13D4BD3F8101521F00201E8
:10058000C3F81015D3F8101541F00101C3F8101588
:100590000521C3F8A4160421C3F8AC16072367216C
:1005A00001F001000244013BD2B24FEA5101F7D100
:1005B000052A56D119464FF0010C2B4E0025672015
:1005C000CFB204E00CFA02F220EA0200013590FA00
:1005D000A0F25FFA85FEBE45B2FA82F2F2D3013193
:1005E00032750529224482F8547006F10C06E5D1D3
:1005F000012100251E489A0801FA02F212F0670F45
:1006000018BF1D500433302BF5D1E420FCF796F8C9
:10061000164B1849D3F8102503F5C07322F00202D7
:10062000C3F8902340F6FF72C3F8A82100221A6095
:10063000A3F5807004338B420260F8D101250B4B87
:100640000D4A1D660D4B5D201B68B3FBF2F358434A
:100650000B4B2B43984700202570F8BD6FF07700B7
:10066000FBE76FF08B00F8E77800002000200E50C9
:1006700000210E50B0210E5040420F0034060020E1
:10068000F080020038B5244B0D46D3F810259407AE
:100690003CD4D3F8102542F00202C3F81025C0B1B3
:1006A000D3F8482712F0010202BFD3F8481741F0EF
:1006B0000101C3F84817184BD3F84017D3F8441773
:1006C0004800F9D42AB9D3F8482722F00102C3F828
:1006D0004827124B124A1B68B3FBF2F30E4A03EB96
:1006E0004313B3B1D2F84017D2F8441749000BD4E2
:1006F0004FF0FF312846FFF7DDFE044610B9287899
:10070000FFF7A6FE204638BD013BEAE76FF077040D
:10071000F8E76FF07304F5E700200E503406002070
:1007200040420F002DE9F047DFF89C9067234E46CA
:1007300056F8044F0025E4434FF00108234F04F01E
:100740006704C7F82833E9B2E4B9E420FCF704F8F9
:100750001E4BD3F8482722F00102C3F84827D3F8EC
:10076000102522F00102C3F81025D3F8102522F03D
:100770000202C3F8102501225A669A6689F80040E1
:10078000BDE8F087D9F8083008FA05FA0AEA030349
:1007900013F0670F02D00846FFF764FED9F8043063
:1007A000DB4303F0670313EA0A0F09D0002207EBCB
:1007B0000513C3F82C25E30702D5304611F014FECB
:1007C00064080135BFE700BF7800002000200E500C
:1007D00070B51E461546174A9DF81010131893F869
:1007E00054300C3302EBC30442F833506660C6F356
:1007F00013020401A1B104F1A04404F56224C4F879
:100800002055C4F824250C4C80000444236833B1DF
:10081000FFF786FEA842B14101D20023236070BDDC
:1008200004F1A04303F56223C3F82055C3F824253F
:10083000F5E700BF7800002000210E50F0B50E4D06
:100840002B1893F8543000010C3355F8334005EB66
:10085000C3077E68641800F1A04021F0004146F112
:10086000000641EAC27100F5622045F833407E601F
:10087000C0F82815F0BD00BF780000202DE9F04138
:100880000446007A9846FFF735FE0D4617460646A1
:1008900040BB2046FFF7F2FDEFF31180202383F3E6
:1008A0001288227A114B92009E50227A104925F02C
:1008B000004545EAC87501EB0212C2F8285580F3DD
:1008C00011887FB10123227A0A4803FA02F2D0E8A4
:1008D000EF7F1743C0E8E57F002DF8D1227A9340DF
:1008E000C1F824333046BDE8F08100BF00210E502E
:1008F00000200E5000010020F7B5284B284CD3F8FB
:100900002C6304F188070EB903B0F0BD96FAA6F087
:100910000123B0FA80F08340DA43224926EA030635
:10092000231893F85450830019440C2303FB054308
:10093000DB6873B3D7E8EF3F03EA020CC7E8EECFFA
:10094000BEF1000FF6D1C340DB0719D5020102F159
:10095000A04202F56222D2F82435D2F82025D1F83F
:1009600000C0BCF1000FCED04FF0000CC1F800C0A9
:100970000C2101FB054529690091E9688847C2E718
:1009800005F10C0304EBC30C54F83320DCF80430FD
:10099000E5E70A68002AB6D00B60B4E700200E50E5
:1009A0007800002000210E50036803F01F025F2B27
:1009B00002604FEA53129ABF024B53F82200002004
:1009C000704700BF4490020010B50B4B04680B4AFF
:1009D0000B48844208BF1346B3FBF1F001FB103310
:1009E000834206D2C30704D47E288CBF0020012096
:1009F00010BD0020FCE700BF0024F4000020A10788
:100A000000A0045073B51646421C1C460546069BC2
:100A100018D0012902D1BBB111F09CFF01A80195AA
:100A2000FFF7C2FF019B240200EB8300D0F8802077
:100A3000074B44EA86040C4313401C4344EA41013B
:100A4000C0F8801002B070BD11F090FFE6E700BF63
:100A5000F0F0FCFF2DE9F74F91F8213005460C46E8
:100A6000002B00F0B38091F822802968654A664F18
:100A700066486369914208BF0746B7FBF3F7644BCA
:100A8000D3F840331C2B13D1022F95F8223040F2BB
:100A9000A080227E12F0FD0F40F09B807A08013288
:100AA000D2B2904538BF904643F0100385F822300B
:100AB00094F8232095F8223062F3000385F8223061
:100AC000227CDBB262F3410385F8223094F8236084
:100AD000002E32D162694F4B01219A4214BF4FF070
:100AE00005094FF00F09237E3246012B94BF0023E6
:100AF0000123009320684B46FFF784FF00964B4686
:100B0000324601216068FFF77DFF00964B46314673
:100B1000A27EA068FFF776FF237C324683F00103B4
:100B2000009301214B46E068FFF76CFF0121009123
:100B30004B463246E069FFF765FF94F82130002B01
:100B40004AD04FF0FF336B6294F8211094F812E012
:100B5000207E627E002949D0E668217C94F82490AA
:100B600094F820C02B68B9F1000F10D1D4E900BA75
:100B7000D4F80890E469C3F800B6C3F804A6C3F833
:100B80000896C3F80C46C3F8B815C3F81066003AC7
:100B900018BF01220228C3F8B085C3F8C0E5C3F826
:100BA0002C7526D0032827D0012801D142F002025B
:100BB000C3F85425C3F8ACC56B6803B32868C0F309
:100BC000083003B0BDE8F04FFBF7B8BD4FF00208A6
:100BD0004BE723F0100369E7E3686B62227C95F82A
:100BE000223062F3410385F82230ADE74FF0FF3643
:100BF000B4E742F00402DBE742F00602D8E703B0B4
:100C0000BDE8F08F00A004500024F4000020A107EC
:100C100000C0FF000048E801431C07B50ED001905A
:100C200001A8FFF7C1FE019B00EB8300D0F88020F4
:100C3000044B134043F00203C0F8803003B05DF86A
:100C400004FB00BFF0F0FCFF38B504460068C0F3B9
:100C50000830FBF781FD636843B12146154A51F81E
:100C6000043BC3F80823206811F08CFE2368D3F8F6
:100C70000006D3F80416D3F8085694F82230DB07A0
:100C800014D4FFF7C9FF2846FFF7C6FF0846FFF751
:100C9000C3FF606AFFF7C0FF2368D3F80C06D3F8E0
:100CA0001016FFF7B9FF0846FFF7B6FF002384F8D8
:100CB000203038BD0700F81F184B194A11F0805F2B
:100CC00030B50CBF1C461446036883EA0105254273
:100CD0000DD043F30904013409D001EA0204114A9A
:100CE0001A4042F09F4242F4E002944203D10023B2
:100CF0000360012030BD0A0D02F4E064B4F5806F9A
:100D000005D1C3F38924C1F389218C4201D200208B
:100D1000F0E752B203EB82230360F8E700FC0F70A8
:100D200000FCFF7F00FC0F002DE9F04F0646D1E9E3
:100D3000039587B03C300F469A46059511F0B3FFF6
:100D40009046044680B1C2F389246CB1F36BCAF3B8
:100D50008922C3F38923934204D16FF0010007B0C5
:100D6000BDE8F08F6CD30024C8F3892B284611F01E
:100D700083FF031D4B45F0D80423A9EB000905AA06
:100D8000CDE9019203933A68002100923046324641
:100D900011F0BCFF0028E2D1059B1BBA6B4023F089
:100DA00000430593BBF1000F1ED0290D01F4E06252
:100DB000B2F5806F18D1AAEB0402C2F3892CC5F3F7
:100DC0008920844510D322F07F4222F4700222F45D
:100DD0007F7222F0030242F0804242F48012AA4263
:100DE000BBD049B204EB8124AAEB0401694011EAAB
:100DF000080127D145F309030133AED0129BC5F397
:100E00000908984528BF9846119BCDF80C8002939D
:100E1000109B324604334B4401933B6830460093A9
:100E2000434611F073FF002899D1129B0146A3EBB2
:100E30000802119B03EB080015F045FF60198EE7CF
:100E4000014C91E71D4691E700FCFFFF30B587B0EC
:100E500003AD1446084B094A009512F00CF800281F
:100E600004DA831C00D1002007B030BD294620469B
:100E700011F00CFFF7E700BF0C00F07F0000F07FDF
:100E800038B50749044615F04EFF054905462018B8
:100E900015F08BFF0444605DB0FA80F0400938BD66
:100EA000CAAA0200F0B51C4640F2FF339A4205463A
:100EB0000E4685B004F1080C08D160461A49F0F7D7
:100EC00071FB02232370002005B0F0BD036F970271
:100ED000013343EA8223CDF800C0144A11F0CBFF5E
:100EE0000028F1DB000D02AB2070009347F00053A7
:100EF000314628460E4A43F0080311F0BCFF002893
:100F0000E2DB40F20223B3EB105F4FEA105202D152
:100F1000039B6360D7E740F201239A42D3D1C0F329
:100F200009006060CFE700BFCAAA020000FC0F788A
:100F300000FC0F702DE9F04F00258A46A946ABB0A2
:100F40001F46BDF8E030CDE90A550593BDF9E43000
:100F5000BDF8DCB006900493384611F08DFEDAF847
:100F60000C3000EB0208984565D20423039309ABCB
:100F7000CDE90183069ADAF800300021009310468B
:100F8000042311F0C3FE002840F01981099B1BBA0D
:100F90007B4043F000473C460997DAF800300A935B
:100FA00008F104030B930AAB369A89EA040616404B
:100FB000844A16403DD1369AC2F38922002A00F0B5
:100FC000A4804FF03C0C0CFB05FC34990CF1A802FA
:100FD0006A4442F86C1C359922F85CBC42F8681CE3
:100FE0003699B34642E91919B146059942F8483C89
:100FF00022F85A1C04990CF1A80322F8581C3A99BB
:101000000DEB030C42F8541C3B9942F8707C42E90A
:101010001414DDE90A01ACF14C0342E91EA8443A7C
:101020003B9382E80300684BCDE9046601353696B0
:101030003A93424690E7359B002B40F3BE803499AB
:10104000349B0831349135991C68013990465B68AE
:1010500009943591A8E7B2F5817F1ED11C46002680
:10106000099BC3F309029642E3D2049AA168C3F331
:101070008923134441EA83212378626803F540738E
:1010800041EA0351DDE93A3098470028C0F29780E1
:1010900004F10C04CDD10136E2E71A46049B04EBBF
:1010A0008321DDE93A3098470028C0F28880C0D01B
:1010B000002D00F084803C222AAB013D02FB05326A
:1010C00052E91C73349352F8683C0AAE359352F8D7
:1010D000643C52F84C4C369332F85A3C52E91101B8
:1010E000059332F9583C86E8030052E91EA80493A0
:1010F00052F8543C52F8609C3A9352F8503C32F803
:101100005CBC3B9352F8483C0994369AC2F389225E
:1011100032B1C4F389225A458BD305998A4288D2C9
:10112000C4F30A52002A84D040F201118A4292D1BB
:10113000254A07933A9B93423FF47BAF3C222AAB6C
:1011400002FB05360021A6F1780015F0BCFD349BAA
:1011500026F85CBC46F86C3C359BC4F3090B46F89A
:10116000683C369BC4F3892446E91939059BA4EBF6
:101170000B0426F85A3C049B46E91EA826F8583C66
:101180003A9B124A46F8543C3B9B46F8707C46F822
:10119000503C0BF101030593049B4FF000591C4494
:1011A00023B20493079B4FF0FF379A460023013583
:1011B0009846CDE9353234933BE7002078E72BB0F1
:1011C000BDE8F08F0000F07FB90C010000FC0F605B
:1011D0002DE9F04F984685B0836E0F9D119EDB6917
:1011E0001446AA199A42074689461ED96FF0530041
:1011F00043E02368E06802331DD1D4E901130B44B6
:101200009D4218D28D4216D3A3EB050AB24528BFE2
:10121000B246691A01445246109815F02EFD109BF3
:10122000554453441093A6EB0A064EB36FF0010BDE
:1012300008F1FF3ADDE7C4F800B0BB6E5B69B5FBAF
:10124000F3F25A436260B96ED1F814C0896A0AEBAE
:101250000C032B44B3FBFCF30CFB03F38B4228BFC2
:101260000B464946A360CDE90103009238460E9B28
:10127000044AFFF759FD0028BBDA05B0BDE8F08F3E
:101280003046FAE700FCF7FF2DE9F04F97B00A93DC
:10129000C36E144607460E46126853B1934205D8F2
:1012A0006FF05305284617B0BDE8F08F61688B4298
:1012B000F6D900214FF004080EABCDE901130092DE
:1012C00043463A463846CDF80C80CDE90E1111F070
:1012D0001DFD054610B110F1540FE3D1CDF80C807F
:1012E0004FF000080FAB0293CDF8048063683A46D4
:1012F000009341460423384611F008FD05460028B6
:1013000048D010F1540FCDD1414654F821304FF060
:10131000FF35336081F00103099354F82330736083
:1013200016AB03EB810151F8203CB3600023F3605E
:1013300002230893A44A10AB92E80300042283E836
:1013400003004FF0FF3006F1080102F00DF8002312
:10135000A9464FF0FF389B46CDE906330C90059324
:10136000404611F089FC0422BB6E834403920DAA0F
:10137000CDE901B232680021009238463A46DB6975
:1013800011F0C4FC044668B114F1540F00F01A8146
:10139000254687E7DDE90E31C91A0029D4BF0021AF
:1013A0000121B2E704220C980DA901F0DDFF0D9B8D
:1013B0000C901BBA88EA030ABAF1000FCDF834A0EA
:1013C0001DDA4FEA185303F4F063A3F5A0646342F7
:1013D0006341F268002A40F0FD80D6E90032C6E998
:1013E0000023099A16AB03EB820353F8203CB36049
:1013F000089B012B3FF454AF012308939AE7504612
:1014000011F03AFCBB6EDA6900EB0B03934200F279
:10141000D9804FEA1A5101F4F061B1F5A06F336839
:101420000BF1040833D10421039114A9CDE9018102
:1014300000932146134638463A4611F067FC0446AD
:101440000028A1D1149A0C9B9A4240F0BB800D9BBE
:1014500004221B0DF86A0CA98AEAC37A01F084FF02
:10146000F8620D9811F008FC059B5844B382109B5C
:10147000C6E9030AB361119BF361069BF3754FF054
:10148000FF330C934B464D46D046994668E70CA96E
:101490000438CDE9008002913846394611F012FD3A
:1014A000044600287FF470AF0D9B190D11F4E06025
:1014B0001CD1059AC3F389239A4201D801330593BD
:1014C0000D99209B0A9A4B4013400B9364D1DDE9A0
:1014D00022303268CDE9142814AA9847041E0B9BC9
:1014E00057DA14F1540F3FF474AF51E7B0F5806F41
:1014F0001DD1059A48B242FA81F18AB20592334A67
:1015000009EA020242F09F4242F4E002934202D111
:1015100049F00049D4E7B9F1FF3FD1D0C3F38923A3
:10152000C9F389229342CBD809EB8029C8E7B0F5EB
:10153000C06F336813D101F0010208210692BA6E20
:10154000039110A9CDE9018100932146D369384662
:101550003A4611F0DBFB04460028B1D014E7C1F392
:101560000A0240F2FF518A42AAD10821BA6E0391C1
:1015700012A9CDE9018100932146D36938463A4644
:1015800011F0C4FB044600287FF4FEAE012307934C
:1015900096E70D9B03D199464B46A94673E70C4A43
:1015A00089EA03010A4052B1022CF5D1C9F389221C
:1015B000C3F389218A42EFD343F00049ECE74FF0AF
:1015C000FF39E9E7002304E7AC80020000FC0F00CC
:1015D00000FCFF7F0021B17513B3B96E8869B2FBBF
:1015E000F0F300FB1323DBB9079BCBB14FF0FF33C4
:1015F000149314AB0293129B3846CDE90023CA69B9
:101600003368394611F05EFC20B110F1540F01D05F
:10161000054647E6DDE91332981A43424341B37564
:10162000314607F13C0011F03EFB88B1FB6BC5F37E
:101630008922C3F389239A4204D145F00045219BB6
:1016400043B912E0691CFAD09A4288BFA5F58065BB
:10165000219B3BB1B28AC5F38923934228BF13462D
:10166000219A1380002DBFF61DAEB38AC5F38925DC
:10167000AB4294BF00256FF0010513E62DE9F04F52
:101680008DB00693036A15688B61436A8046CB610F
:101690002B780E460492002B00F08880464CC4F351
:1016A0000A53022B059304D12846444915F07DFBCB
:1016B00005442846414915F036FB0128074606D166
:1016C0002B782E2B0CD105F1010A5546E7E70228AD
:1016D00006D102463A49284615F008FB002865D095
:1016E00005EB070AD1464FF0010B4846334915F088
:1016F0005CFB81444846314915F015FB0246C8B1F0
:10170000012805D199F800102E2910D19144ECE759
:1017100002280CD107902A49484615F0E7FA079AA3
:1017200028B9BBF1010BF1D109F1020ACDE70BF1A8
:10173000010BEBE72B78002B34D0049B1D60059B3D
:10174000022B36D140F2FF33C4F389249C4206F1C8
:1017500018091BD10DF1240B1A4B4A460293069B24
:101760003146CDE9007340464FF0F043CDF80CB060
:10177000CDE909850B97FFF787FD041E12DBA4D185
:10178000F37D002BE8D16FF001040BE00E4B3146E6
:1017900043EA842340460D4ACDF8009011F06BFBDC
:1017A000041ED7DA20460DB0BDE8F08F6FF01504A7
:1017B000F8E76FF01304F5E700FC2F00CAAA020057
:1017C0007FC702009F2F02000800002000FC0F705E
:1017D0002DE9F04F9046CE6A4A6B0746B2420C465E
:1017E00085B05BD2B61A9E4228BF1E46B146DFF8CE
:1017F000B0B001F1400AB9F1000F01D1304618E054
:10180000216B080304D5BB6EE26BDB699A421BD1E6
:10181000CA01636B10D404F13C02029204F1380255
:10182000CDE900325146D4E90A23384611F015FCBF
:1018300030B105B0BDE8F08F6FF00102C4E90E23AE
:10184000216B41F400212163BB6EE26BDB690192E5
:101850009D1A4D4528BF4D4611F08071CDE9028596
:1018600015D0A28838464BEA8222009204F1080182
:101870005246FFF7ADFC0028DBD1636BA8442B4434
:101880006363E36BA9EB05092B44E363B3E7A26B46
:1018900038460092524611F039FAECE70020C8E7CA
:1018A000000010202DE9F0470123144600228CB0DF
:1018B000C4E90623194B08AD06460F460FCB85E851
:1018C0000F00DFF85C80DFF85C9004F1180A5046E6
:1018D00011F0B7F910B16FF0010018E02946204669
:1018E00011F0BBFDB0B93B68524606937B682146B8
:1018F000079305ABCDE90283CDE900900A4B304652
:101900000596FFF7C1FC0028DFD0831CDDD00CB0AA
:10191000BDE8F0876FF05300F9E700BFB480020024
:101920008F2E020008000020FF03F07F2DE9F04F0A
:1019300095B004460D46164600211C220CA80593BE
:1019400015F0C1F9012340F2022A1393484B0DF11F
:1019500020080FCB88E80F0012A811F072F920B10F
:10196000A76A002F54D1384640E041460CA811F038
:1019700074FD002879D130461299A847002835D146
:1019800030461399A84788BB204612AA0CA911F02B
:10199000C7FA58BB8146DFF8DCB0374FBDF84420AA
:1019A0001FFA89F39A42D7D906AA0BEA8923009233
:1019B0002046324A3B430CA911F05DFA002804DAB4
:1019C000821C13D109F10109E8E7BAEB105F4FEA75
:1019D00010530ED1079B2246009300212046CDE9EB
:1019E0000156069B11F082FB0028EBD015B0BDE834
:1019F000F08F059A002AE5D0B3F5007FE2D130469A
:101A00000699A8470028F1D130460799A847EBE787
:101A1000BB79012B01D03F68A3E73B6B13F4403F38
:101A200013D13B6B03F08273B3F5802FF3D1CDE973
:101A300001567B6B224600932046BB6B07F14001A9
:101A400011F054FB0028E6D0D0E7DB01E9D4CDE962
:101A50000156FB6A224600932046BB6A07F140010B
:101A600011F044FB0028DCD0C0E76FF05300BDE765
:101A7000B480020000FCFF030800002000FC0F708F
:101A800038B5C26D436D00251344C26E0446B3FBE6
:101A9000F2F102FB1133826E4365C565D36A016EB4
:101AA000DB008B4294BF83658165D26A2946406E14
:101AB00015F009F90123224620460449FFF736FFB5
:101AC00018B1E36EC4E91655236638BDC32C020075
:101AD0002DE9F04F04460D4687B0204605A911F0C8
:101AE000DAFC064658B9DDF81480A06E414611F0C4
:101AF0003CFB0646002853D010F1540F56D0304618
:101B000007B0BDE8F08F2A6B0DF1130A12F0807F49
:101B1000CDE9017AA3EB0703CDF80C901CD0AA887D
:101B20002449204641EA8222009205F108015A46E2
:101B3000FFF74EFB70B9012322462046CDE902A9EA
:101B4000CDE9008704F1100111F0C5FB60B110F17F
:101B5000540F2BD00646D2E7AA6B59460092204676
:101B6000224611F0D3F8E5E70137EB6BBB42CAD848
:101B7000A36EE1699A6AE86C15F07FF8236904F1B5
:101B800010012B6463696B64A369AB64A06E11F0F0
:101B9000EEFA2B6BC5F8388043F480232B63AEE755
:101BA00007464FF0010905F1400BDEE74FF0FF3328
:101BB000236192E700001020002307B5044901AA21
:101BC0000193FFF7B3FE00B9019803B05DF804FB81
:101BD000032D02002DE9FF411446012300226D462A
:101BE000C4E90623124B06460F460FCB8DE80F00C3
:101BF00004F11808404611F024F810B16FF001000C
:101C000010E02946204611F028FC70B939464046BC
:101C100011F021F830B142462146304611F080F9EA
:101C20000028E7D004B0BDE8F0816FF05300F9E779
:101C3000B48002002DE9F04F0D46816E6A688B6911
:101C4000C96914325F1E8A4294BFBF187F184FF0D3
:101C5000000AB7FBF3F70446D1466FF0030B5F436E
:101C60008BB06E68BE4219D34FF0FF322B690892D9
:101C7000A9EB0302CDE9003208AE029621462046C8
:101C80002B6809F1040211F01DF9002847D1089BC7
:101C9000534500F0B2806FF0530040E040F2FE3256
:101CA000ABEB06033B440436934294BFF618B618D8
:101CB000BE424FF0FF0335D38DF81F30A26ED2E93C
:101CC0000632D21AB24236D3012203920DF11F021C
:101CD000CDE901622A68002100922046224611F0D7
:101CE00015F810B110F1540F19D1A36E21469A695D
:101CF0004FF0FF33099309ABCDE90123009620464D
:101D00002B68089211F0DEF810B110F1540F06D1D3
:101D100029462046404A08AB11F044FB58B10BB0AD
:101D2000BDE8F08FA7F11402964228BF1646BE42C6
:101D30008DF81F30C2D29DF81F206B68D243ABEBE9
:101D40000308C2F3C01202F5A062B04448EA025888
:101D5000AB6848F47F2848F4406888EA03031BBA5C
:101D6000089308AB19460422E86801F0FDFA08223E
:101D700008ABE860039202936B68099001932B68AB
:101D800004F110010093224600232046059111F032
:101D9000A2FA0028C3D10599B9F1000F04D16B68EC
:101DA000D5F80CA003F104099DF81F30B7426FEA83
:101DB00003034FEA036303F0004383EA0803AB60C5
:101DC0004FF0FF336E60EB6006D9A36E62699B6AC9
:101DD0001344B3423FF645AF4FF0FF332246236032
:101DE0002046002311F03DFA002898D1A06E036927
:101DF000984700283FF435AF91E70422CDE90092DF
:101E00000296214620462B6811F05CF8002886D106
:101E1000089B002B83D03EE708FCFF5F2DE9F04FC5
:101E200097B0CDE90823836E04465A6A8B68002A6E
:101E300003F101030D46BDF88480BDF888B08B60C6
:101E40001ADC0027002600234FF0FF326968CDE935
:101E50001132CDE91323A06E1091C36C002B3CD03E
:101E6000083B159311F081F9002838D010F1540F78
:101E700040F0BB803E4610E0013242F00102B3FB6D
:101E8000F2F102FB1133002BDBD10126284610A909
:101E90001093119610F0DFFED0B14FF0FF33002702
:101EA0004FF001092846236110A9CDE9107910F0FF
:101EB000D2FE50B12046291D11F0EDFA50B110F1BB
:101EC0001C0F40F09280002EBDD16FF01B008CE003
:101ED0003746B7E707464E46B5E7C369C0E70DF199
:101EE000400904234946204605F1080211F03BFA57
:101EF0000028BBD10BAB07933D4B02460693C8F1BC
:101F000000031BB2CDE904B33A4B20460293099B70
:101F100020990193089BCDF80C8000934FF0FF337C
:101F2000CDE90B49FFF706F800289FD105F118010C
:101F3000084610F086FE60B9EA7D0B462E4902F590
:101F4000C06241EA02522046494611F02BFA0028AD
:101F50008CD10023CDE90D330F9346B904F13C0138
:101F60000DA810F093FE04F1300110F08FFE04F183
:101F7000480A0DA8514610F089FE0D9B02466FF3EA
:101F80000903294620460D93FEF760FF68BBDDE993
:101F90000D3213430F9A134308D049462046174A7F
:101FA0000DAB11F0FFF900287FF460AF49462046E1
:101FB000FFF740FE00287FF459AFD5E90032C5E9AC
:101FC0000023119BABEB0808EB60129BA5F8148073
:101FD0002B61A064CAE9010036B904F13C03303436
:101FE00094E8070083E80700304617B0BDE8F08F9B
:101FF0004F34020000FC0F4008FC0F000CFCFF7F78
:102000002DE9F04F40F2FF4C0D461F46002140F2F3
:10201000014497B00892209ADDF88480064603EBCD
:10202000C200984228D1002949D1AB7D002B5CD158
:102030004FF0FF333361B5F814904FF00008C346FA
:10204000A9EB080ABAF1010F00F2E480B8F1000F21
:1020500040F01481B36E5A6A002A00F324810023F1
:102060003A46CDE9005329463046209BCDF80890EA
:10207000FFF7D4FE044613E11A684FEA125EC2F37A
:102080000A52A24204D1AA8A0132AA820833C8E7BE
:10209000624504D1AA8A0121013AAA82F6E70EF428
:1020A000E062B2F5C06FF1D15A681268AA615A684D
:1020B0005268EA611A68C2F30052EA75E6E7AB8A31
:1020C000002BB2D1424629463046FFF783FD044635
:1020D00028B1831CA9D0204617B0BDE8F08F98F82E
:1020E0001730002BA1D0022476E0AB8AFE2B9FD8BC
:1020F0004FF0FF312B68EA681093CDE913122B697A
:10210000B06E11921293C16C01B3083915910BA9ED
:102110000791B649304606910021CDE90411CDE979
:10212000021120990DF1400BCDE9007129460B9663
:10213000CDF830B0FEF7FEFE044648B114F11C0F96
:102140003FF476AF14F1540FC5D171E7C169DCE7F4
:102150000DF1340806F130094946CDE90D000F9024
:10216000404610F093FD06F13C03194606F1480A7B
:10217000099310F08BFD514610F088FDDDE90E103B
:102180000D9A01436FF3090211430D9210D042469C
:1021900029463046FEF75AFE044600289BD14346A6
:1021A00059463046924A11F0FDF804460028C5D140
:1021B00059463046FFF73EFD04460028BED1119B2C
:1021C000EB60129B2B6106F13C0399E8070083E862
:1021D0000700B464CAE90144089BD6F828801B684C
:1021E0001093089B5B68119306F120030993B8F1E3
:1021F000000F3FF470AF08F10809484610A910F02D
:102200002AFD8246002800F08480D8F80080EEE79E
:10221000C14612E710AB0793764B1FFA88F206937C
:1022200053421BB2CDE90493734B03920293209B5C
:102230000022CDE9007329464FF0FF333046CDF838
:1022400040B0FEF777FE044650BBB36EDA6C02B9BD
:10225000DA69BAF1FE0F0ED899694B1E03EB5203EF
:10226000B3FBF1F34B43283A934228BF1346109A2D
:102270009342BFF4EBAE08EB5A08E1E61FFA88F888
:102280003A4629463046CDE90189209B009511F058
:10229000A8FB04460028BBD010F11C0F3FF4DAAEB7
:1022A000002C99DA17E7AB680132013342F00102E2
:1022B000B3FBF2F102FB1133002B7FF4D0AE4FF0F1
:1022C0000108284610A91093CDF8448010F0C3FCF3
:1022D000824600287FF4C3AE3046FFF76DFC041E33
:1022E000FFF6F9AEF36E1C1BB4EBD30F7FF6B7AE5F
:1022F0003A4629463046CDE901A9209B009511F0C8
:1023000070FB044618B110F11C0FC9D1A7E6C146F5
:10231000A5E6CC46AE46BEE80F00ACE80F009EE84E
:102320000F008CE80F00089B994506D040F2FF4152
:1023300040F20140209B9A451FD108F1200AB8F8CD
:102340000420B8F81CB05A45FFF45FAF98F81F108E
:1023500000293FF45AAF5046099910F07CFC18B19F
:10236000A2EB0B02A8F8042052464946304610F072
:10237000D7FD0028E3D00446ADE657F83A30C3F362
:102380000A528A421ED1B8F80420C3F389239A4224
:102390000AD198F80630022B03D04FF0FF33C8E97A
:1023A00002330AF1010AC5E7FBD998F80630013A71
:1023B000022BA8F80420F4D1D8F82830013BC8F843
:1023C0002830EEE78242ECD1B8F80420C3F3892329
:1023D0009A42E6D398F806300132022BA8F804207E
:1023E000DFD1D8F828300133E9E700BF4F340200CD
:1023F0000CFCFF7FEF2C020000FC0F402DE9F04F9A
:1024000005460F4691469A46866A9DB0002E5FD1DA
:102410003E463B680CAC04937B680DF13008059395
:102420000FCE0FC496E80F0014AE84E80F004B46A1
:102430003A4641462846CDE900A6FFF7E1FD041ED5
:1024400071DB384604A910F006FC48B9BC46C64604
:10245000BEE80F00ACE80F009EE80F008CE80F000C
:10246000022C29D13946284605F14802FEF7EEFC38
:102470000446002857D1149BFA7D0493159B02F55E
:10248000C0620593944B019043EA025308930123E1
:10249000314600932846183708AB04AA0997FFF77E
:1024A000AFFD041E3FDB4746B446BCE80F000FC734
:1024B0009CE80F0087E80F004FF0000BDFF81C923C
:1024C000874F012C40F0B38005F1200303938DE08A
:1024D00006F10800B84201D1366897E7394610F096
:1024E000BAFB0028F8D1B379012BF5D1336BD901B0
:1024F000F2D5AB6EF26A9B6A9A42EDD9736B3146A4
:10250000F363EB6E28462B66FFF7E2FA044650B9F8
:10251000336B314623F080732846336311F064F93E
:1025200004460028D8D020461DB0BDE8F08F0AF13F
:10253000080104A810F08FFB08B9CAE902249AF830
:102540000630022B07D10AF12C0104A810F083FBFE
:1025500008B9CAE90B24DAF800A052E001212846A4
:1025600010F03AFD314605F1300010F09CFB0028D8
:1025700063D02A6BC5F838A0C2F389233A40C5E975
:102580000C2AC4F38922934201D2A4F58064149AE0
:10259000DDF854A00292069240F2FF3293420CBF43
:1025A000002349EA832308930023CDE909340193EA
:1025B000022331460093284608AB06AACDF81CA09A
:1025C000CDF82C80FFF71CFD041EACDB012C37D1AD
:1025D000C446B646A346029BCDE9043ABEE80F00C6
:1025E000ACE80F009EE80F008CE80F00039904A8E8
:1025F00010F031FBDDE90C2408B9C5E90824D5F851
:1026000028A0BAF1000F92D13246284604A9FFF75C
:1026100049F9041EA2DAA21C85D13246284604A933
:10262000FFF7D8FA044670B1831C7FF47CAFBBF18E
:10263000000F0CBF0024032475E740F2FF33A6E728
:102640004FF0010AE9E72B6BC3F3090323B12846D6
:10265000CAF1000110F0C0FC314605F1300010F065
:1026600022FB002835D02A6BC2F389233A402A6323
:102670000022C5E90D22149A17490492159A28469A
:10268000059240F2FF3293420CBF002349EA8323B4
:1026900008939DF86730002203F5C06341EA0353B5
:1026A000CDE90A380223099201920093314608AB22
:1026B00004AAFFF7A5FC041EFFF635AFC446B646D4
:1026C000BEE80F00ACE80F009EE80F008CE80F009A
:1026D000F7E640F2FF33CEE708FC0F000000F04FB2
:1026E000FF0300802DE9F041036B0446C3F30903A7
:1026F0000F46A0B0002B52D000251C22002108A8B4
:1027000014F0E1FA012300268DF837300F930EA85C
:1027100010F097FA28B1002EEED1002D39D1012505
:10272000EBE720460EAA10A910F0FAFB58B99DF865
:1027300037300BBB204618AA0EA9FFF7B3F80028C4
:102740002FDA811C5FD020B0BDE8F08191423ED1EC
:10275000039A93423AE0236BC3F389226FF39E23DB
:1027600023630023C4E90D3340F2FF339A4235D08E
:10277000314B43EA822332E00DF1200C0DF1400E83
:10278000BEE80F00ACE80F009EE80F008CE80F00D9
:10279000BDE7216B2046494249B210F01DFC0020E4
:1027A000D1E7002DE8D10DF108080346234A204661
:1027B000CDF8008018A910F05EFB0028C3DBDDE92E
:1027C0000E31029A9A42C1D1039B9942D4D008A9F2
:1027D00004F1300010F067FA0028BCD10023002279
:1027E0000493174BCDF81C80CDE905230223204626
:1027F00004AA08A9FFF702FE0028A4DB032808BFEB
:1028000046F0010683E7002DB6D0002FB4D0204655
:1028100004F1480210A9FEF719FB002893D19DF896
:102820005720084B02F5C06243EA0253049316ABEB
:1028300005930123DBE700BF0000F04F00FCFF7FA2
:1028400008FC0F6008FC0F0010B5036B04469B05E5
:1028500090B022D500F1200208A910F061FB0028F9
:1028600044D1234B6A460293A36E2046DB6908A934
:102870000393E36E0493236F0593636F0693A36F33
:1028800007931C4B009302AB0193012311F0E3F873
:1028900060BB236B23F400732363E36B1B0D13F402
:1028A000E06F06D10121204610B0BDE81040FFF7CF
:1028B00019BF204604F1400208A910F031FBA8B965
:1028C000E36BA063C3F38922236B08A96FF39E23F4
:1028D000C4E90C30084B43EA8223CDE9023002AA56
:1028E0000123204611F0B7F80028DBD010B010BD4E
:1028F00001000200180010200000F04F73B51446CC
:102900000E4600F1480221460546FEF79FFA70B9CF
:10291000E27D084B02F5C06243EA0253009318348B
:1029200001236A4631462846019411F094F802B01A
:1029300070BD00BF08FC0F002DE9F04313F0020F3B
:102940008BB006460D469846039237D1129B05F18F
:1029500008072B65002339466B63EB63EB64304655
:10296000C5F830802B1D03AAFEF788FE041E05DA89
:10297000A31C1AD10398FEF783FAB0B10123AB71FF
:10298000B36AA01C2B60B5625BD118F4807F0CD0B9
:10299000039C7449204614F0C6F9225C002A4DD1EC
:1029A000336F834213D26FF023042B6B294643F419
:1029B000801330462B6311F0D5F804E0FFF744FF95
:1029C00004460028C2D020460BB0BDE8F083AB8897
:1029D0006549DFF8988140EA832041EA832140F489
:1029E000801048EA8323CDE90412CDE90604CDE93D
:1029F000083239460323304604AA11F02CF810F1AE
:102A00001C0F0446CFD00028CFD144464FF0000819
:102A10004FF00C092B6D9A68424538D81B68002B83
:102A200065D0EB64B06E05F1400110F0A0FB40F200
:102A30000123B3EB145F64D00024C4E76FF01304E8
:102A4000B3E718F4007F40F08380240D012C40F0A0
:102A50008280AB8818F4806F4FEA832308D043F05C
:102A600000542B6B44F4801443F480332B63CDE784
:102A700005F1280243F000530092394630463C4AA3
:102A800043F0080310F0F7F9041EBFDA8DE72A6B54
:102A9000D10705D42B6B9A071DD408F10108B9E7BB
:102AA00009FB08F25868B5F804C081188B68825C8D
:102AB000496843EA8C2302F54072009143EA0253CD
:102AC000394630462B4A10F0D6F90028E2DA831C4A
:102AD000E0D0044669E72A6D526809FB0822916834
:102AE000B26F91423AD843F480332B63D5E7B36E8B
:102AF000986AFAF78FF9E864002893D16FF00B0415
:102B000053E72B6B6FF0010243F080732B630023BC
:102B1000C4F30904AA62EC622A646B64B36E9A6A15
:102B2000AA64002C88D040F2FE33934228BF13469B
:102B3000A988EA6C43EA81230092394630460C4A60
:102B400043F0005310F097F9041EBFF675AF2CE761
:102B50006FF0100429E76FF0140426E76FF01B04F0
:102B600023E700BFCAAA02000000104000001020A6
:102B700000FC0F7000FCFF7F30B597B0054610F0E9
:102B800001FB044620B16FF00B04204617B030BDA6
:102B9000AB6E0146DA6A686E14F095F8D5E91A3220
:102BA0006C65DB6A2846DB00C5E91742934294BF97
:102BB000AB65AA650EA910F0ACFC0446002832D122
:102BC0001B4B08AA0293AB6E0EA9DB690393EB6E55
:102BD00004932B6F05936B6F0693AB6F0793154BA5
:102BE000CDE90830144B28460A93144B0B93144B31
:102BF0000C9302AB0D93032310F02DFF044690B904
:102C0000034602468DF84E000EA9284610F023FF19
:102C1000044640B9012300906A4628460EA9019354
:102C200010F07EF90446284610F0E3F9ADE700BF46
:102C300001000200000010400800F00F82C70200EF
:102C4000180010202DE9F0439BB0044610F09AFACA
:102C50000646002840F09F8001461C2212A814F06E
:102C600032F8012319934D4B08AF0FCB87E80F00C3
:102C7000DFF82C81DFF82C9118A80FF0E2FFB0B13B
:102C8000236B04F1300203EBD373236304F13C03A1
:102C900007CA83E80700E26EE36A2266B3FBF2F13B
:102CA00002FB113363650023C4E9163335E039466E
:102CB00012A810F0D2FB00286AD10823079305ABB5
:102CC000CDE90293384B019000932046374B18AA68
:102CD00012A9CDE90548FEF7D7FA051E19DB4CD03D
:102CE00045F30905013548D0129B20462362139B0A
:102CF0002E4A63620CAB009312A92D4B10F0BBF867
:102D0000051E06DB0C9B9AB21B0C022B09D06FF040
:102D10001505204610F06DF92E4630461BB0BDE873
:102D2000F083012AF3D8236B82F0010223F40073AD
:102D300043EA422323630F9B1BB1226F9342E6D8E1
:102D40002367109B1BB1626F9342E0D86367119BAE
:102D500043B1A26F9342DAD8E26FA3679A4294BF5D
:102D6000E267E367A36E0E9A196A09B19142CED168
:102D7000E266DB690D9A9A42C9D1204604F130021D
:102D800012A9FEF763F8054600283FF475AFC0E7C7
:102D90006FF05305BDE76FF00B06BEE7B48002008D
:102DA00082C702009F2F02000800F00F00FCFF7F87
:102DB0001800102070B598B004460391FFF744FD49
:102DC00000285CD1034603AA204606A9FEF756FC5C
:102DD000002854DB40F2FF32C0F38923934250D0E5
:102DE000A26A000D02280E924FEA832504AE20D17C
:102DF00045F000532046244A009643F0080306A9F4
:102E000010F039F800283ADB3246204610A910F0BD
:102E100087F8002833D1159B33F47F022DD101218F
:102E2000204610F0D9F80EAB8DF83E20ADF83C20CE
:102E3000A362002345F09F450593324601232046B7
:102E400045F4E00506A9049510F005FE0E9BA3626B
:102E5000A8B9236BC3F309038BB14FF0FF312046B0
:102E600010F0BAF806AA10A9FEF7B4FE38B9204649
:102E700010AA06A9FFF742FD01E06FF0260018B086
:102E800070BD6FF01500FAE700FC0F702DE9F04FF0
:102E9000ADB00546CDE90412FFF7D6FC0346002885
:102EA00040F015810DF120094946284604AAFEF795
:102EB000E5FB061EC0F20D8140F2FF38C6F38927FC
:102EC000474505D16FF0150420462DB0BDE8F08FC1
:102ED00028460DF10E0305AA10A9FEF7CFFB041E2C
:102EE00032DBC4F389234345ECD0484610A90FF0E8
:102EF000B2FEAB6A80461893A31C35D1DDF814A04E
:102F00007A49504613F00FFF1AF800301BB1330D09
:102F1000022B40F0E0802B6F8342C0F0DF80B8F1DD
:102F2000000F19D02B6B02346FF39E2343EA8723E3
:102F300043F09F4343F4E0032B63089B6B63099BBF
:102F4000AB634FD1BB460DE0A21CBDD10598FDF788
:102F500097FF0028C9D1B7E7BDF80E30BB42F1D8C2
:102F600007F1010B002343E0330DB3EB145F4FEA8D
:102F7000145206D0022A0CBF6FF014046FF0130431
:102F8000A2E7BDF80E30002840F0AB809F4201D18F
:102F9000002499E7022A25D1554A0DF1880A42EA10
:102FA00083232846534ACDF800A010A90FF063FFF1
:102FB000002854DB524628461AA90FF0B1FF00281A
:102FC0004DD11F9B33F47F0247D10121284610F0D9
:102FD00003F818AB8DF86620ADF86420AB62B8F149
:102FE000000F9FD1BB46BDF80E20434B43EA82231E
:102FF0000024BDF80E202293404B3C4943EA822333
:10300000CDE92434059B4FEA822A1846239413F015
:103010008AFE059B6FF3130627934AEA070346EAE5
:103020000A0643F08053064343F48013CDE9283960
:103030002696B8F1000F02D12F4C44EA8B240023CE
:1030400028462B9322AA052310A92A9410F003FDE9
:10305000044630B1189BAB6236E76FF02600044699
:1030600032E7B8F1000F17D02B6B1A0D12F4E06F96
:1030700012D06FF39E23C5E90C301F4BA86343EABF
:103080008723CDE9063049460123284606AA10F0D9
:10309000E2FC04460028DDD1189BAB622B6BC3F326
:1030A0000903002B3FF474AF4FF0FF3128460FF0B7
:1030B00093FF10AA1AA9FEF78DFD044600287FF49D
:1030C00003AF28461AAA10A9FFF718FCC7E7044661
:1030D000FAE63446F8E66FF01304F5E66FF02304E1
:1030E000F2E6022A7FF41EAF56E700BFCAAA02002A
:1030F0000800002000FC0F700000F04F000010409E
:103100002DE9F047A6B005460191FFF79DFB044667
:1031100088B9AB6A28461C9301AA0DF102031EA9C7
:10312000FEF7ACFA831C044609D1DDF80480404662
:10313000FDF7A6FE40B9204626B0BDE8F08700287E
:10314000A8BF6FF01004F6E740463D4913F0EBFDD1
:103150002B6F0646834270D3EB6E04AF3946284688
:103160002B6610F0D6F904460028E4D10CAC0DF122
:10317000780CBCE80F000FC49CE80F0084E80F0037
:103180000DF1480A9DF84730002B4DD1DFF8B4907F
:1031900001233946284602AACDE9029A10F05BFCC9
:1031A00004460028C7D19DF88F30D3B101212846AD
:1031B0000FF012FF1CABAB6214AA01230CA98DF80F
:1031C0007640ADF87440CDE9149710F044FC1C9B98
:1031D0000446AB620028AED14FF0FF3128460FF015
:1031E000FBFEBDF80220184B46EA822643EA822302
:1031F000149300231593154B284643EA8223CDE907
:1032000018379DF88F3046F40016002B0D4B18BF71
:10321000002314AACDE91A371EA90423CDE91668A4
:1032200010F019FC044686E7524628460CA90FF018
:1032300077FE04460028A5D07DE76FF023047AE7E7
:10324000CAAA020008FC0F6000001040080000201D
:10325000F0B501F1080687B003920C460023314611
:1032600003AA0546FEF70AFA00282ADB030D022B03
:1032700029D140F2FF33C0F38920984204AF15D121
:103280002B6A04936B6A05933A46314628460FF041
:1032900047FEB0B9A368A080E362E368A06223633D
:1032A0000223A371AB6A2360AC620AE0074B31468C
:1032B00043EA8023064A284600970FF0DCFD0028E9
:1032C000E2DA07B0F0BD6FF01300FAE70800002063
:1032D00000FC0F702DE9F04115460C4606464FF4F0
:1032E00084720021284613F0EEFCA36A63B92846D5
:1032F00002231B4900F8083BEEF754F90120A36AAA
:103300000133A362BDE8F081012B22D004F1200833
:1033100004F10807A288A38B93420BD1E07F002819
:10332000F0D04246394630460FF0FAFD0028E9D188
:103330000246A0802B4639463046FDF7B3FD08B162
:10334000831CDFD1A388023003F10103A380E1D005
:10335000D4E728460223034900F8083BCCE700BF26
:1033600080C702007FC7020030B50C4D0A4491426D
:1033700000D130BD11F8013B83EA000404F00F04D2
:1033800055F8244084EA101080EA131303F00F0369
:1033900055F8233083EA1010E9E700BF509002008F
:1033A000F8B50F4614461D46084E304610F001FD94
:1033B00010B96FF08300F8BDB368394630461B681A
:1033C000A2B298470028F4D12C60F4E708760200F6
:1033D0002DE9F04104460D46EFF31187202383F3D6
:1033E0001288DFF87080D8F808600BF048FF0BF007
:1033F00046FF042C96BF184B184A53F82420214648
:1034000098F8103016480BF03DFF45B1EB69C3F357
:10341000080323B10BF033FF12480BF033FF0BF01E
:103420002EFF36B1304610F0D4FE024608B10378C4
:1034300003B90D4A31460D480BF024FF29462046BA
:10344000F2F77EF987F311883046BDE8F041F9F7CD
:1034500027BA00BF9C5C0020909002008BC702003E
:1034600099C70200C2C702000CB10200E3C7020004
:1034700038B50A4B53F82040013053F82050A5428C
:1034800000D838BD606830B1037EDB0701D410F08E
:103490006FFC0834F3E723689847FAE7A49002002A
:1034A000012270B52D4B2E4C2E4D86B01A70AC42B9
:1034B00023D30320FFF7DCFF2B4C2C4DAC4202D072
:1034C00054F8043BEBB90420FFF7D2FF284C294DF8
:1034D0002646AE4204F1300415D301F0E5F8244C41
:1034E000AC422CD301F0F0F8F3F79AFE224A93890C
:1034F00023F00103938106B070BD54F8043B984754
:10350000D5E79847DAE754F80C3C059354F8103C9B
:10351000049354F8143C039354F8183C029354F861
:103520001C3C019354F8203C009354E90A2354E9CD
:103530000C0100F07FFD54F8303C5E65C8E7D4E92B
:103540000A2352EA0301206803D110F044FE30340C
:10355000C6E70A49183001F081F9F8E7BAA6002059
:10356000647F0200687F0200808002009080020079
:10357000687F0200687F0200484D0020F34202008D
:10358000982370B5134E012203FB0066002386B01A
:10359000CDE904230F220193CDE9023214234FF425
:1035A000A0720D4D0D4903FB0055044602FB0011AE
:1035B0000B4B3046009500F03DFD337C2C7423F01E
:1035C00004033374074B013403EBC423EE606B60D8
:1035D00006B070BDB04C00209C5C0020C8CB002021
:1035E000313F0200C8C300207FB50020FFF740FF35
:1035F0002C4B03F5006282F3088883F30A88E023EA
:10360000294C2A4D84F822300023E3772376637611
:10361000A37684F82030626A42F4E022626284F881
:103620002330F9F743F8F9F727F94FF0FF33A36296
:10363000E362F9F707FBF9F7A1F91D4800F044FD33
:103640001C4CAC422AD30120FFF712FF02201A4C77
:10365000FFF70EFF01F020F8184B00255C61184BB6
:103660004FF40052059301231649CDE90353204638
:10367000154BCDE90155009500F0DCFC0646237C96
:10368000204623F00403237410F0EEFD2846FFF7D4
:1036900077FF314620460C4AF9F7CEF854F8043B40
:1036A0009847CEE7C8C3002000ED00E0647F020029
:1036B000E04D0020607F0200484D00209C5C00200F
:1036C00046C8020008CD0020A134010038B5064CE0
:1036D000064DAC4201D3002038BD2046D4E901128A
:1036E00010F0AEFB1834F4E738070020680700201C
:1036F0001FB5054CCDE9002302940A46002110F0C5
:1037000063FB04B010BD00BF11F1010038B5064CD9
:10371000064DAC4200D338BD204610F0B3FB002864
:10372000F9D12034F5E700BFF80600203807002063
:1037300073B50C46EFF31181202585F312880569D6
:103740004DB125602B680361C3690133C36100205B
:1037500081F3118811E052EA030603D16FF00B00E8
:103760002560F5E7CDE900230246083000F0ACFE05
:1037700018B9034B9B685B69236002B070BD00BF42
:103780009C5C0020F7B504460F469DF82000EFF33F
:103790001186202181F31288616A2569A9423CD2F1
:1037A0002568AC4219D0C5B1284610F0CAFB05F116
:1037B000180001F0E3F83946E268686913F05DFA31
:1037C00000232846C5F8943000F00AFD04F10800F3
:1037D000314600F001FE00202DE0E268A8B1206A29
:1037E000A56983189D4208BF636923620131616244
:1037F000394613F042FA102104F1280010F066FF58
:103800000028E3D186F3118815E0E06963698342FB
:1038100008BFA069801AE061E8E752EA03010CD012
:10382000074904F1080089684F61CDE9002331465A
:10383000224600F049FE03B0F0BD6FF02200E1E740
:103840009C5C0020F7B504460846EFF31187202161
:1038500081F31288656A002D34D0E668E169A269B7
:103860008B199A4208BF6369013D65623246E36184
:1038700013F003FA2568AC4233D0284695B310F014
:1038800060FB05F1180001F079F8206AA26983193C
:103890009A4232464FF0000608BF63692362636AAA
:1038A00001336362696913F0E8F92846C5F894604A
:1038B00000F096FC04F10800394600F08DFD30461A
:1038C00003B0F0BD52EA03010FD00949896848618D
:1038D000CDE900233946224604F1080000F0F4FD4A
:1038E000EEE7002087F31188EAE76FF02200F9E79E
:1038F0009C5C00202DE9F04F044693469A4685B023
:10390000EFF31189202383F31288DFF82481C16843
:10391000D8F8082061B18368934209D05BEA0A03B2
:1039200024D189F311886FF00F0005B0BDE8F08F46
:1039300001310129C4E9022110D1D8F80830D3F8A7
:10394000802012B99A7B83F88C2000212161D3F862
:10395000841004F1100229B9C3E9202289F31188E7
:103960000020E2E70A60C3F88420F7E7C2F8880085
:10397000856892F90E1095F90E3006469942A8BF57
:1039800019460027102395F90E208A4208DDB068F9
:10399000CDE9021310F02AFBDDE902133843C7B268
:1039A000D5F888604EB12A7C920706D5B44204D07F
:1039B000013B02D0B568002DE5D122464946CDE94C
:1039C00000BA1C4800F080FD20B9D8F80830C3F8D0
:1039D0008800C5E7EFF31185202383F312880022C6
:1039E000D8F80830C3F88820A068D8B190F98C10B6
:1039F000D0F880304BB910F0F9FA98B129460D484B
:103A000000F0EAFC6FF00A008FE71C4654F8102D16
:103A1000A24205D022B192F90E209142A8BF1146D0
:103A20001B68E7E7002FE9D185F31188EAE700BFBB
:103A30009C5C0020BBA600202DE9F0418368054670
:103A4000002B00F0888047488268934240F08680CF
:103A5000EB68012B04D9013BEB600020BDE8F0814D
:103A6000EFF31187202383F312880021836805F187
:103A70001006D3F880206AB1964229D12A69F9B993
:103A8000D3F88410C3F880208E4201D1C3F884207B
:103A900000232B61836893F98C1093F90E208A42DE
:103AA00005D0D3F88030B3B9A86810F09FFA2C681D
:103AB000A5421DD10023C5E9023387F31188CCE765
:103AC0000A60D3F88420964208BFC3F88410DFE769
:103AD00011461268CFE7184650F8102D824205D0E3
:103AE00022B192F90E209142A8BF11461B68DAE775
:103AF000002CDFD0D4E900324FF0000813605A6088
:103B0000237CC4E9008823F002032374C4F80880EE
:103B100004F1180000F032FFAC60D4F8803013B923
:103B2000A37B84F88C30C5F81080D4F8843073B946
:103B3000C4E9206600232046C4F88830C4F89430D5
:103B400000F04EFB3946084800F046FC85E71E6051
:103B5000C4F88460EEE76FF015007FE74FF0FF30A8
:103B60007CE700BF9C5C0020BBA6002070B5EFF393
:103B70001186202383F312880468A0421CD0DCB194
:103B8000D4E90032002513605A60237CC4E9005553
:103B900023F002032374A56004F1180000F0EEFE88
:103BA0002046C4F89450656100F01AFB3146BDE828
:103BB0007040094800F010BCD0E902329A4218BFA8
:103BC000013302218360103010F080FD0028EDD118
:103BD00086F3118870BD00BFBCA6002013B5EFF3BB
:103BE0001181202484F31288846834B1013C8460FC
:103BF00081F31188002002B010BD52EA030404D101
:103C000081F311886FF00F00F5E7CDE9002302463C
:103C1000014800F059FCEEE7BCA60020F8B50546C7
:103C2000EFF31187202383F3128800232C68A54229
:103C30001AD0CCB1D4E90032002613605A60237C3C
:103C4000C4E9006623F002032374A66004F118009F
:103C500000F094FE6FF00A032046C4F894306661C9
:103C600000F0BEFA0123E1E70022AA602BB1394639
:103C7000BDE8F840024800F0AFBB87F31188F8BDFB
:103C8000BCA600202DE9F04F04464FF0FF364FF060
:103C9000FF37DFF8748185B0EFF31189202383F3B8
:103CA0001288D4F89C504DBB022104F1B40010F0EE
:103CB000BDF9002874D004F1AC0BD4F8AC505D45CC
:103CC00079D0002D77D0D5E900324FF0000A13608B
:103CD0005A602B7CC5E900AA23F002032B74C5F8B7
:103CE00008A005F1180000F049FE01232846C5F898
:103CF0009430C5F814A000F073FADEE7D4F8A020E1
:103D00002B689542C4F89C3008BFC4F8A030D4F8A2
:103D1000B43043F00203C4F8B430EB6823F004037A
:103D200043F00103EB606B6889F3118828469847DC
:103D3000EFF31189202383F31288EB68D80623F070
:103D4000010243D4EA60EB689A071BD5D8F800005B
:103D500023F00203EB60A8B10021026890B1436830
:103D60009D4243D10368002938D1D8F80420C8F80F
:103D70000030904201D1C8F80430002340F8083BDD
:103D8000FFF7F4FED4F8B43023F00203C4F8B430E3
:103D9000DB0502D4D4F89C3083BB89F311887BE720
:103DA000D4F8B430D90606D5C4F8B40089F3118824
:103DB00005B0BDE8F08F00234946CDE900670293C6
:103DC00004F1A402114800F093FC65E723F011030D
:103DD000EB6005F11000FFF7C9FEB4E70B60D8F8FF
:103DE0000430984208BFC8F80410C6E701461AB16B
:103DF000136810461A46B1E71346FAE789F31188AB
:103E000010F01EFA48E700BFBC5C0020BDA60020F1
:103E1000F8B5C36804469A070E46C3F3400542D47A
:103E20005F0742D40B680BB983680B60E368D8075F
:103E300042BFA36802253360376858BF012557B3D6
:103E40001B4B9A68D7F898309A421ED110F0B8F9F7
:103E500080F00100C0B2D7F8B430D907C3F38002B4
:103E60001CD5F2B1F8B100232360D7F8A03073B9A4
:103E7000C7E92744384610F032F9E36843F00403F9
:103E8000E3603368A3602846F8BD0020E3E71C60C8
:103E9000C7F8A040EEE76FF0150506E06FF01205D9
:103EA00003E01B07DFD56FF00F0500233360EAE75F
:103EB0009C5C002037B501900846EFF31185202364
:103EC00083F3128801A9FFF7A3FF041E06DD29462C
:103ED000044800F081FA204603B030BD85F3118814
:103EE000F9E700BFBDA6002001460148FFF7E2BF89
:103EF000984E0020F0B50446002089B00E9DC4E91C
:103F0000270004F1A400C4E9290004F1AC00C4E9CD
:103F10002B0055B32879002840F2011008BF01207A
:103F2000C4F8B40000204FF0FF364FF0FF37CDE962
:103F30000330CDE90100CDE9066720460C4B009423
:103F400000F0D8F855B1296811B1204610F03EF9BB
:103F50006B791BB1A38943F00103A381204610F0C4
:103F60003AF9C4F8984009B0F0BD0120D8E700BF85
:103F7000853C010037B501900846EFF311842021FC
:103F800081F31288C16811F01E0F14D153EA0205A3
:103F900006D101A9FFF73CFF84F3118803B030BDBF
:103FA00041F00801C160019910308161034900F0BE
:103FB00055FC0120F0E70020EEE700BF1F410200A2
:103FC00001460148FFF7D6BF984E0020F0B585B0F6
:103FD0000C4617461D460190EFF31183202181F313
:103FE0001288204603A9039310F02BF855EA070323
:103FF000039E07D1204601A9FFF70AFF86F3118827
:1040000005B0F0BDE3683A4643F00803E360019B66
:104010000449A36204F110002B4600F01FFC0120AC
:10402000ECE700BF1F41020001460148FFF7CEBF89
:10403000984E00202DE9F04F984685B000F15803C6
:10404000C0E91633129B0025838104234FF0000A38
:104050004FF0000B073222F007060374119B044651
:1040600001EB06090F4683734946C0E90655C0E9CE
:1040700008AB8560C573F8F7D1F8A37B073084F8E7
:104080008C30109B20F007006067C4E91B76C4E900
:104090002055C4F8885002930F9BA9EB00090193A7
:1040A0000E9B4A460093394643462046F8F7A8FB44
:1040B000044B65659B6803B19B6F4846A36705B0D9
:1040C000BDE8F08F9C5C0020012310B50374838150
:1040D00000230446827BC0E92033C0E91B33C0F8CB
:1040E000883080F88C2000F099FE014B9C6010BD58
:1040F0009C5C0020F0B5002587B00595109DDDE99A
:10410000127604950F9D044603950E9D02950D9D14
:1041100001950C9D0095FFF78DFF56EA070305D129
:10412000204610F058F8204607B0F0BD3A46334616
:1041300004F11800014900F091FBF4E7F34202009A
:104140006FF00A01094B9A68C2F894104FF0805141
:10415000C2F89000064A5160002282F31188BFF332
:104160006F8F9B68D3F89400704700BF9C5C002061
:1041700000ED00E038B5184CA168E0690B68814299
:1041800014BF1A46002249680B605960A368E169B0
:104190002AB9124AC3E900210B60E3610AE092F9EF
:1041A0000E5093F90E00854212DD5168C3E90021DB
:1041B0000B605360A569094B9D4200D005B9E568C5
:1041C000A3689D4202D0284610F01FF9656138BDF2
:1041D0008A42DED01268DBE79C5C0020B45C0020E1
:1041E00070B590F91020037C002A2FDBD9062DD161
:1041F0001A4C63F07F032246037452F8183FE169BA
:10420000934207D1C0E900210860E0610FE09942C4
:10421000F8D01B68002BF5D093F90E6090F90E5082
:10422000AE42F4DD5968C0E9003108605860A56904
:10423000954200D005B9E568A3681A7CD20606D17C
:10424000DA897F2A03D9AA690AB9636170BDAB42D2
:1042500002D0284610F0D9F86561F7E79C5C002091
:1042600038B590F910200146002A037C04DA03F0E7
:104270007F0303740FF0E6FF0D4D2A4652F8184FE6
:10428000AB68944200D004B9EC688B4207D01A7C2A
:10429000D20604D1DA897F2A01D9A2692AB1A342C0
:1042A00002D0204610F0B1F823466B6138BD00BF44
:1042B0009C5C0020002A2DE9F8430CBF4FF0100849
:1042C0004FF00808027C044618EA020F0D465ED142
:1042D00048EA0203D2090CD10374B8F1080F71D176
:1042E000A36813B120460FF0B5FF202704F118068C
:1042F0000BE003F07F0303740FF0A4FFEDE785F3F9
:104300001188EFF3118587F31288304600F036FBF1
:104310000B30F4D0A66D04F15807B74211D04FF01E
:10432000000976B130460FF095FFC6F8949006F17B
:10433000180000F023FB3046FFF752FFA66DB7428E
:10434000EFD1234B9B689C423CD1EFF30587003FA4
:1043500018BF0127DFF878904B4653F8186F9E423C
:1043600000D00EB9D9F80C60D9F80830B34202D0A9
:10437000304610F04AF8B8F1100FC9F8146006D0B2
:1043800020460BF0ADF917B11248FFF79DFE104B18
:104390009B68A34218D1EFF30583ABB9A289D2077A
:1043A0000BD585F3118883F311880423184602DFA7
:1043B000EFF31185202383F312882846BDE8F843E4
:1043C000FFF7BEBE0027C5E785F31188BDE8F88377
:1043D0009C5C0020E04D002049B9EFF3058030B926
:1043E000044B5A699B689A4201D0FFF7A9BE81F33A
:1043F000118870479C5C002001460148FFF7ECBF24
:10440000BEA6002070B50F4D06462B4653F8184F38
:104410009C4200D004B9EC68AB681A7CD20604D187
:10442000DA897F2A01D9A2692AB1A34202D02046A3
:104430000FF0EBFF23466B613046BDE87040FFF79D
:10444000DBBF00BF9C5C002070B5EFF3118620231A
:1044500083F312881A4CA168E0690B68814214BF8B
:104460001A46002249680B605960A368E1692AB9BD
:10447000144AC3E900210B60E3610AE092F90E508F
:1044800093F90E00854216DD5168C3E900210B60E7
:104490005360A5690B4B9D4200D005B9E568A36840
:1044A0009D4202D028460FF0B0FF65613046BDE85E
:1044B0007040FFF745BE8A42DAD01268D7E700BFE6
:1044C0009C5C0020B45C0020F8B5DDE906670C4672
:1044D0001146EFF305832BB1002383F311880423E6
:1044E000184602DF0C4B0D4A98681060EFF31182FA
:1044F000202282F312889D6828460FF0C0FE3246C3
:104500003B4605F11800064900F0A8F92046BDE831
:10451000F840FFF715BE00BF9C5C0020C45C002083
:10452000F3420200F8B50446EFF31187202383F32A
:104530001288037C49B203F01F02002A0CBF012637
:10454000002633D103F07F03294D03740FF07AFE68
:104550002A46037C817363F07F03037452F8183F8B
:10456000E869934207D1C4E900200460EC610DE0E2
:104570009842F8D01B68002BF5D093F90EC08C45FB
:10458000F6DD5968C4E900310C605C60AC699442A6
:1045900000D004B9EC68AB689C4202D020460FF012
:1045A00034FF6C6187F311883046F8BD9B071CD53A
:1045B00085680FF047FE81732B689D4209D16B68B7
:1045C000C4E900531C606C60ECE76A689A42F6D05C
:1045D0001B68002BF3D093F90E208A42F5DD5A6850
:1045E000C4E9003214605C60DCE78173DAE700BF85
:1045F0009C5C002051EA00032DE9F04706460D4679
:104600000746884605D10FF01BFE38464146BDE8F7
:10461000F087EFF31189202383F31288DFF868A075
:104620001A4BDAF808001860FFF71AFEDAF80800EB
:1046300032462B461649183000F010F9DAF80830E7
:1046400004461A7CC3F8909042F004021A746FF08A
:104650000A02C3F894204FF080520E4B5A60002398
:1046600083F31188BFF36F8FB5F1FF3F08BFB6F139
:10467000FF3FCAD00FF0F2FE201A20EAE070074692
:104680004FEAE078C1E700BF9C5C0020C45C0020DA
:10469000F342020000ED00E0024B03F11802C3E90F
:1046A000062270479C5C0020EFF31181202383F3E6
:1046B0001288044B9A68D37B013BD37381F3118832
:1046C000704700BF9C5C0020EFF31180202383F330
:1046D0001288034B9A68D37B0133D373FFF792BEE2
:1046E0009C5C0020014B9868704700BF9C5C0020D8
:1046F000D3B5DDE90667089CCDE90067FFF7E4FE66
:104700001CB1034B9B685B69236002B0D0BD00BF46
:104710009C5C0020027C034612F01F0210D10A4963
:1047200088420DD00949086868B1D9897F2909D81C
:1047300093F90E20064B1B689A42B8BF00207047C1
:104740000020704710467047B04C00204006002003
:10475000CC5C00200122074BC01A074BC010584305
:10476000064B03EB8003D3E8EF1FC3E8E02F0028DC
:10477000F9D17047784E0020ABAAAAAAC85C0020E5
:10478000F8B5104B04461F7C18230F4E0F4D03FB4A
:104790000766304600F0F2F805EB87054CB1D5E826
:1047A000AF3F03B1013C224630460949E31700F010
:1047B00055F80023D5E8EF2FC5E8E13F0029F9D1EE
:1047C000F8BD00BF9C5C0020784E0020C85C002033
:1047D00055470100F8B5EFF31187202383F31288C2
:1047E000134E144BB5681868A84204D10FF00DFEA3
:1047F00087F31188F8BD00221A60327C0E4B03EB60
:104800008203D3E8AF3F002BF2D02846FFF782FFA8
:1048100004460028ECD02B7CDB06E9D1FFF7AAFC8C
:104820007369AB42E4D12046FFF7AAFFE0E700BF7F
:104830009C5C0020C45C0020C85C0020024B18680F
:10484000984208BF0020704744060020024B1868B9
:1048500008B1FAF779BF70474C060020B3F1FF3F6B
:1048600008BFB2F1FF3F2DE9F84F044699461546BF
:104870001F467AD00161EFF31186202383F312885B
:10488000B9F1000FDFF8E88024DBFFF7DFFF394BD9
:1048900001461A68003A18BF0122451949F1000380
:1048A0005219D8E900574FF0010843F10003551998
:1048B00043EB0707DFF8C090C4E90223FFF7BEFF10
:1048C000D9F804A0E0B9C4E9009ACAF80040C9F8D0
:1048D000044027E06FF00102D8E90013521A4FF0AC
:1048E000FF314FF0000861EB0303521B63EB090338
:1048F000012A73F10001BCBF012200234146D9E720
:10490000D0E9022ED4E9023C93427CEB0E0B23DA71
:10491000D21A6EEB0C03C0E902234368C4E900031A
:104920001C604460FFF78AFF84420FD1114B1B6863
:1049300001330BD1B8F1000F02D1FFF787FF014619
:1049400008460FF069FD0021FAF730FF86F3118861
:1049500028463946BDE8F88F9B1A6CEB0E0250458D
:10496000C4E90232AFD00068ACE700252F46EFE77C
:10497000904E00204C06002044060020F8B5044666
:10498000EFF31186202383F31288026862B3FFF7E6
:1049900055FF174B5B689C4208D0D2E90231D4E93D
:1049A0000275DB1941EB0501C2E90231D4E900329D
:1049B0000025844213605A60C4E900550CD00020E1
:1049C0000C4A136823F001018C4204BF43F0010339
:1049D000136086F31188F8BDFFF738FF0FF01CFD58
:1049E0002946FAF7E3FEEAE76FF01500E8E700BFB3
:1049F00044060020D05C0020EFF31182202383F3D3
:104A00001288054B40F001001B681B1A58425841A0
:104A100082F31188704700BFD05C002000232DE98D
:104A2000F0470C46304E314DDFF8C490314F3060C6
:104A30002B60D6F80080B8F1000F0ED14FF0FF3395
:104A400040462B600FF0E8FC4146FAF7AFFE84F3D6
:104A50001188BDE8F047FFF7BDBEFFF7EFFE6FF02E
:104A6000004330B1D0E90212994272F10002B8BF9E
:104A70000B464345194684BF434641464FEAE37C13
:104A800038B18268D0F80CE0D21A6EEB0C0EC0E997
:104A9000022EA8EB01014FF0000A4FF02008D9F8D0
:104AA00000203160D218D9F8043043EB0C03C9E977
:104AB0000023FFF7C3FE0028BBD0D0E902120A434F
:104AC000B7D1D0E900210A6051600269C0E900AAAB
:104AD000386084F311889047EFF3118488F31288CB
:104AE000C7F800A0E5E700BFD45C00204C0600201A
:104AF000904E0020D05C002010B5EFF311842023ED
:104B000083F31288FFF7A2FE044AD2E90031C018ED
:104B100041F1000184F3118810BD00BF904E0020C8
:104B20002DE9F0410446EFF31186202383F3128828
:104B300003681BB186F31188BDE8F081FFF75CFFC5
:104B400007460028F6D1D4E90A586A1C48F1000348
:104B5000022A73F1000324D30FF084FC281848EBD9
:104B60000101012871F1000140DB0FF07BFC6FF0C7
:104B70000203281848EB010183426FF000438B4188
:104B800039DB0FF06FFC6FF001022D1848EB0103C9
:104B90004FF0FF31521B61EB030320461849FFF72A
:104BA0005DFE236B01332363236A43B186F31188CF
:104BB00020469847EFF31186202383F3128854F898
:104BC000180FA042B6D00028B4D0D0E9003213604C
:104BD0005A600023027CC0E9003322F00202027412
:104BE0008360C0F89430FFF7FBFAA3E76FF001028F
:104BF0004FF0FF33D1E73A464FF00043CDE700BF17
:104C0000214B0100B3F1FF3F08BFB2F1FF3FF8B500
:104C1000044616461D4614D0EFF31187202383F374
:104C20001288FFF7ABFEDDE906010023C4E90A01A3
:104C3000236332462B4620460249FFF70FFE87F3D7
:104C40001188F8BD214B010070B50546EFF31184C2
:104C5000202686F31288FFF791FE10B184F31188A5
:104C600070BD6B6A43B184F3118828466B6A98471C
:104C7000EFF3118486F3128805F118000FF04AFB58
:104C80000028EBD00FF0F0FA2146BDE87040014853
:104C9000FFF7A2BBBFA600201423F0B500242027F5
:104CA00003FB0100114E01B9F0BD10F8073CA0F163
:104CB000140C03F03F03102B40F80C4C0CD826FAD0
:104CC00003F3DB0708D550F8143C2BB150F8105C07
:104CD0002B605D6040E9054482F31188EFF3118297
:104CE00087F3128860460139DDE700BF1601010035
:104CF0002DE9F74F1D46234B16469F68012387F881
:104D0000603087F8613052EA05030CBF01230023AD
:104D100007F1600280460FF014FC8146EFF3118B1F
:104D20004FF0200A8AF3128897F8604054B9014680
:104D30005A464046FFF7B0FF8BF31188204603B078
:104D4000BDE8F08F002387F8603056EA050304D1F0
:104D50008BF311886FF00A04F0E75946CDE900653E
:104D6000094A0A48FFF7B0FB0446EFF311858AF3BE
:104D700012882A4649464046FFF78EFF85F3118880
:104D8000DCE700BF9C5C002050060020C0A600208D
:104D9000034610B5EFF31184202282F31288C1601C
:104DA000012181600068834203D184F311880020CF
:104DB00010BDD0E9003213605A600023C0E900330F
:104DC0000FF03EFC21460248FFF706FBEFE700BF6D
:104DD000C0A6002073B50446EFF31186202383F3A9
:104DE00012888368594003EA02050A4053400022B2
:104DF000009309496B4601920FF0D7FADDE90032C2
:104E000023EA020304F10C003146A360FFF7E4FA41
:104E1000284602B070BD00BF9B470200014B83676C
:104E2000704700BF3807002007B5064B4FF480528B
:104E3000009305494FF0FF330448FFF75BF803B0D8
:104E40005DF804FBBC90020050F50020984E002055
:104E500070B500F11C02041F00250120074E56F812
:104E6000041B54F8043FC9435B1845EB05011B18AC
:104E700041F10000A242F2D170BD00BF2C9C0200A3
:104E8000F8B5064608460D460024FFF7E1FF024646
:104E9000C117C0F1000E2046DFF82CC05CF8043BBF
:104EA00055F824702EEA0303DB1940EB00079B182A
:104EB00046F8243004F1010441EB0702082C4FF0BE
:104EC0000001EBD1F8BD00BF2C9C020038B50546AF
:104ED0000C460A4628310FF011FD28300FF01BFD5B
:104EE00004F1500105F150000FF0F5FC04F17801D8
:104EF00005F17800024ABDE838400FF0CABF00BF94
:104F00004C9C02002DE9F0410C469EB007466846D5
:104F100010F071FA69460AA810F06DFA0AA908465D
:104F200010F069FA0AAA104621460FF0B2FF0AAA49
:104F3000694668460FF0ADFF6946684610F05BFAB7
:104F40006A4668460AA90FF0A4FF69460AA810F04D
:104F500052FA04250AA9084610F04DFA013DF9D18C
:104F60006A4668460AA90FF094FF69460AA810F03D
:104F700042FA09250AA9084610F03DFA013DF9D187
:104F80000AA908466A460FF084FF0AA914A810F07F
:104F900032FA132514A9084610F02DFA013DF9D173
:104FA0000AAA104614A90FF074FF0AA9084610F0C7
:104FB00022FA09250AA9084610F01DFA013DF9D187
:104FC0006A4668460AA90FF064FF69460AA810F00D
:104FD00012FA31250AA9084610F00DFA013DF9D15F
:104FE0000AA908466A460FF054FF0AA914A810F04F
:104FF00002FA632514A9084610F0FDF9013DF9D124
:105000000AAA104614A90FF044FF0AA9084610F096
:10501000F2F931250AA9084610F0EDF9013DF9D160
:105020006A4668460AA90FF034FF6946684610F0E0
:10503000E2F96946684610F0DEF92246694668469C
:105040000FF027FF69460AA810F0D5F90AA92246F1
:1050500008460FF01EFF14A80FF032FC14A92046DA
:1050600010F02BFE044614A80FF02EFC14A90AA879
:1050700010F023FE14A9804608460FF035FC0AA85C
:1050800010F01BFE1449064614A80FF02DFC014633
:105090000AA810F012FE0546694638460E4A0FF07F
:1050A000F8FE46EA050282F00102694638460FF032
:1050B000A8FC2821684610F07DFD0DEB010010F0E2
:1050C00079FD14A810F076FD44EA080444EA0600CD
:1050D0001EB0BDE8F08100BF9C9C02002DE9F041AC
:1050E000C6B0074688466846114601221C460FF0A6
:1050F000D3FC0AA80FF0E8FB14A80FF0E1FB694607
:105100001EA80FF0E8FB28A80FF0DEFB0025013CED
:105110002146404610F03DFB2E46464032461EA931
:1051200005460AA80FF004FC28A9324614A80FF07F
:10513000FFFB0A4632A81EA90FF0EDFB0AA914AA2C
:105140003CA80FF0E8FB08460FF0D8FB28AA1EA9E0
:1051500014A80FF0D3FB0AAA32A928A80FF099FED1
:1051600014A93CAA08460FF094FE3CA932A810F0FE
:1051700042F90AA93CA810F03EF914AA28A91EA8D1
:105180000FF0BCFB10460FF0C6FB32AA3CA90AA8E0
:105190000FF07FFE3CA9084632AA0FF0BCFB14A911
:1051A000084610F028F9254A3CA928A80FF088FDE8
:1051B0001EA9084610F01FF932A9084628AA0FF0C8
:1051C0009DFB694614AA28A80FF063FE32AA3CA9E9
:1051D00014A80FF05EFE013C9AD22A461EA90AA826
:1051E0000FF0A6FB14A82A4628A90FF0A1FB014640
:1051F00010F07EFD0AA914AA08460FF04AFE3846B0
:105200000AA910F0DFFC2821684610F0D3FC0DEB52
:10521000010010F0CFFC14A810F0CCFC32A810F064
:10522000C9FC1EA810F0C6FC28A810F0C3FC3CA8BE
:1052300010F0C0FC46B0BDE8F08100BF42DB0100C9
:105240002DE9F04F9DB00C4601900021642203A887
:105250000DF10C0811F037FD00264146DFF8C8E0DB
:1052600004F13C0A251FAC46084600225EF8047B88
:105270004FF0000B03685CF8049FE7FB093B9B18A9
:105280004BF10002E24540F8043BF1D10136092E12
:105290000A6401F10401E5D10021202203A811F0E4
:1052A00012FD002103AB00209C460646D3F8409037
:1052B000DFF878E0C1F108074FF0000BDCF80020C0
:1052C0005EF804AB0130E9FB0A2B92194BF10006A2
:1052D000B8424CF8042BEFD10131082903F1040343
:1052E000E1D1012100201C34D8F8002055F8043FFA
:1052F000D2439B1840EB00025B1842F10001AC4224
:1053000048F8043BF0D103A90846FFF7B9FD08228D
:10531000019803A90FF09BFA642103A810F04AFC3E
:105320001DB0BDE8F08F00BFC89002002C9C0200A9
:105330002DE9F041044600F128060122304604F12F
:10534000500804F178050F460FF0A6FB40460FF019
:10535000BBFA3146284610F04EF829462046184A36
:105360000FF097FD4246294628460FF0D4FA204612
:1053700021460FF0C3FA294622460FF08AFD214646
:105380002046FFF7BFFDB8B12246294620460FF060
:1053900080FD204610F0C6FCFB7FB0EBD31F03D18D
:1053A000214620460FF0A0FA2846324621460FF04B
:1053B00070FD0020BDE8F0814FF0FF30FAE700BF3C
:1053C000749C02002DE9F0410446E6B004AD2E4B7A
:1053D0002E4A284610F01BFD20A80FF075FA2AA8C7
:1053E0000FF072FA34A80FF06BFA204610F0FFF9B4
:1053F0001F23DFF89C802046CDE901530CAA16AB91
:1054000020A9CDF8008010F05EFB9F23214FCDE94D
:1054100001532046009716AB0CAA20A910F053FBAD
:105420001E26214620463EAA10F09EFA2046CDE9CF
:10543000015616AB0CAA20A9CDF8008010F043FB52
:1054400006F18003CDE901532046009716AB0CAA64
:1054500020A910F038FB013EE3D20CA8282110F05F
:10546000A9FB3EA8A02110F0A5FB16A8282110F04A
:10547000A1FB20A8782110F09DFB2021284610F0E8
:1054800099FB66B0BDE8F081E2C9020002CA0200E1
:10549000AC940200EC9002002DE9F0470D46ADF50A
:1054A000846D00F12009B8AF49460446904638465D
:1054B00008220FF0BFF9294618A8FFF739FF28B1D5
:1054C0004FF0FF300DF5846DBDE8F087214640A810
:1054D000FFF72EFF0028F3D13846FFF7B9FC00286C
:1054E000EED190AA18A968A810F03EFA384618A97B
:1054F000FFF7ECFC3A4668A990A810F08AF990A949
:10550000E0A8FFF7E3FCFC221146404610F041F909
:1055100008B9013AF8D14FF6FF71FC240132D2B23A
:105520008DF80B20ADF808108DF80A10214648467A
:1055300010F02FF908B9013CF8D14FF6FF71013492
:10554000E4B2944218A88DF80F40ADF80C1038BFA3
:1055500014468DF80E1010F04AF9DFF810A118A9C2
:10556000084668AA10F000FA43462246032102A822
:1055700010F04DFA4B460646052103A810F047FAF5
:10558000002E054637DDA022761002FB067218A910
:10559000084610F03EF9002D4CDD78226D1002FB1C
:1055A00005A20EAB009304AB18A9084610F089F9C8
:1055B000013CD4D240A990A8FFF788FC18A908465E
:1055C00090AA10F026F918A9084640AA10F0CCF9C4
:1055D00018A9084640AA10F0C7F918A9084640AA19
:1055E00010F0C2F918A968A810F0ADFB204968A80E
:1055F00010F0D7FA66E7CED06FF09F0106EBD676B3
:1056000076104E439AA8B9190FF065F906F12801F2
:10561000394490A80FF05FF906F150013944A4A86D
:105620000FF059F906F178013944AEA80FF05CF992
:1056300090AAACE7BCD06FF0770305EBD5756D1081
:1056400005FB03A59AA829460FF045F905F12801A5
:1056500090A80FF040F905F15001A4A80FF044F90B
:105660000EAB009390AA04AB9EE700BF6C980200BB
:1056700022CA020010B5044694B00AA801220FF015
:105680000BFA0AAA68460E490FF038F910460FF0D7
:1056900042F9114610F02CFB0AAA694668460FF041
:1056A000F8FB6946204610F08DFA2821684610F074
:1056B00081FA0DEB010010F07DFA14B010BD00BFAF
:1056C000C49C02002DE9F04F0368A7B00E93436815
:1056D000DFF8FC810F93836800F138091093C368E9
:1056E0001193036912934369139383691493C369F4
:1056F0001593036A1693436A1793836A1893C36AD0
:105700001993036B1A93436B1B93836B1C93C36BAB
:10571000DDE916BA1D9300F13803229300F1B803B6
:105720000C931C9BDDF874E00B931A9B08931B9B56
:105730000993189B0693199B0793149B0593159B3C
:105740000A93129B0393139B0493109B0193119B49
:105750000293DDE90E6300934FEA9A324FEA9A44CE
:1057600044EA8B3442EA8B4262404FEACA5444EA2C
:105770005B244FEA9B314FEA9B4C4CEA8A3C6240E7
:1057800041EA8A4159F8084F4FEACB5381EA0C01AC
:1057900043EA5A234B40D9F80410D8E900753C1964
:1057A00045EB01051919089B42EB050223EA0B079B
:1057B000099B079D23EA0A04069B0AEA05050BEAF2
:1057C00003037B40CB180B9984EA050442EB0402E7
:1057D0005B1800994FEA86744FEA167545EA011581
:1057E00044EA91044FEA81774FEA117141EA0611C8
:1057F00047EA960787EA0107009984EA05044FEA19
:10580000466545EAD1154FEA416141EAD61184EA7D
:10581000050487EA0107039D01994EEB020281EA24
:10582000050E0299049D0EEA060E81EA050C009908
:10583000039D0CEA010C019908F1080829400B911D
:10584000029D04990D400B998CEA05058EEA010131
:10585000611847EB0504059DDDF824E013EB050C0A
:105860000A9D42EB05055B18039942EB0402059182
:1058700004990A9108990B910C99494540F0898146
:1058800014490C9100210B910B9910310B910C993B
:105890000D912299059108992091099921910699D4
:1058A00008910799CDE906BA09910399E3461E913B
:1058B0000499AA461F9101990196039102991E46E7
:1058C00004910099009202916FF001010A9103E0A6
:1058D000F8800200708102000A9901F00F04083478
:1058E00000EBC401496850F834704FEAD1484FEAE0
:1058F000C10E48EA47384EEA577EFC0C4FEAC7090A
:1059000088EA0E0EBF0949EA517944EA413447EA70
:1059100081678EEA911E059984EA0904674051F86F
:10592000084F059149683F194EEB010E0599C1E9F1
:10593000007E0A99A1F10D0404F00F04083400EB75
:10594000C401D1F8049050F834804FEA590141EA7B
:10595000C87123914FEA182141EA096124914FEA65
:10596000192141EA086125914FEA5804249944EA33
:10597000C97461402491259C23994FEAD8184C4062
:105980002146249C48EA496884EA0804E41981EA2B
:10599000D911059F4EEB0101C7E900410A9F4FEA6B
:1059A0009C38A7F1050E0EF00F0E0EF1080E00EB5D
:1059B000CE0750F83EE07F6814EB0E0441EB070180
:1059C000059F4FEA953EC7E90041AF0C47EA8C3787
:1059D0004EEA8C4E8EEA070EEF0547EA5C278EEA08
:1059E000070E089F4FEA9C4949EA853927EA0C07C8
:1059F00048EA854888EA090823974FEACC59099F65
:105A000049EA552988EA090827EA0509069F0CEAA8
:105A1000070C079F3D40239F89EA050587EA0C078D
:105A2000DDF834C018EB07074EEB050E5CF8085F95
:105A3000DDF81080CDF834C0DCF804C07F194EEBDF
:105A40000C0E3F19209C41EB0E013F19219C4FEA9F
:105A5000127544EB01014FEA837E1C0FCDF88CC018
:105A60004FEA827C4EEA920E4CEA930C44EA02140E
:105A700045EA031584EA0E0485EA0C054FEA436EF5
:105A80004FEA426C4EEAD21E4CEAD31C84EA0E0462
:105A900085EA0C05DDF80CE0DDF804C08CEA0E0C9C
:105AA000DDF808E00CEA030C8EEA080E0EEA020E9E
:105AB000019B039A1340029A8CEA0303E31802EA5B
:105AC00008021E9C8EEA020245EB020217EB040C50
:105AD0001F9CCDF87C8041EB0405FB1841EB0202D2
:105AE0000A9901310A9103991E9108992091099907
:105AF00021910A990E295ED10C9980310C910B9954
:105B000040297FF4C1AE0E99CB180F9941EB0202E8
:105B1000C0E90032109B009A9E19119B029943EB39
:105B20000203C0E90263019A129B9B18139A42EB8D
:105B300001024146C0E90432039A149B9B18159A4E
:105B400042EB0102C0E90632169B179A13EB0C03D5
:105B500042EB0505C0E90835189B199A13EB0B03B6
:105B600042EB0A02C0E90A32069A1A9B07999B186F
:105B70001B9A42EB0102C0E90C32089A1C9B09995E
:105B80009B181D9A42EB0102C0E90E3227B0BDE816
:105B9000F08F069908910799CDE906BA0991019904
:105BA000E34603910299019604910099AA461E4684
:105BB00002910092D0E5069908910799CDE906BABD
:105BC00009910199E3460391029901960491009984
:105BD000AA461E46029100927EE600BF054B5A7807
:105BE000022A04D11878C31F584258417047002038
:105BF000704700BFD85C00200E4B0340B3F1607FBC
:105C000006D1B1F5885F0CBF00206FF086007047A9
:105C1000B3F1707F0BD101F4E043B3F5005F06D11F
:105C200011F4E06F14BF00206FF0860070476FF032
:105C3000860070470000C07F8A42F8B506460D46D0
:105C400000F0D2806C4B22F4FF7121F001019942E7
:105C500022F0FF070FD003F588539F420BD022F4A8
:105C60007F7121F00301A3F57063994203D003F51E
:105C7000A0639F4227D1604B25F4FF7121F0010101
:105C8000994210D05D4925F0FF038B420BD025F4DB
:105C90007F7020F00300A1F57061884203D001F508
:105CA000A0618B420FD115F0FF000BD0544B40F098
:105CB0000070984240F09A8082EA0500FF288CBF6D
:105CC00000200120F8BD05F0FE43B3F1A06F11D113
:105CD00002F0FE43B3F1A06F71D182EA050333F401
:105CE0007E136CD12C046AD5C5F30540C2F305427E
:105CF0009042E4E7B3F1407F61D102F0FE43B3F19B
:105D0000407F5CD182EA050030F47E1457D13146E1
:105D10002846FFF771FF002868D13A4912F47C1039
:105D200001EA020116D0B1F1607FC2F3054335D11B
:105D3000D1B241F0007101F17E410339102901D83F
:105D4000314C645C15F47C1F2ED19C4214BF0020A2
:105D50000120B7E7B1F1607F0AD1D3B243F00073FD
:105D600003F17E43033B102B44D82849CB5CDFE78B
:105D7000B1F1707F16D106F4E043B3F5005F37D17F
:105D80000123C6F302218B4006F4E041B1F5005F28
:105D9000D8D10124C6F30226B440D3E7B1F1707F15
:105DA000D0D1F1E70346CDE718B9C5F30541A142CB
:105DB0001AD0290403D5C5F3054098427FE725F49E
:105DC0007F03B3F1106F0AD102F0FE43B3F1106FFD
:105DD0000CD10F48104040F01060A842B6E70D4BC0
:105DE0009D4203D1AF42B1E701206BE7002069E794
:105DF0000346C9E703469BE70002000600130006BE
:105E0000FF0000020000C07F42CA020042CA020036
:105E10000000FFF60001000A37B505460C46FFF703
:105E2000DDFE78B100230A4601932946074801ABFD
:105E3000FDF7B6FA20B9019BA34218BF6FF093009B
:105E400003B030BD6FF08800FAE700BFDC5C0020D3
:105E50002DE9F843884617461C4600F0D9FA054656
:105E6000002844D1D8F80060B6F8009009F4E04367
:105E7000B3F5804FB36808BF27F0010737EA030383
:105E80002DD1A4B3244B24F4FF7222F001029A42D4
:105E900010D0224A24F0FF0393420BD024F47F71E8
:105EA00021F00301A2F57062914203D002F5A062D5
:105EB00093421FD114F0FF0304D0194A43F000733A
:105EC00093421ED022464846F168FFF7B5FE0746CA
:105ED00068B9224648463169FFF7AEFED0B96FF087
:105EE000840500233046C8F8003010F0A6FC284690
:105EF000BDE8F88304F0FE43B3F1407F04D12304EE
:105F0000E0D56FF08605ECE7B3F1A06FF7D0044B56
:105F10009C42D6E73D46EAE7000200060013000671
:105F2000FF00000238B500F0FE43B3F1407F0446A5
:105F30000D4602D06FF0860038BDFFF75DFE0028E9
:105F4000F8D114F47C1F18D0C4F30543032B13704D
:105F500022D9224A2240B2F1607F31D1E4B244F02A
:105F6000007404F17E44033C102CE3D81C4A125DFB
:105F70009342DFD8202BDFD90EE0184B2340B3F13A
:105F8000607F0FD1E3B243F0007303F17E43033B24
:105F9000102B04D9002313706FF08500CCE7114952
:105FA000CB5CD3E7B3F1707FF4D101F4E043B3F5F8
:105FB000005FEFD10123C1F302218B40DBB2C5E7C3
:105FC000B2F1707FB6D105F4E042B2F5005FB1D115
:105FD0000122C5F30225AA40CAE700BF0000C07F26
:105FE00042CA020042CA02002DE9F04F00249B463B
:105FF00001F0FE438FB0B3F1806F0F46DDE9186802
:106000009246DDF86890099474D10B464FF4807283
:1060100009A9FFF71DFF054600286FD1099B1B88C2
:1060200003F4E042B2F5005F1CD113F4E06F19D025
:10603000374927F480728A420AD001F500718F42F5
:1060400006D034498F4203D0A1F53F418A4209D19D
:106050000124C3F302239C40102C0ED900266FF0BC
:10606000830530E042F20402934202D12A4B9F4260
:106070000DD02A4B9F420CD10D24A04540D3214680
:106080000AA8FFF7C9FE054620B100261BE00C2434
:10609000F3E700240998026C00F1200146B335199A
:1060A000D0F804C0A8EB04035FEA1C2C23D1CDE98F
:1060B00005390AABCDE903B50093CDE9014A3B466A
:1060C00010F00BFC0546099810F0B7FB0746DDB948
:1060D000D8B924B1224630460AA910F0CEFDD9F82D
:1060E00000301C443846C9F800400FB0BDE8F08FBE
:1060F0003546D5E726466FF08605E4E72646E2E713
:1061000000266FF08905DEE72F460024EAE700BF8E
:106110000010C00400FF4004000180040013C0040C
:106120002DE9F0411E46002388B0079301F0FE439D
:10613000B3F1806F0C469046109F14D06FF0860527
:10614000079810F07AFB002814BF014629460B4639
:106150005A421343DB1708463A6822EA03023A60C0
:1061600008B0BDE8F0810B464FF4007207A9FFF7B5
:106170006FFE05460028E3D10798038803F4E04248
:10618000B2F5005F17D10121C3F3022213F4E06FCF
:1061900001FA02F10FD0194D24F48072AA4215D0F1
:1061A00005F50075AC4211D0154DAC420ED0A5F5E9
:1061B0003F45AA420AD042F20402934202D1114B57
:1061C0009C4218D0104B9C4202D10D21B142B5D84F
:1061D0004368026C1B0A00F12001AFD10F9B0497AA
:1061E00003930E9BCDF80080CDE90163234610F0A8
:1061F000C2FB0546A4E70C21E8E700BF0010C0047D
:1062000000FF4004000180040013C00410B5114CCD
:106210002378580744BF03F0FB032370990705D583
:1062200000F096F8237823F00203237063781BB103
:106230000023094A63605360002308210648637005
:1062400000F016FD2378DA0744BF23F00103237022
:1062500010BD00BFD85C0020DC5C002038B5FFF723
:10626000BDFCA0B9124C2378980707D400F068F859
:106270002378054643F002032370A8B9D907627852
:106280005CBF43F00103237022B15A0708D50025F3
:10629000284638BD074962604A6002226270F4E70E
:1062A00043F004032370F2E7FFF7B0FFF0E700BF0D
:1062B000D85C0020DC5C002000F140420F2A30B5A1
:1062C0000CD844241D4B04FB02331A7E022A02D14F
:1062D0005A69824226D06FF08B001CE06FF0404379
:1062E000421E9A420ED2154A00241346157E022DF4
:1062F00002D15569854212D00134102C02F14402BA
:10630000F4D1E8E700F1004303F58033B3F5704FB3
:10631000E9D36FF0870030BD6FF09600FBE74422B1
:1063200002FB04331A7E022AF6D1DA69501CF3D03C
:106330000132DA6100200B60EDE700BFE45C002071
:106340000122024B002083F840247047E45C0020C7
:106350002DE9F0410A4C002526464FF0010803279D
:106360002046C4F81C802776013510F06BF8102DFC
:1063700004F14404F4D1002386F84034BDE8F081F0
:10638000E45C0020F8B5214D064695F840340F46F0
:10639000002B35D000242B462246197EF9B13CB99A
:1063A000022905D1D96919B91979002918BF1C46E4
:1063B0000132102A03F14403EFD114B96FF08C00BD
:1063C0000BE0237E022B04D1E3695A1C1CBF01336E
:1063D000E361204610F036F810B100240EE01C46B0
:1063E000237E83B9012323763EB1651BAD1003F1F3
:1063F000F0335D4305F18045356000203C60F8BD19
:106400006FF08800E9E76FF09600E6E7E45C0020B3
:1064100038B50025084B0D6093F8403443B1FFF7C1
:106420004BFF10F18C0F02D16FF087000D6038BD6B
:106430006FF08800FBE700BFE45C002010B500F0BF
:10644000FE44B4F1A06F0FD0B4F1806F0FD1094CAE
:10645000A04209D10120B1F5105F107004D10BB139
:1064600002221A70002010BD6FF08500FBE7024C7D
:10647000EEE700BF004440040002C0032DE9F047EE
:106480001C460546894600F10807384690460E88A6
:106490009DF920A010F0C7FB2C60B9F8029031469E
:1064A00000234A46204610F0D1F9014600284DD07D
:1064B000384600F01FFC00283CD153464A4641466E
:1064C000384600F037FCA8BB04F0FF42B2F1906FF1
:1064D00006F4E04332D0B3F5005F0DD0687142F2AC
:1064E00004039E4202D11B4B9C422DD01A4B9C426E
:1064F0000CBF0D2400241CE00123C6F302229340AC
:106500006B7116F4E06FEAD0144A24F4807393425E
:106510000AD002F50072944206D0114A944203D088
:10652000A2F53F429342DAD10124C6F30226B440D9
:10653000E4B22C71BDE8F0470FF0E2BE0122B3F5E2
:10654000005F6A71CBD1DCE70C24F2E76FF08500C5
:10655000BDE8F087000180040013C0040010C004EF
:1065600000FF40042DE9F04F144602689B4602F0FC
:10657000FF4385B0B3F1906F0546DDE90E780E4616
:1065800000F08380436A41792344B3FBF1F34B432A
:10659000BB427CD83F4B9A4261D182680023002ADB
:1065A00045D0177907F01F070393C8F80030002C77
:1065B00039D0686A05F1080930B3A7EB000AA24593
:1065C00028BFA246093031465246484410F055FBD8
:1065D0006B6AA4EB0A0453449F4256446B6213D186
:1065E00003AB3A46009305F111015B46484600F0C3
:1065F000F3FB0FF085FEB8B9D8F80030039A1344C6
:10660000C8F80030934468620DF10C0AA74210D913
:106610004CB1686A224609303146484410F02DFBDF
:106620006B6A23446B62002005B0BDE8F08F1F4603
:10663000BAE75B463A4631464846CDF800A000F03E
:10664000CBFB0FF05DFE0028EED1039AD8F80030A6
:10665000E41B13443E449344C8F80030D6E714B911
:10666000C8F80040DFE75B4622463146CDF800809F
:1066700005F1080000F0B0FB0FF042FED8F8003042
:10668000BB4288BF6FF09600CEE7BC42E7D96FF0FF
:106690008900C9E700444004F0B504460F460021D4
:1066A00087B0164602A810221D46019110F00BFB80
:1066B000636A2BB123681B4A23F4806393422DD075
:1066C0002A4601AB02A904F1080000F0C5FB0FF057
:1066D00017FE0446D8B9102E344628BF102426B120
:1066E0002246384602A910F0C8FA2B68224692EAE0
:1066F0000301D21A8A430B401A43D217019B8A2105
:1067000003F096031140D2431A400A43544202A8B0
:10671000102100F0ADFA204607B0F0BD6FF08604FE
:10672000F5E700BF0040400410B5036804462BB1F4
:10673000054A934205D1043010F0E7F900202060AB
:1067400010BD6FF08800FBE709000002F8B507688C
:1067500005460C4607BB124B994213D1061D304625
:1067600010F0CFF93046394600F048FA064628B90D
:106770002C603046BDE8F8400FF0C2BD2846FFF758
:10678000D3FFF6E701F0FE44B4F1007F14BF6FF0D1
:1067900086006FF08500F8BD6FF08800FBE700BF52
:1067A0000900000210B5074B04689C4206D1043072
:1067B00010F0B0F9BDE810400FF0A2BD6FF08800F6
:1067C00010BD00BF090000022DE9F0411F4604780A
:1067D000064644F0007404F17E44033C102C98BF3C
:1067E000104B884615468CBF00241C5D3A601AB1D8
:1067F0002121404610F067FAAC420DD832680A4BAE
:106800009A420CD14146301D10F0C4F90FF078FDCA
:1068100000B93C60BDE8F0816FF08900FAE76FF0E5
:106820008800F7E753CA0200090000022DE9F0478B
:10683000294B1646026880461340B3F1607F0D462F
:106840008AB045D10022D0F804A001925FFA8AF301
:1068500043F0007303F17E43033B102B98BF1F4AA4
:1068600000F1080794BF12F80390914638462022A1
:1068700001AB02A90FF0D8FE044628BB51463846AA
:106880000FF09AFE0446D8B94A46384608F1780116
:106890000FF0B3FE044698B93846019A02A90FF0EA
:1068A000ACFE044660B92022384601AB02A90FF0C5
:1068B000BBFE044620B93246284602A910F0DDF995
:1068C000019902A800F0D4F920460AB0BDE8F0878B
:1068D0006FF08804F8E700BF0000C07F64CA0200C0
:1068E00038B50268044672B10B4B1340B3F1607FB8
:1068F0000BD14021783000F0BBF904F108000FF013
:106900004CFE00232360002038BDB822002110F087
:10691000DAF96FF08800F7E70000C07F2DE9F04357
:10692000D0F80080044695B0B8F1000F40F0A28086
:10693000524D03601D40B5F1607F0DD1DBB243F0D5
:10694000007606F17E43033B102B03920ED946607E
:10695000002A49D117464EE0B822414610F0B3F95B
:106960006FF08505284615B0BDE8F083102B20D8C0
:10697000DFE803F02525251F1F2525091D1B191FED
:106980001F17151311003E4B63606FF085052046FD
:10699000FFF7A6FFE6E73B4BF6E73B4BF4E73B4B45
:1069A000F2E73B4BF0E73B4BEEE73B4BECE73B4B77
:1069B000EAE73B486660C35C002BC9D0E5E7402AA4
:1069C000666013D9402703AB019340233046009300
:1069D00004AB0FF040FE054668B1402104A800F06A
:1069E00047F9002DBED0D2E70027ECE712B104A88A
:1069F00010F043F940270DF110094B46039DA845BF
:106A000029D1BD4206D23621C5F1400209EB05006D
:106A100010F059F905F1770204F1770322449A4204
:106A200021D1BD4207D204F178005C21C5F14002BA
:106A3000284410F048F904F10808314640460FF0A8
:106A4000BBFD05460028C8D13A46404604A90FF0D0
:106A5000D4FD0546C1E71A7808F1010882F0360234
:106A600003F8012BCBE719F8011B81F06A0103F849
:106A7000011FD4E76FF0880574E700BF0000C07FF6
:106A80000A000002130000021200000211000002BE
:106A9000100000020D0000020C0000020B000002BA
:106AA00075CA020010B4046844B1064B2340B3F128
:106AB000607F03D110BC08300FF09FBD6FF08800DD
:106AC00010BC70470000C07F2DE9F04F0446CFB0E6
:106AD000039100F1480346AD00F168062A461868A4
:106AE0005968083303C2B3421546F7D14FF0000C82
:106AF00004AAD2E9448301933F4BD2F824B1D2F8DF
:106B000018510293D2E94797D2E94216BCF10F0F10
:106B10005AD8039B53F82C301BBA4FEAF52E87EA5C
:106B20000900DDF808A08EEAB51E28408EEA756ED1
:106B3000784070445AF804EB9360704403444FEA81
:106B4000713E46EA0100CDF808A08EEAB10E06EAD1
:106B5000010A00EA080040EA0A008EEAB15EDDF8A8
:106B600004A00CF1010C5B448644BCF1400F9A4434
:106B7000BB46734402F10402CDF804801DD104A881
:106B8000C0E94897C0E946A5C0E94468C0E9423178
:106B9000C0E9003E45A904F14403643453F8042FCE
:106BA00051F8045F9C422A441A60F7D14FF4947163
:106BB00000F05EF84FB0BDE8F08FB0464F460E468D
:106BC000A94619465546A1E7136852F834AC4FEA76
:106BD000F34E8EEA734E52F8380C8EEA932E52F82A
:106BE000143C03444FEABA4080EAFA10734480EA46
:106BF000DA00034491E700BFEC9C0200034608461C
:106C0000C1B9C3E910110D4A0D49DFF838C0C3E915
:106C100012120D4A0D49C3E914C20D4AC3E91612F6
:106C20000C4A1A6602F17452A2F52302A2F69242AD
:106C30005A6670476FF08600704700BF85AE67BB2D
:106C400067E6096A72F36E3C3AF54FA57F520E5122
:106C50008C68059BABD9831F014B1B68184700BF8D
:106C60005C060020014B1B68184700BF5806002037
:106C700010B50A46044619B1024B00211B6898471B
:106C800010BD00BFEC9D0200F0B504460B4B0C4E4E
:106C9000586800B9F0BDC579C5F3840556F825508C
:106CA0002D78A54208D1457905F00F07B1EB871F74
:106CB00002D1B2EB151FEDD00833E9E7F49D0200D5
:106CC000F09D020010B5044680B1406B40B12368CE
:106CD000074ADB79C3F3840352F823305B69984792
:106CE0002046BDE810403821FFF7C2BF10BD00BFED
:106CF000F09D020038B505460C46A9B138220021A6
:106D00000FF0E1FFE3790A4AC3F3840352F823301A
:106D10001B6913B900202C6038BD984768630028B0
:106D2000F8D16FF08C00F7E76FF08600F4E700BF52
:106D3000F09D020070B4DCB2012C25D804681CB3AD
:106D4000E57905F00305012D05D8657905F00F05F6
:106D5000B2EB851F18D142600372E5790C4EC5F382
:106D60008405012B406B56F8255008D0637903F059
:106D7000F004302C03D003F0E003402B02D1AB68C9
:106D800070BC1847EB68FBE76FF0860070BC70477B
:106D9000F09D020038B5036805461446BBB1102AC1
:106DA00013D8DA79D20707D41B795B09B4EB830FC8
:106DB0004FEA83020BD314462CB1224605F1200082
:106DC0000FF05BFF2C63002038BD0248FCE76FF03A
:106DD0008600F9E7809FFFFFF0B40468049F1CB9A8
:106DE0006FF08600F0BC704700243C6006683EB33C
:106DF000347914F01F0423D0767906F0F006102EB3
:106E000011D1A2421ED13A6002680F4CD279C2F36E
:106E1000840254F8222054680A46A446F0BC90F933
:106E20000810406B6047994208D1C369002BD7D145
:106E3000B2FBF4F304FB1322002AD1D10348D1E7BB
:106E40000348CFE70348CDE7F09D0200809FFFFF96
:106E5000809CFFFF809DFFFF10B50146006808B3CE
:106E60000020106018600A68537903F0B004302CD9
:106E700017D003F0E004402C13D003F0F003602B94
:106E80000FD0902B0DD0A02B0BD09279463A012A2F
:106E900007D9102B09D1CB698342A0F5C54008BFA3
:106EA000002010BD6FF08600FBE70148F9E700BF46
:106EB000809FFFFF2DE9F04FADF5077D06AC012364
:106EC0000022274646A913F0800F0CBF00201B208C
:106ED00043F30605CA5480EA4500013204F8013B39
:106EE000B2F5807F83EA0003DBB2ECD101230022FC
:106EF000624813F0800F40F8043B43F306040CBFD4
:106F000000231B23013283EA44030A2ADBB2F0D1B7
:106F100063235B4A0E461370002315460120594C2B
:106F200084F8633016F8013FC3F1FF03FB5C4FEABE
:106F3000D31C4CEA430C4FFA8CFECCF3421848EABF
:106F4000CE0883EA0803CCF3C0188EEA030348EAAC
:106F50004E08CCF3811C83EA08034CEA8E0C83EACA
:106F60000C03DBB283F06303E0540130B0F5807FA3
:106F700005F8013FD6D1FF248B7BDFF80CE10293AB
:106F80004B7ADFF808C103934B7B414F0493CB7AD4
:106F9000DFF800B10593404BDFF800A10193404BAF
:106FA000DFF80091DFF8DC80009306A812F8013BBF
:106FB00013F0800F0CBF00211B2143F3060581EA6B
:106FC0004501C9B203EB032541EA05254B40009971
:106FD00085EA036341F8043B00914FEA33614BF8C3
:106FE000041B4FEA33414AF8041B18F8011B4FEA0F
:106FF000332349F8043B00293ED046AB5B5C039940
:107000005918B1FBF4F5C5EB0525491B465C0499FD
:107010005918B1FBF4F5C5EB0525491B415C029DF0
:1070200009041D4441EA0621B5FBF4F6C6EB062629
:10703000AD1B455D6940059D2B44B3FBF4F5C5EBE5
:1070400005255B1BC35C1B064B40019941F8043BC3
:1070500001914FEA33614EF8041B4FEA33414FEA86
:10706000332347F8043B104B4CF8041B93429DD14B
:107070000DF5077DBDE8F08F0B46E5E72C6100209C
:10708000C1A70020C1A6002054690020546500203B
:107090005461002054790020546D00205475002064
:1070A000547D002054710020C1A80020C02AF8B5EA
:1070B00006460D4614464CD0B2F5807F4BD0802A50
:1070C00040F0C3800A23624F33603B681BB9FFF76F
:1070D000F1FE01233B60334600222946640943F850
:1070E000042F05EB840451F8042B8C4243F8042F41
:1070F000F9D133680C2B30D00E2B5FD00A2B26D160
:10710000544D55493046A036426955F8044B8768BE
:10711000C2F30723CB5C7C406340140E0C5D10303F
:1071200083EA0443D4B20C5D83EA0463C2F30744E8
:107130000C5D83EA042350F8044C836063400468C8
:10714000C36063405A40036142618642DCD1002043
:10715000F8BD0C23B7E70E23B5E730463D4C3E495A
:1071600006F1C005C26954F8046B8768C2F30723AF
:10717000CB5C7E407340160E8E5D183083EA06436A
:10718000D6B28E5D83EA0663C2F307468E5D83EA5C
:10719000062350F80C6C8360734050F8086CC36091
:1071A000734050F8046C0361734006684361734098
:1071B0005A408361C2618542D4D1C8E7254D264932
:1071C0003046E036446A55F8042B8768C4F3072339
:1071D000CB5C7A405340220E8A5C876983EA024383
:1071E000E2B28A5C203083EA0263C4F307428A5C1D
:1071F00083EA022350F8142C8360534050F8102C7B
:10720000C360534050F80C2C036153404361DAB221
:107210008A5C7A401F0ECF5D82EA0762C3F30727BC
:10722000CF5DC3F30743CB5C82EA072282EA0343C4
:1072300050F8042C836153400268C36153405C40A2
:10724000036244628642BDD181E76FF01F007FE791
:10725000286100202C610020C1A700202DE9F04FFB
:10726000C9B002AD044628460E4617460FF0FAFC98
:10727000002331463A4628466360FFF717FF06466B
:10728000002831D1029F039B04A903EB870301EB84
:10729000830251F8233004F1180CA3605368103AAC
:1072A000E360936961462361D369904663617B1E05
:1072B0009E462B482760BEF1000F1EDC002F4FEAD0
:1072C0000313C8BF1C46C3F10003DCBF0023002426
:1072D000D018D3580CEB04014CF8043043684B60D1
:1072E00083688B60C368CB6002A84FF48C71FFF792
:1072F000BFFC304649B0BDE8F08FA8F1040401940A
:1073000001F1100B019DDFF85CA055F8044F0195C9
:10731000E5B210F80590250E5AF82990455DDFF882
:1073200048A05AF82550DFF844A089EA0509C4F3BB
:107330000725455DC4F307445AF82550045D89EAE2
:107340000505DFF82C9059F82440654041F8045BAE
:107350005945D7D10EF1FF3EA8F11008ABE700BFA9
:10736000C1A70020546D0020546100205469002002
:10737000546500202DE9F04F012995B00E46009389
:1073800000F255834768D2F800C055689468D16808
:1073900050F8082BBB005210013A019250F82720F8
:1073A00003448CEA020203925A6830336A40049222
:1073B00053F8282C6240059253F8242C4A40069238
:1073C000002E40F0A381DDE90420069D039CCA4FF6
:1073D000DFF828C3DFF828E3DFF8288353F8201C00
:1073E00053E9079A029153F8141C2033079153F87C
:1073F000301C089153F82C1C099153F8281C0A9151
:1074000053F8241C0B910199002900F3C2801EB986
:10741000DDE90420069D039CDFF8E0C2E3B2160E0E
:107420005CF8266057F823300299DFF8D4E2734005
:107430005940C5F307235EF82330B24E5940C0F3DC
:10744000074356F823304FEA10685940D3B25CF82E
:10745000288057F82330109183EA0803C4F30728E3
:107460005EF8288083EA090383EA0803C5F3074826
:1074700056F828804FEA156983EA08035FFA80F816
:107480005CF8299057F82880EDB288EA0908C2F321
:1074900007295EF8299088EA0A0888EA0908C4F3EF
:1074A0000749240E5CF8244057F82550C0F3072004
:1074B0006540079C5EF82000C2F3074256F8222080
:1074C000654045405540904A180E145CC8B256F8C5
:1074D0002990105C089E88EA0909704080EA0460DF
:1074E000C5F30724145D099F80EA0420C9F307440B
:1074F000145D119380EA04404FEA1964165DDCB212
:10750000145DCDF848907C4084EA0664C1F30726F8
:10751000965D139584EA0624C5F307460C90965DA4
:107520000A9F84EA06442E0E12F806C05FFA89F616
:10753000965DEDB27E40C3F30727D75D86EA0C6601
:1075400086EA0726C1F30747D75D090E86EA074694
:10755000575C515D0B9DC9F307296940C3F307438D
:1075600012F80950D35C81EA0761009A81EA05218B
:1075700081EA03430D940E960F9310605460966059
:107580000CA82021D360FFF773FB002015B0BDE8E5
:10759000F08FE6B24FEA126B5CF82BB057F826601A
:1075A000029986EA0B064E40C5F307215EF82110CA
:1075B0004FEA106B4E40C0F3074158F821105CF8B9
:1075C0002BB04E40D1B257F8211081EA0B0181EA6D
:1075D0000901C4F307295EF829904FEA156B81EA87
:1075E0000901C5F3074958F829905CF82BB081EAE6
:1075F00009015FFA80F957F82990EDB289EA0B0981
:1076000089EA0A09C2F3072A5EF82AA057F825502A
:1076100089EA0A09C4F3074A240E5CF82440C0F33F
:1076200007206540079C5EF82000C2F3074258F827
:107630002220654045405540F0B20A0E57F82040E0
:107640005CF8222058F82AA05440089A89EA0A0ACD
:107650005440C5F307225EF8222002915440CAF339
:10766000074258F822204FEA1A6054409DF808203B
:107670005CF8200057F822204FEA1569424009982B
:107680005CF829904240C6F307205EF82000424093
:10769000C5F3074058F82000EDB242405FFA8AF087
:1076A00057F820000A9980EA09004840029957F8E3
:1076B0002550C1F307295EF829900B9980EA09004B
:1076C000C6F30749360E5CF82660CAF3072A7540F0
:1076D0004D4002995EF82A60C1F3074158F8211025
:1076E00075404D40019958F829900139012680EAEA
:1076F0000900019172E600BF546D00205461002022
:107700005469002054650020C1A60020002603997A
:10771000C84FDFF824C3DFF824E3DFF824831446DE
:10772000DDE9042053E9079A53F8205C20330295E1
:1077300053F8345C079553F8305C089553F82C5C8B
:10774000099553F8285C0A9553F8245C0B95019D24
:10775000002D00F3BA801EB9DDE90420069C0399D0
:10776000DFF8D4C2CBB2260E5CF8266057F823307F
:10777000029DDFF8C8E273405D40C2F307235EF864
:107780002330AF4E5D40C0F3074356F823304FEA35
:1077900011685D40D3B25CF8288057F8233010950B
:1077A00083EA0803C0F307285EF8288083EA090308
:1077B00083EA0803C4F3074856F828804FEA1269A1
:1077C00083EA08035FFA80F85CF8299057F828806C
:1077D000000E88EA0908C4F30729E4B25CF8200027
:1077E0005EF8299057F8244088EA0A0888EA0908D0
:1077F0004440C1F307490798C1F307215EF82110FF
:10780000C2F3074256F8222044404C4054408D4A6F
:10781000E8B256F82990105C089E210E515C704029
:1078200080EA0160C3F30721515C88EA090980EA14
:107830000120C9F30741515CDEB2965D099F80EAE1
:107840000140290E515C7E4086EA0166C9F307219A
:10785000515C119386EA0126C4F30741CDF84890A4
:1078600013940C90515C5FFA89F786EA0146190E71
:1078700012F801C0D75D0A994FEA19694F40C4F365
:107880000721515C87EA0C6787EA0127C5F30741A6
:10789000515CE4B287EA0147115D0B9C12F809C004
:1078A000C5F307256140C3F30743545DD35C81EA08
:1078B0000C61009A81EA042181EA03430D960E9738
:1078C0000F931060566097605AE6CEB24FEA146B81
:1078D0005CF82BB057F82660029D86EA0B066E40D6
:1078E000C2F307255EF825504FEA116B6E40C0F3D6
:1078F000074558F825505CF82BB06E40D5B257F8C4
:10790000255085EA0B0585EA0905C0F307295EF8CD
:1079100029904FEA126B85EA0905C4F3074958F824
:1079200029905CF82BB085EA09055FFA80F957F8D1
:107930002990000E89EA0B0989EA0A09C4F3072A8B
:10794000E4B25EF82AA05CF8200057F8244089EAE7
:107950000A094440C1F3074A0798C1F307215EF8BA
:107960002110C2F3074258F8222044404C405440B2
:10797000F1B2220E5CF8222057F8211058F82AA004
:107980005140089A89EA0A0A5140C5F307225EF875
:10799000222002955140CAF3074258F82220300EA7
:1079A00051409DF808205CF8200057F822204FEA4B
:1079B0001569424009985CF829904240CAF30720B3
:1079C0005EF820004240C4F3074058F820004240CF
:1079D0005FFA8AF057F820000A9D80EA0900C4F394
:1079E00007295EF82990684080EA0900C6F3074934
:1079F00058F82990E4B24FEA1A6A57F8244080EA0E
:107A000009005CF82A900B9D84EA09046C40029DF1
:107A1000C6F307265EF82660C5F3074558F82550DB
:107A200074406C40019D0126013D01957AE66FF09E
:107A30008600ABE5547D002054710020547900206D
:107A400054750020C1A700200346054900B5F4F78E
:107A50008FFF5DF804EB0144184600F003B800BF47
:107A600010000000F8B54F4A0D460023D0E9000190
:107A7000E9F724FD002A0446B7BF02F5A8324A4BB5
:107A80004A4B02F5C072E41841F100064FF46161FF
:107A9000E01CB2FBF1F301FB13224FF03C01AB60A1
:107AA000B2FBF1F301FB132246F100016B600023EE
:107AB0002A600722E9F702FD002A54DA0732AA6198
:107AC0003B4800233B4A201866F10001E9F7F6FC29
:107AD000384B48F6AC6140F2B45703FB104440F217
:107AE0006D164FF0050CB4FBF1F1B4FBF7F3214434
:107AF000C91A314BB4FBF3F3C91A48F69463B1FBCE
:107B0000F3F3B1FBF6F2B1FBF7F123445B1A9921D1
:107B100006FB123303EB83045E1C0234B4FBF1F763
:107B200079430231B1FBFCF1761A40F2F9518C42F3
:107B30004FF4C8748CBF6FF00901022104FB0020D0
:107B40003944012998BF0130B3F5997F13D3A3F5C8
:107B50009973A0F26C70EB610023EE60C5E904102C
:107B60002B622846F8BD002EAA61A9DB114A00232A
:107B700020463146AAE7970710D14FF0640C92FBDC
:107B8000FCF70CFB17275FB992FBF4F704FB1722F5
:107B9000B2FA82F252093B331344DAE70022FAE7E1
:107BA0000122F8E7805101006CFA0A006BFA0A0022
:107BB00050C5FDFFB13A0200B03A02000CB430B536
:107BC0008BB004460D462022002102A80FF07BF85E
:107BD0000223002D06948DF80A300C4B039312DB20
:107BE00001D06B1E1C440FAA0E9902A807940192A3
:107BF00000F0BAFC15B1069B00221A700BB0BDE86C
:107C0000304002B070470024EDE700BFB9730200B6
:107C10000EB470B58BB00446202200210FAD02A82F
:107C200055F8046B0FF04FF8022302A82A4631469C
:107C30008DF80A30074B06940393019500F094FCED
:107C40000028A4BF002323540BB0BDE8704003B04C
:107C5000704700BFB97302002DE9F84F814688468E
:107C6000002319F803005A1C202800F08E81A0F18F
:107C70000901042940F289812B28144631D02D288E
:107C800034D0042540F02003692B31D06E2B5DD019
:107C900000224FF00A0A964617461346114615F47D
:107CA000006C68D040F02006A6F1610BBBF1050F17
:107CB00061D8573EF6B2564562D340F0200005F039
:107CC0008006782840F0A380002E50D053EA0106A9
:107CD00040F09F8045F4006C4FF0100A1FFA8CFCB6
:107CE00083E0042519F802009C1CCBE74425F9E742
:107CF000A74B0026A74F13F8011B49B119F8042020
:107D0000601C42F020028A4224D0A34A93422ED122
:107D1000304639460FF05DFA48B119F80430282B87
:107D200005D1013419F804300134292B14D16B0624
:107D300002D507F100431F46B8F1000F02D04C44B2
:107D4000C8F8004030463946BDE8F88F934B00260E
:107D5000934FD0E70446CEE723F02002413A192A98
:107D6000E0D9A3F13002092ADCD95F2BDAD0002652
:107D700000270024E0E7A0F13006F6B256453BD2DA
:107D800045F0800C15F480701FFA8CFC25D1BAF1F7
:107D90000A0F14BF4FF00F0B4FF0100BDE450EDC37
:107DA000A80527D4AAFB0335F3180AFB015545F1B2
:107DB000000153EA010018D00EF1010E15E045F460
:107DC000C07CBAF10A0F1FFA8CFC06D1042E04D92C
:107DD000052E4FF0020708BF0646002E18BF47F0D9
:107DE00001071CF4007F00D1013219F80400654638
:107DF000013454E7013AD5E7FE2E7FF45EAFAE05BD
:107E00003FF55BAF45F4007C1FFA8CFCEDE7002EDC
:107E1000ADD0BCF1000F70D092007026864218D110
:107E200019F80400661C2B2804D02D2867D145F4CE
:107E30008065ADB219F806C0A61C04466046A0F1E4
:107E4000300CBCF1090F5DD901340CBF06F1FF34D1
:107E5000B41E53EA010004F1FF3400F093802805BA
:107E600076D53632B1F5800F64D34E48B1F5000FA8
:107E700065D2824263DB3B43084603F00306032ED0
:107E800003D003F00606062E09D1043341F10000A9
:107E9000B0F5000F22BF013201234FF48000B2F58C
:107EA000806F6CDAB0F5800F4FEA90014FEA9303D0
:107EB00026BF21F4801102F2FF32002243EA8073D0
:107EC00041EA025718461E46394601F0A1FC013826
:107ED000022804D8344B2222F4F74AFD1A503046C7
:107EE000394601F095FC013802283FF620AF2E4BB1
:107EF0002222F4F73DFD1A5019E765268EE74FF070
:107F0000FF349CE7002440F2D34A4FF00A0B54455B
:107F1000DCBF30380BFB040419F806000136A0F171
:107F2000300CBCF1090FF2D9680548BF6442224405
:107F300034468EE7DB1802F1FF32494192E75E08D2
:107F400003F00103013246EAC176490833438DE765
:107F500096441EF5A27F0FDDBEF59B7F0FDA03F07E
:107F60000100384301308008181841F1000100F089
:107F7000C3FF06460F46B2E700260027AFE70026FC
:107F8000044FACE700260027D1E6134669E600BFA0
:107F900089CA02000000F07F8CCA020086CA020073
:107FA0000000F87F02FCFFFF0C0000002DE9F04705
:107FB000002380460F4618F803C05A1CBCF1200F5E
:107FC00000F05D81ACF10901042940F25881BCF157
:107FD0002B0F144630D0BCF12D0F32D000264CF0C0
:107FE0002003692B2FD06E2B55D000214FF00A09AA
:107FF0008E460B460D4616F400605FD04CF0200212
:10800000A2F1610ABAF1050F58D8573AD2B24A45DF
:1080100059D34CF0200C06F08002BCF1780F40F0F0
:108020008E80002A47D0002D40F08B8046F40060FF
:108030004FF0100980B271E0002618F802C09C1CB5
:10804000CDE74026F9E78F4B4FF0FF4513F8011BB2
:1080500049B118F80420601C42F020028A421DD069
:10806000894A934227D128460FF0C0F848B118F842
:108070000430282B05D1013418F804300134292BA1
:108080000ED1730601D505F100450FB144443C60A3
:108090002846BDE8F0877D4B7D4DD7E70446D5E700
:1080A00023F02002413A192AE6D9A3F13002092A25
:1080B000E2D95F2BE0D000250024E6E7ACF13002E6
:1080C000D2B24A4531D246F0800016F4807C80B2AC
:1080D0001DD1B9F10A0F14BF4FF0070A4FF0080A7B
:1080E000D64507DCB6051ED405FB0925B5B10EF152
:1080F000010E13E046F4C070B9F10A0F80B206D148
:10810000042A04D9052A4FF0020308BF6246002A58
:1081100018BF43F00103860500D4013118F804C0EC
:108120000646013467E70139DEE7FE2A7FF471AFC6
:10813000B2053FF56EAF46F4007080B2EEE7002A5C
:10814000B9D000285FD089007022624518D118F894
:108150000420601C2B2A04D02D2A56D146F48066B8
:10816000B6B218F800C0A01C14466246A2F1300C4A
:10817000BCF1090F4CD901340CBF00F1FF34841E4F
:10818000013C002D79D0320561D51931B5F1007F60
:1081900054D3B5F1806F54D211F17E0F51DB2B43D4
:1081A00003F00302032A03D003F00602062A05D1D6
:1081B0000433B3F1806F24BF5B0801317F2959DCA0
:1081C000B3F1007F4FEA930526BF7F3125F4000508
:1081D000002145EAC155284601F07EFB01380228FE
:1081E00004D82C4B2222F4F7C3FB1A50284601F086
:1081F00073FB013802283FF644AF264B2222F4F7E6
:10820000B7FB1A503DE765229FE74FF0FF34ADE71B
:1082100000244FF00A09DF2CDCBF303A09FB0424AC
:1082200018F800200130A2F1300CBCF1090FF2D98E
:10823000720548BF644221440446A1E76D0001393C
:10824000A4E705F00102013142EA5505A1E78E4499
:108250001EF12D0F0CDBBEF1270F0BDC05F001002A
:108260001843013005EB90000EF005FE0546BDE712
:108270000025BBE74FF0FF45B8E7002501E71346AF
:1082800099E600BF94CA020097CA020091CA020090
:108290000000C07F0C000000242A2DE9F0410546B3
:1082A00001D8012A0AD1354B1622F4F761FB1A5086
:1082B00001B10D600020BDE8F0813046064616F899
:1082C000014B202CF9D0A4F109072346042FF4D93F
:1082D0002B2C32D02D2C33D14FF0010C3378861C4F
:1082E000302B34D1307840F0200078282BD132F078
:1082F000100028D173783546102202360CF1004761
:108300000020013FB7FBF2FE02FB1E78392B82BF33
:1083100003F1FF3343F02003263B303B9A421DD943
:10832000704502D817D1984515D24CF0020C34464E
:10833000354614F8013B2646E8E74FF0000CCDE740
:108340004FF0000CCCE7002A08BF0822D6E7002A2D
:1083500008BF0A22D2E700FB0230E8E701B10D6056
:108360001CF0010F18BF40421CF0020FA3D0034BBA
:108370002222F4F7FDFA1A5038469CE70C00000060
:10838000242AF0B5044601D8012A40D12E4B1622EA
:10839000F4F7EEFA1A5001B10C600020F0BD2F4640
:1083A0003D4615F8010B2028F9D0A0F10906034637
:1083B000042EF4D92B282CD02D282CD101262B7853
:1083C000BD1C302B2DD1287840F02000782824D1F6
:1083D00032F0100021D16B782C461022023500209B
:1083E000392B82BF03F1FF3343F02003263B303BA0
:1083F0009A421AD9A0FB02040CB9C01801D346F066
:1084000002062F462C4617F8013B3D46E8E7074693
:10841000C6E70026D3E70026D3E7002A08BF0822D4
:10842000DDE7002A08BF0A22D9E701B10C60F20794
:1084300048BF4042B307B1D5034B2222F4F798FA64
:108440001A504FF0FF30A9E70C0000002DE9F04171
:108450000126B24201DCBDE8F08107463B461F46DB
:1084600013F8014B002CF6D0252CF8D11D780237DB
:10847000252DF3D00023DFF8EC809C461C461F2CF2
:1084800027D8A5F1200EBEF1100F06D828FA0EFE4F
:108490001EF0010F53D12E2D3CD02E2D27D8242D88
:1084A00033D02A2D36D0BCF1000FD4D0B445D5D16D
:1084B00045F020070B68A7F1650CBCF1020F01D94C
:1084C000612F42D1073323F00703083301360B60D5
:1084D000BFE77F2CDFD96C2D23D01DD8682D27D086
:1084E0006A2D01D04C2DDED144F4207408E0A5F1B2
:1084F000300EBEF1090FEED80A2404FB03E320245A
:1085000017F8015B002DBAD1CDE7BCF1000F18D0F0
:10851000B34218D00023F3E7742DF1D07A2DEFD0B9
:10852000C1E7250648BF44F4007444F08004E7E73F
:10853000E50548BF44F4007444F48074E0E7002487
:10854000DEE79C46E6E76325B2E7692D02D007D84F
:10855000632D03D0250601D5A405B3D40433B5E7B4
:10856000732DF6E7892801002DE9F04F837893B049
:108570008046D0F804909C07CDE9081214D50B462C
:1085800000250B92187888B1252813D00133069363
:1085900041460135C847002880F2F28398F802303E
:1085A00043F0040388F802304FF0FF35284613B03B
:1085B000BDE8F08F93F801A09A1CBAF1250F06923E
:1085C000E6D04FF0000B5E465F465C461F2C23D87A
:1085D000AAF12003102B22D8DFE803F01521211B7C
:1085E0002121210B2121211321182121090044F0EF
:1085F0000104069B13F801AB0693BAF1000FE5D115
:108600001BE044F0020444F00404F2E744F00804E0
:10861000EFE744F01004ECE77F2C00F2F680BAF1AB
:108620002E0F00F0D38000F2AC80BAF1240F00F0DE
:10863000D380BAF12A0F00F0B480BBF1000F06D04E
:10864000099B5A460BA908980B93FFF7FFFE002ED3
:108650004AF02003B8BF24F040040493A3F165035B
:10866000BCBF0026A4B2022B04D94AF02003612B20
:1086700040F086826FEA0A0A0AF0200307930B9BF8
:10868000073323F0070303F108020B92049A612ACF
:10869000D3E9000104F0400340F0E480002B079B85
:1086A0000CAA44F4C05408BF4FF0FF360093334681
:1086B0000EF0FBFD01304FF0010CDDF830A0C3B22D
:1086C000B3420393A8BF03F1FF367023CDE9043C06
:1086D0000AF10903122B0DD90AF16303C62B40F2EC
:1086E000F3800AF2E73340F2CE7293428CBF042348
:1086F000032305939DF83430D80700F1E780A207E3
:1087000000F1E780C4F3800B4FEA4B1B5FFA8BFB51
:1087100013F00C0F00F0E980BBF1000F0CBF032336
:108720000423BB420EDA2007A7EB03070BD42F4428
:1087300041462020C847002805F10105FFF62EAF6D
:10874000BD42F5D10027BBF1000F07D04146584686
:10875000C847002805F10105FFF620AF9DF8343029
:10876000AD4C13F0080FAD4B08BF1C4626463246F1
:1087700016F8010B002840F0AF802C1B02EB040B15
:108780007AE1AAF13003092B3FD814F0400F4FF0E3
:108790000A020ABF44F0200402FB063602FB073738
:1087A00027E7BBF1000F7FF424AF0B9A600652F865
:1087B000043B0B9201D51E461BE7002BA7BF44F0DC
:1087C00020041F465F4244F0280412E763063FF589
:1087D000EDAE44F040040CE7BBF1000F3DD014F0C7
:1087E000400A099B0BA908980CBF3A4632460B93E6
:1087F000FFF72CFE0B9B53F8042B0B93BAF1000FE1
:1088000001D01646F5E61746F3E6BAF16C0F16D01E
:108810000CD8BAF1680F19D0BAF16A0F03D0BAF1C7
:108820004C0F7FF40AAF44F42074E2E6BAF1740FFF
:108830003FF4DFAEBAF17A0F3FF4DBAEFDE620067F
:1088400048BF44F4007444F08004D2E6E30548BF16
:1088500044F4007444F48074CBE65E46BB46344670
:108860003746C6E6002B049B08BF0626652B0FD1B2
:10887000721C44F48054D2B21346112A4FF0650E94
:108880004FF0000228BF11239446CDF810E007E016
:10889000049B662B10D144F40054B44601221123EA
:1088A000CDE9002C0CAA00F01BFCDDF830A0C3B20F
:1088B0000393022305930BE716F0FF02DCD1652337
:1088C000944604930123EBE7022312E74FF02D0BAC
:1088D0001EE74FF02B0B1BE7079B4146C01AC0B2A7
:1088E000C8470028BFF643AF58E614F4405F40F095
:1088F0009780039B002E03F1480308BF01266B44B9
:10890000133B039A1AB113F8012D302A75D014F0D5
:10891000100F039B18BF33461AF1040F72DBB245E8
:1089200070DA534544F400547DDD0AF101069E1BC4
:108930002AEAEA730133BBF1000F00D00133002EA5
:1089400073D0721C13449F42CCBFFF1A002714F04F
:10895000090F03D12F44BD426BD10027BBF1000F9B
:1089600007D041465846C847002805F10105FFF6E3
:1089700015AE230510D541463020C8470028FFF624
:108980000DAE079B41460235C3F1780000F0F800B8
:10899000C8470028FFF602AE200704D4AB467D1975
:1089A0005D454ED10027A10469D52AEAEA737642D3
:1089B000AAEB030A039A013B05F1010B524589BF5B
:1089C0000CAA3020524450799E4242DC4146049326
:1089D000C84700280AF1010A049BFFF6DFAD5A1CC4
:1089E00009D141462E200493C8470028FFF6D6AD92
:1089F00005F1020B049B5D46DCE7039A013AD2B213
:108A000003927EE75E1E14F4006F059A14BF0523DF
:108A1000032313448FE700BF10A8020078C80200A8
:108A2000A10485D4EFE7002682E7E20648BF0133C0
:108A300089E741462020C847002805F101058ADA68
:108A4000ACE541463020C84700280BF1010BA7DAFE
:108A5000A4E541460393C8470028FFF69FADE6060C
:108A60000AD5039B013307D105F1020B41462E20A5
:108A7000C8470028FFF692AD5D465F4412E24146CA
:108A80009DF83500C8470028FFF688AD002E5DDD53
:108A900041462E20C8470028FFF680AD01240CABCC
:108AA000039A4146A346A242CABFE2183020507939
:108AB000C8470028FFF672AD01340CABA642EFDACE
:108AC000AC1C5C44049B4146079A981AC0B2C84744
:108AD0000028FFF663ADBAF1000F4146B6BF2D2066
:108AE0002B20CAF1000AC8470028FFF657AD059BA6
:108AF000042B37D14FF47A7641460334BAFBF6F5AE
:108B000005F13000C0B2C8470028FFF647AD06FBAC
:108B100015AA642641460134BAFBF6F505F130008A
:108B2000C0B2C8470028FFF639AD06FB15AA0A26D1
:108B300041460134BAFBF6F505F13000C0B2C84732
:108B40000028FFF62BAD06FB15AA12E0E40601D4BF
:108B50006C1CB7E741462E20C847002805F10204E7
:108B6000B0DA1BE5059B0234032BD2D0059B012B09
:108B7000DDD10AF1300004F1010B4146C0B277E7C4
:108B8000AAF16303122B00F2E580DFE813F0130073
:108B90005400E300E300E300E3005400E300E300DB
:108BA000E300E300E300FC00DD00E300E300290054
:108BB000E300AB000B9B01260DF1300A1A1D1B6868
:108BC0000B928DF8303020072CD50AEB060B54465B
:108BD0005C4529D1A5EB0A0ABF1B04EB0A0B4BE746
:108BE0000B9B1A1D0B92D3F800A0A94BBAF1000FF2
:108BF00008BF9A4614F0400F504614BF31464FF05C
:108C0000FF310EF0C6F80646DDE741462020C84792
:108C10000028FFF6C3AC013CA642F6D32F443D1B0F
:108C20002746D2E73C46F7E7414614F8010BC84710
:108C30000028CDDAB2E421060B9B32D5A2052BD554
:108C4000073323F0070303F10802D3E900010B9275
:108C500024F0100B00291FFA8BFB32DA40424BF450
:108C6000806B61EB41010CAC0A2322460EF0ADF89B
:108C70001BF0400FA0EB040200F09C802BF00103DE
:108C800096429BB240F39F80BAF1000F40F09D8066
:108C90002BF011039BB21FE01A1D18680B92C1172D
:108CA000D6E71A1DE00519680B9201D40846F6E7CD
:108CB000A20547BF48B241F3C01108B241F3C03129
:108CC000C6E750EA0103CED16306CCD5002ECAD147
:108CD00024F011043246A3B2344640F206410B425E
:108CE0006FD126E024F010040A23A4B214F0800C03
:108CF0000B9A4CD014F4007115BF0732101D22F0EE
:108D000007020B900FBF106802F108010B91D2E926
:108D1000000150EA010247D124F0160B62061FFA47
:108D20008BFB45D5002E43D124F017043246A3B265
:108D3000344619075FD4D90704D5A74272DD3C1B1E
:108D4000A6183C46A34650E044F0100410234FF010
:108D5000780ACBE74AF02003782B04D1CAF17803D4
:108D600043F01003C2E741462520C8470028FFF61C
:108D700015AC41465046C8470028FFF60FAC0235F7
:108D8000069BFFF7FFBB08234FF0000AAEE7111D5B
:108D900010680B9114F48071BBD014F400711ABFE9
:108DA000C0B2614680B2B4E724F006041FFA84FB27
:108DB0000CAC5AE714465B46D9068ED5BAF1000FC3
:108DC00005D10134B5E71446F6E73446F4E702343A
:108DD000AFE741462020CDE90332C8470028FFF61F
:108DE000DDAB0BF1010BDDE903325F45F1DC2C1B40
:108DF00004EB0B055C46D90616D54146302003929C
:108E0000C8470028FFF6CAAB039ABAF1000F32D068
:108E1000023541465046C8470028039AFFF6BEABCC
:108E20002E441DE016468DE740F206410B42F7D076
:108E300013F0020F05F101054146039214BF2B20E8
:108E4000202013F4806F18BF2D20E4E74146302026
:108E50000392C847002805F10105039AFFF69EAB6F
:108E6000731B9A42F2DB16460DF1300A2EB902EB63
:108E7000050B3F1B00E60135D2E7013E4146039258
:108E80001AF80600C8470028039AEFDAFFF786BBF6
:108E90007CC8020041462020C847002805F1010592
:108EA000FFF67CAB7B1B002BF4DC69E7F0B589B0E7
:108EB00004460D4616460021202268461F460DF046
:108EC00002FF0223002D04948DF80230094B019318
:108ED0000EDB01D06B1E1C443A46314668460594B1
:108EE000FFF742FB15B1049B00221A7009B0F0BDD8
:108EF0000024F1E7B97302002DE9FF4780461646CA
:108F00000F46002900F0A280B1FA81F4341B002E34
:108F100004F10A04C0F2A280304600F02DFB0444A4
:108F2000304600F02FFBA4EB0609054669463046A3
:108F300000F050FBA9EB05036A4640467D333946F5
:108F40000DF069FFA64282460D4600F38380B9F119
:108F50003F0F00F381804FF0FF33A9F12000C9F1EA
:108F6000200103FA00F003FA09F223FA01F103FAEF
:108F700009F3024328EA03030A4327EA02021343E0
:108F80000CBF01200020002D00F08A80B5FA85F387
:108F9000E31A40F2FE7203F23E43934200F38680EE
:108FA000002B23EAE371D4BF01220A46121BA2F26E
:108FB0003344A2F2344EA2F25343C4F120072AFAFA
:108FC00004F625FA03F3CEF1200C05FA07F725FA8B
:108FD00004F405FA0CFCCEF120083E43A2F25447FB
:108FE000A2F254421E432AFA0EF325FA07F743EA87
:108FF0000C033B4313F0010318D04FF0FF3707FA7F
:1090000002F307FA0EFC4CEA030C27FA08F307FAFE
:109010000EF74CEA030C2AEA070A25EA0C055AEA7D
:10902000050A41D100283FD006F001039A1944F106
:109030000004C4F3130452EA0400104608BFC91820
:1090400044EA0157394604B0BDE8F087B0FA80F42D
:1090500020345BE7012096E7002094E7C6F1000981
:10906000484600F08FFA241A484600F08BFAA61BF7
:109070000546694648462E4400F01EFB6A464046B7
:1090800006F17C0339460DF0C6FE82460D46404689
:10909000394600F087FA81458CBF0020012072E735
:1090A000BAFA8AF3203373E70123BFE700200149AE
:1090B000C9E700BF0000F07F1FB502AB074A00936D
:1090C0004FF0CC330EF04FF8DDE90201C00840EA62
:1090D0004170C90805B05DF804FB00BFCDCCCCCC15
:1090E0002DE9F04F9BB00F0D04460A939DF8903088
:1090F0000592C1F30A520C93C1F31303C90F0791F0
:109100007AB950EA03017ED10599302301274B71CA
:10911000079B0A6043F002030B7138461BB0BDE8A1
:10912000F08F40F2FF718A420BD10343079B059AEF
:109130004FF0000714BF43F0080343F0040313711A
:10914000EBE7A2F2354A43F48015234304F0010211
:109150004FEA85080CBF27F00107012748EA9478F9
:10916000089208BF7F054FEA840602BF7F0DB7FA59
:1091700087F77F09BAF1000FC0F2B680504600F0C1
:10918000EFF9BAF1030FC8BF0138049000F002FAFA
:10919000049B7C3016A9A3EB0A0A8244184600F00F
:1091A0008BFA12AB20462946019310AB16AA029700
:1091B000009353460DF0E6FE049B04460D46152B26
:1091C00000F28E8014ABA94A3046414600934FF01E
:1091D000CC33DDE9109A0DF0C6FF149B159A9B085D
:1091E00043EA827303EB8303B34210D14146304616
:1091F00000F0D8F9049B83428CBF4FF000084FF079
:109200000108002715E01D46DFF864A29DE7089BD2
:10921000002B55D1013E48F1FF31F01B61F10001F7
:1092200000F0C0F9049BDDF8208083428CBF00274A
:1092300001270C9B002B40F0C880DDF82890002609
:109240004FF00A0B06960996DDE91001FFF734FF8F
:10925000DDE912A3CDE90D01194650460F93FFF742
:109260002BFF0A4603460D990B908B420E9B72EB27
:1092700003010F9B80F0C480204629460F92FFF720
:109280001BFF0B9B002E14BF4FF0000808F00108D5
:109290000F9A0BFB10460BFB03F50D9BF6B2044631
:1092A0001093554514BF002707F001070E9B0D468C
:1092B000139211930B9B1293069B01330693C3E702
:1092C000B01C48F1000100F06DF9049B83428CBF93
:1092D00000200120B9EB00006AF10002CDE9100284
:1092E0004FF000084746A4E7CAF1000B584600F0CB
:1092F0003DF9BAF1FF3F0CBF8146A0F10109ABEB8C
:10930000090B0AEB09035846049300F043F916A928
:10931000A0F17D0A584600F05DF912ABA9EB0A0AEC
:109320002046019310AB294616AA00935346029794
:109330000DF028FEB9F1010F04460D460ED8089B2A
:1093400013B94FF0010874E7109B4FF00108119A10
:10935000013B42F1FF32CDE9103252E7B9F13E0F45
:10936000BED84FF0FF33A9F12000C9F1200103FA64
:1093700009F203FA00F023FA01F103FA09F30243B8
:1093800026EA03060A4328EA020856EA08060CBF42
:109390004FF001084FF0000833E700FB02F60133FD
:1093A000A1FB001232448C4275EB0206F5D2049AFE
:1093B000DDF828901344259A1344D20F9342B8BF86
:1093C00013469945A8BF994639E70A21002201238F
:1093D0000846E8E70BFB01FE0CF1010CA0FB0B01BA
:1093E0007144844275EB010EF4D2CC450DDDB9F128
:1093F000000F02D154EA050107D0012309933BE78E
:109400000A2000214FF0010CEBE7002F32D04FF083
:109410000A0B50461946FFF74FFE0BFB00F20B916B
:1094200052450E9026D1002E14BF4FF0000808F0D0
:109430000108DDE91001FFF73FFE8A460D9029463D
:109440002046FFF739FE0D9A0E9B0BFB10460D468A
:1094500004461293F6B2CDE9102A0B9A9A460B9B5A
:109460001392069A01320692D3E700BFCDCCCCCC42
:10947000CCFBFFFFB8F1000F05D0052E03D104F09F
:1094800001060436F6B2069BDDF810809844099B6D
:1094900053B9DDE912239D4208BF944204D1089BD1
:1094A000002B4AD1002F48D0042E94BF002601265D
:1094B00030194FF00A024FF000034FF0010745F159
:1094C00000011446904271EB030538D2F6B1B9455C
:1094D0001CDA0C9B6BB108EB0703259ADDF828908A
:1094E0001344012BB8BF01239945A8BF99464F45A6
:1094F0000CDD053008F1010807F1FF374FF00A02D3
:109500004FF0000341F10001E8F728F84F450FFA4A
:1095100088F8059BA8BF4F464FF000093FB2B844FA
:1095200008F1FF3607F105089844B9450EDB059BA5
:109530001A461E60079B1371EFE50126B8E704FB8E
:1095400003F50137A2FB04232B44BBE70A220023C7
:10955000E8F704F8303209F1010908F8012DE4E7D1
:10956000014B5843800C704741340100014B584374
:10957000000D7047FB2E0B00014B5843C00C704789
:109580004F931200024B5843C00C0130704700BF8C
:109590004F931200024B5843C00C0130704700BF7C
:1095A0004F93120070B50346094A00204FF0CC36A5
:1095B0004FF0333506FB03F402FB0144A3FB0231F9
:1095C00021449D4275EB010401D30130F2E770BDE7
:1095D000CDCCCCCC1A232DE9F04FB0FBF3FA334EAF
:1095E00003FB1A0389B004460D4606EB0A1653B96D
:1095F000D6E90023C1E90023D6E90201C5E9020149
:1096000009B0BDE8F08F2A4A02EBC303D3E9008911
:1096100004AB404649460093D6E902230DF0A3FD72
:1096200006AB83460F46404649460093D6E90023E1
:109630000DF099FD00238146DDE9066216EB0B066D
:1096400052EB070828BF012333B1049B059A01336D
:1096500042F10002CDE9043220460391FFF79AFF60
:1096600007461A2000FB0AF0FFF794FF3F1A324624
:1096700043464846039900970DF08CFD0D4A4FEA8A
:10968000141C640004F01E0352F82C40DC4004F06B
:1096900003042418304641F10001DDE90423C5E943
:1096A0000041414600970DF075FDA7E74884020090
:1096B00078830200449E02002DE9F04F1A2700F142
:1096C0001905DFF8E0A089B004460E46B5FBF7F5B2
:1096D0006F434FEA051B0AEB05153A1A0AD1D5E983
:1096E0000023C1E90023D5E90201C6E9020109B05E
:1096F000BDE8F08F2C4B03EBC203D3E9008904AB28
:10970000404649460093D5E902230DF02CFD5AF856
:109710000B206B68013ACDE9020106A963F1000351
:109720004046009149460DF01EFD8A4602990023ED
:109730008146DDE906526D18039952EB010828BFF6
:10974000012333B1049B059A013342F10002CDE9B4
:1097500004323846FFF71EFF07462046FFF71AFF80
:109760003F1A2A4643464846514600970DF012FDDF
:109770000E4A4FEA141C640004F01E0352F82C40F9
:10978000DC4004F0030401342418284641F10001B0
:10979000DDE90423C6E90041414600970DF0FAFCDB
:1097A000A3E700BF1885020078830200989E02009C
:1097B00038B5C0F3C753014620F000457F3B162B58
:1097C00019DC002B024608DA00281BDB002D14BF31
:1097D0004FF07E510021084638BD0C481841084220
:1097E000F9D00029C2BF4FF4000141FA03F3D218A7
:1097F00022EA0001EFE7B5F1FF4FECD3E7F734FBC6
:109800000146E8E74FF00041E5E700BFFFFF7F00BA
:109810000B4631F0004104D100280CBF0220032088
:109820007047094A134208D0084B994207D9914220
:1098300007D1B0FA80F04009704703207047042038
:1098400070470020704700BF0000F07FFFFFEF7FF0
:1098500038B5C0F3C7540D46034620F0004184B923
:1098600041B34FF09841E7F707FC1A4BC0F3C754D8
:109870009D42A4F1190406DAC00FBDE838400DF08E
:109880000EBDFF2C08D04CF250339D4209DDC00FB5
:10989000BDE8384000F03AB80146E7F7E5FA03467C
:1098A00008E02B19FE2BF2DC002B05DD20F0FF4039
:1098B00040EAC353184638BD13F1180FDCDB1933E7
:1098C00020F0FF404FF04C5140EAC350E7F7D4FB83
:1098D000E5E700BFB03CFFFF30F000400DD0A0F541
:1098E0000003B3F1FE4F0AD3421E074B9A4208D938
:1098F000A0F1FF43584258417047022070470420AE
:1099000070470320704700BFFEFF7F0008B1024888
:1099100070474FF0FF407047000080FF08B10248D9
:1099200070474FF0FF407047000080FF08B50DF012
:109930005DFC014808BD00BF0000C07F70470346C2
:1099400000201A7B12B11A688A4206D0013018280A
:1099500003F11003F5D14FF0FF30704730B50D0122
:1099600000EB01110B7BABB1D0F888310A7AD0F84B
:109970008441032B4FEA0221C4EB02220BDC0BB122
:1099800004EB62010133C0F888310023C0F8841170
:109990002844037330BD04EBE201F3E72DE9F04105
:1099A000D0F88041C0F88C2100EB04131B7B0546E6
:1099B0000F4616464FEA041813B12146FFF7CEFFB3
:1099C000002205EB080345F808701A725A8101223B
:1099D0005E601A731823144494FBF3F203FB1244E1
:1099E000C5F88041BDE8F08138B505461446FFF75B
:1099F000A6FF431C01460AD005EB00125368E41A87
:109A000042F210739C4204D92846FFF7A7FF0020BA
:109A100038BD137AFF2B01D10120F9E7013313720E
:109A2000FAE770B505461446FFF789FF431C064662
:109A30001FD02046E7F7C8FAD5F89411E7F71CFBCA
:109A4000E7F71CFDA0B10C2303FB04F2B2F5FA6F9B
:109A500028BF4FF4FA6205EB06156B89934208D2D2
:109A6000D21A824228BF0246B2F5803F03D290B29A
:109A700070BD0020FCE74FF6FF70F9E738B50446EB
:109A80001546FFF75CFF431C0CD0010104EB0010EE
:109A900043890C445A19B2F5803F2CBF4FF6FF7230
:109AA00092B2628138BD08B5D0F88401E7F78CFA2C
:109AB0004FF06E51E7F7E0FA08BD70477047704706
:109AC00070470020704770470A207047C8207047D1
:109AD0004FF47A6070474EF66020704738B5044600
:109AE000806E03681B6898470546606E03685B6E6E
:109AF000984794F8243063B9B4F870305B0708D401
:109B0000236A03F5FA535B1B23EAE373984228BFE9
:109B1000184638BD03465A6D08460AB1996D10477C
:109B2000704710B5036804469B6A9847034628B1FE
:109B3000206C18B158436423B0FBF3F010BD38B566
:109B400000230446C0E90A33C0E90C33A0F87030A2
:109B5000806E03681B6898472368206205465B6A2D
:109B60002046984720642046FFF7DBFFC4E90E0536
:109B7000606EA56103681B689847606E03689B6A06
:109B8000984784F8240038BD70B5036805469B6A81
:109B900098470446C8B12B6CBBB1A86E03681B681C
:109BA0009847EB6B0646C31A0FD05C43632C0CD965
:109BB0002846FFF7B6FF6423B4FBF3F4AB6BEE6308
:109BC0001C44844294BFAC63A86370BD037813F057
:109BD000380F1FBF4FF40860C3F38303D84000F071
:109BE000010008BF0120704770B5456E04462B6820
:109BF0005E6A03681B6A984701462846B047606E54
:109C000003689B6A984718B9606E03689B69984718
:109C100094F82430834217D084F82400B0B9A06EA1
:109C200003681B6898472062A06E03681B6898470A
:109C3000236AC01AB0F5FA5F82BFB4F8703043F0FF
:109C40000403A4F8703001E00028EDD0606E0368D2
:109C50009B6C9847606E03681B6E9847606E036844
:109C6000DB6C984794F8513001462BB9012384F8F6
:109C7000500084F8513070BD94F950308342FAD0CE
:109C8000236884F850001B6B2046BDE870401847DD
:109C9000F8B51C46023BFD2B0D46164601D90020A7
:109CA000F8BD13789A090B70F9D103F00302092368
:109CB000D34013F0010323D10B81CB800121735CCE
:109CC0009A09032A2B71EAD003F03F0302FB033306
:109CD000DAB2402AE3D801315718A742DFDC314419
:109CE00005F10A000CF0C9FFE21B92B2B82A6A80A3
:109CF000D5D8F11905F14A000CF0BFFF0120CFE7DC
:109D0000052CCCDDB6F80130CB80B6F803300B81E2
:109D10000521D4E72DE9F843036804469B6A894688
:109D20009847054610B90120BDE8F883E06E00268B
:109D300003685B6998478046464516DB606EFF21E5
:109D400003689B689847A26B4308B2EB500FEAD2B6
:109D50009B1A6422691E02FB0311B1FBF5F1204638
:109D60000131FFF7D7FE0020DEE7E06E31460368E1
:109D7000DB699847074608B90136DDE7E06E3146F2
:109D800003685B6A9847A0EB09000028F4DC3846BA
:109D9000FFF71CFF0028EFD0C5E710B50446C06EE2
:109DA00003681B68984730B9B4F8703043F001037A
:109DB000A4F8703010BD00230371438080F8023195
:109DC000F8E7C06E03685B68184710B5806E0C46F4
:109DD00003681B689847001B0028D4BF002001209F
:109DE00010BD10B5806E0C4603681B689847204470
:109DF00010BD2DE9F047036805461B680E469847DD
:109E0000044630B9E86E3146BDE8F04703685B6848
:109E10001847012817D0D5F86C8020F07F47D8F874
:109E2000003039462846D3F80890FFF7DAFF220EB3
:109E3000013A034631464046D2B2C8471FB13946BF
:109E40002846FFF767FEBDE8F0872DE9F04304469A
:109E50004FF08147C3B0606EFF22036802A95B68C0
:109E60009847061E60DD2368606ED3F8048003689F
:109E70005B6B98470546606E03681B6B98472946E5
:109E8000024602AB20460096C047E06E03681B689E
:109E900098470546002847D001463346204602AA87
:109EA000FFF7F6FE002839D0606E03685B6B9847B9
:109EB0003946E7F7E1F8E7F7BBFA85F80201D4F88D
:109EC0006480D8F800304046D3F80C905B6B98471C
:109ED000324601464046C8478046606E31460368B8
:109EE0009B689847636903446361236828469E68BA
:109EF00000F0D3FF4346024629462046B0472B7860
:109F000029469B074BBF636B236B0133013320460C
:109F10004CBF63632363FFF76CFF9CE7E06E294649
:109F200003685B68984796E743B0BDE8F0832DE986
:109F3000F843036804469B690D469847A76C06469C
:109F400022683FBBA5642046D36998472844E06453
:109F50006568236828461F6900F09FFF294602466E
:109F60002046B847E56E31462B6820469F68D4F8F6
:109F7000048094F84490FFF734FF414603464A4674
:109F80002846B8470023314620466360FFF7C2FDEC
:109F9000BDE8F883E36CEF1BEB1A002B0ADBB4F887
:109FA0007030204643F00203A4F87030D36998471C
:109FB0002844E06423682046DB6A9847B842C7D249
:109FC000606E03685B6D98472368A5642046DB6973
:109FD00098470544E564BBE72DE9F0430446806EED
:109FE000C1B003681B6898470546E06E29460368C0
:109FF0001B69984748B9E061E06E03685B69984760
:10A0000000B9A06441B0BDE8F0832046FFF7BCFD75
:10A0100029462046FFF77EFE0028F3D0606E0368D5
:10A02000DB6A98470646606E03689B6B984706B9E3
:10A0300000BB2046A169FFF7C8FE30B9A169013114
:10A04000491B2046FFF766FDDCE7E6690EB92E46A0
:10A05000E56123682046DB699847AE1B86424AD9F2
:10A06000B4F87030606E43F00203A4F870300368F7
:10A07000DB6B98470023E06EE36103682946DB6AE7
:10A08000984784F84400E06E29460368DB689847E7
:10A0900060600028B6D0092203786F468DF8003042
:10A0A00003F0030322FA03F3DB074ABF0522012270
:10A0B000C38802F1010644BFADF80130038900F105
:10A0C0000A0148BFADF803300379B8190DF8023022
:10A0D000402200F0C2FED4F804800644B8F8022002
:10A0E0009319FF2B13DDE06E414603685B689847C8
:10A0F0000023636086E7236820469B6998470146F2
:10A1000005462046FFF76DFE691CA06199E708F13E
:10A110004A01B8190CF0B1FD606EB8F802900368FE
:10A12000B1449B684946984700EB4006606EE56085
:10A130000368B6F5167FDB6A34BF4FF4967676086F
:10A140009847C0B1236820469B699847E66E014650
:10A150003368054620469F68D4F8048094F84490FC
:10A16000FFF73FFE414603464A463046B8470023C4
:10A170002946636065E7606E03689B6B984700281B
:10A18000E0D0606E03689B69984780460028D9D16B
:10A19000606E4A46036869461B69984728B94A4673
:10A1A00029462046FFF7C3FE2CE731462046FFF73D
:10A1B00018FEC4F81C80A060C4F8488022E770B57F
:10A1C00043680446002B43D0406E03689B69984760
:10A1D0000546606E03685B699847002840D0656E4D
:10A1E00060682B689E6800F058FE01462846B0471C
:10A1F00005462369034423612046FFF7C5FCA36B92
:10A20000606E9D422CBF00235B1BA3630368DB6968
:10A21000984761680A794888930902F03F0203FB76
:10A2200002222368023250FA82F2DB682046984705
:10A23000616820460B789B074BBFE36AA36A013332
:10A2400001334CBFE362A362FFF7BBFD00236360F1
:10A250002046FFF7FAFD2046BDE87040FFF7BCBE80
:10A26000EDB92046A168FFF7B0FDC0B1606E03688C
:10A27000DB69984761680A794888930902F03F02D0
:10A2800003FB02222368023250FA82F21B69204645
:10A29000984720466168FFF794FD6560D8E770BD78
:10A2A0002DE9F047054608791E460C46904600F019
:10A2B000C4FDEF6E3B6898B16288B82A10D8314669
:10A2C0002846D3F80890FFF78CFD21460346424606
:10A2D0003846C84731462846FFF71CFCBDE8F087E2
:10A2E00021463846BDE8F0475B6818472DE9F04144
:10A2F000E6B0044630A81E460D461746DDF8B0818C
:10A30000E8F742F8202230A8A9180BF098FE424640
:10A31000314630A80BF093FE10A930A80BF093FE45
:10A32000684610A90BF062FD694620460BF09FFDC0
:10A3300030A8E8F729F8214630A820220BF07FFE4C
:10A34000394630A820220BF07AFE4246314630A82A
:10A350000BF075FE20A930A80BF075FE20A908A807
:10A360000BF044FD6B462A4608A904F120000BF0CF
:10A370004EFD40210DEB01000BF01CFC2021684636
:10A380000BF018FC66B0BDE8F08110B50446202241
:10A3900000210CF098FC204610BD10B5044608467C
:10A3A00021460BF0F0FEB0FA80F0400910BD10B568
:10A3B0000446FFF7EAFF4022002104F120000CF0E0
:10A3C00082FC204610BD38B5044600F12005284621
:10A3D00020220BF0C5FE94F82030294623F0070315
:10A3E00084F8203094F83F30204603F03F0343F0D8
:10A3F000400384F83F30BDE838400BF038BD602A98
:10A4000038B50B4613D10A4603F1400400F1200190
:10A4100052F8045BA24241F8045BF9D1603352F870
:10A42000041B9A4240F8041BF9D1012038BD402A90
:10A430000DD100F120010A4603F1400453F8045BFA
:10A44000A34242F8045BF9D10BF011FDEDE70020C7
:10A45000ECE73F2A70B51ED95F2A00F1200300F116
:10A46000600407D853F8042BA34241F8042BF9D118
:10A47000402070BD1A460D4652F8046BA24245F8C2
:10A48000046BF9D1403150F8042B984241F8042B69
:10A49000F9D16020EDE70020EBE75F2A30B513D952
:10A4A00003460A4600F1200453F8045BA34242F835
:10A4B000045BF9D12031603053F8042B834241F81A
:10A4C000042BF9D1602030BD0020FCE770B5402A94
:10A4D00006460C4688B00FD100F120010B4604F16E
:10A4E000400254F8040B944243F8040BF9D130466F
:10A4F0000BF0BDFC012002E0602A02D0002008B071
:10A5000070BD01F12005294668460BF0B0FC202201
:10A51000214668460CF0EAFBB0B9294606F1200353
:10A52000603451F8042BA14243F8042BF9D16C4656
:10A530003346224603CA596008A98A421860144665
:10A5400003F10803F5D1D5E72146684604F140053B
:10A550000BF08DFC2022294668460CF0C7FB002832
:10A56000CCD106F1200354F8042BAC4243F8042B61
:10A57000F9D16A463346144603CC596008A98C4287
:10A580001860224603F10803F5D1B3E7602AF8B555
:10A5900006460D4601D00020F8BD01F120042046FA
:10A5A000E8F7F8FB471E2846E8F7F4FB98B10137B7
:10A5B000F1D12C4606F1200123460A4604F1400061
:10A5C00053F8044B834242F8044BF9D130460BF068
:10A5D0004EFC0120E0E70137DDD0EBE713B5044680
:10A5E00000930846134604F120012246FFF77EFE41
:10A5F00002B010BD30B505460C4689B0114668461C
:10A60000FBF738F86A46204605F120010BF0DBFB2A
:10A6100009B030BD0020704700207047002070470F
:10A620007047704770470020704770477047704709
:10A630007047704770477047002070470020704790
:10A6400000207047002070470020704770B5446EAE
:10A650000546236808469E6800F01FFC0146204618
:10A66000B047052204460021686F00F09CFC3423AB
:10A670005C436423B4FBF3F4604370BD08B504226B
:10A680000121406F00F08FFC7823584308BDC0F3D0
:10A69000400080F0010000F001007047FFF74FBA62
:10A6A000FFF78DBD10B50446FFF79EFAA06E036854
:10A6B0001B689847014604F18000BDE81040E8F7A8
:10A6C00083BA2DE9F0470446806E0F4603680026E2
:10A6D0001B6898478146E06E03685B69984780462F
:10A6E000464524DAE06E31460368DB699847054643
:10A6F000F8B10078FFF7CBFFD8B12846E8F742FA67
:10A70000B84216D1D4F864802846D8F80030D3F87F
:10A7100008A000F0C2FB01464046D04704F1800883
:10A72000024639464046FFF77CF9054618B9BDE8B0
:10A73000F0870136D4E7E06E3146036805EB090285
:10A740009B6A98472A4639464046FFF797F9636D5A
:10A75000002BECD02846A16DBDE8F047184770B536
:10A760000C4605468030E8F7B1FA237906469A0987
:10A7700003F03F0302FB0333686E628852FA83F1F1
:10A78000036802319B689847044600EB8000E6F7B7
:10A790001BFC3146E6F770FCE6F770FE06235C43CF
:10A7A000B4F5FA6F28BF4FF4FA64A04228BF2046E0
:10A7B0000021421C686F00F0F6FB143070BD38B504
:10A7C0000B7905469A0903F03F0302FB0333406E01
:10A7D0004A8852FA83F1036802319B68984740F235
:10A7E00091120446FA21686F00F0DDFB4FF47A7392
:10A7F00000FB04F2B2FBF3F20021686F013200F0BB
:10A80000D2FB143038BDF8B50D4600270B7901F1A5
:10A810000A0603F03F04013C23F03F031C43E4B26B
:10A820000C71A40901342B7903F03F0313FB04F3EB
:10A83000BB4200DCF8BD3046264422463146274460
:10A840000CF01BFAEFE7F8B50B78054618460C46F6
:10A85000FFF71DFF08B90020F8BDFF2BFBD00B79D7
:10A8600003F03F079B09013307FB0333402B07F13C
:10A870000106F0DC2B6828465B6C98470028EAD07C
:10A88000227905F506719209013207FB02400A3070
:10A890000CF0F3F92379204623F03F031E43267181
:10A8A000E8F770F90646A86E03681B6898473146BA
:10A8B000024605F18000FFF771F82B6821469B6C7A
:10A8C00028469847237903F03F03013340EA0360A9
:10A8D000C2E72DE9F047202B81460E4617461C465D
:10A8E00092B004D90025284612B0BDE8F087FFF7E2
:10A8F00054FA05460028F5D01022034603F84A2BE7
:10A90000324606F1200852F8041B424543F8041B66
:10A91000F9D1D9F8780005F16E0903681B689847EA
:10A920008246C5F86A001CB32246394605F1AE00DE
:10A930000CF0A3F904F164036B8033460DF1040CB1
:10A94000624618685968083303C243459446F7D1F4
:10A95000CDF824A074B1224639460AA80CF08DF92E
:10A9600004F124034946304601AAFFF737FEBAE74F
:10A970006423E1E72423F5E72DE9F04FAFB09DF81C
:10A98000E0809A4608F03F044FEA981303FB044422
:10A99000DDF8EC90064609F105032344A62B8B460F
:10A9A000174604D9002528462FB0BDE8F08FFFF7E1
:10A9B000F4F905460028F5D0202303709BF80030F9
:10A9C000514680F84A3096F81832224680F84B30CB
:10A9D0000DF101008DF8008004F1020A0CF04DF930
:10A9E00004F1B903E8460DEB0A006B44B9F1000F1E
:10A9F00012D09DF8E4203A9903F8B82C4A460CF09E
:10AA00003CF909EB0A034246384605F14C0100F0D7
:10AA100022FB02306880C6E7FF2203F8B82C736F70
:10AA200001461A68184616680422B047A31DEAE7D3
:10AA30007FB509788DF814100B9903910A9902914A
:10AA40009DF8241001919DF82010009105A9FFF7B1
:10AA500093FF07B05DF804FB2DE9F8430229074690
:10AA60000D4690461E46DDF824901DD809F11103CD
:10AA7000B82B19D8FFF791F9044690B1AD000570D5
:10AA800098F8003000F14C0180F84A3097F81832FD
:10AA9000089A80F84B304B46304600F0DCFA023022
:10AAA00060802046BDE8F8830024FAE770B50E46C2
:10AAB0001546FFF772F9044638B10C232A46314691
:10AAC00000F84A3B0CF0D9F86580204670BD2DE9AE
:10AAD000F04102F10108B8F1B80F0F4616461D46C5
:10AAE00014D8FFF75AF9044668B128232D0145F020
:10AAF0000305037080F84A50324639464B300CF05B
:10AB0000BCF8A4F802802046BDE8F0810024FAE7F2
:10AB10002DE9F0470B780546FF2B0C4690464CD0AC
:10AB2000036804F14A091B6D9847064604F10A0AB6
:10AB3000EEB949462846A278FFF7B8FF0746002835
:10AB40003BD0237904F10A0140220A3000F096F943
:10AB50003B78387123F0030343F002033B70324625
:10AB6000434639462846BDE8F047FFF799BB2B68B6
:10AB70002146DB6C2846984708F5967833464946C7
:10AB8000A27880442846FFF7A2FF074690B14022F2
:10AB9000514623790A3000F071F93B78387123F07F
:10ABA000030343F002033B70002243463946284624
:10ABB000FFF776FB013EF6B2BAE7BDE8F087F0B5E5
:10ABC00091F84A70064607F00F03032B0C46C3B0FA
:10ABD00036D14B88042B33D901AD284600F028F933
:10ABE000237840228DF8043004F10A0123790DF115
:10ABF0000E0000F043F962888DF80800013A92B225
:10AC000004F14B010DF14E00ADF806200CF035F8C3
:10AC1000F06F294603681B68984788B9F06F29468A
:10AC200003683F095B68984729463046FFF7EBFD0C
:10AC30004FF496722946304607FB0222FFF768FF61
:10AC4000002043B0F0BDB82A70B50E4615460DD8A9
:10AC5000FFF7A3F8044638B12C232A46314600F802
:10AC60004A3B0CF00AF86580204670BD0024FBE7E3
:10AC70002DE9F04117460A78064602F03C002428E8
:10AC80000D4605D129463046BDE8F041FFF799B899
:10AC90005C1EE4B2022CF5D822F0030242F001025D
:10ACA000A4010A700C71F06F03685B6898472B78F9
:10ACB000C3F38303082B10D0042B14BF01240324F7
:10ACC000336829463046DB6B984722463B182946B5
:10ACD0003046BDE8F041FFF7E3BA0224F0E72DE982
:10ACE000F0411F460B78064603F03C0024280C4632
:10ACF0009DF8185005D121463046BDE8F041FFF7D8
:10AD000060B8013DEDB2022DF5D823F003030B70BE
:10AD10001388AD01CB8053880D710B81F06F0368F0
:10AD20005B6898472278C2F38302082A10D0042A6D
:10AD300014BF01250325336821463046DB6B984755
:10AD40002A463B1821463046BDE8F041FFF7A8BA35
:10AD50000225F0E72DE9F04194460A78064622F0F4
:10AD6000030E02F03C024EF0020E242A0C461D4651
:10AD7000069F81F800E021D14B885A19B82A03DDDB
:10AD8000BDE8F041FFF71DB803F14A002A466146CD
:10AD900020440BF072FF63881D4400236580052565
:10ADA0002371F06F214603685B6898473B462A464B
:10ADB00021463046BDE8F041FFF772BA40226146B5
:10ADC00004F10A0000F05AF82578207105F03C05DE
:10ADD000A5F120035D425D41E3E72DE9F0410D78E7
:10ADE000174625F0030545F002050D7000250646BF
:10ADF0000C460D71C06F03685B6898473B462A4656
:10AE000021463046BDE8F041FFF74ABA38B504465E
:10AE1000FEF764FE0546A06E03681B68984701466E
:10AE200004F18000E7F718FFA84228BF284638BD84
:10AE30000022027002714280704700F03F038009D7
:10AE4000032800F1010206D013FB02F04028CCBF1A
:10AE50000020012070470020704738B59D0903F09D
:10AE60003F0405FB0444402C06DC944204D82246EF
:10AE70000BF003FF204638BD0024FBE713F03F0F23
:10AE800010B51C4606D11846FFF7D7FF00B90024BD
:10AE9000204610BDFFF7E1FFF8E703799A0903F0B8
:10AEA0003F0302FB033342880078023310F00300B3
:10AEB00052FA83F305D0C21E50425041800018441C
:10AEC00070470420FBE770B50478B0B0C4F3830486
:10AED000092C0D46468800F14A018DF804400FD137
:10AEE000037932460DF106008DF805300BF0C5FEF2
:10AEF000B31C0821284601AAE8F780FC30B070BDD9
:10AF000032460DF105000BF0B8FE731CF1E7002985
:10AF1000034610B51DDBD0F820418C4219DD621EBE
:10AF200050F82100C3F8202103EB8102803119443D
:10AF3000043B03EB84039A4200D110BD546842F8ED
:10AF4000044B4C7801F8014BD2F8A040C2F89C4069
:10AF5000F1E70020F1E730B5D0F82041202C0DD0EA
:10AF600040F8241000EB84050119013481F8802099
:10AF7000C5F8A030C0F82041012030BD0020FCE71A
:10AF8000A0F14103052B02D83738C0B27047A0F1B9
:10AF90006103052B01D85738F7E73038C0B20A28CB
:10AFA00028BF0020704737B5154604220C460368B9
:10AFB0000DEB02011B689847A54206D9019B2D1B8A
:10AFC000B3FBF5F205FB12331C44204603B030BD41
:10AFD0002DE9F047B4B002AC804689461E46A24631
:10AFE0001A440F2EA2EB06051ADC002E0ADD1022F1
:10AFF000002120460BF067FE2046324629460BF022
:10B000003CFE103401235146009340464B46A4EBCE
:10B010000A02E8F76DFB20EAE07034B0BDE8F08783
:10B02000234605F1100C1F4628686968083503C7D8
:10B0300065453B46F7D11034103ED2E713B50C46B8
:10B0400011461A46002300932346E8F751FB20EAF5
:10B05000E07002B010BDF8B58F1C0D4639460646AB
:10B06000FFF7B6FF044608B90020F8BD02462B469C
:10B0700039463046E8F782FB0028F5D1A01CF4E7FA
:10B08000002373B58DF80730934206D19DF8070071
:10B09000B0FA80F0400902B070BDC55CCE5C9DF88E
:10B0A000074075402C438DF807400133ECE7022B35
:10B0B0002DE9F34106460F46154617DD02F1020859
:10B0C0009C1E2246414601ABE8F758FB70B90222AC
:10B0D000294601A8FFF7D4FF40B12346424639462E
:10B0E000304602B0BDE8F041FFF7A8BF002002B033
:10B0F000BDE8F08100230144884200D1704700F888
:10B10000013BF9E7F8B5064610460D461446E6F74A
:10B1100051FAB0EB450F17D1224631468B1BAB429B
:10B1200002F1020201D30120F8BD12F8020CFFF770
:10B1300027FF12F8017C04463846FFF721FF40EA5A
:10B14000041001F8010BE9E70020EDE7F0B5044633
:10B150000020074625780DB1904208DB214614F8FF
:10B16000012B1AB19A42F9D100230B70F0BD25468C
:10B1700041F820402E782C4601351EB19E42F9D16F
:10B1800027702C460130E5E7704700207047704774
:10B190000020704700207047002070470020704753
:10B1A000808870470020704700207047704700205B
:10B1B0007047002070470020704710B503680446B0
:10B1C0009B6C984728B123682046BDE810401B6C53
:10B1D000184710BD002307B501A80193EAF70AFA42
:10B1E00000B1019803B05DF804FBE8F769BC0846BC
:10B1F000E8F792BC552008B5E8F750FC40F21B6018
:10B200000021F9F7F7F9E8F79FFC08B500F027F8F7
:10B2100040F21B600021F9F7EDF90120F0F750FE34
:10B220001346F0B4DA028768066907D513F4402F95
:10B230001EBF43F3000202F4402253401F2923F4AF
:10B2400080120AD8012534688D40DB074CBF2C439F
:10B25000AC4334603B68F0BC1847F0BC70477047A3
:10B260003E2832D00ED814282FD007D80A282CD048
:10B270000F282AD0072818BF7D2070471F2824D008
:10B280002928F8E7B0F5CB7F1AD00CD8FA281CD0C3
:10B2900006D8C82819D0CB2814BF7D20C8207047F5
:10B2A000B0F5C87FE7E7B0F54B7F0CD005D8B0F517
:10B2B000FA7F0AD0B0F5487FDDE7B0F57A7FDAE7AC
:10B2C0004FF4C87070474FF44870704783689B6DA7
:10B2D0000BB1C06818471846704790F9550A704777
:10B2E0008368DB6B0BB1C06818477047A0F104009E
:10B2F000F6E783681B6C0BB1C068184718467047A7
:10B30000A0F10400F5E78368586C00B1004770476E
:10B31000A0F10400F7E78368986C00B1004770471C
:10B32000A0F10400F7E77047406A7047806A7047F1
:10B3300008B583689B6913B1C0689847034683F0DA
:10B340000103D8B208BDD0F87409704708B5FFF7FB
:10B35000D0FF08BDD0E8AF0F704708B51830FFF731
:10B36000F9FF003818BF012008BD00F6AC30FFF728
:10B37000F1BF00F6A830FFF7EDBF00F6A430FFF7ED
:10B38000E9BF08B51C30FFF7E5FF003818BF012002
:10B3900008BD00F6A81000F0CDBD38B509F062F880
:10B3A0004FF47A74A0FB040547F61222002304FB35
:10B3B0000151E6F7D3F838BD37B505461C469DF870
:10B3C0001C3000F6A81000939DF8183000F063FDC3
:10B3D000A5F8684A34B14FF47A735C43C5F88C49D8
:10B3E00003B030BD43F69824F8E700F6A81000F04B
:10B3F000ECBED0E8EF3FC0E8E21F002AF9D1704769
:10B400002DE9F84300F5066706463846FFF7A2FF28
:10B41000044606F65C00FFF79DFFE4B2A0428846B2
:10B4200023D04FF48373634306EB0309B9F82C511F
:10B4300092B2954228BF15462C33F1182A46404651
:10B440000BF01BFCB9F92E01E5F7C2FD706299F90A
:10B450003001E5F7BDFD611CB06201F0070138461F
:10B46000FFF7C7FF2846BDE8F8830020FBE7D0E8D8
:10B47000EF3F0133C0E8E23F002AF8D1704708B53A
:10B480000021034600F12002D2E8EF0F012804D189
:10B49000C2E8EC1FBCF1000FF6D10CBF012008463A
:10B4A00004D103F6A830FFF7E2FF012008BD2DE923
:10B4B000F047099C1E469DF9208031B92AB904F64F
:10B4C000AC30BDE8F047FFF7D2BF04F65C09484650
:10B4D000FFF740FFC5B204F50660FFF73BFF6F1CA6
:10B4E00007F00707C0B287420BD104F6AC30FFF774
:10B4F000BEFFD4F8DC3A73B3D4F8E00ABDE8F047F5
:10B500001847B2F5807F28BF4FF480724FF48373E1
:10B5100092465D4305F12C00204425440BF0ADFB21
:10B5200039464846A5F82CA1A5F82E6185F830814A
:10B53000FFF75FFF3046E5F74BFD60624046E5F7F9
:10B5400047FDA06204F6A430FFF791FF606903682D
:10B55000DB699847CDE7BDE8F08710B5044600F0F9
:10B56000FCFD38B994F8AC3023B12046BDE810405A
:10B5700000F0A1BD10BD0022C068114683685B6960
:10B58000184783685B680BB1C06818476FF04F00BD
:10B59000704783681B690BB1C068184770478368A0
:10B5A0009B6B0BB1C06818471846704790F8CD3AAE
:10B5B00013B190F8D80A7047036993F87400704784
:10B5C00090F8CD3A13B190F8D90A7047036993F80F
:10B5D0007500704708B5FFF7E9FF08288CBF1020F9
:10B5E000202008BD12207047036993F94C006FF0CA
:10B5F00008039842B8BF18461628A8BF16207047FF
:10B6000008B5C06883681B689847C043C00F08BD71
:10B6100070B5044686B00A4601A9E8F7C1FD94F862
:10B62000CC2AEAB1D4F8B83A0199994218D1D4F8A1
:10B63000BC3A0299994213D1D4F8C01A039B4B40EB
:10B6400033F07F430CD1D4F8C41A049B4B4033F041
:10B650007F4305D19DF8141094F8C83A994230D030
:10B66000A3681B787BBB72B3D4F8B83A019A9A42AC
:10B6700029D1D4F8BC3A029A9A4224D1D4F8C02AEB
:10B68000039B534033F07F431DD1D4F8C42A049B5D
:10B69000534023F07F4323F0FF03A3B99DF8142008
:10B6A00094F8C83A9A420ED19DF8102094F8C43A02
:10B6B0009A4208D004F6B82401AD0FCD0FC42B6810
:10B6C000236006B070BD204601A9FFF799FF50B175
:10B6D00004F6B82601AD0FCD0FC62B6833600123E9
:10B6E00084F8CC3AEDE784F8CC0AEAE70021FFF7CA
:10B6F0008FBF0121FFF78CBF2DE9F04304468BB0CB
:10B7000000F6883900F11C064FF0FF324FF0FF338E
:10B710004846F8F763FA3046FFF71CFE0028F3D0DE
:10B7200001271022002105A804F664150BF0CBFABE
:10B730008DF821700995284602AA01A908F0E9FFB1
:10B74000DDF80480B8F1000F0BD0284608F0DEFFCA
:10B75000029B002B1EDB394604F12000FFF749FE57
:10B7600018E02046E8F7D4FC47F6122E84464146FE
:10B7700040F2E7304FF47A720023ECFB0E01E5F75C
:10B78000EDFE02460B46394605A8F9F7B1FA10F16D
:10B790000B0F12D1606903689B6998472046E8F750
:10B7A0005DFE00213046FFF724FED4F8E43A002B7A
:10B7B000AAD0D4F8E80A9847A6E788B9089B03F40A
:10B7C000FE13B3F5804F0BD1CDE90300284603AA41
:10B7D00004A908F09EFF284608F098FF039BB8E7ED
:10B7E000284608F093FFD5E710B503690446A3B1D6
:10B7F000E8F7AEFCE06808F0DCFA70B12046E8F744
:10B800002DFE204694F8791AFFF7C3FEA368DB6C7F
:10B810001BB1E068BDE81040184710BD10B50446E4
:10B82000FFF7A9FE002104F11800FFF7E2FD04F67E
:10B83000A81084F8CC1A00F07DFB2046BDE810402B
:10B84000E8F70CBE70B580F8D83A012304469DF89D
:10B8500010609DF81450C0F8D01A80F8D96AC0F86A
:10B86000D42A80F8CD3AFFF7D9FF294604F6A8106C
:10B87000BDE8704000F046BB10B590F8CD3A0446E4
:10B8800053B1002380F8CD3AFFF7C8FF04F6A810A3
:10B89000BDE8104000F044BB10BD10B50446FFF7F2
:10B8A0006AFE002104F11800FFF7A3FD84F8CC1A0A
:10B8B0002046BDE81040E8F7D1BD2DE9F04105462E
:10B8C00080680F4684681646984684B1A446E868A6
:10B8D000BDE8F041604714B1404608F045FA2846FB
:10B8E000FFF74FFE27F81400803003D00134A64242
:10B8F000F1DC34462046BDE8F08138B505460C46FB
:10B9000011B9D0F87C4954B12846FFF73AFED5F872
:10B9100074391C44A042D4BF0020012038BD204609
:10B92000FCE710B504461830FFF714FD08B90020F5
:10B9300010BD04F11C00FFF70DFD0028F7D1A3682E
:10B94000DB682BB92046BDE810400021FFF7D5BFCA
:10B95000E06898470028F5D0EAE7B2F5807F2DE946
:10B96000F84F04468946164649DCFFF7E1FC0746D6
:10B97000002844D02046FFF7D4FF054600283ED1DA
:10B98000012304F11C0ADAE8EF2F002A03D1CAE8E8
:10B99000E13F0029F7D132D1294604F12000FFF719
:10B9A00028FD606904F6640803685B699847FFF73F
:10B9B000F4FCC4F8B40A2046FFF79BFE4946324621
:10B9C00040460BF05AF904F66419A4F8A26B4846F5
:10B9D00008F09CFEE068324683684146D3F80CB01C
:10B9E0004B46D84700280EDA606903689B69984780
:10B9F00050462946FFF7FDFC2046E8F72FFD0027BB
:10BA00003846BDE8F88F294604F11800FFF7F1FC2D
:10BA100004F68830F8F7AAF8F2E72DE9FF47C0F8F6
:10BA20007C190446FFF7B9FC002304F5186A84F872
:10BA30009339D4F88029DAF804300D4652EA03012C
:10BA4000064603D0964275EB03030FDB94F8883962
:10BA5000012B0ED9002384F88839D4F88C399B192E
:10BA600045F10005C4F88039CAF8045004B0BDE8B7
:10BA7000F087013384F8883941F28833F31845F1AF
:10BA80000002C4F8803904F11800CAF80420FFF756
:10BA900061FC0028EAD004F11C00FFF75BFC0028E1
:10BAA000E4D12046FFF744FC804628B9D4F89C3AFC
:10BAB0000133C4F89C3AD9E72046FFF732FF074626
:10BAC0000028D3D12046E8F7D1FB814606F069FC77
:10BAD0000A23B9FBF3F292B2012A38BF012202F223
:10BAE000A733B3FBF2F3D4F89429801AB0EB031F09
:10BAF000BCD3082269462046FFF7DFFE002805DA9E
:10BB0000D4F8983A0133C4F8983AAFE7D4F8901AC9
:10BB100007280144C4F8901A05DCD4F8943A01339C
:10BB2000C4F8943AECE76A463846D4F88C399B1945
:10BB300045F10005C4F88039CAF8045084F88879C2
:10BB400032F9026F0346154635F902CC664503DA31
:10BB5000013B25F802C9F7D204AD013005EB4303E0
:10BB6000072823F80E6CEBD1BDF90EE0BDF900C03B
:10BB7000D4F89C09BDF90820BDF90630E645AEEBC6
:10BB80000C060644134408BFD4F8A009D4F8982939
:10BB900008BF013002F1010203EBD37308BFC4F800
:10BBA000A009B2F5005F4FEA6305C4F8982943F392
:10BBB0004F03C4F89C691CD35208C4F89829D4F8E0
:10BBC000A02976085208C4F8A029D4F8942A490874
:10BBD0005208C4F8942AD4F8982AC4F89C695208E8
:10BBE000C4F8982AD4F89C2AC4F8901A5208C4F8C9
:10BBF0009C2AD4F87469A4F890393EB106F107087C
:10BC00004545CCBF4FF000084FF00108012284F8F1
:10BC10009329B4F98C2A84F892899A4231D194F804
:10BC20008E3AFF2B02D0013384F88E3A2046E8F793
:10BC30001DFB0A23B0FBF3F39BB23E2B66D040F210
:10BC4000752290422AD8142B63D0D1281DD80A2BF4
:10BC500062D00F2B63D0072B14BF6FF07A036FF005
:10BC60008603002E70D1AB42B8BF2B466FF0310275
:10BC700084F878699342D4BFC4F87439C4F874293D
:10BC8000F4E6A4F88C3A0023CEE71F2B4AD0292BE8
:10BC900014BF6FF07A036FF07F03E2E7B3F5CB7F59
:10BCA00043D040F6E572904216D8FA2B40D040F6C9
:10BCB000CD12904208D8C82B3DD0CB2B14BF6FF0CB
:10BCC0007A036FF07803CCE7B3F5C87F14BF6FF049
:10BCD0007A036FF07503C4E7B3F54B7F2ED041F6BE
:10BCE000C17290420AD8B3F5FA7F2AD0B3F5487FE3
:10BCF00014BF6FF07A036FF07203B2E7B3F57A7F87
:10BD000014BF6FF07A036FF07103AAE76FF07D0341
:10BD1000A7E76FF08203A4E76FF08503A1E76FF058
:10BD200083039EE76FF080039BE76FF0750398E74E
:10BD30006FF0770395E76FF0780392E76FF0720387
:10BD40008FE76FF074038CE794F87829072A84BF93
:10BD500002F00F07B7FA87F702F1010188BF7F09E8
:10BD6000072A84F8781905D927B906F10D029542FA
:10BD70003FF77CAEAD1B002DCCBF04226FF0030259
:10BD8000AD1848BF073506EBE5069E42B8BF1E4614
:10BD90006FF031039E42D4BFC4F87469C4F874399B
:10BDA00064E638B500F11805044680F8781A28468C
:10BDB000FFF7D0FA58B12046FFF7DDFB28460021F7
:10BDC000FFF717FB2046BDE83840E8F747BB38BD12
:10BDD00008B503468068006938B183F8791A03F121
:10BDE0001800FFF7B7FA08B9012008BD1846FFF799
:10BDF000D0FBF9E783685B690BB1C0681847184648
:10BE0000704708B583681B6D23B1C0689847C0436D
:10BE1000C00F08BD1846FCE7802310B50022016062
:10BE200080F8B230002100230446C0E92E23C0F878
:10BE3000AC10A0F8B010A82204300AF044FF20464D
:10BE400010BD38B50546006803681B68984704466E
:10BE5000286803685B68984734B128B1E31F8342C0
:10BE600002DC001B40B238BD6FF00700FBE738B5BD
:10BE70000546006803681B689847044628680368FD
:10BE80009B6898472CB120B1001B0B2801DC40B205
:10BE900038BD0C20FCE72DE9F047054698460F46D3
:10BEA00091469DF82060FFF7CCFF04462846FFF737
:10BEB000DEFF8246286803681B6898474EB140B190
:10BEC000B0421FBF09EB0602121A02F307024FFA33
:10BED00082F94C45B8BF4C4661B25145A8BF5146A6
:10BEE000286849B285F8AC7085F8AD1085F8B08047
:10BEF000036895F8AF20DB680AB195F9AE10BDE88C
:10BF0000F047184751B990F9AD10012380F8AE10F1
:10BF100080F8AF3000680368DB6818470021F4E759
:10BF20000022034680F8AF20006893F9AD10026844
:10BF3000D2681047A82210B50021044604300AF048
:10BF4000C2FE002384F8B1308023002284F8B2308E
:10BF50000023C4E92E2310BD00F1A8028388083015
:10BF60005B0820F8043C30F8023C5B0820F8023CF7
:10BF700003885B08038043885B0843809042EDD1CF
:10BF8000704738B590F8B13090F8AC200133DBB28F
:10BF9000054690F9AD4080F8B1306AB9221DD2B2A1
:10BFA000082A07D80922B3FBF2F202EBC2029B1A5D
:10BFB000043B5CB2204638BD03F00303012B09D0DB
:10BFC000032B0AD02846FFF73CFFA04207DD95F976
:10BFD000AD40EFE7013C64B2F4E70134FBE72846EB
:10BFE000FFF745FFA042F2DBE4E74FF6EF7310B531
:10BFF00000EBC1011446B1F844209A4201D9FFF781
:10C00000ABFFB1F844300133A1F8443024B1B1F8AA
:10C0100046300133A1F8463010BD90F9B230012905
:10C020004FEAC303034408D1B3F84A200132A3F80E
:10C030004A20802380F8B2307047022905D1B3F836
:10C0400048200132A3F84820F3E7B3F8442012B1A6
:10C05000013AA3F84420B3F84620002AE9D0013A77
:10C06000A3F84620E5E714290BD800EBC10083882C
:10C07000772B06D94FF47A7200895043B0FBF3F066
:10C0800070474FF0FF30704714290BD800EBC10008
:10C090008388772B06D94FF47A72C0885043B0FB5F
:10C0A000F3F070474FF0FF30704780F8AD10006834
:10C0B0000368DB6818472DE9F84F90F9ADA00446F6
:10C0C0000AF10801FFF7CFFF411C054643D00AF1F2
:10C0D00009012046FFF7C7FF0AF1070B594607463B
:10C0E0002046FFF7C0FF0646204694F8B080FFF7D1
:10C0F000BEFE824594F9AD900CDA7A1C0AD0EF1B93
:10C10000312F07DD09F101012046BDE8F84F49B2A2
:10C11000FFF7CBBFB8F1000F1BD059462046FFF701
:10C12000B3FF08EB4808B0EB480FD4BF0127002746
:10C130002046FFF786FE48450DDA731C0BD0761BB0
:10C14000312E08DC322D06DC2FB194F8AD10013908
:10C15000DAE70127ECE7BDE8F88F38B5044690F937
:10C16000AD50FFF784FE85422ADA94F9AD1001F153
:10C170000803142B24D804EBC103B3F84420FAB10C
:10C180004FF47A70B3F8463094F8B0504343B3FBA1
:10C19000F2F3B3F5617F28BF132A8CBF0120002082
:10C1A00085B1772A0ED920B905EB8505B3EB450F8C
:10C1B00005DD0131204649B2FFF777FF012038BD88
:10C1C0000020FCE70028F4D1F9E770B590F8AF3013
:10C1D0000446B3B190F9AE6000F1AE052046FFF71A
:10C1E00046FE864215DA2B7801332B70206894F8CE
:10C1F000AF200368DB684AB194F9AE10984701207C
:10C2000070BD90F9AD6000F1AD05E7E794F9AD10B0
:10C21000F4E70020F4E738B508F024F94FF47A7415
:10C22000A0FB040547F61222002304FB0151E5F7A9
:10C2300095F938BD704770B5044608F013F94FF40E
:10C240007A75A0FB050647F61222002305FB016163
:10C25000E5F784F94FF47A720023E5F72FF9A36824
:10C26000184470BDF8B505460C4608F0FBF84FF4CD
:10C270007A76A0FB060747F61222002306FB01711F
:10C28000E5F76CF94FF47A720023E5F717F9241AF1
:10C29000AC60F8BDFFF7E6BF70B5C0B00446002142
:10C2A0004FF4807268460AF00EFD6D4600200121B1
:10C2B000631E3F3413F8012FAE5C0EB9A954013050
:10C2C000A342F7D140B070BD70477047002070475F
:10C2D00000207047002070477047704770474FF448
:10C2E0009670704770470020704708B520220021E3
:10C2F0000AF0E9FC002008BD70470023036043609A
:10C3000083607047704770477047002108B5084642
:10C31000E8F7AEFC00210846E8F7AAFC0021084631
:10C32000E8F7A6FC00210846E8F7A2FC012100205E
:10C33000E8F79EFC01210020E8F79AFC012100208B
:10C34000E8F796FC02210020E8F792FC0321002088
:10C35000E8F78EFC02210020E8F78AFC0221002089
:10C36000E8F786FC04210020E8F782FC0521002084
:10C37000E8F77EFC05210020E8F77AFC002008BDE4
:10C3800070470020704708B5FFF7A0FFFFF7BDFF1B
:10C39000012008BD08B5FFF79BFF08BDFFF798BF58
:10C3A0002DE9F84F9DF8287090F8C15090469A46B4
:10C3B00090F8C020EB190133934204460E469DF8D5
:10C3C00030B03ADA00215046E4F7F4FF002836D0C6
:10C3D0000AF100490B98E4F7F7FD4946E4F74CFEF3
:10C3E0004FF07C51E4F740FDE5F748F88146BBF19A
:10C3F000000F12D000215046E4F7DCFF68B1032F94
:10C4000097BF01234FF0FF33FA00934098BF03F129
:10C41000FF3323EA090303F10109002204F8058030
:10C42000AB1C0135EDB257FA83F36655E1180132C2
:10C43000D0B2874205D284F8C130BDE8F88FD1462A
:10C44000C8E701F8019D4FEA1929F0E7F0B5044665
:10C4500020B30020235C261803B31A061FD503F16E
:10C460003E02D2B21D2A1CD903F12002D2B20F2AF9
:10C4700019D903F11002D2B2042A0FD8042200EB1A
:10C48000020C8C450AD8B6460127BA420DD1032AC0
:10C490001BD1E02B727812D19F2A14D8F0BD012253
:10C4A000EDE70222EBE70322E9E71EF8015F002D2A
:10C4B000F4D005F0C005802DF0D10137E5E7ED2B74
:10C4C00001D19F2AEAD86046C4E7042AFBD1F02BA9
:10C4D000727801D18F2AE0E7F42BF4D18F2AF1E7AB
:10C4E000F8B5037806460B7042780C468AB30925E6
:10C4F00043F010030B708368C1F80130C368C1F8C2
:10C500000530338A33B1237843F020032370338A14
:10C5100063530235738A33B1237843F040032370A9
:10C52000738A63530235706888B103787BB1C5F1B3
:10C530002001FFF78BFF074648B12378024663F0DE
:10C540007F032370601971680AF097FB3D44E8B2DD
:10C55000F8BD0125D5E7002370B50446C0E90933CD
:10C560000360C3624AB30878C306207027D5082A3F
:10C5700023D9D1F801306362D1F80530A3620923D1
:10C58000860608D5012B0CBF03250B25AA4214D320
:10C59000CD5A0233A585450606D59D1CEEB2B242A2
:10C5A0000BD3CB5AE3852B46000604D5D51A1F2D95
:10C5B00007DC002D06DC01236370204670BD0123DB
:10C5C000DEE71F252A461944A01C0AF056FB00236B
:10C5D0002544AB70EFE770B50E46154600214FF4C9
:10C5E000407204460AF06FFB00230022C4E9C23304
:10C5F000C4E9CC33C4E9CA3384F81033C4F8143323
:10C6000084F81833C4F81C3384F82033C4F8243376
:10C610000023C4E9CE23C4F8006384F8045370BD3A
:10C62000F8B50D46044600F54077E37D26462BB16C
:10C630000822294620460AF059FB18B11834BC429A
:10C64000F3D100263046F8BD0B69D21AB2F5616FFE
:10C6500005D3888A012894BF00200120704700205C
:10C6600070472DE9F04F0D460024ADF5157D9B4632
:10C670009DF87832002102921822039382462646C2
:10C680000AF021FB294605F54073019314AF5A4681
:10C690002846039BE8F768FCB0B3CB688A68ABEB2D
:10C6A00003039B184FF000024FF00F004FF0960E5F
:10C6B00042EB020C029A01369B1A8A7D6CF1000C47
:10C6C00012FB00E20020B3EB0209C84607EBC40EE0
:10C6D0006CEB000947F83480CEF804904FF0010E5F
:10C6E000D2184FF0FF330DF1100808F804E004F100
:10C6F000010E07EBCE0940EB0C0047F83E2008F88E
:10C700000E30C9F804000234019B18319942BED1A1
:10C71000F3B203938AF80130002E3BD014AA01260D
:10C72000104604ABCDE90133B44238DC0022134695
:10C7300016461146944264D150F8335000EBC302C0
:10C74000013350F83310546800EBC30201238AF818
:10C750000030039BF6B252689B1B8AF802606E1889
:10C7600044EB02008AF80330C30F9B1940F100002C
:10C770005B08491B43EAC07362EB04024010CAE93C
:10C780000230D30F5B1842F100025B0843EAC27328
:10C79000CAF8103050460DF5157DBDE8F08F0299AE
:10C7A00052F8088F11F9013FD2F804E00F460291C8
:10C7B00011469C46731E51E9029BC8457EEB0B0552
:10C7C00007DBF34508BFC1450DD117F9015C65458D
:10C7D00009DAC1E9009B17F8019C013BA1F10801AE
:10C7E00007F80199E7D2013314AD14A945F8338055
:10C7F00001EBC30104ADC1F804E005F803C0013644
:10C8000092E7019D15F9017B002F0195394403DD65
:10C810008E42BCBF13460E4601328BE70123C0F89F
:10C820000C1380F81033C0F8141380F818337047D5
:10C830000123C0F80C1380F81033C0F8141380F8EB
:10C840001833704710B502999DF80C40C0F81C13BE
:10C85000012180F82013D0F82C130131C0F82C13DB
:10C8600024B1D0F830130131C0F83013C0E9CE2321
:10C8700010BDF8B5D1F8087306460C46AFB19F421B
:10C8800017D803F56175C1F80853D1F82453013561
:10C89000C1F82453E8F720FC3378012B02BFD4F809
:10C8A00028330133C4F8283308E003F56175C1F873
:10C8B00008533022002130460AF005FA3046F8BD10
:10C8C0002DE9F04305460E468FB007F0CBFD4FF43F
:10C8D0007A74A0FB040747F6122204FB01710023BF
:10C8E000E4F73CFE4FF47A720023E4F7E7FD336887
:10C8F00007461B68304698473B4602460446294691
:10C9000002A8FFF7B6FF9DF80830022B0CD1DDE935
:10C91000049895F804335BB1B8F1000F08DAD5F844
:10C9200034330133C5F8343300200FB0BDE8F08351
:10C930006FF0010014EB090148F100034A1E43F1B6
:10C94000FF3390424FF000029A41EDD333683046F6
:10C950005B6898470520EFF741FA9DF818302846A4
:10C96000CDE900734A464346FFF76CFF0120DCE740
:10C9700010B50A460446E8F79FFB30B1D4F80C0323
:10C98000C2F5132101F52861084410BD704710B5A8
:10C990000C46D1E9001202F068FF031E04DB606858
:10C9A000C31A5842584110BD0020FCE7002313B5BC
:10C9B0000446CDE90033684601A9F0F793FB10B1B6
:10C9C000002002B010BD01980028F4D02146E4F701
:10C9D000DFFD0028EFD10120F3E700B5C3B06946C1
:10C9E00002F0FEFFB0FA80F0400943B05DF804FBAE
:10C9F00010B50446FFF7F1FF30B1204602F08DFF7D
:10CA0000B0FA80F0400910BD0120FCE77FB51D465B
:10CA100000230C4616460146012201A8CDE9013348
:10CA20008DF80C3002F0A5FE002802DA002004B0D8
:10CA300070BD2146324601A802F00BFF044601A852
:10CA400002F0F5FE002CF1DB01202C60EFE7F8B5D9
:10CA500005460E4617460024BC4207D02B682846E0
:10CA60009B68315D984708B10134F5E72046F8BD71
:10CA700070470020704707B503688DF80710012242
:10CA8000DB680DF10701984703B05DF804FB002057
:10CA900070474FF0FF3070474FF0FF3070477047DE
:10CAA000F8B5054616460C468F18BC4202D095F8DC
:10CAB00058300BB93046F8BD2B6828469B6814F8EF
:10CAC000011B9847F1E7002070474FF0FF30704797
:10CAD0004FF0FF3070477047704738B505464068E3
:10CAE000144602F0C2FE031E01DBA34203D0002263
:10CAF00023EAE3742A72204638BD10B50446542157
:10CB000002F0C4F9204610BD10B504460C2102F015
:10CB1000BDF9204610BD10B504465C2102F0B6F9FF
:10CB2000204610BD38B5D0E912329A42044611D3DE
:10CB300090F8505055B900F108014022406802F0C9
:10CB400088FE002804DC012384F85030002038BD22
:10CB5000C4E912050120FAE710B50446FFF7E2FF29
:10CB600018B1E36C1C44207A10BD4FF0FF30FBE796
:10CB700010B50446FFF7D6FF28B1E36C5A1CE264F7
:10CB80001C44207A10BD4FF0FF30FBE738B590F819
:10CB9000583004460D463BB10430FFF7E9FFA84288
:10CBA0001CBF002384F85830012038BD10B504465E
:10CBB000FFF7B8FF10B1D4E91203C01A10BD38B5A1
:10CBC000044615460846D4E9012191420BD2521A77
:10CBD000AA4228BF2A46236819440AF04EF8A368DF
:10CBE0002B44A36038BD0022F5E78079704700230D
:10CBF0008371704703689B68184770B505460C46FB
:10CC0000084649B1E4F7D6FC2B680246214628467F
:10CC1000BDE87040DB68184770BD08B5FFF7EDFF51
:10CC200008BD10B5C279044652B10023C371A3797F
:10CC3000072B66D8DFE803F013214B9E7CB21C1A49
:10CC4000006803681B69984708B9002010BD206878
:10CC500003685B699847021EF7DBD2B2E7E77B2ADD
:10CC600040F0A28001230320A371EFE77D2A0AD0C0
:10CC70002C2A02D10123A37115E0617929B97D2AFB
:10CC80000DD10723A3710420E0E73A2A0DD1002338
:10CC900021440B72637102230120A371D6E7104671
:10CCA000E9F796FF18B10520D0E70E2929D822F020
:10CCB0002003413B192B05D9A2F13003092B01D9DF
:10CCC0005F2A1ED14B1C214463710A72EBE7617924
:10CCD00051B91046E9F77CFF0028E4D1222A01D19E
:10CCE0000323C8E77B2ABDD0A2F13003092B0BD95F
:10CCF000A2F16103192B07D9A2F12D03012B03D94E
:10CD000049B94FF0FF30A1E77E29DBD91046E9F79A
:10CD10005FFF20B9F5E72C2A01D07D2AF6D1002348
:10CD20002144E2710B72637105230220A3718DE728
:10CD30006E2A08D163797E2BE3D85A1C62710A22CD
:10CD400023441A72CCE7722A07D163797E2BD8D894
:10CD50005A1C627123440D22F3E7222A03D05C2A75
:10CD600001D02F2ACDD163797E2BCAD8591C61718D
:10CD70002344E6E7222A05D10022637923441A726C
:10CD80006271D1E75C2A01D1042374E763797E2BB9
:10CD9000B7D8591C234461711A7284E72C2A3FF4D6
:10CDA00069AF7D2A3FF46DAF1046E9F711FF002807
:10CDB0007FF479AFA5E7F0B5002401250746C5B09B
:10CDC00001AE8660316086F8085174603472304676
:10CDD000FFF727FF031E0BDC0CB9013302D1002340
:10CDE00086F80831002396F80801BB6045B0F0BD15
:10CDF000013B032BEBD8DFE803F0020A101506EB2A
:10CE0000041303A903F18800E4F7CCFBDFE73B68D8
:10CE10007D7138461B689847D9E7062CDFD8013466
:10CE2000E4B2D4E7002CDAD0013CF9E700207047E7
:10CE30000346F0B5A1B142791D68B1FBF2F12A8831
:10CE400088B28A422DD91B7903F10042013A35F8A4
:10CE50001220824204D20124AF1EE2B2934201D8D2
:10CE600000201BE0621C37F81260864217D85A1E59
:10CE70006423881BB3FBF2F1484304F1004114FB27
:10CE800003F3013935F81110B3FBF2F3891B89B2B2
:10CE9000B0FBF1F0C3F164031844C0B2F0BD144616
:10CEA000DBE76420FAE70120704790F81F03704722
:10CEB00090F817037047406E0368DB6D1847A0F5C4
:10CEC0001E70F8E7406E03689B6D1847A0F51E7052
:10CED000F8E737B50446406E94F8C023036894F829
:10CEE000B613019294F8B9230039009218BF0121BA
:10CEF00094F9B7231D6C94F8B833A847606E0368A3
:10CF0000DB6C984784F8B703606E03685B6C9847E6
:10CF100084F8C00303B030BDA0F51E70D9E7406EA1
:10CF200003681B6D1847A0F51E70F8E7036880F8CA
:10CF3000B713D3F8A430184780F89812704780F8D8
:10CF40002010704700F5067070476038704700F594
:10CF50003D500830704700F5335010307047C0F82E
:10CF60001412704740F8641C7047704770B504464F
:10CF7000154603685B699847606E03681B6B9847AA
:10CF8000606E2946BDE8704003689B6818470368D7
:10CF90005B6918477047F0B500F58053D3F87458B3
:10CFA00000230246A027184602F27446AB4200DB7B
:10CFB000F0BD07FB03F491F800C0345DA44502BF47
:10CFC00000F6B23442F8243001300133EEE7704706
:10CFD0007047426E93681B6A0BB1D06818471846B9
:10CFE0007047A0F51E70FFF7F4BF02F6B23250F89A
:10CFF0002230002B12DB00F58052D2F874289342C5
:10D000000CDAA02202FB030000F2D64300F2F64045
:10D0100053F8042B834241F8042BF9D170472DE9D2
:10D02000F041054688464FF4FA6117461E46FCF764
:10D03000D8FE9DF8183005F5005484F8C53E4EF62C
:10D0400060230799C4F8B40E59432846C4F8BC8E2F
:10D05000C4F8C07E84F8C46E01F5FA61FCF7C1FE25
:10D06000C4F8B80EBDE8F081A0F51E70FFF7D7BF79
:10D07000A0F51E70EAF736B9A0F51E70EAF742B9BE
:10D0800038B502F6B23250F822400546002C19DBC2
:10D0900000F58052D2F87428944213DAA022544347
:10D0A00004F2964040229DF8143004992844FDF77C
:10D0B000E5FE2C4484F89504A86F03681B68984724
:10D0C000C4F8FC04002038BDA0F51E70EAF72AB9A8
:10D0D000FDF745BBFDF773BB70B50B7800F5005647
:10D0E00003F003035A1E5342534186F804350B786C
:10D0F000044613F003030D460CD1012200F5DC5069
:10D1000001F066FAC6F8000529462046BDE87040E1
:10D11000E5F7A0BE012B06D1337CDB0703D400F575
:10D1200000500C30EEE70020ECE7002138B500F5A8
:10D130000055698700F58053B3F8843B044600F539
:10D140001350AB861C22243009F0BDFD012304F5E9
:10D1500012543C34C5F8E04485F8503538BDA0F58C
:10D160001E70FFF7E2BFD0F8800208B101F02EB9BF
:10D170007047A0F51E70FFF7F6BF406EFEF728BEA1
:10D18000A0F51E70FFF7F9BF406EFEF73ABEA0F59E
:10D190001E70FFF7F9BFD0F880120022043100F5AD
:10D1A000DC50EBF74FBFA0F51E70FFF7F4BFD0F8CF
:10D1B000800208B1EBF78CBC7047A0F51E70FFF73A
:10D1C000F6BF13B5406E90F8CD4A2CB901949DF886
:10D1D00010400094FEF736FB02B010BDA0F51E70A3
:10D1E000FFF7EFBF0146D0F8800218B101F52871B2
:10D1F000EBF7BABC7047A0F51E70FFF7F3BF406EA7
:10D20000FEF7F8BDA0F51E70FFF7F9BF8030E5F717
:10D210005DBDA0F51E70F9E78030FCF744BCA0F5B9
:10D220001E70F9E710B4044600F51450053031B112
:10D230000246012304F5DC5010BC01F09BB910221A
:10D2400010BC09F040BDA0F51E70FFF7EBBFA0F5C4
:10D250001E70EAF7C1B8F8B50546806E03681B6812
:10D26000984706462846FDF7D1FDD5F89432044686
:10D270002BB19B1B23EAE373984228BF1C46D5F8C9
:10D2800090322BB19B1B23EAE3739C4228BF1C46C0
:10D2900005F50052D2F8B43E2BB19B1B23EAE37391
:10D2A0009C4228BF1C46D2F8B83E2BB19B1B23EAF8
:10D2B000E3739C4228BF1C46D2F854352BB19B1B0C
:10D2C00023EAE3739C4228BF1C4695F8B533EBB1C3
:10D2D00007F0C8F84FF47A76A0FB060747F612224B
:10D2E000002306FB0171E4F739F900234FF47A7249
:10D2F000E4F7E4F805F54055D5F8503298422EBFD2
:10D300000020181A7043844228BF04462046F8BD06
:10D3100009230178024601F00301CB4013F001001C
:10D3200007D0D38823B91089B0FA80F0400970473C
:10D3300000207047C0F3400080F0010000F00100C1
:10D340007047704770477047A0F51E70EAF7B4B891
:10D3500010B5036804461B6898476368834228BF7A
:10D36000581C606010BD0EB410B5ABB02DAB53F8B7
:10D37000042B0446A02102A80193FBF797FD021E8F
:10D380000CDB23689F2A28BF9F222046DB6802A966
:10D3900098472BB0BDE8104003B070470020F8E775
:10D3A0002DE9F047074600F5A05588B0041D043567
:10D3B0002046A034FCF7E9FFAC42F9D14FF0000859
:10D3C0004FF0FF0A07F5A15907F1260409F10609F4
:10D3D0006E46A4F122056846FCF7D7FF0FCE0FC5B5
:10D3E00096E80F0085E80F0004F8028C04F801AC01
:10D3F00040220021204609F066FC2022002104F191
:10D40000400009F060FCC4F86280C4F8668004F152
:10D410006A0014220021A03409F055FC4C45D7D1F4
:10D42000384607F58053C3F8048408B0BDE8F08798
:10D43000D0E9012313448B4209D9838901339BB27C
:10D4400083810088984234BF002001207047012367
:10D45000816083811846704770B5064688B03546AE
:10D460006C466846FCF791FF0FCC0FC594E80F009F
:10D4700085E80F000023C6E9083386F8283008B095
:10D4800070BDF8B50E46174600F5155500F5375432
:10D49000183530343A463146284609F027FC10B991
:10D4A0002846FFF7D9FF2C35A542F3D1F8BDA0F5EA
:10D4B0001E70FFF7E6BF83685B6A0BB1C068184750
:10D4C000704738B504460023456E05F6A432D2E80D
:10D4D000EF1FC2E8E03F0028F9D105F6A832D2E8F4
:10D4E000EF1FC2E8E03F0028F9D105F6AC32D2E8E0
:10D4F000EF1FC2E8E03F0028F9D1AB685B6D0BB1CC
:10D50000E86898472846FFF7D6FF0023E26FC4E992
:10D510000C33C4E90A33A4F87030C2F80C35C2F8F1
:10D52000083538BDA0F51E70FFF7CBBF08B5406EBB
:10D53000FFF7C1FF08BDA0F51E70FFF7F7BF2DE98B
:10D54000F84F00F51555183507460C469146984694
:10D550002E464FF0FF3B00F5375A0AF1300A2022E1
:10D560003146204609F0C2FB30B3736A9B4588BF41
:10D57000354606F12C0688BF9B465645EFD12B4613
:10D5800004F120021E4620686168083403C69442F4
:10D590003346F7D1C5F82090B86F03681B689847E9
:10D5A0004FF0814168624046E3F766FDE3F740FFD4
:10D5B00085F82800BDE8F88F3546E0E72DE9F0430F
:10D5C00005468FB008460C4616461F46FFF7A0FEDC
:10D5D00000BB94F8049006F045FF4FF47A7CA0FB62
:10D5E0000C0E47F6122200230CFB01E1E3F7B6FF15
:10D5F0004FF47A720023E3F761FF05F53D5809F017
:10D600003F0908F1080800904B463A46314640462B
:10D61000E7F7BCFC23799B0620D12046FFF778FE74
:10D62000E0B99DF85C20169902A8FEF794FF9DF8DA
:10D6300009309BB19DF8083003F00F03022B0DD188
:10D6400094F90201E3F7C4FC4FF07A51E3F714FDBB
:10D650003A46034631462846FFF771FF0FB0BDE852
:10D66000F083F0B591F84A30044603F0F002802AC6
:10D670000D468BB04DD14B88052B48D990F8ED6203
:10D68000002E44D1806F03681B689847014604F55B
:10D6900014501830FFF7CCFE002838D06A8895F86F
:10D6A0004B30092A78D85B0731D5D4F83033B342F0
:10D6B0002DD39221EA6C95F84A308DF8001095F838
:10D6C0000211CDF802208DF8011003F0010304F5DA
:10D6D00006720DF1060104F50E7052F8045B8242E9
:10D6E00041F8045BF9D1002B0CBF26220E226946BB
:10D6F0002046FDF7A8FA054648B1236801469B6C11
:10D7000020469847294682002046FDF766FB0BB06D
:10D71000F0BD902AFBD14A88052AF8D903F00F03FF
:10D72000022BF4D1252AF2D900F50056D6F8483557
:10D73000A3B3D6F84C15FCF748FB78BBEB6CD6F8D6
:10D7400048259A42E3D16A4605F1500305F1700776
:10D75000164618685968083303C6BB423246F7D1EB
:10D760002022684604F5067109F0C0FA0028CED0E0
:10D77000A06F03681B689847064695F90201E3F716
:10D7800027FC4FF07A51E3F777FC324603466946AF
:10D790002046FFF7D4FEBAE72E6D84E70023C6F8D3
:10D7A0004835B4E72DE9F04F8FB09946189F9DF8A2
:10D7B0006430054600933B7888461646002B00F0FF
:10D7C00087801022002102A809F07DFA1022002192
:10D7D00006A809F078FA102200210AA809F073FAC5
:10D7E0000F21384609F0D5FA05F536740246394658
:10D7F00002A809F042FA0F21204609F0CAFA214690
:10D80000024605F53E7406A809F037FA0F212046B6
:10D8100009F0BFFA214602460AA809F02EFA1022A2
:10D8200006A902A8FDF72CFC074610220AA902A8A7
:10D83000FDF726FC002F7DD0032705F58E6A002218
:10D840004146504600F014FED0F8843004464B4563
:10D850007CD200F16208202290F820B03146404688
:10D8600009F044FAC4F884900190A86F016809682F
:10D87000884794F82010C4F8880001F003000328BA
:10D880001CBF21F003010F43019A18BF84F82070D8
:10D8900006F1200156F8040B8E4248F8040BF9D12A
:10D8A00094F8201001F0030003281AD18B4500D111
:10D8B000BAB1D5F8801205F5005600294AD00022E9
:10D8C00050460431EBF736FA0023C6F8543508E029
:10D8D000202200F58E6000F0AFFD044600283FF4E2
:10D8E00070AF009B13B1FF2384F82130A86FFFF7BE
:10D8F0002FFD002305F58056C6F86009A6F86439A7
:10D9000094F8203005F5CB5103F00303DA1E53429F
:10D91000534186F8663994F82030042286F8673936
:10D92000686F083103681B68984702230D2086F84A
:10D930006C390CE0002880D1A86F03681B689847F9
:10D94000014605F514503830FFF772FD00200FB086
:10D95000BDE8F08FD6F85435002BC2D141F28831A2
:10D960002846FCF73EFAC6F85405BAE72DE9F3411C
:10D970000546806F1F46036890461B68089C9847C1
:10D98000014605F514502830FFF752FD30B344B37B
:10D990003B7805F5805686F8583A53B105F5D050D6
:10D9A000621E791C1830FDF769FA10B9FF2386F85A
:10D9B000583AC6F86089A86F03681B689847002327
:10D9C00005F5CB51C6F86409AC2200930831012358
:10D9D00005F5DC5000F0E5FE0830C0B202B0BDE84D
:10D9E000F0812046FAE72DE9F0410446806F1F469A
:10D9F000036890461B68069D9847014604F514503D
:10DA00002830FFF715FD18B325B33B7804F5805691
:10DA100086F8583A53B104F5D0506A1E791C183074
:10DA2000FDF72CFA10B9FF2386F8583AC6F860893A
:10DA3000A06F03681B6898470023C6F8640986F83E
:10DA4000683994F8ED3213B1802386F868390920DB
:10DA5000BDE8F0812846FBE710B5044688B000F524
:10DA6000C3506A4602211830E4F77AF86A46034642
:10DA700004F506712046FCF72CFF08B010BD2DE917
:10DA8000F843904600260C7901F10A054FEA9419F3
:10DA900009F1010904F03F0400F506773CB918F8D4
:10DAA0000900B0428CBF00200120BDE8F8834A463F
:10DAB0003946284609F01AF908B90136F6B2013C90
:10DAC000E4B24D44EAE74FF4906330B5044685B0C4
:10DAD000406FADF80430036804221B680DF10601A5
:10DAE0009847DDF8063004F50055C5F848354EF680
:10DAF00060212046FCF775F9C5F84C05002501A901
:10DB00000A222046CDF80A50FDF79DF8014618B1CB
:10DB10002A462046FDF761F905B030BD70B50446D0
:10DB2000C0F88012FCF7BAFDD4F80C33D4F8801298
:10DB3000C4F8143204F50672043104F58E60EBF774
:10DB40005FF8D4F8801204F5DC5504310022284631
:10DB5000EBF7DAF9284600F0DAFD014630B104F5BA
:10DB6000145201232846053200F004FD23682046A4
:10DB7000D3F8B430984723682046D3F8B830984794
:10DB8000D4F87C02D4F834130368BDE870409B6875
:10DB900018472DE9F043054685B0084688461446E7
:10DBA0001E469DF8309000F08DFE074640B14B4672
:10DBB00032462146284605B0BDE8F043FDF758B887
:10DBC0002146404600F044FE3346ADF80C002146A5
:10DBD0002846CDF8009003AAADF80E70FDF77FF847
:10DBE00005B0BDE8F0832DE9F04700F500590E4679
:10DBF000D9F8001504461746984686B001B30D883B
:10DC00004DB1012302AA00F5DC5000F0B3FC00285E
:10DC1000D4BF0025012599F804A504F5145909F18C
:10DC20000509484600F04EFE65B13B463246CDF848
:10DC3000008002A92046FFF7ACFF06B0BDE8F087E0
:10DC40000D46E8E7BAF1000F06D128B93B46324647
:10DC50004946CDF80080EDE743463A463146204636
:10DC6000FDF706F8E9E72DE9FF470E4609781F465C
:10DC7000DDE90C3401F03C011C290546904644D1F5
:10DC80004FF0000C196803F804C04FF0FF0C00F5CA
:10DC9000805989F858CA93F804C00CF1FF3EBEF1D0
:10DCA0001E0F35D93078FFF745FB04330190009300
:10DCB00028460B463946FFF775FD044628B3202257
:10DCC000394605F58E6000F0B7FB824600285BD030
:10DCD00090F82120FF3A18BF01223078FFF72AFB85
:10DCE00005F5CB5300287AD199F8581ACDE90034BC
:10DCF000FF2943465DD1002A48D001213A462846F3
:10DD0000FCF7AAFE0146002877D104B0BDE8F087F1
:10DD1000BCF1010F10D1327802F00302023A012A5D
:10DD2000F3D8052C38BF0524053C0A460094394633
:10DD30000533FFF71BFEC0E7BCF1020F10D13278AC
:10DD400002F00302023A012ADFD8052C38BF05246D
:10DD5000053C0A46009439460533E9F7E5FBACE794
:10DD6000BCF1030FD1D1327802F00302023A012A4A
:10DD7000CBD8052C38BF0524053C0A46009439460B
:10DD80000533FFF730FE98E70246A6E73A46012141
:10DD90002846FCF761FE01460028B6D04FF4967283
:10DDA000284633799B09013304B0BDE8F047FFF7FB
:10DDB0001ABF01213A462846FCF74EFE01460028CC
:10DDC000A3D04FF496730C9305F5D05299F8583AB6
:10DDD0001832284604B0BDE8F047FCF7BBBFCDE9D8
:10DDE0000234012301933379424600933946284691
:10DDF00006F10A03FCF71CFECDE74FF496729AF881
:10DE000021300C920AF12202E3E773B50D46044675
:10DE10001646FFF721FE014668B176B194F8CF03AC
:10DE20000A460130C0B204F5145100902B4620463A
:10DE30000531FFF7AEFE02B070BD2A46204602B0A3
:10DE4000BDE87040FCF7C9BFA0F51E70FFF7DDBF4D
:10DE5000F8B590F8B5330446B3B3816F00F53D5083
:10DE60000830FEF72DFD78B3002140F2262C04F592
:10DE7000005204F5155502F575633C35D3E9CC061F
:10DE800055F821304BB11B1846F10007012B77F1F3
:10DE90000007B8BF012345F821300B316145EFD1B0
:10DEA000002104F58053D3F87478B9420DDB0023C8
:10DEB000C2F82035A2F82435C2F83035A2F834353E
:10DEC000C2F84035A2F84435F8BDD4F8FC344BB163
:10DED0001B1846F10005012B75F10005B8BF0123A1
:10DEE000C4F8FC340131A034DFE773B50446FCF715
:10DEF000D7FBD4F8941200296BD02046FBF765FFBE
:10DF0000002866D02046FFF7A7FD0246002874D1FE
:10DF100023682046D3F8B830984723682046D3F8C2
:10DF2000B430984704F50055D5F8B41EA1B1204689
:10DF3000FBF74BFF80B10023C5F8B43E01230193EA
:10DF400095F8C53E009395F8C43ED5F8C02ED5F897
:10DF5000BC1E606EFDF776FCD5F8B81E49B12046B0
:10DF6000FBF733FF28B10023C5F8B83E606EFDF71C
:10DF700083FCD5F8541571B12046FBF726FF50B14C
:10DF8000D4F880120022043104F58E60EAF7D2FE44
:10DF90000023C5F854352046FFF75AFF06F062FA11
:10DFA0004FF47A75A0FB050647F61222002305FB05
:10DFB0000161E3F7D3FAD4E9A231D4F88422C4F89A
:10DFC0008402821A9B1841F10001C4E9A23102B017
:10DFD00070BDD4F890120029A4D02046FBF7F5FEBE
:10DFE00000289FD02046FFF737FD0146002894D037
:10DFF00000222046FCF7F1FE8FE794F8CF3304F5BA
:10E0000014510133DBB20093204600230531FFF7A2
:10E01000C0FD7DE7A0F51E70E9F752BC2DE9F04F79
:10E0200003F6B233B5B050F823700E4611463E9A4F
:10E03000002F04920446DDE93F2BC0F2F28000F588
:10E040008053D3F874389F4280F2EB80A0257D4343
:10E0500000F58E6305F104080593984400295CD10E
:10E060004719D2F80090D7F8F8344B4580F0D980A2
:10E07000ABF1040300934146131D4A46E9F750FCF7
:10E080008246002800F0CD80C7F8F894A06F03689E
:10E090001B689847C7F8FC043078FFF74BF904F584
:10E0A000CB53D8B1CDE9023A0123019333794146EC
:10E0B00000932046049A06F10A03FCF7B9FC0146D6
:10E0C000002800F0AE804FF49672204633799B0909
:10E0D000013335B0BDE8F04FFFF785BD0121CDE933
:10E0E000003A42462046049BFCF7B6FC0146002855
:10E0F00000F0978097F89534FF2BE4D04FF496709A
:10E1000005F126023E9004F58E601044024620463A
:10E1100035B0BDE8F04FFCF71DBE022940F081800C
:10E12000BBF1050F7DD9431993F8943403F0030331
:10E13000032B76D1117907294FEA910301D9032BDB
:10E140006FD14FF0A00A0AFB074AD2F8009007935C
:10E15000DAF8F83406924B45059362D8CAF8F89479
:10E16000A06F0168096888470021069A079BCAF8D2
:10E17000FC0402F80B1002F1050BFBB95846E3F75B
:10E1800019FA20230421CDE90083069A431D09A82A
:10E19000E5F756FB099B0AA9042220460A93FCF7DF
:10E1A00085FC014650B19AF89534FF2B3CD1337968
:10E1B000C8229B0920460133FFF715FD059B4B45FF
:10E1C0003DD100238DF82D300DF12D00E3F7F2F94C
:10E1D000824630B3A06FFFF7BBF8042348458DF8A3
:10E1E0002C300AF1050308BF09F1010001930AABC5
:10E1F00002210A90009342462046049BFCF72CFC27
:10E20000014670B1A02303FB074797F89534FF2B15
:10E210001DD133794FF416729B0920460133FFF765
:10E22000E2FC35B0BDE8F08FC82005F12602009071
:10E2300004F58E6002442046FCF78CFDBEE75A468A
:10E24000494620460DF12D03E9F7C8FDBCE74FF420
:10E25000167005F12602009004F58E601044024607
:10E260002046FCF777FDDCE783681B6A03B118479B
:10E27000704783685B68184707B503688DF8071017
:10E280000122DB680DF10701984703B05DF804FB3C
:10E29000002070474FF0FF3070474FF0FF3070475D
:10E2A000704710B50446042100F0F0FD204610BD73
:10E2B00013B5044608466946FCF705FE6B46D4F8DC
:10E2C000042503CB04EBC20291605060A022D4F875
:10E2D0000435013393FBF2F102FB1133C4F804352A
:10E2E00002B010BD37B5044608466946FCF7EBFDA1
:10E2F000251D04F2045408222946684608F0F6FC5D
:10E3000018B92860686003B030BD0835A542F2D165
:10E31000F9E72020E9F76CBF8020E9F769BF082002
:10E32000E9F766BF4FF48070E9F762BF0220E9F7B2
:10E330005FBF0120E9F75CBF1020E9F759BFF7B5CF
:10E340000E46044669463046FCF7BDFD251D04F225
:10E35000045708222946684608F0C8FC98B9337863
:10E3600003F00303023B012B07D9D4F80C3501332A
:10E37000C4F80C35012003B0F0BDD4F808350133E2
:10E38000C4F80835F6E70835BD42E2D10020F2E7CF
:10E390000346F0B419790068DB88DA0754BF43F408
:10E3A000B01383F4D0131F298768066923F4801201
:10E3B0000AD8012534688D40DB074CBF2C43AC43A1
:10E3C00034603B68F0BC1847F0BC704710B5044699
:10E3D0000020E7F733FA30B1002323702046BDE870
:10E3E0001040EAF729BB10BD70B5064688B0354627
:10E3F0006C466846FBF7C9FF0FCC0FC594E80F00C9
:10E4000085E80F004FF47F4340223384002106F15A
:10E41000220008F058FC2022002106F1620008F0DA
:10E4200052FC0021142206F18C00C6E9211108B02B
:10E43000BDE8704008F047BC2DE9F8430E4617468A
:10E44000002500F58053D3F80494041DA94504DC8D
:10E450004FF000084046BDE8F88321463A46304672
:10E4600008F044FCA046A0340028F3D00135EDE7C5
:10E470002DE9F74F064690464FF000094FF0FF3A5E
:10E4800000F5805300F59B54D3F804740D46043412
:10E49000011D4F4521DC202F06D07A1CC3F804242F
:10E4A000A02303FB0766341D2046FFF79DFF2B4684
:10E4B000254684F8208003F120062A46186859680A
:10E4C000083303C2B3421546F7D1FF23A34684F8AD
:10E4D0002130584603B0BDE8F08F202228468B46F5
:10E4E0000193009108F002FC0028F2D09BF8202054
:10E4F000594602F00302032A019B05D0DBF888206D
:10E5000052453CBF5C46924609F10109A031C0E783
:10E51000002070474FF0FF3070474FF0FF307047DA
:10E52000704710B50446442100F0B0FC204610BDF1
:10E5300010B5036C04462F2B9FBF5A1C1B18026496
:10E5400019740A2914D1C368026CA168981888420A
:10E550000CD2606804F11001184408F08EFB002111
:10E56000E368226C13446268E360D154002323649F
:10E57000012010BD70B54D791446242D88B006D108
:10E580000988006808B0BDE8704000F0FCB9232D90
:10E5900001F1050207D123460988006800F0B6F9A9
:10E5A000012008B070BD232301F121058DF8003052
:10E5B0000DF1010352F8046BAA4243F8046BF9D140
:10E5C00012881A8000236A468DF81F302346E3E73D
:10E5D0002DE9F04F05460F4690464FF0000993B0E5
:10E5E00000F10C060DF1080B6B894B4505DC4FF073
:10E5F000000A504613B0BDE8F08F3479B24618EAED
:10E60000040408D104235A4631462846FFF7B2FFD6
:10E6100003469C4203DB09F101092436E4E739464D
:10E620000BEB0410019300F013F9FA888242E0D05A
:10E63000019B0134EDE72DE9F84304460F461646E9
:10E64000984601F1FF3919F8015F4DB93946204666
:10E65000EAF772FD58B10388B34237D0468004E030
:10E660002846EAF73BFC0028EDD1BDE8F883628933
:10E67000B8F1000F01D11F2AF7D8531C638124235E
:10E680004FF0010C03FB02F505F10C006119204469
:10E6900081F810C0B8F1000F04D1B4F8048008EB81
:10E6A0000C01A18003FB0243A3F80C800023113569
:10E6B0002544F95C19B1E95401331E2BF9D100212D
:10E6C000E954242303FB0244E681CEE72846CCE745
:10E6D000F0B541B100232425448900F10C06A34282
:10E6E00004DB002001E000F28C40F0BD05FB03F2EA
:10E6F000B75A8F4202D10C321044F6E70133EEE7ED
:10E70000C188FFF7E5BF01B10988C1807047018961
:10E7100009B1FFF7DDBF0846704701B109880181E3
:10E720007047F0B50346088838B3002124255A897C
:10E7300003F10E048A4208DC4FF0000C242503F19B
:10E740000C04624508DC002017E005FB01F6A65B1F
:10E750008642F8D00131EDE705FB0CF1665A86429E
:10E7600002D00CF1010CECE7013A97B25F815E1820
:10E77000674506F1240601DC0120F0BDA6F118046E
:10E7800006F10C050FCD0FC40FCD0FC42B680CF193
:10E79000010C2360ECE70B4600F28C420021EAF703
:10E7A00037BD2DE9F74F98469DF830A090F890348A
:10E7B00007460D46009208EA0303BAF1000F02D0A3
:10E7C0001BB92C4607E0002BFBD12A232C4604F86A
:10E7D000023B2C236B704FF000094FF02C0B07F11C
:10E7E00012067A894A4509DC0023AC4288BF04F14D
:10E7F000FF34601B237003B0BDE8F08F16F8022CC5
:10E80000314608EA0202BAF1000F04D02AB909F130
:10E8100001092436E5E7002AF9D116F8012C232A4C
:10E8200018BF06F1FF3108460191E2F7C3FE024628
:10E83000601B009B1044023098420199E7DA2046A1
:10E84000019208F01AFA019A144404F801BBDEE7B9
:10E8500030B5D3B0054604A80C4600F0D0F810221D
:10E8600029460DEB0200EAF749FD23780DF10D0171
:10E87000C3F38303012204A80B7000F0D6F862886A
:10E8800004F14A0104A800F0D0F8022310220DF18F
:10E890000E040093294623460DEB020000F0EDF82C
:10E8A000238843B901232380248804A800F093F827
:10E8B000204653B030BD4FF6FF729342F4D14FF66D
:10E8C000FE73F0E7431E0F3013F8012F1AB983428D
:10E8D000FAD10120704700207047F0B5D0F82051E0
:10E8E00004460F2D11DCAB1C20F8151000EB0313B0
:10E8F00002F110071E4610685168083203C6BA427A
:10E900003346F7D10135C4F82051F0BD2DE9F0416F
:10E9100005460E46174600249846D0F82031CEB062
:10E92000A34218DC684600F06AF83846E2F742FE77
:10E9300039460246684600F078F84146684610229B
:10E9400000F07EF8284642463146FFF7C6FF68468B
:10E9500000F041F812E035F81420B24211D14246DD
:10E96000023405EB041404F11003254603CD9D4247
:10E97000106051602C4602F10802F6D14EB0BDE89D
:10E98000F0810134CCE72DE9F047002506468E469C
:10E99000284606F12008D6F82011A94201DD984248
:10E9A00001DBBDE8F08736F81510714511D108EB91
:10E9B000051C00F1010902EB00140CF1100A674676
:10E9C00003CF574520606160BC4604F10804F6D1CE
:10E9D00048460135DFE710B5044607F0DEFD04F1D7
:10E9E000700007F048FED4F8300120B107F04BFD6D
:10E9F0000023C4F83031002384F8343110BD10B541
:10EA000004467022002108F05EF9C022002104F1C2
:10EA1000700008F058F900232046C4F8303184F81B
:10EA20003431EAF75FFC204610BD10B490F8344151
:10EA30001CB110BC703007F08FBE10BC07F0DDBDFC
:10EA400070B5044616460D468AB02022002102A861
:10EA500008F039F901AB02A92022204607F0E4FDB5
:10EA6000202E324602A928BF2022284608F005F9A8
:10EA70002046FFF7B0FF0AB070BD30B504461D4612
:10EA80008BB02022002102A808F01DF901AB02A9D9
:10EA9000202204F1700007F07AFE0E9A02A9202AC3
:10EAA00028BF2022284608F0E8F82046FFF793FF09
:10EAB0000BB030BD07B503688DF807100122DB6885
:10EAC0000DF10701984703B05DF804FB70B5037CB6
:10EAD0000BB9002070BD041D204600F0DEFE061EAE
:10EAE000F7DB02220021204600F0CBFE0028F0DBFD
:10EAF000204600F0D2FE054600223146204600F0B6
:10EB0000C0FEAE42E5DAA81BE4E708B5037C2BB1F2
:10EB1000043000F0AAFE20EAE07008BD1846FCE7C9
:10EB200038B5036805465B699847041E05DB01227A
:10EB30004FF0FF31281D00F0A4FE204638BD08B577
:10EB4000037C2BB1043000F084FE20EAE07008BDA5
:10EB50001846FCE707B501220DF10701FFF7EFFFAB
:10EB6000012814BF4FF0FF309DF8070003B05DF897
:10EB700004FB10B5037C044623B1043000F057FEBB
:10EB80000023237410BD70B504460D461646FFF7EA
:10EB9000F0FF002332462946C4E901332373201DC8
:10EBA00000F0E7FDB0FA80F04009207470BD10B5A8
:10EBB0000446EAF7DBFB2046142100F067F9204603
:10EBC00010BD00B5D3B00B4640226946EAF7D8FB2A
:10EBD000684610A900F004FFB0FA80F0400953B075
:10EBE0005DF804FB0346184602780133202AFAD068
:10EBF000704738B505F036FC4FF47A74A0FB040575
:10EC000047F61222002304FB0151E2F7A7FC38BDAE
:10EC100010B50446E2F7CEFC00212318A34203D925
:10EC200013F8012C202A00D010BD03F8011DF5E7D0
:10EC3000F7B51546FFF7D6FF0C460646EAF7DEFBAA
:10EC4000074610B101272C6012E0019001A930465F
:10EC5000F9F7ACF904460198B04209D0FFF7C2FFBA
:10EC600003782BB921462046E2F79AFB0028E9D128
:10EC7000384603B0F0BDF7B51446FFF7B3FF0E46B4
:10EC80000546EAF7BBFB074620B126600127384658
:10EC900003B0F0BD019001A90A222846F9F7FCFA59
:10ECA00001460198A842F2D0FFF79CFF0378002BA1
:10ECB000EDD12160EAE70023CA5C1AB1C2540133E6
:10ECC0000F2BF9D10021C3F11002184407F0FBBF4C
:10ECD000F8B5064608461546FFF784FF0746EAF7EB
:10ECE0008DFB044608B12846F8BD38463159E2F795
:10ECF0004FFC10B934442079F6E70834202CF4D1C5
:10ED00004FF0FF30F0E72DE9F04103680446DB687F
:10ED10000F46984700250646B54202DB0020BDE8B5
:10ED2000F0812368294620461B6998473946E2F757
:10ED30002FFC30B9236829462046BDE8F0415B69C5
:10ED400018470135E8E7426992F84E305B003B2BEB
:10ED5000DCBF002382F84E30806903681B681847C7
:10ED600070B504460D46EAF78BFB0026636990F9FF
:10ED7000172183F81721636983F82061A06903686C
:10ED8000D3F894309847A0690368D3F89030984737
:10ED900015B1636983F820612046BDE87040FFF734
:10EDA000D2BF10B5044650F8880C94B003685B6C71
:10EDB000984778B9FFF71DFFD4E90E239042994197
:10EDC00008DA40F271220023204614B0BDE810405A
:10EDD000F5F72AB994F8303054F8A00C032B08D07A
:10EDE000042B0FD0022B13D114B0BDE81040FCF758
:10EDF0000CBA54F88C1C03686A46DB6B04319847E4
:10EE000014B010BD03685B6A14B0BDE81040184729
:10EE100003681B6AF8E710B580F8D0100446FFF7C6
:10EE2000E8FE41F28833C01841F10001C4E936011F
:10EE30004FF2244204F1A0000023BDE81040F5F792
:10EE4000BFB870B5C0B004460D4668461146FF22F3
:10EE50001E4607F08BFF00236A468DF8FF302946D7
:10EE600033462046EBF700FE40B070BDE6F7B2BC7B
:10EE70000020ECF785BE7047704770477047FFF77A
:10EE8000FBBF00207047FEE7EDF7C4BFEDF7DCBF26
:10EE900000EBC100408840087047F8B50346FFF713
:10EEA000F7FFB0FA80F0C0F11F0003EB800CDCF834
:10EEB0001060CA00171D0C4606328DB256B90121EA
:10EEC00001FA00F0D9680143D960CCF81040DD5355
:10EED0009D52F8BDF1000431585AD85303EBC000DD
:10EEE0009E52C5805D52F4E710B500EBC104E38883
:10EEF000994202F104010AD1012303FA02F2C36824
:10EF000023EA0203C360002340F8213010BDA28829
:10EF100040F8213000EBC20100EBC300CB808280BF
:10EF2000F4E708B50346FFF7B3FFB0FA80F21846DE
:10EF3000BDE80840C2F11F02FFF7D6BF2DE9F84334
:10EF4000B1FA81F3C3F11F0200EB8209D9F8107006
:10EF500006460D4687B94FF0FF34C3F120039C40AD
:10EF6000F3681C4014D094FAA4F2B2FA82F2131D92
:10EF700056F82340214608E03C464FF0030821465E
:10EF80003046FFF785FFA84205D33046FFF7ACFFB8
:10EF90002046BDE8F88306EBC404E488B8F1010814
:10EFA000C9F81040D7D0A742E9D1D4E738B5044614
:10EFB000FFF76EFF0D46034611462046FFF768FF38
:10EFC00003449BB204EBC5055A0020466A80FFF754
:10EFD0005FFF014424F8313038BD70B50B4604465C
:10EFE000FFF756FF04EBC305511A9B1A89B203447D
:10EFF0004E009BB26E8004EBC2005D00458024F899
:10F00000321020461146FFF743FF014424F8313007
:10F0100070BDF8B500294DD004680D1F2D1BEE08FA
:10F0200025F007056219538813F0010304D183F317
:10F0300011880423184602DF31462046FFF728FFD7
:10F04000304434F83030C01A864205D0002383F3B0
:10F0500011880423184602DF5388314623F0010348
:10F0600053802046FFF714FF371804EBC7035B8873
:10F07000DA0708D439462046FFF753FF3A463146AF
:10F080002046FFF793FF655B751B04EBC5035B88A8
:10F09000DB0709D429462046FFF743FF32462946BD
:10F0A0002046FFF783FF2E4631462046BDE8F84054
:10F0B000FFF7F3BEF8BD70B509B9002070BD056853
:10F0C00001F007030B33CC0804EBD304AB682846EC
:10F0D0009C4228BF1C462146FFF730FF0646002809
:10F0E000EBD001462846FFF7D3FEA04207D92846B9
:10F0F0003219FFF772FF11462846FFF7CEFE05EBE7
:10F10000C60210465388043043F001035380D5E70C
:10F110001146FFF7D0BF2DE9F84314464A4202EAF0
:10F12000010931EA020203460BD04A46042A28BFED
:10F1300004224F46A1EB09096CB900252846BDE819
:10F14000F883042904D82146BDE8F843FFF7B3BF8C
:10F1500000270422F0E71E68A9EB020204F007036F
:10F1600002F007010B330B44E10801EBD20101EB84
:10F17000D301B3683046994228BF1946FFF7DEFE37
:10F1800080460028D9D03D1D05EBC00509F1FF33AD
:10F1900035441D44B5FBF9F509FB05F5ED1B2C4481
:10F1A0002B1F07349B1B24F00704A41BB0EBD30FC9
:10F1B0004FEAD3074FEAE40408D201463A46304604
:10F1C000FFF70BFF41463046FFF767FE39463046F2
:10F1D000FFF75EFE3844844207D230462246FFF7EE
:10F1E000FCFE21463046FFF758FE06EBC706738843
:10F1F00043F001037380A1E7043A2DE9F843CC1DE5
:10F20000114424F0070421F00706A6EB04084FEA96
:10F21000D807B7FA87F24FF00009C2F12405AD0014
:10F220000735C2F12002ED0804604946A760C4F822
:10F230000C90920004F1100007F045FDAAB25300B3
:10F2400043F0010363807B1B9BB204EBC5015800B4
:10F25000A4F80090488024F83520A6F8029024F8FD
:10F26000083004EBC7035A88294642F001025A804D
:10F270002046BDE8F843FFF710BE002070477047F6
:10F28000ECF700BE0FB407B504A951F8040B0191C7
:10F29000FFF7F6FF03B05DF804EB04B0704708B564
:10F2A000EFF31183202383F31288EDF731FE002260
:10F2B00003680BB9184670478B4210D10B6842B9EE
:10F2C00042680360914200D14360002301200B603B
:10F2D000704713604368994208BF4260F5E71A46D9
:10F2E0001B68E6E7838B13F0070306D10368002B46
:10F2F00018BF032008BF00207047022B05D1C08B28
:10F30000B0FA80F0400980007047012B04D10368F7
:10F31000002B18BF0520EDE70020704710B50C4604
:10F3200000B111B96FF0150010BD081D00F0BCF858
:10F330000028F9D1A368032BF6D9F3E72DE9F041B2
:10F340000D4607461946281D90461E4600F0C0F897
:10F35000044638B13346424629463846A446BDE8FD
:10F36000F0416047BDE8F08110B4EFF31182202432
:10F3700084F31288816110BC0121ECF7B5BD38B56A
:10F380000C46054658B151B10B6843B14B6833B1D7
:10F390002022002107F097FC00202C6138BD6FF07F
:10F3A0001500FBE770B505460E46FFF7B7FF0028CE
:10F3B0001FDBEFF31182202383F312884FF6FF71D6
:10F3C000EB8BA88B8B4200F0070427D0062C2AD8A1
:10F3D000DFE804F010290429102E10000133EB831C
:10F3E00082F311880023284602223146FFF7A6FF48
:10F3F000022070BD002333606B6843B9C5E9006625
:10F4000044B928460221ECF76FFD2046F1E71E6063
:10F410006E60F5E7204682F31188EAE782F31188EF
:10F420006FF00A00E5E782F311886FF00400E0E76F
:10F4300082F311886FF08500DBE710B5EFF31182DE
:10F44000202383F31288848B04F00704022C08D055
:10F45000012C0CBF6FF004006FF0850082F311885F
:10F4600008E0C38B013B9BB2C38323B92146ECF771
:10F470003BFD204610BD2046F0E738B588B181B18C
:10F48000EFF31185202282F31288848BFFF70FFFA0
:10F4900020B104F0070085F3118838BD6FF07700C4
:10F4A000F9E76FF01500F8E7034640B1426802F053
:10F4B0000302022A06D0032A04D0012A05D06FF0E5
:10F4C000150070471A68002AF9D00020986070472C
:10F4D00010B54268034602F00302022A81600AD096
:10F4E000032A0BD10468002000225A6008B1F5F706
:10F4F0004FFC204610BD00240068F5E7002420469C
:10F50000F2E77047C3691BB11B7900200B7070478D
:10F510006FF057007047C3693BB1DB682BB1DB6903
:10F520001879B0FA80F0400970470120704770B533
:10F53000C56904460E460DB103232B712046FFF723
:10F54000EAFFA8B103212046B047002802DA10F1F3
:10F55000860F0ED1012125B920463346BDE8704003
:10F56000184720462971B047002802DB00232B7181
:10F57000002070BD002908DB8068884205D9401A48
:10F58000904234BF0020012070470020704770B5C2
:10F5900016461A4605460C46FFF7ECFF48B1696867
:10F5A000E8682144826814683246A446BDE8704089
:10F5B00060476FF0150070BD70B516461A460546D7
:10F5C0000C46FFF7D7FF48B16968E86821448268B4
:10F5D00054683246A446BDE8704060476FF015009D
:10F5E00070BD10B50B460446FFF7C4FF30B161682B
:10F5F000E0681944BDE8104000F047B86FF015000E
:10F6000010BD2DE9F0471646D0F808901D4688B089
:10F61000D9F8103080460F469847002E32DB036839
:10F6200046EA05045A1E14402CD1D9F80CE0BEF16C
:10F63000000F08D02B46324639464046F44608B003
:10F64000BDE8F0476047202B1CD820223946684689
:10F6500007F039FB2046A54202D808B0BDE8F08784
:10F66000A5EB040ABAF1200F28BF4FF0200A6A4622
:10F6700053464046D9F804703119B8470028ECDBEE
:10F680005444E8E76FF01500E7E770B583680D466E
:10F690001B69044616469847417933462A46204658
:10F6A000BDE87040FFF7ADBF07F00DBB07F0E5BA4E
:10F6B00001460068ECF772BD08B5ECF7ABFDBDE89C
:10F6C0000840EDF7DFB80B4601461846FFF7D9BBF7
:10F6D00000210120ECF762BDC36E83F30B887047F5
:10F6E0006FF08500704761B662B680F3118870478D
:10F6F00072B6002383F31188BFF36F8FBFF34F8F70
:10F7000030BF62B6BFF36F8F704772B6002383F3CA
:10F710001188BFF36F8FBFF34F8F20BF80F3118825
:10F7200062B6704740E800F313F4803FD8B208BFD8
:10F730006FF01500704730B50C684B6885B00A89CA
:10F740004D890094013B24F01F04234402F01F0262
:10F7500042EA451223F01F0369468DF808200393FF
:10F76000EDF742F905B030BD08B5EDF71DFB0020FF
:10F7700008BD2DE9F341054616460C46002944D044
:10F780000B782F2B41D14B78002B3ED04268002ABA
:10F790003ED101A8EDF7FEFB00283CD1019F97F870
:10F7A0002030990702D516F0120F37D1FB691A687D
:10F7B000002A39D016F0400806D0B20731D55B696F
:10F7C000002B31D04FF001086F60FB6921463246B3
:10F7D00028461B689847041E05DA00236B60204604
:10F7E00002B0BDE8F0812E72B8F1000FF7D0FB69CE
:10F7F000002128465B699847041EF0DAFB69DB6943
:10F80000002BEAD028469847E7E76FF01504E6E7B3
:10F810006FF00F04E3E76FF00104E0E76FF01D0401
:10F82000DDE76FF00C04DAE76FF08504D7E710B579
:10F830004368044643B1DB69DB693BB19847002864
:10F8400001DB0023636010BD1846FCE76FF0850004
:10F85000F9E743681BB1DB695B681BB118476FF0C0
:10F86000080070476FF08500704743681BB1DB6983
:10F870009B681BB118476FF0080070476FF0850058
:10F88000704743681BB1DB69DB681BB118476FF039
:10F89000080070476FF08500704743681BB1DB6953
:10F8A0001B691BB118476FF0080070476FF08500A7
:10F8B000704743681BB1DB699B691BB118476FF048
:10F8C000080070476FF08500704713B50446B8B163
:10F8D00003782F2B14D1437893B10146002201A85D
:10F8E000EDF758FB80B9019890F820309B070ED4B3
:10F8F000C369DB6B73B1214602B0BDE81040184705
:10F900006FF0150002B010BD6FF00100FAE76FF064
:10F910001D00F7E76FF08500F4E713B50446B8B1B2
:10F9200003782F2B14D1437893B10146002201A80C
:10F93000EDF730FB80B9019890F820309B070ED48A
:10F94000C3695B6B73B1214602B0BDE81040184734
:10F950006FF0150002B010BD6FF00100FAE76FF014
:10F960001D00F7E76FF08500F4E773B50D46044618
:10F9700018B96FF0150002B070BD03782F2BF8D1C5
:10F980004378002BF5D00029F3D00B782F2BF0D142
:10F990004B78002BEDD0014601AA6846EDF7FAFA44
:10F9A000A8B9009E96F820309B0713D4294620461C
:10F9B000019A07F0C9F90028DBD1F3699B6B63B1A9
:10F9C0002A462146304602B0BDE8704018476FF025
:10F9D0000100D0E76FF01D00CDE76FF08500CAE7AA
:10F9E000F7B50C460546002839D003782F2B36D1C1
:10F9F000E1F7E0FD0128064609D142F601732380B4
:10FA00000023A370C4F80431002003B0F0BD2946E0
:10FA1000684601AAEDF7BEFA074618BBDDE90032D9
:10FA2000B61A012E10D82046012200F8012B9A693F
:10FA3000D968FF2A28BFFF22013107F01EF984F898
:10FA40000071C4F80471DFE7DA69166C6EB118460C
:10FA500022462946334603B0BDE8F04018476FF010
:10FA60001500D2E76FF00100CFE76FF08500CCE71B
:10FA700038B50446F8B14FF0FF304FF0FF31EDF7E5
:10FA80007BFA23688BB1E3691B6B8BB120469847E7
:10FA9000051E06DBD4E9003213605A600023C4E976
:10FAA0000033EDF771FA284638BD6FF01505F8E719
:10FAB0006FF08505F5E76FF01505F4E70020704756
:10FAC00008B5C26900685143FFF78BFDBDE80840E7
:10FAD000EDF78ABB38B51446C5691A4605FB0141E6
:10FAE000049B0068FFF768FDBDE83840EDF77CBB7C
:10FAF00038B51446C5691A4605FB0141049B0068E8
:10FB0000FFF745FDBDE83840EDF76EBB4FF0FF3223
:10FB10004FF0FF3300F58070F3F7ECBEF3F78CBFC6
:10FB2000F8B50E461746044643681D692846FFF798
:10FB3000EDFF3B463246216805F17C0004F05EF89B
:10FB4000044605F58070FFF7E9FF2046BDE8F84060
:10FB5000EDF73CBBF8B50E461746044643681D69F1
:10FB60002846FFF7D3FF3B463246216805F17C006B
:10FB700004F05BF8044605F58070FFF7CFFF2046E0
:10FB8000BDE8F840EDF722BBF8B50E46174604462F
:10FB900043681D692846FFF7B9FF3B463246216896
:10FBA00005F17C0004F043F8044605F58070FFF78A
:10FBB000B5FF04EAE470BDE8F840EDF707BB38B5DF
:10FBC000044643681D692846FFF7A0FF216805F138
:10FBD0007C0004F0AFF8044605F58070FFF79EFF47
:10FBE000204638BD70B50E46044643681D69284658
:10FBF000FFF78CFF3246216805F17C0004F019F80C
:10FC0000044605F58070FFF789FF2046BDE8704087
:10FC1000EDF7DCBA38B5044643681D692846FFF79E
:10FC200075FF216805F17C0003F0E6FF044605F549
:10FC30008070FFF773FF2046BDE83840EDF7C6BA85
:10FC400070B5044643681E693046FFF75FFF2168C0
:10FC500006F17C0003F0CEFF054606F58070FFF745
:10FC60005DFF2046EDF79EFA2846BDE87040EDF7AF
:10FC7000ADBAF0B504464368C3B01F690D463846B7
:10FC8000FFF744FF21686A4607F17C00F3F722FB87
:10FC9000044607F58070FFF741FF002C16DD0024B5
:10FCA0009DF8003002A99A1E534253412B70019BCC
:10FCB000FF22C5F80431681C07F058F885F80041A8
:10FCC000204643B0BDE8F040EDF780BA08BF6C7045
:10FCD000F6E738B5002504692046FFF717FF04F161
:10FCE0007C0003F05EFF04F58070C4F8FC50FFF761
:10FCF00015FF284638BD38B50346084619461D6924
:10FD0000EDF744FA04462846FFF700FF214605F1C7
:10FD10007C00F3F74FF8044605F58070FFF7FEFE10
:10FD20002046BDE83840EDF751BAF8B5044608461C
:10FD3000214617462569EDF729FA21460646384639
:10FD4000EDF724FA04462846FFF7E0FE2246314646
:10FD500005F17C00F3F79AF8044605F58070FFF78B
:10FD6000DDFE2046BDE8F840EDF730BA38B5034671
:10FD7000084619461D69EDF709FA04462846FFF7BB
:10FD8000C5FE214605F17C00F3F7BAF9044605F5F6
:10FD90008070FFF7C3FE2046BDE83840EDF716BA85
:10FDA000034670B514461E690846D6F8E420194685
:10FDB00092692260D6F8E420D2696260D6F8E42025
:10FDC000126AA260EDF7E2F93046FFF79FFE06F1F6
:10FDD0007C0003F0BFFF054606F58070FFF79EFE2E
:10FDE000002DA1BFA3685B1B0025E3602846BDE88A
:10FDF0007040EDF7EBB9F8B50569074605F5807673
:10FE0000304604F0FBF82846FFF780FE284697F8B6
:10FE100020207969EDF7F8F90446C0B905F17C04B2
:10FE200029462046F2F70EFF00280BDA97F820301B
:10FE3000DA0707D49B0719D429462046F2F79CFE1F
:10FE4000002808DAEDF7C2F90028044609DA002391
:10FE5000C5F8FC3005E020462946F2F7F3FE041E03
:10FE6000F0DB3046FFF75AFE2046F8BD6FF01D0468
:10FE7000EDE70346F0B50846C3B019461F691546BD
:10FE8000EDF784F904463846FFF740FE21466A46FE
:10FE900007F17C0003F08AFE044607F58070FFF747
:10FEA0003DFE002C10DB00249DF8003002A99A1EB4
:10FEB000534253412B70019BFF22C5F80431681C4B
:10FEC00006F054FF85F80041204643B0BDE8F040FD
:10FED000EDF77CB9012208B5EDF7E4FA002818BF68
:10FEE0006FF0040008BD0069002104301047036969
:10FEF000D86A00F007007047006911460430FFF728
:10FF000051BA00690430FFF798BA10B50469114678
:10FF100004342046FFF7B1FA10F1780F04D12046DF
:10FF2000BDE81040FFF789BA10BD1046F3F71EBEBA
:10FF3000EFF31182202383F31288036803F0C003D8
:10FF400043F00203036082F311887047F8B5046937
:10FF50004668EFF31185202080F31288E06A00F0F4
:10FF60000707012F08D1E36285F31188C4E909125C
:10FF7000336898470020F8BD00F0C000834285F345
:10FF800011880CBF6FF077004FF0FF30F3E7114698
:10FF90001A468023FFF7DABF10B50469EFF3118228
:10FFA000202383F31288E36A13F0C00306D099423A
:10FFB00004D082F311884FF0FF3010BD0123E362BB
:10FFC00082F3118843685B6898470020F5E7802139
:10FFD000FFF7E2BF70B504460D4650F8040C40210F
:10FFE000FFF7DAFF2B4601462046BDE87040184770
:10FFF000002170B5036904465D6A596200692C30BE
:020000022000DC
:10000000FFF796FF35B1236920469A6A2B46BDE873
:100010007040184770BDEDF711BB08B5EDF7BAFB9E
:10002000BDE8084002F013BAEFF72ABD38B508461C
:100030001446EFF31185202383F312881146EFF75E
:1000400097FF85F31188002808BF204638BD08B502
:100050000023FFF7EBFF00EAE07008BDEFF76EBF8B
:10006000436800205B68DB680B607047436802EA06
:1000700001005B6821EA0201586000209960704726
:10008000436800205B6859607047436800205B68E4
:100090009960704743685B681A6821EA0200114062
:1000A000586000209960704730B50369586800B304
:1000B0000024884219D108688CB99C685860A14214
:1000C00000D19860002008602AB15A680A609A68D6
:1000D000596002B9996000200FE02846E9E72060E6
:1000E0009868814208BF9C60ECE705680446002DD3
:1000F000F3D1002AE9D16FF0150030BD0020704720
:10010000F0F7C2B81346F0B4DA028768066907D57B
:1001100013F4402F1EBF43F3000202F44022534069
:100120001F2923F480120AD8012534688D40DB078B
:100130004CBF2C43AC4334603B68F0BC18476FF0B5
:100140001500F0BC7047034637B500681C7983681A
:1001500001A95B680569984740B92B680198584028
:100160000123A3401840003818BF012003B030BD60
:1001700070B547F6122C0C4651F8043C40F2E730BB
:1001800000215B684FF47A721D680023E5FB0C01C7
:10019000E1F7E4F902460B4604F11400BDE87040B3
:1001A000F3F742BF2DE9F0470D464468036929B1D2
:1001B000012934D06FF08500BDE8F0870122D3E833
:1001C000EF1FC3E8E02F0028F9D14FF00C08636857
:1001D000AB4201DC0020EFE708FB05F7D4F80890FC
:1001E000637D09EB07061BB1237D4BB90135EEE7B3
:1001F0004FF400113046EDF7ABFE0028F4DADBE7F0
:10020000022B14BF00233023F28859F807003179FC
:1002100022EA0302FFF776FF0028E7D0CCE70025AB
:10022000E668D3E8EF2FC3E8E15F0029F9D10C2796
:100230004FF0480906F1100863689D42CADA07FBCF
:1002400005F3A268217D02EB030A81B9637DD3B96E
:100250005046FFF778FF09FB05F34FF0E86108F817
:1002600003005046EDF774FE002820DAA4E7D058CA
:10027000BAF806209AF8041042F48032FFF742FFE1
:100280000028E3D098E747F6122E40F2E73000212D
:10029000D4F800C04FF47A720023ECFB0E01E1F7B2
:1002A0005DF902460B4606F11800F3F7BDFE013575
:1002B000C2E7292828D00FD80F2821D006D8072830
:1002C00018D00A281AD06FF015007047142819D0DA
:1002D0001F28F8D102230EE0FA2819D005D83E28AD
:1002E00014D07D28EFD1042305E0B0F5FA7FEAD1E0
:1002F000062300E0002300200B7070470823FAE774
:100300000123F8E70923F6E70A23F4E70323F2E7DA
:100310000523F0E713B501230C4601AA152101F0CE
:1003200047FB20B99DF804305B085B42238002B094
:1003300010BDF3F7DFBA38B504F094F84FF47A74CF
:10034000A0FB040547F61222002304FB0151E1F74C
:1003500005F938BDD0E8AF0F7047022307B549BA99
:10036000ADF8041001AA194601F0F5FA03B05DF8E2
:1003700004FB37B501230D460DF1070240F6890154
:10038000044601F05DFB002812DB9DF80730B5F54F
:10039000FA7F0CBF03F0FB0343F004038DF8073032
:1003A00040F68901012320460DF1070201F01EFBF2
:1003B00003B030BD006900F5E87100F5F07003F09E
:1003C000DCBE30B549BA85B0ADF8081000219DF803
:1003D00020508DF80A108DF80B208DF80C308C21F0
:1003E000062302AA04468DF80D5001F0B4FA002845
:1003F0001BDB012340F2367120460DF1070201F0AC
:100400001FFB002811DB9DF80730012D0CBF03F006
:10041000FB0343F004038DF8073040F236710123EB
:1004200020460DF1070201F0E1FA05B030BD0123CD
:1004300007B59D210DF107028DF8073001F08BFA09
:1004400003B05DF804FB13B502230C4601AA122188
:1004500001F0AEFA18B9BDF804305BBA238002B0DF
:1004600010BD002307B580218DF807300DF107027C
:10047000012301F070FA03B05DF804FB30B40346C9
:10048000006870B119791F298568046909D80122AB
:1004900023688A4023EA020323602B68002230BCD1
:1004A000184730BC70477FB50C46092340F29F21A6
:1004B00001AA054601F0C4FA00282BDB9DF80430A0
:1004C0000021052B28BF002301A8CAB2934217D8E8
:1004D000042B1FD05A1C02218DF80420012213FB8B
:1004E0000123082210336B4403F80C2C03F80B4C47
:1004F00040F29F210923284601AA01F077FA09E07A
:10050000024646789278013142EA0622A24200F180
:100510000200DAD104B070BD03460A4600681979BA
:10052000012303FA01F103691B68194218BF82F025
:10053000010283680AB1DB6818471B69FCE72DE9F3
:10054000F041456806460F461446D0F8108001F089
:100550003CF96B6D33B105F15400CCB998F89E129B
:10056000FFF7DAFF95F85F30B3B16B6C2BB107EA98
:10057000040105F14400FFF7CFFFEB6C9BB105F1DF
:100580004C003FB184F00101BDE8F041FFF7C4BF6A
:100590000121E5E73946F7E7224639463046BDE80E
:1005A000F04101F019B9BDE8F081F3F745BAD0E8A0
:1005B000EF3FC0E8E21F002AF9D17047042337B5A6
:1005C00005690446143528468DF80730FFF7C2FE4A
:1005D0000146A0B10021204601F0F5FA0022204694
:1005E0001146FFF7ACFF8421012320460DF10702DD
:1005F00001F0B1F9014610B92846FFF7D8FF0846C7
:1006000003B030BD002110B5044680F8A01200F5FB
:100610002970FFF7CCFF04F52A70FFF7C8FF04F537
:100620002B70BDE81040FFF7C2BFD0E8EF3F0133A9
:10063000C0E8E23F002AF8D17047F7B591F83D20B5
:10064000054691F83E00002A0C4614BF16460226C5
:1006500078B991F83210208EEDF796FE94F91433A4
:100660003BB118443028A8BF30200C28B8BF0C205C
:10067000C0B294F81573002F08BF07462846FFF74D
:10068000F0FE002830DB94F83F308DF80060002B3E
:1006900008BF0A2300268DF802306A460723882106
:1006A00028468DF801708DF80360ADF804608DF870
:1006B000066001F050F9002816DB4FF4C07128469F
:1006C000FFF74BFE01213246284684F80C13FFF752
:1006D00036FF33463246C521284601F03CF9002852
:1006E000ACBF304684F80C6303B0F0BD2DE9F04791
:1006F000804692460E46056939B90C46C5E9BA11DD
:1007000085F80C132046BDE8F08795F84030D3B348
:10071000012305F11407D7E8EF2F002A03D1C7E81A
:10072000E13F0029F7D115D105F118094FF0FF324B
:100730004FF0FF334846FFF7FCFD4046EDF714FE4F
:10074000044698B14846FFF730FF00213846FFF7CE
:100750002EFFD7E7D7E8EF2F032A03D1C7E8E13F01
:100760000029F7D1E0D06FF00F04CBE729464046CF
:10077000C5E9BA6AFFF761FF04464846FFF715FF6F
:10078000002CBFD0E1E76FF01504BBE72DE9F74F70
:100790000569019395F8403007469246002B7BD0BF
:1007A000012305F11406D6E8EF2F002A03D1C6E88D
:1007B000E13F0029F7D115D105F118084FF0FF32BC
:1007C0004FF0FF334046FFF7B4FD3846EDF7CCFD60
:1007D0000446B0B14046FFF7E8FE00213046FFF77F
:1007E000E6FE0AE0D6E8EF2F032A03D1C6E8E13F90
:1007F0000029F7D1E0D06FF00F04204603B0BDE828
:10080000F08F05F53C7B5846F3F708FA6FF0730359
:10081000C5F8E84229463846C5F80833FFF70DFF0A
:10082000A14604464046FFF7C0FE002CD5D15246F3
:100830005846019BF3F7D2F90446E8B14FF0FF3276
:100840004FF0FF334046FFF774FD384685F80C93B0
:10085000FFF707FE4FF4C0713846FFF77EFD4046B4
:10086000FFF7A3FE49463046FFF7A1FE14F10B0F38
:1008700008BF6FF07304C0E7D5F80833002B09DD1B
:1008800095F80D3333B103213046FFF790FED5F8CC
:100890000843B2E70021F7E76FF01504ADE71FB595
:1008A0000B0C8DF80830C1F307238DF80930130CB9
:1008B0008DF80B30012352BA8DF80A10ADF80C20D8
:1008C0009F210DF1070204468DF8073001F043F82F
:1008D000002805DB06239421204602AA01F03BF8FC
:1008E00004B010BD70B5002680F8E0620546EDF753
:1008F00033FC4400FA2C38BFFA24314640F2E7308A
:1009000047F612264FF47A720023E4FB0601E0F763
:1009100025FE02460B4605F5F07005F52C71BDE885
:100920007040F3F753BB37B50C4640F2FF31054634
:10093000FFF713FD2046FFF765FE94F89C32D3B114
:10094000D4E971122846FFF7AAFF2046FFF7CAFF35
:100950002B6940F6AC0193F89F2294F89D3228460B
:100960005B0043EA82038DF8043001AA012301F001
:100970003DF803B030BD4FF6FF738221ADF804306F
:100980008DF806302846032301AA00F0E4FFDFE7D4
:1009900000232DE9F341ADF8063010F8143CA0F522
:1009A0002C740546D4F89872002B67D0A0F52770F8
:1009B000FFF7D0FC032861D194F8A032FBB10023EB
:1009C00084F8E0322046EDF7C7FB4400FA2C38BF2C
:1009D000FA2447F6122640F2E73000214FF47A72EB
:1009E0000023E4FB0601E0F7B9FD02460B46294669
:1009F000A5F1D00002B0BDE8F041F3F7BBBA38462C
:100A000001F0C8F880460028D9D1A5F52676002245
:100A100000233046FFF78DFC10B184F8E082D1E767
:100A2000384601F0B7F8B8B938460DF10601FFF7BE
:100A30000AFD88B9BDF806305A070DD5DB060BD480
:100A400094F8E0320133DBB2012B84F8E03207D8AE
:100A50003046FFF7AAFDB5E7002384F8E032F7E758
:100A600005F13400FFF7E1FD21463846FFF75BFF53
:100A7000304602B0BDE8F041FFF797BD02B0BDE8D7
:100A8000F08107B50369490093F89F320DF1070221
:100A900041EA83018DF80710012340F6AC0100F014
:100AA000A5FF03B05DF804FB2DE9F04F884604690B
:100AB000064604F11807914685B04FF0FF324FF01B
:100AC000FF333846FFF735FCB8F1000F1ED104F5AF
:100AD000E070C4E96E88FFF7A8FD2046FFF792FD9D
:100AE00001231434D4E8EF2F032A03D1C4E8E13FF3
:100AF0000029F7D105D13046FFF7B3FC3046FFF7A8
:100B00005DFD3846FFF751FD002507E094F84030C1
:100B100043B93846FFF749FD6FF01505284605B083
:100B2000BDE8F08F04F1140B5846FFF713FC0328BF
:100B300006D1C4E96E8904F5E070FFF776FDE0E7C1
:100B40004FF0030ADBE8EF3F002B03D1CBE8E2AF25
:100B5000002AF7D105D03846FFF727FD6FF00F05C3
:100B6000DCE73046EDF700FC054638B13846FFF7C4
:100B70001CFD00215846FFF71AFDCFE740F2FF3178
:100B80003046FFF7EAFB2046FFF73CFDC4E96E89DB
:100B900004F5E0794846FFF748FD94F83B3094F8B7
:100BA000392084F89C52A18E3046009283F00103D4
:100BB000FF22FFF706FCA846051E0BDAC4F8B88131
:100BC0004846FFF732FD3046FFF7F8FC3846FFF79E
:100BD000ECFCA3E7424601213046FFF7B0FC4FF69C
:100BE000FF738221ADF80C308DF80E30304653463D
:100BF00003AA00F0B0FE051E02DAC4E96E88DFE742
:100C0000336940F6AC0193F89F2294F89D32304648
:100C10005B0043EA82038DF80C3003AA012300F045
:100C2000E5FE6EE72DE9F04F4FF00008D0F8C84020
:100C30008BB0A0F5E87706460DF11A012046ADF815
:100C40001A80FFF700FC4045C0F2C281BDF81A507F
:100C500020462946FFF781FBE80715D5D4F8109008
:100C60002046CDF82080FFF7A9FCD9F8CC0120B1AF
:100C70004146F4F78DF8C9F8CC810022002308A979
:100C800009F1440003F07EF915F00203049300F02B
:100C90008E804FF0020A06F5A072D2E8EF3F012BDA
:100CA00003D1C2E8E1AF0029F7D14FF00009D4F831
:100CB0001080CDE908994046FFF7A4FC5346132164
:100CC000204607AA00F074FE002840F015819DF828
:100CD0001CA09DF81D9003231421204607AA00F0B4
:100CE00067FE50B99DF81C305B085B42ADF82030C0
:100CF0009DF91D309B108DF82230690600F10081AE
:100D0000AA0602D5EB0640F1FB80BAF1000F00F015
:100D1000F78053464946204608F1B8028DF823A0D3
:100D200000F0D7FE002801DB9DF8230008F1180A27
:100D30004FF0FF3309904FF0FF32504608F5E07B4B
:100D4000FFF7F7FAD8E96E9358460393FFF702FBD3
:100D500005905046FFF729FCB9F1000F00F0E9803B
:100D600041462046FFF7DFFD4FF0FF334FF0FF32E3
:100D70005046FFF7DEFAD8F8B831994500F0C38045
:100D80004FF000095046FFF710FCB9F1000F0ED0EC
:100D9000099B002B80F2BF8000221146039B019328
:100DA0009DF922300093BDF920302046C8476806DF
:100DB0000CD5049B53B9022206F5A073D3E8EF1FAC
:100DC000012903D1C3E8E02F0028F7D129063CD53B
:100DD000002287F80C2397F80D2305F48073C5F3E0
:100DE00000282AB323B33846EDF7E2F94FF47A43EB
:100DF0006FF0C051A0FB033299424FF003039341BF
:100E000034BF6FF07F408001030C01218DF820304A
:100E10008DF82200C0F3072306F5A0708DF821306D
:100E2000FFF7C5FB03238221204608AA00F093FDAB
:100E3000D7F8E832002B00F08A800021D7F8EC22A6
:100E40002046C7E9BA1141469847AA0530D5032282
:100E5000D4F8108008F54473D3E8EF1F012903D1BB
:100E6000C3E8E02F0028F7D140460CBF4FF0010A3D
:100E70004FF0000AFFF7C6FB98F80C33C3B908F12E
:100E800018094FF0FF334FF0FF324846FFF751FA91
:100E90004846D8F8B8B1FFF788FB98F89C32002B89
:100EA0005CD1BBF1000F6ED041462046FFF73BFD01
:100EB000EB0615D540F2422315EA030110D10123B8
:100EC00006F1D40087F8A032FFF771FBFFF733FA81
:100ED0000128014638BF012106F1D800FFF767FB62
:100EE000A6F5DE70FFF736FA002871D020460BB069
:100EF000BDE8F04F00F074BEFFF618AFCA46EAE650
:100F00006FF0040012E75846FFF724FA059B83426E
:100F10007FF436AF36E73FF44AAF039B9DF82320BA
:100F200001939DF9223008F1B8010093BDF92030FA
:100F30003BE72046FFF795FA2046FFF73FFB0022EC
:100F4000002308A908F17C0003F01CF82FE7C7F87C
:100F5000088306F59070F2F709FE76E7BBF1000F03
:100F600011D008F11400FFF7F5F9022807D0BAF103
:100F7000000F99D108F53970FFF757FB94E798F8FF
:100F80009C32002B90D02046FFF718FBD8F8CC01FC
:100F900078B16FF073010891F3F7FAFE0023C8F8F7
:100FA000CC310022002308A908F1440002F0EAFF36
:100FB0007EE7D8F8B831002B7FF47AAF08936FF052
:100FC0000A0309930022002308A908F17C00EDE739
:100FD0000BB0BDE8F08F2DE9F04F046987B0DDF864
:100FE000489004F118070546DDE9108B16469A462D
:100FF0004FF0FF324FF0FF333846FFF79AF9B9F15F
:10100000000F28D104F5E070C4E96E99FFF70DFBDD
:10101000204684F89C92FFF7F5FA01231434D4E8B3
:10102000EF2F032A03D1C4E8E13F0029F7D10CD107
:10103000284600F0AFFD10B1284600F016FC284607
:10104000FFF70FFA2846FFF7B9FA3846FFF7ADFA6F
:101050004FF0000B07E094F8403043B93846FFF7F3
:10106000A4FA6FF0150B584607B0BDE8F08FBAF13F
:10107000FF3F08BFB6F1FF3FF0D0BBF1FF3F08BF15
:10108000B8F1FF3FEAD0F602B6F57A4F28BF4FF429
:101090007A734FEAC8282CBFB6FBF3F64026B8F5A2
:1010A0007A4F28BF4FF47A7304F1140A50462CBFCC
:1010B000B8FBF3F84FF04008FFF74CF903282AD1AA
:1010C00094F89C322BB3D4F8C431B34221D1D4F874
:1010D000C811B1EB080118BF0121139BC4F8B891E6
:1010E000C4F8BC3104F5E070FFF79FFA0029ACD0DA
:1010F00001232846C4E9716884F89C3200F04AFD57
:1011000010B1284600F0B1FB21462846FFF70BFC42
:101110009BE70121E1E70323DAE8EF2F002A03D15F
:10112000CAE8E13F0029F7D105D03846FFF73DFA7C
:101130006FF00F0B97E72846EDF716F9834638B1A5
:101140003846FFF732FA00215046FFF730FA8AE7B7
:1011500040F2FF312846FFF700F92046FFF752FA28
:101160006B68892103937F2328468DF817300DF192
:101170001702012300F0EFFB41F2883002F0F4FD8A
:101180003221284600F090FBB0F1000BD8DBE16A79
:101190002846EDF767F82846E16AEDF793F8039BD8
:1011A00093F85F3013B12846FFF741F9139BC4F859
:1011B000B89104F5E0794846C4F8BC31FFF735FA38
:1011C00094F83B3094F83920A18E2846009283F0A1
:1011D0000103FF22FFF7F5F8B0F1000B4FF000021A
:1011E0000BDA4846C4F8B821FFF71FFA2846FFF784
:1011F000E5F93846FFF7D9F935E728460121FFF729
:101200009EF90123C4E9716884F89C322A69284652
:1012100092F89F1294F89D229A4042EA81028DF83A
:10122000162040F6AC010DF1160200F0DFFB284657
:1012300042463146FFF733FB2046FFF753FB04E7F6
:101240002DE9F04F046989B094F84030DDE9129837
:101250000546CDE90312CDF81490002B00F0A880CC
:10126000032304F1140ADAE8EF2F002A03D1CAE8B5
:10127000E13F0029F7D140F09E8004F118074FF0BC
:10128000FF324FF0FF333846FFF753F82846EDF7AB
:101290006BF8064650B13846FFF787F900215046F3
:1012A000FFF785F9304609B0BDE8F08FC4E96E005C
:1012B000824604F5E070FFF7B8F904F17C0B58465C
:1012C00002F067FE94F83B3094F83920A18E28464E
:1012D000009283F00103FF22FFF773F8061E06DA7F
:1012E0002846FFF76BF93846FFF75FF9DAE7524611
:1012F00001212846FFF723F9B8F1FF3F08BFB9F1F4
:10130000FF3F36D04FF47A73A9FB036103FB08114A
:1013100047F61123F01841F1000147F6122200238D
:10132000E0F71CF928B38001030C8DF81830C0F3E6
:1013300007238DF819308DF81A00032382212846DF
:1013400006AA00F008FB061ECADB3846FFF72DF997
:101350004A464346584606A9F2F774FA00280BDAC3
:101360002846FFF77EF82846FFF728F96FF00A06AF
:1013700098E76FF07F40D7E7079E002E92DD049B31
:1013800003989E42A8BF1E4604F1B801324605F0FC
:1013900074FC149B1BB1BDF81830149A1380159B74
:1013A000002B3FF47FAF9DF81A30159A137079E740
:1013B0006FF0150676E76FF00F0673E700F0EABBF3
:1013C00037B50546046900F0E5FB30B91834002252
:1013D00000232046FEF7ADFF18B16FF07F0003B089
:1013E00030BD284600F0D6FB18B12046FFF7DDF8E7
:1013F000F3E701231521284601AA00F0D9FA054692
:101400002046FFF7D2F8002DE7DB9DF804004008E6
:10141000404200B2E3E700232DE9F7430469ADF849
:10142000063094F8A03206461BB304F52A70FEF786
:1014300091FF0546FEF77FFF002D4FD0451B20464C
:10144000ECF7B6FE854249D304F1180500220023CB
:101450002846FEF76EFF002840D13C213046FEF7BB
:101460007CFF2046FFF7CEF82846FFF79EF80020C5
:101470000EE004F11805002200232846FEF759FF6C
:1014800048B104F11400FEF765FFC31E58425841ED
:1014900003B0BDE8F0830DF106013046FEF7D3FF3F
:1014A000BDF8061011F010081AD0FEF744FF04F53D
:1014B0002B7301461846FEF74DFF30B9012938BF9E
:1014C00001211846FFF773F805E00F1A2046ECF7E4
:1014D0006FFE8742C1D22846FFF767F80120D7E7A1
:1014E00011F0040104F529791AD0FEF724FF014612
:1014F0004846FEF72FFF20B9012938BF0121484691
:10150000E0E70F1A2046ECF727FE8742E3D30421D9
:101510003046FEF722FF41464846FFF748F8A3E76A
:101520004846FFF744F804F52B70F6E770B505461A
:101530000E4604694FF0FF3284F89D1218344FF0C4
:10154000FF332046FEF7F5FE31462846FFF799FAAD
:101550002046BDE87040FFF728B8F8B54768046931
:10156000786D81F0010510B984F89E52F8BD04F140
:1015700018064FF0FF324FF0FF333046FEF7D9FE2A
:1015800084F89E5204F11400FEF7E4FE032805D10E
:1015900094F89E1207F15400FEF7BEFF3046FFF7A5
:1015A00004F80120E2E7F7B50569044605F11806DD
:1015B000476840F21B6200233046FEF7BAFE00285F
:1015C0004DD1204600F0E6FA10B1204600F04DF96A
:1015D000042384218DF80630204601230DF10602F4
:1015E00000F0B9F94FF4FA7002F0BEFB204600F0AB
:1015F0003CF97F2389218DF80730204601230DF126
:10160000070200F0A8F941F2883002F0ADFB322168
:10161000204600F049F995F840301BB12046E96AB0
:10162000ECF720FE40F6AC012046FEF73CFF40F60A
:1016300089012046FEF737FF97F85F3013B1204647
:10164000FEF7F5FE95F89D321BB101212046FFF70C
:1016500018FA2046FEF7B2FF3046FEF7A6FF03B0A9
:10166000F0BD006900F53970FEF774BE0069002115
:1016700000F53970FEF79BBF436893F860203AB1DC
:10168000B3F85C004FF47A73584300F2DC507047B3
:1016900040F2DC5070470C207047302070470369DF
:1016A00083F814137047036993F83D2093F83210C0
:1016B000188EECF769BEF8B5064605690C46FFF7CB
:1016C000F2FF21183029A8BF30210C29B8BF0C2106
:1016D000012385F8151385F80D33002105F54470B5
:1016E000FEF765FF2846ECF797FD002747F6122C1A
:1016F0000446394640F2E7304FF47A72E4FB0C01BD
:101700000023DFF72BFF02460B463046FFF73EF87B
:1017100085F80D73002885F81573C8BF0220F8BD41
:101720000069ECF745BD10B5036903F5447318462D
:10173000FEF710FE821E012A044608D81846002132
:10174000FEF735FF022C14BF0220012010BD00203F
:10175000FCE730B58FB09DF84C40129D002CCDE9D0
:1017600006120CBF19460021002DCDE90C3514BF1F
:1017700002230123CDE9081501A9CDE90A1206AA21
:10178000CDE902230AAACDE904234CB104AB0146FA
:1017900051F8040B8268146802AAA0470FB030BD4C
:1017A0002346F4E703460A4600681979012303FA41
:1017B00001F103691B68194218BF82F001028368B6
:1017C0000AB1DB6818471B69FCE74068C36B13B1BB
:1017D0003C30FFF7E7BF704770B545680C466B6C4F
:1017E000164623B1114005F14400FFF7DBFFEB6C17
:1017F00053B105F14C002CB186F00101BDE87040F9
:10180000FFF7D0BF2146F9E770BDF8B50446006880
:101810000D4618B302F0CDFA08B3E38820682179A9
:101820002B43DA028768066907D513F4402F1EBFE1
:1018300043F3000202F4402253401F2923F4801294
:1018400010D801253468DB0705FA01F54CBF2C439D
:10185000AC4334603B68984700EAE070F8BD6FF035
:101860001200FBE76FF01500F8E7C02330B587B032
:10187000ADF8043001AB02930223039302AB04934F
:10188000012341680593044651F8040B836804AAB8
:101890001D680023A847002804DB4FF47A71204616
:1018A00000F002F807B030BDF8B504460D4600F070
:1018B00078FD0646204600F06DF990B100F071FD0C
:1018C000831BB3F57A7F08D34FF47A735D4300F03E
:1018D00068FDA5F57A77064609E00A2002F044FA89
:1018E000E8E70020F8BD20200021F2F783FE204623
:1018F00000F050F90028F4D000F053FD801BB842EE
:10190000F1D32046FFF7B1FF00F04BFD064602E0A1
:101910000A2002F029FA204600F03CF90028E0D025
:1019200000F03FFD801BB0F5FA6FF1D300F039FDF8
:10193000064603E020200021F2F75CFE204600F07E
:1019400029F90028CDD000F02CFD801B8542F1D86C
:101950006FF07300C6E72DE9FF410E468DF80C10BD
:101960004FF47A71054614461F46D0F80480FFF7FD
:101970009BFFD0B92346CDE900700122404603A960
:10198000FFF7E7FE041E07DB842E09D04FF47A71BF
:101990002846FFF789FF0446204604B0BDE8F081E1
:1019A0004FF4FA7002F0E0F9F6E76FF07304F3E732
:1019B0007FB51D4600238DF80C104FF47A71144644
:1019C00046688DF80D30FFF76FFF60B901230222E2
:1019D000CDE900533046234603A9FFF7BAFE00EADB
:1019E000E07004B070BD6FF07300FAE72DE9FF41BD
:1019F0000D464FF47A71044616461F46D0F804800F
:101A0000FFF752FFC8B90D238DF80C302B0ACDE932
:101A100000708DF80D3003223346404603A98DF83F
:101A20000E50FFF796FE002804DB4FF47A71204633
:101A3000FFF73AFF04B0BDE8F0816FF07300F9E7FB
:101A4000F0B50C4685B04FF47A7115461E464768CE
:101A5000FFF72AFFB0B91D238DF80C30230A8DF84B
:101A60000D3001238DF80F00CDE9006304222B46D1
:101A7000384603A98DF80E40FFF76BFE00EAE070D0
:101A800005B0F0BD6FF07300FAE7F0B51E460E2307
:101A900085B08DF80D104FF47A71044615464768ED
:101AA0008DF80C30FFF700FF80B9CDE900602B46C0
:101AB0000222384603A9FFF74CFE002804DB4FF44E
:101AC0007A712046FFF7F0FE05B0F0BD6FF07300AD
:101AD000FAE77FB51D461E238DF80C3000238DF8E4
:101AE0000D104FF47A71144646688DF80E30FFF7EA
:101AF000DBFE60B901230322CDE9005330462346C3
:101B000003A9FFF726FE00EAE07004B070BD6FF095
:101B10007300FAE7012303FA01F103691B68194214
:101B200018BF82F0010283680AB1DB6818471B699D
:101B3000FCE7CB680BB108691847704702F039B968
:101B400038B544680546206AFFF7F8FFF8B1206A07
:101B500094F824100122FFF7DDFF002816DB9D20FA
:101B60000021F2F747FD206A94F824100022FFF7C5
:101B7000D1FF00280ADB9D200021F2F73BFD4FF446
:101B80007A712846FFF790FE00EAE07038BD6FF0EA
:101B90001200FBE737B54368986A93F82C408368D6
:101BA00001A95B680569984740B92B6801985840BE
:101BB0000123A3401840003818BF0120003818BF87
:101BC000012003B030BD4368026903F13000D160E9
:101BD00019B14FF0B861EDF7ABB84FF40011FAE767
:101BE000704730B543681360057A446804EBC50458
:101BF000A34202D36FF0010030BD5C7908338C4200
:101C0000F1D10020F8E70020704710B40269436862
:101C100011681B68D3F8304171B17CB100244C616C
:101C20001168C97B19B94FF48051C3F808131168C2
:101C30008C7B1CB100238B7310BC7047D3F814113C
:101C400021B10021C3F81411D3F8143112681368BC
:101C5000002BF1D0516810BC184743681B68D3F8BB
:101C60008004C3F88004704742681368D3F84C01BD
:101C700050B10020926A12780A70C3F84C01D3F870
:101C80004C2101229A6270474FF0FF307047002AC2
:101C90000FDD42681368D3F84C0158B10020C3F837
:101CA0004C01D3F84C010120926A12780A709862B4
:101CB00070470020704710B543681C680369EFF354
:101CC0001180202282F312881A68D17B39B991736E
:101CD00001221B68DA734FF48053C4F8043380F395
:101CE000118810BD03691A68D17B21B1012191735C
:101CF00000221B68DA737047026903461168C87BCB
:101D000040B15B681B68D3F8300118B100234B6108
:101D100013689889704743681B68D3F84C010038F2
:101D200018BF0120704743681B68D3F804231203CF
:101D30005CBF4FF40022C3F80423704743681B685C
:101D4000D3F80423120344BF4FF40022C3F808233E
:101D50007047202243681B68C3F804237047202281
:101D600043681B68C3F80823704738B543680446C6
:101D70001D68D5F80433DB0405D4D5F8040310F44A
:101D8000002006D138BDFFF7B7FF0028F5D00120AD
:101D9000F8E72046BDE83840FFF7BDBF0369186883
:101DA00001601B685A60704773B543680E460DF1B9
:101DB00007011C681546FDF7A5FB9DF807304BB9D8
:101DC000C4F83C67C4F84057C4F83031D4F8303117
:101DD0000123236502B070BD13B501AA0446FFF7C5
:101DE00000FF002805DB019B226819791868EDF7D0
:101DF000F3F802B010BD0129F8B505460E461FD113
:101E0000476805690021F8683C68FFF7E5FF08238B
:101E1000C4F800353B7A8BB9BA6AC4F80427C4F811
:101E20000867C4F84C31D4F84C31A6622B682BB14A
:101E30001B7C1BB14FF40023C4F804330020F8BD11
:101E4000002945D147683C68D4F850315BB302693A
:101E5000116859B1D4F80433C3F3C0430B74136849
:101E60001B7C1BB14FF40023C4F8083301234FF44B
:101E7000FA66E362D4F8243123B9022000F098FA1C
:101E8000013EF7D10023C4F85031D4F85021C4F8F2
:101E90002431D4F82421C4F84C31D4F84C21C4F8AE
:101EA0001431D4F814316B684FF47A751E68D6F883
:101EB000303123B9012000F07BFA013DF7D1002336
:101EC000C4F80035F8680121BDE8F840FFF784BF89
:101ED0006FF08500B3E7F8B50669054633689C895D
:101EE00014339442A8BF14460122D3E8EF0F002810
:101EF00003D1C3E8E72F002FF7D10CBF134600230F
:101F00001BD133682246986804F0B7FEEFF31187BF
:101F1000202383F312886B6831681B68D3F8303153
:101F20002BB91C464B6187F311882046F8BD224629
:101F300028468968FFF738FFF5E71C46F5E770B5D6
:101F40004FF4FA530646446D47F6122C5C4356F89C
:101F5000283B05461B6840F2E730B4FBF3F4002150
:101F6000C8344FF47A720023E4FB0C01DFF7F6FA71
:101F700002460B463046F1F731FE08B9286C70BDB9
:101F80006FF07300FBE7002201214A20EAF7F8BB5B
:101F900010B50B6813B91846136005E003685C6858
:101FA0001CB114600368186810BD083303600B6827
:101FB000013B0B60EDE710B5036804468BB11A7D59
:101FC0007AB1186901F0D0FE236898681B7B012163
:101FD000026999401268836811420CBF1B69DB6873
:101FE0009847A36933B9636004F11000BDE810405D
:101FF000F1F7BCBD10BD08B50069C36D8B4204D1BB
:102000005C30FFF7D8FF002008BD4FF0FF30FBE742
:10201000F7B506690746D6F8B820D6F8C0509AB981
:10202000C5B12C46D6F8B41031B33ABB1146D6F838
:10203000BC302BB3002D04BF2C46234638460094F9
:1020400000F03FF903B0F0BDA5B195422C4628BF82
:102050001446E7E7F16D8B88DB0401D400F01DF92D
:102060000023C6F89C3006F1840003B0BDE8F040C0
:10207000F1F77CBD1446D5E70A46D8E72246D6E7F5
:102080001C46DBE770B50D1E064604690ADAE16DF1
:1020900000F003F9C4F89C5004F18400BDE87040DE
:1020A000F1F764BDD4F8B830CBB19D4217D85B1BB3
:1020B000C4F8B830ABBBD4F8A03004F1B802083390
:1020C000C4F8A030D4F8A43004F1A401013BC4F852
:1020D000A43004F1A000FFF75BFFC4F8B400D4F80B
:1020E000C030CBB19D4217D85B1BC4F8C03003BBD6
:1020F000D4F8A83004F1C0020833C4F8A830D4F8EA
:10210000AC3004F1AC01013BC4F8AC3004F1A800E0
:10211000FFF73EFFC4F8BC003046BDE87040FFF753
:1021200077BFD4F8B430002BD9D02B44C4F8B430E6
:10213000D5E7D4F8BC30002BEED02B44C4F8BC302B
:10214000EAE70069C430F1F711BD13B501AA0446EE
:10215000FFF747FD002805DB019B22681979186805
:10216000ECF73AFF02B010BD03460A460068197941
:10217000012303FA01F103691B68194218BF82F0B9
:10218000010283680AB1DB6818471B69FCE7F0B5F8
:1021900004690646D4E915128B1A476885B004D144
:1021A000BB6805B0BDE8F0401847BD8BE16C9D42AF
:1021B00028BF1D4621B101F06043B3F1005F06D195
:1021C000236D3BB103F06043B3F1005F02D0082DF3
:1021D00028BF08250023A36451B1114401F06043D6
:1021E000B3F1005F04D02A46386904F046FD39692E
:1021F000236D43B1A26D134403F06042B2F1005F5E
:102200001CBF7B69A364002914BF2A460022002B4F
:1022100008BF0025CDE90123009100226946204630
:10222000039500F007FC014618B1736830469B68BF
:10223000984705B0F0BD70B50C690E46A16C054617
:1022400039B1A36D206D2A69184404F016FD0023EE
:10225000A3642969AA68A36D304691422CBF5B181C
:102260009B18A365BDE87040FFF791BF08470722A0
:1022700010B503690C461B68C3F800250B7D5BB1E4
:10228000012104F10800FFF76FFF237D23B12069CE
:10229000BDE8104001F068BD10BD38B503690C46BB
:1022A0001D680B7D4BB1086901F05EFD237D23B1F4
:1022B000002104F10800FFF757FF0023C5F800359F
:1022C00038BD10B40469C4E91313019B93422CBFB9
:1022D000636562650023A36510BCFFF758BF006902
:1022E00000F061BC012938B511D014D804694568E3
:1022F00094F828302BB12046EEF7A6FC002384F892
:10230000283001216868BDE83840FFF71EBF4368E8
:1023100000215868F7E7023901298CBF6FF01500DA
:102320006FF0850038BD2DE9F843044600250127EC
:1023300043681B6898476368DE7FDC68B54202D358
:102340000020BDE8F88320682179E388DA0754BFCC
:1023500043F4B01383F4D0131F29D0F80890D0F8B9
:1023600010E023F4801213D8DEF800C0DB0707FA70
:1023700001F84CBF4CEA08032CEA0803CEF8003001
:10238000D9F80030984708340028DAD10135D5E76C
:102390006FF01500D5E708B50220EBF72FFA002003
:1023A00008BD08B5EEF7BCF808BD03460020184785
:1023B00001F0DABC024610B5116891B1B1FA81F3AF
:1023C000C3F11F000123834021EA0303D2E8EF4F4A
:1023D0008C4204D1C2E8EC3FBCF1000FF6D1EBD146
:1023E00010BD6FF00B00FBE710B50368CB40DB07B7
:1023F00010D401238B40026843EA0201D0E8EF4F7A
:10240000944204D1C0E8EC1FBCF1000FF6D1F2D128
:10241000002010BD6FF01500FBE72DE9F0411646D6
:102420001F464FF0010800F160404C1E0444C50BEC
:10243000E40BA54201D9BDE8F08105F00701C5F321
:10244000C700324608FA01F1B8470135F1E7EDF768
:10245000E9BAEDF7ADBBF7B51646DDE908470190DF
:1024600001A81D46EDF7C6FD019BB6F1000C18BF93
:102470004FF0010C00EB83000B1E18BF0123002D51
:1024800043EA4C030CBF4FF0000C4FF00C0C002C37
:1024900043EA0C030CBF4FF0000C4FF4706C002F9C
:1024A00043EA0C030CBF4FF0000C4FF4403CD0F853
:1024B000802043EA0C0322EA030301B109780EB13C
:1024C0003678760019430DB12D78AD0031430CB14B
:1024D0002478240229430FB13F783F040C433C4346
:1024E000C0F8804003B0F0BD1FB50DF10F0301939C
:1024F00000238DF80F101A4619460093FFF7ABFF23
:1025000005B05DF804FB10B504460846EDF782FD02
:1025100004EB4004207DC0F3401010BD10B504460C
:102520000846EDF777FD04EB4004207DC0F3400042
:1025300010BD10B504460846EDF76CFD04EB4004F1
:10254000A08A400B10BD70B5044608461646EDF74C
:1025500061FD083034F810300D46DA0509D5C3F3B3
:10256000432304EBC3023146284654F83330526803
:102570009847A3682BB131462846E268BDE8704011
:10258000184770BD10B504460846EDF743FD04EB4F
:102590004000838ADA051DD5C3F3432123F4F853A1
:1025A000838204F1120204F1580032F8023F13F45E
:1025B000807F03D0C3F3432399420BD08242F4D1EE
:1025C000002204EBC1035A6004F16000BDE8104032
:1025D000FFF70ABF10BDF0B50446002001270546ED
:1025E000844695420AD1D4F8443133B10023C4F86B
:1025F0004431D4F8443140F40030F0BDEBB29B00DC
:1026000003F580769B0807FA03F3194208D054F8C3
:1026100006E0BEF1000F03D044F806C0A6591843E7
:102620000135DEE738B504460D46FFF76CFFA8B16B
:102630002046FFF773FF88B92046FFF77AFF012392
:1026400022688340C2F81833236803EB8000D0F877
:10265000103523F00303C0F8103538BD2846BDE817
:1026600038400021FFF740BF2DE9F04317460446EC
:1026700085B00846EDF7CEFCD7F800800E4605463B
:10268000B8F1000F1ED02046FFF748FF18B12046D2
:10269000FFF739FF20BB00230DF10F02CDE9003316
:1026A0008DF80E308DF80F30304643460DF10E0197
:1026B000FFF7D1FE04EB4502938A23F0020343F0B7
:1026C000010393827B689BB33146204693F80080D8
:1026D000D3F80490FFF722FF28B1B9F1000F1FD003
:1026E0006FF0150027E004EB4500838A23F4604374
:1026F00023F020038382B9F1000F11D0B8F1030F4A
:10270000EED87B6821685B6893F800C04FEA8C03C1
:102710001944B8F1000F11D1C1F81085C1F8108526
:1027200004EB4502938A23F01C0343EA8803938257
:10273000BB684BBB002005B0BDE8F083D1F8102585
:1027400022F00302C1F8102522681344D3F81025A3
:1027500022F4473222F47C72C3F8102541F6F0725D
:10276000D3F8101502EA061242EA08420A43C3F8F7
:10277000102504EB4C03A3F86460838A43EA4C33CE
:1027800043F020038382CBE73146D3E9007820462B
:10279000FFF7F8FE002FCDD063689F4206D004F10A
:1027A0006000FFF707FE002804DAC4E7A368984535
:1027B000F5D1002004EBC003C3E9017804EB450523
:1027C000AB8AC0B243EA402343F48073AB82B1E7E3
:1027D000C0E90312704770B504461546FFF793FE33
:1027E00048B10846EDF716FC04EB40040020A38A2C
:1027F0005B0B2B7070BD6FF01500FBE790F8740059
:10280000003818BF01207047EDF73ABC2DE9F341BD
:1028100004461746FFF777FE0D462668F0B12046BE
:10282000FFF77CFE8046C8B92046FFF782FE820093
:1028300002F5807346F80380F35823681344D3F8F5
:10284000102542F00102C3F8102527B101232268A8
:102850008340C2F8143302B0BDE8F081D6F81433D7
:1028600028469B035CBF4FF40033C6F81433EDF7E2
:10287000D1FB04EB4004A38AC3F38203042B11D0E1
:10288000052B11D001A80195EDF7B4FB019BC168A0
:10289000D94001F001010231284602B0BDE8F04103
:1028A000FFF722BE0321F7E70221F5E7FFF7BABEE3
:1028B00030B50124054690084038844014EA0100F0
:1028C00009D0A85838B10021A950AA5813B11A68E4
:1028D00022431A60012030BD00232DE9F341044654
:1028E0000D460193904601AB4FF48072FFF7E0FF75
:1028F0004FF4827229462046FFF7DAFF4FF48472C4
:10290000074629462046FFF7D3FF064630B1B8F107
:10291000000F1DD017B13E46D4F80C374FF4A67205
:102920002946204601ABFFF7C3FF30B1B8F1000FD5
:1029300003D016B90FB1D4F80C374FF4B47229464E
:10294000204601ABFFF7B4FF019802B0BDE8F0816B
:102950004646E3E707B5019001A8EEF725F8012305
:10296000019A9340436003B05DF804FB07B5019002
:1029700001A8EEF719F80123019A9340836003B090
:102980005DF804FB70B54B7F04460D467BB1012317
:1029900064264360002202212046FFF79DFF20B9F4
:1029A0000120FFF705FD013EF4D100236B770023E2
:1029B000C4F8003570BDF8B51E4690F820300446C6
:1029C0000D46174693B919B14969EDF7FDFF80B17E
:1029D000C4E901761DB129462046EEF73BF80020F8
:1029E000012384F8210084F82030F8BD6FF07700CF
:1029F000FBE76FF01500F8E770B590F8203005465A
:102A00000E4673B190F8213003F0FF0463B94969B1
:102A1000EDF7DAFF58B128463146EEF71BF82046AD
:102A200070BD6FF07600FBE76FF00F00F8E76FF016
:102A30001500F5E7F0B590F8213005460E4617462B
:102A400085B0002B40F0AC8043682BB112F0140F1E
:102A500004BF012380F8213005F1100496E80F002F
:102A600084E80F00686A431C05D095F822309C0763
:102A700017D5FFF76FFF33682C6823B103F060436D
:102A8000B3F1005F06D1B36873B103F06043B3F1F3
:102A9000005F09D000236FF00C0085F8213005B0ED
:102AA000F0BDFFF763FFE6E795F8223007F001027B
:102AB00062F3C303C7F3400060F3820307F002012F
:102AC00085F82230002A59D00123C4F84C37002958
:102AD00057D00123C4F81437D6E900C1D6E9022340
:102AE0000026C4F83CC7C4F84017C4F80427C4F84B
:102AF0000837C4F80861D4F808010720C4F80005B5
:102B000095F82200C0060BD58220C4F8840C6868B2
:102B100030B1C4F80061D4F800010120C4F8040306
:102B200017F0080612D14FF0010E6868C4F800E0F3
:102B300060B9D4F808010028FBD0CDE900C1CDE987
:102B4000022304216A462046FFF7C6FE6B68F3B9EC
:102B500095F82220D10648BFC4F8843C686A421C1C
:102B600005D095F822309B070ED5FFF7FFFE1EB962
:102B70002046291DFFF706FF002090E7C4F84C27E8
:102B8000A5E7C4F81417A7E7FFF7E4FEEFE704236F
:102B900017F0040F14BFC4F80833C4F80433EBE78C
:102BA0006FF00F007BE7011D0068FFF7EBBE70B50B
:102BB00090F822300446D906056810D5D5F80433BC
:102BC000DA070CD5D5F800314BB10023C5F8003138
:102BD000D5F80021C5F8843C0123C5F80833042149
:102BE000284604F11002FFF777FE48B3606A431CE1
:102BF00005D094F822309E071FD5FFF7B7FE94F852
:102C000021301BB12846211DFFF7BCFE94F822207D
:102C10002046110742BFD4E904315B1823615307F2
:102C200042BFD4E906329B18A361002300F80C3F91
:102C3000D4E90131BDE870401847FFF78BFEDEE7AD
:102C400070BD0368013304D04068431C58425841AA
:102C500070470120704710B504680B689C4209D08A
:102C600040684968884205D08C4203D0181A18BFC2
:102C7000012010BD0020FCE740F30903B3F1FF3F42
:102C800008BF0130C0F30900043070470A680368C8
:102C9000534003604A684368534043608A688368CE
:102CA00053408360704708B503681B0D13F4E0635D
:102CB00004D00430FFF7CFFF80F0010303F00100E0
:102CC00008BDC36E426D1944891AB1FBF3F203FBD0
:102CD0001211836D8B4208D90123406ECA0801F09E
:102CE00007018B40815C0B438354002070470246F0
:102CF00008B50846FFF7C0FF1368034413600020BF
:102D000008BD036801330360002070472DE9F04FD0
:102D100087B00393836E139EDB691746DDE9114884
:102D2000A2199A4281468A4607D8C36E002B00F04A
:102D30009E80109A934200F29A806FF0530093E0C5
:102D4000BAF1000F3FD0DAF80030109A93423AD12E
:102D5000DAE9015305EB030BA34534D9A54214D896
:102D6000ABEB040BB34528BFB346DAF80C10651B78
:102D700040465A46294403F080FFD8445C44A6EB01
:102D80000B06002EDCD130466EE02D1BB54228BF6D
:102D900035463B68109A93421BD1D7E901130B4487
:102DA000A34216D9A14210D81B1B9D4228BF1D4625
:102DB000FB68611A40462A46194403F05EFFA844A6
:102DC0002C44761BDDE73546E3E7091B8D4228BF1F
:102DD0000D46039B9E421FD3D9F868004369B4FB9C
:102DE000F3F203FB1242BAB9B34215D8B5FBF3F2C2
:102DF00003FB02FBA5EB0B03CDF800B00493436883
:102E000022469C4610994346E04768BB049BD84441
:102E10005B1B5C441E44B4E7109B3B60D9F86830F0
:102E20005B69B4FBF3F25A437A60D9F86810059BEA
:102E3000486903442344B3FBF0F34343C869834226
:102E400094BFC2EB0305C2EB00058B6A10999D424B
:102E500028BF1D46BD60D9F8680000954568FB682D
:102E6000A84700283FF46CAF07B0BDE8F08F039B84
:102E7000013B059385E71FB5C3F309040294069C43
:102E8000019400240094EDF74FFF04B010BD30B55D
:102E9000134604460268082087B004AD916E039083
:102EA0000295586801901B6810460093CB6902F1A7
:102EB0001001FFF72BFF18B92846211DFFF7CBFEA5
:102EC00007B030BD2DE9F04F0646884691469A4638
:102ED000002487B0119F0DF1100BA74203D80020EA
:102EE00007B0BDE8F08F3D1B082D28BF0825109BBB
:102EF0004246E318CDE900A300213046CDE902B5F2
:102F0000A9EB0403FFF702FF0028E9D1129B2A4630
:102F100018685946F0F728FA129B2C441860DCE731
:102F20001FB50023CDE9023301934FF0FF33009327
:102F3000EEF7AAF905B05DF804FB2DE9F04F07465E
:102F4000884691469A46002487B0129E0DF1100BD8
:102F5000A64201D800201BE0351B082D28BF0825FC
:102F6000109B4246E318CDE900A300213846CDE985
:102F700002B5A9EB0403FFF7C9FE48B9119B2A4625
:102F80005846191903F0B2FE002804D005DA0120D2
:102F900007B0BDE8F08F2C44DAE70220F8E730B53F
:102FA00013468268C1F30905AA4228BF2A4685B0A4
:102FB00002924168044601915968009101681B68BA
:102FC0000846FFF7BAFF28B9A368AB4202D034BF66
:102FD0000120022005B030BD036B1944C1F3090381
:102FE000003B18BF012321F0004141EAC371016396
:102FF000704710B5836E04465B6B13B9C068E9F780
:1030000023FFA36E9B6B13B9E069E9F71DFFA36E65
:10301000DB6B23B9606EBDE81040E9F715BF10BD4A
:10302000F8B5C6690D68083EB5420F4613D3B5FB27
:10303000F6F00138DEF7C6FA841CA5EB8404B4FB75
:10304000F6F42046DEF7BEFAA5EB8005204604FB29
:1030500016553D60F8BD0020FCE72DE9F04F89B022
:1030600006460F46DDF84C8005924BB94FF0FF3213
:10307000C8F800200020149A136009B0BDE8F08F52
:10308000846E013B07A920460793FFF7C9FF12A9E9
:1030900005462046FFF7C4FF4FF0040A81460DF1B4
:1030A000140BA945059A03D3129BC8F80020E1E749
:1030B00095FAA5F3A5EB0904B4FA84F4B3FA83F303
:1030C000C4F11F049C4228BF1C46A300CDE9002385
:1030D000002104233A463046CDE902BAFFF716FE36
:1030E0000028CAD10123A340ED1ADAE72DE9F04FF9
:1030F00089B00646DDE9120A0F4690461D4688B3A0
:103100000138059005A9B06EFFF78AFF04460DF15E
:10311000180B29461498D04720BB1CB304F00109B2
:10312000C9F102039B00CDE90050424639463046C2
:10313000CDE902B3FFF7EAFDA0B9E54305F00105CB
:10314000A84207DB08AB03EB8505023C55F8085C99
:103150004C44DEE706991498D04703460120002B23
:10316000EED0184609B0BDE8F08FC368184710B517
:103170000C46826AFF21E06803F0A5FD4FF0FF33A3
:10318000236010BD38B581660B6A0446C3664B6B7D
:103190000D46002B3BD0C360AB6B002B43D0E361EB
:1031A00028462146FFF7E3FFA06E04F11001FFF768
:1031B000DEFFA56EEB6B002B3CD063662B6C002B07
:1031C00008BFFF2323676B6C002B08BF6FF0004321
:1031D000636740F2FE33AA6C002A08BF1A46A26752
:1031E0002B6D591CE3672CD10023E36700204FF0BF
:1031F000FF33C4E90A00C4E90833C4E90F00C4E995
:103200000C00C4E912006064A063206538BD886AC0
:10321000E9F700FEE0600028BED12046FFF7E9FE96
:103220006FF00B00F2E7A86AE9F7F4FDE06100280F
:10323000B6D1F2E7E86AE9F7EDFD60660028BDD196
:10324000EBE7002BD2D1EB6CA96A43B18A4228BFCD
:103250000A46DB089A4294BFE267E367C6E7EB6978
:10326000F4E72DE9F0430D4609689846CB1C064665
:10327000174685B003D9002005B0BDE8F083806E05
:10328000AC6883691C44013CB4FBF3F45C430094D8
:10329000D0F80890EB686A68C8470028ECD1B8F10C
:1032A000000F04D12946B06EFFF761FFE3E74FF04E
:1032B000FF333B600294EB68224601936B6839460A
:1032C000009330462B68FFF738FE0028D4DBE9D0A6
:1032D0006FF05300D0E72DE9F84F0646DDE90B5AB1
:1032E0000C46904699460D9F002F3AD0002108E0E9
:1032F0000A9B2360B36E9A69B5FBF2F35343C4E9AA
:10330000013123680A9A9342F2D16068A842EFD84B
:10331000B36E9A6A0244AA42EAD9521BBA4228BF43
:103320003A469346E368281A5146184403F0A5FC30
:103330006368A2685D44EB1A934238BF1346A360EA
:10334000B26EDA44926AA7EB0B079A42CCD14B4695
:10335000424621463046FFF784FF0028C4D0BDE82E
:10336000F88F3846FBE7F0B585B0CDE902231D465E
:103370004B680C4601930B681746009302460023E6
:1033800000F11001FFF7A7FF064640B92A4639466B
:10339000E068EFF7E9FF6368E0602B446360304664
:1033A00005B0F0BD2DE9F04F064687B010469946AE
:1033B000FFF762FC4B6893464A69034493420C460C
:1033C000804641D88B682BF0004A8AEA03031BBA77
:1033D00005933046042305AAFFF7C5FF054678BBD1
:1033E000BBF1000FA8F1040720DA0DF1130B2FB386
:1033F0000123CDE902B3D9F804303246043B4344FB
:10340000DB1B0193D9F800300021009330463B4686
:10341000FFF77CFC40B901235A4621463046FFF7AE
:10342000A2FF013F0028E2D0054609E03B464A469C
:1034300021463046FFF797FF0028F5D1C4F808A0D1
:10344000284607B0BDE8F08F6FF01B05F8E713467C
:103450000A46D0E90001FFF7A5BF10B5D1E9003455
:1034600082699A4210D1C369A34211D0D1E90234D2
:10347000A34205D15B000A60C269CB6000234A60A9
:10348000002001338B6010BDA242EFD1C469EBE78D
:103490006FF05300F7E738B504460D46A16DE36DB4
:1034A0008B4208D3236E002B30D02046EEF7E8FA8B
:1034B0000028F3D021E0606EDA08825C03F0070098
:1034C000C240D2071AD4626D1344E26EB3FBF2F12C
:1034D00002FB11332B60A56DE36D226E0133013ABF
:1034E000AB42E36522660FD2616EDA08885C03F0B6
:1034F0000703D84010F00100EED138BD0133E36579
:10350000236E013B2366CAE70020F6E76FF01B003D
:10351000F3E77FB50C4604310646FFF7BCFF0546CE
:1035200070BB21463046FFF7B6FF054640BB22463A
:10353000042342F8080FCDE90223019022680146D6
:10354000009230463246FFF7E1FB10B110F1540F04
:1035500019D1B36E5A6A002A09DDA368013242F01C
:103560000102013B1344B3FBF2F35343A3604FF05A
:10357000FF330422C4E903230022C4E90523E361E5
:10358000284604B070BD0546FAE72DE9F04F93B028
:10359000CDE907230B6B0646DA010D461BD54C6BB4
:1035A000089BCA6AE318934238BF1346C26F9A4217
:1035B00011D2CC63C36E0366EEF78AFA2B6B044616
:1035C00030B143F480132B63204613B0BDE8F08F75
:1035D00023F080732B63089B069305F140030C9343
:1035E000069B0BB9089CEFE72B6B13F4802204D0E9
:1035F000B16EEF6BC9698F4247D1DB0100F1E0800A
:1036000005F140030A93CAB96B6BBBB1119211AAC1
:103610000292013B05F13802019200933046D5E950
:103620000A2305F14001FFF718FD044608B12B6B92
:10363000C7E7B06E05F14001FFF799FDF36E336601
:10364000AB6B09936B6B0593013B0B9330460FA952
:10365000FFF721FF04460028E9D1DDF83C80B06E79
:103660004146FFF782FD044630B114F1540FDED11C
:103670004FF0FF332B64E9E7059B4BBB1F46C5E9C1
:103680000E832B6B43F480232B63B36EDB69DF1B4C
:10369000069B9F4228BF1F46079B03970293EB6B35
:1036A00032460193AB6B304600930C990123FFF730
:1036B00012FE0446002800F0888010F1540FB6D1A5
:1036C00029463046EEF704FA04460028E4D0AEE777
:1036D000D6F868900B9B484610A91093FFF7A0FC02
:1036E000109FD9F81C3001379F42109750D1471CCA
:1036F00097FAA7F7B7FA87F7A146099B07F1010ADE
:1037000011930DF1440B4FEA89030D930423CDE986
:1037100002B34FEA8903CDE90083324601233046E4
:103720000A99FFF7D8FD044600289ED14F4535D1B0
:1037300009F10109CA45E6D8C5F838804FEA8A0779
:1037400024E0099B3246009300213046CDE902BABD
:10375000CDF80490A7EB0903FFF7D8FA0446002838
:103760007FF465AF012332463046CDE902BACDE998
:1037700000890A99FFF7AFFD044600287FF475AF72
:1037800009F101094F45DCD8C5F83880EF6378E7C7
:10379000A1464FF0010A0DF1440BF3E70423CDE9F4
:1037A00002B34FEA89030193119B0146009332460D
:1037B00004233046FFF7AAFA04460028B8D036E7BB
:1037C0006FF001036F6BAB63E0E76B6B3B446B63C4
:1037D000EB6B3B44EB63079B3B440793069BDB1B74
:1037E0000693F36E3366FBE6F0B50C46096B0546AF
:1037F000080397B008D5CA0158BF4FF0FF3321F432
:10380000002158BF236421634B0302D4002017B06A
:10381000F0BD11F08071666BE76A3FD1542201A8B8
:1038200003F051FAA36ACDE90B37012311AFCDE9BB
:103830000D3695E80F0087E80F004FF0FF372F6037
:10384000626BE36A9A4212D304F1400701232A46CD
:1038500039462846FFF705FD20B310F1540FD6D1A5
:1038600021462846EEF734F90028EFD0CFE70123B0
:1038700028460DF1030201A9EDF7AAFF0028C6DBD7
:103880000123214628460DF10302FFF77EFE0028A2
:10389000BDDB2B680133D3D01197D0E7BE422CBFDC
:1038A00066636763A36BA362636BE362236B23F4BA
:1038B000802343F48033C4E90C36A7E72DE9F743AE
:1038C0001E460B6B17461A0305460C4619D4216B8E
:1038D0000B051DD4D4F834806B6F08EB06029A42B6
:1038E0002FD811F4802919D033463A46214628466C
:1038F000FFF74BFE002808DB236B23F490132363B0
:1039000003E0FFF771FF0028E1D003B0BDE8F083CA
:10391000E36A626B934288BF6363DBE7E36A9845BF
:10392000E2D96363636B9845DED9012321462846BB
:103930000DF107028DF80790FFF727FE0028F1DA56
:10394000E3E76FF01A00E0E72DE9F34107460E4682
:1039500014464D6B13B1012B09D12C447B6FA3424C
:103960003CD3AC4210D1204602B0BDE8F081022B1E
:1039700008D1D1E90B32520302D5AB4238BF2B46F6
:103980001C44EBE72C46E9E7336B1B031ED5D7F845
:103990006880F26BD8F81C309A4217D069464046CE
:1039A0000095FFF73DFB01A9054640460194FFF74E
:1039B00037FB85420AD1736C019A934206D8B16CE9
:1039C0000B449A4202D27463F263CCE73146384624
:1039D000FFF70AFF0028C7D17463C4E76FF0150032
:1039E000C2E72DE9F0438DB00C4604A90546174601
:1039F0009846BDF85490FFF78CFD064628BBE37D42
:103A00003A468DF82730A36928460A93E36904A94A
:103A10000B93BDF85830CDE90193149B00934346B6
:103A2000EEF7FCF9002814DB0123049F059A2046D9
:103A3000A761E261E37505F12001FFF70CF920B9F8
:103A4000B9F1000F01D1C5E9087230460DB0BDE8EB
:103A5000F0830646F9E710B50446EEF7CFFC0028E0
:103A600006DB05D02046BDE810400021EEF73ABE47
:103A700010BDF0B587B00C460546FFF7B5FE226BCA
:103A8000064628B142F480122263304607B0F0BDEA
:103A9000D10349D504F108073846FFF7D2F80028CA
:103AA00042D1D20120D540F20120E36CE26AA18824
:103AB00042EA812242EA0052CDE90223226D2846E1
:103AC000936843EA812343F0815304935368394652
:103AD000059302AA0223FFF7BEFF236B08B343F44A
:103AE000801323630646D0E74FF0FF3329462A466A
:103AF00041F8103B28463346FFF7B3FB0028F1D1CD
:103B0000A86E036998470028ECD1236BDB01CAD467
:103B1000D4E90A016B46CDE90001082240F20220F7
:103B2000C5E723F480332363AA6A04F1080522B9A8
:103B3000236B23F490132363A7E7944210D0937967
:103B4000012B0DD1294602F10800FFF784F838B99E
:103B5000A3889188994202BF136B43F40033136327
:103B60001268E4E70B6B70B5DB0206460C4613D413
:103B7000FFF77FFF0546B26A06F1280322B11A68F3
:103B800094420BD122681A60236D1B6813B9E06C54
:103B9000E9F75AF9284670BD0025ECE7134612688C
:103BA000ECE708B5FFF725FA002008BD70B58AB02C
:103BB00001911646002301AA02A90546EDF75EFD14
:103BC000041E0FDB2F21019803F0A0F810B1230D84
:103BD000022B0AD1C4F389223346284602A9EDF705
:103BE00061F9044620460AB070BD6FF01304F9E78E
:103BF000EEF7A2BEFFF7B6BFFFF73BBF2DE9F041DE
:103C00001F460B6B05465B030C46164607D43B4626
:103C1000324621462846BDE8F041EDF7D9BDFFF711
:103C2000E3FD0028F3D0BDE8F081FFF747BEFFF7C2
:103C30008BBE2DE9F041161E05460C4686B076DB9C
:103C4000D1E90B3252034F6B02D5BB4238BF3B4622
:103C50009E4251D2EB6F9E4230D8002321461A4635
:103C60002846FFF771FE00285EDB4FF0FF33214648
:103C70002B6028463346EA68EDF7AAFD002853DB9F
:103C8000236B6FF0010243F0847343F480332363AA
:103C90000023C4E90A2622646364AB6E32469B6A41
:103CA000E06CA364E96802F0E8FF00233A4621468D
:103CB0002846FFF749FE00EAE07035E02146284635
:103CC000FFF792FD80BB05AB029304F1380301932B
:103CD000731E0093059004F140012846D4E90A239D
:103CE000FFF7BBF900BBA36B6663C4E90A36236B1D
:103CF00043F410232363D8E7D7D9022300222146B7
:103D00002846FFF721FE00280EDB4FF00008636B0A
:103D10009E42CAD901232146284605AA8DF814805F
:103D2000FFF7CCFD0028F2DA06B0BDE8F0816FF0B5
:103D30001500F9E7486B7047826A00F1280322B149
:103D40001A68914203D10A681A600020704713462E
:103D50001268F4E7EDF730BF08B5F2F77FFA0028F4
:103D600018BF6FF0040008BD08B1E9F7ADB870479F
:103D700010B5436904463BB90020E26840425378DD
:103D800043F00103537010BD98470028F4D0002879
:103D9000B8BF4042FF28A8BFFF20E3681870ECE7D7
:103DA000C3685B78DB0701D4FFF7E2BF6FF07700F1
:103DB000704740B1C368587810F001001EBF1878F2
:103DC000B0FA80F0400970472DE9F04F89B0DDE985
:103DD0001268059243460546324606A80F4600F093
:103DE00043FBDDE90634CDE90234EFF311844FF0F3
:103DF000200989F3128805F10C0A05F1140B3946E4
:103E00002846059A149B984720B184F3118809B07D
:103E1000BDE8F08F56EA0806F7D0DDE9022306A8D0
:103E200000F047FBDDE90668524621465846CDE9D9
:103E30000068F0F749FBEFF3118489F31288DEE79D
:103E400010B400F10C04C0E903440024047510BC54
:103E5000FBF7D2B938B50446EFF31185202383F37D
:103E60001288FBF7D6F804F10C0000F081FA30B1AB
:103E7000294604F11400BDE83840F0F7ADBA85F3E7
:103E8000118838BD10B582696AB1C36842EA03017E
:103E9000890708D14169A2FB011424B95B182CBF22
:103EA0000121002102D36FF0150005E001619B1A8A
:103EB00042698A4201D8002010BD026901311A60AE
:103EC000826903619B1AF3E72DE9F04105460F462D
:103ED000EFF31188202383F312880669FEB9046882
:103EE000A0421CD0DCB1D4E9003213605A60237CBC
:103EF000C4E9006623F002032374A66004F11800ED
:103F0000F0F73CFD2046C4F894606761F0F768F96B
:103F1000414605F10800BDE8F041F0F75DBA3E60AA
:103F2000EB692F61013BEB6188F31188BDE8F081FB
:103F300010B52024EFF3118384F31288FBF7D8FB2C
:103F4000F8E7D0E9003213605A600023027CC0E930
:103F5000003322F00202027483607047C0E9032339
:103F600003FB02120023436280F83030037200F139
:103F70002803C0E90621C0E90000C0E90A33416115
:103F80000162704713B501240094EFF7FBFB02B008
:103F900010BD70B50446EFF31186202383F3128819
:103FA00000232568AC4212D08DB12846FFF7C9FF27
:103FB00005F11800F0F7E2FC6FF02203C5F8943029
:103FC000002328466B61F0F70BF90123E9E7002293
:103FD0006262226AE26133B1314604F10800BDE851
:103FE0007040F0F7F9B986F3118870BD90F90E3082
:103FF0008B4201D0F0F796BA0020704703460020AC
:10400000C3E90033C3E90200186170475AB18A421C
:1040100009D300F11003C0E90212C0E90000C0E9B1
:104020000433002070476FF01500704701230268C9
:104030008B4022EA0303036022FA01F000F0010042
:104040007047F8B504460E460C300321FFF7EEFF2B
:10405000054630B1202710342046F0F78FFC0B3096
:1040600001D02846F8BD336883F31188EFF311833C
:1040700087F312883360EFE770B5C3680446C3F373
:1040800040069B0716D4856802210C30FFF7CEFF4F
:1040900080B1D5F89C206AB194421DD122689EB9A6
:1040A000D5F8A030C5F89C209C4201D1C5F8A020CD
:1040B00000232360E36813F01F001EBF43F00203D8
:1040C000E36040F0020070BD3260D5F8A020944259
:1040D00008BFC5F8A060EBE716461268DBE738B505
:1040E000E0B150F8A44F844218D0BCB1D4E90032FA
:1040F000002513605A60237CC4E9005523F00203B5
:104100002374A56004F11800F0F738FCC4F894504B
:1041100065612046BDE83840F0F762B838BD73B538
:104120000446EFF31185202383F312880023A0F1C6
:104130001006032104380193FFF778FF28B1A36923
:10414000304601A90193EFF763FE85F3118802B0B1
:1041500070BD38B504460D461022002102F0B3FDB3
:10416000656038BDEFF31183202282F31288C068A6
:1041700000F01F0083F311887047EFF79BBE38B53E
:1041800030220D460021044602F09DFD4FF480735D
:104190006560E36038BDFFF7E5BF37B50446EFF370
:1041A0001183202282F3128801A90193FFF749FFAE
:1041B0002046019DFFF760FF85F3118803B030BDF5
:1041C000EFF30580003818BF012070476FF05700EB
:1041D00070470020704738B50446EFF3118520235F
:1041E00083F31288037C5B070ED51830F0F7C6FB0B
:1041F000237C204623F004032374EFF7F1FF2846C5
:10420000BDE83840F0F7F8B885F3118838BD38B507
:104210008589EFF31181202282F31288037C13F049
:10422000080402D081F3118838BD0122F0F742F86A
:10423000EB07F9D584F311880423184602DFF3E76E
:10424000F0F702B9D0E9003213605A600023C0E9E8
:104250000033704708B5FFF7F5FF037C23F0020336
:1042600003740023836008BD10B5EFF3118420238D
:1042700083F31288EFF7B4FF84F3118810BD38B5CB
:1042800004460D46EFF7ECFF237C43F00203237452
:10429000D5B1A5602B689D4209D16B68C4E9005374
:1042A0001C606C6010E06A689A42F6D01B68002BB4
:1042B000F3D093F90E1094F90E209142F3DD5A6871
:1042C000C4E9003214605C6038BD08B5037C014667
:1042D00013F0280F0CD183680BB1FFF7BBFF0B7CE9
:1042E000084623F004030B74BDE80840EFF778BFDD
:1042F00008BD38B50446EFF31185202383F31288F7
:10430000F0F77AFB18B9A4F11800FFF7DEFF85F388
:10431000118838BD08B50346EFF31181202282F3DE
:1043200012880068834205D008B1FFF793FF81F33C
:10433000118808BD0020FAE770B50546EFF3118437
:10434000202383F3128883680BB1FFF783FF2026B5
:1043500018352846F0F712FB0B3002D084F3118891
:1043600070BD84F31188EFF3118486F31288F0E7AF
:1043700070B50546EFF31186202383F31288046895
:104380000020A54202D186F3118870BD002CFAD01E
:104390002046FFF75FFF04F11800F0F7EFFA204620
:1043A000EFF71EFF01202C68EBE72DE9F0470646EA
:1043B0000F4691469A46EFF31188202383F3128823
:1043C0000068864206D028B1736898420CBF002569
:1043D000056858B90024B9F1000F02D051462046B3
:1043E000C84788F311882046BDE8F0875146B84792
:1043F00004460028EFD135B17368AB4200D02C6879
:1044000028462546E5E72C46FAE708B5F0F782F995
:10441000BDE80840F0F7B4B908B50246F0F70EFA67
:104420006FF00041B8B18A4213D2D0E90230B0F146
:10443000FF3F08BFB3F1FF3F03D08B4270F1000094
:1044400003DB6FF00040801A08BD9A4201D2981A2F
:10445000FAE70020F8E78A42F3D3F5E708B5F0F76A
:104460004BFB08BDF0F748BBB3F1FF3F08BFB2F10B
:10447000FF3F70B506461D46144614D01A4316D0A9
:10448000002B08DBF0F738FB041941EB0501C6E906
:104490000041304670BD6FF001031C1B4FF0FF332D
:1044A00063EB0501F3E74FF0FF342146EFE700240B
:1044B000FBE7B3F1FF3F08BFB2F1FF3FF8B5074696
:1044C00016461C4610D054EA020311D0F0F714FB34
:1044D000B0420A46A14103460AD2F31A64EB020431
:1044E000C7E900343846F8BD4FF0FF331C46F7E704
:1044F0000023FBE730B5D0E90034984208D03CB146
:10450000A568DDB112F9522C15F9525CAA4207DDFB
:10451000C1E90004216041600FE0A342F8D01B68AC
:10452000002BF5D09D684DB115F9525C9542F4DD34
:104530005A68C1E900321160596030BD00239B7B8D
:10454000FFDE2DE9F84F00250F4614469846014638
:104550002E464FF0200AA946BD4202DB3046BDE898
:10456000F88FEFF3118B8AF312884B7B03F03F0334
:10457000082B09D853B1013B072B07D8DFE803F01C
:10458000281C06220606062E102B2DD0B8F1000F8F
:104590003BD12378002B38D04B7B03F03F03082B13
:1045A00038D8002B38D0013B072B35D8DFE803F093
:1045B0004137343D343434440B699B68002BE5D0DB
:1045C000022317E00B691B68002BDFD0042311E0E6
:1045D0000B699B68002BD9D001230BE00B695B6A48
:1045E000002BD3D0102305E00B699A895B899A428E
:1045F000CCD02023CA68C1F80890C2F386300343A8
:1046000063F39432CA6084F800908BF3118801350B
:104610001431A1E7102B0FD08C600136F5E722464C
:1046200008691030FFF766FFF6E708692246143084
:10463000F8E722460869F5E7086922462830F1E7DD
:104640002DE9F843846805460E46D4B16378012B02
:1046500022D114F8503C9A0711D5A4F160073846CE
:10466000FFF76AFE082E14BF00236FF00303636395
:1046700014F8503CDB0602D13846FFF7F5FD002365
:1046800023700023AB60EB68C3F38632164366F3F6
:104690009433EB60BDE8F883022BF0D12378002B34
:1046A000EDD054F8048CB8F1000FE8D04FF00009B9
:1046B000274604F1140007F81499F0F75FF939461A
:1046C0004046C4F82C90EFF7F5FBD8E738B5EFF388
:1046D0001185202383F312880468A0420FD0D4E907
:1046E000003213605A6000232046C4E90033FFF70C
:1046F000A7FF85F31188201E18BF012038BD0024B4
:10470000F7E70023C0E9000083607047002383605F
:10471000704783680B60C368136070472DE9F347E7
:1047200002F002031646DDE90AA953EA0102054632
:104730000C460AD0EFF31188202282F312880BB1C5
:10474000002383602CB988F31188002002B0BDE8F3
:10475000F087EFF7C7FFAB68F107074603EA0400ED
:1047600008D5844208D1720744BF8343AB6088F305
:104770001188EBE70028F6D15AEA0903E3D0C7E92C
:1047800019462A464146CDE900A905F10C00EFF78C
:104790009BFE0028D9D1786ED8E710B50B68044687
:1047A000D0E9190212F0010F03EA000301D0984288
:1047B00011D183B16366520748BF4A6804F11800FB
:1047C00044BF1A434A60F0F7D9F800232046C4F8E2
:1047D0009430FFF77AFD002010BD0023C0E90000EF
:1047E0008360037370470A46F0F7F4BA0A46002163
:1047F000F0F7F0BA5200FFF791BF837842781B04BC
:10480000007843EA0223184370470068704708B5F0
:104810000246FFF7FAFF0346101DFFF7F6FF0146B9
:10482000184608BD0B0A017043700B0C090E83700B
:10483000C170704708B501EB8202031F0846FFF7FD
:10484000E4FF0431914243F8040FF7D108BD10B5DD
:1048500000EB82020C1F54F8041FFFF7E3FF043043
:104860009042F8D110BD2DE9F04188460546FFF78A
:10487000CEFF064640460C46FFF7C9FF464005F10D
:1048800008004C40FFF7C3FF074608F108000D463B
:10489000FFF7BDFF7840694030432143BDE8F08118
:1048A000F8B506460F46FFF7DEFF05460C4606F153
:1048B000100007F11001FFF7D6FF28432143F8BD90
:1048C0002822002102F0FFB901232422002140F810
:1048D000043B02F0F8B9002351F8232040F82320CC
:1048E00001330A2BF8D17047002351F8232052429C
:1048F00040F8232001330A2BF7D17047002330B54D
:1049000051F8234052F823502C4440F823400133FF
:104910000A2BF5D130BD002330B551F8234052F8B1
:104920002350641B40F8234001330A2BF5D130BDDE
:1049300013B552420B6801920268019C5340234018
:104940005A4002600A68019C5A400A6042684B68FB
:10495000534023405A4042604A68019C5A404A6092
:1049600082688B68534023405A4082608A68019C69
:104970005A408A60C268CB68534023405A40C260A4
:10498000CA68019C5A40CA6002690B6953402340BF
:104990005A4002610A695A400A6142694B69019CA6
:1049A000534023405A4042614A69019C5A404A613F
:1049B00082698B69534023405A4082618A69019C15
:1049C0005A408A61C269CB69534023405A40C26150
:1049D000CA69019C5A40CA61026A0B6A534023406B
:1049E0005A4002620A6A019C5A400A62426A4B6A51
:1049F000534023405A4042624A6A5A404A6202B0D7
:104A000010BD13B552420B6801920268019C5340DD
:104A10002340534003604B684268019C534023404D
:104A2000534043608B688268019C5340234053404D
:104A30008360CB68C268019C534023405340C360ED
:104A400002690B69019C5340234053400361426952
:104A50004B69019C534023405340436182698B69F9
:104A6000019C5340234053408361C269019CCB6940
:104A7000534023405340C361026A0B6A019C534078
:104A8000234053400362426A4B6A019C53402340D7
:104A90005340436202B010BD2DE9F04F044687B089
:104AA0000846FFF7B2FE8246081D1746FFF7A5FE2F
:104AB0008301C81D0493FFF7A0FE430101F10A0022
:104AC0000193FFF79AFE4FEAC00801F10D00FFF7CE
:104AD00094FE860001F11000FFF797FE009001F1AF
:104AE0001400FFF78AFE4FEAC01901F11700FFF723
:104AF00084FE430101F11A000293FFF77EFE0301D9
:104B000001F11D006FF07F410393FFF776FE002552
:104B100041FA07F202401AF100714FEA820E4FEAA1
:104B2000916145F1000241EA8211049B8806BAEBCB
:104B3000000A4FEA911C6CEB4C0B92165F1842F185
:104B4000000216F1007045F10005800E40EA851064
:104B50008306F31A009E4FEA901161EB4101AD16F6
:104B6000361845F1000517F1807C42F100024FEA4A
:104B70005C6C4CEAC21C5016A7EB4C620492019A82
:104B800012EB0C02009240F1000016F1807245F128
:104B9000000C520E42EACC1219EB0209A6EB426558
:104BA000009A4FEA6C6C4CF1000C12F1007240F16B
:104BB0000000920E42EA80120595801618EB02055D
:104BC000019540F1000019F100754CF1000C4FEA1D
:104BD0009568029D48EA8C1815EB08050295019D21
:104BE0004FEAAC6C4CF1000C15F1807740F10000FD
:104BF0007F0E47EAC0170298DB1941F1000110F15E
:104C000080754CF1000C03986D0E45EACC154019E7
:104C10004FEA6C6C4CF1000C13F10076039041F1FB
:104C2000000110F100704CF1000C800E40EA8C1075
:104C30001EEB000E4FEA96664FEAAC6C46EA811610
:104C40004CF1000C1EF180714CF1000C490E41EA50
:104C5000CC114FF0130CC1FB0CAB1AF1007C4BF1E3
:104C6000000B4FEA9C6C4CEA8B1CAAEB8C6AC4F8D4
:104C700000A0DDF810A0A3EB86631AEB0C0CC4F8BF
:104C800004C0DDF800C0AEEB4161ACEB826C019A70
:104C9000C4F808C0A2EB4762E2602361059B616231
:104CA0009E19A9EB8863A361029B6661A3EB45652E
:104CB000039BE561A3EB8060206207B0BDE8F08F45
:104CC0002DE9F04F0D680C6982FB055815F100774E
:104CD00082FB044648F1000CBF0E47EA8C174FEAEE
:104CE000AC6EBB060CF07C4C8BB0EB1A4CEA971CFC
:104CF0004D68069368EB0C0314F1007C07934FEAB0
:104D00009C6C46F10003C2FB057E4CEA831C4FEA13
:104D10008C65641B4FEAA36A4D6903F07C4343EA48
:104D20009C1366EB0306C2FB05CA17F180754EF1B2
:104D3000000E6D0E45EACE15A7EB456708978F6804
:104D40004FEA6E63C2FB07531CF1807E4AF1000AF2
:104D500015F1007943F100034FEA5E6E4FEA99695D
:104D600049EA83194EEACA1EACEB4E67CC46099756
:104D70008F694FEA6A6AC2FB07EACF689B16C2FBDB
:104D800007C3CDF808C01EF1007C4AF1000A4FEAC3
:104D90009C6C4CEA8A1CCDF804E0E646CF694FEAE9
:104DA000AA6AC2FB07EA029FCDF80CE017F18078EF
:104DB00043F100034FEA586848EAC31814EB0804AB
:104DC00046EB63661EF180774AF1000A7F0E47EAE0
:104DD000CA17BE460B6A4FEA6A6AC2FB03EACDF8FD
:104DE00010E014F1007E46F100034FEA9E6E4EEA99
:104DF000831E049B4FF0130B13F100764AF100035E
:104E0000B60E46EA8316B246496A9B16C2FB01A358
:104E10001AF1807143F10003490E41EAC311CDF844
:104E200014A0A1FB0B2A5B160BFB03AA069BA5EBA8
:104E30008965D218079BA4EB8E644AEB030A12F132
:104E400000734AF1000A9B0E43EA8A13A2EB8362C5
:104E50000260089A8560D3184360029BA3EB486305
:104E6000C3600461099B13EB0E034361019BA3EB39
:104E70008C638361039BA3EB4767049BC761A3EB30
:104E80008666059B0662A3EB416141620BB0BDE8FB
:104E9000F08F2DE9F04FA3B00290D1E90003079302
:104EA0008B684FF0130BD2E900CE0093CB680893C8
:104EB0000B6901934B690993D1E906930A93D1E9F0
:104EC00008530B9393680393D36804931369059372
:104ED00053690C9393690E93D369DDF800A0159381
:104EE000136A1793536A1893079B5B000F93089BF1
:104EF0000F995B001093099B5B0011930A9B5B0069
:104F000012930B9B5B001393039B0BFB03F7049B18
:104F10000BFB03F6059B0BFB03F316930C9B0BFBA0
:104F200003F314930E9B0BFB03F30D93159B0BFBE9
:104F300003F30693179BDDF818800BFB03F2189B15
:104F40000BFB03F381FB0314C0FB0C14CAFB02141C
:104F5000DDF840A0CAFB0814DDF80480DDF834A0B9
:104F6000C8FB0A14DDF84480DDF850A0C8FB0A1421
:104F7000DDF858800BFB0EFAC9FB0814DDF84880F9
:104F8000C8FB0614C5FB0714DDF84C80C8FB0A14E7
:104F9000CDE919140799DDF800A08CFB0118C0FBBE
:104FA0000E18C3FB0A18DDF820A0019CC2FB0A18EA
:104FB000DDF818A0CAFB04180D9CDDF824A0C4FB82
:104FC0000A18149CDDF828A0C4FB0918169CC4FB21
:104FD0000A18C6FB05180B9CC7FB0418CDE91B1863
:104FE0000F99039C81FB0E17C0FB0417009CDDF892
:104FF0004480CCFB0417109CC3FB0417019CC2FB2C
:105000000417069CC4FB08170D9CDDF84880C4FB00
:105010000917149CC4FB0817169CC4FB0517139CA6
:10502000C6FB0417039CCDE91D1707990B9F81FB55
:105030000416049CC0FB0416009CC4FB0E16089CBE
:10504000CCFB0416019CC3FB0416099CC2FB04168E
:10505000069CC4FB09160D9CC4FB0A16149CC4FBD9
:105060000516169CC4FB0716049C16910F991F96F3
:1050700081FB0461059C039FC0FB0461009CC4FB91
:105080000761109CC4FB0E61019CCCFB0461119C68
:10509000C3FB0461C2FB0961069CC4FB08610D9C53
:1050A000C4FB0561DDE91374C4FB0761079CB046CE
:1050B000059E84FB06670C9CDDF810A0C0FB04670E
:1050C000009CC4FB0A67089CDDF80CA0C4FB0A67BF
:1050D000019CDDF82CA0C4FB0E67099CCCFB046787
:1050E000C3FB09670A9CC2FB0467069CC4FB0567F7
:1050F0000D9CC4FB0A670F9C0D960C9E149784FBB5
:1051000006670E9CDDF814A0C0FB0467009CC4FB7E
:105110000A67109CDDF810A0C4FB0A67019CDDF84B
:105120000CA0C4FB0A67119CDDF84CA0C4FB0E6701
:10513000CCFB0967129CC3FB0467C2FB0567069C96
:10514000C4FB0A67079C06960E9E209784FB0667A1
:10515000159CC0FB0467009CDDF830A0C4FB0A6707
:10516000089CDDF814A0C4FB0A67019CDDF810A0C0
:10517000C4FB0A67099CDDF80CA0C4FB0A67C9FBE5
:105180000E670A9CCCFB0467C3FB05670B9CC2FB44
:1051900004670F9A159CB24682FB0426179C219740
:1051A000C0FB04260E9F009CC4FB0726109C0C9F8E
:1051B000C4FB0726019C059FC4FB0726049F119C86
:1051C000C4FB0726039CC9FB0426129CC4FB0E26C5
:1051D000CCFB0526139CC3FB0426079B0F92179A52
:1051E000189C83FB0232C0FB04320098159CC0FB64
:1051F000043210460E9C089AC2FB0430019A0C9CA3
:10520000C2FB0430099A059CC2FB0430C9FB07307D
:105210000A9A039CC2FB0430C5FB0E300B9A199C02
:10522000CCFB02309C46199B059013F1007E1A9B23
:105230004FEA9E6E43F100004EEA801E4FEA8E62F6
:10524000A21A079200F07C431A9A43EA9E1362EB7B
:10525000030308931B9B13EB0E0E1C9B43EBA060F8
:1052600018F1007541F10003AD0E45EA831503F016
:105270007C44AA06B8EB020244EA951461EB0401EF
:105280000D9C6519149C44EBA3631EF1807440F1DE
:105290000000640E44EAC014AEEB446709971D9FFA
:1052A0003C1900941E9C44EB606015F1807443F13E
:1052B0000003640E44EAC314A5EB44650A95069DF9
:1052C0002C190194209C44EB6363009C14F100743E
:1052D00040F100004FEA946E169C4EEA801E14EBDB
:1052E0000E0403941F9C44EBA060019C14F1007514
:1052F00043F10003AD0E219C45EA83151AEB050925
:1053000044EBA363039C14F1807740F100007F0E0F
:1053100047EAC017D21941EB606119F180740F9808
:1053200043F10003640E44EAC31410EB040846EB97
:10533000636312F1007641F10001B60E46EA811670
:10534000614618F1007043F10003800E40EA8310BB
:10535000091804910599A2EB866241EBA3630499B5
:10536000A9EB446411F1807143F10003490E41EA55
:10537000C311A1FB0BCA5B160BFB03AB079BDDF84C
:1053800008A01CEB0303DDF820C0A8EB80604BEB0A
:105390000C0B13F1007C4BF1000B4FEA9C6C4CEAB8
:1053A0008B1CA3EB8C63CAF80030099BCAF8102051
:1053B00013EB0C03CAF80430009BCAF81C40A3EBA3
:1053C0008E63CAF80830039BCAF82000A3EB476736
:1053D0000A9BCAF80C709E19019BCAF81460A3EBD3
:1053E0008565049BCAF81850A3EB4161CAF82410E4
:1053F00023B0BDE8F08F2DE9F04F95B08246D1E99A
:105400000023D1E902400690D1E904900290D1E94D
:1054100006B00390086A496A0490089161000591FA
:1054200006992620490000910299039D49000191A7
:10543000039900FB05F8490009911321049D5F00C1
:1054400001FB05F6089D079300FB05FC01FB0BF330
:1054500002994FEA420E484387FB0C15C2FB021526
:105460002A466500C5FB0612009D0A93C5FB08127B
:105470004FEA4905C5FB03120D460299079BC1FB84
:1054800000528CFB0410CEFB03100B95009D0A9B71
:10549000C6FB0510C8FB09100D460199C3FB01505E
:1054A000079BCDE90C5087FB0331CEFB0431009DF7
:1054B0000698CCFB05314FEA4905C6FB0531019D35
:1054C000C8FB05310D460A99C1FB0B350A9387FBD2
:1054D00004310E95069DCEFB0531CCFB0931019DB3
:1054E000C6FB05310D46C8FB0B35CDE90F35009BDA
:1054F0004FEA4B0587FB0331CEFB0931C4FB043176
:10550000019CCCFB0431C6FB0531039CC8FB043174
:10551000079387FB0935029CC4FB0E35DDE905487E
:10552000C4FB0835CCFB0B35099CDDF81480C6FBA9
:1055300004351193019B87FB0334CEFB0B34C8FB6E
:105540000934DDF80080C8FB00340998CCFB003436
:105550000498DDF80880C6FB0034069387FB0B63D4
:105560000398CEFB00630598C0FB08630098C0FB5E
:1055700009630498CCFB0063CDE91263099B87FBA8
:105580000368CEFB0068059BC3FB0B68DDE90030B8
:10559000C3FB0068C9FB0968089B0398CCFB036840
:1055A000049BCDF8248087FB037C089BCEFB037C07
:1055B000059BC3FB007C009BC3FB0B7CE346019B6C
:1055C000C9FB037B0B9B049713F1007742F1000C9E
:1055D000BF0E47EA8C174FEA87680CF07C4EB3EB9E
:1055E00008034EEA971E059362EB0E030C9A08938C
:1055F0000D9BD71943EBAC60079B13F1007C41F185
:10560000000E4FEA9C6C4CEA8E1C4FEA8C629A1A90
:105610000EF07C48119B48EA9C1861EB080113EBE3
:105620000C0C45EBAE6517F1807E40F100004FEAAF
:105630005E6E4EEAC01EA7EB4E6307930A9B13EB08
:105640000E0300930E9B43EB60601CF1807745F1E5
:1056500000057F0E47EAC517ACEB47630A93069B2C
:105660004FF0130CDF19009B44EB656413F10075D8
:1056700040F100000F9B4FEA956E4EEA801E13EB3F
:105680000E030293109B019743EBA06017F1007586
:10569000129B44F10004AD0E45EA841513EB050995
:1056A000139B43EBA463029C14F1807740F100004C
:1056B0007F0E47EAC017D21941EB606119F180747F
:1056C00043F10003640E099844EAC31416EB04087E
:1056D00040EB636312F1007641F10001B60E18F160
:1056E000007046EA811643F100030499800E40EAF7
:1056F0008310091804914BEBA36311F1807143F1FE
:105700000003490E41EAC3110392A1FB0C2B5B1667
:105710000CFB03BB059BDDF820C0D3184BEB0C0B37
:1057200013F1007C4BF1000B4FEA9C6C4CEA8B1C94
:10573000A3EB8C63CAF80030079BA9EB446413EB1E
:105740000C03CAF80430009BA8EB8060A3EB8E63C7
:10575000CAF80830029BCAF81C40A3EB4767039BBA
:10576000CAF80C70A3EB86620A9BCAF810209E1937
:10577000019BCAF81460A3EB8565CAF81850CAF8F3
:105780002000049BA3EB4161CAF8241015B0BDE8CA
:10579000F08F0029A1BFCB10C05C01F007010841C8
:1057A000ACBF00F00100002070472DE9F043002459
:1057B0001C3002F11C080025A0F11C0C161F4FF034
:1057C000000956F8047FDCF8003051F824E0EEFBC5
:1057D00007395B1949F10005B0454CF8043BEED19F
:1057E0000134082C40F8045FE5D1BDE8F08310B522
:1057F0000446FFF765F804F12800FFF765F804F1A7
:105800005000FFF761F804F17800BDE81040FFF7A1
:1058100057B82DE9F043164604460D4695B00A46A2
:1058200068462831FFF76AF80AA8FFF774F832468D
:1058300069466846FFF72DFB0AA904F128080846C7
:1058400006F12802FFF725FB69460AAA4046FFF742
:1058500055F82046FFF75FF804F1500705F15002B4
:1058600038461146FFF74AF804F17809394606F13F
:105870005002FFF70EFB484606F1780205F1780169
:10588000FFF707FB4A4639466846FFF737F80AA88C
:10589000FFF741F8424621464846FFF7FAFA21460B
:1058A00020460AAAFFF7F5FA6A4641464046FFF746
:1058B000F0FA694638460AAAFFF7EBFA15B0BDE8D8
:1058C000F0832DE9F84F1C46904605460F460A9E88
:1058D00018460A462831FFF711F83046FFF71BF843
:1058E000424621462046FFF7D4FA05F1280A314600
:1058F000304608F12802FFF7CCFA324621465046DE
:10590000FEF7FCFF2846FFF706F805F1500907F1FE
:10591000500205F1780B11464846FEF7EFFF584656
:1059200008F1500207F17801FFF7B3FA5A464946E9
:105930002046FEF7E3FF3046FEF7EDFF52462946CC
:105940005846FFF7A6FA324629462846FFF7A1FA3D
:10595000224651465046FFF79CFA324621464846B9
:10596000BDE8F84FFFF795BA2DE9F0471446894690
:10597000074604F12808104609F1280A04F15005E9
:10598000FFF739FD51464046FFF735FD284609F13E
:10599000500104F17806FFF72EFD29462846022221
:1059A000FFF78EF952464946304607F17809FEF76F
:1059B000A5FF31464846FFF71EFD224641463046C8
:1059C000FEF79CFF4046FEF7A6FF324649462046BA
:1059D000FEF7A1FF424629462846FEF79CFF2A46CD
:1059E00021463846FFF755FA4246314607F128006E
:1059F000FFF74FFA2A46414607F15000FFF749FAF0
:105A0000324621464846BDE8F047FFF742BA2DE945
:105A1000F84F9846C378054693420E460CD111467E
:105A20004046FFF7B6FE571E044639464046FFF78C
:105A3000B0FE844209D1EF70B5F90030934214BF33
:105A4000002095F90200BDE8F88F571CB742A8BFA7
:105A50003746A2EB070B4FF000095E4607F1FF3A0D
:105A600004FA0AF46442CA450BF1010B21DCD11B94
:105A70004046FFF78EFE04446142214001F0F000F1
:105A8000003801F0CC0318BF0120003B18BF0123F0
:105A90005B0001F0AA0143EA8003002918BF43F02C
:105AA0000103511CC91B19441C412980AC70EE70C4
:105AB000C2E759464046FFF76CFE00FA09F004447D
:105AC00009F10109CFE72DE9F04F85B0DDE90F4776
:105AD0000D460290394620460393FFF75AFE07F120
:105AE000200180462046FFF754FE07F14001824620
:105AF0002046FFF74EFE1646820002EB4A0202EBFA
:105B00000800C2B207F160012046FFF742FE4FF0E5
:105B1000000902EBC000C0F3C4077B1E584000F030
:105B20000703DDF83880019305F1280B05F1500AD1
:105B3000019B414683EA0904013CC4F30024224648
:105B40002846FEF75EFF08F1280122465846FEF778
:105B500058FF09F1010908F1500122465046FEF7AD
:105B600050FFB9F1080F08F17808E1D151463046ED
:105B700087F00107FEF7B8FE3A4631465046FEF779
:105B8000D7FE3A4659462846FEF7D2FE039B0299B5
:105B90000E932A463346084605B0BDE8F04FFFF79E
:105BA00090BE08B5FEF77CFE0843B0FA80F04009CD
:105BB000013808BD00231A468B4200D17047C254F9
:105BC0000133F9E770B58AB06E460D4604460FCD35
:105BD0000FC60FCD0FC695E8030013220B4686E8CB
:105BE0000300534369466A46002003F180735B1645
:105BF0000D6801302B444D68052805EBA3654FEA7D
:105C0000656301F10801F3D1132100204B431168B2
:105C100001300B4423F07C4111605168052801EBF1
:105C2000A3614FEA616321F07E41516002F10802F5
:105C3000EDD1DDE90012204641EA8261FEF7F2FD76
:105C4000029D201DE90441EA9211FEF7EBFD039A43
:105C500004F10800510341EA5531FEF7E3FD0499D0
:105C6000D20C04F10C0042EA8111FEF7DBFDDDE904
:105C7000051204F1100041EA4261FEF7D3FD079DD1
:105C800004F11400E90441EAD211FEF7CBFD089AB1
:105C900004F11800110341EA5531FEF7C3FD0999DB
:105CA000120D42EA811104F11C00FEF7BBFD282110
:105CB0006846FFF77FFF0AB070BD10B50C4690B084
:105CC00001466846FFF77EFF214608A8FFF77AFFE6
:105CD00008A96846FFF765FF202104466846FFF7DC
:105CE00069FF0DEB0100FFF765FF601C10B010BDF0
:105CF00030B50D4604468BB06846FFF77CFB69461D
:105D00006846EFF7FFF869466846FFF774FB2A46D6
:105D100069462046FFF7BDF828216846FFF74AFF8D
:105D20000BB030BD10B588B001466846FFF74AFF9A
:105D30009DF800406846202104F00104FFF73AFF77
:105D4000204608B010BD30B50D4604469FB06846E9
:105D50005031FFF7CDFF6A4629460AA8FFF799F8A8
:105D60006A4605F1280114A8FFF793F814A9204604
:105D7000FFF728FF0AA8FFF7D5FF2821E37F83EA72
:105D8000C013E3776846FFF715FF0DEB0100FFF73F
:105D900011FF14A8FFF70EFF1FB030BD10B54B1E4A
:105DA000421E1F3113F8014F8B4202F8014FF9D107
:105DB000037823F007030370C37F03F07F0343F0EE
:105DC0004003C37710BD30B50446154689B0684618
:105DD000FFF7E4FFFF232A4669462046EFF77EF9E6
:105DE00020216846FFF7E6FE09B030BD10B5044635
:105DF00090B010226846FEF71DFD69462046EFF779
:105E00001FFA40216846FFF7D5FE10B010BD70B5EF
:105E100016461D460446A0B068460822FEF70AFD55
:105E2000314608A80822FEF705FD294610A80822D9
:105E3000FEF700FD2022002118A800F044FF08AA68
:105E4000694610A8FFF7B1FC204610A9EFF7F8F952
:105E500040210DEB0100FFF7ADFE20216846FFF762
:105E6000A9FE0DEB0100FFF7A5FE20B070BD10B537
:105E70000446A8B06846EFF7A5FA69462046FFF742
:105E800062FFA0216846FFF795FE28B010BD10B54F
:105E9000083801EBC202914200D110BD4C680B687A
:105EA00024BA1BBA40F8084F43600831F3E710B535
:105EB000D0F8D03023F00702DB4303F00703DB0008
:105EC0001044C3F12004A3F1200221FA04F401FAE2
:105ED00002F222439940D0E910430C431343C0E936
:105EE000104310BD2DE9F843D0F8D0700E46790765
:105EF000044615460AD07F4207F00707974228BF9D
:105F00001746B0463E4446453FD1ED1BD4F8D0304D
:105F10005A0619D05F4207F07F07AF4294BFFF08CF
:105F2000EF0823F0070304F14000314618443A46D5
:105F3000FFF7ADFFD4F8D03006EBC70603EBC7037D
:105F4000C4F8D030A5EBC705802B29D025F07F07FA
:105F5000B1463744002604F140084F4540D115F0C2
:105F60007F0610D03946F20804F14000FFF78FFF9A
:105F7000D4F8D03005F078052B443D443744AF4287
:105F8000C4F8D03052D1BDE8F883204618F8011B80
:105F9000FFF78DFFD4F8D0300133C4F8D030B2E72A
:105FA000D4E9323213F5806342F10002B3F5806F19
:105FB000C4E9323272F1000206D2D4E93032013340
:105FC00042F10002C4E930322046EFF77BFB0021AA
:105FD0008022C4F8D01004F1400000F074FEB5E750
:105FE000102249464046FFF752FFD4E9323213F5FA
:105FF000806342F10002B3F5806FC4E9323272F17E
:10600000000206D2D4E93032013342F10002C4E981
:1060100030322046EFF756FB802200214046C4F87C
:10602000D06000F050FE09F1800996E7204615F88F
:10603000011BFFF73CFFD4F8D03001339FE70AB1D2
:10604000FFF750BF704770B5D0F8D06004460D46DA
:1060500026B980223146403000F035FE80212046AE
:10606000FFF725FFD4E93202F3001B1852F10002BA
:106070004FF0000128BF0121C4E9323231B1D4E927
:106080003032013342F10002C4E930326F2E08D9B8
:106090002046EFF717FB7022002104F1400000F0CA
:1060A00012FED4E930232046C4E92C23D4E932235C
:1060B000C4E92E23EFF706FB2946A4F1080304F1F7
:1060C000380553F8082F083158689D424FEA10668A
:1060D00001F8086C4FEA104601F8076C01F8050C4E
:1060E0004FEA10264FEA126001F8040C4FEA124002
:1060F00001F8030C4FEA122001F8066C01F8020CBB
:1061000001F8012CDDD12046BDE87040D821FFF711
:1061100051BDF0B50E4617461D460446C7B010A83F
:10612000DCF732F93A46314610A8FFF788FF2946D6
:1061300010A82022FFF7D6FEDDE94C1210A8FFF7C9
:106140007EFFDDE94E1210A8FFF779FF694610A81F
:10615000FFF779FF69462046FFF748FE47B0F0BDDC
:1061600070B50D4616460446B6B06846DCF70CF925
:10617000324629466846FFF762FF21466846FFF728
:1061800062FF36B070BD30B50D46002104468DB0BB
:10619000CDE90023CDE902112B460146202204A8B7
:1061A000FFF7B7FF2946204604AAEFF775F90DB0AF
:1061B00030BD00F4E040B0F5805F04D0A0F500539E
:1061C000584258417047012070473AB1002918BF22
:1061D00000232121D21A184400F075BD70472DE923
:1061E000F04F9B46002389B08DF81B30159B9146DC
:1061F000DDE912A7002B0E460B460CBF4FF40062E0
:106200004FF4806207A9DDF85080EFF721FE0446C5
:10621000F0B9079D304629880DF11B02EFF782FE89
:106220000446A8B99DF81B30BB4223D868682A6C85
:10623000000A05F1200120D1CDE903382846334674
:10624000CDE901BACDF8009000F028FC044608B171
:10625000C8F800703A4621465046D8F80030FFF79B
:10626000B4FF079800F0E9FA002C18BF204609B0E7
:10627000BDE8F08F6FF08904EAE76FF08604E7E786
:106280002DE9F341D0F804804769044640460E46A4
:1062900000F0D5FA054660BB5FFA88F31BB93FB141
:1062A0006FF0860525E06FF04043013F9F42F7D233
:1062B000A06820F47F4020F003000028F0D14FF6C2
:1062C000F87362889A4218D8277907B901A831462D
:1062D000F0F758F8054660B90FCCD6F800C066460E
:1062E0000FC694E8030086E8030017B9019BCCF8B9
:1062F0001430284602B0BDE8F0816FF08505F8E75C
:1063000040F67E7300F6FF729A4243D9434213F07F
:106310007F0306D0202BC3F1000015D16FF085005C
:10632000704710F1920F0FDA10F5994F2AD02CDC3C
:1063300010F5C54F26D010F5C14FEFD010F5C74F5F
:1063400023D16FF09600704710F11F0F15DA10F18E
:106350003D0F1DD010F13C0F07DA10F1400F14BFB4
:106360006FF083006FF09300704710F1220F14BF9D
:106370006FF083006FF085007047002818BF6FF042
:10638000830070476FF0860070476FF0830070479E
:106390006FF09300704741F2052398421AD8B0F588
:1063A000905F09D241F2010398420CD0B0F5885FAA
:1063B00009D06FF0850070472923A0F5905080B276
:1063C000C340DB07F5D511F0070F14BF6FF086004F
:1063D00000207047B0F5105FEBD121F04003802B17
:1063E00006D0B1F5807F14BF6FF0860000207047A3
:1063F00000207047F8B504460F461E461546008833
:1064000092B1FFF7D6FE78B1089BD10019602088C1
:10641000FFF7C1FF044628B93946304600F02DFC8D
:10642000079B1D602046F8BD6FF08504FAE710B5A4
:10643000036C04461BB120210844F0F719FC00202E
:10644000206410BD38B50446FFF7F1FF237E012B11
:106450000FD0023B012B0FD8E369012B14BF6FF063
:106460009605002544220021204600F02CFC2846F9
:1064700038BDE369002BF1E76FF09605F2E708B14C
:10648000FFF7E0BF704713B5A0B101A9EFF7C0FF58
:1064900080B90198037E022B0ED103230376037982
:1064A000FF2B0CBF6FF08404002400F0B1F900282A
:1064B00008BF204602B010BD6FF09604F5E72DE945
:1064C000F0479846002386B006468A461546049350
:1064D000C8F80030002A5AD0B2F1005F5AD204A99D
:1064E000FFF7CEFE044638B9049F3A6C7AB9736858
:1064F0001B0A05D06FF086040498FFF7C0FF42E046
:10650000202D02D96FF08504F6E72A463D647168B4
:10651000B7F80290090ACDF8149007F1200307F1AB
:106520004000E7D105A9CDE90101009251462A4674
:106530003046FFF75FFF04460028DDD1059BB9F127
:10654000000F1BD17B804FF6F8729342DAD8338864
:10655000049A13B111889942CCD1738813B1518830
:106560009942C7D15369C8F80030137E012B08D077
:1065700000236FF09604C8F80030BDE79945B9D103
:10658000E1E702231376204606B0BDE8F0876FF0FE
:106590008604F8E76FF08504F5E710B50446006857
:1065A00030B1012805D1201DF0F7BEF8002323608B
:1065B00010BD6FF08800F9E738B50C460168054654
:1065C00091B904F0FE43B3F1007F13D1031D6C2297
:1065D000184600F078FB2146F0F7B8F8044628B9D1
:1065E00001232B60204638BD6FF088042846FFF752
:1065F000D4FFF7E76FF08604F8E738B50546006882
:1066000078B112B90024204638BD012809D1281DCF
:10661000F0F7C8F804460028F4D02846FFF7BDFF7D
:10662000F1E76FF08804F8E738B500241C600546F0
:10663000006868B1012808D1281DF0F7C5F80446A4
:106640002846FFF7AAFF204638BD6FF08804F7E719
:106650006FF08804F7E730B40025039C256000F054
:10666000FE44B4F1007F02D130BC00F0D3B96FF02A
:10667000860030BC704710B50446006858B1012848
:106680000AD104F10800F0F72BF900232360A38856
:106690006FF30803A38010BD6FF08600F5E72DE9C6
:1066A000F043984600230C46016885B0054617461E
:1066B0000393002941D100F10809B822484600F0AF
:1066C00002FBB8F1000F20463B460CBF4FF40062BE
:1066D0004FF4806203A9EFF7BBFB044678BB039C31
:1066E000384621882A1DEFF71DFC064660BB6B79F2
:1066F00004F1200268F300036B716168236C090ADE
:10670000B8F1000F12D009BB21464846009700F0AF
:10671000AEF9044698B901232B60039800F08DF878
:10672000002E18BF304605B0BDE8F08371B9214690
:106730004846009700F0A0F9EBE76FF08804284680
:10674000FFF799FF2646E8E70446F8E76FF086046E
:10675000F5E70123FFF7A3BF38B50546006898B1F8
:1067600012B90024204638BD01280AD105F10800DD
:10677000F0F798F904460028F3D02846FFF77BFF8E
:10678000F0E76FF08604F8E76FF08804EAE72DE998
:10679000F041054600680F461646984610B36A79E0
:1067A000D2071FD52A79EAB1B2421ED801281FD1DB
:1067B00005F1080000F065F9044618B10023C8F897
:1067C00000602B7137B1324621463846D8F8003088
:1067D000FFF7FBFC2846FFF74EFF002C18BF2046B2
:1067E000BDE8F0816FF08804E8E76FF08904E5E721
:1067F0006FF08604E2E71FB501240394089C02941D
:10680000079C0194069C0094FFF7E9FC04B010BDBE
:10681000034668B1017E8A1E012A0BD80329C2698A
:1068200003D1012A01D1FFF70DBE1AB1013ADA6195
:10683000002070476FF096007047FFF7E9BFC0B2C5
:10684000002814BF6FF085000020704773B5002644
:1068500015461C460DF106020DF107038DF8076081
:10686000EFF7ECFD58B99DF8070004B120702946F8
:106870009DF8062002B0BDE87040F0F705BA30463A
:1068800002B070BD10B40124019B019410BCEFF75D
:10689000F5BD10B40024019B019410BCEFF7EEBDD0
:1068A00008B50379934206D10830F0F773FABDE8D2
:1068B0000840FFF725BD6FF0860008BD08B50368E6
:1068C00003F0FE43B3F1806F04D10830F0F7FAF91A
:1068D000002008BD6FF08800FBE72DE9F047044673
:1068E0009A460E46904694B04022DDE9205700219A
:1068F00004A8DDF8749000F0E6F9214643463246DC
:10690000CDF800A004A8FFF7BDFF044668B9B9F1AF
:10691000000F0ED1DDE91E1202ABCDE9007304A811
:106920002B46EFF71FFE044660B104A8FFF7C6FF31
:106930001DE04A461C9904A8FFF7B2FF0446002850
:10694000E8D0F2E7029A05B11544294603ABBA1A1A
:1069500004A8EFF7A1FE04460028E6D1DDE90232E3
:106960001344229A04A81360FFF7A8FF04462046A8
:1069700014B0BDE8F0872DE9F04704469A468846F2
:10698000914694B04022DDE91E57002104A81C9EC8
:1069900000F099F921464B464246CDF800A004A8E4
:1069A000FFF777FF044640BB9DF81420F2B99DF82D
:1069B00014206EBB1D990DF10C088A1A2B46314626
:1069C000CDE9007804A8EFF7CDFD0446A8B9039EF1
:1069D00005B135444346BA1B294604A8EFF75CFECF
:1069E000039B209A33440446136006E0314604A812
:1069F000FFF756FF04460028D9D004A8FFF75EFF32
:106A000000280CBF20466FF0880014B0BDE8F08766
:106A10001644CFE72DE9F04304469DB00E46DDE96C
:106A200024890021174601A86C221D4600F04BF96D
:106A30002146C9F8008001A8EFF788FE044668B92E
:106A40003A46314601A8EFF7ADFE044630B94B4651
:106A50004246294601A8EFF7B7FE044601A8EFF722
:106A600063FE002C18BF20461DB0BDE8F083114620
:106A70001A46009BEFF752BF11461A46009BEFF7EC
:106A80004DBF38B51C460368154623B1EFF7CEFE5F
:106A900000B9256038BD6FF08800FBE72DE9F041B3
:106AA0000C4615461E46AEB0B82200216846DDF8F9
:106AB000D480379F00F007F9214633462A466846BE
:106AC000EFF72CFF044648B9B8F1000F0DD13A4654
:106AD00068463699EFF7AAFE044678B16846EFF7A4
:106AE000FFFE20462EB0BDE8F0814246684634994C
:106AF000EFF7D8FF04460028E9D0EFE7389B1F6086
:106B0000ECE76822002100F0DEB810B16821F0F750
:106B1000AFB870472DE9F04105460E46144612B352
:106B2000036C03F03F079B18036422BF436C0133DF
:106B300043647FB1C7F1400842450FD34246384411
:106B400000F09BF829462846EFF7BEFF274446444D
:106B5000A7F140043F2C09D82CB10027224631462A
:106B6000E81900F08AF80020BDE8F081374606EB0E
:106B70000408394628464037EFF7A6FFA8EB07037D
:106B80003F2BF6D8A4F1400323F03F0340331E44CB
:106B9000E41ADFE738B50D468021036C044603F0A4
:106BA0003F035A1C382AC15410442FD80021C2F187
:106BB000380200F088F8D4E910315A0F42EAC102D5
:106BC000DB0012BA1BBA21462046A263E363EFF74B
:106BD0007BFFA36C20461BBA2B60E36C1BBA6B6077
:106BE000236D1BBAAB60636D1BBAEB60A36D1BBA60
:106BF0002B61E36D1BBA6B61236E1BBAAB61636ED5
:106C00001BBAEB61FFF781FF002038BDC2F14002E3
:106C1000002100F058F821462046EFF755FF3822B2
:106C200000212046C5E73822002100F04CB810B5FD
:106C3000044600F01CF82046BDE81040F0F712B8FA
:106C400010B54FF48C710120F0F706F8044608B136
:106C500000F008F8204610BDF0F700BBF0F726BAA8
:106C6000F0F788BB4FF48C72002100F02CB818B1FB
:106C70004FF48C71EFF7FCBF70470A44431E9142FA
:106C800000D1704710B511F8014B914203F8014F44
:106C9000F9D110BD884210B501EB020402D984423B
:106CA000234607D8431EA14207D011F8012B03F851
:106CB000012FF8E70244824200D110BD13F8011DF4
:106CC00002F8011DF7E702440346934200D17047E2
:106CD00003F8011BF9E70021F0F7BEBF0A220021EB
:106CE000F1F7DABA0A220021F1F7D6BA01390244E3
:106CF00010B5904201D1002005E0037811F8014F52
:106D0000A34201D0181B10BD0130F2E7C9B20346FF
:106D1000184613F8012B12B18A42F9D170470029A5
:106D200018BF00207047034670B51E4613F8014B8C
:106D300044B14A1E01E0A54204D012F8015F002DC3
:106D4000F9D1F2E7301A70BD10B56AB10139841873
:106D500010F8012B11F8013F9A4203D1A04201D053
:106D6000002AF5D1D01A10BD1046FCE701390346C0
:106D700010B532B111F8014F013A03F8014B002C64
:106D8000F7D11A440021934200D110BD03F8011B32
:106D9000F9E70246014410B58A42134603D01C7835
:106DA0000132002CF8D1181A10BD034670B51E46EA
:106DB00013F8014B3CB14A1E01E0A542F7D012F88E
:106DC000015F002DF9D1301A70BD2DE9F843C3F1F0
:106DD00037090746884603F01F055FFA89F916460A
:106DE000384641462A460023DAF7B8FB4346D4B278
:106DF0003A4688460746092C84BF4C44E4B2AA426E
:106E00004FF0000204F13004934106F8014BE7D241
:106E10003046BDE8F8832DE9F04387B01C4617469D
:106E2000814602AB88460093D2E9022300F09BF929
:106E300004AB06460D46009348464146D7E9002379
:106E400000F091F90027DDE90423901953EB0501C7
:106E500028BF012737B1029B039A013342F1000298
:106E6000CDE90232403CDDE90223009400F092F9C2
:106E700007B0BDE8F0832DE9F041B0FA80F60029B3
:106E800007460C46A1EB060606F1070645DB084659
:106E9000F2F772FB06442046351BF2F773FB2146DE
:106EA0002A1A38463D3200F04EF9B44233DC1F2D29
:106EB00061DC4FF0FF33AB4027EA0303B3FA83F3FF
:106EC0005B091D46B0FA80F3F31A9E33FE2B56DCA5
:106ED000002B23EAE371D4BF01230B469B1BA3F1D4
:106EE0009704963B20FA04F220FA03F312F0010211
:106EF00008D04FF0FF32A24030EA02023DD1E5B3A4
:106F000003F00102D018C0F3160000B9114440EAA2
:106F1000C150BDE8F0810123D3E74D422846F2F786
:106F200031FB361A2846A6EB0408F2F72BFB29465C
:106F300008EB000238463C3200F0F2F8B44213DCB1
:106F4000B8F11F0F17DC4FF0FF3303FA08F337EAED
:106F5000030310D10521B7FBF1F202EB8204A74233
:106F600004D101331746F6E70023F3E79D428CBFB7
:106F700000230123A5E70023A3E70122C2E74FF086
:106F8000FF40C6E72DE9F04F051889B0904641EB68
:106F90000104029304AB284621460093D2E9002362
:106FA00000F0E1F806AB07468946284621460093E3
:106FB0000025D8E9022300F0D6F8DDE9042384187F
:106FC00051EB0306069B28BF0125D8E90012ED18F6
:106FD000079B43F10003791849EB0202B94272EBB7
:106FE0000902D8E9022134BF01200020A21846EB93
:106FF00001018018029A41F10001A042A2F1410A68
:1070000071EB0602CDF800A034BF01220022521914
:10701000CDE9065343F1000300F0BCF8129BC3E92D
:107020000001D8E90221DDE90653039114990129F1
:10703000D8E900E027D1A21A0399CDF800A066EBA9
:107040000101774579EB000034BF01200020101AC0
:1070500061F10001844276EB010234BF012200227B
:10706000AA1A63F1000300F095F8139BC3E900012D
:10707000DDE9062320463146CDF800A000F08AF86D
:1070800009B0BDE8F08F17EB070B49EB090C14EBC7
:10709000040846EB0601BB457CEB090934BF012718
:1070A000002718EB070741F10008F3457CEB000CC3
:1070B00034BF01200020381A68F10001801A039AB9
:1070C00061EB02016D195B41A74278EB060234BF08
:1070D00001220022AD1843F10003874278EB01083A
:1070E00034BF01220022AA1A029DA5F14005009595
:1070F000B7E710B5A3FB00430299A2FB00200019DB
:1071000043F100033F29DBBFA1F12002C1F140019F
:1071100040398B40D6BFD04023FA01F0184310BD50
:1071200030B587B004460846154602A9F2F7C4FAFE
:10713000049B204600955A1C059B43F10003FFF772
:10714000D8FF07B030BD30B587B0154604460846B5
:1071500002A9F2F73FFA20460095DDE90423FFF784
:10716000C8FF07B030BDF0B500240D460646944672
:10717000A0FB02012246059FE5FB0C12A446E5FB9D
:107180000324E3FB061C12EB0C0244F10004C7E9E4
:107190000024F0BDF0B5059CC4F14007C4F1200601
:1071A000A4F12005E04002FA06F6BB4022FA05F5FC
:1071B000BA403343C4F120062B4301FA06F6A4F18A
:1071C0002005304321FA05F5E140284319431043D7
:1071D000F0BD024621F000405342134340EAD37011
:1071E000C0F1FF4000F5E000C00F704720F0004004
:1071F000B0F1FF4F94BF00200120704738B505461D
:107200000C4600F033F930B120462946D9F72CFE60
:107210000446204638BD204600F028F90028F3D166
:107220002846FFF7E3FF0028F3D12046FFF7DEFFF3
:1072300028B921462846DAF7DBF80028E9D02C46A1
:10724000E7E7C0F3C75300280246A3F17F01ACBFB4
:1072500001204FF0FF301E2919DC002903DA01312B
:1072600018BF002070471629C2F31602D8BF4FF48A
:10727000800342F40002CDBF963B0B41C1F11701E0
:1072800002FA03F3DCBF9B18CB4058437047012838
:107290004FF0FF3018BF002000F10040704710B1E0
:1072A0004FF000407047002070472DE9F041044640
:1072B000CE0FC1F30A55C1F3130140F2FF701671EE
:1072C00054EA01076BD1002D71D12C462946002BC1
:1072D000156060DB0C2B60DCC3F10D050120AD00F7
:1072E00005F1FF3CA5F12107C5F1210600FA07F7DA
:1072F00020FA06F600FA0CF03743061847EB0708A9
:10730000D6F1000E68EB480C013E48F1FF382640EC
:1073100008EA0108B04277EB080810DBC5F1200845
:10732000B5F1200624FA05F501FA08F858BF41FA2C
:1073300006F645EA080558BF3543ED0703D5201882
:10734000044641EB070104EA0E0401EA0C019DF832
:10735000186018460D250532C6F1270604F00F0304
:10736000240944EA0174091163B9A8420DDA013D08
:10737000F4D21AE01DB90125A5F2FF35A7E741F4C3
:107380008011F9E7092BC8BF9B193033A842535528
:10739000B8BF2846EBE70023D9E70D23D7E785429E
:1073A000E8D146F0080600201671BDE8F08185425C
:1073B000E5D146F00406F6E7D1E9043293421EBF58
:1073C0005A1C0A611870704720F000420346B2F15F
:1073D000FF4F70B5044610D3002807DAFFF706FF09
:1073E00020B92046BDE87040F2F7A0BA21462046F9
:1073F000D9F73AFD0446204670BD002AFBD000288C
:10740000F0DB10F0FF412AD0C215C3F31603A2F13E
:107410007F00D2074FF0000443F400034FEA6000FE
:107420004FF01905264658BF5B004FF080715B0096
:1074300072189A42DDBF561864189A1A1A46013D0E
:107440004FEA51014FEA4203F2D112B1013424F064
:107450000104641004F17C5404EBC054CBE75B00DE
:107460000A4601311802FAD55242CEE780F4800074
:10747000400010F5000F94BF00200120704700006D
:087480006AA1FD7F010000007C
:1074880099CE000000000000B1F6000000000000E6
:107498000000000048750200000000006875020046
:1074A8000000000088750200CD36010000000000D1
:1074B80000000000C875020000000000A875020066
:1074C80000000000E87502000000000008760200D5
:1074D800000000002876020059D9000000000000D2
:1074E8009723020000000000D1CD0000000000003A
:1074F800A156000000000000F9560000000000003E
:10750800593D02000000000000000000487602001B
:107518000000000068760200000000008876020083
:1075280000000000C876020000000000A8760200F3
:10753800DDD200000000000069BE0000000000006D
:107548004EC7020000000000348002007E060020C2
:1075580000000000071C02000000000000000000FE
:10756800B9C60200648E0200D47F02006C060020B7
:10757800B05B0020B1D70000000000000000000050
:10758800BFC602006C8E0200D47F02006E06002087
:10759800E05B0020C9D800000000000000000000E7
:1075A800DFC60200908E02008C7F02007406002065
:1075B8002C5C0020CDDC000000000000B804002096
:1075C800EBC60200A48E02008C7F02007606002023
:1075D800385C0020CDDC000000000000C80400205A
:1075E800F6C60200B88E02008C7F020078060020E2
:1075F800445C0020CDDC000000000000D80400201E
:10760800C2C6020000000000687F02007006002069
:10761800000000005D000200000000000000000003
:107628006AC70200608F02003C80020082060020C8
:107638001805002025F200000000000008050020C1
:10764800C6C6020000000000707F0200720600201B
:1076580000000000D1D90000000000000000000078
:1076680075C70200B88F0200CC7F02008406002094
:107678004C05002041F30000000000003C050020FC
:1076880001C70200CC8E0200000000007A0600202C
:10769800505C0020F1DF000000000000E80400203A
:1076A80047C70200F08E0200048002007C0600201A
:1076B8003049002059E9000000000000F8040020CB
:1076C8005FC7020000000000B07F020080060020B3
:1076D800545C0020E5F100000000000000000000FC
:1076E80000000000D1F6010000000000D1F6010002
:1076F80000000000D1F6010000000000D1F60100F2
:1077080000000000D1F6010000000000D1F60100E1
:1077180000000000D1F6010000000000D1F60100D1
:1077280000000000D1F6010000000000D1F60100C1
:1077380000000000D1F6010000000000D1F60100B1
:1077480000000000D1F6010000000000D1F60100A1
:1077580000000000D1F6010000000000D1F6010091
:1077680000000000D1F6010000000000D1F6010081
:1077780000000000D1F6010000000000D1F6010071
:1077880000000000D1F6010000000000D1F6010061
:1077980000000000D1F6010000000000D1F6010051
:1077A80000000000D1F6010000000000D1F6010041
:1077B80000000000D1F6010000000000D1F6010031
:1077C80000000000D1F6010000000000D1F6010021
:1077D80000000000D1F6010000000000D1F6010011
:1077E80000000000D1F6010000000000D1F6010001
:1077F80000000000D1F6010000000000D1F60100F1
:1078080000000000D1F6010000000000D1F60100E0
:1078180000000000D1F6010000000000D1F60100D0
:1078280000000000D1F6010000000000D1F60100C0
:1078380000000000D1F6010000000000D1F60100B0
:1078480000000000D1F6010000000000D1F60100A0
:1078580000000000D1F6010000000000D1F6010090
:1078680000000000D1F6010000000000D1F6010080
:1078780000000000D1F6010000000000D1F6010070
:1078880000000000D1F6010000000000D1F6010060
:1078980000000000D1F6010000000000D1F6010050
:1078A80000000000D1F6010000000000D1F6010040
:1078B80000000000D1F6010000000000D1F6010030
:1078C80000000000D1F6010000000000D1F6010020
:1078D80000000000D1F6010000000000D1F6010010
:1078E80000000000D1F6010000000000D1F6010000
:1078F80000000000D1F6010000000000D1F60100F0
:1079080000000000D1F6010000000000D1F60100DF
:1079180000000000D1F6010000000000D1F60100CF
:1079280000000000D1F6010000000000D1F60100BF
:107938004C050020AF2B020000000000D1F601002A
:1079480000000000D1F6010000000000D1F601009F
:1079580000000000D1F6010000000000D1F601008F
:1079680000000000D1F6010000000000D1F601007F
:1079780000000000D1F6010000000000D1F601006F
:1079880000000000D1F6010000000000D1F601005F
:1079980000000000D1F6010000000000D1F601004F
:1079A80000000000D1F6010000000000D1F601003F
:1079B80000000000D1F6010000000000D1F601002F
:1079C80000000000D1F6010000000000D1F601001F
:1079D80000000000D1F6010000000000D1F601000F
:1079E80000000000D1F6010000000000D1F60100FF
:1079F80000000000D1F6010000000000D1F60100EF
:107A080000000000D1F6010000000000D1F60100DE
:107A180000000000D1F6010000000000D1F60100CE
:107A280000000000D1F6010000000000D1F60100BE
:107A380000000000D1F6010000000000D1F60100AE
:107A480000000000D1F6010000000000D1F601009E
:107A580000000000D1F6010000000000D1F601008E
:107A680000000000D1F6010000000000D1F601007E
:107A780000000000D1F6010000000000D1F601006E
:107A880000000000D1F6010000000000D1F601005E
:107A980000000000D1F6010000000000D1F601004E
:107AA80000000000D1F6010000000000D1F601003E
:107AB80000000000D1F6010000000000D1F601002E
:107AC80000000000D1F6010000000000D1F601001E
:107AD80000000000D1F6010000000000D1F601000E
:107AE80000000000D1F6010000000000D1F60100FE
:107AF80000000000D1F6010000000000D1F60100EE
:107B080000000000D1F6010000000000D1F60100DD
:107B180000000000D1F6010000000000D1F60100CD
:107B280000000000D1F6010000000000D1F60100BD
:107B380000000000D1F6010000000000D1F60100AD
:107B480000000000D1F6010000000000D1F601009D
:107B580000000000D1F6010000000000D1F601008D
:107B680000000000D1F6010000000000D1F601007D
:107B780000000000D1F6010000000000D1F601006D
:107B880000000000D1F6010000000000D1F601005D
:107B980000000000D1F6010000000000D1F601004D
:107BA80000000000D1F6010000000000D1F601003D
:107BB80000000000D1F6010000000000D1F601002D
:107BC80000000000D1F6010000000000D1F601001D
:107BD80000000000D1F6010000000000D1F601000D
:107BE80000000000D1F6010000000000D1F60100FD
:107BF80000000000D1F6010000000000D1F60100ED
:107C080000000000D1F6010000000000D1F60100DC
:107C180000000000D1F6010000000000D1F60100CC
:107C280000000000D1F6010000000000D1F60100BC
:107C380000000000D1F6010000000000D1F60100AC
:107C480000000000D1F6010000000000D1F601009C
:107C580000000000D1F6010000000000D1F601008C
:107C680000000000D1F6010000000000D1F601007C
:107C780000000000D1F6010000000000D1F601006C
:107C880000000000D1F6010000000000D1F601005C
:107C980000000000D1F6010000000000D1F601004C
:107CA80000000000D1F6010000000000D1F601003C
:107CB80000000000D1F6010000000000D1F601002C
:107CC80000000000D1F6010000000000D1F601001C
:107CD80000000000D1F6010000000000D1F601000C
:107CE80000000000D1F6010000000000D1F60100FC
:107CF80000000000D1F6010000000000D1F60100EC
:107D080000000000D1F6010000000000D1F60100DB
:107D1800287602000B1C020000000000D1F60100CA
:107D280000000000D1F6010000000000D1F60100BB
:107D380000000000D1F6010000000000D1F60100AB
:107D480000000000D1F6010000000000D1F601009B
:107D580000000000D1F6010000000000D1F601008B
:107D680000000000D1F6010000000000D1F601007B
:107D780000000000D1F6010000000000D1F601006B
:107D880000000000D1F6010000000000D1F601005B
:107D980000000000D1F60100C87602004DF1000095
:107DA80000000000D1F6010000000000D1F601003B
:107DB80000000000D1F60100DC01002001010200F2
:107DC80000000000D1F6010000000000D1F601001B
:107DD80000000000D1F6010000000000D1F601000B
:107DE80000000000D1F6010000000000D1F60100FB
:107DF80000000000D1F6010000000000D1F60100EB
:107E0800F9080100AB23020000000000D1F60100D0
:107E180000000000D1F6010000000000D1F60100CA
:107E280000000000D1F6010000000000D1F60100BA
:107E380000000000D1F6010000000000D1F60100AA
:107E480000000000D1F6010000000000D1F601009A
:107E580000000000D1F6010000000000D1F601008A
:107E680000000000D1F6010000000000D1F601007A
:107E780000000000D1F6010000000000D1F601006A
:107E880000000000D1F6010000000000D1F601005A
:107E980000000000D1F6010000000000D1F601004A
:107EA80000000000D1F6010000000000D1F601003A
:107EB80000000000D1F6010000000000D1F601002A
:107EC80000000000D1F6010000000000D1F601001A
:107ED80000000000D1F6010000000000D1F601000A
:107EE80000000000D1F6010000000000D1F60100FA
:107EF80000000000D1F6010000000000D1F60100EA
:107F080000000000D1F6010071D50000AB2302008B
:107F180000000000D1F6010000000000D1F60100C9
:107F280000000000D1F6010000000000D1F60100B9
:107F380000000000D1F6010000000000D1F60100A9
:107F480000000000D1F601006401002001010200D8
:087F580000000000D1F6010059
:047F60000D370100D8
:047F6400294E0100A1
:107F68004F0002002D000200A9DA00006DDA0000BF
:107F780015DB0000D9DA0000B9D90000A9D9000042
:107F8800C1D9000051DB0000610002006D00020051
:107F9800810002008B0002009500020091DD0000C4
:107FA800A90002000000000000000000000000001E
:107FB8000000000065F1000021F100000000000051
:107FC8000000000075F30000F71F0200B5D500009F
:107FD800CFFF01008FFF010000000000EFFE01004D
:107FE8000000000000000000F9FE010003FF01008E
:107FF8000BFF010000000000000000005DEB000026
:1080080079E500001DE9000021E6000041120200A8
:10801800A90A02008D070200ED06020015030200FE
:10802800D70F02000000000085E4000000000000F7
:1080380000000000691C0200B1F200005B1C020095
:10804800D71E02008F1C0200B71C0200E51C0200AC
:10805800F91C0200271D02003D1D0200F91C020048
:10806800171D0200531D02005F1D02006B1D020058
:08807800000000009D1D020044
:10808000A9360000494F00002D7200005583000002
:0C8090000000000039BC000000000000EF
:1080A00000A0105000820D5000040550FFFFFFFF9C
:1080B000FFFFFFFFFFFFFFFFFFFFFFFF01000000CB
:1080C00001000000000000000000000000000000AF
:1080D0000338FDD8704700000000000000000000D9
:1080E0000338FDD8704700000000000000000000C9
:1080F0000338FDD87047000022AE28D7982F8A4257
:10810000CD65EF23914437712F3B4DECCFFBC0B5CC
:10811000BCDB8981A5DBB5E938B548F35BC25639CC
:1081200019D005B6F111F1599B4F19AFA4823F92B6
:1081300018816DDAD55E1CAB420203A398AA07D85A
:10814000BE6F7045015B83128CB2E44EBE85312454
:10815000E2B4FFD5C37D0C556F897BF2745DBE72AE
:10816000B196163BFEB1DE803512C725A706DC9B13
:10817000942669CF74F19BC1D24AF19EC1699BE4F8
:10818000E3254F388647BEEFB5D58C8BC69DC10F12
:10819000659CAC77CCA10C2475022B596F2CE92D72
:1081A00083E4A66EAA84744AD4FB41BDDCA9B05C0A
:1081B000B5531183DA88F976ABDF66EE52513E98FB
:1081C0001032B42D6DC631A83F21FB98C82703B0EB
:1081D000E40EEFBEC77F59BFC28FA83DF30BE0C6C8
:1081E00025A70A934791A7D56F8203E05163CA067A
:1081F000706E0E0A67292914FC2FD246850AB7270C
:1082000026C9265C38211B2EED2AC45AFC6D2C4D44
:10821000DFB3959D130D3853DE63AF8B54730A653E
:10822000A8B2773CBB0A6A76E6AEED472EC9C2819A
:108230003B358214852C72926403F14CA1E8BFA2F5
:10824000013042BC4B661AA89197F8D0708B4BC294
:1082500030BE5406A3516CC71852EFD619E892D11C
:1082600010A96555240699D62A20715785350EF434
:10827000B8D1BB3270A06A10C8D0D2B816C1A41948
:1082800053AB4151086C371E99EB8EDF4C77482772
:10829000A8489BE1B5BCB034635AC9C5B30C1C39BE
:1082A000CB8A41E34AAAD84E73E363774FCA9C5BFB
:1082B000A3B8B2D6F36F2E68FCB2EF5DEE828F7476
:1082C000602F17436F63A57872ABF0A11478C88450
:1082D000EC39641A0802C78C281E6323FAFFBE908B
:1082E000E9BD82DEEB6C50A41579C6B2F7A3F9BEE6
:1082F0002B5372E3F27871C69C6126EACE3E27CA00
:1083000007C2C021C7B886D11EEBE0CDD67DDAEA20
:1083100078D16EEE7F4F7DF5BA6F1772AA67F006BF
:10832000A698C8A2C57D630AAE0DF9BE04983F1198
:108330001B471C13350B711B847D0423F577DB2849
:108340009324C7407BABCA32BCBEC9150ABE9E3C53
:108350004C0D109CC4671D43B6423ECBBED4C54CE9
:108360002A7E65FC9C297F59ECFAD63AAB6FCB5F2D
:108370001758474A8C19446C0100000000000000A7
:1083800005000000000000001900000000000000CF
:108390007D000000000000007102000000000000ED
:1083A000350C000000000000093D00000000000046
:1083B0002D31010000000000E1F505000000000083
:1083C00065CD1D0000000000F902950000000000CE
:1083D000DD0EE90200000000514A8D0E0000000091
:1083E0009573C24800000000E941CC6B0100000019
:1083F0008D49FD1A07000000C16FF28623000000BE
:10840000C52EBCA2B1000000D9E9AC2D7803000054
:108410003D9160E45811000031D6E275BC56000071
:10842000F52E6E4DAEB10100C9EA268367780800CB
:10843000ED95C28F055A2A00A1EDCCCE1BC2D30008
:1084400025A4000A8BCA22040000000000000000DE
:10845000000000000000001000000000000000000C
:10846000B9340332B7F4AD1410DB1AB30892540ECA
:108470000D307D951447BA1A66088F4D26ADC66D2E
:10848000F598BF85E2B74511CA96853D92BD1DEBB3
:10849000FCA11860DCEF52163C92AE220BB8C1B4BE
:1084A000839D2D5B0562DA1C304C7E8F4E8BB25B58
:1084B00016F4529F8B56A512FBD4827643ED8AF0B8
:1084C0008FE7F9311565191850F19BD94A13EEB4AD
:1084D000284CF0A686C1251F035FC270CB9E4916AB
:1084E000E642889C44EB2014B0650836AD6EA58545
:1084F00085F0CA14E2FD031A0B899979D5B13D09BB
:10850000D8DA973A35EBCF10AC363F5E73BB38CF35
:108510003E6752FA44AFBA150100000000000000A7
:108520000000000000000020345065C05FC9A65262
:10853000BB13CBAEC440C21806C8DF7100D5A87CFF
:10854000F56F0FDA58FC27136E4756357D242065EA
:1085500002C7E768E48CA41DE9E60268D7CD39615B
:108560007977FCC2405BEF16798CDE43FFA751F9A7
:1085700091F3B278F5BDBE11E857E9D6E8BEE87BC5
:10858000B054AC8F848D751BEA23A499E9F9D38B81
:10859000B7A3714061DA3E15CEE33ECB73F94808CC
:1085A0008C97B427D51B7010A2BFEFB9EB8532159D
:1085B0004DB44DB49BBB6F1996B6076CF8E7EEADA2
:1085C00036D9B4F59135AE13222218AF4E6A684DF4
:1085D00091DAAA3D4F40741E9FBD9EE006A1C0984F
:1085E00057C2A7FDA40E90170E7D497173E3208F2B
:1085F000B220D87605143B12853D7434811343B004
:10860000AD297A5F27F4351C00000000000000004F
:1086100087EE0100BB9A0100BD9A0100BF9A0100DC
:10862000C19A0100392D0000CD9A0100D19A0100B4
:10863000C39A0100412D0000C99A0100D79A010098
:10864000C79A0100DD9A0100000000000000000050
:10865000552E0000BB9A0100BD9A0100BF9A01008F
:10866000C19A0100392D00007DA60100D19A0100B8
:10867000C39A0100412D0000C99A0100D79A010058
:10868000C79A01000DAE010015A6010019A6010050
:108690001DA6010039A601004DA601003DA601005E
:1086A00041A6010045A6010021A6010023A6010064
:1086B00025A6010027A601002BA601002DA601007A
:1086C0002FA6010031A6010033A6010049A6010032
:1086D00035A6010037A601000000000000000000E0
:1086E000B534000049350000913500001136000016
:1086F0005D360000F1340000FD3400008D360000CE
:1087000009350000153500002D3500005D350000ED
:108710000000000000000000253A0000CD390000F4
:10872000A5B10100A9B1010051390000ADB10100AE
:10873000ADB10100ADB101000BB20100F5B1010016
:1087400089B101008BB101008FB10100B3B101000B
:10875000AFB1010059390000B7B1010091B101007A
:10876000B7B10100BBB1010095B1010099B10100A1
:10877000A1B10100D5B101006D390000EBB10100DC
:10878000EFB101009DB101000000000000000000F9
:10879000E9B7010001B4010099420000C13C0000AA
:1087A0005BB901007FB4010083B3010027B301006E
:1087B00047B301001BBA01005BB3010023B90100FC
:1087C00029B301002DB3010031B301009BB80100B2
:1087D000B9B301004DB3010041470000DBB2010015
:1087E00093B30100EBB30100F93D0000CDB20100ED
:1087F000C54600003D3D00007BB3010073B301009E
:108800006BB30100E1B20100F3B2010007B3010054
:1088100017B30100FCFFFFFF0000000001B30100DF
:1088200011B3010021B30100EDB201000000F0C05E
:10883000000020C1000048C1000070C100008CC1D0
:108840000000A0C1000000000000000017C20100ED
:10885000000000000000000037C2010095C20100C6
:1088600035C2010000000000000000008548000043
:10887000000000000000000087C30100A9180000EC
:1088800081C3010095C30100B14E0000C94E000034
:10889000F54E000083C301009DC301000CA402003B
:1088A000EFA40200F7A4020001A502000DA502003A
:1088B00018A5020025A502000100000033A5020052
:1088C00037A502000200000046A5020000000000DB
:1088D000040000004FA5020058A502000800000097
:1088E00066A502006AA502001000000075A502003E
:1088F0007EA502002000000085A502008BA50200D5
:108900004000000096A5020000000000800000006A
:108910009FA50200A8A5020000010000B8A5020062
:10892000BFA5020000020000C7A50200CEA50200FC
:1089300000040000DDA50200E1A50200000800001F
:10894000EFA502000000000000100000F5A50200E5
:108950000000000000200000FEA502000000000052
:108960000040000003A602000FA6020000800000E5
:108970001AA60200000000000000010025A6020067
:108980000000000000000000000000009FCA01007D
:10899000FBCA010073CA01004FCA0100ADCB010040
:1089A00071CB010059CB010071CA01000000000029
:1089B00000000000D7CA010009CB010077CA0100FE
:1089C000DBCA01008FCA010093CA010099CA0100E5
:1089D00071CA01000000000000000000D9CA0100B7
:1089E00017CB01008DCB0100A1CA0100C7CA01004D
:1089F000CBCA0100D1CA010071CA01000000000009
:108A000000000000A9670000EBCB0100EFCB0100E4
:108A1000000000000000000095680000EBCB0100A2
:108A2000EFCB01000000000000000000196700000B
:108A3000EBCB0100EFCB01000000000000000000C4
:108A400071670000EBCB0100EFCB010000000000DC
:108A50000000000081670000EBCB0100EFCB0100BC
:108A60000000000000000000C9690000EBCB01001D
:108A7000EFCB0100000000000000000029660000AC
:108A8000EBCB0100EFCB0100089F020015010000B5
:108A900000000000C11302000000000017140200D3
:108AA0002D1502005B150200BD13020079160200AD
:108AB000631602006D160200A715020000000000F8
:108AC000B716020027170200211702009F160200A6
:108AD000A7160200971602009B1602000000000075
:108AE0000000000000000000000000000000000086
:108AF00000000000D9D001006BCF01006DCF010054
:108B00008FCF010095CF0100757300007DA6010095
:108B1000D19A0100ABCE0100412D00007972000016
:108B2000D79A01002DCF010057D2010015A60100F0
:108B300019A601001DA60100AD750000D1D00100ED
:108B4000D5D00100B1CE010097CF0100EBCF0100DD
:108B50001DE0010025A6010081D00100BDD5010066
:108B600067DC01002FA6010063D6010033A60100D7
:108B700049A6010035A6010037A60100B7CE0100C5
:108B8000C5CE0100D3CE01001FCF0100A5720000A9
:108B9000B5720000C5720000E5D101001FD00100D0
:108BA00067D101000BDE0100E572000005730000D3
:108BB00039CF0100D1CF0100D1CF0100CFCF0100CB
:108BC000D973000083D4010025730000C178000030
:108BD000B97400002BD1010097D1010025D201000A
:108BE00045CF0100AFD10100C3D401007BD101000A
:108BF00089D10100D5720000C3D10100FFD101006D
:108C00004FCF010019D201000DD201005FCF01004A
:108C1000D3CF01002DD5010088FDFFFF000000002B
:108C2000F7D10100AD720000BD720000CD720000EE
:108C300073D1010049DE010071D0010079D001003B
:108C40003FCF010047D3010043D3010045D30100CA
:108C500081D1010005D201008FD101004FD2010066
:108C6000AFD40100A7CE0100C9D0010015E001007A
:108C700049D301004BCF0100BBD1010025D5010034
:108C800069D001005FD10100A7D1010047D20100E6
:108C9000DDD101001FD2010013D2010065CF010018
:108CA000E3CF010037D50100CDCE0100BFCE0100DA
:108CB00019CF010027CF010057CF0100DD7200005E
:108CC00000000000000000003FE30100B1E20100ED
:108CD000E5E201000000000000000000A1E2010048
:108CE000A3E2010079E201006581000091E2010048
:108CF00095E201009BE2010071CA0100A875020023
:108D000003000100A87502000400010097AA0200F8
:108D1000CCC002008BAA020000000000000000008E
:108D200021E5010023E5010031E501004FCA010002
:108D300011E5010015E501001BE5010071CA010004
:108D400000000000000000006D930000AFEB010088
:108D5000B5EA01000BEB0100CDEA010055EB010083
:108D600021EB010071CA01003EB0020039BD0200D2
:108D7000C6C10200D0C1020000000000A8AF02007E
:108D800001000000D4C10200020000003EB0020059
:108D900003000000EFA6020000000000DBC102009B
:108DA00001000000D0C10200020000003EB002003D
:108DB00003000000020000000100000000000000AD
:108DC00000F80000487602000000000000E01400F7
:108DD0000070010048760200000000200000000042
:108DE0000600010002000000EC8D020000000000FF
:108DF000AAC6020002000000E0CF17000000002019
:108E0000B2C6020021000000E0FF0320FDD20000F6
:108E100021FB010055FB010089FB0100BFFB0100A4
:108E2000E5FB010015FC010041FC0100A9D3000095
:108E300073FC010011D40000F7FD0100D3FC010018
:108E4000F7FC01002BFD01006DFD010073FE010028
:108E5000A1FD010049D40000EDD50000D5FF0100BF
:108E600000000000290002001B00020005D90000DC
:108E7000A1D800001000000001FF00007D010000EB
:108E80000010000000A0105000820D50000405509A
:108E90007F00000000A010506401002000000000CE
:108EA00000000600FFFF010000820D50DC010020E1
:108EB0000000000001000600FF070000000405504C
:108EC0000000000000000000020007001E0000007B
:108ED00001000000E48E0200E84800208DDF000061
:108EE00001000000C8750200080011000B0000001E
:108EF0006876020000127A0000010000E8750200A6
:108F0000050001000000000001000000000000005A
:108F1000E875020000000100A875020001000000D1
:108F2000A875020000002000000000000000000002
:108F30000000000000000000000000000000000031
:108F40000000000000000000000000000A00000116
:108F50000001000000A0105000820D5000040550D8
:108F600000600C5000000000000000008C8F020028
:108F700000C201000000D601000000000000004017
:108F80000010000089A6002088A6002000600C5078
:108F9000988F020002000000B08F02000200000063
:108FA000A88F02000201000025800000248000013B
:108FB0002500000024060001871F0200DC8F02004C
:108FC0008520020010900200B2A60020AAA6002070
:108FD0000048E801FFFFFF010000000000A004506E
:108FE000E88F02000200000004900200030000006D
:108FF000F88F020003010000418000044280000558
:1090000044800006410000044200000544000006C0
:10901000E87502000500010000A0105000820D500C
:10902000000405500001000000A0105000820D5007
:1090300000040550080000000200000004000000C9
:109040000100000000A0105000820D5000040550E7
:10905000000000006410B71DC8206E3BAC30D9265C
:109060009041DC76F4516B6B5861B24D3C71055008
:109070002083B8ED44930FF0E8A3D6D68CB361CB30
:10908000B0C2649BD4D2D38678E20AA01CF2BDBDE4
:10909000FCC702000AC802001EC802002DC8020058
:1090A00039C802008874020098740200E874020053
:1090B000F074020040750200487502004BC80200BF
:1090C00000010000000000001B132C0AA3E59CED2A
:1090D000A72963085D210621EBFFFFFFFFFFFFFFCC
:1090E000FFFFFFFFFFFFFFFF0F0000008F64F8018D
:1090F0006360BCFFC509F8FFD588650073840E0066
:10910000A061A0FF144BB1FF9DBE6A003EA4ADFF5D
:10911000F56995FFEE3F3D00374F6A00703B49FF10
:10912000C26C3C00C5197A003E484E00C41EDFFFE9
:10913000AE03E3FFC36918FE683409FF8D49F800E8
:10914000EC6B73FF9A0C6B015E290B004B3276FEC1
:10915000E4E2C9FF78446A009A40B7FF517DA70056
:10916000C55C99008FA626004990BEFFC8A68AFE5E
:10917000B3FB42FFBDC432FFC8E5DD000D7AC40079
:109180009FFFD30074EAE500682583001D4C32017F
:109190003BA34EFFCF4C300086CE37FF003EC900C8
:1091A000F0E74FFF33F25BFF514532FF4A7DC301C9
:1091B0002F8721004E75EFFF8D89B400B5095C0043
:1091C0008494D6000C0BE100267D83FFA0CFC3FE64
:1091D000542DB30002A6DE01F0D2C8006C491F0076
:1091E0000B779DFF7FC8E9001077500094DB840166
:1091F000AEE60100E47AEAFE59B493FFDBE499FF9E
:10920000082621FF14A59700C90021000609A2FF26
:1092100070E3E5FF944A41007D59D8FF8018A3FE12
:109220000C9E92FFA0DB8CFE053CB30048C0A5FE5F
:10923000FC4826FFAD065B009D2D8F002DF2370107
:10924000F05359003712AF014DEAEAFF72A35AFFFB
:109250003A51D100565E7EFF2AF9F90054B49100CC
:10926000FD23B4FFDD75BBFF3D75C4FF70555E0087
:1092700021313CFFF14F9601109F9E001802A10181
:1092800059170EFFB4BB750086048500E26173FFB9
:10929000F8B520FFEA3BBA01C281A9FF2C82400049
:1092A000E4B10300395D35FF282186FF90A993FFC3
:1092B00034BC8500AACA5FFE8F402F0053DBC40177
:1092C000CD8374FF959C3B00DAE5AB00CDDBB500A8
:1092D000B85AEF00750BF1FE6CD654FFD9A25BFEB5
:1092E000AD0D4A00C56F61FE3FDF67008DDB680092
:1092F000DF95EFFF8E7445FE4362D5007C4E62FE23
:109300009E98D6FF5FE2AC01E59235FF76EB5D00FB
:10931000927AE60027FF350044598DFF7632D70058
:10932000796AAB002BF005FE6A998D00083DD901E2
:10933000F2254200A01BE4FF670D46008906D50018
:109340000020C300CE6A1600279900FF58D3FD0104
:1093500028C0D4008E7B7B00100E7AFF77A255FFC9
:1093600092F01500D0A657010662D5FF8167DE0195
:1093700048A5B6FF3C897DFE4F763C007E5EBF006F
:109380009D9270FF63845DFE92887900936294FEE3
:10939000A78D54004B5C77FE094097FF18E86B01DE
:1093A000A3602E00266C74FFA0E65B002B945DFE8C
:1093B000B997A100DB328201DAD1E7FF30CAA1FE02
:1093C000740A4D004926DB019418FDFF51CED5FEED
:1093D0007A71F6FF1F2EF5FE4B0C04FF0F5AE0FECC
:1093E000CCDC39FF66386CFF9A06E0001034D101FE
:1093F0008BC3750073C05AFF21F392007532CE0102
:10940000584D5FFF2ED257FEA73B2DFFFBEC5800B7
:10941000539FF500B1238AFE9B8CB800D4207100C5
:109420002FABAE00CF1FAC013DA0E4FFEB8129FFC5
:1094300090844200EFA89101BCBE2300CF04B2FE8D
:109440003239E7FF347FA3FFD226200055B149FE11
:10945000B0E28900D1A5D4FE2BCB38FF50DB3AFE19
:109460005647E20093DDB9FF39FBD800C7E235FE6D
:109470007D192D00948AB8002C0D2FFF3B57A5FFB6
:1094800091896B004724CFFFD4EDDB002C0148FF0E
:10949000CB7C05FF792076FFB8C291FFB0448D00E8
:1094A000C459150090D4CF016642A9FFA7FC97FFCD
:1094B0004189DCFF4BC5A7FECCE5010002E51201A6
:1094C000E9C47F007C143101E0351E005BF3E4FE4B
:1094D00083A08A0011439D00302706005570E200EA
:1094E000AAFF9200CE2381005B8380FF77B625FF21
:1094F0002FD4DF00B653910100022B00449AA5FE41
:10950000E803CFFF84F32CFF8C53D3FF3FE106FF2A
:1095100098202AFF6E76C500F1B602008BA1B90033
:109520003B69DBFF6A9644FF0EDA94FF9D5F97006C
:10953000DA3DD1FFF57715FEAEAC2C0074AE5501C7
:10954000795E1DFFE7802900C546FA009F9291FFD2
:1095500050D4B7FF02FC2800816F9CFFEE158EFEF1
:109560008DC50CFFC7CEA0FF27E3D600B5509900EC
:109570005D96BA009CAC2EFEBF413BFF53B155FF38
:10958000CD013600807C50FF3CA4FB00F2A25FFEC0
:10959000FEA61AFF590691FF09DC0CFFEE540D01DF
:1095A00099E2080004DFF2FF9F22FDFF3CC847FF5D
:1095B00001FC5CFF8372C9FED064ED0073E025FE00
:1095C0004B6AB3FF901EA0FF8684DDFF39ADB8FF64
:1095D0003FD3B9FF689AC1FFE8C0BD0021BB22FE9E
:1095E0009B2D10002F765F0056EC9F004E582CFFED
:1095F0003CEB1E001466B1FE9B2AD6FFF846DBFF4B
:10960000546585FF7E3C7000FC12F0006A409BFEB2
:109610006B4672001F086900649B0A00EBF461014D
:10962000AA289300AAE301FE8842AD0032C5CCFE11
:10963000597A61005FE881FF726C7EFFB2428AFF57
:10964000A96530FFE2C62FFF262EE1004183D7FE39
:10965000EC9D1BFFEC129E002A3E57FF654BB1FEAE
:10966000AB5DB8009F4954FFF6B60CFF404D990022
:10967000E59E5200430A7B01A7657B00AAD899FFAB
:10968000B395960084BDF100ED6D08FFE7159300DA
:109690008B38B4009EAB91FE8AC971FFE9B43B00E0
:1096A000419869FF1D330F009DD27AFF6EE777FF67
:1096B000A6E428FFE39B6E00D4C5DC005CF58001C6
:1096C00065CC79FF63E8DA0016807D00CB7A610013
:1096D000CD6C92FF7AB2620071EE7AFF1BB6EC009D
:1096E000F794EB00F2087000B20265FF2EBD120184
:1096F0004F2291FFFF5B2100A0884A004733A5005D
:1097000025E26C00B24227FF80D55000528CA6FFA4
:109710003A5FA4FF5BB5AC0145A340004A4627FF72
:10972000ECE21D001565FFFEDB8C3A0002E8ABFFA2
:1097300032F036FF09853CFE0949BC003EDAE900FB
:10974000D6AF0CFF7F8579FF5C01A9000ECED4FE59
:10975000E560C6FFA0F4B20054889200833BB9FFD5
:10976000590FAFFFD98E88FF549429005FA0DC0108
:10977000914200FFF81691FF9CD3E10050E547FEAF
:10978000BCDC4900B62948FF701F75FFA8F1E9FF4E
:10979000D1D30500BA5327FE83DF03FF2CB113009A
:1097A000974AC30063C19F01EE8362FFA2B5E10047
:1097B000607522FF36E75000588B7AFF3A0FCCFFD6
:1097C0007BAEC0FF231463FE9106A400173486010C
:1097D0006052A0FF33BB15FF38B8F400B47D110010
:1097E000C67D000072626601CD4392004B1D790177
:1097F000E75BEAFFD9CE2E010C4E0400D5B3F3FE91
:1098000073E8A70053A717FE7D8ED6FF12285D00D0
:1098100061E4E5FF8469BFFE8DC9DA00717D7A00DD
:109820007EFC7C0035A3E5FE87C543FFF61D800165
:10983000BF9BA5FF81B0EB002431720007842FFE8F
:1098400014BA9800535228FFB54DC0FFB9599C0077
:10985000090A20FF9FFCFF01F92D2AFFEE89640110
:10986000531CE600386386FF71EF7400853B8C0162
:10987000BDF124FFF825C30160DC3700B74C3EFF83
:10988000C3423D00324CA401E1A44CFF4C3DA3FF78
:10989000753E1F00519140FF76410E00A273D6FF26
:1098A000068A2E007CE6F4FF0A8A8F00341AC20072
:1098B000B8F44C00818F2901BEF413FF7BAA7AFF14
:1098C0006281440079D5930056651EFFA1679B0015
:1098D0008C5943FFEFE5BE01430BB500C6F089FE8E
:1098E000EE45BCFF4397EE00132A6CFFE55571016E
:1098F000324487FF116A0900326701FF5001A80155
:1099000023981EFF10A8B9013859E8FF65D2FC0062
:1099100029FA4700CCAA4FFF0E2EEFFF504DEF0063
:10992000BDD64BFF118DF90026504CFFBE5575007A
:1099300056E4AA009CD8D001C3CFA4FF96424CFFA6
:10994000AFE110FF8D5062014CDBF200C6A2720045
:109950002EDA98009B2BF1FE9BA068FF33BBA5007D
:109960000211AF004254A001F73A1E00234135FE18
:1099700045ECBF002D86F501A37BDD00206E14FFB2
:109980003417A500BAD64700E9B06000F2EF3601FF
:1099900039598A00530054FF88A064005C8E78FE19
:1099A000687CBE00B5B13EFFFA29550098822A01B5
:1099B00060FCF60097973FFEEF853E0020389C0044
:1099C0002DA7BDFF8E85B3018356D300BBB396FE92
:1099D000FAAA0EFFD2A34E0025349700634D1A0059
:1099E000EE9CD5FFD5C0D101492E54001441290168
:1099F00036CE4F00C98392FEAA6F18FFB12132FE06
:109A0000AB26CBFF4EF77400D1DD99008580B20103
:109A10003A2C1900C9273B01BD13FC0031E5D201E6
:109A200075BB7500B5B3B8010072DB00305E930002
:109A3000F52938007D0DCCFEF4AD77002CDD20FE3D
:109A400054EA1400F9A0C601EC7EEAFF2F63A8FED9
:109A5000AAE299FF66B3D800E28D7AFF7A4299FEB6
:109A6000B6F58600E3E41901D639EBFFD8AD38FF2F
:109A7000B5E7D20077809DFF815F88FF6E7E33005F
:109A800002A9B7FF078262FE45B05EFF7404E301DE
:109A9000D9F291FFCAAD1F01690127FF2EAF450022
:109AA000E42F3AFFD7E045FECF3845FF10FE8BFF8D
:109AB00017CFD4FFCA147EFF5FD560FF09B0210025
:109AC000C805CFFFF12A80FE2321C0FFF8E5C401BD
:109AD00081117800FB6797FF073470FF8C3842FFD5
:109AE00028E2F5FFD94625FEACD609FF484386019A
:109AF00092C0D6FF2C26700044B84BFFCE5AFB0014
:109B000095EB8D00B5AA3A0074F4EF005C9D02005D
:109B100066AD6200E98960017F31CB00059B94004E
:109B2000179409FFD37A0C0022861AFFDBCC880039
:109B3000860829FFE0532BFE5519F7006D7F00FEC4
:109B4000A9883000EE77DBFFE7ADD500CE12FEFE30
:109B500008BA07FF7E0907016F2A48006F34ECFE40
:109B6000603F8D0093BF7FFECD4EC0FF0E6AED01BA
:109B7000BBDB4C00AFF3BBFE6959AD005519590171
:109B8000A2F394000276D1FE219E09008BA32EFF42
:109B90005D4628006C2A8EFE6FFC8EFF9BDF9000D6
:109BA00033E5A7FF49FC9BFF5E740CFF98A0DAFF2A
:109BB0009CEE25FFB3EACFFFC500B3FF9AA48D004A
:109BC000E1C468000A2319FED1D4F2FF61FDDEFE74
:109BD000B865E500DE127F01A48887FF1ECF8CFEEA
:109BE0009261F30081C01AFEC95421FF6F0A4EFF33
:109BF0009351B2FF04041800A1EED7FF068D210097
:109C000035D70EFF29B5D0FFE78B9D00B3CBDDFF25
:109C1000FFB97100BDE2ACFF7142D6FFCA3E2DFF15
:109C2000664008FF4EAE10FE857544FFEDD3F55C2F
:109C30001A631258D69CF7A2DEF9DE140000000069
:109C400000000000000000000000001059F1B2FE0A
:109C50000AE5A6FF7BDD2AFE1E14D4005280030015
:109C600030D1F300777940FF32E39CFF006EC501ED
:109C7000671B9000B67859FF8572D300BD6E15FF43
:109C80000F0A6A0029C0010098E879FFBC3CA0FFD8
:109C90009971CEFF00B7E2FEB40D48FFB0A00EFEF2
:109CA000D3C986FF9E188F007F693500600CBD0008
:109CB000A7D7FBFF9F4C80FE6A65E1FF1EFC0400F6
:109CC000920CAE0001000000000000000000000047
:109CD0000000000000000000000000000000000084
:109CE000000000000000000000000000982F8A42E1
:109CF00091443771CFFBC0B5A5DBB5E95BC25639DE
:109D0000F111F159A4823F92D55E1CAB98AA07D8F5
:109D1000015B8312BE853124C37D0C55745DBE7218
:109D2000FEB1DE80A706DC9B74F19BC1C1699BE498
:109D30008647BEEFC69DC10FCCA10C246F2CE92D28
:109D4000AA84744ADCA9B05CDA88F97652513E984C
:109D50006DC631A8C82703B0C77F59BFF30BE0C653
:109D60004791A7D55163CA0667292914850AB727E1
:109D700038211B2EFC6D2C4D130D385354730A657E
:109D8000BB0A6A762EC9C281852C7292A1E8BFA255
:109D90004B661AA8708B4BC2A3516CC719E892D1BD
:109DA000240699D685350EF470A06A1016C1A41940
:109DB000086C371E4C774827B5BCB034B30C1C393F
:109DC0004AAAD84E4FCA9C5BF36F2E68EE828F74FE
:109DD0006F63A5781478C8840802C78CFAFFBE9018
:109DE000EB6C50A4F7A3F9BEF27871C6C76C020001
:109DF0002C9E020002000000249E020003000000CE
:109E00001C9E020004000000149E020000000000DE
:109E10000000000054C802001014040060C80200D2
:109E2000101303006CC802001012020002000000B0
:109E3000616C02005D6C0200596C0200416C020012
:109E40002F6C020000000000000000000000000075
:109E500000000000000000409559695955555455BF
:109E60001555555604051541105455404551554456
:109E700040455044505555450040004040044496EC
:109E800065555655454045545141154055915555D8
:109E9000555540510501000054455454455505049D
:109EA00000100410140440000000014055551541F5
:109EB0005404000044000100000000404100004440
:109EC000504445505400555554556551004000408C
:109ED0000100000100050100115451515455550570
:109EE000001541500000044010010405000000006E
:109EF00000000000DCCFD1350000000000C0153F9D
:109F00000000803F0000C03F5E101810D20FB40F59
:109F1000960F640F320F050FD80EB00E880E5B0E31
:109F20002E0EFC0DCA0D930D5C0D200DE40C800C63
:109F30001C0C7065E18FD9FABB70C1ED90DCA19962
:109F400007DE698C88B709EA146EAFD93D9B830C94
:109F50007B60C4681193C79BBC39945BA80641041D
:109F6000BB618F8FD7A84A0AF6F57033D6E8DDCDEE
:109F70006471001EC77175B0918ED206F9AE04EC03
:109F8000136D6D5D4315BB26305427F645B492E939
:109F9000350C1000286E6F2064657461696C2900AF
:109FA00063727970746F2070616E69633A202573F3
:109FB00020E28094207265626F6F74696E670A0098
:109FC0004D4532354C533032004572726F723A2033
:109FD000424C45204F5441206E6F74207375707051
:109FE0006F72746564206F6E207468697320706C82
:109FF0006174666F726D00556E6B6E6F776E0020C8
:10A0000028637261736820257520696E2025732C82
:10A010002070632030782530387829007368757493
:10A02000646F776E206D61726B6572002F6C667362
:10A030002F73687574646E004E6F6E65004C6F7799
:10A0400020566F6C746167650055736572205265A8
:10A05000717565737400636164206E2F6100613AED
:10A060002573206F3A256420706B3A256428622599
:10A07000752F3473292073703A25752E25752F2579
:10A0800075252500282575207225752F6225752FC9
:10A090006125752F64257529002062633A25752591
:10A0A00025002070726F62653A6E2F61000A256389
:10A0B000252B6428256429202575702025756220AC
:10A0C000257566202575742025752525006C6F7211
:10A0D000615F74785F7761697400435350524E47F3
:10A0E00020756E617661696C61626C652061667471
:10A0F00065722072657472696573005B524E475DCC
:10A10000203D3D3D206964656E74697479207365F6
:10A110006564206865616C7468203D3D3D0A005BA4
:10A12000524E475D20706C6174666F726D205452A0
:10A130004E4720697320726164696F2D696E646592
:10A1400070656E64656E7420286E6F207072652D68
:10A15000524620776F726B61726F756E64206E6508
:10A1600065646564290A005B524E475D2073746123
:10A1700067653120637372616E64202020203A206D
:10A1800072633D25642064697374696E63743D2550
:10A19000642F36340A005B524E475D20737461674A
:10A1A0006532206877696E666F20696420203A20E6
:10A1B000256420627974657320287075626C696308
:10A1C00020E2809420756E697175656E65737320E9
:10A1D0006F6E6C79290A005B524E475D2073746183
:10A1E000676533206578747261202020203A20252D
:10A1F000642062797465730A005B524E475D207378
:10A2000074616765342F3620736B697070656420E4
:10A21000E28094206E6F20696E646570656E64657F
:10A220006E7420736C6F7720636C6F636B2028549F
:10A23000524E472076696120637372616E64206FAD
:10A240006E6C79290A005B524E475D20737461671A
:10A25000653520637372616E64202020203A20727D
:10A26000633D25642064697374696E63743D25647D
:10A270002F36340A005B524E475D203D3D3D206540
:10A280006E64202865787472616374696E67202536
:10A290007520627974657320766961204145532D7C
:10A2A0003235362D43545229203D3D3D0A0041456B
:10A2B000532D43545220657874726163743A20734D
:10A2C0006861323536207073613D2564206C656E9F
:10A2D0003D257520696E69743D2564004145532D07
:10A2E00043545220657874726163743A20696D70CA
:10A2F0006F72745F6B6579207073613D25642069AE
:10A300006E69743D2564004145532D4354522065C8
:10A310007874726163743A20636970686572207042
:10A3200073613D2564206F75743D2575206174202F
:10A33000257520696E69743D256400646567656EE6
:10A3400065726174652073656564206F75747075DE
:10A35000742028616C6C2D7A65726F202F20616CDF
:10A360006C2D464629004145532D435452207365B8
:10A3700065642065787472616374696F6E206661CC
:10A38000696C6564006964656E74697479206765D9
:10A390006E20737475636B206F6E207265736572C7
:10A3A0007665642070726566697800656E3A302063
:10A3B0007361743A30206669783A30006E6F2047D6
:10A3C0004E5353206F6E207468697320626F617200
:10A3D0006400677073006770735F696E746572768E
:10A3E000616C002028736B69707065643A20666F39
:10A3F00072776172642D6F6E6C7929002028626F0C
:10A400006F74737472617029006F6B00696E2D62D6
:10A41000616E640020286472792D72756E290020A7
:10A42000450073746570252B6C6425732573006873
:10A430006F6C642028257329006162737461696EF2
:10A440002028257329002573257320656C696769A9
:10A45000626C653D257520766F7465733D25752F9B
:10A46000257520736B65773D252B6C647320723DD9
:10A47000256C6473202D3E202573003B207374658A
:10A4800070733D256C7520626F6F743D256C75206F
:10A490006C6173743D252B6C647300206261636B87
:10A4A000736B69703D256C7500207375703D256C6C
:10A4B000756800206576616C733D256C752061625E
:10A4C00073743D256C75000D0A20253032782530D7
:10A4D000327820682575206E257520252B6C6473D5
:10A4E0002573000D0A202B2564206D6F7265006EA8
:10A4F0006F2D64617461006E6F2D71756F72756D73
:10A50000006E6F2D6D616A6F72697479007375707A
:10A510007072657373656400726174652D6C696D2A
:10A52000697465640070656469677265652D766538
:10A53000746F0050494E002872657365742062750F
:10A5400074746F6E2900534F465457415245004270
:10A55000524F574E4F555400286C6F7720766F6CD2
:10A56000746167652900504F520028706F776572DB
:10A570002D6F6E29005741544348444F47002868C7
:10A58000616E67290044454255470028646562753D
:10A590006767657229005345435552495459004C29
:10A5A0004F57504F574552002877616B65206672B0
:10A5B0006F6D206F666629004C4F434B5550002845
:10A5C0006372617368290050415249545900286DE3
:10A5D000656D6F7279206572726F722900504C4CF4
:10A5E0000028636C6F636B206661756C742900438F
:10A5F0004C4F434B0048415244574152450055533C
:10A6000045520054454D504552415455524500283D
:10A610006F766572686561742900424F4F544C4FE4
:10A620004144455200464C415348002F6C6673002C
:10A6300025732E746D700025732E62616400696449
:10A64000656E7469747900736176655072656673BE
:10A65000006C6174006C6F6E0072657065617400EF
:10A66000636F6D700077696669007A63006469736F
:10A6700061626C65006775657374006F776E6572F3
:10A6800000665F6164765F696E7400726F6F6D0063
:10A69000706F77657200665F6D617800665F6D61EF
:10A6A000785F756E7300665F6D61785F61647600D8
:10A6B0006C6F6F700072645F6F6E6C7900616463C1
:10A6C0005F6D756C74007077725F7361765F656E35
:10A6D000006672657100627700637200696E745F74
:10A6E0007468720066656D5F72786761696E007488
:10A6F0007800616600727864656C617900665F74E9
:10A700007864656C617900645F747864656C617904
:10A7100000686173685F6D6F6465006D756C746966
:10A720005F61636B006164765F6C6F630061757479
:10A730006F5F6D617800646566735F6E6D00646560
:10A7400066735F6B65790070696E0062757A7A5F17
:10A7500071006175746F5F616464006D616E5F614B
:10A7600064640074656C5F626173650074656C5F3E
:10A770006C6F630074656C5F656E7600747A5F6FF2
:10A780006666736574006C6564735F6F6666006C03
:10A790006564735F726164696F006C6564735F68A0
:10A7A000620072785F6463006D7473006361645F5C
:10A7B0006175746F006361645F6F666600636164F6
:10A7C0005F626173650070726F62655F696E7400CD
:10A7D00078736600646973705F726F7400696E5F8E
:10A7E000726F74007077725F7361765F7365740067
:10A7F0006261636B6F666600646973635F747300A4
:10A800006770735F73657400256C7800256C640055
:10A810006E616E002D6F7666002C003A22005C227D
:10A82000005C5C005C6E005C72003A7B00526570FC
:10A83000656174657200312E31372E362D7A657060
:10A8400068636F7265003230323620536570203293
:10A8500037007B22626174746572795F6D76223A8B
:10A8600025752C22757074696D655F73656373223D
:10A870003A25752C226572726F7273223A25752CF7
:10A880002271756575655F6C656E223A25757D0070
:10A89000253032643A253032643A25303264202D36
:10A8A0002025642F25642F256420550025733A2523
:10A8B000753A2564002D6E6F6E652D007B227265E2
:10A8C0006376223A25752C2273656E74223A2575BB
:10A8D0002C22666C6F6F645F7478223A25752C2287
:10A8E0006469726563745F7478223A25752C2266F8
:10A8F0006C6F6F645F7278223A25752C22646972DE
:10A900006563745F7278223A25752C2272656376CE
:10A910005F6572726F7273223A25757D007B226EBD
:10A920006F6973655F666C6F6F72223A25642C22C3
:10A930006C6173745F72737369223A25642C226CA4
:10A940006173745F736E72223A252E32662C227404
:10A95000785F6169725F73656373223A25752C2293
:10A9600072785F6169725F73656373223A25757DE2
:10A970000025730A25730A25730073657470657268
:10A980006D2000457272202D20626164207061721A
:10A99000616D73004F4B00457272202D20696E76F9
:10A9A000616C696420706172616D73004572722020
:10A9B0002D20626164207075626B65790067657433
:10A9C0002061636C0041434C3A002530325820002E
:10A9D000646973636F7665722E6E65696768626F0E
:10A9E000727300457272202D20646973636F7665FF
:10A9F000722E6E65696768626F727320686173207A
:10AA00006E6F206F7074696F6E73004F4B202D2036
:10AA1000446973636F7665722073656E74004F4B83
:10AA2000202D206C6F616465642025642072656749
:10AA3000696F6E730025732D2530325825303258DA
:10AA40002530325825303258000D0A3D3D3D205A00
:10AA5000657068436F72652000203D3D3D0D0A0022
:10AA600020202D3E20000D0A20202D3E20627573EF
:10AA7000790D0A002F6C66732F72657065617465BD
:10AA8000720025732F25730025732F5F6D61696E2A
:10AA90002E69640025732F70726566732E6A736F5A
:10AAA0006E0025732F7072656673002F61636C00F2
:10AAB0002F726567696F6E7332005E0025732573B0
:10AAC0000A002573257320460A002F00257325737D
:10AAD000257300647574796379636C65003E202585
:10AAE000642E25642525003E20252E326600696EE1
:10AAF000742E746872657368003E20257500616766
:10AB0000632E72657365742E696E74657276616CFE
:10AB10000052656D6F766564202D204175746F6DF0
:10AB200061746963204147432072657365742069CD
:10AB300073206F6E006D756C74692E61636B7300AA
:10AB4000726164696F2E66656D2E72786761696ED9
:10AB500000726164696F2E72786761696E003E20D1
:10AB6000252E33662C25732C25752C2575003E204B
:10AB700061646170746976652028727864656C61BF
:10AB800079206465707265636174656429003E2094
:10AB9000616461707469766520286573743D252E43
:10ABA000316620666C6F6F643D252E326629006425
:10ABB00069726563742E747864656C6179003E20F7
:10ABC0006164617074697665202864697265637474
:10ABD0002E747864656C6179206465707265636158
:10ABE0007465642900706174682E686173682E6DE5
:10ABF0006F6465003E20256400667265716572723F
:10AC0000006E6F7420617661696C61626C65003EF4
:10AC100020252E336600647574796379636C652032
:10AC2000004552524F523A20647574796379636CCF
:10AC300065206D7573742062652031302D313030A0
:10AC40002C206F722064656661756C7400455252E9
:10AC50004F523A20647574796379636C65206D7521
:10AC600073742062652031302D313030004F4B201D
:10AC70002D2025642E25642525006166200045725F
:10AC8000726F723A20657870656374656420612024
:10AC90006E756D626572206F722064656661756C99
:10ACA00074004572726F723A206166206D7573741C
:10ACB00020626520302D3900696E742E74687265CB
:10ACC000736820004572726F723A206E6F74207341
:10ACD0007570706F72746564206F6E20636F6D7035
:10ACE000616E696F6E006167632E72657365742EA5
:10ACF000696E74657276616C20006D756C74692E76
:10AD000061636B7320004572726F723A206D7573C8
:10AD10007420626520302C2031206F7220646566BB
:10AD200061756C7400252E2A73004F4B202D207204
:10AD300065626F6F7420746F206170706C79202869
:10AD400043414420726573657429004F4B202D20C8
:10AD50007265626F6F7420746F206170706C79001F
:10AD60004572726F723A2066726571203135302DEE
:10AD7000323530302C20627720372D3530302C2082
:10AD8000736620352D31322C20637220352D382CFE
:10AD9000206F722064656661756C740072786465FA
:10ADA0006C617920004F4B202869676E6F72656473
:10ADB0003A20727864656C6179206973206E6F77D0
:10ADC00020616461707469766529004F4B202869A1
:10ADD000676E6F7265643A20747864656C6179207F
:10ADE0006973206E6F77206164617074697665297C
:10ADF000006469726563742E747864656C6179208F
:10AE0000004F4B202869676E6F7265643A20646951
:10AE1000726563742E747864656C6179206973203F
:10AE20006E6F772061646170746976652900706166
:10AE300074682E686173682E6D6F646520004572BA
:10AE4000726F722C206D75737420626520302C2017
:10AE5000312C2032206F722064656661756C74003D
:10AE6000747820004F4B202D20747820706F776508
:10AE7000723D25642064426D004572726F723A2003
:10AE800072616E6765202D3920746F2025642064FF
:10AE9000426D2C206F722064656661756C7400666B
:10AEA00072657120004572726F723A2072616E672E
:10AEB00065203135302D32353030204D487A2C2008
:10AEC0006F722064656661756C7400726164696F8D
:10AED0002E66656D2E72786761696E20004F4B207B
:10AEE0002D20726164696F2E66656D2E72786761C0
:10AEF000696E3D2564004572726F723A20756E73FB
:10AF00007570706F72746564004572726F723A206A
:10AF10006D75737420626520302C20312C206F6E8B
:10AF20002C206F72206F666600726164696F2E72EA
:10AF3000786761696E20004F4B202D207261646933
:10AF40006F2E72786761696E3D256400706D0045F3
:10AF500072726F723A206E6F206C6967687420732A
:10AF60006C656570206F6E20746869732062756906
:10AF70006C64006C6564732E726164696F003E20BE
:10AF8000257325730020286E6F20726164696F201D
:10AF90004C4544206F6E207468697320626F617243
:10AFA0006429006C6564732E6862006C65647300CC
:10AFB000666C6F6F642E6164766572742E696E7450
:10AFC000657276616C0067756573742E706173735A
:10AFD000776F7264007072762E6B6579003E202563
:10AFE0002E366600666C6F6F642E6D61782E61641C
:10AFF0007665727400666C6F6F642E6D61782E7565
:10B000006E73636F70656400666C6F6F642E6D6144
:10B0100078006261636B6F66662E6D756C74697023
:10B020006C696572006F776E65722E696E666F006F
:10B030006C6F6F702E646574656374003E206F667C
:10B0400066003E206D696E696D616C003E206D6F1B
:10B05000646572617465003E207374726963740084
:10B060007075626C69632E6B657900726F6C650038
:10B070007077726D67742E737570706F7274003EA6
:10B0800020756E737570706F72746564007077727E
:10B090006D67742E736F75726365004552524F521F
:10B0A0003A20506F776572206D616E6167656D65DE
:10B0B0006E74206E6F7420737570706F7274656437
:10B0C000007077726D67742E626F6F747265617352
:10B0D0006F6E003E2052657365743A2025733B20E5
:10B0E00053687574646F776E3A20257300707772B9
:10B0F0006D67742E626F6F746D7600626F6F746C23
:10B100006F616465722E766572003E20756E6B6E9F
:10B110006F776E006164632E6D756C7469706C6915
:10B120006572004572726F723A20756E7375707039
:10B130006F72746564206279207468697320626F2D
:10B14000617264003E20252E33662020282575205C
:10B150006D562C20746172676574203E3D20257504
:10B16000206D5620666F7220313030252529003E33
:10B1700020252E33662020286E6F20414443207204
:10B18000656164696E67290072786475747900641A
:10B190006973706C61792E726F74617465003E2002
:10B1A000756E737570706F72746564202870616E4F
:10B1B000656C2063616E6E6F7420726F746174656C
:10B1C0002900696E7075742E726F746174650074F5
:10B1D0007A2E6F66667365740067707320646961A8
:10B1E00067006770732064757479003E20616C7726
:10B1F000617973206F6E20283029003E206F6E2009
:10B2000073746174653D257320736174733D257596
:10B21000206669783D2575732061676F206C6174C5
:10B220003D252E3666206C6F6E3D252E3666003E1F
:10B23000206F6E2073746174653D25732073617493
:10B24000733D2575206E6F20666978206E65787471
:10B250003D257573003E206F6E2073746174653DEB
:10B26000257320736174733D2575206E6F206669A8
:10B27000780064632E726573746172747300707207
:10B280006F62652E696E74657276616C00636164CD
:10B290002E7374617473006361642E6175746F0042
:10B2A0006361642E6F6666736574006361642E6209
:10B2B000757379636170003E203020286F666629BF
:10B2C00000636164003E206F6E0065787472612EC9
:10B2D00073660025732575004E6F20657874726162
:10B2E00020534620636F6E66696775726564006DF2
:10B2F00065736874696D6573796E63003F3F3A20CA
:10B300002573004F4B202D206578747261205346C1
:10B310007320736574004F4B202D20657874726123
:10B320002053467320636C6561726564006C6564CC
:10B33000732E726164696F20004572726F723A20D9
:10B340006D7573742062652074782C2072782C20BF
:10B35000616C6C2C206F6666206F7220646566617C
:10B36000756C74004F4B2573006C6564732E6862B6
:10B3700020004572726F723A206D75737420626599
:10B380002068622C20756E726561642C20616C6C83
:10B390002C206F6666206F722064656661756C7420
:10B3A000006C65647320004572726F723A206D758F
:10B3B0007374206265206F6E2C206F6666206F723A
:10B3C0002064656661756C74006361642E617574D8
:10B3D0006F20006361642E6F66667365742000459C
:10B3E00072726F723A2065787065637465642025A7
:10B3F000642E2E2564206F722064656661756C74FE
:10B40000004572726F723A206F66667365742072BF
:10B41000616E67652069732025642E2E2564007097
:10B42000726F62652E696E74657276616C2000457C
:10B4300072726F723A20696E74657276616C2069FF
:10B44000732030202870726F62696E67206F6666A5
:10B45000292C2031302D323535207365636F6E64B1
:10B46000732C206F722064656661756C7400457280
:10B47000726F723A20696E74657276616C206973BE
:10B480002030202870726F62696E67206F666629AF
:10B49000206F722031302D323535207365636F6E29
:10B4A0006473006361642E62757379636170200058
:10B4B0004572726F723A20627573796361702069A8
:10B4C00073203020286F6666292C2031302D3930CA
:10B4D0002070657263656E742C206F7220646566DF
:10B4E00061756C74004572726F723A20627573797F
:10B4F000636170206973203020286F666629206F91
:10B50000722031302D39302070657263656E7400A1
:10B510006361642E7265736574004F4B202D204368
:10B5200041442070726F626520737461747320638C
:10B530006C65617265642C206465745065616B2074
:10B540006F666673657420726573657420746F200E
:10B5500025640065787472612E73662000457272EE
:10B560006F723A206174206D6F73742025642065BA
:10B570007874726120534673004572726F723A207C
:10B58000756E737570706F72746564206F72206968
:10B590006E76616C69642065787472612053462010
:10B5A000636F6E66696700666C6F6F642E616476A8
:10B5B0006572742E696E74657276616C20004572D6
:10B5C000726F723A20657870656374656420302C00
:10B5D00020332D31363820686F7572732C206F72CE
:10B5E0002064656661756C74004572726F723A20F2
:10B5F000696E74657276616C2072616E6765206930
:10B600007320332D31363820686F757273004572A0
:10B61000726F723A20657870656374656420302CAF
:10B620002025642D323430206D696E757465732C5D
:10B63000206F722064656661756C74004572726F6C
:10B64000723A20696E74657276616C2072616E6701
:10B65000652069732025642D323430206D696E7544
:10B660007465730067756573742E70617373776F9B
:10B67000726420007072762E6B657920004F4B2C1F
:10B68000207265626F6F7420746F206170706C79C6
:10B6900021204E6577207075626B65793A200045F0
:10B6A00072726F722C20626164206B6579006E612A
:10B6B0006D65200072657065617420004F4B202D10
:10B6C00020726570656174206973206E6F77204FFA
:10B6D0004E004F4B202D2072657065617420697398
:10B6E000206E6F77204F4646004572726F723A2087
:10B6F0006D757374206265206F6E206F72206F66A7
:10B7000066006C617420006C6F6E2000666C6F6F59
:10B71000642E6D61782E61647665727420004572C6
:10B72000726F723A2072616E676520302D36342C4C
:10B73000206F722064656661756C7400666C6F6F53
:10B74000642E6D61782E756E73636F706564200072
:10B75000666C6F6F642E6D617820006261636B6F41
:10B7600066662E6D756C7469706C69657220004533
:10B7700072726F722C2072616E676520302E302DD0
:10B78000322E302C206F722064656661756C7400F7
:10B790004572726F722C2072616E676520302E3098
:10B7A0002D322E30006F776E65722E696E666F20B7
:10B7B000006C6F6F702E6465746563742000457251
:10B7C000726F722C206D7573742062653A206F66FB
:10B7D000662C206D696E696D616C2C206D6F6465DF
:10B7E000726174652C207374726963742C206F729B
:10B7F0002064656661756C74006164632E6D756CA0
:10B800007469706C69657220746172676574004553
:10B8100072726F723A206E656564206D5620746195
:10B8200072676574202028652E672E20736574204A
:10B830006164632E6D756C7469706C6965722074D7
:10B840006172676574203431373329006164632E77
:10B850006D756C7469706C6965722074617267656E
:10B860007420004572726F723A206E6F204144431B
:10B870002072656164696E67206F6E2074686973F9
:10B8800020626F617264004572726F723A20746157
:10B8900072676574206F7574206F662072616E67C1
:10B8A000652028333030302D34343030206D562927
:10B8B000004F4B202D206D756C7469706C6965723A
:10B8C00020252E3366202D3E20252E33662020286D
:10B8D0002575202D3E202575206D56290061646355
:10B8E0002E6D756C7469706C6965722066756C6C10
:10B8F000006164632E6D756C7469706C696572208B
:10B90000004572726F723A20696E76616C696420CC
:10B910006D756C7469706C69657220283020746F65
:10B920002072657365742C203130302D3330303007
:10B93000302C206F722064656661756C7429004F2D
:10B940004B202D207573696E672064656661756C88
:10B950007420626F617264206D756C7469706C69BB
:10B960006572004F4B202D206D756C7469706C6989
:10B9700065722073657420746F20252E3366007203
:10B98000786475747920004F4B202D20727864758F
:10B9900074793D256420287265626F6F7420746F1E
:10B9A000206170706C792900646973706C61792E04
:10B9B000726F7461746520004572726F723A206E06
:10B9C0006F20646973706C617900696E7075742E94
:10B9D000726F7461746520004F4B202D20696E706A
:10B9E00075742E726F746174653D256400747A2ECF
:10B9F0006F666673657420004F4B202D20747A2E7D
:10BA00006F66667365743D2564004F4B202D20677B
:10BA100070732064696167206F6E3B2072756E20C1
:10BA200027677073206F666627207468656E20270D
:10BA3000677073206F6E272C207468656E202767EF
:10BA4000657420677073206469616727004F4B201D
:10BA50002D206770732064696167206F66660075CA
:10BA6000736167653A207365742067707320646939
:10BA70006167203C307C317C6F6E7C6F66663E0077
:10BA800075736167653A207365742067707320640D
:10BA9000757479203C7365636F6E64733E207C20FF
:10BAA00064656661756C7420202830203D20616CCF
:10BAB00077617973206F6E29004F4B202D206770BE
:10BAC0007320647574793D302028616C77617973D7
:10BAD000206F6E29004F4B202D20677073206475F6
:10BAE00074793D25752073006D65736874696D65A3
:10BAF00073796E6320004F4B202D206D6573687441
:10BB0000696D6573796E6320257300756E6B6E6F5A
:10BB1000776E20636F6E6669673A20252E32333068
:10BB200073004572726F723A206E616D65206361B9
:10BB30006E6E6F7420636F6E7461696E205B205D42
:10BB4000205C203A202C203F202A00457272202DB4
:10BB50002073617665206661696C65640072656753
:10BB6000696F6E2064656600457272202D20656DD8
:10BB70007074792064656600457272202D20656DB1
:10BB8000707479206E616D6500457272202D20659C
:10BB90006D707479206A756D7000457272202D2069
:10BBA000707574206661696C65643A202573004580
:10BBB0007272202D20756E6B6E6F776E206A756DB8
:10BBC000703A202573006C6F6164007361766500C4
:10BBD000616C6C6F776600457272202D20756E6BFC
:10BBE0006E6F776E20726567696F6E0064656E793F
:10BBF0006600202573202825732920257300202521
:10BC00007320257300686F6D650020686F6D652077
:10BC10006973206E6F772025730020686F6D652033
:10BC20006973202573002064656661756C742073E8
:10BC3000636F7065206973206E6F77203C6E756C42
:10BC40006C3E002064656661756C742073636F7070
:10BC500065206973206E6F7720257300457272200E
:10BC60002D20726567696F6E207461626C65206655
:10BC7000756C6C002064656661756C742073636F0D
:10BC8000706520697320257300457272202D207520
:10BC90006E6B6E6F776E20706172656E74004572A8
:10BCA00072202D20756E61626C6520746F20707536
:10BCB00074004F4B202D2028666C6F6F6420616CE0
:10BCC0006C6F776564290072656D6F7665004572EB
:10BCD00072202D206E6F7420656D7074790045722E
:10BCE00072202D206E6F7420666F756E6400616C1B
:10BCF0006C6F7765640064656E6965640045727297
:10BD0000202D207573652027616C6C6F7765642723
:10BD1000206F72202764656E696564270045727222
:10BD2000202D203F3F006E6F00796573006E756CAB
:10BD30006C00616374697665007374616E64627926
:10BD400000737461727420646675004572723A20E3
:10BD50006E6F2044465520626F6F746C6F6164652E
:10BD600072206F6E20746869732063686970202D7B
:10BD700020666C617368206F7665722053574400AB
:10BD80007374617274206F7461004F4B202D2072A8
:10BD900065626F6F74696E6720746F20424C452036
:10BDA0004F5441204446550073746F70206F746186
:10BDB000004E6F7420737570706F727465640070DC
:10BDC0006F7765726F66660073687574646F776EFF
:10BDD000004F4B202D20706F776572696E67206F62
:10BDE000666600636C6B7265626F6F74004F4B2008
:10BDF0002D20636C6F636B2072657365742C2072E9
:10BE000065626F6F74696E67006164766572742E27
:10BE10007A65726F686F70004F4B202D207A6572C3
:10BE20006F686F70206164766572742073656E74DC
:10BE3000004F4B202D204164766572742073656E2F
:10BE40007400636C6F636B2073796E63004F4B20DB
:10BE50002D20636C6F636B207365743A202530323C
:10BE6000643A25303264202D2025642F25642F2547
:10BE70006420555443004552523A20636C6F636B03
:10BE80002063616E6E6F7420676F206261636B77F1
:10BE90006172647300636C6F636B0074696D65201D
:10BEA00000284552523A20636C6F636B2063616EC9
:10BEB0006E6F7420676F206261636B776172647369
:10BEC00029006E65696768626F722E72656D6F76A4
:10BED0006520004552523A20626164207075626BA1
:10BEE00065790074656D70726164696F20004F4BF5
:10BEF000202D2074656D7020706172616D732066F5
:10BF00006F72202564206D696E7300372D353030D7
:10BF1000004572726F723A20667265712031353059
:10BF20002D323530302C2062772025732C2073661B
:10BF300020352D31322C20637220352D382C207481
:10BF4000696D656F75743E300070617373776F72E1
:10BF500064206E6F773A20257300636C65617220F0
:10BF6000737461747300284F4B202D2073746174B7
:10BF700073207265736574290046696C6520737956
:10BF80007374656D2065726173653A204F4B202D87
:10BF9000207265626F6F74696E670046696C652018
:10BFA00073797374656D2065726173653A204572AB
:10BFB0007200257320284275696C643A2025732924
:10BFC00000626174743A2575206D56207573623A6B
:10BFD000257320736F6C61725F6368673A25732005
:10BFE0006578743A257320636861726765723A25D3
:10BFF000730073656E736F722067657420007365DC
:10C000006E736F7220736574200063616E277420F5
:10C0100066696E6420637573746F6D20766172005B
:10C0200073656E736F72206C697374006E6F20633A
:10C030007573746F6D20766172002564207661726D
:10C04000730A0025733D25730A002E2E2E206E657F
:10C0500078743A256400677073206F6E00677073A0
:10C0600020746F67676C65206E6F7420666F756EE5
:10C070006400677073206F66660067707320737961
:10C080006E63006770732070726F766964657220EA
:10C090006E6F7420666F756E6400677073206973CD
:10C0A000206F6666007265713A25752000677073AF
:10C0B000207365746C6F63006770732061647665CC
:10C0C0007274003E206E6F6E65003E207072656671
:10C0D00073003E2073686172650043616E277420AF
:10C0E00066696E6420475053006F6E2C2025732CB8
:10C0F0002025732C202564207361747300706F7782
:10C100006572736176696E67206F6E006F6E202DA9
:10C1100020496D6D65646961746520656666656357
:10C120007400706F776572736176696E67206F66F1
:10C130006600706F776572736176696E67006C6F09
:10C1400067207374617274002020206C6F676769C8
:10C150006E67206F6E006C6F672073746F700020C5
:10C1600020206C6F6767696E67206F6666006C6F72
:10C1700067206572617365002020206C6F67206501
:10C180007261736564006C6F6700202020454F4624
:10C190000073746174732D7061636B6574730073E5
:10C1A000746174732D726164696F00737461747368
:10C1B0002D636F726500556E6B6E6F776E20636FC7
:10C1C0006D6D616E6400616371756972696E67009F
:10C1D000616C6C00756E72656164007278002A2A69
:10C1E0002A20426F6F74696E67205A657068797291
:10C1F000204F53206275696C642031656533623964
:10C20000333133346265202A2A2A0A004661696C78
:10C21000656420746F207265626F6F743A2073706A
:10C22000696E6E696E6720656E646C6573736C7998
:10C230002E2E2E0A0072302F61313A2020307825C0
:10C24000303878202072312F61323A202030782522
:10C25000303878202072322F61333A202030782510
:10C260003038780A0072332F61343A202030782534
:10C27000303878207231322F69703A20203078259A
:10C28000303878207231342F6C723A202030782583
:10C290003038780A0020787073723A202030782580
:10C2A0003038780A004661756C74696E6720696E73
:10C2B000737472756374696F6E2061646472657300
:10C2C0007320287231352F7063293A203078253059
:10C2D00038780A00556E68616E646C656420495256
:10C2E000516E3A2025640A002A2A2A2A2A20555308
:10C2F000414745204641554C54202A2A2A2A2A0AD9
:10C300000020204469766973696F6E206279207A13
:10C3100065726F0A002020556E616C69676E6564F6
:10C32000206D656D6F7279206163636573730A00B8
:10C330002020537461636B206F766572666C6F7733
:10C340002028636F6E746578742061726561206E59
:10C350006F742076616C6964290A0020204E6F207A
:10C36000636F70726F636573736F7220696E73743D
:10C3700072756374696F6E730A002020496C6C6576
:10C3800067616C206C6F6164206F66204558435F65
:10C3900052455455524E20696E746F2050430A0026
:10C3A0002020496C6C6567616C20757365206F6631
:10C3B0002074686520455053520A0020204174744F
:10C3C000656D707420746F20657865637574652081
:10C3D000756E646566696E656420696E73747275E6
:10C3E0006374696F6E0A002A2A2A2A2A204255534A
:10C3F000204641554C54202A2A2A2A2A0A00202065
:10C40000537461636B696E67206572726F720A00A4
:10C410002020556E737461636B696E67206572725C
:10C420006F720A0020205072656369736520646131
:10C43000746120627573206572726F720A00202029
:10C440004246415220416464726573733A203078E9
:10C4500025780A002020496D707265636973652034
:10C460006461746120627573206572726F720A0074
:10C470002020496E737472756374696F6E206275E3
:10C4800073206572726F720A002020466C6F6174AF
:10C49000696E672D706F696E74206C617A79207394
:10C4A0007461746520707265736572766174696F0A
:10C4B0006E206572726F720A002A2A2A2A2A204D7B
:10C4C0005055204641554C54202A2A2A2A2A0A002F
:10C4D0002020537461636B696E67206572726F729E
:10C4E0002028636F6E746578742061726561206DB9
:10C4F00069676874206265206E6F742076616C696C
:10C5000064290A00202044617461204163636573DB
:10C51000732056696F6C6174696F6E0A0020204D3C
:10C520004D46415220416464726573733A203078FD
:10C5300025780A002020496E737472756374696FE0
:10C540006E204163636573732056696F6C61746913
:10C550006F6E0A0052657365727665642045786374
:10C56000657074696F6E20280053707572696F75FD
:10C570007320696E74657272757074202849525107
:10C580002000535053454C20696E207468726561D9
:10C5900064206D6F646520646F6573206E6F742016
:10C5A000696E646963617465205053500A00455395
:10C5B0004620636F756C64206E6F74206265207214
:10C5C00065747269657665642073756363657373FA
:10C5D00066756C6C792E205368616C6C206E657684
:10C5E0006572206F636375722E0A002A2A2A2A2A2E
:10C5F0002048415244204641554C54202A2A2A2A98
:10C600002A0A002020427573206661756C74206FC1
:10C610006E20766563746F72207461626C6520723F
:10C620006561640A0020204465627567206576654F
:10C630006E740A0020204661756C74206573636116
:10C640006C6174696F6E20287365652062656C6F1C
:10C6500077290A00415243485F45584345505420CA
:10C660007769746820726561736F6E2025780A0A95
:10C67000002A2A2A2A2A204465627567206D6F6E77
:10C6800069746F7220657863657074696F6E202AB3
:10C690002A2A2A2A0A002A2A2A2A2A202573202519
:10C6A0006429202A2A2A2A2A0A00464C4153485F34
:10C6B00030005352414D5F30006C66636C6B007804
:10C6C0006F00726E67007272616D2D636F6E7472AF
:10C6D0006F6C6C65724035303034623030300067DA
:10C6E00070696F40313061303030006770696F4081
:10C6F0006438323030006770696F40353034303024
:10C7000000627574746F6E7300616E74656E6E6135
:10C7100020656E61626C6500545820656E61626CC4
:10C720006500525820656E61626C650046454D207B
:10C730004C4E4120627970617373007378313236E8
:10C74000785F64696F31006C6F72614030007265B0
:10C7500067756C61746F7240313230303030007404
:10C76000656D7040643730303000756172744063BD
:10C770003630303000737069403461303030002E14
:10C780002E006C6974746C65667300556E6B6E6F09
:10C79000776E206572726F72003E3E3E205A4550A1
:10C7A00048595220464154414C204552524F522044
:10C7B00025643A202573206F6E2043505520256450
:10C7C0000A004661756C7420647572696E67206931
:10C7D0006E746572727570742068616E646C696ED7
:10C7E000670A0043757272656E74207468726561C1
:10C7F000643A20257020282573290A0043505520CB
:10C80000657863657074696F6E00556E68616E64FB
:10C810006C656420696E746572727570740053740F
:10C8200061636B206F766572666C6F77004B657223
:10C830006E656C206F6F7073004B65726E656C2057
:10C8400070616E6963006D61696E00737973776FF3
:10C85000726B71004145532D3235362D45434200F0
:10C860004145532D3139322D454342004145532D29
:10C870003132382D45434200696E6600286E756C72
:10C880006C29003031323334353637383941424340
:10C8900044454600D9FBFBFBFBFBFBFBFBFBFBFB27
:10C8A000FBFBFBFBFBFBFBFBFBFBFBFBFBFBFBFBD8
:10C8B000FBFBFBFBFBFBFBFBFBFBFBFBFBFBFBFBC8
:10C8C000FBFBFBFBFBFBFBFBFBFBFBFBFBFBFBFBB8
:10C8D000FBFBE4E5FBFBFBFBEAEBECFBFBEFFBFB11
:10C8E000ACFBF4FBFBF7FBFBFBFBFBFBFEF2FBFBF8
:10C8F000FBFBFBFBFBFBFBFBFBFBFBFBFBFBFBFB88
:10C90000FBFBFBFBFBFBFBFBFBFBFBFBFBFBFBFB77
:10C91000FBFBFBFBFBFBFBFBFBFBA6FBFBFBFBFBBC
:10C92000FBFBFBFBFBE4E5FBFBFBFBEAEBECFBFBB4
:10C93000EFFBFBFBFBF4FBFBF7FBFBFBFBFBFBFE5B
:10C940001415161818191B1B1617191A1E1F212348
:10C9500001270422DEE2324433340401530A250065
:10C960000000000000000202FB02010001010301BF
:10C970000200010106010203020202040106010194
:10C980000B02010B01010E02010E0101140101163F
:10C9900002020B03011501021104020D0102140130
:10C9A0000216020215030215010413010414030305
:10C9B00014020513010616020516030516030616D2
:10C9C00004061604071600010405020608090F00F4
:10C9D0000718232323232323232323232323230071
:10C9E00001028E4ACC46BA18766BB8E7BE39FAAD6A
:10C9F0007763FFFFFFFFFFFFFFFFFFFFFFFFFFFF6B
:10CA0000FF07F7E97A2E8D31092C6BCE7B51EF7C35
:10CA10006F0A00000000000000000000000000009D
:10CA200000080100000000000000000000000000FD
:10CA300000000000000000000000000000000000F6
:10CA4000000010141400001C2030401C2000001CAA
:10CA500020304010141400001C2030401C20000026
:10CA60001C203040404040000040408080808000DA
:10CA7000009088684810141400001C2030401C20CE
:10CA800000001C203040616E006E66696E6974792A
:0CCA900000616E006E66696E69747900CA
:10CA9C001887020000000000FFFFFFFFFFFFFFFFF1
:10CAAC0000000000000000000000000019E301007D
:10CABC000000000000010000000000000000000069
:10CACC00000000000000000000000000000000005A
:10CADC0000000000000000000000000013E3010053
:10CAEC000000000000010000000000000000000039
:10CAFC00000000000000000000000000000000002A
:10CB0C0000000000000000000000000067000000B2
:10CB1C000000000000000000000000000000000009
:10CB2C0000000000000000000000000000000000F9
:10CB3C0000000000000000000000000000000000E9
:10CB4C0000000000000000000000000000000000D9
:10CB5C0000000000000000000000000000000000C9
:10CB6C0000000000000000000000000000000000B9
:10CB7C0000000000000000000000000000000000A9
:10CB8C000000000000000000000000000000000099
:10CB9C0000000000000000002DA802002DA80200DB
:10CBAC00E8070020600A0020000000000572000069
:10CBBC00F971000011720000C17100006C88020054
:10CBCC004C880200DC8C02007BF20100B88D020064
:10CBDC000000000069F701000000000000000000E8
:10CBEC005001002050010020000000000000000057
:10CBFC000000000000C01050000000000000000009
:10CC0C000000000000000000000000000000000018
:10CC1C000000000000000000000000000000000008
:10CC2C0000000000000000000000000000000000F8
:10CC3C0000000000000000000000000000000000E8
:10CC4C0000000000000000000000000000000000D8
:10CC5C0000000000000000000000000000000000C8
:10CC6C0000000000000000000001000000A00D50BA
:10CC7C0000000000000000000000000000000000A8
:10CC8C000000000000000000000000000000000098
:10CC9C000000000000000000000000000000000088
:10CCAC000000000000000000000000000000000078
:10CCBC000000000000000000000000000000000068
:10CCCC000000000000000000000000000000000058
:10CCDC000000000000000000000000000000000048
:10CCEC00000000005402002054020020000000004C
:10CCFC0000000000010000002BA6020080020020B2
:10CD0C000000000000000000000000000400000013
:10CD1C000000000000000000000000000000000007
:10CD2C0000000000100000001000000000000000D7
:10CD3C000000000000020000400000002000000085
:10CD4C000000000020590020E0580020C0580020AE
:10CD5C0000000000000000000000000000000000C7
:10CD6C0000000000000000000000000000000000B7
:10CD7C0000000000000000000000000000000000A7
:10CD8C000000000000000000000000000000000097
:10CD9C000000000000000000000000000000000087
:10CDAC000000000000000000000000000000000077
:10CDBC000000000000000000000000000000000067
:10CDCC000000000000000000000000000000000057
:10CDDC000000000000000000000000000000000047
:10CDEC000000000000000000000000000000000037
:10CDFC000000000000000000000000000000000027
:10CE0C000000000000000000000000000000000016
:10CE1C000000000000000000000000000000000006
:10CE2C0000000000000000000000000000000000F6
:10CE3C0000000000000000001000000010000000C6
:10CE4C0000000000000000000000000000010000D5
:10CE5C002000000000000000805A002080590020B3
:10CE6C0060590020000000000000000000000000DD
:10CE7C0000000000000000000000000000000000A6
:10CE8C000000000000000000000000000000000096
:10CE9C000000000000000000000000000000000086
:10CEAC000000000000000000000000000000000076
:10CEBC000000000000000000000000000000000066
:10CECC000000000000000000000000000000000056
:10CEDC000000000000000000000000000000000046
:10CEEC000000000000000000000000000000000036
:10CEFC000000000000000000000000000000000026
:10CF0C000000000000000000000000000000000015
:10CF1C000000000000000000000000000000000005
:10CF2C0000000000000000000000000000000000F5
:10CF3C00000000000000000000000000B9D6000056
:10CF4C0000000000000000000000000000000000D5
:10CF5C00FD000200000000000000000000000000C6
:10CF6C00FD000200000000000000000000000000B6
:10CF7C00FD000200000000000000000000000000A6
:10CF8C00A5010200000000000000000000000000ED
:10CF9C00F1E30000000000000000000000000000B1
:10CFAC00F71D020000000000240500200000000016
:10CFBC000000000000000000000000008AA6002015
:10CFCC002000000000000000000000000001000034
:10CFDC0000000000E52202000000000000A0045048
:10CFEC000000000000000000000000000000000035
:10CFFC000000000000000000000000000000000025
:10D00C000000000000000000000000000000000014
:10D01C000000000000000000000000000000000004
:10D02C0000000000000000000000000000000000F4
:10D03C0000000000000000000000000000000000E4
:10D04C000000000000000000B8050020B80500201A
:10D05C000000000001000000C8050020C8050020E9
:10D06C00D0050020D00500200000000001000000C9
:10D07C00E0050020E005002000000000000000009A
:10D08C000000000000000000000000000000000094
:10D09C000000000000000000000000000000000084
:10D0AC000000000000000000000000000000000074
:10D0BC00000000000000000069F600000000000005
:10D0CC00FF0000000090D003FF0000000F000000E4
:10D0DC00710200004406002044060020FFFFFFFF01
:10D0EC00500600205006002049CE000065CE0000FE
:0CD0FC000001010100020101000402011A
:10D108000000000000000000000000000000000017
:0CD118000000000000000000000000000B
:10D1240000000000000000000000000000000000FB
:10D13400214B010000000000A0060020A0060020F2
:10D1440017000200000000000000000000000000C2
:10D1540000000000000000000000000000000000CB
:10D164000000000000000000214B0100000000004E
:10D17400D8060020D80600201FE3010000000000AC
:10D18400000000000000000000000000000000009B
:10D19400F8060020F806002000000000480A0120DC
:10D1A400000000000800000064000000000000000F
:10D1B400180700201807002000000000780901204B
:10D1C4000000000004000000340000000000000023
:10D1D4000000000008ED00204408000000000000EA
:10D1E400000000000000000000000000C8B00020A3
:10D1F4000009000000000000000000000000000022
:10D2040068070020680700200000000000000000FC
:10D21400000000007C0700207C07002000000000C4
:08D22400000000000000000002
:10D22C009007002090070020000000000001000083
:10D23C000400000078050120780901207805012000
:10D24C007805012000000000B8070020B807002076
:04D25C0000000000CE
:08D2600059FB000089FC0000ED
:04D2680015E015E0D8
:040000030000C6E152
:00000001FF
