:1000000068FA0220FDED000075A30300E9ED000091
:10001000E9ED0000E9ED0000E9ED0000E9ED000088
:1000200000000000000000000000000035EE0000AD
:10003000E9ED00000000000005F00000E9ED00001F
:1000400085F0000085F0000085F0000085F00000DC
:1000500085F0000085F0000085F0000085F00000CC
:1000600085F0000085F0000085F0000085F00000BC
:1000700085F0000085F0000085F0000085F00000AC
:1000800085F0000085F0000085F0000085F000009C
:1000900085F0000085F0000085F0000085F000008C
:1000A00085F0000085F0000085F0000085F000007C
:1000B00085F0000085F0000085F0000085F000006C
:1000C00085F0000085F0000085F0000085F000005C
:1000D00085F0000085F0000085F0000085F000004C
:1000E00085F0000085F0000085F0000085F000003C
:1000F00085F0000085F0000085F0000085F000002C
:1001000085F0000085F0000085F0000085F000001B
:1001100085F0000085F0000085F0000085F000000B
:1001200085F0000085F0000085F0000085F00000FB
:1001300085F0000085F0000085F0000085F00000EB
:1001400085F0000085F0000085F0000085F00000DB
:1001500085F0000085F0000085F0000085F00000CB
:1001600085F0000085F0000085F0000085F00000BB
:1001700085F0000085F0000085F0000085F00000AB
:1001800085F0000085F0000085F0000085F000009B
:1001900085F0000085F0000085F0000085F000008B
:1001A00085F0000085F0000085F0000085F000007B
:1001B00085F0000085F0000085F0000085F000006B
:1001C00085F0000085F0000085F0000085F000005B
:1001D00085F0000085F0000085F0000085F000004B
:1001E00085F0000085F0000085F0000085F000003B
:1001F00085F0000085F0000085F0000085F000002B
:1002000085F0000085F0000085F0000085F000001A
:1002100085F0000085F0000085F0000085F000000A
:1002200085F0000085F0000085F0000085F00000FA
:1002300085F0000085F0000085F0000085F00000EA
:1002400085F0000085F0000085F0000085F00000DA
:1002500085F0000085F0000085F0000085F00000CA
:1002600085F0000085F000004D11020085F00000CF
:1002700085F0000085F0000085F0000085F00000AA
:1002800085F0000085F0000085F0000085F000009A
:1002900085F0000085F0000085F0000085F000008A
:1002A00085F0000085F0000085F0000085F000007A
:1002B00085F0000085F0000085F0000085F000006A
:1002C00085F0000085F0000085F0000085F000005A
:1002D00085F0000085F0000085F0000085F000004A
:1002E00085F0000085F0000085F0000085F000003A
:1002F00085F0000085F0000085F0000085F000002A
:1003000085F0000085F0000085F0000085F0000019
:1003100085F0000085F0000085F0000085F0000009
:1003200085F0000085F0000085F0000085F00000F9
:1003300085F0000085F0000085F0000085F00000E9
:1003400085F0000085F0000085F0000085F00000D9
:1003500085F0000085F0000085F0000085F00000C9
:1003600085F0000085F0000085F0000085F00000B9
:1003700085F0000085F0000085F0000085F00000A9
:1003800085F0000085F0000085F0000085F0000099
:1003900085F0000085F0000085F0000085F0000089
:1003A00085F0000085F0000085F0000085F0000079
:1003B00085F0000085F0000085F0000085F0000069
:1003C00085F0000085F0000085F0000085F0000059
:1003D00085F0000085F0000085F0000085F0000049
:1003E00085F0000085F0000085F0000085F0000039
:1003F00085F0000085F0000085F0000085F0000029
:1004000085F0000085F0000085F0000085F0000018
:1004100085F0000085F0000085F0000085F0000008
:1004200085F0000085F0000085F0000085F00000F8
:1004300085F0000085F0000085F0000085F00000E8
:1004400085F0000085F0000085F0000085F00000D8
:1004500085F0000085F0000085F0000085F00000C8
:1004600085F0000085F0000085F0000085F00000B8
:0C04700085F0000085F0000085F0000021
:1004800081F0004102E000BF83F0004330B54FEA45
:1004900041044FEA430594EA050F08BF90EA020FB2
:1004A0001FBF54EA000C55EA020C7FEA645C7FEA45
:1004B000655C00F0E2804FEA5454D4EB5555B8BF68
:1004C0006D420CDD2C4480EA020281EA030382EAD9
:1004D000000083EA010180EA020281EA0303362D6B
:1004E00088BF30BD11F0004F4FEA01314FF4801C3E
:1004F0004CEA113102D0404261EB410113F0004F50
:100500004FEA03334CEA133302D0524263EB430306
:1005100094EA050F00F0A780A4F10104D5F1200EA4
:100520000DDB02FA0EFC22FA05F2801841F10001FF
:1005300003FA0EF2801843FA05F359410EE0A5F1D3
:1005400020050EF1200E012A03FA0EFC28BF4CF004
:10055000020C43FA05F3C01851EBE37101F00045BA
:1005600007D54FF0000EDCF1000C7EEB00006EEBC7
:100570000101B1F5801F1BD3B1F5001F0CD3490851
:100580005FEA30004FEA3C0C04F101044FEA4452A8
:1005900012F5800F80F09A80BCF1004F08BF5FEA2F
:1005A000500C50F1000041EB045141EA050130BD0F
:1005B0005FEA4C0C404141EB0101013C28BFB1F521
:1005C000801FE9D291F0000F04BF01460020B1FA6C
:1005D00081F308BF2033A3F10B03B3F120020CDA3F
:1005E0000C3208DD02F1140CC2F10C0201FA0CF01D
:1005F00021FA02F10CE002F11402D8BFC2F1200C82
:1006000001FA02F120FA0CFCDCBF41EA0C01904037
:10061000E41AA2BF01EB0451294330BD6FEA040480
:100620001F3C1CDA0C340EDC04F11404C4F120026B
:1006300020FA04F001FA02F340EA030021FA04F37D
:1006400045EA030130BDC4F10C04C4F1200220FAD4
:1006500002F001FA04F340EA0300294630BD21FA12
:1006600004F0294630BD94F0000F83F4801306BFD8
:1006700081F480110134013D4EE77FEA645C18BFCC
:100680007FEA655C29D094EA050F08BF90EA020F63
:1006900005D054EA000C04BF1946104630BD91EA5B
:1006A000030F1EBF0021002030BD5FEA545C05D15E
:1006B0004000494128BF41F0004130BD14F580049D
:1006C0003CBF01F5801130BD01F0004545F0FE4111
:1006D00041F470014FF0000030BD7FEA645C1ABF46
:1006E000194610467FEA655C1CBF0B46024650EA7D
:1006F000013406BF52EA033591EA030F41F40021A9
:1007000030BD00BF90F0000F04BF0021704730B52E
:100710004FF4806404F132044FF000054FF0000103
:1007200050E700BF90F0000F04BF0021704730B5C4
:100730004FF4806404F1320410F0004548BF404299
:100740004FF000013EE700BF42004FEAE2014FEAEE
:1007500031014FEA02701FBF12F07F4393F07F4FC9
:1007600081F06051704732F07F4208BF704793F0CC
:100770007F4F04BF41F40021704730B54FF46074DF
:1007800001F0004521F000411CE700BF50EA0102E2
:1007900008BF704730B54FF000050AE050EA01028B
:1007A00008BF704730B511F0004502D5404261EBFB
:1007B00041014FF4806404F132045FEA915C3FF43C
:1007C000D8AE4FF003025FEADC0C18BF03325FEAD9
:1007D000DC0C18BF033202EBDC02C2F1200300FA8A
:1007E00003FC20FA02F001FA03FE40EA0E0021FAAF
:1007F00002F11444BDE600BF70B54FF0FF0C4CF49D
:10080000E06C1CEA11541DBF1CEA135594EA0C0F4E
:1008100095EA0C0F00F0DEF82C4481EA030621EA89
:100820004C5123EA4C5350EA013518BF52EA0335C4
:1008300041F4801143F4801338D0A0FB02CE4FF076
:100840000005E1FB02E506F00042E0FB03E54FF0A6
:100850000006E1FB03569CF0000F18BF4EF0010E9E
:10086000A4F1FF04B6F5007F64F5407404D25FEA9A
:100870004E0E6D4146EB060642EAC62141EA55514D
:100880004FEAC52040EA5E504FEACE2EB4F1FD0C8F
:1008900088BFBCF5E06F1ED8BEF1004F08BF5FEA0D
:1008A000500E50F1000041EB045170BD06F00046BF
:1008B00046EA010140EA020081EA0301B4EB5C046C
:1008C000C2BFD4EB0C0541EA045170BD41F4801164
:1008D0004FF0000E013C00F3AB8014F1360FDEBF89
:1008E000002001F0004170BDC4F10004203C35DA65
:1008F0000C341BDC04F11404C4F1200500FA05F3E8
:1009000020FA04F001FA05F240EA020001F0004288
:1009100021F0004110EBD37021FA04F642EB0601FE
:100920005EEA430E08BF20EAD37070BDC4F10C0428
:10093000C4F1200500FA04F320FA05F001FA04F2EC
:1009400040EA020001F0004110EBD37041F10001D8
:100950005EEA430E08BF20EAD37070BDC4F12005E3
:1009600000FA05F24EEA020E20FA04F301FA05F24B
:1009700043EA020321FA04F001F0004121FA04F2F3
:1009800020EA020000EBD3705EEA430E08BF20EAC3
:10099000D37070BD94F0000F0FD101F000464000FD
:1009A00041EB010111F4801F08BF013CF7D041EA7F
:1009B000060195F0000F18BF704703F00046520083
:1009C00043EB030313F4801F08BF013DF7D043EA54
:1009D0000603704794EA0C0F0CEA135518BF95EA0A
:1009E0000C0F0CD050EA410618BF52EA4306D1D191
:1009F00081EA030101F000414FF0000070BD50EAB0
:100A0000410606BF1046194652EA430619D094EA39
:100A10000C0F02D150EA013613D195EA0C0F05D123
:100A200052EA03361CBF104619460AD181EA030177
:100A300001F0004141F0FE4141F470014FF000002F
:100A400070BD41F0FE4141F4780170BD70B54FF0CA
:100A5000FF0C4CF4E06C1CEA11541DBF1CEA13554A
:100A600094EA0C0F95EA0C0F00F0A7F8A4EB05042C
:100A700081EA030E52EA03354FEA013100F0888023
:100A80004FEA03334FF0805545EA131343EA1263EC
:100A90004FEA022245EA111545EA10654FEA0026A1
:100AA0000EF000419D4208BF964244F1FD0404F55A
:100AB000407402D25B084FEA3202B61A65EB0305B6
:100AC0005B084FEA32024FF480104FF4002CB6EB73
:100AD000020E75EB030E22BFB61A754640EA0C00F3
:100AE0005B084FEA3202B6EB020E75EB030E22BF33
:100AF000B61A754640EA5C005B084FEA3202B6EB74
:100B0000020E75EB030E22BFB61A754640EA9C0032
:100B10005B084FEA3202B6EB020E75EB030E22BF02
:100B2000B61A754640EADC0055EA060E18D04FEAC0
:100B3000051545EA16754FEA06164FEAC30343EA60
:100B400052734FEAC2025FEA1C1CC0D111F4801F2D
:100B50000BD141EA00014FF000004FF0004CB6E726
:100B600011F4801F04BF01430020B4F1FD0C88BFC5
:100B7000BCF5E06F3FF6AFAEB5EB030C04BFB6EBD0
:100B8000020C5FEA500C50F1000041EB045170BDC3
:100B90000EF0004E4EEA113114EB5C04C2BFD4EBF0
:100BA0000C0541EA045170BD41F480114FF0000E74
:100BB000013C90E645EA060E8DE60CEA135594EAF0
:100BC0000C0F08BF95EA0C0F3FF43BAF94EA0C0FF3
:100BD0000AD150EA01347FF434AF95EA0C0F7FF468
:100BE00025AF104619462CE795EA0C0F06D152EABC
:100BF00003353FF4FDAE1046194622E750EA4106A0
:100C000018BF52EA43067FF4C5AE50EA41047FF4B0
:100C10000DAF52EA43057FF4EBAE12E74FF0FF3C15
:100C200006E000BF4FF0010C02E000BF4FF0010CE6
:100C30004DF804CD4FEA410C7FEA6C5C4FEA430C5F
:100C400018BF7FEA6C5C1BD001B050EA410C0CBFAE
:100C500052EA430C91EA030F02BF90EA020F002010
:100C6000704710F1000F91EA030F58BF994208BF77
:100C700090422CBFD8176FEAE37040F00100704734
:100C80004FEA410C7FEA6C5C02D150EA013C07D18B
:100C90004FEA430C7FEA6C5CD6D152EA033CD3D0D6
:100CA0005DF8040B704700BF8446104662468C46D0
:100CB0001946634600E000BF01B5FFF7B7FF002803
:100CC00048BF10F1000F01BD4DF808EDFFF7F4FF2C
:100CD0000CBF012000205DF808FB00BF4DF808EDB7
:100CE000FFF7EAFF34BF012000205DF808FB00BFDA
:100CF0004DF808EDFFF7E0FF94BF012000205DF8FC
:100D000008FB00BF4DF808EDFFF7CEFF94BF0120B0
:100D100000205DF808FB00BF4DF808EDFFF7C4FFA9
:100D200034BF012000205DF808FB00BF4FEA4102FC
:100D300012F5001215D211D56FF47873B3EB62522D
:100D400012D94FEAC12343F0004343EA505311F054
:100D5000004F23FA02F018BF404270474FF00000E6
:100D6000704750EA013005D111F0004008BF6FF024
:100D7000004070474FF00000704700BF4A0011D29A
:100D800012F5001211D20DD56FF47873B3EB6252E5
:100D90000ED44FEAC12343F0004343EA505323FAF1
:100DA00002F070474FF00000704750EA013002D166
:100DB0004FF0FF3070474FF0000070474FEA41029C
:100DC000B2F1E04324BFB3F5001CDCF1FE5C0DD9A9
:100DD00001F0004C4FEAC0024CEA5070B2F1004FF3
:100DE00040EB830008BF20F00100704711F0804FF6
:100DF00021D113F13872BCBF01F00040704741F4BB
:100E000080114FEA5252C2F11802C2F1200C10FABE
:100E10000CF320FA02F018BF40F001004FEAC123A2
:100E20004FEAD32303FA0CFC40EA0C0023FA02F346
:100E30004FEA4303CCE77FEA625307D150EA01331C
:100E40001EBF4FF0FE4040F44000704701F00040EC
:100E500040F0FE4040F40000704700BF80F00040CA
:100E600002E000BF81F0004142001FBF5FEA410382
:100E700092EA030F7FEA226C7FEA236C6AD04FEA82
:100E80001262D2EB1363C1BFD218414048404140C7
:100E9000B8BF5B42192B88BF704710F0004F40F479
:100EA000000020F07F4018BF404211F0004F41F495
:100EB000000121F07F4118BF494292EA030F3FD061
:100EC000A2F1010241FA03FC10EB0C00C3F1200374
:100ED00001FA03F100F0004302D5494260EB400003
:100EE000B0F5000F13D3B0F1807F06D340084FEA6E
:100EF000310102F10102FE2A51D2B1F1004F40EB63
:100F0000C25008BF20F0010040EA030070474900CA
:100F100040EB0000013A28BFB0F5000FEDD2B0FA67
:100F200080FCACF1080CB2EB0C0200FA0CF0AABF8A
:100F300000EBC25052421843BCBFD0401843704728
:100F400092F0000F81F4000106BF80F4000001322E
:100F5000013BB5E74FEA41037FEA226C18BF7FEA05
:100F6000236C21D092EA030F04D092F0000F08BF47
:100F70000846704790EA010F1CBF0020704712F02E
:100F80007F4F04D1400028BF40F00040704712F16D
:100F900000723CBF00F50000704700F0004343F0D2
:100FA000FE4040F4000070477FEA226216BF084608
:100FB0007FEA23630146420206BF5FEA412390EACB
:100FC000010F40F4800070474FF0000304E000BFC1
:100FD00010F0004348BF40425FEA000C08BF704772
:100FE00043F0964301464FF000001CE050EA010236
:100FF00008BF70474FF000030AE000BF50EA01024B
:1010000008BF704711F0004302D5404261EB410137
:101010005FEA010C02BF84460146002043F0B6435C
:1010200008BFA3F18053A3F50003BCFA8CF2083A81
:10103000A3EBC25310DB01FA02FC634400FA02FC8A
:10104000C2F12002BCF1004F20FA02F243EB020091
:1010500008BF20F00100704702F1200201FA02FCF3
:10106000C2F1200250EA4C0021FA02F243EB0200E6
:1010700008BF20EADC7070474FF0FF0C1CEAD0522A
:101080001EBF1CEAD15392EA0C0F93EA0C0F6FD0EB
:101090001A4480EA010C400218BF5FEA41211ED0C9
:1010A0004FF0006343EA501043EA5111A0FB0131B5
:1010B0000CF00040B1F5000F3EBF490041EAD3718A
:1010C0005B0040EA010062F17F02FD2A1DD8B3F106
:1010D000004F40EBC25008BF20F00100704790F075
:1010E000000F0CF0004C08BF49024CEA502040EAC7
:1010F00051207F3AC2BFD2F1FF0340EAC25070478D
:1011000040F400004FF00003013A5DDC12F1190FCA
:10111000DCBF00F000407047C2F10002410021FA3C
:1011200002F1C2F1200200FA02FC5FEA310040F154
:10113000000053EA4C0308BF20EADC70704792F0CD
:10114000000F00F0004C02BF400010F4000F013A05
:10115000F9D040EA0C0093F0000F01F0004C02BF00
:10116000490011F4000F013BF9D041EA0C018FE76F
:101170000CEAD15392EA0C0F18BF93EA0C0F0AD075
:1011800030F0004C18BF31F0004CD8D180EA01009B
:1011900000F00040704790F0000F17BF90F0004F34
:1011A000084691F0000F91F0004F14D092EA0C0F16
:1011B00001D142020FD193EA0C0F03D14B0218BFA9
:1011C000084608D180EA010000F0004040F0FE40EF
:1011D00040F40000704740F0FE4040F4400070478B
:1011E0004FF0FF0C1CEAD0521EBF1CEAD15392EA0A
:1011F0000C0F93EA0C0F69D0A2EB030280EA010CFA
:1012000049024FEA402037D04FF0805343EA111192
:1012100043EA10130CF000408B4238BF5B0042F1F0
:101220007D024FF4000C8B4224BF5B1A40EA0C0095
:10123000B3EB510F24BFA3EB510340EA5C00B3EBC7
:10124000910F24BFA3EB910340EA9C00B3EBD10FB5
:1012500024BFA3EBD10340EADC001B0118BF5FEA07
:101260001C1CE0D1FD2A3FF650AF8B4240EBC25030
:1012700008BF20F0010070470CF0004C4CEA5020F1
:101280007F32C2BFD2F1FF0340EAC250704740F440
:1012900000004FF00003013A37E792F0000F00F032
:1012A000004C02BF400010F4000F013AF9D040EAB0
:1012B0000C0093F0000F01F0004C02BF490011F444
:1012C000000F013BF9D041EA0C0195E70CEAD1533C
:1012D00092EA0C0F08D142027FF47DAF93EA0C0F23
:1012E0007FF470AF084676E793EA0C0F04D14B0207
:1012F0003FF44CAF08466EE730F0004C18BF31F0B9
:10130000004CCAD130F000427FF45CAF31F00043B2
:101310007FF43CAF5FE700BF4FF0FF3C06E000BF4B
:101320004FF0010C02E000BF4FF0010C4DF804CD6E
:101330004FEA40024FEA41037FEA226C18BF7FEA7E
:10134000236C11D001B052EA530C18BF90EA010F80
:1013500058BFB2EB030088BFC81738BF6FEAE1700F
:1013600018BF40F0010070477FEA226C02D15FEAAB
:10137000402C05D17FEA236CE4D15FEA412CE1D017
:101380005DF8040B704700BF844608466146FFE7DE
:101390000FB5FFF7C9FF002848BF10F1000F0FBDC0
:1013A0004DF808EDFFF7F4FF0CBF012000205DF8B9
:1013B00008FB00BF4DF808EDFFF7EAFF34BF01203E
:1013C00000205DF808FB00BF4DF808EDFFF7E0FFD7
:1013D00094BF012000205DF808FB00BF4DF808ED28
:1013E000FFF7D2FF94BF012000205DF808FB00BF8B
:1013F0004DF808EDFFF7C8FF34BF012000205DF86D
:1014000008FB00BF4FEA40024FEA41037FEA226C2B
:1014100002D15FEA402C08D17FEA236C02D15FEA57
:10142000412C02D14FF0000070474FF0010070478F
:101430004FEA4002B2F1FE4F0FD34FF09E03B3EBE1
:1014400012620DD94FEA002343F0004310F0004F21
:1014500023FA02F018BF404270474FF00000704777
:1014600012F1610F01D1420205D110F0004008BF16
:101470006FF0004070474FF00000704742000ED2FE
:10148000B2F1FE4F0BD34FF09E03B3EB126209D4BF
:101490004FEA002343F0004323FA02F070474FF075
:1014A0000000704712F1610F01D1420202D14FF0EA
:1014B000FF3070474FF00000704700BF7BB972B932
:1014C0000029BEBF00204FF0004106E008BF002801
:1014D0001CBF6FF000414FF0FF3000F057B8ADF186
:1014E000080C6DE904CE002909DB002B1ADB00F0A3
:1014F0007CF8DDF804E0DDE9022304B070474042E7
:1015000061EB4101002B1BDB00F06FF8DDF804E01C
:10151000DDE9022304B0404261EB4101524263EB3A
:1015200043037047524263EB430300F05EF8DDF87B
:1015300004E0DDE9022304B0404261EB4101704761
:10154000524263EB430300F050F8DDF804E0DDE9BC
:10155000022304B0524263EB4303704753B94AB9C4
:10156000002908BF00281CBF4FF0FF314FF0FF30AB
:1015700000F00CB8ADF1080C6DE904CE00F035F8C0
:10158000DDF804E0DDE9022304B07047704700BFD6
:1015900010F8012B11F8013B012A28BF9A42F7D01D
:1015A000D01A7047034611F8012B03F8012B002ACB
:1015B000F9D17047034613F8012B002AFBD1181A02
:1015C00001387047430803F05533C01A00F0333335
:1015D000800800F0333018444FF0013300EB101056
:1015E00000F00F305843000E70472DE9F0478C464D
:1015F0008E46089E154604461946002B40F0D080C2
:10160000724547D9B2FA82F74FB1C7F120030EFAFB
:1016100007FCBD40BC4020FA03F343EA0C0C4FEA40
:10162000154EA8B2230CBCFBFEF80EFB18CC08FB31
:1016300000F943EA0C43994528D9EB1808F1FF3229
:1016400004D2994502D9A8F102022B44A3EB090365
:10165000A4B2B3FBFEFC0EFB1C330CFB00F044EA0F
:101660000344A04214D92C190CF1FF3304D2A04238
:1016700002D9ACF102032C44241A43EA02401EB101
:10168000FC40002334607360BDE8F0874246DDE72C
:101690006346F1E7002A79D0B2FA82F3002B3FD0FB
:1016A0001946C1F1200302FA01F500FA01F42EFAFD
:1016B00003F20EFA01FE20FA03F3AFB243EA0E037F
:1016C0004FEA154EB2FBFEFC0EFB1C201A0C0CFB65
:1016D00007F842EA004290455AD9AA180CF1FF30A7
:1016E00004D2904502D9ACF102002A44A2EB0802D0
:1016F0009BB2B2FBFEFC0EFB1C220CFB07F743EA7D
:1017000002439F4246D9EB180CF1FF3204D29F42AC
:1017100002D9ACF102022B44DB1B42EA004202E098
:10172000AEEB020301224FEA154EAFB2200CB3FB21
:10173000FEFC0EFB1C330CFB07F840EA0343984504
:101740002AD9EB180CF1FF3004D2984502D9ACF13C
:1017500002002B44A3EB0803A4B2B3FBFEFC0EFB78
:101760001C330CFB07F744EA0344A74216D92C1993
:101770000CF1FF3304D2A74202D9ACF102032C448E
:10178000E41B43EA00400F46114678E71F2188E733
:101790006046ABE76246BFE76046DBE76346EFE7DC
:1017A000734506D916B9002108466DE7C6E9000E53
:1017B000F9E7B3FA83F787B9734501D3824207D8B3
:1017C000841A6EEB030301209C461EB900215BE7DF
:1017D0003846FAE7C6E9004CF8E7C7F1200CBB40F1
:1017E00000FA07F422FA0CF520FA0CF1BA401D4376
:1017F0002EFA0CF30EFA07FE4FEA154941EA0E01E4
:101800001FFA85FEB3FBF9F809FB18300B0C08FB37
:101810000EFA43EA00439A4540D9EB1808F1FF302D
:1018200004D29A4502D9A8F102002B44A3EB0A0383
:1018300089B2B3FBF9F809FB183308FB0EFE41EA45
:1018400003418E452CD9691808F1FF3304D28E4527
:1018500002D9A8F10203294443EA0040A1EB0E019A
:10186000A0FB02984145CE46434602D306D14C45E3
:1018700004D20138B9EB020E68EB0503002EA5D0A7
:10188000B4EB0E0261EB030101FA0CFC22FA07F340
:10189000F9404CEA0303C6E9003197E74046C5E743
:1018A0004346D9E7000000002DE9F04F8E070F46B0
:1018B00014468FB040F18F8031F05FFF002800F0B8
:1018C0008A8004A831F068FF002800F0848094F832
:1018D000C15094F8C03005F10A0898457BDADDE97B
:1018E0000401FEF75BFF98A3D3E90023FFF7AEF8EE
:1018F000FFF764FA9649FFF7BFFB00210646FFF7A2
:1019000059FD4FF07C5100286CD03046FFF7AAFA01
:10191000FFF78EFD8146DDE90601FEF73FFF8AA352
:10192000D3E90023FFF792F8FFF748FA8849FFF759
:10193000A3FB00210646FFF73DFD4FF07C51002838
:1019400054D03046FFF78EFAFFF772FD064608982E
:10195000FFF73EFB7F49FFF743FC7F49FFF78CFB16
:1019600000218246FFF726FD4FF07C51002841D030
:101970005046FFF777FAFFF75BFD01238822635596
:10198000EB18DBB2E254AB1CDBB24FEA2942E25463
:10199000EB1CDBB24FEA2922E2542B1DDBB204F828
:1019A00003906B1DDBB23214E254AB1DDBB232127A
:1019B000E254EB1DDBB2E65405F10803DBB202147E
:1019C000E25405F10903DBB202120B35E25484F84C
:1019D000C15004F808007D0700F1AC8001200FB071
:1019E000BDE8F08F3046FFF73FFA91E73046FFF74A
:1019F0003BFAA9E75046FFF737FABCE7404603F049
:101A0000D9FC80B909F101034D465FFA83F94046DC
:101A100004A903F0E1FC40B108F1010803F0C4FCA3
:101A20004045EBDCDAE70125F1E7BDF81070F80678
:101A30001DD5DDF824B051465846FFF7BBFC002801
:101A400073D158464549FFF7D3FC00286FD158465B
:101A5000FFF714FDFFF7B8FA0022CDE90162022278
:101A60000346009265212A46204631F0F0FEF90730
:101A70000AD502230A226721CDE9003220462A46F0
:101A8000059B029631F0E3FEBB070BD502234FF016
:101A9000000C2A46CDE9013C68212046069B0096B1
:101AA00031F0D5FE78070BD50A230021CDE90131AD
:101AB00002232A46009373212046079B31F0C7FE7C
:101AC0003A0709D502232A46009379212046CDE919
:101AD0000166089B31F0BBFEBB060AD502236420D9
:101AE0002A46CDE90030742120460A9B029631F047
:101AF000AEFE79060BD502234FF47A727521CDE93B
:101B0000003220462A460B9B029631F0A0FE3B068F
:101B100082D50023CDE9016302232A460093802168
:101B200020460C9B31F093FE76E7D3468FE74FF6C5
:101B3000FF708FE74FF000084FF0020901264FF0C9
:101B4000000A6BE7AFF300800000000065CDCD41D7
:101B500000401C4600007A440000C84200FF7F4756
:101B600030B50D46194640F201138FB00446CDE959
:101B70000135104610A3D3E90023FEF73DFEFFF721
:101B8000D5F80DA3D3E900230390DDE91201FEF798
:101B900033FEFFF7CBF80023049006A901A80593B4
:101BA00031F0F5FE06AA034604F50671204630F032
:101BB0004AF80FB030BD00BF0000000080842E4105
:101BC000F0B5072A054699B005D8062134F02EFC59
:101BD000012019B0F0BD002700F5B03484F860731F
:101BE00000F50436D6F8480886F8847018B137F046
:101BF000E6FCC6F84878002705F50730C6F84C78AB
:101C0000C6F85078C6F8047C083040F0BAF90123D1
:101C100086F8E63BA86E03681B68984705F506330F
:101C200000F6B830C3E9FA07284686F8007C37F09A
:101C300073F894F8DD327BB196F8003C63B9D6F8BE
:101C4000A03A4BB1284608F01DFE28B1A86F0368E2
:101C50001B689847C6F8A00A40F20513ADF8043097
:101C600094F8BC3102AE8DF80630162305F50E77D8
:101C70008DF8073005F50673324618685968083341
:101C800003C2BB421646F7D1D4E9680128A3D3E9C1
:101C90000023FEF7B1FDFFF749F825A3D3E90023A0
:101CA0000646D4E96601FEF7A7FDFFF73FF894F872
:101CB000E73194F898228DF8303094F80032CDE96D
:101CC0000A068DF8313094F89732D4F8B8019B00A9
:101CD00043EA021394F89622174913438DF83230E1
:101CE00094F8953204F5BA748DF83330FFF7C4F9DF
:101CF000FFF7C4FB10490D90606FFFF7BDF9FFF7C8
:101D0000BDFBB4F870300E901F212046ADF83C307A
:101D100043F0BFFD0646024621460DF13E0043F06A
:101D20001DFD284606F13A0201A934F066FB4FE793
:101D30000000000080842E4100007A440000000072
:101D4000082AF8B5044632D9481C34F057F91C4A21
:101D50001C4E0244B242034629D8481D34F04EF9C5
:101D6000194A0546904222DBB04220DC1846FEF7B5
:101D7000D9FC11A3D3E90023FEF768FE04F5B036C1
:101D8000C6E966012846FEF7CDFC0BA3D3E9002384
:101D9000FEF75CFEC6E96801D6F8480306F5B8719F
:101DA00007F084F8204634F036FB0120F8BD062108
:101DB000204634F03BFBF8E70000000080842E4111
:101DC000804A5D050095BA0A006B45F500000000E9
:101DD0002DE9F041151D06460F469AB028469E494A
:101DE0001C46FFF7D5FB30B99C4920461AB0BDE828
:101DF000F041FFF7D7BB0A222846994943F0E7FC98
:101E0000B8B9736993F88120964B1979914209D139
:101E10001B68954A0092954A4FF4807120462DF038
:101E2000B7F8B1E00130042803F10803EDD1904B7D
:101E3000EFE7072228468F4943F0C9FC80B9736950
:101E400093F882208C4B1979914202D11B688B4AFE
:101E5000E0E70130042803F10803F4D1844BF6E7EE
:101E60000F222846864943F0B2FC58B97369854A67
:101E700093F883304FF4807120461AB0BDE8F041EA
:101E80002DF086B8042228467F4943F0A0FC40B9D3
:101E9000736993F880207D4B7D49002A08BF0B466B
:101EA0002FE0062228467B4943F091FC58B973691C
:101EB00093F8300104F054F8054604F063F82B461B
:101EC000754A0090A8E715222846744943F07FFC24
:101ED00020B9736993F84F30714ACBE70F22284637
:101EE000704943F074FC20B9736993F84E305B007D
:101EF000F2E70E2228466C4943F069FC18B9736971
:101F000058336A4AB6E7DFB907222846684943F0E2
:101F10005EFCA8B9B0691C3603685B6D9847402227
:101F20000AA92FF050FC0AA90246304601F0E6FF4C
:101F300033464FF4807120465C4A2DF029F823E0A7
:101F4000042228465B4943F042FC10B9736904330C
:101F5000D7E706222846584943F039FC18B9736977
:101F600093F84D2097E703222846544943F02FFC6D
:101F700068B97369D3E90A23CDE90023504A4FF4C5
:101F8000807120462DF004F81AB0BDE8F0810322DC
:101F900028464C4943F01BFC18B97369D3E90C235C
:101FA000EAE710222846484943F011FC18B9736942
:101FB00093F87E3090E712222846444943F007FC0C
:101FC00018B9736993F87D3086E70922284640499D
:101FD00043F0FDFB18B9736993F87C307CE712225B
:101FE00028463C4943F0F3FB38B97369D86EFEF7D5
:101FF000ABFB394ACDE90001C1E70A22284637493F
:1020000043F0E5FB90B93E23224602F8023B202331
:10201000637071699B3111F8013F0BB91370B3E71D
:102020000A2B08BF7C2302F8013BF4E70B22284669
:102030002B4943F0CCFB00285CD1736993F8353110
:102040000BB92849D1E6012B01D12749CDE6022B56
:102050000CBF26492649C8E6ABB10400AEB1040066
:10206000D2B10400207C0400E4B10400DDB104001E
:1020700007A8040002B20400007C0400B2C80400F7
:102080000AB204001AB2040021B20400CEA804006F
:102090004CB5040026B204002DB2040037B204008F
:1020A00022AE04003DB204004DB20400A6A3040019
:1020B0005CB20400A7AD0400A8A50400A0A504001C
:1020C00064B20400A4A504006BB204007CB2040056
:1020D0008FB2040099B204001BAE0400ACB204003D
:1020E000B7B20400C3B20400C9B20400D3B2040002
:1020F000DEB204000A2228469D4943F068FB78B905
:102100009C492046FFF74EFAB06903685B6D98471B
:1021100020220146A01C1AB0BDE8F04101F0EEBE3D
:1021200004222846944943F052FB28B9B069036859
:10213000DB6898470346E4E60E2228468F4943F0C1
:1021400046FB08B98E4950E60D2228468D4943F0DA
:102150003EFB08B98C4948E6112228468B4943F0DA
:1021600036FBB0B935682B682846D3E9173798474E
:1021700001462846B8473668054633683046D3E9F5
:102180001937984701463046B8472B46804A009099
:1021900042E60D2228467F4943F019FB0028D9D09A
:1021A0000E2228467C4943F012FB50B930682022A9
:1021B00003680AA99B6B984708B10AABB9E677494F
:1021C00013E60E222846764943F001FB28BB30680F
:1021D0000368DB68984700210746FFF7E1F808B17C
:1021E000704902E6306803681B6898470546384620
:1021F000FEF7AAFA6DB16C4B6C4A1B681B88CDE9DF
:102200000001CDE902534FF4807120462CF0C0FE4E
:10221000BAE6CDE90001664AB1E6062228466549DC
:1022200043F0D5FA20B9736993F81631624A21E672
:102230000E222846614943F0CAFA08B96049D4E53C
:102240000C2228465F4943F0C2FA18B90BF042FA53
:102250000346EBE7092228465B4943F0B8FA18B970
:10226000736993F92331E1E708222846574943F07F
:10227000AEFA90B977B196F8E010C1F1A1013E2312
:10228000237020230239A01C63701AB0BDE8F0410E
:1022900003F044B84FF48071F1E70B2228464C4913
:1022A00043F095FA18B97369D3F88C3014E6082214
:1022B0002846484943F08BFA38B931F066FA0346AC
:1022C00000287FF409AE44498FE50322284643499C
:1022D00043F07DFA002840F08D8031F04EFA00285E
:1022E0003FF4AFAE07A831F05FFA9DF81C300AA8A2
:1022F000022B96BF3A4A3B4D52F8235031F04CFA2C
:10230000BDF81E6000B3DDE90C01FEF747FA16A325
:10231000D3E90023FEF79AFBCDE90401DDE90A01C8
:10232000FEF73CFA10A3D3E90023FEF78FFB089BCE
:10233000CDE90201CDE900634FF480712B462046C0
:10234000294A2CF025FE1FE6099B4BB1CDE900631D
:102350004FF480712B462046244A2CF019FE13E6D8
:102360002B46234A009657E50000000065CDCD417D
:10237000E7B20400E1AE0400F2B20400F7B20400D8
:1023800006B3040014B3040022B3040048B30400ED
:102390005AB3040074B3040082B3040091B3040080
:1023A0009BB30400AAB3040064770400CBB3040019
:1023B000F6B304000FB40400D4AE040016B4040055
:1023C00025B4040049B4040007AE040056B4040068
:1023D0005FB404006BB4040074B4040000A30400F0
:1023E000F47B040093B3040084B40400B8B4040084
:1023F000DEB404000B2228465C4943F0E8F930B90A
:10240000B0690368D3F880309847034664E50E222C
:102410002846574943F0DBF918B9736993F81C3122
:102420005AE509222846534943F0D1F9C8B9AFB15A
:1024300096F8E050C5F1A10529464F4A20462CF0F8
:10244000A7FD0146B0696A1A03682144D3F88830B1
:10245000984700287FF498AD4849C6E44FF480754A
:10246000EAE708222846464943F0B1F928B97369DA
:10247000444993F81A21444B0FE50A222846434960
:1024800043F0A5F918B9736993F91B31CEE60B2215
:1024900028463F4943F09BF938B9736993F81D31D9
:1024A000002B7FF419AD3B499FE428463A49FFF7DA
:1024B0006FF808B9394998E408222846384943F0AA
:1024C00086F9002847D00C222846364943F07FF988
:1024D000002848D1B0690368D3F89830984705467A
:1024E0000028B9D0002F3BD096F8E070C7F1A107C3
:1024F000706803681B689847804636F015FE73695C
:102500004FF47A7293F81931003B18BF01230193FD
:102510000023FEF7D3FF434600903A462146284663
:1025200003F010FA30E5204A3846002D18BF424625
:102530001E492CF057FD0135032D07443FF424AD0F
:1025400073692B4493F81E31002BECD1002D7FF4DE
:102550001BAD174949E427460546DFF85880EFE7E9
:102560004FF48077C4E72B46134A83E4FBB404009E
:1025700007B5040016B50400E1AE04006CAB04001E
:1025800020B50400CEA804004CB5040029B5040011
:1025900034B5040040B5040011AD04004AB5040090
:1025A0004FB50400B1AB0400B2C8040058B5040034
:1025B0005DB5040056A7040074B5040000000000D7
:1025C000012208B50A4B0B481A7007A3D3E9002370
:1025D00028F0EAFC084B1B781BB1BDE808400AF064
:1025E000D9BB08BDAFF30080389C1C000000000080
:1025F0006BA5022078000020800B00200000000066
:10260000F7B5002240F6034011460EF019FA0446D1
:10261000002853D10DF0D8FE214641F2030001AA53
:102620000EF00EFA0446002848D1019ABD4DD1683B
:1026300005F17803D1F80100D1F8051003C3104665
:102640000DF092F8214641F2010001AA0EF0F8F9CE
:10265000044698BB0198C3685A7885F86F205A8859
:10266000A5F872201A7985F87020B3F80720A5F82C
:102670007420B3F80530A5F876300DF075F82146D2
:1026800041F2020001AA0EF0DBF90446B0B9019F45
:1026900005F18006FA68531C4132344618685968BF
:1026A000083303C493422646F7D138460DF05CF850
:1026B00095F87C305E0607D46FF0120420460EF0C9
:1026C00027F9204603B0F0BD002142F2030001AA21
:1026D0000EF0B6F904460028F0D1019B924EDA685C
:1026E000D2F80100D2F8051003C618460DF03CF8E8
:1026F000214642F2020001AA0EF0A2F90446002887
:10270000DCD1019CE368B3F8012091B249B1D978DA
:1027100039B1A5F8E820DA78114606F10C003FF04F
:102720004BFB20460DF020F81F2395F87C60A5F8A0
:10273000043116F0200619D14FF0FF304FF0FF3171
:102740000EF07EF80446002800F0098102210C30CA
:1027500037F0DEFE0123214603704670324640F614
:102760006D400EF06DF904460028A7D195F89C3015
:102770001C0712D5002142F21C0001AA0EF060F9DC
:10278000044600289AD10198C368D3F80120D3F8F1
:102790000530C5E938230CF0E7FF95F8D830580626
:1027A0000FD5002142F22A0001AA0EF049F9044691
:1027B000002883D10198C3685B7885F806310CF056
:1027C000D3FF4FF0FF304FF0FF310EF039F80646DF
:1027D000002800F0C48008210C3037F099FE95F8ED
:1027E000D84040F2022314F0400F08BF0323A10792
:1027F00095F8D9104CBF43F02C0343F00C03A70607
:1028000048BF43F0400311F0090F18BF43F40063C1
:1028100004F001040246002143EA041038F040FDB0
:102820000022314642F201000EF00AF90446002867
:102830007FF444AF95F87C30B5F8E81098066CD476
:10284000C9B941F2050001AA0EF0FAF804460028C1
:102850007FF434AFB5F8E830019C4BB9E368B3F8C6
:102860000120A5F8E8209A88304811463FF0A4FAE4
:1028700020460CF079FF4FF0FF304FF0FF310DF0A4
:10288000DFFF044600286AD008210C3037F040FEF4
:1028900095F8D8300246D9074ED44FF0005124485D
:1028A00038F0FEFC2146002240F601400EF0C8F848
:1028B000044600287FF402AF014601AA4FF601400A
:1028C0000EF0BEF8044688B901980CF04DFF214681
:1028D0004FF6024001AA0EF0B3F838B90198C36868
:1028E000B3F80130A5F8C0300CF03EFFEB793BBBEC
:1028F0000EF0E4FE044600287FF4E0AE10F0FEF88F
:10290000044600287FF4DAAEEB79002B3FF4D9AE11
:102910002021084838F0E9FBD0E60029ABD16FF060
:102920000404CBE608010020E0010020F4010020AF
:1029300010880002DC01002018A1D1E90001AFE7F6
:102940002E78002ED4D195F8C0309B061ED54FF0BE
:10295000FF304FF0FF310DF073FF044610B96FF0F8
:102960006804ABE606210C3037F0D2FDD5F8013013
:1029700021460360084B32469B8883804FF6064011
:102980000EF05EF804460028B2D097E66FF085049A
:1029900094E600BFAFF30080090100209088000298
:1029A00000800020000000001BA3D3E900230021C9
:1029B000C0E900231AA3D3E90023C0E902231AA324
:1029C000D3E90023C0E9042319A3D3E90023C0E914
:1029D000062319A3D3E90023C0E9082318A3D3E9E8
:1029E0000023C0E90A2318A3D3E90023C0E90C237C
:1029F00017A3D3E90023C0E90E2300220023C0F867
:102A0000D010C0E93023C0E932238022403042F0A8
:102A1000CBBE00BFAFF3008008C9BCF367E6096A0C
:102A20003BA7CA8485AE67BB2BF894FE72F36E3C5D
:102A3000F1361D5F3AF54FA5D182E6AD7F520E51BA
:102A40001F6C3E2B8C68059B6BBD41FBABD9831F74
:102A500079217E1319CDE05B31F000432DE9F04F71
:102A6000814687B00E4607460C460DD180F480079C
:102A70007F0017F5000F40F2578331464846FEF7B6
:102A8000F3F907B0BDE8F08F20F000480146B8F137
:102A9000FF4F02D8B3F1FF4F08D9B7F17E5FECD1F9
:102AA00084F48004640014F5000FE4E7002823DABE
:102AB000B3F1974F80F03D83B3F17E5F36D3DA15E3
:102AC000C2F1960243FA02F505FA02F29A4225D1C2
:102AD00005F00105C5F10205B3F17E5F27D1002C99
:102AE0007EDA00214846FEF75BFCC8B1F80F07B05C
:102AF000BDE8F04F2EF0D6B8B3F1FF4F0ED1B8F1CC
:102B00007E5F00F0118304D9002C80F21083002036
:102B1000B7E7002CFBDA06F10040B2E70025DBE75F
:102B200049464FF07E50FEF75BFBAAE70025B4F163
:102B3000804F424640F00383B8F1BF4F20D2B8F136
:102B4000D05F04D949464846FEF796FA99E729F03E
:102B50000040B8F1000F40D0F90F0139039129432B
:102B600024D0B3F19A4F40F2D780654B984539D8BD
:102B7000002C3CDA002007B0BDE8F04F2EF08AB8F8
:102B800027F0404C29F00040BCF17E5F1AD1002CA8
:102B900004DA01464FF07E50FEF722FB002FBFF60D
:102BA00070AFA8F17E5858EA050805D1484607B02D
:102BB000BDE8F04F2EF07EB8012D7FF462AF00F13A
:102BC00000405EE7B8F1000FC6D1002C05DA17B15E
:102BD0006B1E59425941084689E7012D7FF451AFD8
:102BE00048464EE7474B984507D9002CC2DC0020E9
:102BF00007B0BDE8F04F43F0D2B84FF07E51FEF77A
:102C000031F907464049FEF737FA404981463846D0
:102C1000FEF732FA804638A1D1E90001FEF7CEF87E
:102C200082464FF07A513846FEF726FA0146504662
:102C3000FEF718F93946FEF71FFA01464FF07C50AF
:102C4000FEF710F9824639463846FEF715FA014676
:102C50005046FEF711FA2E49FEF70EFA014640469D
:102C6000FEF700F9014680464846FEF7FDF820F4DD
:102C70007F67494627F00F073846FEF7F3F801460D
:102C80004046013DFEF7EEF8039B6FF30B048046D0
:102C90001D433046214614BF4FF07E551D4DFEF7B3
:102CA000E1F83946FEF7E8F9814631464046FEF73D
:102CB000E3F901464846FEF7D7F80646214638466E
:102CC000FEF7DAF9014607463046FEF7CDF8002850
:102CD0000446804620F0004340F34481B3F1864F20
:102CE00040F22D8100212846FEF764FB003818BF12
:102CF000012040E7AFF30080E13D55555555D53FE4
:102D0000F3FF7F3F0700803F00AAB83F70A5EC3675
:102D10003BAAB83F000080BF17F0FF4F40F00B8187
:102D20004FF09741FEF7A8F96FF017010246D3154F
:102D3000C2F316027F3B0B4495498A42029342F04C
:102D40007E5308DD93498A4240F3F780029AA3F547
:102D500000030132029200278F4A9A4618460493D4
:102D600052F827B05946FEF77DF85146814658463D
:102D7000FEF77AF801464FF07E50FEF731FA014631
:102D800005904846FEF778F90190019B83496FF35F
:102D90000B039846049B01EA6303414643F000534A
:102DA00003F5800303EB475318460493FEF764F9D9
:102DB00001464846FEF756F8049B81465946184698
:102DC000FEF750F801465046FEF74CF84146FEF734
:102DD00053F901464846FEF745F8059A1146FEF7B5
:102DE0004BF9019983460846FEF746F96C4981463E
:102DF000FEF742F96B49FEF737F84946FEF73CF912
:102E00006949FEF731F84946FEF736F96749FEF79A
:102E10002BF84946FEF730F96549FEF725F8494693
:102E2000FEF72AF96349FEF71FF8824649464846ED
:102E3000FEF722F901465046FEF71EF9414681464B
:102E40000198FEF711F85946FEF716F94946FEF7C4
:102E50000BF8414682464046FEF70EF9564904906B
:102E6000FEF702F85146FDF7FFFF20F47F69414667
:102E700029F00F094846FEF7FFF84F4980464846BB
:102E8000FDF7F0FF0499FDF7EDFF01465046FDF711
:102E9000E9FF0199FEF7F0F8824649465846FEF7E9
:102EA000EBF801465046FDF7DFFF834601464046FA
:102EB000FDF7DAFF20F47F69404929F00F09484601
:102EC000FEF7DAF8414682464846FDF7CBFF014659
:102ED0005846FDF7C7FF3A49FEF7CEF88046394914
:102EE0004846FEF7C9F801464046FDF7BDFF364BA0
:102EF00053F82710FDF7B8FF80460298FEF768F8F0
:102F0000324B8146414653F827B05046FDF7ACFF9F
:102F10005946FDF7A9FF4946FDF7A6FF20F47F6754
:102F2000494627F00F073846FDF79CFF5946FDF745
:102F300099FF5146A1E60021F9E601270CE74BD1A4
:102F400023493046FDF790FF814639462046FDF77C
:102F500089FF01464846FEF74BFA00287FF4C2AECF
:102F600086233EE01B4A934207D900212846FEF7FC
:102F700021FA003818BF01203AE62DD13946FDF775
:102F800071FF3146FEF72AFA0028E9D0EDE700BFCD
:102F900071C41C00D6B35D00909D040000F0FFDFFB
:102FA00042F1533E55326C3E05A38B3EABAAAA3E7E
:102FB000B76DDB3E9A99193F000040400040763FD4
:102FC0004F38763FC623F6B8809D0400889D0400E4
:102FD0003CAA383300001643B3F17C5F40F2A08076
:102FE000DB157E3B4FF400045B49B8F1000F44FA57
:102FF00003F438464444C4F3C753A3F17F0341FAB2
:1030000003F1C3F1170301EA0401C4F3160444F405
:10301000000444FA03F4B8BF6442FDF723FF0746F7
:1030200031463846FDF720FF20F47F694B4929F0EF
:103030000F094846FEF720F8394680464846FDF716
:1030400011FF01463046FDF70DFF4549FEF714F824
:10305000064644494846FEF70FF801463046FDF75C
:1030600003FF074601464046FDF7FEFE4146064681
:10307000FDF7F8FE01463846FDF7F4FE314680467E
:103080003046FDF7F9FF38490746FDF7F5FF3749A8
:10309000FDF7E8FE3946FDF7EFFF3549FDF7E4FEA1
:1030A0003946FDF7E9FF3349FDF7DCFE3946FDF708
:1030B000E3FF3149FDF7D8FE3946FDF7DDFF014654
:1030C0003046FDF7CFFE074601463046FDF7D4FFF8
:1030D00081464FF080413846FDF7C4FE0146484620
:1030E000FEF77EF8414607463046FDF7C5FF4146EC
:1030F000FDF7BAFE01463846FDF7B4FE3146FDF74E
:10310000B1FE01464FF07E50FDF7ACFE00EBC4531C
:10311000B3F5000F06DA21462DF05EFD294613E5D2
:1031200000247DE71846F9E74FF07E50A9E43046C9
:10313000A7E4B3F1FF4F3FF4E2AC42460225B4F1FD
:103140007C5F7FF41DAD002FFFF61AAD484607B037
:10315000BDE8F04F42F0B8BE000080FF0072313F82
:103160001872313F8CBEBF354CBB31330EEADD35B2
:1031700055B38A38610B363BABAA2A3E002110B505
:103180000446074B4FF4C072C0E96011C0E96211F8
:10319000C0F89011C0F8943142F006FB204610BDF3
:1031A000CDCC4C3E024630B553880178082B28BF61
:1031B00008230B48C1F383010A4C4840604302F1E5
:1031C0004901C2F1FF2202F57F02B7325518AB4226
:1031D00000DC30BD11F8015F68406043F6E700BFD6
:1031E000C59D1C81930100012DE9F04104460D4667
:1031F0000746002642F210783B7B3BB17B68EB1A16
:10320000434503D9314620462DF06CFD0136182E7A
:1032100007F11007F0D1D4F88C3133B3154AEB1A0B
:10322000934222D9D4F88431FBB1D4F8903123B938
:10323000A5F59C53083BC4F8903141F2873641F222
:10324000883003F51C414031EA1AB2420BD9D4F858
:10325000842142B10344A2EBD2028B42C4F8842100
:10326000C4F89031F0D1BDE8F0810023C4F890316A
:10327000F9E700BFE093040070B50346024600F58D
:10328000C0766FF00040C1F51C551135147B34B188
:1032900054682C4424EAE474A04228BF204610322B
:1032A000B242F3D1D3F88C2192B1D3F884417CB1EE
:1032B0000D4C8D1AA5420CD9D3F890312BB1C1F524
:1032C0009C5108310B4423EAE373984228BF184607
:1032D00070BDC1F5922101F2E131114421EAE171A1
:1032E000884228BF0846F3E7E093040010B5D0F801
:1032F0008831032B26DDD0F88401FDF765FE4FF001
:103300006E51FDF7B9FE00210446FEF75DF8E0B905
:103310004FF081412046FDF7A7FD01462046FDF70D
:103320005FFF0B49FDF7A8FE0A49FDF79DFD4FF031
:103330007E510446FEF75CF810B14FF07E5010BD90
:103340002046FCE74FF07C50F9E70248F7E700BF62
:103350009A99193FCDCCCC3E00487047B2C80400C2
:103360000048704780EE360030B5C0E91912C366D8
:10337000012200230E4DC0E90433C0E90633C0E941
:103380000E33C0E91233C0E90A33C0E90C33C0E997
:103390001533C0E917330560436080F84430036497
:1033A000A0F87030036280F82420A0F8503030BDBF
:1033B000E072040070B5B8B001460446684640F0BB
:1033C0006DFC9DF80030013BDBB2FD2B38D8274B5C
:1033D00028AA03F14006154618685968083303C542
:1033E000B3422A46F7D1224B08AA03F1200615461C
:1033F00018685968083303C5B3422A46F7D108A9AB
:1034000020A829F039F9214620AA10A840F0F2FBA3
:10341000694620A829F030F920AA28A918A840F068
:10342000E9FB202218A910A82FF0EDF8044658B99E
:10343000202110A82FF023F9202118A82FF01FF920
:103440000024204638B070BD002310A911F8012BCC
:103450001AB90133202BF9D1144610A820212FF0DE
:103460000EF9202118A82FF00AF9EAE7609E04005F
:10347000A19E04002DE9F04F0A78054602F00303EF
:10348000023B012B0C46F3B070D802F03C06242E10
:103490000B795BD13F2B1CD84E88082E19D991F897
:1034A0005270093E07F003029340F6B21FFA83FC04
:1034B000664510D801F153020368029201F10A0235
:1034C000CDE9007203961D6ED1F84A20D1F84E3036
:1034D000A847002037E00121533301FA02F200F53A
:1034E0000671E01842F073F90028F2D12B682146EA
:1034F00028465B6C98470028EBD0E86F21460368AC
:103500001B6898470028E4D1E86F214603685B6890
:10351000984794F90201FDF75BFD4FF07A51FDF7F2
:10352000ABFD4FF08141FDF7A7FDFDF781FF23794A
:1035300021465A1C2344227198722B682846DB6C62
:10354000984740F0C06073B0BDE8F08F2C2E03F0B8
:103550003F030AD191F94A60002E80F2B782002B16
:10356000B7D103685B6F9847B3E76BBB10462EF08B
:1035700048FA002840F080802378C3F383020F2AA2
:10358000A7D801A151F822F023370000233700000B
:1035900023370000E136000063390000D73800000F
:1035A000D73800005338000023370000D334000020
:1035B0004D3A0000D3340000D3340000D33400006F
:1035C000D33400001D3A00000C2E08D14B88032B89
:1035D00005D90368D1F84A20D3F884309847227976
:1035E00005F506719209013204F10A0042F0EFF884
:1035F00000287FF46EAF2B68214628465B6C984705
:1036000000283FF466AF2378C3F383030A2B04D169
:10361000214628462EF0DEFC5BE7E86F032B0268AC
:103620002146126813D19047064600287FF451AF17
:10363000E86F214603685B689847214628462EF0CC
:103640009CFA3246214628462EF06DFC41E7904711
:1036500000287FF43EAFE86F214603685B68984717
:10366000214628462EF089FA2B6821462846DB6C35
:10367000984740F0807066E72B68214628461B6C0F
:10368000984700287FF425AF20782EF0BAF900285B
:103690003FF472AF2046FFF785FD0646A86E05F1A0
:1036A000800703681B6898473146024638462DF06C
:1036B0005FFB20B1314628462EF0BDF95CE72B6850
:1036C00028469B6B984700283FF456AFA86E0368C6
:1036D0001B6898473146024638462DF023FB4BE7DE
:1036E0006388032B7FF6F5AEE86F21460368D4F8B4
:1036F0004A601B68984700287FF4EBAEE86F2146CC
:1037000003685B6898472B68324621462846D3F801
:10371000843098472146284673B0BDE8F04F2EF01C
:103720004CBA94F84B300DF1200A8AF800306388C7
:1037300094F84A70042B7FF6CCAEE86F21460368FC
:103740001B689847064600287FF4C3AEE86F214601
:1037500003685B68984795F81832BB4268D12B68BC
:10376000514628465B6D9847814604F14C0B10AFDB
:103770000DF1C408B1455BDD2B6832463946284659
:103780009B6D984763885A46023B414638462EF067
:1037900051FF031E5BDD2278C2F38302082A4CD15D
:1037A00098F80090079348462EF094FD00283FD0EB
:1037B0004FEA991109F03F0201FB0222079B501CBE
:1037C000834235DD02329B1ADBB242442968039200
:1037D000049318F800300DF1C50803F00F03CDE98C
:1037E0000193CDF80080D1F864B03B4632462146C3
:1037F0002846D847D0B120782EF003F9B0B1002385
:10380000CDE9023301932379514600933A46284685
:1038100004F10A032EF06AFA014638B14FF4FA7344
:103820004246009328464B462EF0C6FCFF232370E9
:10383000214628462EF0C1F985E62968CDE90183A5
:103840000097CF6D334621462846B847EEE701364C
:1038500090E76388232B7FF63CAEE86F2146036830
:1038600094F84A601B68984700287FF432AEE86FEE
:10387000214603685B68984795F81832B3427FF495
:1038800049AF04F14B0608AA04F16B0713463068F0
:103890007168083603C3BE421A46F7D108AA10A9B8
:1038A00005F506702EF060F8638831AF3246394670
:1038B000213B10A82EF0BEFE00287FF72BAF2B680F
:1038C000CDE900702146DE6E284608AB10AAB0474D
:1038D000FF2323701EE794F84A3008AF3B706388DB
:1038E000032B7FF6F6ADE86F214603681B68984707
:1038F000064600287FF4EDADE86F214603680DF120
:1039000040095B6898472B683946D3F87C804A4663
:1039100004232846C047074604F14B0A0DF141082D
:103920000DF1C40BB74283DD6388404652465946C9
:10393000013B2EF07FFE002808F121080FDD2B68E7
:103940002278CDE900B006EB4616D3F88070214608
:10395000284609EB0603C2F38302B84768E701363D
:10396000E0E710A82DF0CBFE10AE04F14A0304F1FD
:103970006A07324618685968083303C2BB421646C4
:10398000F7D16388632B7FF6A4AD202210A905F53B
:10399000067041F01CFF00283FF49BADE86F214604
:1039A0000368D4F86AA01B68984700287FF491AD9B
:1039B000E86F0DF1C409036821465B684E469847DD
:1039C000B4F8028010AFA8F16408B8F1200FA8BFC6
:1039D0004FF020080FCF0FC697E80F0004F1AE0B91
:1039E00086E80F00424659463AA8CDF8E4A041F0D7
:1039F000B5FE4A4608F1240304F16E0110A82DF02B
:103A000086FE00283FF465AD2B68CDE900B821465D
:103A10009E6E2846534610AAB04709E703F00303F9
:103A2000023B012B3FF655ADE86F214603681B684A
:103A3000984700287FF44DADE86F214603685B6826
:103A400098472B68214628469B6F8CE56288022A9E
:103A50007FF63FAD94F84A3003F00F03032B7FF459
:103A600038AD042A7FF635AD31AE30462EF02DFC50
:103A7000237840228DF8C43004F10A0123790DF136
:103A8000CE002EF048FC62888DF8C800013A92B250
:103A900004F14B010DF58770ADF8C62041F05EFED4
:103AA000E86F314603681B68984700287FF411AD22
:103AB000E86F314603685B6898472B6831462846B3
:103AC000D3F88430DDF80E21984702E5002B3FF44F
:103AD0004DAD84E538B50B4B1C786CB901220A4D0D
:103AE0001A70002329461A46084801342EF0F6FCC5
:103AF000202C05F58275F4D10021BDE8384003483B
:103B00002EF0C8BCEEA402205C830220B44D02203B
:103B1000014BD3F820017047904C0220014BD3F8A1
:103B200020017047B44D022001482EF0B3BC00BF05
:103B3000904C0220044BD3F820219142BABF283187
:103B400053F8210000207047904C0220054BD3F819
:103B500020018142BDBF2831012043F821200020EF
:103B6000704700BF904C022021B1002302481A4642
:103B70002EF0B4BC704700BFB44D02200022FF20DD
:103B800070B50A4BD3F8206103F19C058033B24233
:103B900000DB70BD55F8044F641A002C03DC9C5CFC
:103BA000A04228BF20460132F1E700BF904C02201E
:103BB0002DE9F0470546904699460F4699B31B4EAE
:103BC00030462EF08BFC044668BBD6F8200118B3B3
:103BD0002146234606F17F0CA04214DC0E4496F8E1
:103BE0008030434518D911482EF054FC2B6801460B
:103BF0005B68284698474B4642463946BDE8F04741
:103C00000A482EF06BBC1CF8012F9A4234BF1A46AA
:103C1000214613460134DFE72B6839462846BDE8C4
:103C2000F0475B681847BDE8F08700BF904C022062
:103C3000F0B400230C46FF204FF0FF310E4AD2F8BB
:103C4000207102F19C068032BB4205DB4B1C0FD079
:103C5000F0BC09482EF01EBC56F8045F2D1B002D49
:103C600004DCD55C85423CBF194628460133EBE7AE
:103C70000020F0BC704700BF904C022030B50A4BCA
:103C80004A1CD3F820510DD0002210469C33AA4282
:103C900000DB30BD53F8044F0132641A002CD8BF4A
:103CA0000130F4E72846F4E7904C0220002907DBB6
:103CB000044BD3F82021914202DA53F821007047D7
:103CC00000207047904C022038B500240D4D281973
:103CD00004F582742EF0F9FAB4F5025FF7D10024EE
:103CE000094B214680221846C3F8204141F05CFD73
:103CF000064B2146C3F820411846BDE838408022D3
:103D000041F052BD5C830220B44D0220904C022051
:103D10002DE9F0430D468DB012F00F018046144698
:103D20001E469DF8509004D04FF0FF300DB0BDE816
:103D3000F083184B142207A8069341F035FDB9F122
:103D4000000F0CBF4FF400734FF48073124F0893B1
:103D50001022414604AB06A8099740F089FB0028D1
:103D6000E2D105ABCDE901432A4623463946049802
:103D70000096B9F1000F09D029F070F904460498B3
:103D800040F0ACFA002CCFD10598CFE729F002FA29
:103D9000F4E700BF00248000004440042DE9F04116
:103DA00094B007460C4616460021142207A81D466B
:103DB00041F0FAFC4FF48853ADF818304FF480739B
:103DC000ADF81A304FF48063DFF84C802022CDE943
:103DD0000838394604AB06A840F04AFB28B14FF03A
:103DE000FF34204614B0BDE8F08105AB02932023D8
:103DF00001930CAB2246009341463346049840F0B1
:103E0000E6FC0446049840F069FA002CE7D1BDF8BE
:103E100030302B80E5E700BF0900800330B58DB05E
:103E20000D4611461A4603AB019320230446009326
:103E30000A4804AB40F0FBFB2A4630B10021204683
:103E40000DB0BDE8304041F0AFBC202D28BF20228E
:103E5000204604A941F082FC0DB030BD09000002EB
:103E60002DE9F043A7B00446DDE92E890D4616463C
:103E7000002170220AA81F4641F096FC16490AA8A4
:103E800040F086FBE8B93A4631460AA840F0A1FB6B
:103E9000B8B94A4641460AA840F09BFB88B920229F
:103EA00001AB02A90AA840F0ABFB50B9202D2A466D
:103EB000204628BF202202A941F050FC27B0BDE8CF
:103EC000F0830AA840F055FB2A460021204627B07F
:103ED000BDE8F04341F068BC0900000208B5054B9D
:103EE000002814BF01461946034835F066FD01203D
:103EF00009F00CFFC29E0400CE9E04000346F0B5FC
:103F00000A4D8E18B14203F1020303D1002300F8D9
:103F10001230F0BD11F8014B270904F00F04EF5DDA
:103F20002C5D03F8027C03F8014CEBE73CCB04006A
:103F30002DE9F04105460C46DFF830808F18BC4271
:103F400001D1BDE8F08114F8016B2B68320918F833
:103F5000021028469B6898472B6806F00F062846F3
:103F60009B6818F806109847E9E700BF3CCB0400AF
:103F700000487047EE9E040008B510460249FDF760
:103F800011FB002008BD00BFF79E040030B50022E1
:103F9000702113488BB001F0B3FE041E104D19DDE3
:103FA00022462846691C41F0E6FB013C02A801F0CC
:103FB00087FF60B16F2C0ADC039B0A4A019305ABB3
:103FC0000093C4F17001029B28192AF0E1FF044814
:103FD0000BB030BD28460449FDF7E4FA0724E5E7B5
:103FE000EFA402202D9F0400259F040037B5124C3A
:103FF00020463DF093FC10B9104803B030BDA568D1
:104000004E212046EB6898470028F5D10C216A46DE
:1040100020462B6998470028EED10198FCF7D8FF7D
:104020000749FDF7DDF804460098FCF7D1FF01468B
:104030002046FCF719FFE0E7006204000000C07FA3
:104040000024744970B504464FF0FF324FF0FF333F
:10405000134826F091FB3EF0F9F84FF47A75A0FB77
:104060000506002305FB016147F61222FDF776FAEB
:10407000D4E90253002B08DB421B42F2107561EBBE
:104080000303AA4273F1000303DB0023C4E9020126
:10409000E380E488024826F011FC204670BD00BF92
:1040A000F40C002008B503681B689847BDE8084079
:1040B0000146014830F018B96477040007B5064B93
:1040C0008DF8070001220DF10701044801F0D2FF2D
:1040D00003B05DF804FB00BF4A9F04005A9F040030
:1040E00073B5124B124C1D7815B1207802B070BD1B
:1040F000012610481E702FF0D1FE0028F5D0324660
:104100000C4801AB0DF103018DF8035001952FF020
:10411000DEFE38B1019B2BB19DF80330012B08BFA7
:104120004C23237003482FF0C4FEDEE760A5022075
:104130005FA502205A9F04004C28024607D055284C
:1041400007D0054B0548002A08BF184670470448A9
:1041500070470448704700BF669F0400259F040015
:104160006B9F0400779F040083B503F0F9FE35F0E0
:1041700009FA2FF01FFB0021264A27482EF015FBD5
:104180000821264A26482EF010FB3EF05FF84FF437
:104190007A74A0FB0405002304FB015147F61222A8
:1041A000FDF7DCF941F288331D4FC418D7F81080B1
:1041B00041F10005BB681A485B6801A9984790B9AE
:1041C000D8F80020019B5340DB050CD4154A164B50
:1041D000D2F8A0100B4043F4403343F00C03C2F874
:1041E000A03035F0F7FB3EF031F84FF47A76A0FBC3
:1041F000060C47F61222002306FB01C1FDF7AEF9BB
:10420000A042A941E2DA40F23910002127F0E4F996
:10421000D0E700BF01001A00006104001100010096
:10422000E060040000820D50F0F0FCFF3E280246E2
:1042300030D016D8142830D00AD80A2830D00F2809
:1042400031D041F684601F4B072A18BF18467047CB
:104250001F282BD04AF2C3201A4B292A18BF184610
:104260007047B0F5FA7F24D00AD8FA2823D0B0F5E9
:10427000C87F22D0134B1448C82A18BF184670476D
:10428000B0F5487F1BD00F4B1048B2F57A7F18BFAE
:10429000184670474FF22440704745F2611070474E
:1042A00042F6B100704743F60950704747F61220B6
:1042B00070470748704707487047074870470748E6
:1042C000704700BF48E80100F818030040420F00A3
:1042D00020A1070090D00300F0310600E0630C003D
:1042E00070B503690D4693F874301446073B052BEF
:1042F0002ED8184A52F823603046FDF779F838BBBB
:104300002046FCF765FE4FF06E51FCF7B5FE014606
:104310004FF07E50FCF7A6FD314604462846FCF7D8
:10432000A1FD0D49FCF75CFF01462046FCF7A4FE09
:1043300000210446FDF73EF850B94FF07E5120466B
:10434000FDF756F810B14FF07E5070BD2046FCE7E7
:104350000020FAE7FC7404000000204170B5044618
:104360002EF0DFFAD4F88039D4F88429054653EAD0
:1043700002004DD05B1B62EB0102012B72F10000C9
:104380003EDB6FF00040834272F1000200DA184613
:10439000B4F8683A9BB394F95A3A803314D0D4F8FD
:1043A000602AD4F8646A521B66EB0106012A76F192
:1043B000000327DB6FF000439A4276F1000600DA33
:1043C0001346984228BF1846D4F8703AD4F8742A95
:1043D00053EA02041CD00F4C1B1942F100025B1B74
:1043E00062EB0101012B71F100020DDB6FF0004265
:1043F000934271F1000109DA984228BF184670BD56
:104400000020C5E70023DCE70023F5E71346F3E7C8
:104410000020F4E7009749012DE9F04F8BB00446E6
:10442000884617462EF029FA814638B93946404663
:10443000684A0BB0BDE8F04F2AF0AABDD4F898093D
:10444000002800F091800A236421D4F89C295A4363
:10445000D4F8A03902EB50024B4303EB5003B2FBFC
:10446000F0F2B3FBF0F094F8573A04F6A81A27EAF2
:10447000E771002B7AD194F854CA574D574B94F9F1
:10448000556ABCF1000F08BF2B460A250590B2FB08
:10449000F5F005FB1022CDE9030209EB0602CDE998
:1044A000006240464E4ACDF808902AF071FDC72FB1
:1044B000054640445EDDD4F89C3A791B0393D4F85A
:1044C000983A484A0293D4F8943A0193D4F8903A2F
:1044D0000093D4F898392AF05BFD054408EB0500F9
:1044E000791B94F8583A404A2AF052FD0544204678
:1044F0002EF019FB014640B9AF4208EB0500C8BFDA
:10450000791B3A4A2AF044FD0A3550462EF032FF14
:10451000834650462EF044FF5E45B8BF5E46864255
:10452000B246A8BF82460AF1FF36B345CABF0BF1B7
:1045300002030AF101035E466FF007028342C4BF23
:104540000346861E9642B8BF16460C2BA8BF0C2306
:104550004FF0640B099304EBC604099B9E420DDDEA
:1045600028460BB0BDE8F08F02467CE794F9566A06
:104570001F4B8AE7AF42B3DC0021B2E7B4F8EC2965
:10458000B4F8F0C91AB353080BFB0C33B3FBF2F3C6
:104590000693B4F8F239BD42CDE904C3B4F8EE395C
:1045A000B8BF791BCDE9022309EB0603CDE900630F
:1045B000A8BF002108EB0500B24514BF20232A2321
:1045C0000C4A2AF0E5FC013605440834C5E71346D9
:1045D000DEE700BF849F0400CEA804004CB50400B1
:1045E0008C9F0400B29F0400C79F0400D09F04006A
:1045F00082A50400DB9F04002DE9F8430025002676
:104600004FF000084FF00009474B484F03608C33D0
:10461000436000F51863C0E902714662C0E90452C4
:10462000C0E9065505628662C0F85C58C0F860585B
:10463000C0F8745980F87859C0F87C59C3E90089EA
:1046400043F69823044680F88859C0F88C39C0F89E
:104650009059C0F89459C0F89859C0F89C59C0F8BE
:10466000A059011D00F6A8102EF06FFE04F5276377
:10467000A4F8685AC3E900893B6984F8785A5B1B3F
:1046800018BF012384F8793A4FF40043C4F87C5AE8
:10469000C4F8805AC4F8845AC4F8885AA4F88C5ACA
:1046A00084F88E5AC4F8905AC4F8945AC4F8985AA8
:1046B000C4F89C5AC4F8A05AA4F8A43AC4F8A85A5A
:1046C000C4F8AC5AA4F8B05AC4F8B45AA4F8CC5AF6
:1046D000C4F8D06AC4F8D46AA4F8D85AC4F8DC5A2A
:1046E000C4F8E05AC4F8E45AC4F8E85A84F8A05B65
:1046F000A4F8A25BC4F8A45BC4F8A85BC4F8AC5BE4
:1047000004F664103DF0F1FE0122294604F68830DB
:104710003DF052FB4FF40362294604F12C0041F0B6
:1047200043F82046BDE8F883607404006C77040009
:1047300008B50346C068B3F8A21B8368002908BF08
:10474000FF219B68984758B1084B98420BD841F21B
:10475000883300F5FA704000984238BF184608BD0B
:1047600041F28830FBE76FF47A70F8E70BFEFF7FC9
:1047700030B590F8A03B044689B0CBB900F52F6561
:10478000002000210A22CDE90601CDE90232CDE95F
:10479000004304934FF400622846064B064926F076
:1047A0009BFC064928463DF005FC012384F8A03B0C
:1047B00009B030BD812C0300B8A60220FB9F040085
:1047C0002DE9F8430C4605461746002114222046E1
:1047D00040F0EAFF95F8CD3A002B35D0D5F8D00A55
:1047E000D5F8D49A95F8D88A95F8D96A1B49FCF778
:1047F00043FCFCF743FE20604846FCF73FFEB31F36
:1048000080B22DF0F1FF022B96BF043E0126F6B2D6
:10481000B8F1080F8CBF10232023A08084F80680F5
:10482000E67123812B696FF0080293F94C302773EE
:10483000162BA8BF16239342B8BF1346A37240F2AB
:1048400002432382BDE8F8832B69986CD3F87890F3
:1048500093F8748093F87560C8E700BF002474492A
:1048600008B590F8CD3A5BB1D0F8D00A0649FCF70C
:1048700003FC4FF07C51FCF7F7FAFCF7FFFD08BD95
:104880000369986CF2E700BF0024744908B590F8FA
:10489000CD3A63B1D0F8D40A0649FCF7EDFB4FF0EE
:1048A0007C51FCF7E1FAFCF7E9FD80B208BD036931
:1048B000986FF1E70000204102462DE9F0472EF005
:1048C00039F992F8CD3A0F460546002B00F0BD802D
:1048D000D2F8D49A10462EF037F99368044693F82C
:1048E000008008F10506F6B2B54203D30C2D28BFAF
:1048F0000C25EEB248465B49FCF75CFD08B1DFF8D9
:1049000068914846FCF7BAFD80B22DF06DFFFFF7C5
:104910008DFC082C28BF082405460120E4B2052C94
:1049200000FA06F038BF0524FCF752FB8146284602
:10493000FCF74AFB4D49FCF753FC4C49FCF79CFB48
:1049400001464846FCF74CFC8146B8F1000F01D106
:10495000062E7ED9082E4FF000057DD82020FCF7CA
:1049600037FB4349FCF780FA294680462846FCF786
:104970007BFA01464046FCF777FA4946FCF77CFB98
:104980003C4980464846FCF733FD002866D04FF08E
:104990007E5A3046FCF71CFB06463846FCF718FBEF
:1049A0004FF08241FCF768FB4FF0814107463046EB
:1049B000FCF762FB01463846FCF754FA2E49FCF737
:1049C00053FA4FF08341FCF74FFA4FF0824107460C
:1049D0002846FCF751FB01463846FCF743FA51469E
:1049E00007465046FCF740FA01463046FCF73AFAD3
:1049F0004FF08141FCF740FB4FF07E510546FCF73C
:104A0000D9FC08B14FF0814529463846FCF7E8FB50
:104A10002CF092F805462046FCF7DAFA2946FCF716
:104A20002BFB002141F06AF94FF08241FCF71CFAA0
:104A30004946FCF721FB4146FCF716FA0B49FCF707
:104A40001BFBFCF71BFDBDE8F0871369D3F87890DA
:104A500040E74FF07E5581E7102080E74FF0000AD5
:104A600097E700BF0000E0400000FA4200007A44EF
:104A7000000088405A2F863C0000E0412DE9F047B5
:104A800005468AB02EF0F6F895F8783A05F1180741
:104A9000002B00F085800022284605A9FFF790FE34
:104AA0009DF81A40BDF81C60062C8CBF4FF0080A18
:104AB0004FF00C0ABAF1080F0CBF112319239E42C4
:104AC0007DDDBDF81800FFF7B1FB012102463E482D
:104AD000A1400023A1FB0001FCF740FDAB680446A8
:104AE000DB69002B53D0E868984780460520A6EB89
:104AF0004A0909F1FF3904FB09F964220023A9FBE3
:104B00000001FCF72BFD08F5FA63A9EB00018B42CD
:104B1000D5F87C2A3ED20E366643A1EB08018E42C0
:104B20000AFB044408D9731CA3EB09030344434460
:104B30005B089C4238BF1C46944203D1D5F8803AAA
:104B40008B4203D0C5F87C4AC5F8801A00261F3472
:104B5000E86846F100031F314FEA541246F10004A1
:104B600086684909B66A42EAC36241EAC4615B09E0
:104B70006409AEB1DFF854C003958DE81210B04758
:104B800070B93BF0C3F90121C5F8940911E040F276
:104B9000DC58ABE7013203D04FF0FF33C5F87C3A65
:104BA000E8682A46836809499B6998470028E8DA3B
:104BB000002138460AB0BDE8F0472DF0DEBED5F83A
:104BC0007C3A0133E7E700BF40420F00372A030079
:104BD00038B5836804469B6A0D46BBB100F6A43025
:104BE0002DF07CFE034604F6AC302DF077FE184421
:104BF000D4F8843A984202D1D4F8883A3BB9C4F840
:104C0000840A012D38BF0125C4F8885A38BD084AE6
:104C1000CB1A9342FAD994F88E3A072BF6D9A368A7
:104C20009B6A0BB1E06898472046FFF727FFE8E74B
:104C3000BF270900F8B583680446DB6A0F46002BDE
:104C400038D090F8B03A33B1D0F8A83AD0F8AC2ABE
:104C5000CB1A93422ED3D4F8B43A23B14EF65F2246
:104C6000FB1A934226D9606920B303685B689847B2
:104C700001460546FCF7C6FB0646D8B9284641F072
:104C800060F80122164B05B2C4F8AC3AB4F9A43A64
:104C900084F8B02A13F5004FC4F8A87A02D1A4F81A
:104CA000A45A07E0EB1A002BB8BF5B42042B02DCCE
:104CB00084F8B16AF8BD94F8B13A33B943F6982351
:104CC00084F8B12AC4F8AC3AF4E7A36884F8B16A6E
:104CD000DB6A0BB1E06898472046FFF7CFFEDEE7BE
:104CE00080EE360038B504461C302DF0F7FD98BB39
:104CF00020462EF0AFF878BB2DF013FE054604F6E3
:104D0000A4302DF0EBFD034604F6AC302DF0E6FDAB
:104D1000D4F8842A0344934202D1D4F8883A63B980
:104D20000023C4F8A03A29462046FFF751FF294640
:104D30002046BDE83840FFF77DBF084AEB1A934292
:104D4000F1D9D4F8A03A13B1EB1A9342EBD9012D63
:104D50002B4638BF0123E4E738BD00BFBFD40100B4
:104D60002DE9F843B0F8683A04463BB190F8CD8A93
:104D7000B8F1000F04D0002380F89339BDE8F88320
:104D80002DF0CFFDD4F8702AD4F8743A0E4652EACA
:104D9000030104F52767054662D1C4F8705A7E60A6
:104DA00094F95A3A803315D0D4F8602AD4F8643A8A
:104DB000954276EB03030DDBA36804F6A815596B47
:104DC00011B1E0688847014628462EF0A7FB284627
:104DD0002DF087FE94F89339002BCFD0002384F870
:104DE000933994F95A3A8033C8D120462DF09BFE6E
:104DF0000028C3D094F89239002BBFD020462EF063
:104E000029F80028BAD104F6A81948462EF03AFB32
:104E1000A36807461B6B83B30146E06898470646C4
:104E20002DF07FFD022E80460D4629D1321E18BF7F
:104E30000122394648462EF059FB022E2BD120463E
:104E40002DF071FE10EB080045F10005643045F1CE
:104E5000000584F85A7AC4F8600AC4F8645A8DE7E9
:104E60000F49AA1A66EB0303914278EB030397DA22
:104E700004F6A8102EF0F1FA8FE76FF05706CFE78F
:104E8000002104F118002DF078FD2046FFF7F6FD13
:104E9000002ECBDA72E748462DF023FE6EE700BF06
:104EA0000097490170B504463DF0D0F94FF47A758A
:104EB000A0FB050647F61222002305FB0161FCF763
:104EC0004DFB00234FF47A72FCF7F8FAA3681844FC
:104ED000054B984207D9054B1A6882421FBF1860DC
:104EE000034A044B1A6070BD8081A369B01203208D
:104EF00033CC55AAAC1203200023084A43608360D8
:104F0000074B02601A68074B9A4205D1064B074AC5
:104F10001B68934288BF8360704700BF28750400F8
:104F2000AC12032033CC55AAB01203208081A369B0
:104F3000F8B505460C463DF089F94FF47A76A0FBAA
:104F4000060747F61222002306FB0171FCF706FB59
:104F50004FF47A720023FCF7B1FA044B044A1C6048
:104F6000044B201AA8601A60F8BD00BFB0120320DD
:104F700033CC55AAAC12032070B50D461646042456
:104F80003146284635F0E0FE48B140F239100021A4
:104F900026F022FB013CF3D10148FEF79FFF70BDD4
:104FA00008A004002DE9F04FDFF8C882ADF5397D87
:104FB00004460D46174600214FF4007238A81E46DD
:104FC00040F0F2FB98F8003043B9AB4834F0F5FC00
:104FD00098F8003013B9A94834F0EFFC402138A804
:104FE00035F0B2FE98F8003081463BB938A82EF073
:104FF000A5FB49460246A24834F0DFFC10220021FE
:105000000AA840F0D1FB10210AA81FF095FE00234A
:1050100001460DF21F120DF1280C8B4202DA102B03
:1050200040F0828098F80030002B40F01F819548B6
:1050300034F0C3FCBFB1B6B1202E314628BF2021C9
:105040003A460DF22F137E1812F8010B13F8017F68
:10505000B24280EA07001870F6D198F8003043B9E0
:10506000894834F0AAFC98F8003013B9874834F026
:10507000A4FC402194A835F067FE98F8003006465D
:1050800073B994A82EF05AFB31460246804834F09A
:1050900094FC98F800301BB929467E4834F08DFC0A
:1050A00024AF3A467C4B03F1180C16461868596831
:1050B000083303C663453246F7D1186899889B794F
:1050C00031223060B180B371002107F11F0040F040
:1050D0006BFB0023079328F007F920230DF11C0A2E
:1050E000009380464FF400726C48CDF804A01CABCE
:1050F00038A93FF09CFA064620B9DAF80090B9F1D9
:10510000200F1AD020211CA82DF0B9FACDF8048068
:10511000DAF800305021009338463346604A29F0CF
:1051200037FF24A8FEF7DAFE12F801EF1CF8010B96
:10513000013380EA0E0010706FE70146142217A8B1
:1051400040F032FB4FF41053ADF858304FF48073F9
:10515000544A0DF1200ACDE91832ADF85A301CA995
:1051600053464A4616A8CAF800603FF081F9064641
:1051700049461CA82DF083FA46B1334650213846E3
:10518000494ACDF8008029F003FFCAE710223146D2
:105190000EA840F009FB37460DF1240BBD42DAF8AA
:1051A00000001ED90023CBF8003010230DF1480970
:1051B00001930EAA3B49CDF808B0CDF8009027F036
:1051C0004DFFDBF80020034608B9102A1BD00092DF
:1051D0005021CDE90178354A24A829F0D9FE4FF0B5
:1051E000FF3608983FF07AF810210EA82DF047FA04
:1051F000002E96D1012319462544AC421DD101B998
:105200003BB32B488EE7EA1B102A28BF1022E01977
:105210004946059240F0A2FA059A17444A4612F808
:10522000013D0133DBB2137013B90EAB9A42F6D1D4
:10523000102148462DF023FAB0E714F8012B32B1C3
:10524000FF2A14BF002303F001030021D5E7134612
:10525000D3E738A84FF400712DF011FA10210AA8F5
:105260002DF00DFA0DF5397DBDE8F08F002F7FF49C
:10527000E2AEFEE661A5022029A004004DA00400D4
:1052800095A00400C4A0040005A1040027A1040007
:1052900074A10400A3A1040094A204000900000268
:1052A000DCA10400004440040AA2040035A204006A
:1052B00069A20400002330B5044689B01A462021B3
:1052C0006846FFF76FFE694620462CF036FA6525E2
:1052D0002378013BDBB2FD2B05D8202168462DF059
:1052E000CEF909B030BD013D02D10748FEF7F6FD09
:1052F000002368461A462021FFF754FE69462046DF
:105300002CF01BFAE4E700BFB3A2040011B1024A7B
:1053100029F03EBE704700BFD9A20400014A29F01F
:1053200037BE00BFEAA2040037B5144683686A4658
:105330001B69984788B90198FBF74AFE0849FBF7B3
:105340004FFF05460098FBF743FE01462846FBF752
:105350008BFD2060012003B030BD0020FBE700BFC3
:105360000024744938B50D460446B8B13CF0D6FA6D
:1053700010B920463CF0C9FA20463CF0CFFA68B19B
:10538000074B1A780F2A09D8511C1970054B43F89E
:10539000324003EBC20300221D715A7138BD00BFB9
:1053A00062A50220D84E0220014B1878704700BF3A
:1053B00062A50220064B1B78984207D2054B03EBEF
:1053C000C0031879031F58425841704700207047A6
:1053D00062A50220D84E02202DE9F3410C46064674
:1053E00024220021204640F0DFF9644B1B789E42C6
:1053F00080F0C180624D4FEAC60805EBC6031A79FA
:10540000062A11D100225B7955F8360001920093EB
:1054100083681F68002F00F0AB806B4614224E217A
:10542000B847002840F0A48055F8360083684E2124
:10543000DB6898470746002840F09A8005EB080390
:105440001B79042B55D006D9053B012B6AD9384668
:1054500002B0BDE8F0810D2155F83600221DFFF79E
:1054600063FF18B1238843F00103238005EB080391
:105470001B79012B2BD90E2155F8360004F10C02B3
:10548000FFF752FF0028E2D0E0683E49FBF7F4FD49
:105490002688A84446F00403238098F80430E0608E
:1054A00003F0FD03012BD2D13749FBF799FE3749B1
:1054B000FDF7D2FA01464FF07E50FBF7D3FC34499A
:1054C000FBF7DAFD46F00C0620612680BFE71021CD
:1054D00055F8360004F10802FFF726FF18B12388BB
:1054E00043F00203238005EB08031B79002BAED0A9
:1054F000C1E7122155F8360004F11402FFF714FF3A
:1055000018B1238843F0100323800D2155F836008D
:10551000221DFFF709FF002899D0238843F00103DB
:10552000238094E72B2155F8360004F11802FFF789
:10553000FBFE18B1238843F0200323802D2155F86A
:10554000360004F11C02FFF7EFFE18B1238843F088
:10555000400323802E2155F8360004F12002FFF786
:10556000E3FE00283FF473AF238843F08003D7E7BE
:105570006FF004076BE76FF0150768E762A502207C
:10558000D84E02200000204100507D4401DE423E02
:10559000002A2D47024B1878003818BF01207047A9
:1055A00062A5022010B50C462EF0E5F818B1002CCB
:1055B000014818BF002010BD00A3040010B50C4620
:1055C0002EF0D9F840B144B92EF0D7F80146044B7B
:1055D0000448002908BF184610BD0020FCE700BFA2
:1055E000D7BA040001B7040070B50E4615462EF078
:1055F000C2F8044668B130460D49FBF7C9FF50B9FF
:1056000028460C49FBF7C4FF003818BF01202EF0D4
:10561000B7F8204670BD30460749FBF7B9FF28B9F7
:10562000284640F0CCF82EF0B4F8F2E70024F0E77A
:1056300000A30400D7BA040004A304000020002142
:10564000044B054AC3E90201C3E90401C3E90601A9
:105650001A607047200F00204875040070B4CE7D9A
:1056600046B1CD68541B054DAC4203D81BB970BC84
:105670002EF041BA002370BC184670478097060090
:105680002DE9F84F032B0646894690461F460A9D92
:105690002FD82EF01CFA0446A0B38668464528D2BF
:1056A000C1689620691AA8EB0606761A4FF0000327
:1056B0003C4AA1FB000169EB0909FBF7FFFE10F171
:1056C0002D020B4641F10001B24271EB09010ADBE8
:1056D0006FF02C024FF0FF31121A61EB0303964278
:1056E00079EB030307DA01232561A382C4E902856C
:1056F000A775BDE8F88F4FF6FF72A38A9342F5D0E5
:105700000133F2E71821034606F1170001FB03F20B
:1057100010F802C0BCF1000F0ED1B418D9F8003057
:105720002360D9F80430C4E9028563600123256150
:10573000A382A775E375DCE70133102BE6D1314670
:105740004FF0000A4FF0180B2A4630462EF0D3F9DE
:10575000CB6818B11448EA1A824217D98A7DBA4236
:1057600014D9ECB1A07D82421AD803D1888AA28ACA
:10577000904215D30BFB0A6260695269424032F0D5
:105780007F4203D1E268934238BF0C460AF1010A16
:10579000BAF1100F01F11801D6D1002CBED1A8E743
:1057A0000C46F3E740420F0080510100034690F899
:1057B000900138B1D3F88C310348C91A81428CBFAB
:1057C00000200120704700BF7F3A09002DE9F34710
:1057D0008A4616460021182204461D463FF0E4FF83
:1057E000DAF880713246BE422CBF002301235146B5
:1057F000237404F1180000932B462EF089F9237EC0
:105800001BB940F20123238014E0BE422ED2A37EB6
:10581000022B02D840F20133F5E7D4E90832B3F1A4
:10582000960642F1FF32B6F5167F72F1000305DAF3
:1058300001236370204602B0BDE8F0872946504638
:10584000FFF7B4FF08B10523F3E79AF8A03143B19D
:1058500045F25F41DAF89C31EB1A8B4201D80623FE
:10586000E7E70223C4E902622370E3E7637E052BC6
:10587000D0D9A27EB3EB420F02DB40F20143C2E774
:10588000D4E90887002F4646B94602DA764267EB2C
:105890004709B6F5167F79F10003C9DB2946504662
:1058A000FFF784FF0028CED19AF8A03133B145F23A
:1058B0005F42DAF89C31EB1A9342D0D99AF89831CA
:1058C000ABB14FF49670DAF89431154AED1AA5FB96
:1058D00000010023FBF7F2FD10F5167041F1000105
:1058E000B04271EB090102DA40F201738BE7022347
:1058F00018F5616F424640F6116123703B4677F11F
:10590000FF37BCBF4FF0FF33064A8A4273F10001F4
:10591000A4BF4FF461620023C4E902238AE700BFF9
:1059200040420F00F0F1FFFF0138C0B206289ABFD5
:10593000024B53F820000248704700BF6C7504000A
:1059400011A304002DE9F04FB1B005468846164674
:105950009DF8ECA00B93002A00F0B98101463A9B18
:105960000B9A16A8FFF732FFDDE91E799DF8582043
:105970009DF86830022A9DF87040099340F0358107
:10598000DDE9181095F8842122B1002880F2A18168
:10599000B64A04E0B64B8B428241B64A07DB4FF071
:1059A000FF3CB54B994270EB0C0C00DB0B46B34847
:1059B000B049DDF824C0BCF1000F18BF014622A891
:1059C000CDE900123821AE4A29F0E2FABAF1000F0F
:1059D00000F03081AB4BA74A9DF871109DF8720022
:1059E0009DF873C0002C00F028814FF0000EA04CF1
:1059F000BC427EEB090E07DB4FF0FF3E9E4CA742F8
:105A000079EB0E0EA8BF3C46209F0DF1880ECDE924
:105A10000110CDE903C4009231464046CDE9057E30
:105A2000994A29F0B5FA041EC0F24C81B44280F0C4
:105A30004981D5F8AC31FBB1D5E96E1C00208C4A08
:105A4000D5F8B0718A4270EB0C0007DB4FF0FF30E5
:105A5000894A91427CEB0000A8BF0A46CDE900725A
:105A6000311B08EB0400894A29F092FA241800F14E
:105A70002981B44280F02681D5F8B4315BB1311B65
:105A800008EB0400824A29F083FA241800F11A81F5
:105A9000B44280F0178128463A99FFF787FE98B103
:105AA0003A9928462EF0B9F94FF46163311BB0FBE7
:105AB000F3F3784A08EB040029F06AFA241800F19D
:105AC0000181B44280F0FE80D5F8A831311B0093EB
:105AD00008EB0400D5F8A4316F4A29F059FA2418CC
:105AE00000F1F080B44280F0ED8005F5C0730A93B8
:105AF0004FF0000A2B46DA7D0AB10AF1010A0A9A30
:105B000018339342F7D14FF0000BD946CA4540F302
:105B1000A9802F468BF001030F93FB7D002B00F033
:105B20009580099B394628463A9AFFF797FD0F9BC7
:105B3000834240F08B8008EB04030893331B0C93E3
:105B40003B783A9A0D937B78B98A0E93FB68632968
:105B5000A2EB0303BA6828BF63219B184FF0000231
:105B600042EB020E0B9A97F816C09B1A404A6EF150
:105B7000000E9A424FF0000272EB0E025FDB3E4ACB
:105B800093424FF0FF327EEB02025ADBDFF8E4E093
:105B9000424ACDE901C1002808BF7246CDE903326F
:105BA0000E9B3F4A0093311B0D9B08EB040029F02C
:105BB000EFF9002802DB2044B04244D30023089AC6
:105BC000CA4513704EDDAAEB09031821354A10A807
:105BD00029F0DEF90C9B0546834243D9421C10A9EB
:105BE00008983FF0BBFD2C443CE0BDF85830B3F5BD
:105BF000807F15D1B9F1000F3B464A4602DA7B425D
:105C000069EB490240F22D118B4272F10002B4BFE0
:105C1000254B264B264A382122A829F0B9F9D5E68A
:105C20009DF85900FFF780FE03460AB9214AF2E7C2
:105C3000214AF0E7214B224ACEE62746E5E60C4B07
:105C4000A4E70D4BA2E7044609F101090A9B1837A6
:105C50009F427FF462AF0BF10103022B4FF0010B67
:105C60007FF454AF204631B0BDE8F08F13A3040099
:105C700000943577B2C80400006CCA882CA30400D5
:105C800052A304004CB5040076A30400ABA30400A7
:105C9000CBA30400D9A30400E3A304004FA3040092
:105CA000F7A3040013A4040039A304003CA30400D8
:105CB00078B504005FA3040069A30400CEA8040023
:105CC00044A304000023741E08F80430CAE71446F5
:105CD000C8E70022024B8B428241024A65E600BFC0
:105CE00000943577B2C80400034A0346107810B117
:105CF000024A12681A60704763A50220584F0220BA
:105D00002DE9F04F85B00F460646029218B90020E3
:105D100005B0BDE8F08F0029F9D00024184B0470BD
:105D20001B78002BF3D0174DDFF85CA0DFF85CB0D8
:105D300005F1CC082A68DAF800301A421CD0029B20
:105D4000ABB1AB68002B08BF5B46009306EB0409C0
:105D5000391B48466B680E4A039129F019F900284F
:105D6000039906DA002389F800302046D0E7074B74
:105D7000EBE78142F6D904440C354545DAD1F4E726
:105D800063A5022088750400584F0220B2C80400A1
:105D9000DEB10400002300B5A3B0019301A81EF0FA
:105DA000E3FF024658B90199074B02A81960012187
:105DB000064B19708021FFF7A3FF1FF011F8002098
:105DC00023B05DF804FB00BF584F022063A50220FA
:105DD00010B5084B187860B1074B084C19680023C0
:105DE000184654F8232003330A40332B40EA0200BC
:105DF000F7D110BD63A50220584F0220887504001A
:105E00000823044A044852F8041F013B81EAF06069
:105E1000F9D17047B412032017F4437AF8B50D4E48
:105E20000D4B32689A4212D1FFF7EAFF746A84423E
:105E30000DD10A4F351D3C460FCD0FC495E80F001C
:105E400084E80F0000230122FB77054B1A70002025
:105E50003060F8BDB412032017F4437A5C4F02207F
:105E600064A5022070B506460D46104C1C22002188
:105E70000F483FF099FC66601DB1AB69A3606B6988
:105E8000E36009F011F90B4B18583CF096F8014605
:105E900018B1132208483FF0E9FC084B2360FFF7D4
:105EA000AFFF6062012007F031FF00BFB412032092
:105EB000BC12032008000000C412032017F4437A28
:105EC00070B5064B04461E7836B1054D0FCD0FC494
:105ED00095E80F0084E80F00304670BD64A50220ED
:105EE0005C4F0220034BD3E8AF0F003818BF0120EE
:105EF000704700BF884F0220014608B503482DF0C7
:105F00009BFF084607F0CAFC08BD00BF884F02206F
:105F1000014601482DF090BF844F0220024BD3E888
:105F2000AF0FC0B2704700BF804F0220014601484A
:105F30002DF082BF804F0220034BD3E8AF0F003813
:105F400018BF0120704700BF7C4F02206428014623
:105F500028BF642101482DF06FBF00BF300300202F
:105F600003289ABF014B185C0020704750CB0400F7
:105F70000138C0B202289ABF014B185C012070475B
:105F80004DCB04000138C0B202289ABF024B53F82F
:105F900020000248704700BF547604005BA504004F
:105FA000042828BF012010B5044BD3E8EF2FC3E825
:105FB000E40F002CF9D12DF046FF10BD3403002072
:105FC00007B508B1002303700A4834F08BFC01A91F
:105FD000002007F0A1FF014618B90198826833F04C
:105FE0000CFF044809F0B4FC034803B05DF804EB6F
:105FF0002DF03DBF140500207AA5040070B594B0C3
:10600000034605460C4616464021194A04A828F0C6
:10601000BFFF01383E281FD804A82DF04AFF0023F7
:10602000122204A901A8CDE901338DF80C3034F017
:10603000B7FA002810DB314601A8A047044601A8A2
:1060400034F04EFB064601A834F008FB0CB1002EDC
:1060500006DA04A834F078FB0024204614B070BDA2
:10606000294604A834F098FB0028F6DAF1E700BFCF
:106070007FA5040007B5CDE900126A460249FFF783
:10608000BDFF03B05DF804FB513E030070B5B2B034
:1060900005460E462DF002FFC0B100238022019379
:1060A000284601AB12A92DF012FF044680B92B46F9
:1060B0004021104A02A828F06BFF3F2806DC02A806
:1060C0002DF0F7FE284602A934F066FB00240EE00E
:1060D000019A3F2AEBD9304612A92BF0B1FB30B917
:1060E0003046019A12A92BF00BFC0028DFD0204685
:1060F00032B070BD86A5040010B5A0B08022044661
:10610000084669462BF083FB024620B169462046CB
:10611000024BFFF7AFFF20B010BD00BF8DA50400FC
:106120001FB5084A0B46CDE90120012218688DF8F9
:106130000C204A6801A9904708B19DF80C0005B0F1
:106140005DF804FB907604002DE9F041DAB018AD5B
:106150000F4629468046164634F059FB044620B1C6
:10616000002420465AB0BDE8F081D5F80431002B58
:10617000F6D0CDE900008DF80800012241466846BE
:1061800034F00EFA00286D46EADB074B03A9C1E99B
:10619000124481F850403846C1E90035B047044602
:1061A000684634F05BFADCE7687604002DE9F041DC
:1061B0009AB005460F4616462DF070FE50B30024E7
:1061C000012229466846CDE900448DF8084034F0A4
:1061D000E7F9A042E8461DDB154BCDE916440393D1
:1061E000144B8DF86040CDE90438012338468DF812
:1061F000643003A9B047044640B19DF864402CB117
:1062000004A82DF016FF431C5C425C41404634F06C
:1062100025FA44B92846084B084903AACDE9037674
:10622000FFF7ECFE044620461AB0BDE8F08100BF3F
:10623000B87604006876040096A504002161000089
:10624000F8B5002380F8233080F8473080F86730B5
:1062500080F8133180F8543180F8913180F8D131D1
:1062600090F8D2310568012B28BF0123044680F83D
:10627000D23129462846FBF793F848B10021284639
:10628000FBF798F820B928463849FBF7B1F800B178
:10629000364D2560256D29462846FBF781F848B123
:1062A00000212846FBF786F820B928463049FBF73D
:1062B0009FF800B100252565D4F898502946284656
:1062C000FBF76EF848B100212846FBF773F820B9B8
:1062D00028462849FBF78CF800B10025C4F89850EF
:1062E000E56E29462846FBF75BF850B100212846A9
:1062F000FBF760F828B94FF080412846FBF778F8A3
:1063000000B11D4DD4E90A67E56632463B4630468A
:106310003946FAF7D9FC68B1002230463946174BA6
:10632000FAF7DCFC30B9002230463946144BFAF754
:10633000F3FC08B100260027C4E90A67D4E90C671A
:1063400032463B4630463946FAF7BEFCF0B10022F1
:10635000304639460B4BFAF7C1FCB8B9002230463B
:106360003946094BFAF7D8FC90B10FE00000104114
:10637000000061450060EA46CDCC4C3E008056C02E
:1063800000805640008066C00080664000260027DE
:1063900094F87530C4E90C67082B28BF0823052B37
:1063A00038BF052384F8753094F94C30162B00F370
:1063B0005F811E2B6FF00802A8BF1E239342B8BF57
:1063C000134684F84C3094F832315A1E53425341EC
:1063D00084F8323194F82531591E4B424B4184F8F0
:1063E000253194F87730581E4342434184F8773082
:1063F00094F830315D1E6B426B4184F8303194F873
:1064000086305E1E7342734184F8863094F887307C
:106410005F1E7B427B4184F8873094F86C3103F136
:10642000FF3CDCF1000343EB0C0384F86C3194F87F
:1064300016315A1E5342534184F8163194F8803075
:10644000591E4B424B4184F8803094F88130042B24
:1064500028BF002384F8813094F88230042B28BFB1
:10646000002384F8823094F88330642B28BF64239F
:1064700084F8833094F81931581E4342434184F81C
:10648000193194F81A31012B28BF012384F81A31ED
:1064900094F876305D1E6B426B4184F8763094F848
:1064A00084305E1E7342734184F8843094F88530E2
:1064B0005F1E7B427B4184F8853094F8213103F1E3
:1064C000FF3CDCF1000343EB0C0384F8213194F82A
:1064D00022315A1E5342534184F8223194F8143128
:1064E000012B28BF012384F8143194F81531012BB6
:1064F00028BF012384F8153194F86731012B28BF98
:10650000012384F8673194F86D31012B28BF0123F2
:1065100084F86D3194F86531591E4B424B4184F833
:10652000653194F82631022B84BF002384F826318C
:1065300094F82731022B84BF002384F8273194F884
:106540002831022B84BF002384F8283194F890303E
:10655000022B84BF002384F8903094F83531032B4C
:1065600084BF012384F8353194F83331022B84BF82
:10657000012384F8333194F83431402B28BF402371
:1065800084F8343194F87C30402B28BF402384F8C1
:106590007C3094F87D30D4F82C21402B28BF402348
:1065A00084F87D3094F87E30402B28BF402384F857
:1065B0007E3094F81D315A2B28BF5A2384F81D31A0
:1065C00094F81B310833DBB2142B84BF002384F80A
:1065D0001B3194F823310C33DBB21A2B84BF002318
:1065E00084F8233194F81C31013B082B9CBF0A230B
:1065F00084F81C311F4B9A4284BF0023C4F82C310D
:10660000D4F888301C4A2BB1934228BF13460A2B7A
:1066100038BF0A23C4F88830D4F88C30934294F8F9
:10662000663188BFC4F88C203BB1642B28BF64233B
:106630000A2B38BF0A2384F86631B4F868314BB1AD
:10664000B3F5967F28BF4FF49673052B38BF05230B
:10665000A4F86831B4F86A314BB140F21452A3F691
:1066600054339BB2934284BF0023A4F86A31F8BD2F
:106670001623A6E63F420F00803A09002DE9F041BB
:10668000592A064688461746FAB003D800207AB041
:10669000BDE8F08104AD01464FF4EC7228463FF0AE
:1066A0005DF8002301AC042229462046C4E9008796
:1066B000A3602DF0E5FC2022204605A92DF0E0FC8A
:1066C000A3680822043320460EA9A3602DF0D8FC4D
:1066D0000822204610A92DF0D3FC0422204616A93A
:1066E0002DF0CEFC0122204621A9DDF858802DF0A6
:1066F000C7FC012220460DF185019DF884702DF024
:10670000BFFC012220460DF5A1712DF0B9FC01223C
:1067100020460DF235112DF0B3FC204622A90422AB
:106720002DF0AEFC40469649FAF744FE0028ADD164
:1067300040469449FAF75CFE0028A7D1053F072F91
:10674000A4D8229F90493846FAF734FE00289DD1FC
:1067500038468E49FAF74CFE002897D10122204690
:1067600017A92DF08DFC012220460DF59B712DF00F
:1067700087FC012220460DF237112DF081FC012209
:1067800020464EA92DF07CFC0422204618A92DF0AD
:1067900077FC0122204628A92DF072FC0122204618
:1067A0000DF187012DF06CFC012220460DF2431102
:1067B0002DF066FCA3680422013320464FA9A36094
:1067C0002DF05EFC0122204650A92DF059FC01223B
:1067D00020460DF196012DF053FC0422204626A9F7
:1067E0002DF04EFC012220460DF241112DF048FC07
:1067F0000122204651A92DF043FC0122204649A93F
:106800002DF03EFC0122204624A92DF039FC012266
:1068100020460DF227112DF033FC012220464AA913
:106820002DF02EFC1F2220460DF5A3712DF028FC23
:10683000102220460DF265112DF022FC0122204687
:106840000DF275112DF01CFC012220460DF5BB71D7
:106850002DF016FC012220460DF277112DF010FCD0
:10686000022220465EA92DF00BFC022220460DF5E7
:10687000BD712DF005FC012220460DF593712DF020
:10688000FFFB012220460DF229112DF0F9FB012218
:1068900020460DF27D112DF0F3FB022220460DF56E
:1068A000BF712DF0EDFB012220460DF595712DF005
:1068B000E7FB012220460DF22B112DF0E1FB012216
:1068C00020464BA92DF0DCFB012220460DF22D11B4
:1068D0002DF0D6FB042220462AA92DF0D1FB03225D
:1068E00020460DF597712DF0CBFB0122204660A9C3
:1068F0002DF0C6FB012220460DF225112DF0C0FB24
:10690000012220460DF231112DF0BAFB0122204662
:106910000DF599712DF0B4FB012220464DA92DF003
:10692000AFFB012220460DF233112DF0A9FB01220D
:1069300020460DF191012DF0A3FB012220460DF11F
:1069400092012DF09DFB012220460DF5F1712DF0F5
:1069500097FB212220460DF281112DF091FB402260
:106960000DF5D17120462DF08BFB2846FFF768FC12
:106970004FF4EC72294630463EF0F0FE012086E6E8
:106980000000164300401C450000E0400000FA43B0
:10699000F8B5002380F8233080F8473080F867305E
:1069A00080F8133180F8543180F8913180F8D1317A
:1069B00090F8D2310568012B28BF0123044680F8E6
:1069C000D23129462846FAF7EBFC48B10021284687
:1069D000FAF7F0FC20B928463849FAF709FD00B16A
:1069E000364D2560256D29462846FAF7D9FC48B171
:1069F00000212846FAF7DEFC20B928463049FAF78C
:106A0000F7FC00B100252565D4F8985029462846A2
:106A1000FAF7C6FC48B100212846FAF7CBFC20B9AA
:106A200028462849FAF7E4FC00B10025C4F898503C
:106A3000E56E29462846FAF7B3FC50B100212846F6
:106A4000FAF7B8FC28B94FF080412846FAF7D0FC95
:106A500000B11D4DD4E90A67E56632463B46304633
:106A60003946FAF731F968B1002230463946174BFA
:106A7000FAF734F930B9002230463946144BFAF7A8
:106A80004BF908B100260027C4E90A67D4E90C676E
:106A900032463B4630463946FAF716F9F0B1002245
:106AA000304639460B4BFAF719F9B8B9002230468F
:106AB0003946094BFAF730F990B10FE00000104168
:106AC000000061450060EA46CDCC4C3E008056C0D7
:106AD00000805640008066C0008066400026002787
:106AE00094F87530C4E90C67082B28BF0823052BE0
:106AF00038BF052384F8753094F94C30162B00F319
:106B00005F811E2B6FF00802A8BF1E239342B8BFFF
:106B1000134684F84C3094F832315A1E5342534194
:106B200084F8323194F82531591E4B424B4184F898
:106B3000253194F87730581E4342434184F877302A
:106B400094F830315D1E6B426B4184F8303194F81B
:106B500086305E1E7342734184F8863094F8873025
:106B60005F1E7B427B4184F8873094F86C3103F1DF
:106B7000FF3CDCF1000343EB0C0384F86C3194F828
:106B800016315A1E5342534184F8163194F880301E
:106B9000591E4B424B4184F8803094F88130042BCD
:106BA00028BF002384F8813094F88230042B28BF5A
:106BB000002384F8823094F88330642B28BF642348
:106BC00084F8833094F81931581E4342434184F8C5
:106BD000193194F81A31012B28BF012384F81A3196
:106BE00094F876305D1E6B426B4184F8763094F8F1
:106BF00084305E1E7342734184F8843094F885308B
:106C00005F1E7B427B4184F8853094F8213103F18B
:106C1000FF3CDCF1000343EB0C0384F8213194F8D2
:106C200022315A1E5342534184F8223194F81431D0
:106C3000012B28BF012384F8143194F81531012B5E
:106C400028BF012384F8153194F86731012B28BF40
:106C5000012384F8673194F86D31012B28BF01239B
:106C600084F86D3194F86531591E4B424B4184F8DC
:106C7000653194F82631022B84BF002384F8263135
:106C800094F82731022B84BF002384F8273194F82D
:106C90002831022B84BF002384F8283194F89030E7
:106CA000022B84BF002384F8903094F83531032BF5
:106CB00084BF012384F8353194F83331022B84BF2B
:106CC000012384F8333194F83431402B28BF40231A
:106CD00084F8343194F87C30402B28BF402384F86A
:106CE0007C3094F87D30D4F82C21402B28BF4023F1
:106CF00084F87D3094F87E30402B28BF402384F800
:106D00007E3094F81D315A2B28BF5A2384F81D3148
:106D100094F81B310833DBB2142B84BF002384F8B2
:106D20001B3194F823310C33DBB21A2B84BF0023C0
:106D300084F8233194F81C31013B082B9CBF0A23B3
:106D400084F81C311F4B9A4284BF0023C4F82C31B5
:106D5000D4F888301C4A2BB1934228BF13460A2B23
:106D600038BF0A23C4F88830D4F88C30934294F8A2
:106D7000663188BFC4F88C203BB1642B28BF6423E4
:106D80000A2B38BF0A2384F86631B4F868314BB156
:106D9000B3F5967F28BF4FF49673052B38BF0523B4
:106DA000A4F86831B4F86A314BB140F21452A3F63A
:106DB00054339BB2934284BF0023A4F86A31F8BDD8
:106DC0001623A6E63F420F00803A090010B504469C
:106DD000C26820231A49043200F096FCE26820467B
:106DE0001849283200F09EFDE268204616493032EC
:106DF00000F098FD204604F11002144900F01CFE3A
:106E0000204604F12002124900F016FE204604F14B
:106E10003002104900F010FE204604F140020E49F5
:106E200000F00AFE204604F150020C4900F004FE76
:106E3000204604F160020A49BDE8104000F0FCBDA4
:106E4000A7AD0400A0A50400A4A50400DAAC0400CA
:106E500000A30400A8A50400AFA50400B4A5040085
:106E6000B9A50400024900F10C0200F0FFBC00BF0C
:106E7000BCA5040010B50446C26821230A4902F2E9
:106E8000711200F041FCE2682046084902F5C9721F
:106E9000402300F039FCE2682046BDE81040044978
:106EA00002F5E97200F0E2BCD1AD0400B5AD04001A
:106EB000DFAD040010B50446C2682B49483200F02B
:106EC00075FDE26820462949783200F06FFDE268DE
:106ED00020462749743200F0C9FCE2682046254963
:106EE000753200F0C3FCE268204623497F3200F08F
:106EF000BDFCE2682046214902F58A7200F0B6FC2A
:106F0000E26820461E4902F2151200F0AFFCE2686A
:106F100020461C494C3200F0D7FC2046E2681A4952
:106F200000F044FDE26820461849503200F03EFD72
:106F3000E26820461649543200F038FDE2682046E7
:106F40001449683200F032FDE2682046124902F22C
:106F5000331200F08BFCE2682046BDE810400F4978
:106F6000773200F083BC00BFE4AC0400D8A5040075
:106F700055B50400DBA50400DEA5040055AE0400F1
:106F8000E6A504002AAD0400EDAC040031AD040018
:106F9000F1A50400FBA5040005A604000FA604004B
:106FA00010B50446C2680949863200F05FFCE26809
:106FB00020460749883200F0FDFBE2682046BDE824
:106FC00010400449903200F051BC00BF31A70400CA
:106FD000D0A6040019A6040010B50446C2682749CB
:106FE00002F59A7200F042FCE26820461F23244911
:106FF00002F59B7200F088FBE268102320462149CD
:1070000002F2551200F042FBE26820461E4902F5EA
:10701000967200F0CFFBE26820461C4902F5987298
:1070200000F024FCE2682046194902F2311200F017
:107030001DFCE2682046174902F2251200F016FCFA
:10704000E2682046144902F5937200F00FFCE268F2
:107050002046124902F2271200F008FCE26820469E
:107060000F4902F5947200F001FCE2682046BDE889
:1070700010400C4902F2231200F026BC21A60400A5
:107080002AA6040032A604003BA604003FA6040082
:1070900046A604004FA6040057A6040060A60400FC
:1070A00068A6040070A6040010B50446C2683549FD
:1070B000803200F0DBFBE26820463349813200F089
:1070C000D5FBE26820463149823200F0CFFBE2680E
:1070D00020462F49833200F0C9FBE26820462D4943
:1070E00002F58B7200F0C2FBE26820462A4902F2E8
:1070F000191200F0BBFBE2682046284902F58D72A8
:1071000000F0B4FBE2682046254902F21B1200F0B1
:10711000DBFBE2682046234902F5927200F0A6FBF1
:10712000E2682046204902F58E7200F09FFBE2687B
:1071300020461E4902F21D1200F098FBE26803236C
:1071400020461B4902F58F7200F0A0FAE268204643
:10715000184902F2211200F089FBE2682046164924
:1071600002F5917200F082FBE268204613498532F5
:1071700000F07CFBE2682046BDE8104010498C32EC
:1071800000F018BB7AA6040083A604008EA60400B3
:1071900096A60400A6A60400ACA60400B0A60400AF
:1071A000B9A60400C1A60400CAA6040038B50400AC
:1071B000D4A60400D8A60400E1A60400E8A60400B2
:1071C000F4A6040010B50446FFF76EFFE2682046FF
:1071D000254902F2651200F049FBE2682046234986
:1071E00002F5B37200F042FBE2682046204902F249
:1071F000671200F03BFBE26820461E4902F5B472BC
:1072000000F006FBE26820461B4902F5B57200F06B
:10721000FFFAE2682046194902F5B67200F026FB33
:10722000E2682046164902F26D1200F01FFBE26888
:107230002046144902F5B87200F018FBE2682046B7
:10724000114902F5B77200F0E3FAE26820460F49EF
:10725000983200F0ABFBE2682046BDE810400C49D4
:10726000843200F003BB00BFFDA6040005A70400A4
:107270000CA7040011A7040019A7040025A7040007
:107280002EA7040034A704003DA70400C4A50400F1
:10729000CDA50400002300B59DB0CDE91A308DF8CE
:1072A000063002938DF8163006938DF826300A9337
:1072B0008DF836300E938DF8463012938DF8563097
:1072C00016938DF86630104B104A189390F83231AF
:1072D0000092B3FA83F30E4A039004920D4A07908A
:1072E00008920D4A0B900C920C4A139010920C4A83
:1072F00017905B09684614928DF83C3000F08EF9C7
:107300001DB05DF804FB00BF44770400587704000B
:10731000E0760400F4760400087704001C7704008B
:1073200030770400F0B5ADF5137D1CAD0F464FF47A
:10733000EC720146064628463EF010FA404A002309
:107340000092404A394604923F4A684608923F4AB2
:10735000CDE91A350C923E4A8DF8063010923D4A1E
:10736000029314923C4A8DF81630189295F8322107
:107370000693B2FA82F252098DF826300A938DF8FC
:1073800036300E938DF8463012938DF856301693A2
:107390008DF866308DF83C2085F86C3185F88530A5
:1073A000039507950B95139517952CF060FF9DF8A5
:1073B0003C30039AB3FA83F35B09044682F8323116
:1073C000002838D00123B5F8842085F86C310AB93B
:1073D00085F88420AF6C2149384685F88530F9F767
:1073E000E9FFA0B938461E49FAF702F878B995F8CE
:1073F0007430053B072B0AD8AF6F1A493846F9F7A6
:10740000D9FF20B938461849F9F7F2FF50B1174BA8
:10741000AB64174BAB6740F20753A5F874301623E3
:1074200085F84C302846FFF7B3FA4FF4EC72294642
:1074300030463EF093F920460DF5137DF0BD00BFB8
:1074400058770400E0760400F4760400087704001E
:107450001C770400307704004477040000001643D2
:1074600000401C450000E0400000FA438D6759448D
:1074700000007A42A0F10903DBB2172B9DBF03483D
:10748000D84000F001000020704700BF13008000CA
:1074900010B50B4604460949094886B0102A08BFB2
:1074A000084618210246684627F072FD2368024606
:1074B00069462046DB68984706B010BD45A7040022
:1074C000D5A3040010B5102A86B004460CBF074AA5
:1074D000074A0B466846182127F05AFD23680246E2
:1074E00069462046DB68984706B010BD45A70400F2
:1074F00049A704002DE9F0471946064610461446F0
:107500001D46089FF9F7E0FB28B93D4930462CF0AD
:10751000D0FDBDE8F0874FF0604220462946394B48
:10752000F9F7FAFB08B13849F0E74FF0604220461E
:107530002946364BF9F7D2FB08B13549E6E7002278
:10754000002320462946F9F7C9FB30B12D213046EA
:107550002CF0ACFD05F100431D464FF0000A002061
:107560004FF000082B49DFF8B090BA4540DB2246C7
:107570002B46F8F78BFF0D460446F9F7FFFB8046D4
:10758000F9F7C0F802460B4620462946F8F77CFF7B
:107590000A2204460D4630464146FFF779FF002F88
:1075A00003DD2E2130462CF081FD4FF00008DFF87E
:1075B0006890002FADDD4B46424620462946F9F73C
:1075C0001BF90D460446F9F7D9FB82460A2201460B
:1075D0003046FFF75DFF5046F9F794F802460B4638
:1075E00020462946F8F750FF013F04460D46E0E7E4
:1075F00042464B46F9F72AFA0AF1010AB5E700BFFD
:107600004DA70400FFFFEF4152A70400FFFFEFC1A9
:1076100051A704000000E03F000024402DE9F041A4
:107620000E4605464FF001080027C4B001AC846047
:10763000216030460D4984F80881C4F8048027721F
:107640002CF047FD2B6885F8048028461B68984776
:10765000304607492CF02DFD404518BF84F80871CD
:1076600094F80801AF6044B0BDE8F08168A7040059
:10767000E6A70400037913B1002303717047836800
:10768000014918682CF025BD56A70400F8B50F462F
:1076900081681E460B790446012B154618D1FFF769
:1076A000E9FFA368394618682CF013FDA368144954
:1076B00018682CF00EFDA368294618683246FCF7BE
:1076C00037FCA3680F491868BDE8F8402CF001BDED
:1076D00090F90530384601EB03118831F9F758FF6E
:1076E000014658B9324628463EF05EF8A268314657
:1076F0002846BDE8F84008322AF0C9BFF8BD00BFEF
:1077000058A7040059A704002DE9F041D0F80880DB
:107710001D4698F804300446012B0F46164628D122
:10772000FFF7A8FFA368394618682CF0D2FCA368BD
:107730001A4918682CF0CDFCA36816F8011B1868CC
:1077400021B9BDE8F04116492CF0C3BC222901D172
:107750001449EFE75C2901D11349EBE70A2901D16C
:107760001249E7E70D2901D11149E3E72CF09EFC0E
:10777000E2E790F90510384608EB01118831F9F776
:1077800007FF074638B9013D2A46304608F108018F
:107790003EF06CF87755BDE8F08100BF58A70400B3
:1077A00059A704005BA704005EA7040061A70400BA
:1077B00064A70400F8B5876804463B790E46012BA0
:1077C000154613D1FFF756FFA368314618682CF011
:1077D00080FCA3680D4918682CF07BFCA36829681D
:1077E00018680A22BDE8F840FFF752BE90F905106C
:1077F000304607EB01118831F9F7CAFE20B907F1CD
:1078000008003DF0E0FF2860F8BD00BF0AAA0400B0
:10781000F8B5876804463B790E46012B154613D10F
:10782000FFF728FFA368314618682CF052FCA368C4
:107830000D4918682CF04DFCA368298818680A22A5
:10784000BDE8F840FFF724BE90F90510304607EB7D
:1078500001118831F9F79CFE20B907F108003DF0CD
:10786000AEFF2880F8BD00BF0AAA0400F8B58768FB
:1078700004463B790E46012B154613D1FFF7FAFE5D
:10788000A368314618682CF024FCA3680D491868D9
:107890002CF01FFCA368297818680A22BDE8F8407C
:1078A000FFF7F6BD90F90510304607EB011188315E
:1078B000F9F76EFE20B907F108003DF080FF28704F
:1078C000F8BD00BF0AAA0400F8B5876804463B79F2
:1078D0000E46012B154614D1FFF7CCFEA3683146A6
:1078E00018682CF0F6FBA3680D4918682CF0F1FB22
:1078F000A36895F9001018680A22BDE8F840FFF760
:10790000E1BD90F90510304607EB01118831F9F718
:107910003FFE20B907F108003DF051FF2870F8BD87
:107920000AAA0400F7B5876804463B790E46012B86
:10793000154626D1FFF79EFEA368314618682CF045
:10794000C8FBA368174918682CF0C3FBD5E900678A
:10795000A36800221C68304600233946F9F7B4F9C1
:1079600030B12046104903B0BDE8F0402CF0B1BB67
:1079700006233246009320463B46FFF7BBFD03B08B
:10798000F0BD90F90510304607EB01118831F9F789
:10799000FFFD0028F3D107F108003DF00DFFC5E918
:1079A0000001ECE70AAA0400D7BA0400F7B587681B
:1079B00004463B790E46012B154626D1FFF75AFEA9
:1079C000A368314618682CF084FBA368184918682E
:1079D0002CF07FFB2D68A368002128461C68F9F76E
:1079E000DFFC30B12046134903B0BDE8F0402CF075
:1079F00070BB2846F8F7A8FE0B460421024600910A
:107A00002046FFF777FD03B0F0BD90F90510304632
:107A100007EB01118831F9F7BBFD0028F3D107F11D
:107A200008003DF0C9FEF9F7C9F92860EBE700BF8F
:107A30000AAA0400D7BA04002DE9F0418768054678
:107A400097F804800E46B8F1010F144620D1FFF7D5
:107A500011FEAB68314618682CF03BFBAB68164949
:107A600018682CF036FBAB6884F80480A3602368A8
:107A700020461B689847AB68104918682CF019FB22
:107A8000012803D00022AB6883F80821BDE8F0810B
:107A900090F90510304607EB01118831F9F778FDB0
:107AA0000028F3D1A7606B79204601336371236806
:107AB000BDE8F0411B68184767A70400E6A704006B
:107AC00000487047000080BF004870476AA7040064
:107AD000004870477AA704000048704796AF04003A
:107AE000034B93F8DD02003818BF0120704700BF38
:107AF0002870012000B58FB00346064A009102A805
:107B0000302127F045FA044802A931F097F80FB068
:107B10005DF804FB86A70400281000200148FCF74C
:107B200091BA00BF000000200148FCF7BBBA00BFBB
:107B30000000002010B547F6122C0446002140F248
:107B4000E7304FF47A720023E4FB0C01F9F706FDED
:107B5000BDE8104002460B46014823F025BA00BF9D
:107B60001800002008460149F9F71CBD6CAB040061
:107B7000034B1B890BB905F02FBC0020704700BFD9
:107B80000055022003462DE9F3419A689F69D0E928
:107B9000040603680C461B68B2F870809847336887
:107BA00005461B68304698473B6806465B69384681
:107BB00098474FF47A73CDE90080B6FBF3F32A4679
:107BC0002046034927F00EFA02B0BDE8F08100BF5D
:107BD000AAA7040010B5044605482BF0E3F82CB121
:107BE000BDE810400021034831F045BB10BD00BF87
:107BF000982C0220400F002010B509482CF074FC8E
:107C0000044640B1074890F8DD3233B10649A0F58B
:107C1000B03031F013F8204610BD1C46FBE700BF22
:107C20000055022028700120E8A7040048B9054843
:107C300090F8743100F5BA70002B08BF002005F0F1
:107C400047BB70472870012010B54FF400710C48F5
:107C50003AF0C0FC10F4007F0A4C07D021680A48B3
:107C600001F5B03101F5B87101F020F92468204622
:107C70002EF091FB2046BDE810402EF0A2BB00BFC5
:107C8000EC550220E8550220E0540220014601484C
:107C90003AF09DBCEC550220F7B51D4600230E4678
:107CA0002B70764904461746F9F772FC20B120463E
:107CB0007349F9F76DFC30B97249284603B0BDE845
:107CC000F040F9F76FBC20466F49F9F761FC80B9C5
:107CD0006E4B6F4993F8DD226E4B002A08BF0B46AE
:107CE0006D4A4FF48071284603B0BDE8F04027F09C
:107CF0004FB90E22204669493DF0A6FD00283ED12D
:107D00000E34264633780134202BFAD030466149B0
:107D1000F9F73EFC80B130466149F9F739FC58B1BA
:107D200030465B49F9F734FCC8B130465D49F9F794
:107D30002FFCA0B15C49C0E70124544B93F8DD72DD
:107D4000524E4FF4007086F8DD42FFF79FFF5CB1A2
:107D50001FB9A6F5B03030F0CAFF4E4B06E04B4BD2
:107D6000002493F8DD72EBE717B9494B4F4AB8E7A7
:107D7000A6F5B03030F0F7FF86F8E042F5E7204690
:107D80004B49F9F705FC88B9404BB3F8DE320BB923
:107D9000484992E74FF6FF72934205D1464831F0C9
:107DA0004BF9464A03469CE7454A9AE71322204688
:107DB00044493DF049FD00284BD11334264614F8C0
:107DC000013B202BFAD0072230463F493DF03CFDD5
:107DD00078B300230A22304601A9019327F046FC1C
:107DE0003A4C019A1178A1F10903DBB2172B03D8A1
:107DF00024FA03F3DB070AD43378303B092B04D889
:107E000019B941F28833984204DD314955E701320E
:107E10000192E6E784B21D4B4FF40070A3F8DE42F6
:107E2000FFF734FF0023244A9377537724B9294975
:107E300043E74FF6FF74EEE74FF6FF739C4205D120
:107E40001D4831F0F9F8244A03464AE72346234AFD
:107E500047E74FF480732A462146174831F05BF913
:107E600050B92B46224631461D4880F8E07003B0D9
:107E7000BDE8F04004F076B903B0F0BD02A80400FC
:107E800007A8040009A8040058A8040028700120CD
:107E9000CEA804004CB5040066A8040074A8040031
:107EA00001B70400D7BA040083A8040099A804000D
:107EB000ABA80400BEA804008C4F0220D2A8040086
:107EC000F2A8040008A90400C6B60400130080004C
:107ED0001CA9040046A904005EA9040082A90400AC
:107EE000400F0020054BD3E8EF1F0131C3E8E21F2C
:107EF000002AF8D14FF40060FFF7C8BEF854022002
:107F0000054BD3E8EF1F0131C3E8E21F002AF8D187
:107F10004FF40060FFF7BABEF45402200346F0B5F8
:107F20000846D3E90234D3E90A15D3E90C6787B0D0
:107F300004F6A433D3E8AF2F04F6A833D3E8AF3F59
:107F400004F6AC34D4E8AF4F0091CDE90374CDE929
:107F50000156024927F046F807B0F0BD9CA904007D
:107F600010B5124B1B68FBB1114C23681BB9BDE85F
:107F70001040FFF769BE0F4B0BB1AFF3008007F065
:107F800093F80D4B22681B589A42F0D00B4822F010
:107F9000B5FD4FF48050FFF779FEBDE81040002397
:107FA000074A064822F08ABD10BD00BFE8550220EE
:107FB000E455022000000000080000009C0D002095
:107FC0005A6202002DE9F04F00243D4D3D4B89B02F
:107FD0002146202205F108002B602C713DF0E4FBC6
:107FE000394B3A4ADFF8E880C3E90025394D3A4A6F
:107FF0001C813A4B3A4F3B4E2846DFF8EC901A6012
:10800000FCF77AFF294640462CF0C2FC3A4630463F
:108010003649FCF7F1FA4846354B21464FF4A06249
:1080200040F8043B3DF0C0FBDFF8C8B0C9F8044598
:10803000C9F80C45C9F80845DFF8BCA0CDE902989D
:10804000DFF8B8905A463146CDE9005950462C4BDE
:1080500001F0ECFC2B4B2C4A2C48C3E900282C4A9D
:10806000DFF8B080DA612C4AC3E902A6C3E9047BD9
:10807000C0E90224C0E905830022C3F81890002358
:10808000C0E90075C0E93623046180F8D04080F86B
:10809000E0402249A03039F066FF214E214BC6E96D
:1080A00000780FCB04AD06F1080787E80F0085E8DC
:1080B0000F00C6E9064486F8204009B0BDE8F08FFD
:1080C000BC550220F87704000055022020780400F7
:1080D000E0540220E8540220D0770400FC5402202F
:1080E00000000020982C0220D04F0220E061040004
:1080F00048780400400300202810002038030020A6
:108100003C030020B04F02205C780400400F0020A8
:10811000717B000098710120200F0020B9920300AC
:108120008C4F0220D06C04002DE9F0418AB00D463E
:1081300010991F46119B012973F10003044616464E
:108140001EDB2C482BF0F8FA012005F06DFD3AF00B
:108150007DF84FF47A7CA0FB0C0E47F612220CFB44
:1081600001E10023F9F7FAF94FF47A720023F9F7E5
:10817000A5F9014620482BF0B0FD204830F0CCFD99
:108180001F4BDFF88080C3E90245D8E96601C3E9E7
:10819000046722462B46F8F797FD30B1D8E968010D
:1081A00032463B46F8F790FD18B9C8E96645C8E97C
:1081B000686702A82BF0E5FA0022134B30463946D7
:1081C000F8F71AFBF8F7B2FD002206460E4B2046E0
:1081D0002946F8F711FBF8F7A9FD069B0246009324
:1081E000012033469DF81C1005F082FC0AB0BDE862
:1081F000F08100BFE8540220D0280220281000207F
:10820000200F00202870012000408F402DE9F74307
:10821000284C2046FCF724FB054620462AF08AFC21
:1082200006462046FCF732FB074620462AF08CFC27
:10823000804620462AF09CFC814620462AF047FBD7
:1082400000B243463A463146CDE90090284605F053
:108250001BFC20462AF08AFC054620462AF07EFCBC
:108260000646204694F8788A2AF026FB07462046E0
:108270002AF037FB04F11C03D3E8AF3F003B18BFE3
:1082800001234246CDE9000331463B46284605F02E
:1082900011FC04F6A433D3E8AF0F04F6A833D3E8F7
:1082A000AF1F04F6AC34D4E8AF2F03B0BDE8F04301
:1082B00005F016BC982C02202DE9F047C648ADF514
:1082C000107D2AF038FA00238DF82831FDF780FD63
:1082D00030F0A0034AAD0AD0C0492846F9F762F948
:1082E00001224FF487710DF59970FDF709FD00F03B
:1082F00001FCBB4800F0F2FCFBF7F2FE4C280DD16C
:108300002846F9F757F9B74AB74BC0F58C710028E2
:1083100008BF1346B54A284426F03AFEB048AE4F8F
:1083200000F06AFDB2482BF085FA3846FBF78AFE6A
:108330001EAEB88030462BF0D5FF18B13168AD487D
:10834000FCF7F6FD05F056FB2BF075FD2BF013FA4C
:1083500040B1A9482BF00AFAA8482BF008FAA8481F
:108360002BF006FAA74CFDF715F94FF4EC7200213B
:10837000A5483DF019FAA54BA54904F5D470C4F8F9
:108380007031F9F70FF9A34B0021C4F8DC31A24B8F
:10839000A248C4F8B831A24BC4F8C011C4F8BC312B
:1083A0004FF07C53C4F8C4319E4BC4F80812C4F893
:1083B000D83140F20753C4F8E4319B4B40F201112D
:1083C000C4F8E8314FF0C843C4E97B034FF480732D
:1083D000A4F8F43100234FF4967C4FF46160C4F8A4
:1083E000841240F60F71012284F8F63184F80032CD
:1083F00084F8883284F8913284F89232A4F8DA3220
:108400008A4BC4E97EC0A4F88C12754804F5B87193
:1084100084F8A322A4F88A2284F8D72284F842237D
:10842000C4F8DC3200F04AFDD4E966237049D4F880
:108430009C02C1E90223D4E96823C1E904237C4AF0
:10844000A0F5C333A03B934201D804F0E7FFDFF867
:10845000B881DFF8E0916248A8F10801C9F81080FE
:1084600000F04CFD5E48A8F1080100F015FE724BCB
:10847000DFF8C8A1D3F8603D53B9714910235046C5
:10848000704A2DF062FC5648A8F1080100F048FE41
:108490000DF11808404629F044F94146504800F0D3
:1084A000CFFC30B94046FCF705FF41464C4800F090
:1084B000CDFC6022414664483DF050F994F8743197
:1084C0007BB998F803302021029398F802305F4A74
:1084D000019398F801305E48009398F8003026F038
:1084E00057FD5C485C49C4E9D40705F023FA5B4BAF
:1084F0005B4AC4F858335B4B5B49C4F85C335B4B55
:10850000C9F8E41AC3F87C2A594A5A49C9F8DC2A3E
:108510000022DFF86481A3F50430CAE91512C9F816
:10852000E02AC9F8E82AC8F800A02DF065FE2A78EC
:108530004E4B22B12946A3F5043030F07FFB94F86E
:108540009202003818BF012005F0BEF8404805F03F
:108550002BFBFFF75BFE2048FBF774FD05461E482A
:10856000FBF7A0FD0146284605F0D0FA2BF003F9F1
:1085700005F028FB94F8F601003818BF012005F03B
:1085800027FB94F8D502013818BF012005F02EFB17
:1085900094F8A202003818BF012005F033FB94F8CC
:1085A000F051281E18BF0120FDF7A6FC94F8F10138
:1085B000FDF7AEFC94F8F201FDF7B8FC94F8F30176
:1085C000FDF7C4FCB5FA85F0400905F041F92BF040
:1085D000D2F8002867D051E00000002001AA040072
:1085E000E0540220B2C80400FDA904000CAA040053
:1085F000200F0020E8540220A54503002981000037
:10860000B946030028700120987101200000104134
:1086100053B20400CDCC4C3E8D6759444040080015
:108620001600002F9A99993E00007A420101FFFF3F
:108630009FBB0D00982C02202860012028100020EC
:1086400029AA040054CB04004012002030AA0400E0
:108650009C7101201D7B0000297B0000D57B000060
:10866000997C000083450300AD46030028200220CA
:10867000B3460300357B0000E8550220D4F8F8012A
:108680002BF087F8D4F8FC012BF082F894F8F6016F
:10869000003818BF01202BF072F894F8F63113B1AE
:1086A00001202BF06DF894F88412B148003918BFFE
:1086B00001212AF026FE94F88512AD48003918BF32
:1086C00001212AF030FE94F88612A948003918BF1B
:1086D00001212AF0FFFD94F8943294F88A12019354
:1086E00094F88D320039009318BF012194F88C3230
:1086F00094F98B229E482AF023F99D4894F89452CD
:108700002AF0E8F8854299F9553A03D194F98B2279
:108710009A420AD0964884F88B322AF0DBF89549C1
:1087200084F89402944800F0C1FB94F88E3273B13F
:1087300094F88F32002B00F0158194F89032002BC2
:108740000CBF022203228D4989482AF0F3FDFFF76E
:108750005DFDD4F808128A4829F0E9FF894839F00C
:1087600030FF894B894A8021CDE901738548824BCE
:10877000CDF8009000F0EAFE854804F07BFD002370
:10878000844A52F833100133002940F0ED80824AC8
:10879000824802EBC3014860012102F8331080498E
:1087A0007A482DF022FE94F8D53223B105257A4C73
:1087B000013D40F00D817B4808F0FAFA7A4B002B1E
:1087C00040F0108106F070FC784B1A58784B1A6014
:1087D000784A00237848CDE9002323F005FA704C4D
:1087E0004FF0FF334FF0FF3241F6BF61CDE9002378
:1087F0006448002239F0F2FE05460146614839F02E
:10880000E9FE238943B160680368DB689847002864
:1088100040F0EB80002323812A0535D50023674AE9
:10882000D2E8EF1FC2E8E03F0028F9D199421F4685
:1088300002DD052005F000F9614BD3E8EF2FC3E816
:10884000E17F0029F9D1002A1EDD20462BF04CFEE5
:108850008146C8B9D8F80070208107F5B03383F895
:10886000600307F5043787F88400D7F8480818B183
:1088700030F0A5FEC7F8489800230620C7F84C380A
:10888000C7F8503805F0D8F8EB0407D5D8F8003011
:1088900023B1FFF7D9F94B4822F0D8F82F0601D5BC
:1088A00000F0C2FEE80601D52AF083FF40F20C4337
:1088B0001D4240F0DE80D8F80000002840F0DB8048
:1088C0002A073FD5D8F8000008B129F0A5F8D8F854
:1088D0000030DFF8F490002B00F0D48003F5B033C3
:1088E00093F86023002A00F0CD80D3F86473D9F8A0
:1088F00000309F4203D14FF48060FFF7C7F9D8F8EA
:108900000030C9F800703BB120462BF0EDFD18B1E6
:10891000D8F800002EF094F904F040FD40B104F0C6
:108920004DFD28B904F074FD10B9012004F010FDCC
:1089300000F06AFFD8F8000008B12DF010FD2348C0
:1089400030F0B3FBAB057FF54BAFD8F80010002932
:108950003FF446AF01F5B031074801F5B87100F0BA
:10896000A5FA3DE70122EEE6042B7FF40AAF16E7F5
:10897000982C022098710120E0540220B672012048
:1089800000000020EC550220E854022028100020AE
:10899000FC780400C8550220BC550220FC5402207B
:1089A000005502202D7C000000000000080000009F
:1089B000E45502205A620200D80B0020F85402202D
:1089C000F45402209C0D0020440300208C4F022010
:1089D000E06828B1237A012B02D103685B689847CD
:1089E0000834E5E6AFF30080ECE6606822890368AE
:1089F00026499B699847238998427FF40DAF09E780
:108A00003146D8F800002FF032FE074648B940F250
:108A100001130222204605A9ADF8143001272BF0DE
:108A2000D6FD314620462BF05BFE02460028E7D1FA
:108A30001FB14FF48060FFF729F969057FF53BAF5F
:108A4000D8F80030002B3FF436AF20462BF04CFD19
:108A500000283FF430AF20462BF04EFDD8F8003010
:108A600000287FF428AF18462EF014F90028ECD126
:108A700021E70027D5E715F02F0F3FF463AF2DF066
:108A8000FAFF1DE74FF0FF3739E700BF0A55022014
:108A90002DE9FF47D0E90235D3E9049A2B6828462F
:108AA0001B6A0E4698470446284629F001FF0746F0
:108AB000284629F0FFFE80463846F8F7B9FC4FF407
:108AC0007A73BAFBF3F5B9FBF3F307B240460293AE
:108AD0000395F7F739FE24B2CDE900013B46224663
:108AE0003046034926F07EFA04B0BDE8F08700BFA7
:108AF00041AA040010B5074C23784BB906482BF067
:108B0000B6F930B1012323702BF0A0F9034B187094
:108B1000012010BD66A502207AA5040065A50220EB
:108B200030B5002485B0154601A80122CDE90144E5
:108B30008DF80C4031F034FDA04209DB2846064B8D
:108B4000064901AAFDF75AFA044601A831F086FD4C
:108B5000204605B030BD00BF95AA04002D48030093
:108B600030B50546B1B03D482BF098F960B93C48A6
:108B70002BF094F940B12846384A3949FFF7D0FF25
:108B800010B137482BF095F936482BF087F960B9CA
:108B900035482BF083F940B12846324A3249FFF775
:108BA000BFFF10B130482BF084F930482BF076F934
:108BB000044660BB2E482BF071F940B328462B4A7F
:108BC0002B49FFF7ADFF10B329482BF072F90322B0
:108BD00068462649CDE900448DF8084031F0E0FCB4
:108BE0000446A0B901460222684631F061FD2146E3
:108BF000B42203A83CF0D8FD5024B422684603A94F
:108C000031F04AFD013CF8D1684631F027FD1348A8
:108C10002BF044F930B112482BF040F910B1104854
:108C20002BF047F90F482BF039F930B10E482BF0F3
:108C300035F910B10C482BF03CF90C482BF02EF90B
:108C400048B10B482BF02AF928B1094831B0BDE8EA
:108C500030402BF02EB931B030BD00BF9EAA0400C9
:108C6000ADAA0400BCAA0400CBAA0400DAAA04003E
:108C7000E9AA040070B5174B0279174E0546002A81
:108C800018BF1E46B0B030462BF008F90446F8B9BC
:108C90000146B42203A83CF087FD12223146684603
:108CA000CDE900448DF8084031F07AFC00280FDB54
:108CB0002B79002B0CBF14256425B422684603A928
:108CC000013431F0E9FCAC42F7D1684631F0C6FC22
:108CD00030B070BDDAAA0400E9AA040010B5064B52
:108CE00004461B7803710BB1FFF73AFF2046BDE83D
:108CF0001040FFF7BFBF00BF65A50220002307B5E6
:108D00000DF107008DF80730FDF75AF9044B9DF877
:108D100007201870034B1A7003B05DF804FB00BF06
:108D200066A5022065A502201FB50023122207496F
:108D300001A8CDE901338DF80C3031F031FC10B9C8
:108D400001A831F08BFC05B05DF804FBF8AA040023
:108D500008B505482BF0A2F820B9BDE80840034843
:108D60002BF09CB808BD00BF06AB040016AB040096
:108D700030B51B4895B02BF091F818B1002420466F
:108D800015B030BD01904822164801AB02A92BF066
:108D90009EF804460028F1D0019B432BEED9109D8C
:108DA00011492846F8F706FB0028E8D128460F4964
:108DB000F8F71EFB0028E2D19DF84430053B072B55
:108DC000DDD8129D0A492846F8F7F4FA0028D6D1D2
:108DD00028460849F8F70CFB041E18BF0124CEE70B
:108DE00006AB040016AB04000000164300401C450F
:108DF0000000E0400000FA4310B504460E482BF096
:108E00004DF8B8B92046FFF7A3FF50B92046FFF749
:108E100075FF2046FFF762FF2046BDE81040FFF7D0
:108E200083BF2046FFF7A4FF0028EFD103482BF0B3
:108E300035F8F1E710BD00BFF8AA040025AB040027
:108E40000148FDF723B900BF33AB04000148FDF72B
:108E500053B900BF33AB040070B50026D2B001ADEA
:108E60000C462B464FF4A0720F4802A92E602BF03F
:108E70002EF810B9002052B070BD2A68592AF9D9CD
:108E8000204602A9FDF7FAFB0028F3D0012384F85D
:108E90008560B4F8842084F86C310AB984F88420A1
:108EA00084F88530E7E700BF16AB0400014A0248AA
:108EB000FDF77CB99572000006AB040038B50C4A8A
:108EC00004460C480D46FDF73FF980B909482AF0E1
:108ED000E5FF09482AF0E2FF18B129462046FFF7CE
:108EE000BBFF29462046BDE83840FFF7DFBF38BD4D
:108EF0002573000006AB040016AB04002DE9F04119
:108F00003B4B02793B4CE8B0002A18BF1C46204678
:108F100088462AF0C3FF002866D00023012221469C
:108F200001A8CDE901338DF80C3031F039FB002870
:108F30005ADB14AF9822394601A831F0A1FB9828DA
:108F40004FD13C463AA804AE28F0D9FB0FCC0FC64F
:108F500094E80F001CAD42AC86E80F000FCD0FC4A3
:108F600095E80F0084E80F00B7F840304BACADF83F
:108F70002831D7F8433027AD5F9397F847308DF805
:108F80002A31BB6C5B930FCD0FC40FCD0FC40FCD37
:108F90000FC495E80F0084E80F00D7F88C300CACB4
:108FA0005C93D7F8903004AD5D93D7F894305E931E
:108FB0000FCD0FC496E80F0084E80F003AAD0CAE59
:108FC0000FCE0FC594E80F0085E80F0000238DF841
:108FD0002B31D8F8003040461B683AA99847002842
:108FE000A8D101A831F03AFB68B0BDE8F08100BF1C
:108FF0009EAA0400ADAA04002DE9F047224B067991
:10900000224FE0B0002E18BF1F46002332AC20468E
:1090100007AD02930DF10C08C8F800300DF1040AF9
:1090200001910DF1080928F06AFB0CABAC60C5E9B1
:1090300000A9C5E9033804AC4EB122463846144BAA
:1090400014492560FCF7DAFF60B0BDE8F087122212
:1090500039462046C4E90066267231F0A1FA00289C
:10906000F2DB214628462BF0FAFB30B19821D8F8E4
:1090700000302046594331F027FB204631F030FBC9
:10908000204631F0EBFADFE79EAA0400ADAA040007
:1090900041AB04003149030070B51F4B02791F4EEC
:1090A00096B0002A18BF1E4630460D462AF0F6FE3E
:1090B00080B300240122314602A8CDE902448DF894
:1090C000104031F06DFAA04224DB042202A80DEB1F
:1090D000020131F0D5FA0428E6B218D120220DF1B0
:1090E000350102A831F0CCFA202802460FD10DF14B
:1090F000150102A831F0C4FA202808D12B683146A6
:1091000028469B6805AA984701340028DDD102A8AB
:1091100031F0A4FA16B070BDBCAA0400CBAA0400BA
:10912000002310B598B0CDE902318DF807300DF16C
:1091300007030479DFF820C00493084807AB0593C0
:1091400002AB0693002C08BF6046054B054903AAF5
:10915000FCF754FF18B010BDCBAA0400BCAA040051
:109160004EAB04003B49030070B500240D461E467B
:109170000179174B1748B0B0A14218BF1846012219
:1091800001466846CDE900448DF8084031F008FA00
:10919000A04219DBB422684603A931F071FAB42861
:1091A00001D000240DE00722284604A93CF00FFB63
:1091B0000028EFD19DF817403046224606A93CF022
:1091C000CDFA684631F04AFA204630B070BD00BF93
:1091D000DAAA0400E9AA04002DE9F04FB1B09DF825
:1091E000E8809946A8F16403422B07460E4603D94E
:1091F000002031B0BDE8F08F0024FFF73BFD397946
:10920000274B28480322A14218BF1846014668464A
:10921000CDE900448DF8084031F0C2F9A042E7DB07
:109220004FF0FF3B25460DF1100AB422684603A912
:1092300031F026FAB42822D03068B288B37904908D
:109240004946AAF8042006A842468AF806303CF0AF
:1092500085FA38688DF8178003681B6898470022E4
:1092600021460390684631F023FAB42203A96846E8
:1092700031F012FA684631F0F1F90120B9E707221E
:10928000514630463CF0A3FA38B1039B5B452CBFF6
:109290005B462C469B46B435C7E72C46CCE700BF5F
:1092A000DAAA0400E9AA04001FB50B4B00790B4AA7
:1092B0006946002818BF1A46104631F0F0FA40B946
:1092C000DDE90203C01A019B5843800A05B05DF82E
:1092D00004FB0020FAE700BF5BAB04007AA50400A2
:1092E0001FB50A4B00790A4A6946002818BF1A467A
:1092F000104631F0D4FA30B9DDE901305843800A24
:1093000005B05DF804FB0020FAE700BF5BAB04008A
:109310007AA504002DE9F8430F46904699460024AB
:1093200000F5A93500F5AE3605F2391506F26116DD
:10933000A1451DDD202228460F493CF048FAA0B186
:1093400015F8012C3B789A420FD1631C04EB4414AE
:10935000681E444405F11F0250F8041B904244F873
:10936000041BF9D1027822701C464135B542DFD189
:109370002046BDE8F88300BF94CB04002DE9F043FC
:1093800016460022B5B00DF10D080546DDE93D9702
:10939000404602918DF80C20C0211E4A25F0F8FDB0
:1093A0004046F8F707F909EB0003A02BC8BFC0F14E
:1093B000A009044680444A463C9940463CF0CEF918
:1093C000002305344C4408F8093032460094052146
:1093D000284602AB28F04FFD0446B8B16FB1F9F74B
:1093E000E1FE38608046A86E03681B6898474146D6
:1093F000024605F1800027F095FC2B682846D3F83B
:10940000E470224600233146B847012035B0BDE85C
:10941000F08300BF60AB04002729F8B50546164667
:109420003ED801EB8114204400F5A9304122314699
:1094300000F59C703CF092F910221A4906F11100D7
:109440003CF0C5F9034604F5A93101F59C71681893
:10945000721C0BBB10230121FAF7E0FC00274FF030
:10946000FF3405F5A93606F2391696F82030ABB967
:10947000202230460C493CF0AAF9002818BF3C468F
:109480000137282F06F14106EFD1012005F5A83557
:109490000134C5F8604DF8BD2023DCE73C46EFE71A
:1094A0000020F8E784CB040064CB040010B5044628
:1094B0002CF03BFD2046BDE8104001493BF068B868
:1094C00009000002F0B587B0154604460E462CF0A0
:1094D0002CFD1422002101A83CF066F94FF6F87229
:1094E0004FF48853B2EBC50F4FF6FF72ADF8003062
:1094F0004FEAC50338BF1346ADF802304FF480631E
:109500000B4F2A46CDE902373146684604F5987379
:109510003AF0AEFF30B93A46D4F8301104F1700099
:109520003BF003F9012384F8343107B0F0BD00BFEC
:1095300009008003044BD3E8EF1F0143C3E8E21F97
:10954000002AF8D1704700BF2C56022010B5094CF4
:1095500020600948016009490A60094A1360029ABB
:10956000084B1A60039A084B1A60049A074B1A605A
:1095700010BD00BF3456022030560220485602204B
:1095800044560220405602203C5602203856022003
:1095900008B50120FFF7CEFF034B1968034B18688D
:1095A000BDE808402CF01EBD305602203456022083
:1095B00008B50820FFF7BEFF034B1968034B186876
:1095C000BDE808402CF00EBD305602203456022073
:1095D000014608B506482CF0FAFC0220FFF7AAFF66
:1095E000044B1968044B1868BDE808402CF0FABC1D
:1095F000285602203056022034560220014608B573
:1096000006482CF0E4FC2020FFF794FF044B196877
:10961000044B1868BDE808402CF0E4BC1C5602203E
:10962000305602203456022070B5002167482CF0D5
:10963000CEFC674D04462868002800F0C680002C48
:1096400000F0C38014F0090F05D0036804F0010195
:10965000D3F8F430984714F002030ED05D482CF094
:10966000BEFC061E18BF012630462AF089F82B687A
:1096700003F5B03383F8F661012360070BD5564834
:109680002CF0ADFCC0B22E68FCF772FC012306F58D
:10969000B03686F8A002E1060BD550482CF09FFCAE
:1096A000003818BF01202B6803F5B03383F8A202FD
:1096B0000123A2060BD54A482CF091FC003818BFB4
:1096C00001202B6803F5B03383F8F001012366060F
:1096D0000BD544482CF083FC003818BF01202B68C0
:1096E00003F5B03383F8D5020123200608D53E48A0
:1096F0002CF075FC2B6803F5B03383F8D6020123F8
:10970000A1050BD539482CF06AFC003818BF0120A0
:109710002B6803F5B03383F8D7020123620508D51F
:1097200033482CF05CFC2B6803F5B033A3F8D80267
:109730000123A6040BD52F482CF051FC003818BF8C
:1097400001202B6803F5B03383F8910201236004F4
:109750000BD529482CF043FC003818BF01202B689A
:1097600003F5B03383F89202012321050CD5234879
:109770002CF035FCC0B2022828BF02202B6803F56C
:10978000B03383F8A3020123E20404F4807618D5F1
:109790001B482CF024FC2B6803F5B033C3F8F80108
:1097A00029F0F7FF2968174B01F5B031186801F56A
:1097B000B871FFF77BFB46B1FEF7D2FB012004F046
:1097C000A5FA002BEED1002EECD170BD2C56022054
:1097D00048560220285602202456022020560220F5
:1097E0001C56022018560220145602201056022041
:1097F0000C56022000560220FC550220085602207A
:1098000004560220445602202DE9F04F5C4DEFB083
:109810002B68002B00F0B0805A4E306803681B683C
:10982000984704F079F92B6803F5B03393F9930264
:1098300004F078F9544B1C682046FBF711F80746F2
:10984000204629F077F980462046FBF71FF881462D
:10985000204629F079F98246204629F089F9834685
:10986000204629F034F800B253464A464146CDE935
:1098700000B0384604F008F9204629F077F9074689
:10988000204629F06BF98046204694F878AA29F002
:1098900013F88146204629F024F8034604F11C0001
:1098A0002CF09DFB003818BF01205246CDE9003056
:1098B00041464B46384604F0FDF804F6A4302CF03F
:1098C0008EFB034604F6A8302CF089FB014604F613
:1098D000AC302CF084FB0246184604F001F929F064
:1098E0004CFF02AC034688B3204629F04AFFA37D13
:1098F0002BB91A4618460093217D04F0F9F820464A
:1099000029F052FFD4E90112207804F067F92146CA
:10991000042228682DF041FC0746306807F1FF3823
:1099200003681B689847064604F034F96C2303FB70
:109930000744B8F1000F0DDA2B6803F50433B3F8D0
:1099400080006FB0BDE8F04F04F096B802460146C3
:109950000090D2E714F8643C53B154F8442C002131
:10996000B2428CBF0022B21AA4F1640004F0E4F801
:1099700008F1FF386C3CDCE76FB0BDE8F08F00BF4A
:1099800048560220385602204056022038B5084674
:109990001446F7F719FB0A49F7F76EFB0949F7F781
:1099A00063FA04F03F040546601CF7F711FB01461B
:1099B0002846F7F761FBF7F761FD00F5FA7038BD4F
:1099C0000000C04000007A4308B500F5B0304FF009
:1099D0007E51D0F87001F7F747FA01460548F7F7CE
:1099E000FFFB4FF07C51F7F73FFAF7F747FDC0B2A6
:1099F00008BD00BF0000C84200F5B03393F89522BF
:109A0000D2070CD50139C9B203290AD8064A93F8FE
:109A1000A132505C1840003818BF01207047012067
:109A200070470020704700BFB4CB04002DE9F84F09
:109A300006461C460B9BF9F797FC704B7467336026
:109A40000A9B06F18000B3670C9B06F5A535F3670A
:109A5000F9F794FB06F5067027F063FE684B06F5F0
:109A60001E74336005F5D4752046B83427F047FEE0
:109A7000AC42F9D106F5AF3406F5B037683407F5D6
:109A8000B4752046303427F03AFEAC42F9D10024B8
:109A90004FF000084FF0000906F5A03306F5A93095
:109AA0002146C3F8A84B40F6282200F59C703BF0F5
:109AB0007BFE06F5A833C3F8604DC3F83443C3F802
:109AC000644D504B06F5063A336003F58873C7F8CA
:109AD00068310D9B06F50435C7F848330AF1A80034
:109AE00001224949C7F8544329F0CCFFC7E9D344C0
:109AF000C7E9D644C7E9D944C7E9DC4487F86043DD
:109B000087F86C4321464FF48072C5E91E44C5F8BE
:109B1000804085F8844005F188003BF045FE06F55D
:109B2000073B21464FF4D86205F5C4703BF03CFE7C
:109B300021462822C5F84848C5F84C48C5F8504881
:109B4000C5F85448C5F85848C5F85C48C5F8604899
:109B5000C5F86448A5F8684C85F86A4C0BF14000DC
:109B60003BF022FE85F8684A21462C22CAE91A8970
:109B7000CAE91C890AF178003BF016FE2146102242
:109B80000AF269203BF010FE2146202285F8794A2E
:109B9000C5F87C4A0AF520703BF006FE21464022BB
:109BA000C5F8A04A0AF529703BF0FEFD4FF480721B
:109BB000214685F8E44A0AF2E5203BF0F5FD85F8F8
:109BC000E54B85F8E64B0BF10800CAE9FA89CAE9CA
:109BD000FC890E494BE9028985F8004CC5F8044C14
:109BE000C5F8386C38F0BFF94FF4EC72214607F530
:109BF000B8703BF0D9FD3046BDE8F88F2073040003
:109C000018790400187A04000080C96AE98C0300FE
:109C100038B504460D46806E03681B6898470022DD
:109C200004F5063335B141F2883140185241C3E999
:109C30001A0238BDD3E91A210A4303F17003F8D19F
:109C4000034A801845F1000543E90205F1E700BF2A
:109C500080EE36002DE9F04700F504381C46D8F8B0
:109C6000543807460D461646D2F80090ACB0002B8B
:109C70005FD000F50630042254303BF0A8FD0028E8
:109C800057D1042CC8F854080DF102084FD0022215
:109C90005849301D3BF09BFD50B98523ADF800308D
:109CA0002B68CDF80230AB88A8F80430082333E0E5
:109CB00096F804A0BAF1000F39D1052C15D18523EF
:109CC0008DF800302B68072CCDF80230AB888DF86A
:109CD00001A0A8F80430CDF8089015D9F3790C2C20
:109CE0008DF80C3014D8002313E073791A011BB1DE
:109CF000294638462BF079FE8523062C18BF96F8A6
:109D000006A08DF80030DDE700238DF80C30EAE77F
:109D1000337B8DF80D300E239DF80010013B0DF1C3
:109D2000010238462CF0AEFB2CB0BDE8F08786234C
:109D3000B4E7D8F858381BB3042C49D007F50630DF
:109D40000422294658303BF042FDD8B9C8F85808DB
:109D50004FF08708043C782CA8BF7824ADF8008029
:109D60002B682246CDF80230AB88311D02A8ADF831
:109D700006303BF0F3FC4146E31D0DF10102D0E754
:109D8000042C25D0D8F85C38994505D10023C8F8B3
:109D90005C384FF08B08DDE7D8F86438994517D167
:109DA000043CAA2C4FF00003A8BFAA248C25C8F8B5
:109DB00064382246311D0DF10600ADF80050CDF893
:109DC00002903BF0CBFC631D29460DF10102A8E790
:109DD000786E8C2503685B6B9847AE2CA8BFAE24C9
:109DE000314622460DF10200ADF800503BF0B6FCC2
:109DF000631CE9E765AB04002DE9F04700F5043486
:109E0000D4F880600746FF2E8846914625DD4FF046
:109E1000000AAD22A56F3B490AEB05035842C0B2C8
:109E2000DBB258BF434202FB037303F5B13393F82F
:109E300079311B2B34D821FA03F3DB0730D5013EEF
:109E400056453EDCE36FFF335A42D2B2DBB258BF15
:109E50005342FF2EC4E91F3627D14A46AD23AC2A10
:109E600028BFAC22E06F414658433B1800F5B130A3
:109E700003F5B13300F2791083F8782138443BF0D0
:109E80006DFCE36F01335A42D2B2DBB258BF53428A
:109E9000E367D4F880300133C4F88030BDE8F08740
:109EA0000AF1010AB245B7D1564601356B42DBB221
:109EB000EDB206F1FF3658BF5D42A567C4F8806079
:109EC000CBE7AD2205EB0A004342DBB2C0B258BF7C
:109ED00058426B1C53445942C9B2DBB258BF4B4283
:109EE00002FB007002FB037100F5B13001F5B131E6
:109EF00001F5BC7100F5BC703BF030FC0AF1010AC1
:109F00009EE700BF000102082DE9F04F00F5043A7A
:109F10001F469AF8683A0646022B88461546C1B095
:109F20006BD911238DF85030002A64D092F90201C8
:109F3000F7F74EF84FF07A51F7F79EF84FF081415E
:109F4000F7F79AF8F7F774FA40B2002304248DF873
:109F50005100ADF85230414630462BF04EFF04F52B
:109F600080726A448046631C02F8B00C002D49D010
:109F700028782CF017F9002844D095F804B003F5A0
:109F800080736B4403F8B0BC002314ADE01C394669
:109F9000284402F8AE3C2CF029F84A98F7F70AFB5F
:109FA000073404EB0009B9F1B00F88BF4FF0B009D6
:109FB00002464A9988BFC4F1B00228193BF0CEFB93
:109FC0004A4629463046FFF717FF30462CF0D9FDA8
:109FD000304603AA5FFA88F12BF0FCFEA8B90C48C2
:109FE000BAF880303A4600934A995B462FF0DAFA85
:109FF00041B0BDE8F08F1046A7E7082301248DF893
:10A000005030A8E74FF0FF0BB9E70DF12D00E7E75F
:10A01000B2C804002DE9F84F074690461D460E468B
:10A0200011F8013B202BFAD03046F7F7C3FA042889
:10A030001ED9B3787C2B1BD14FF00309338803352D
:10A0400025F8033CB378033605F8013C00232B7058
:10A05000B8F1000F16D01C24DFF86CA0013C0AD127
:10A060001524DFF868A0013C17D12046BDE8F88F21
:10A070004FF00009EAE730465AF8041BF7F788FA70
:10A080000028EBD107F50437D7F87C4A94B9284665
:10A090000F49F7F787FA0120E8E75AF804BB58465A
:10A0A000F7F788FA5946024630463BF0CDFB0028C8
:10A0B000D9D1E7E730462B464A464146A0472878A3
:10A0C000003818BF0120D1E7887B0400387B0400EA
:10A0D00068AB04002DE9F0430D4685B00446DDE988
:10A0E0000C8917461E462BF0FEFC95F8410010F037
:10A0F00010000DD04B46324641462046FFF78AFFFE
:10A10000B0B948460C4905B0BDE8F0433BF06FBB21
:10A11000CDE90208CDE900603B46204603222946EE
:10A120002CF046FF204605B0BDE8F0432CF029BDD9
:10A1300005B0BDE8F08300BF7AAB040030B5541E13
:10A14000AF2C28BFAF24EFB005462246013101A84D
:10A150003BF004FB002201AB1A551D2328468DF865
:10A16000B43001A90DF1B503FFF754FF20B9094937
:10A170000DF1B5003BF03BFB0DF1B500F7F71AFA16
:10A18000AF2828BFAF202DA9421C28462CF035F956
:10A190006FB030BD7AAB040030B5012A044697B0E9
:10A1A00005D806212CF042F9012017B030BD4A78BD
:10A1B00000F5043383F8682A0C4B00F5B0350193A1
:10A1C0000B4AD5F89C320B49002B08BF134603A855
:10A1D000482202933BF0C2FAB5F8A232522220463E
:10A1E00001A9ADF854302CF008F9DDE70D0EE12897
:10A1F00040E20100206D04000A2A2DE9F84F0546CF
:10A2000019D9481C2BF0FAFE0B2A03461AD091F8F4
:10A210000B90B9F1000F15D0384A90420BD901329A
:10A22000904218D0364A904205D90132904212D05D
:10A23000344A90420FD0062128462CF0F7F801202E
:10A24000BDE8F88F3048A3F51232A2F5F8728242C9
:10A25000F1D84FF00009481D2BF0D0FEA0F5DA52DE
:10A2600004462A48183A8242E5D891F809B0ABF181
:10A270000502072ADFD891F80AA0AAF10502032AED
:10A28000D9D81846F6F7A0FE2149F6F7A9FF80466F
:10A290002046F6F799FE1E49F6F7A2FF05F5B03401
:10A2A00007464146D4F8B801F7F77AF820B33946A3
:10A2B000D4F8E801F7F774F8F0B194F8E461B6EB7C
:10A2C0000B0618BF0126D4F84803C4F8B881C4F8B7
:10A2D000E87184F8E4B184F8E5A184F8A29204F569
:10A2E000B871FEF7E3FDD4F858330BB13046984708
:10A2F00028462CF090F8A2E70126E4E7679B0600C9
:10A3000076440D00F0010E00B0DB2300C885070085
:10A3100000007A44082A70B504460E4604D8062187
:10A320002CF084F8012070BD481C2BF067FEF6F776
:10A330004BFE0D49F6F754FF04F5B035C5F8C001E2
:10A34000701D2BF05BFEF6F73FFE0749F6F748FF5E
:10A3500005F5B871C5F87001D5F84803FEF7A6FDFC
:10A3600020462CF058F8DDE700007A44172330B57A
:10A3700000F5B03585B004461649D5F8C0018DF812
:10A380000430F6F779FEF7F779F8030A8DF806300E
:10A39000030C10498DF805008DF80730030ED5F831
:10A3A00070018DF80830F6F767FEF7F767F8030AD3
:10A3B0008DF80A30030C8DF809008DF80B30092256
:10A3C000030E01A920468DF80C302CF016F8012060
:10A3D00005B030BD00007A44062A10B50446084690
:10A3E00011D906220B4901303BF0F1F958B920464A
:10A3F0002BF0D1FF20462BF0E4FF20462CF00BF889
:10A40000012003F083FC204606212CF00FF80120E8
:10A4100010BD00BF73BF040073B500F504340546DA
:10A42000D4F8480820B12FF0CAF80023C4F84838FF
:10A4300000264FF40050C4F84C68C4F850682FF060
:10A44000BCF8C4F8480878B14FF40053C4F8503849
:10A45000084B0622694628460093ADF804602BF0AD
:10A46000CCFF012002B070BD042128462BF0DEFF96
:10A47000F7E700BF13000020042A70B504461CD97A
:10A48000D1F801502DB10F4AA5F5C333A03B93423B
:10A4900013D804F5B036D6F84803C6F89C5206F532
:10A4A000B871FEF703FDD6F85C330BB12846984728
:10A4B00020462BF0B0FF012070BD062120462BF076
:10A4C000B5FFF8E79FBB0D001523F0B591B0064628
:10A4D0008DF8003029F04FF948B329F04EF93F21AB
:10A4E0000346234A0DF1010024F052FD00270DF12F
:10A4F000060429F04AF90346E8B110AA151B27B94A
:10A500001DB12C22013D04F8012B29462046194A91
:10A5100024F03EFD031E0EDDAB420CD21C4410ABFA
:10A520001D1B65B12C23013D04F8013B07E0012709
:10A530000DEB0704DDE710AB1D1B002FF1D006F576
:10A54000B03393F889322946003B18BF01232046D7
:10A55000094A24F01DFD031E02DDAB4238BFE4189A
:10A5600069463046621A2BF048FF012011B0F0BD59
:10A570008AAB040091AB0400A1AB040070B5032AC0
:10A58000054690B062D9541E3F2C28BF3F240026B8
:10A590002246013168463BF0E1F804F140030DEB3F
:10A5A00003043A21684604F8406C3BF02FF9044656
:10A5B000B8B3067026496846F6F7EAFF80B96478B2
:10A5C000A4F1310044424441204629F0D9F805F570
:10A5D000B03383F8F641D3F8480303F5B87118E0B7
:10A5E00068461C49F6F7D4FF00BB601C3BF0E7F857
:10A5F000194B421E9A4214D80A2838BF0A2005F582
:10A60000B034C4F8F80129F0C4F8D4F8480304F5CC
:10A61000B871FEF74BFC28462BF0FDFE012010B070
:10A6200070BD062128462BF001FFF7E768460B496D
:10A63000F6F7AEFF0028F4D1627805F5B033A2F149
:10A6400031014A424A4183F88922C4E70621EAE7F8
:10A6500000A3040004A304007F510100B1AB040077
:10A66000052A10B50446084611D905220B490130C8
:10A670003BF0ADF858B904F5B033D3F848032AF0ED
:10A680008BF920462BF0C7FE012003F03FFB20464C
:10A6900006212BF0CBFE012010BD00BF4EB80400F8
:10A6A0001A2310B5044688B00DF1050012498DF843
:10A6B00004302BF09BFC0DF109000F492BF096FCA8
:10A6C0000DF10D000D492BF091FC0DF111000B491E
:10A6D0002BF08CFC0DF1150009492BF087FC0DF1D6
:10A6E000190007492BF082FC1922204601A92BF002
:10A6F00084FE012008B010BD689B060077440D0061
:10A70000F0010E00B4232DE9F04300F5B038B3B0EA
:10A71000ADF8C430D8F850330E461546002B00F083
:10A72000A3809847F6F754FC9DF8C5909DF8C43077
:10A7300009F103029A4239DA4E49F6F751FD002138
:10A740000746F6F737FE002800F0908007F100403A
:10A750004949F6F791FC4FF07C51F6F785FBF6F787
:10A760008DFE002104463846F6F724FE10B1E4437E
:10A77000A4B20134012209F1C8036B4403F8C42CCC
:10A7800009EB020332AA52FA83F3742203F8C42CB1
:10A7900032AB09F1020253FA82F202F8C34C09F11A
:10A7A0000403240A02F8C44C8DF8C5302946334806
:10A7B00001AAF7F779F8D8F85403002842D00368C3
:10A7C0005B68984701468046F6F71CFE002839D1A1
:10A7D0009DF8C5709DF8C430FA1C9A4232DA002107
:10A7E0004046F6F7E7FD002842D008F10040244932
:10A7F000F6F742FC4FF07C51F6F736FBF6F73EFEDB
:10A80000002104464046F6F7D5FD10B1E443A4B25A
:10A810000134012207F1C8036B4403F8C42C32ABA6
:10A82000BA1853FA82F2672302F8C43C32ABBA1C5E
:10A8300053FA82F202F8C34C3B1D240A02F8C44CBE
:10A840008DF8C530AB0704D528F097FF08B128F084
:10A85000AAFF9DF8C5403046224601A93AF07EFF86
:10A86000204633B0BDE8F08300205DE738466FE74F
:10A870004046BCE700007A440000C842200F002098
:10A880000000204108B5806F03681B689847034BA0
:10A89000984294BF0020012008BD00BFFF7FC96A15
:10A8A000F0B50446B5B01CA80BAD26F03AFF402227
:10A8B000294604F5067026F086FF402805D0412180
:10A8C000284627F0DCFE35B0F0BD002641270B23DB
:10A8D0002021184A03A8CDE900578DF86C60F9F7DC
:10A8E000BFFA03A91CA826F028FF9DF87030013B91
:10A8F000DBB2FD2B03D90136B6F5807FE7D104F535
:10A9000006331CAE03F5207324AC324603CAA242C0
:10A9100018605960164603F10803F6D14121284614
:10A9200027F0ADFE202103A827F0A9FE60211CA876
:10A93000C7E700BFB8CB040010B52EF0EEFB084906
:10A94000072204463AF080FF38B9E01D2EF0E5FBFF
:10A950000078B0FA80F0400910BD0020FCE700BF8D
:10A96000C6B6040038B52EF0D8FB0C460546FFF7F6
:10A97000E3FFB8B928460D49F6F70AFEA0B128460C
:10A980000B49F6F705FE78B128460A49F6F700FEAE
:10A99000044638B128460849F6F7FAFD041E18BFE8
:10A9A00001246442204638BD0124FBE74CB5040075
:10A9B00001B70400CEA80400D7BA040070B52C4E2D
:10A9C0003578002D51D12B4C4FF4EC72294620469E
:10A9D0003AF0EAFE2046284B284940F8383BF6F783
:10A9E000E1FD40F20751616725490022A1674FF060
:10A9F000C841244B2448E366244BC4E91F01A364E7
:10AA0000234B4FF48071E36422654FF07C53C4F80C
:10AA1000982040F201124FF4967C6365A4F88410EC
:10AA20001C4B4FF46161C4F8142140F60F72A36609
:10AA30000123A4F81C21C4E922C1174A84F8333148
:10AA400084F8865084F8905084F81851A4F81A318C
:10AA500084F8673184F8215184F8225184F8D23186
:10AA6000A4F86A51C4F86C213370024870BD00BF6D
:10AA700067A50220483802200000104153B20400AC
:10AA800000007A42CDCC4C3E404008008D675944CE
:10AA90001600002F9A99993E0101FFFF2DE9F04F12
:10AAA0001646044688468DB0042230469B491D4612
:10AAB0003AF08DFE002840F07581043609223046B8
:10AAC00097493AF084FE28BB63694FF07E511868BD
:10AAD000F6F7CAF901469348F6F782FB0646F6F701
:10AAE000A7FC0446F6F774FA01463046F6F7BAF9C1
:10AAF0008D49F6F7C1FA4FF07C51F6F7B5F9F6F744
:10AB000097FC2346894A00904FF48071284624F030
:10AB10003FFA21E00222304685493AF058FE60B9FA
:10AB200063691868F5F710FECDE90001814A4FF41A
:10AB30008071284624F02CFA0EE00A2230467E4925
:10AB40003AF045FE60B9636993F87F307B4A4FF471
:10AB50008071284624F01CFA01200DB0BDE8F08F6A
:10AB60001222304676493AF032FE20B9754928461D
:10AB7000F6F718FDF0E70A22304673493AF027FE4F
:10AB800018B9636993F87730E0E7102230466F49CF
:10AB90003AF01DFE48B9636993F815216C4B6D4975
:10ABA000002A08BF0B466C4AD1E70C2230466B499D
:10ABB0003AF00DFE18B9636993F81421EEE7052207
:10ABC000304667493AF003FE00283DD1636908AE7C
:10ABD000986FF5F7B9FD634ACDE9000110213046C1
:10ABE00024F0D6F92E2130463AF010FEB0B13046AE
:10ABF000F6F7E0FC58B1431EF25C302A22D003F194
:10AC000030026A4412F8102C2E2A08BF184600F1B0
:10AC100030030DEB0300002300F8103C636993F848
:10AC20007520049293F87420CDE90262986CF5F7D0
:10AC30008BFD4D4ACDE900014FF48071284624F088
:10AC4000A7F989E71846D5E70722304647493AF081
:10AC5000BEFD08B946498AE70722304645493AF021
:10AC6000B6FDC0B9A06903685B6F98470646A06946
:10AC700003689B6F9847F5F767FDCDE90201304601
:10AC8000F5F762FD3C4ACDE900014FF4807128469A
:10AC900024F07EF960E70E22304638493AF097FDFD
:10ACA00008B9374963E70E22304636493AF08FFD3E
:10ACB00020B9636993F83331334A48E73046334962
:10ACC000F6F766FC18B9636993F94C30F4E707228C
:10ACD00030462F493AF07BFD78B92E492846F6F7E1
:10ACE00061FCA069FE220368A91CD3F88C30984748
:10ACF00000287FF431AF284939E70422304627493C
:10AD00003AF065FD002840F011836369986CF5F70F
:10AD10001BFD234ACDE9000109E700BF96C10400ED
:10AD2000F4AC04000000C8420000204111AE040051
:10AD3000EDAC04001BAE040002AD040022AE040022
:10AD40003DAD040027AE040067AD04004BAE040027
:10AD50004CB50400CEA80400A6A3040019AD04005D
:10AD6000DAAC0400E6AE04005CAE040031AD0400D1
:10AD70006CAE040076AD04008CAE040082AD04001D
:10AD8000ADAE040054AD0400D4AE04002AAD0400FE
:10AD9000D9AE0400E1AE04006CAB0400E4AC0400E6
:10ADA000E4AE040004223046A6493AF010FD002823
:10ADB00040F0BC82371D0A223846A3493AF007FD0D
:10ADC00000284ED1FFF7FAFD4FF07E510068F6F7EC
:10ADD0004BF801469D48F6F703FA08AA014606F12A
:10ADE0000E002EF0B0F908B99949C0E6089E9949BD
:10ADF0003046F6F7DFFA20B930469449F6F7F8FA0C
:10AE000008B19549B3E631469048F6F7E9F94FF0B5
:10AE10007E51F6F727F86769386020462EF01EFA53
:10AE200063694FF07E511868F6F71EF801468748AF
:10AE3000F6F7D6F90646F6F7FBFA0446F6F7C8F831
:10AE400001463046F6F70EF88249F6F715F94FF04D
:10AE50007C51F6F709F8F6F7EBFA23467F4A0090A3
:10AE600052E6032238467E493AF0B1FCE8B9FFF7D2
:10AE7000A5FD08AA0168F01D2EF065F908B9794909
:10AE800075E6089E00213046F6F794FA20B9304660
:10AE90007549F6F7ADFA08B1744968E663691E6052
:10AEA00020462EF0DBF9724961E60B2238467149E3
:10AEB0003AF08DFCC8B9A0690368DB6898476E4911
:10AEC000F6F766FB08B96D4951E6FFF777FD08AA6A
:10AED00090F87F1006F10F002EF058F90028CED020
:10AEE0006369089A83F87F20DAE7132238466449B9
:10AEF0003AF06DFC00283FF439AE0B223846614928
:10AF00003AF065FC90B9FFF759FD08AA90F8771060
:10AF100006F10F002EF03AF930B1089B012B03D84F
:10AF2000626982F87730BBE7574920E60622384647
:10AF300056493AF04CFC002840F0DD8004F11C003A
:10AF40000A360096064683238421514A24F020F8CD
:10AF50002C230422304608A927F0BDFB0128814696
:10AF600040F0A2800898FFF7E7FC002800F09E80E0
:10AF7000FFF724FDD0F84880FFF720FD876FFFF72B
:10AF80001DFD90F87460FFF719FD90F8759040462C
:10AF90004049F6F723FA002800F0AB8040463E49CE
:10AFA000F6F712FA002800F0A480731F072B00F2B6
:10AFB000A080A9F10503032B00F29B803846374996
:10AFC000F6F70CFA002800F0948038463449F6F77A
:10AFD000FBF9002800F08D8063699A6FD3F848B0C0
:10AFE000C3F8488093F874A0069293F875206369BB
:10AFF00007929F67636983F87460636983F875904B
:10B00000A06903681B689847A069079A03680092C3
:10B010005946D3F87090069A5346C8474146584659
:10B02000F6F7BEF938B139460698F6F7B9F910B116
:10B03000B24500F02E81012120462EF01CF919495D
:10B0400095E500BFA2C10400D5AB04000000C842D2
:10B05000EBAE04000000204117AF040037AF04003E
:10B06000CDAB040044AF04000000104168AF040001
:10B0700065AB0400E4AB040096AF04007EAF0400AF
:10B080002CAC040058AC0400A0AF0400C2AB040018
:10B09000BFAF04000000164300401C450000E04024
:10B0A0000000FA43C4AF0400002822DD0021089804
:10B0B00024F066F9B9F1010F80460BD00021099800
:10B0C00024F05EF9B9F1020F074605D100264FF0D2
:10B0D00000095CE70027F9E70A983AF070FBB9F13C
:10B0E000030FC6B2F3D00B983AF069FB5FFA80F910
:10B0F0004DE78F493BE5082238468E493AF067FB19
:10B10000A0B90C363046FFF717FC48B1FFF756FCE4
:10B11000006D6369186520462EF0A0F8864926E583
:10B1200030463AF049FBF5F749FEF2E70822384687
:10B1300082493AF04CFBA0B90C363046FFF7FCFBD5
:10B1400048B1FFF73BFC406D6369586520462EF01F
:10B1500085F87B490BE530463AF02EFBF5F72EFEDD
:10B16000F2E70F22384677493AF031FBA0B913369F
:10B170003046FFF7E1FB48B1FFF720FC806E6369C2
:10B18000986620462EF06AF86F49F0E430463AF0AF
:10B1900013FBF5F713FEF2E70F2238466B493AF03E
:10B1A00016FB90B9FFF70AFC08AA90F8331106F1D4
:10B1B00013002DF0EBFF10B1089B022B01D964495D
:10B1C000D5E4626982F833316AE603223846614980
:10B1D0003AF0FDFA10BBFFF7F1FB08AA90F94C100A
:10B1E000F01D2DF0D3FFB0B1089B03F109021F2A17
:10B1F00011D86269204682F84C302EF02FF8D4E93D
:10B200000520036892F94C10DB6A98476369524A3B
:10B2100093F94C309BE41623504A98E4B8F1000FA0
:10B2200039D1052238464E493AF0D1FA002832D1B8
:10B23000FFF7C4FB08AA816C06F109002DF083FF1B
:10B2400050B1089E47493046F6F7C8F820B130465D
:10B250004549F6F7B9F808B9444988E463692046D6
:10B260009F6C9E642DF0FAFFD4E9052092F875C01A
:10B27000016892F87430CDF800C0D1F87080926FF8
:10B280003946C04739463046F6F78AF800283FF479
:10B29000D2AE37496BE41122384636493AF097FA74
:10B2A00000BBFFF78BFB90F8151106F11500FFF7B7
:10B2B00059FB0128064613D8636983F81501204617
:10B2C0002DF0CCFFA06906F0010103685B6B984785
:10B2D00020B16369284A93F8153138E4274946E4D8
:10B2E000274944E40D22384626493AF070FAE8B975
:10B2F000FFF764FB90F8141106F11100FFF732FB21
:10B3000001280646ECD8636983F8140120462DF025
:10B31000A5FFA06906F0010103681B6B9847002890
:10B32000DCD06369184A93F8143110E4002014E467
:10B33000FAAF04001FAC040036B0040068AC04008F
:10B340005CB0040075AC040082B0040044AC04009E
:10B35000AFB004000FAC0400D1B00400E6B00400AC
:10B360000CB104000000164300401C4512B104005B
:10B37000E5AF040038B104004AB1040063B1040031
:10B3800076B10400FDAB040096B104002DE9F04F46
:10B39000171D04461646B3B00B223846AB491D466E
:10B3A0003AF015FA20BBFFF709FB06F10F0190F800
:10B3B0008120A7482DF017FF431C06D1A549284638
:10B3C00033B0BDE8F04FF6F7EDB86369C0B283F86B
:10B3D0008100FAF79DFD20462DF040FF9E4B9F4ACD
:10B3E0004FF48071284633B0BDE8F04F23F0D0BD54
:10B3F000082238469A493AF0EAF9B8B9FFF7DEFA76
:10B4000006F10C0190F8822096482DF0ECFE471CC6
:10B4100001D19549D3E76369C0B283F88200FAF796
:10B4200085FD20462DF01AFF904BD8E710223846B4
:10B430008F493AF0CCF920BB14360A2230461AA9BB
:10B440001A9624F013F91A9B07461A78252A08BF82
:10B450005A78B34202D00AB9642801D98549AEE7C7
:10B460006369C0B283F88300FAF770FD20462DF0BF
:10B47000F5FE3B46804A4FF48071284623F088FD54
:10B48000A6E1052238467D493AF0A1F908BBFFF74D
:10B4900095FA90F8801006F10900B1FA81F1490996
:10B4A000FFF760FA461C01D1754988E7B0FA80F0D1
:10B4B0006369400983F88000636993F8800000386D
:10B4C00018BF0120FAF718FD20462DF0C7FE6D4980
:10B4D00075E7072238466C493AF079F9804600282A
:10B4E00051D106F10B070722384668493AF06FF947
:10B4F00078B3F67A322E2CD00522384664493AF0D9
:10B5000066F948B3332E27D00222384661493AF013
:10B510005EF920B3312E22D0032238465E493AF03C
:10B5200056F970B3302E1CD03846FFF705FA08B92B
:10B530005A4944E7FFF742FA90F83001FAF710FD54
:10B54000831E012B80460CD828F07EFC48B9544954
:10B5500035E74FF00208F7E74FF00308F4E74FF044
:10B5600001085FFA88F840466669FAF701FD002194
:10B5700086F830014046FAF713FD404602F03CFBE6
:10B58000A2E78046EDE70922384646493AF01FF91E
:10B5900090B9FFF713FA90F81A1106F10D00FFF7B2
:10B5A000E1F9411C80D0636983F81A01A06903683E
:10B5B000D3F89030984787E70B2238463A493AF05B
:10B5C00006F918BBFFF7FAF91AAA90F91B1106F150
:10B5D0000F002DF0DBFD50B90C2300936FF0070333
:10B5E000324A4FF48071284623F0D2FCF0E01A9BD7
:10B5F00003F10802142A05D90C2300936FF0070306
:10B600002B4AEEE7626982F81B31CFE70F223846FA
:10B6100028493AF0DCF8002852D1FFF7CFF91AAAEE
:10B6200090F81C1106F113002DF0B0FD08B9224965
:10B63000C5E61A9B2BB1A3F10A02F52A01D91F49CD
:10B64000BDE6626982F81C31B0E700BFA5B5040011
:10B65000207C0400B1B50400E4B10400DCB50400B2
:10B66000E1B50400007C0400EAB50400B2C804009F
:10B6700019B604002AB604003FB604005AB6040006
:10B6800060B6040065AB040082B604006CA504003B
:10B6900074A504004CB50400CEA804008AB60400CA
:10B6A000CEB6040003B704000DB7040019B70400B8
:10B6B0003BB7040059B7040069B70400A8B70400F9
:10B6C0000C223846A1493AF082F8B8B9FFF776F96A
:10B6D0001AAA90F81D1106F110002DF057FD08B9B7
:10B6E0009B496CE61A9B2BB1A3F10A02502A01D99F
:10B6F000984964E6626982F81D3157E709223846A5
:10B7000095493AF064F840B9002120462DF0B3FD88
:10B710006369924A93F91B3162E6092238469049DF
:10B720003AF055F8804600286BD1034609AFADF8D2
:10B7300024000C361AAAB87016F8011F21B1013383
:10B740001F2B02F8011BF7D10022C8336B4403F80A
:10B75000602C0AA9202304221AA826F0BCFF012885
:10B7600006462ED1DDF828907E494846F5F710FFB1
:10B77000064630B148467C49F5F70AFF061E18BF59
:10B780000126BA463B464FF0000B0DF12809B345A0
:10B7900021DBA06939460368F2B29B6B984770B30E
:10B7A00000236269A2F81E3182F82031B0451DDB0A
:10B7B00020462DF053FD6D496D4B002E08BF1946F4
:10B7C000FDE50328DDDD032228466A4923F00AFC53
:10B7D00033B0BDE8F08F59F8040B079339F0EFFF51
:10B7E000079B0BF1010B03F8010BD0E763691AF813
:10B7F000012B434483F81E2108F10108D6E75E4976
:10B80000DDE5162238465D4939F0E1FFD0B9FFF792
:10B81000D5F81AAA90F84F1006F11A002DF0B6FCD0
:10B8200008B95749CBE51A9B5A1E012A01D9A82B02
:10B8300001DD5449C3E5626982F84F30A0690368AD
:10B84000DB69B7E6102238464F4939F0C0FF00BB2C
:10B85000FFF7B4F890F84E101AAA490006F1140048
:10B860002DF094FC10B93C23484AB9E51A9B5A1EA6
:10B870003A2A01D9F02B02DD3C23454AB0E5626942
:10B8800003EBD3735B1082F84E30A06903689B69A9
:10B8900090E60F2238463F4939F099FF30B9606988
:10B8A00006F1130158302DF091FC0DE608223846C0
:10B8B000394939F08CFF28BB402106F10C020AA857
:10B8C00026F0E5FE08B9354979E50AA8F7F772FDD3
:10B8D0000028F8D01AA825F024FF40220AA91AA8A7
:10B8E00025F047FFA0691AA903689B6D9847284671
:10B8F0002B49F5F757FE20221AA905F12100F8F788
:10B90000FDFA65E705223846264939F060FF002830
:10B910005AD10836314611F8013F1BB96269101D32
:10B9200003324AE03A2B0AD8292BF4D91E4A2A3B83
:10B93000DBB222FA03F3DA07EDD51C493FE53F2BD2
:10B94000FBD05B3B022BF8D9E5E700BFDDB7040075
:10B95000EAB704001FB804004AB8040054B8040051
:10B960008DB80400D7BA0400CEA804007BB504004B
:10B970008EB5040097B80400B3B80400E1B8040021
:10B98000F8B8040023B90400E7B8040048B904007B
:10B9900076B904009EB90400AEB90400B7B904003A
:10B9A000C6B9040089AC040005000100A4BE04006F
:10B9B00001331F2B02F8011F03D016F8011F0029C5
:10B9C000F6D10022C2547FE507223846964939F065
:10B9D000FEFEF8B90B3602223046944939F0F7FEE4
:10B9E00038B9636983F84D0020462DF037FC904943
:10B9F000E5E4032230468F4939F0E9FE40B90122DF
:10BA00006369204683F84D202DF028FC8A49D6E44E
:10BA10008A49D4E404223846894939F0D8FE80B9ED
:10BA200008363046FEF788FF38B1FEF7C7FFD0E989
:10BA30000A016369C3E90A0146E5304639F0BCFEF4
:10BA4000F7E7042238467F4939F0C1FE80B908364D
:10BA50003046FEF771FF38B1FEF7B0FFD0E90C01B8
:10BA60006369C3E90C012FE5304639F0A5FEF7E71D
:10BA700011223846744939F0AAFE90B9FEF79EFFAC
:10BA80001AAA90F87E1006F115002DF07FFB10B178
:10BA90001A9B402B01D96D4991E4626982F87E308E
:10BAA00012E5132238466A4939F091FE88B9FEF74B
:10BAB00085FF1AAA90F87D1006F117002DF066FB9D
:10BAC0000028E8D01A9B402BE5D8626982F87D30C7
:10BAD000FAE40A2238465F4939F079FE88B9FEF760
:10BAE0006DFF1AAA90F87C1006F10E002DF04EFBA7
:10BAF0000028D0D01A9B402BCDD8626982F87C30C8
:10BB0000E2E413223846544939F061FE002828D176
:10BB1000A0690368DB6898475049F5F739FD08B913
:10BB20004F494CE44F491AAA06F117002DF00BFBC0
:10BB300008B94D4943E41A9E00213046F5F74EFC02
:10BB400068B14FF080413046F5F73EFC38B163698B
:10BB50003146DE66A0690368DB6F9847B4E4434969
:10BB60002DE40B223846424939F031FE98B9636919
:10BB70000E369C3316F8011F21B162699C329A1A65
:10BB8000762A02DD00221A709EE47C2908BF0A2171
:10BB900003F8011BEEE70C223846364939F017FE50
:10BBA000002839D1A0690368DB6898472B49F5F76D
:10BBB000EFFC0028B4D01036032230461D4939F07E
:10BBC00006FEE0B1072230462B4939F000FEE8B10D
:10BBD00008223046294939F0FAFDC8B1062230461C
:10BBE000274939F0F4FDA8B13046FEF7A5FE50B163
:10BBF000FEF7E4FE90F83501FF283FF4E9AD6369F4
:10BC000083F8350160E41F49FFF7D9BB0120F6E74F
:10BC10000220F4E70320F2E738461B49F5F7B8FCA9
:10BC2000B0BB1A49FFF7CBBBE8B904004CB5040020
:10BC3000F0B90400CEA8040006BA04001DBA04003E
:10BC400036BA04003BBA040040BA040052BA0400F9
:10BC500070BA040084BA04008FBA040096AF0400DE
:10BC60007EAF0400CDCC4C3EA3BA0400C4BA04009D
:10BC7000D9BA0400E5BA0400CBB20400D5B204007E
:10BC8000E0B20400F2BA04002DBB040043BB040080
:10BC900016223846AA4939F09AFD00284BD106F100
:10BCA0001A0039F08CFD0646206803681B68984727
:10BCB000804610B9A349FFF782BBB7B2A7F6B833E5
:10BCC000B3F5AF6F02D9A049FFF779BB20680368CD
:10BCD000DB68984781463846F5F776F94946F5F727
:10BCE000CBF907464046F5F76FF901463846F5F7B8
:10BCF00077FA074663693946C3F8980020680368F5
:10BD00009B689847002851D020462DF0A7FAB6B27C
:10BD10003846CDE90486F4F717FDCDE9020148461F
:10BD2000F4F712FD894ACDE900014FF480712846ED
:10BD300023F02EF94CE513223846854939F047FDAA
:10BD400000283AD1206803681B68984707460028F6
:10BD5000B0D0804B20681B68B3F800900368DB68A4
:10BD6000984780464846F5F72FF94146F5F784F99C
:10BD700006463846F5F728F901463046F5F730FA19
:10BD8000064663693146C3F89800206803689B68DB
:10BD9000984758B120462DF061FA3046CDE9047934
:10BDA000F4F7D2FCCDE902014046B9E7002263690D
:10BDB000C3F898206849FFF702BB0F22384667494D
:10BDC00039F005FD00283DD1FEF7F8FD1AAAD0F89C
:10BDD000981006F113002DF0B6F978B11A9E0021E3
:10BDE0003046F5F7DDFA60B930465D49F5F7E2FA1D
:10BDF00020B930465B49F5F7FBFA10B15A49FFF715
:10BE0000DEBA2068314603689B6898470028D1D085
:10BE100063692046C3F898602DF020FA002130466F
:10BE2000F5F7BEFA10B15149FFF7C9BA3046F4F739
:10BE30008BFC4F4ACDE900014FF48071284623F076
:10BE4000A7F8C5E4072238464A4939F0C0FCC0B912
:10BE5000FEF7B4FD90F8161106F10B00FEF782FD17
:10BE600001280BD8636983F8160120462DF0F6F9F6
:10BE70006369414A93F81631FFF7B2BA3F49FFF7B9
:10BE80009EBA0F2238463E4939F0A1FC60B9FEF750
:10BE900095FD90F8211106F11300FEF763FD0128CE
:10BEA000ECD83849FFF78BBA0D223846364939F0BD
:10BEB0008EFCC0B9FEF782FD90F8221106F1110048
:10BEC000FEF750FD01280646D8D800F0010001F029
:10BED000FBFB6369204683F822612DF0BFF93346EE
:10BEE0002A4AFFF77DBA0A223846294939F06FFC01
:10BEF000002851D1FEF762FD1AAA90F9231106F12C
:10BF00000E002DF043F928B90E2300936FF00B03B8
:10BF1000FFF766BB1A9E06F10C031A2B05D90E23F8
:10BF200000936FF00B03FFF76BBB6369204683F848
:10BF300023612DF093F93346164AFFF751BA00BF3B
:10BF400080BB040097BB0400BBBB0400E5BB04003E
:10BF500011BC040064770400AAB3040025BC0400EB
:10BF60000000C8420060EA4635BC040073BC04000F
:10BF700097BC0400B3BC0400BBBC040076B1040051
:10BF8000DCBC0400ECBC0400FEBC04000CBD0400DE
:10BF9000CBAC040021BD04005F490822384639F0CB
:10BFA00016FC014698B906F10C00FEF7DBFC0128EF
:10BFB000044609D800F0010027F0FDFB012C0CBF5E
:10BFC00056495749FFF7FBB95649FFF7F8B90B2215
:10BFD0003846554939F0FBFB70BB0F3637463B7886
:10BFE0000136202BFAD000231AA90A2238461A93C8
:10BFF00023F0B0FB4D4906463846F5F7C9FA60B163
:10C000003B783BB11A9BBB4204D01B7813B9484B19
:10C010009E4204D94749FFF7D2B94FF4616663697C
:10C020003046C3F88C6027F0B3FB20462DF016F99C
:10C030003346414AFFF71FBA082238463F4939F0D4
:10C04000C6FB00283BD10C36374616F8013B202BA7
:10C05000FAD06BB338463549F5F79AFAD0B9A069EA
:10C060000368D3F89C309847064636B1304B9E4261
:10C0700028BF1E460A2E38BF0A2663693046C3F819
:10C08000886027F086FB20462DF0E8F89EB92C4901
:10C09000FFF795B900230A2238461AA91A9323F00C
:10C0A00059FB1A9B0646BB4202D01B78002BDCD002
:10C0B0002449FFF784B93346234AFFF791B90D228B
:10C0C0003846224939F083FB10BBFEF777FC90F825
:10C0D000191106F11100FEF745FC0646A069036838
:10C0E000D3F89830984710B91949FFF768B9731C0D
:10C0F0003FF4DAA96369204683F819612DF0AEF8A0
:10C10000144A154B002E08BF1346144AFFF768B9AE
:10C110003B46134AFFF764B956B4040033BD04002C
:10C1200076BD040088BD04005FB40400C6B60400F8
:10C13000803A0900A9BD0400ECBD04006BB4040002
:10C140003BBE040002BE040057BE04006ABE0400E9
:10C150006CAB0400CEA804004CB5040078BE04000B
:10C160008DBE04002DE9F04F91B004468846154677
:10C170001E46FEF793FC002840F0E381206842460B
:10C1800003682946DF6E3346B847002840F0D9815E
:10C1900028469A49F5F7FCF930B99949304611B06B
:10C1A000BDE8F04FF5F7FEB909222846954939F068
:10C1B0000EFB50B994493046F5F7F4F903212046B7
:10C1C00011B0BDE8F04F2DF0B1B8082228468F49D4
:10C1D00039F0FDFA08B98E49E0E7082228468D4972
:10C1E00039F0F5FA28B1082228468B4939F0EFFAE0
:10C1F00028B98A493046F5F7D5F90421DFE7062248
:10C200002846874939F0E3FA28B986493046F5F7D8
:10C21000C9F90121D3E709222846834939F0D7FA21
:10C2200030B96068814903685B6898478049EDE7E9
:10C230000E2228467F4939F0CAFA40B9A06940F277
:10C24000DC51036800225B6998477B49A6E7062218
:10C2500028467A4939F0BBFA40B9A06940F2DC516E
:10C26000036801225B699847754997E70A222846C7
:10C27000744939F0ACFA00283AD1606803681B6849
:10C280009847804532D9606808F1010103685B680E
:10C290009847042001F0C8FCA0690368D3F89830DF
:10C2A0009847054650B12CF03FFF4FF47A720023B7
:10C2B000F5F704F90146284627F005FD6068036894
:10C2C0001B6898470890002308A8099322F0A6FD50
:10C2D00043695D4A03F26C7303930369013302936C
:10C2E000C36801934368009383681EE0574955E78C
:10C2F00005222846564939F06AFA0746D8B96068D7
:10C3000003681B689847CDE9080708A822F086FD56
:10C310004369504A03F26C73039303690133029338
:10C32000C36801934368009383684FF4807130467B
:10C3300022F02EFE05E105222846474939F047FA4A
:10C34000074670BB0A21043515F8013F303BDAB2CD
:10C35000092A21D9606803681B689847B8421ED231
:10C360006068394603685B689847042001F05CFC0C
:10C37000A0690368D3F898309847044650B12CF070
:10C38000D3FE4FF47A720023F5F798F80146204661
:10C3900027F099FC089796E701FB0737D4E72F4968
:10C3A000FCE6092228462E4939F011FA38B9A0696D
:10C3B0000368DB6B314611B0BDE8F04F184710221F
:10C3C0002846284939F003FA002851D1103528466B
:10C3D000F5F7F0F8402828BF402047102A46394694
:10C3E00008A826F054F938B1A06908A903683A46AC
:10C3F0001B6C98471C49D1E61C49CFE6E0BE0400FF
:10C40000EABE04001FBF040029BF040047BF0400A8
:10C4100050BF040091AD04009AAD04005EBF04005B
:10C4200073BF040023C1040070BF0400EF9344668F
:10C430007ABF040096BF0400A5BF040059C20400DF
:10C44000BEBF0400CFBF0400DABF040003C0040075
:10C4500022C00400EABF040028C004002EC004006B
:10C460004FC0040059C0040065AB04006AC004005A
:10C470000A2228469D4939F0AAF90746002872D1B8
:10C4800004F11C000A350095054683238421984A4F
:10C4900022F07EFD28462C23052208A926F01BF950
:10C4A000051E5DDD3946089822F06AFF012D83469E
:10C4B0004AD03946099822F063FF022D814648D0C0
:10C4C0000A9839F07CF9032D5FFA80FA45D00B9871
:10C4D00039F075F9042D5FFA80F803D00C9839F023
:10C4E0006EF9074658468349F4F778FF002837D09D
:10C4F00058468149F4F768FF90B3AAF10503072B6A
:10C500002ED8A8F10503032B2AD848467B49F4F717
:10C5100065FF28B348467A49F4F756FF00B3002F69
:10C520001EDDA0694A460368CDE9008759461C6EA6
:10C530005346A0473B46734A4FF48071304622F081
:10C5400027FD11B0BDE8F08FB846BA464FF000099C
:10C55000C8E74FF00008C246C4E74FF00008C1E743
:10C56000694B6A4AE8E709222846694939F02FF9F8
:10C5700098B9606905F1090138302CF027FE204692
:10C580002CF06CFE6369634A38334FF48071304697
:10C5900011B0BDE8F04F22F0FBBC0B2228465E49EB
:10C5A00039F015F928B9A0690368DB6D98475B4934
:10C5B000F4E5042228465A4939F009F940B93346CE
:10C5C0002A464146204611B0BDE8F04FF5F700BCC1
:10C5D00004222846534939F0FAF840B933462A462E
:10C5E0004146204611B0BDE8F04FFEF7CFBEB8F18E
:10C5F000000F0DD128464C49F4F7CAFF40B9A06995
:10C6000003681B69984708B14849FFE54849C5E5F3
:10C6100003222846474939F0DAF888B9A069036847
:10C620005B6898470546A06903689B6898472B4656
:10C6300000904FF4807130463F4A22F0A9FC80E719
:10C64000052228463D4939F0C2F830B92068036810
:10C650001B6998473A4A034697E728463949F4F751
:10C6600097FF002878D1206803689B6C98470028C2
:10C6700037D02068344D0368DB6C9847334B002873
:10C6800018BF1D46206803681B6D984700282AD0F4
:10C6900020682D4F03685B6D98472C4B002818BF0E
:10C6A0001F462068DFF8A4900368DFF89CA01B6891
:10C6B00098478046206803681B6C9847002818BF7D
:10C6C000CA46206803685B6C98471F4A43460028A7
:10C6D00018BF4A46A021CDE902A2CDE900571C4A65
:10C6E00025E61C4DCEE71B4FDBE700BF7AC00400F8
:10C6F000BFAF04000000164300401C450000E040AE
:10C700000000FA4385C00400A2C00400A8C00400D1
:10C71000A4B90400E0C00400F1C00400FDC004009E
:10C7200096C10400A2C104000FC3040010C104009C
:10C7300032C104008DB3040049C10400FAA2040010
:10C7400078B5040058C10400CDBE0400D0BE04007A
:10C750005EC10400889F04000B2228469C4939F0E2
:10C7600036F850B9A06805F10B012CF057FD0346CF
:10C7700008B1984A09E7984910E50B2228469749DD
:10C7800039F025F810BB0B3583238421944A04F13A
:10C790001C000095054622F0FBFB202302222846C0
:10C7A0000DEB030125F097FF00280ADD0128089909
:10C7B00008D0099AA06803689B69984720B1894905
:10C7C000ECE48949844AF5E78849E7E40B222846E6
:10C7D000874938F0FCFF0746002850D1A06803685D
:10C7E000DB68984780462846F4F7E4FE0B2809D911
:10C7F0000A210B3515F8012F303AD3B2092B05D990
:10C80000002F01DB474504DB7A49C7E401FB07271A
:10C81000F0E743464FF48071774A304622F0B8FB88
:10C820003046F4F7C7FE3518A5EB0609B9F1850FB8
:10C8300007DDB8451FDD3B462846704AC9F58071C3
:10C84000A6E6A068394603681B6998478246A06837
:10C850003946036801375B6998475346684A009038
:10C86000C9F58071284622F093FB2846F4F7A2FE12
:10C87000B8450544D8D1002305F8013C61E60622FD
:10C880002846604938F0A3FF80B9A0685E4A036873
:10C890005E499B69984738B10122636983F8862015
:10C8A00020462CF0DBFC8AE7594977E4072228462A
:10C8B000584938F08CFF074658B9A068564A0368B3
:10C8C00052499B6998470028EED0636983F88670C7
:10C8D000E6E708222846514938F079FF70B9A06888
:10C8E00003681B6A984708B94D4957E426F045FF8D
:10C8F00008B94C4952E426F056FF60E728464A49F9
:10C90000F4F746FEE8B9A06803681B6A9847002858
:10C91000EAD03E49A0682CF081FC034628B13A4990
:10C92000F4F736FEB0FA80F35B09A02130463F4AA7
:10C9300022F02EFB9A21B01D11B0BDE8F04FF8F7A0
:10C94000E5BC0A2228463A4938F041FF60B9A2689E
:10C950006369D2E90201C3E90A01A2686369D2E905
:10C960000401C3E90C019BE70A222846314938F04B
:10C970002EFF002876D12846F4F71CFE0A280FD196
:10C98000636993F89030012B07D0022B03D0002B62
:10C9900065D1294902E4294900E42949FFF7FEBB92
:10C9A0000B3504222846274938F011FF18B963696E
:10C9B00083F8900074E705222846234938F007FFE2
:10C9C000002843D10122636983F8902068E700BF03
:10C9D0008FC10400A6A30400D4BE04009BC10400C0
:10C9E000BFAF040039A30400B2C80400A7C104000B
:10C9F000BDC10400C9C10400D7C10400E7C10400DF
:10CA0000E0C10400F3C1040001B7040000A3040066
:10CA1000FAC104000FC20400D7BA040017C2040010
:10CA200020C2040037C2040056B4040042C204000D
:10CA30004AC2040055C2040060C2040067C2040078
:10CA40006FC2040062C2040071C2040005222846BD
:10CA5000684938F0BCFE10B902226369B4E7664940
:10CA6000FFF79CBB03222846644938F0B0FE58BB50
:10CA7000A06803681B6A984710B96149FFF78EBB2D
:10CA800026F07BFE10B95F49FFF788BB05A826F0AA
:10CA90008BFE5D4C9DF814105C4B08A8022918BF52
:10CAA0001C4626F079FE5A4A5A4B4FF480710028F2
:10CAB00018BF1346BDF816203046CDE90032234694
:10CAC000554A22F065FA3CE50E222846534938F0D3
:10CAD0007EFE48B901226369204683F884202CF049
:10CAE000BDFB4F49FFF75ABB0F2228464D4938F08E
:10CAF0006EFE30B9636983F8840020462CF0AEFBEB
:10CB0000C1E70B222846484938F061FE50B96369F5
:10CB10003C4A93F88410454B002918BF1A46114629
:10CB2000FFF73CBB09222846414938F050FE38B98E
:10CB3000A069012103681B6A98473E49FFF72EBB95
:10CB40003D490822284638F042FE014630B9A06926
:10CB500003681B6A98473949FFF720BB092228461A
:10CB6000374938F034FE30B9A06903685B6A9847EA
:10CB70003449FFF713BBB8F1000F38D10322284620
:10CB8000314938F024FE30B9A06903689B6A9847A0
:10CB90002E49FFF703BB0D2228462D4938F017FE1A
:10CBA00038B96B7B13F0DF0F03D1A06903681B6DED
:10CBB00000E40B222846274938F009FE40B9EB7AF9
:10CBC00013F0DF0F04D1A0690368DB6CFFF7F2BB41
:10CBD0000A222846204938F0FAFD40B9AB7A13F012
:10CBE000DF0F04D1A06903689B6CFFF7E3BB1B490F
:10CBF000FFF7D4BA69C204004CCA040000A30400C1
:10CC000077C20400CEA80400D9BE040063B40400B7
:10CC1000F7B40400F4B4040086C204009AC204000D
:10CC2000A9C20400BFC20400CFC204004CB5040076
:10CC3000DBC20400E5C20400F3C20400FCC204002D
:10CC40000BC3040015C3040023C3040027C304005E
:10CC50002EC304003CC3040048C304007AAB0400A4
:10CC60008360009BC0E90012C360019B034903611C
:10CC70000023C83020F8B43C35F075B9599303004F
:10CC8000014B1868704700BFA0030020002200235A
:10CC900001481EF055B900BFA800002001290CBFB3
:10CCA00001220022024B1A7001D1FFF7EFBF70473B
:10CCB0006FA502200022034B03481A7000220023B4
:10CCC0001EF03EB96DA50220A80000200022012020
:10CCD000014905F0D1BA00BFB394030038B503464B
:10CCE000224C00283DD00278002A3AD01D2120464F
:10CCF0001F4A22F04DF9214600232D2011F8012B67
:10CD000012BBE254194803F019FE40F20112194B0C
:10CD1000194D1A80194A15485A604FF485721A81C4
:10CD2000174ADA6041F207021A82164A5A61032250
:10CD3000154B1A6009232B70F4F73CFC0122134BAE
:10CD400068706C601A6038BDA2F13A05012D02D8F6
:10CD5000E0540133D2E7A2F120055E2DCED8E25493
:10CD6000F7E70B490148F4F71DFCCBE771A502205A
:10CD70006BC3040068560220605602202ACC0400CF
:10CD800029CC040019CC04005C560220585602201D
:10CD900077C3040010B5134B88B01B781422002B06
:10CDA0004FF0000103A80CBF4FF4A974202438F001
:10CDB000FBFC0723CDE904340B4B0C4A1B680C49E0
:10CDC000009312680B4B03A8069404F0AFFC10F11B
:10CDD000780F18BF00280CBF01200020064B1870E8
:10CDE00008B010BD6BA50220585602205C560220E8
:10CDF000685602206056022069A50220034B1A786B
:10CE000012B100221A707047F5F7DABB6AA502204A
:10CE1000034607B5064A01A91068019018462FF08D
:10CE20000DF810B90122034B1A7003B05DF804FB32
:10CE3000146D04006CA5022010B51C46013BAF2BFD
:10CE40001146AEB016D822460DF10600ADF80440EA
:10CE500038F084FC00220023084801A934F047FE82
:10CE600028B9074B1B6813B11B6803B198472046CC
:10CE70002EB010BD6FF00C04F9E700BF1C0D0020B0
:10CE8000805602207FB503461A78084612F0FD0F3F
:10CE90005A784FF0140105929A780492DA78039246
:10CEA0001A7902925A7901929B79054A00930CBF34
:10CEB0005023522322F06CF807B05DF804FB00BF4A
:10CEC00080C3040070B5154686B00E4604462EF0A9
:10CED000AFFF01A9FFF7D6FF1DBB012E21D91248D4
:10CEE00035F04FF8114BD3E8EF2F012A03D1C3E8F7
:10CEF000E15F0029F7D10E4B1A7832B901221A707E
:10CF00000C4B1B780BB1FFF7C1FE204600F0B4FBC1
:10CF1000094B1B7813B92046FFF77AFF0122074B14
:10CF20001A7006B070BD00BF480000204C560220A9
:10CF30006EA502206FA502206CA502208EA50220FE
:10CF400030B50C4687B005462EF072FF01A9FFF7F9
:10CF500099FF04BB28462EF0A0FE01220F4B18605B
:10CF60000F4BD3E8EF1F002903D1C3E8E02F0028BF
:10CF7000F7D10C4B0C481C7035F003F800230B4A1A
:10CF80000B481EF011F80B4B1C700B4B1B6813B1B8
:10CF90009B6803B1984707B030BD00BF54560220CC
:10CFA0004C56022069A50220780000200E270700B9
:10CFB000480000206CA502208056022070B5002693
:10CFC00086B004462EF034FF01A9FFF75BFF194835
:10CFD00034F0D7FF184BD3E8EF2F012A03D1C3E871
:10CFE000E16F0029F7D1154D2B689C4203D12046F3
:10CFF00005F07AF82E600024114B12481C70124B79
:10D000001C70124B1C70124B1C702CF034FA11481F
:10D0100034F074FD104B11481C7034F0B2FF00F076
:10D0200037FB0F4B1B6813B1DB6803B1984706B0A1
:10D0300070BD00BF480000204C560220545602200C
:10D040006FA50220283A02206DA502206EA50220BD
:10D050008EA502201C0D002070A50220A800002033
:10D0600080560220024B1868003818BF0120704714
:10D0700054560220024B1B780BB9FFF7C9BE70470C
:10D080006CA5022010B500240122084B1C70084B2F
:10D090001A7004F001FD074B1C70074B1B781BB185
:10D0A000BDE81040FFF776BE10BD00BF6BA50220A3
:10D0B0006AA5022069A50220800B00202DE9F0431B
:10D0C000604BB5B01868002879D05F4B1B78002BF7
:10D0D00075D05E4B1B78002B71D02EF0DEFD044620
:10D0E00000286CD05A4D2B78D3B135F0AFF84FF4FF
:10D0F0007A76A0FB060747F61222002306FB017191
:10D10000F4F72CFA534AD2E90032C01A40F2D17334
:10D1100061EB0201984271F100012FDB00232B70BB
:10D120004D4F3B78002B3BD001232B7035F08EF810
:10D130004FF47A7CA0FB0C0E47F6122200230CFB66
:10D1400001E1F4F70BFA0026424BDFF81081C3E946
:10D1500000011822314607A838F8029B38F024FB5A
:10D160003F4B20460B933F4B07A91B68ADF8289017
:10D17000CDE9083807F046FB30B93870204635B0A5
:10D18000BDE8F04304F0B0BF0C3001282E7006D883
:10D1900040F27122002334481DF0D2FEEEE73E70CB
:10D1A000324807A92CF034F9064658B1304B1B68B9
:10D1B00013B15B6803B19847204604F095FF35B082
:10D1C000BDE8F0834FF0010885F8008035F03EF8A7
:10D1D0004FF47A7CA0FB0C0E47F6122200230CFBC6
:10D1E00001E1F4F7BBF91B4B1822C3E900013146FA
:10D1F00001A8BDF81C9038F0D7FA194B20460593CA
:10D20000184B01A91B68ADF8109002930DF11E0395
:10D21000039307F0F7FA0028CED00C3001282E70C7
:10D220000DD8B22207A90D4838F098FA40F27122C1
:10D2300000230D4887F800801DF082FEBCE7FFF751
:10D2400025FDB9E7545602206FA502206EA50220E5
:10D250006DA50220203A022070A50220DCA3022046
:10D26000B5CC000050560220A8000020283A022029
:10D270008056022007B50C4B0C4918600C4B182245
:10D2800001930C4B0C4800930C4BFFF7E9FC0C4B43
:10D290000C4A0D481A6005F0FDFB0C4803B05DF820
:10D2A00004EB05F013BC00BF80560220500D002097
:10D2B0008DCC000065D00000283A022076AB040037
:10D2C00050560220687C0400840300207003002074
:10D2D00010B504462CF029FE00F0A2F92046FFF715
:10D2E000FDFC0122044B1A70044B1B781BB1BDE8F6
:10D2F0001040F5F765B910BD68A50220800B00202D
:10D300000A4604490346086818B1194602482CF039
:10D3100049B8704754560220283A022030B50546D5
:10D32000AFB000220023094801A91DF0CDF950B982
:10D33000BDF80440284622460DF1060138F00EFAE9
:10D3400020462FB030BD0024FAE700BF1C0D00209E
:10D3500008B50D4B18700D4B1B78A3B178B90C4B69
:10D36000186810B113212EF0AFFC04F095FB0022D9
:10D37000084B09481A70BDE8084034F002BEBDE809
:10D380000840F5F71DB908BD800B002068A50220F4
:10D390005456022069A5022078000020014B18781D
:10D3A000704700BF800B0020024B186808B1024B89
:10D3B00018787047545602206EA50220024B186858
:10D3C000003818BF012070475456022001482CF045
:10D3D0003AB800BF283A022008B5094B1B685BB178
:10D3E00008482CF03FF830B1074B1B7833B9074B96
:10D3F000187880F0010008BD0120FCE70020FAE762
:10D4000054560220283A02206DA5022070A5022061
:10D41000014B1878704700BF69A50220A0F5C333FF
:10D420000449054AA03B8B4288BF1046034B186055
:10D43000704700BF9FBB0D0040E20100A003002029
:10D4400010B5FFF74BFC074B1C6854B90122064B83
:10D450001A7004F021FB054B1C70BDE81040F5F775
:10D46000AFB810BD545602206AA5022069A502205B
:10D4700007B50A4B1A786AB1094A126852B10021FD
:10D4800019706B4607494868896803C369461046A6
:10D490002EF013FD03B05DF804FB00BF8EA5022043
:10D4A00054560220146D040038B50B490546006837
:10D4B0002DF018FD08B1012038BDEB680749186848
:10D4C0002DF010FD04460028F5D1284607F018F885
:10D4D000034B18602046EFE7D69D0400D29D040060
:10D4E000A056022030B50B780546032B0C4689B0B8
:10D4F00015D80E4A52F823300593637840210493DF
:10D50000A37828460393E378094A02932379019389
:10D5100063790093A37921F03BFD09B030BD05216B
:10D52000044A06A821F034FD06ABE5E7B87C040008
:10D53000A8C30400A1C304002DE9F041244B96B018
:10D540001D68002D41D028462EF072FC214F014667
:10D550003B78002B39D106A8FFF7C4FF01220DF15B
:10D56000170106A800F07CFD012803D19DF81730B3
:10D57000022B2AD0184E346864B9184B2246CDE9E4
:10D580000043029423464FF6FF71012006F0AAFDE6
:10D590003468D4B14FF6FF734FF00108104E1822D3
:10D5A0007380104B00211846A6F8008038F0FCF874
:10D5B0000D4A014682600422446006618282284648
:10D5C00007F008F808B987F8008016B0BDE8F081C8
:10D5D000845602208FA50220A0560220A9D4000064
:10D5E0008EA4022088560220EDD5000010B592B01E
:10D5F00014462EF01DFC0022084B01461A705CB93F
:10D60000022302A88DF80730FFF76CFF01220DF10D
:10D61000070102A800F0BCFC12B010BD8FA50220CB
:10D6200007B50020124901AA019008F03DFA012235
:10D6300010480DEB020100F013FD01280DD0019BF5
:10D640007BB9022301228DF802300DEB030109485A
:10D6500000F09EFC03B05DF804FB9DF80130022B46
:10D66000F8D0022301228DF803300DF10301EEE71B
:10D67000D9940300D9C30400034B47F61222186063
:10D68000002302481DF090BC84560220D8000020E0
:10D6900008B5044834F075FC0023034A1370034AAC
:10D6A000136008BDD80000208FA5022084560220F8
:10D6B000014601482BF032BFD07C0400014834F011
:10D6C0002DB900BFC0600400014B1870704700BF47
:10D6D00090A50220014B1878704700BF90A502204A
:10D6E000094B1B787BB1A0F16703052B0BD8DFE852
:10D6F00003F0030A05070A096C2070476A20704787
:10D70000692070476720704790A5022010B5F8F790
:10D7100013FC08B9FFF7CCFF002112482BF0FEFEE6
:10D7200000F076FA0446F8F7F9FB012818D0002C2F
:10D7300014BFC824142447F6122C40F2E73000210D
:10D74000C4F57A644FF47A720023E4FB0C01F3F71A
:10D7500005FFBDE8104002460B4603481DF024BCFF
:10D760001424E8E7C87C0400503B022070B500F0A8
:10D770004FFA0446F8F7D2FB012820D0002C14BF42
:10D78000C8251425F8F7AEFBE8B9F8F7C7FB02285F
:10D7900017D0032805D0F8F7CFFB10B90120FFF709
:10D7A00087FF84B1F8F7BAFB03280CD0F8F7B6FB73
:10D7B000012808D001210D482BF0B0FE03E014250C
:10D7C000E0E7002CE7D147F6122440F2E7300021D1
:10D7D0004FF47A720023E5FB0401F3F7BFFEBDE8C6
:10D7E000704002460B4602481DF0DEBBC87C0400B8
:10D7F000203B022008B5FFF761FF88B10E4A0421E3
:10D800000E482BF09EFE0E490E4834F0ACFB0E483D
:10D810000E4934F0A8FB002200230A481DF0C4FB87
:10D82000064834F07BF830B1BDE808400321024AD5
:10D8300002482BF086BE08BD01001600C06004003F
:10D840006DD70000503B0220203B02200DD7000086
:10D8500010B560B1F8F746FB48B9FFF72FFFA8B144
:10D86000BDE810400022002309481DF09DBB084878
:10D8700034F087FB074834F084FB0020FFF718FFE3
:10D88000BDE81040002104482BF048BE10BD00BF89
:10D89000503B0220203B0220C87C040010B5044607
:10D8A00012487CB134F06DFB114834F06AFB002063
:10D8B000FFF7FEFE00210F482BF030FE204600F05F
:10D8C000ADF910BD34F05BFB0028F7D1084834F007
:10D8D00056FB0028F2D1FFF7F1FE0028EED000221F
:10D8E000002302481DF060FBE8E700BF503B022028
:10D8F000203B0220C87C040010B5F8F7F3FA98B971
:10D90000FFF7DCFE80B1094834F03BFB084834F0F7
:10D9100038FB0120FFF7CCFEBDE8104041F66A025B
:10D92000002303481DF040BB10BD00BF503B022048
:10D93000203B0220024B1860024B1960704700BF69
:10D94000A8560220A45602200022014B1A707047EC
:10D9500091A5022010B543790446012B18D1C08847
:10D96000FFF7BEFE2228A46809D125F004FF78B194
:10D97000201E18BF0120BDE81040FBF729BE3CB1B6
:10D98000194C23782BB1194834F0FBFA002323708B
:10D9900010BD2E281AD008D8122821D02128F7D15E
:10D9A0005520F6F78BFBF6F7DFFB302801D0742803
:10D9B000F5E70F4B93F8CD4084F0010420462BF09F
:10D9C000DFFD2046BDE81040FBF718BE25F0D3FE72
:10D9D0000028DDD025F0D1FE80F00100C0B2CAE7FA
:10D9E000BDE81040FBF7D4BD91A50220B03B02205A
:10D9F000AC56022008B50949094834F0B4FA09497F
:10DA0000094834F0B0FA0949094834F0ACFAFFF794
:10DA1000F1FE0122074B00201A7008BD8B95030010
:10DA2000E03B022049D90000B03B02208D95030065
:10DA3000803B022092A502200D4B1B78BBB105282C
:10DA400007D003D8013802280BD97047062805D023
:10DA500070470122074B83F8242070470022054BB2
:10DA6000F9E7044B93F824300BB9FFF745BF704733
:10DA700092A50220AC560220024B5A8C824218BF5B
:10DA800058847047AC56022010B5094C84F8943085
:10DA90009DF90830C4F88C0084F89530BDF90C303D
:10DAA00084F89010A4F89220A4F8963010BD00BF1E
:10DAB000AC56022010B5094C84F89D309DF8083012
:10DAC00084F8980084F89E309DF80C30A4F89A10E1
:10DAD00084F89C2084F89F3010BD00BFAC56022013
:10DAE000024BC3E92801C3F8A8207047AC560220B6
:10DAF00010B5054CC4E92D23029B84F8AF0084F8CF
:10DB0000B010C4F8BC3010BDAC560220014B1883D5
:10DB100099767047AC560220014BD86100F09CB852
:10DB2000AC560220034B93F92020824218BF83F8A1
:10DB300020007047AC560220F8B5144C074694F804
:10DB400088300E46032B154611D9482204F12801CE
:10DB500004F1400037F00FFE0F2239460C4837F031
:10DB600085FE0023268784F83730E563F8BD3BB196
:10DB7000182204F128015A4304F1400037F0FBFD5C
:10DB800094F88830013384F88830E5E7AC560220F9
:10DB9000D456022000210348602280F888102830E3
:10DBA00037F002BEAC560220014608B530B117224C
:10DBB000034837F05BFE0023014AD37508BD00BF60
:10DBC000AC560220014B83F8AD007047AC560220E2
:10DBD000014B83F8AE007047AC560220024BC3E9FC
:10DBE000311283F8C0007047AC560220014B83F815
:10DBF000AC007047AC560220014B83F8CC00704754
:10DC0000AC560220014B83F8CF007047AC5602207F
:10DC1000014B588C704700BFAC560220014B83F873
:10DC2000CD007047AC56022038B5094B187034F05F
:10DC30000DFB4FF47A74A0FB0405002347F6122273
:10DC400004FB0151F3F78AFC024BC3E9000138BD24
:10DC500093A50220103C0220F8B525F09BFD044658
:10DC600000BB114D2B7813F0FB0F01D10420F8BD40
:10DC700034F0ECFA4FF47A76A0FB060747F612224E
:10DC8000002306FB0171F3F769FC084AD2E9003270
:10DC9000C01A074B61EB0201834274EB0101E5DB23
:10DCA0002878E4E70120E2E793A50220103C022057
:10DCB000002E930208B502482BF07FFE002008BD1D
:10DCC0000BC40400014B1B68184700BFA4030020CD
:10DCD00030B585B004460D4610220021684637F065
:10DCE00063FD02238DF80230044B2A462146684624
:10DCF000019321F023FE05B030BD00BFC5DC00005C
:10DD0000014B1860704700BFA4030020044608B50B
:10DD1000EFF31183202383F3128818F06BFC204665
:10DD200001F07AFD02482BF048FE2CF03AFBFCE7AC
:10DD300039C404002DE9F047858B044628071746AF
:10DD40000AD501290CBF45F0100545F02005A58333
:10DD500087F31188BDE8F087022905F0070540F038
:10DD6000908020462BF0CAFE052864D801A353F802
:10DD700020F000BF51DD000083DE000037DE000030
:10DD8000F9DD000013DE000025DE000001F00703CE
:10DD90005A1F012A1FD8002221F00701062BD4F8B0
:10DDA000008089B2C4E9002209D1434603E0E28B36
:10DDB0000132E2831B68002BF9D141F002012046B9
:10DDC000A1832BF09BFE4FF00009002868D041F0A2
:10DDD0002001A18364E0042B0AD121F0070189B25C
:10DDE0002046A1832BF08AFE10B141F02001A183CF
:10DDF0004FF00008C14653E02369D3F80090A38B8D
:10DE000023F0070343F006034FF00008A3834646C0
:10DE100046E02369D3F80490A38B23F0070343F073
:10DE20000403F1E72369D3F80890A38B23F00703D9
:10DE300043F00503E8E74FF00008C146E7E7012299
:10DE400043F00803A38387F31188002A38D1B8F17F
:10DE5000000F47D1B9F1000F02D020462A49C84728
:10DE6000EFF31187202383F31288A38B23F0080399
:10DE70009BB2A383D9063ED523F01002A28303F000
:10DE80000705A669A18B002E80DA00239946D4F8F5
:10DE9000008021F00701C4E9003341F00101A183B2
:10DEA000A38B03F0070AAA4502D0A268002AC6D1B4
:10DEB000B8F1000F02D1B9F1000FDBD00022BFE7AB
:10DEC000A1680029C3D00D680029C0D0334652464E
:10DED00020464F68B8471DB12B6829461D46F3E719
:10DEE0002B46FAE74146334652462046D8F8008092
:10DEF0002BF030FEABE79A067FF52AAF23F0200225
:10DF0000A28303F007052CE7819B0300014B03600C
:10DF100000207047D87C040070B5104B0D461C687B
:10DF2000B4B10F4B196800238B4202DB6FF0010084
:10DF300070BD224612F8106B864202D0144601339F
:10DF4000F2E7E06833F0EAFC28B100202C60EFE74C
:10DF50006FF00C00ECE76FF01200E9E7A803002077
:10DF6000D87C040010B54FF42814DFF820C086B028
:10DF7000CDE904C40824029404AC0194BDF8204007
:10DF800000942EF053FE06B010BD00BF180028000C
:10DF90002DE9F0410C4B05461C680E4617467CB136
:10DFA00000F054F963682046D3F8108032463B46AF
:10DFB0002946C047044600F053F92046BDE8F081E9
:10DFC0006FF00104F9E700BF9057022000230360BF
:10DFD000044B5A6812B9C3E90000704710605860DA
:10DFE000704700BF94570220014B1860704700BF74
:10DFF00090570220002330B585B0CDE902330546A5
:10E00000019000F023F9094B1C6844B9284600F040
:10E01000BFF8044600F024F9204605B030BD63681F
:10E0200020461B6801A998472468EEE79457022010
:10E030001FB5CDE90101039200F008F9074B1C68F8
:10E0400024B900F00DF9204604B010BD63682046E5
:10E050001B6801A998472468F2E700BF9457022083
:10E060002DE9F04F002489B006460F4690460194F2
:10E0700000F0ECF8164BDFF85CA01D680DF1040908
:10E080000DF1080B45B900F0EBF8002CA8BF019C7E
:10E09000204609B0BDE8F08F6B685C6854B1434618
:10E0A0003A4631462846A047044620EAE0730193E9
:10E0B0002D68E7E7CDE90278CDE90496CDE906AB16
:10E0C0006B6828461B6805A998470446F0E700BF1F
:10E0D00094570220FF9E03000022024BC3E9002256
:10E0E000704700BF945702200022024BC3E9002270
:10E0F000FFF7F2BF9C5702202DE9F74307460C4675
:10E1000009B100230B6000261E4DDFF87C904D45C1
:10E110000FD31E4B1D6885B355F8188C3846414601
:10E1200001AA183D2BF008FF10B3D6B914BB2E4638
:10E130001EE0D5F800803846414601AA2BF0FCFECF
:10E1400050B116B954B92E4606E000224046316857
:10E150002BF0F2FE0028F5D11835D8E7019B23609B
:10E16000F1E70022404631682BF0E6FE0028DDD1C1
:10E17000AD69D0E7019B2360D9E7304603B0BDE825
:10E18000F08300BF5C6C0400BC6C04009C57022050
:10E190002DE9F04780464FF000470026DFF8A090B9
:10E1A000DFF8A0A03D46284C4C450DD3DAF80040DE
:10E1B000002C40D0183CB8F1000F24D1226952BB8A
:10E1C000A469F5E72F46EDE7B8F1000F03D1226906
:10E1D0004AB91834E8E70022414620682BF0ACFE2B
:10E1E0000028F4D1F5E76368BB4206DDAF4202D0F8
:10E1F000AB42A8BF2B461D46EBE7EAD19047002E65
:10E2000008BF0646E5E70022414620682BF094FE51
:10E210000028D3D1D4E76368BB4206DDAF4202D009
:10E22000AB42A8BF2B461D46CAE7C9D19047002E76
:10E2300008BF0646C4E7AF42C4D13046BDE8F08708
:10E24000BC6C04009C5702205C6C04004FF0FF3251
:10E250004FF0FF3301481CF08FBA00BF080D0020BB
:10E2600001481CF02BBB00BF080D002038B5094D3C
:10E27000FFF7ECFF2B785BB9FFF736FF00F0C2FA2F
:10E28000044608B901232B70FFF7EAFF204638BD8A
:10E290000024F9E794A502202DE9F04FDFF8B0A0A3
:10E2A0008FB002939AF80C3007468B469046019344
:10E2B000002A47D0914620230593019B06AD97FB8A
:10E2C000F3F103FB01F4DAF800602A4621461998BD
:10E2D00005ABB0470646002837D1059B391B5C1AB1
:10E2E0000093189B4C4528BF4C460D4433B322463F
:10E2F0002846197837F024FA10B30123441B22462C
:10E3000029465846039337F029FA009BA9EB0402EB
:10E310001F2B039B03D913B9A344274462B9029A64
:10E320004444A4EB09041460189A0AB183F001066E
:10E3300030460FB0BDE8F08F9146BCE7189BDEE792
:10E340003346DCE76FF01506F2E76FF00406EFE7FF
:10E35000A45702202DE9F04F4FF0020ADFF8148194
:10E36000174698F80C508BB0BAFBF5FA1E4681465A
:10E370008B46F3F71FF905FB0AFA7B1CCAF1020A68
:10E3800003441AF0FF0A0446ADF808300DD0A5EB9F
:10E390000A0A824528BF8246494652460DF10A00C4
:10E3A00037F0DCF9D144A4EB0A040AF10203B3FB11
:10E3B000F5F205FB1232B2B3B4FBF5F36B43E41A8A
:10E3C000002B3DD11E440DF1080A2CB122465046C7
:10E3D00009EB030137F0C2F93D2204F128036B4435
:10E3E00003F8202C04F10109B9F11F0F0BD9002407
:10E3F0004B46524631461498D8F804C0E047D0B98D
:10E40000DCB94E44A14637B3C9F12004BC4228BF51
:10E410003C4659460AEB0900224637F09FF9A344CF
:10E420003F1BA144E0E731461498D8F804C002AA83
:10E43000E0470028C0D06FF004000BB0BDE8F08FBB
:10E440004A4631461498D8F804C00193E047019B2E
:10E450000028B7D0EFE7B9FBF5F405FB14943CB105
:10E460002C1B0AEB09002246394637F09DF9A144DE
:10E470000124BDE7A457022010B5034B04469B6856
:10E4800008469847001B10BDA45702202DE9F04311
:10E4900080460C4691461D466FF015008BB0129ECB
:10E4A000144F16B90BB0BDE8F083202E334628BFB9
:10E4B0002023294601934846D7F800C001AB02AAA1
:10E4C000E0470028EED1019B397BB3FBF1F201FB61
:10E4D00012320AB10B449B1A21464046D7F804C0B9
:10E4E00002AAE0470028DDD1019B1D441C44F61A16
:10E4F000D7E700BFA457022010B5034CC4E90001C0
:10E50000A260237310BD00BFA457022030B504469B
:10E5100085B010461D46CDE90212FFF7ADFF044A53
:10E5200001460095204602AB2BF03CFD05B030BD06
:10E5300061A003000A46012301492BF0F1BD00BF91
:10E540000DE500002DE9F04FF5B0CDE904230023DF
:10E5500008AD0BAF0EAC80460291132281682846AD
:10E56000C4E90133CDE91533C5E90033C7E9003308
:10E57000149725602B723B722CF012F878BBD8F8F8
:10E5800008A00DF15C095046F3F714F81B288346E8
:10E5900088BF4FF01B0B51465A46484637F0DEF80D
:10E5A000564B18AA1B6832AE49F80B30002331468F
:10E5B000484602F80B302CF02AF930B99DF8C830E3
:10E5C00053B948462CF0C0F830B9132249463846B2
:10E5D0002BF0E6FF064638B128462CF03FF86FF0E6
:10E5E000070075B0BDE8F08F0298F2F7E3FF0DF178
:10E5F000180A03900DF11C0B20462BF011FD00288A
:10E6000057D1A368002B54D02346524649211FA856
:10E610002BF035FD0028EFD1DAF80030A268591C44
:10E620009142E9D0039A934205D102991FA837F08D
:10E63000CEF80028E0D094E8070011AD85E8070087
:10E6400028462BF0EDFC08B9AB68DBB911AB94E8B8
:10E65000070083E80700002302320239AA606960DC
:10E6600014A8009219462A46FFF710FFF8B1384661
:10E670002BF0F4FF08A82BF0F1FF70BB17A82CF0CB
:10E6800063F82AE02B465A46492132A82BF0F7FCC2
:10E690000028D5D1DAF80020DBF800309A42CFD13B
:10E6A00032A91FA837F093F80028C9D1A4E7013692
:10E6B000A2E714AB009302980023DDE90412FFF7F0
:10E6C00049FE0028D3D138462BF0C8FF044608A8DD
:10E6D0002BF0C4FF002CD0D110B16FF0040080E704
:10E6E0004846D8F808102CF057F818B90136C8F881
:10E6F000106076E76FF0010073E700BF72C404009A
:10E700002DE9F04305460E46174698468DB00BB1ED
:10E71000002A48D0002428462346254908AACDE9E6
:10E720000867CDE90A842BF0FBFC0B9B012B3DD045
:10E73000002E38D0EA68CDE905448DF81C4062B15E
:10E740002B6901339A4208DC43463A463146284653
:10E75000FFF7F8FE0DB0BDE8F0830DF114091322A8
:10E760004846A9682BF01CFF0028F3D1014602227D
:10E7700048462BF09DFF044670B902AB0093424619
:10E78000034639463046CDF80890FFF7E3FD0446CE
:10E7900010B92B6901332B6148462BF05FFF002C29
:10E7A00018BF2046D6E76FF01500D3E72046D1E723
:10E7B0009FA0030008B582682AB1044A4260FFF7AF
:10E7C00005FC002008BD6FF01500FBE73C7E04004F
:10E7D00008B582682AB1044A4260FFF705FC0020B0
:10E7E00008BD6FF01500FBE73C7E04000123024AE0
:10E7F00002490348FFF780BE19A1030001A20300EC
:10E8000025A2030010B50A4C2046FFF7D3FF58B9E4
:10E810002046FFF7DDFF38B92046FFF7E7FFA06885
:10E82000BDE810402BF021BD6FF0150010BD00BFFA
:10E83000E403002080B505460E46174698461CF0B6
:10E8400043FF034600F030FC0446DFF818904246D0
:10E8500049F8003039463046A84754F8090000F01E
:10E86000BBFB00BF0800000008B50348034A0021B5
:10E87000121A2BF077FD08BD200F0020B4A602204D
:10E88000074808B5074A0849121A2BF06DFDBDE884
:10E8900008400648064A0749121A2BF065BD00BF1A
:10E8A00000000020200F002034D1040000000020D0
:10E8B0000000002034D1040070B505460C46D9B1E3
:10E8C0002BF078F8D4E90123216814482BF075F86F
:10E8D0002BF070F8D4E90423E16811482BF06DF8AF
:10E8E0002BF068F8E1690F482BF067F82BF062F81D
:10E8F000A1690D482BF061F8012D08D1EFF30586D1
:10E900002BF058F80948A6F110012BF056F82146D3
:10E910002846BDE870401BF09DBC00BF77C40400D2
:10E92000A7C40400D7C40400E7C4040016C504004B
:10E9300030BFFFF7FDBF00BF2DE9F04105460B4E8C
:10E94000DFF82C80324606EB0807CC1B204609492D
:10E9500036F004FFA01942460021083C36F024FF9F
:10E96000EC6707F10800BDE8F08100BF000000007F
:10E970002C000000C86C040010B5284C2BF01AF8CD
:10E9800027482BF01AF8A36A990145D52BF012F805
:10E9900024482BF012F81E20A36ADA0105D52BF0CB
:10E9A00009F821482BF009F81F201C4CA36ADB0250
:10E9B00005D52AF0FFFF1D482AF0FFFF0220A36AB9
:10E9C0001C0305D52AF0F6FF19482AF0F6FF21208E
:10E9D000124CA36A590305D52AF0ECFF15482AF01A
:10E9E000ECFF2220A36A9A0305D52AF0E3FF124820
:10E9F0002AF0E3FF2320094CA36ADB0305D52AF0A4
:10EA0000D9FF0E482AF0D9FF2420A36A6FEA0343F6
:10EA10006FEA1343A36210BD1D20BDE700ED00E0C7
:10EA20002AC5040043C5040057C5040072C504008C
:10EA30009DC50400BCC50400E2C50400FDC504007A
:10EA4000F8B52C4C06460D462AF0B4FF2A482AF0A9
:10EA5000B4FFA36ADA0441D52AF0ACFF27482AF0B4
:10EA6000ACFF1720A36A1B0505D52AF0A3FF244895
:10EA70002AF0A3FF18201F4CA36A9F0513D52AF084
:10EA800099FF20482AF099FFA76BA36A180409D5BB
:10EA90002AF090FF39461C482AF08FFF16B14FF438
:10EAA0000043A3621920134CA36A590505D52AF027
:10EAB00081FF16482AF081FF1A20A36ADA050FD5D4
:10EAC0002AF078FF12482AF078FF1B20094A936A3F
:10EAD00043F47F43936200232B70F8BD1620C1E7F7
:10EAE000A36A9B04F2D52AF065FF0A482AF065FF65
:10EAF0001C20EBE700ED00E029C6040040C604003E
:10EB000052C6040066C6040080C6040096C604000F
:10EB1000B2C60400CBC60400F8B52C4C06460D4620
:10EB20002AF048FF2A482AF048FFA36AD8064BD5A6
:10EB30002AF040FF27482AF040FF1120A36A190756
:10EB400005D52AF037FF24482AF037FF12201F4C42
:10EB5000A36A9A0712D52AF02DFF20482AF02DFF2C
:10EB6000676BA36A1B0608D52AF024FF39461C48A8
:10EB70002AF023FF0EB18023A3621320134CA36A53
:10EB8000DE0705D52AF016FF16482AF016FF1420D6
:10EB9000A36A9C0605D52AF00DFF13482AF00DFF45
:10EBA00015200A4B9A6AD10658BF9A6A9A6A920649
:10EBB00042BF5A6A22F400525A629A6A42F0FF0235
:10EBC0009A6200232B70F8BD1020B7E700ED00E03B
:10EBD000FBC6040012C7040052C6040046C7040066
:10EBE0005FC7040076C70400CBC604002DE9F041DE
:10EBF000694B04465F6800258AB0C7F3080685F3B1
:10EC0000118802F07F43B3F17F4F08D102F00C036B
:10EC1000082B10D12AF0CEFE60482AF0CEFE2AF052
:10EC2000C9FE5F482AF0C9FE002108460AB0BDE8C7
:10EC3000F041FFF741BE10074CBF0C460125002CE8
:10EC4000EDD04FF00008F31E8DF80780092B00F27D
:10EC50009280DFE803F00584888090909090908CFB
:10EC60002AF0A8FE4C4E4F482AF0A7FE8DF80780E8
:10EC7000F36A9A0706D52AF09DFE4B482AF09DFEBE
:10EC8000002330E0F36A002B03DA2AF093FE4748B2
:10EC9000F4E7F36A5B00F3D52AF08CFE44482AF0CF
:10ECA0008CFE7369A26943F480737361BFF34F8F65
:10ECB000BFF36F8F32F8023C726922F48072726186
:10ECC000BFF34F8FBFF36F8F03F47F42B2F55F4FF7
:10ECD00029D1DBB2022B26D12AF06CFE21683548FF
:10ECE0002AF06BFE23689DF80720CAB902AE04F132
:10ECF0002007324620686168083403C2BC421646C9
:10ED0000F7D1099A002D44D0C2F3080121B96FEA66
:10ED100052226FEA42220992184602A9FFF7CCFD5F
:10ED20000AB0BDE8F0811C4B9A6AD2B22AB1012028
:10ED30000DF10701FFF7F0FE0FE09A6A12F47F4F22
:10ED400005D001200DF10701FFF77AFE05E09B6A6F
:10ED5000B3F5803F94D3FFF70FFE0346C3E70020CF
:10ED60000DF10701E6E700200DF10701ECE72AF0BD
:10ED700021FE114882E72AF01DFE104B17F4F87FA0
:10ED80000F49104808BF1946A6F110022AF015FED7
:10ED900076E76FF30802BEE700ED00E0C4C70400A9
:10EDA000F0C704002DC8040045C8040067C804006B
:10EDB00076C8040096C80400B3C8040096C70400CF
:10EDC000ABC70400D8C80400064B5A6942F01002D1
:10EDD0005A615A6942F480625A615A6922F0080203
:10EDE0005A61704700ED00E0EFF30880EFF309810E
:10EDF00001B57246FFF7FAFE01BD00BF0B4880F374
:10EE0000088817F08FFC202080F3118808484FF401
:10EE10000061401880F30988EFF314800221084351
:10EE200080F31488BFF36F8F00F06AF868FA02204D
:10EE300028D902201EF0040F0CBFEFF30880EFF377
:10EE40000980816911F8021C0229FFD001B57246C0
:10EE50002BF08CFA01BD00BF00B2002807DB0123B4
:10EE60004109034A00F01F00834042F821307047F7
:10EE700000E100E000B200280CDB01220649430952
:10EE800000F01F008240203341F82320BFF34F8F52
:10EE9000BFF36F8F704700BF00E100E0054B4209F0
:10EEA00053F82220012300F01F0003FA00F0104065
:10EEB000704700BF00E100E000B2002801F101014D
:10EEC000ACBF00F16040064B4FEA4111C9B2ABBF85
:10EED00000F5614000F00F0080F8001319547047EE
:10EEE00014ED00E0044B054A23F07F039360BFF369
:10EEF0004F8FBFF36F8F70470000000000ED00E000
:10EF000008B5FFF7EFFF0B4AD2F8883023F47003FF
:10EF1000C2F88830EFF3148323F0040383F31488DA
:10EF2000BFF36F8FFFF7A0FCFFF7AAFC00F09AF881
:10EF30001BF09CFA00ED00E042F8203C009B0B49DE
:10EF400042F81C3C019B21F0010142F8183C029B55
:10EF500042F8081C42F8143C4FF0807342F8043C1D
:10EF60000023203A0265C0F89030704735E8000071
:10EF700000B50D4B15469860C26F0C4B0E461A60DB
:10EF8000C36E83F30B882C4686F309880020044B5C
:10EF900098472046002100220023024C2047000011
:10EFA00099A3030035E80000907C0220B4570220AA
:10EFB0001022014B1A61704700ED00E0044B5A69C2
:10EFC0009B689A421EBF4FF08052024B5A607047B6
:10EFD000907C022000ED00E0084B9B6883420AD140
:10EFE000EFF305833BB14FF08052054B5A605A6AEC
:10EFF00022F400425A6232F0FEBF00BF907C022031
:10F0000000ED00E014498A684FF030001044EFF33F
:10F01000098C80E8F01F202080F312880F4F4FF0FA
:10F0200000664A698A603E60D06F0D4C2060D2F85D
:10F0300090000023C2F8903080F3118802F1300074
:10F0400090E8F01F8CF3098802F1000004B52BF062
:10F050009CF9BDE804407047907C022004ED00E07C
:10F06000B45702200023202040F20F1210B5044CA8
:10F07000E1180133934281F80003F9D110BD00BFBC
:10F0800000E100E008B5EFF30583064A103B02EB10
:10F09000C30152F8330049688847BDE80840FFF7CC
:10F0A0008DBF00BF20620400014800687047000067
:10F0B000B45702201FB50121094B0A4A0A4800F043
:10F0C000F7F80023064A0393084B0121019301A896
:10F0D000D31A029300F0F6F805B05DF804FB00BF08
:10F0E0000000042000000020587E0400200F0020B3
:10F0F0000A7A0B6810B562F304031C46CB68520908
:10F1000023F01F0343EA4203044A43F00103C2F819
:10F110009800C2F89C40C2F8A03010BD00ED00E09D
:10F1200010B5074BD3F89030C3F30723013B984247
:10F1300002D8FFF7DDFF10BD6FF01500FBE700BF41
:10F1400000ED00E02DE9F04F0F46144606464FF063
:10F1500000084B4D85B0B84580F28E80D6F80490FB
:10F16000B9F1000F35D0B9F11F0F40F2838019F0CB
:10F170001F0F7FD1D6F800A01AF01F0F7AD150468A
:10F180002BF029F9834609EB0A0001382BF023F90B
:10F1900083456FD11BF1160F6CD05C456ADDC5F855
:10F1A00098B0D5F89C10C5F898B0D5F8A03021F0EB
:10F1B0001F0143F01F0AD6E900321A44994202F1B6
:10F1C000FF391BD1CA4508D131465FFA8BF02BF0CD
:10F1D0000BF908F101080C36BDE73146C5F898B0C7
:10F1E000D5F89C30E0B263F30402C5F89C202BF004
:10F1F000FBF810F1160F3DD0441CEAE7C5F898B0B3
:10F20000D5F8A020013B23F01F0302F01F02134397
:10F21000CA453146E0B2C5F8A030E8D02BF0E4F89A
:10F2200010F1160F26D0C5F898B0D5F89C209DF89F
:10F2300008300AF1FF3A62F304038DF80830D5F87C
:10F24000A0309DF808205B0863F347128DF8082072
:10F25000D6E900321344009323F01F035344A3EB79
:10F260000903013023F01F036946C0B20393FFF77F
:10F2700057FFBEE76FF01504204605B0BDE8F08FDC
:10F2800000ED00E00522044BC3F89420BFF34F8F3C
:10F29000BFF36F8F704700BF00ED00E0BFF35F8FDB
:10F2A0000022024BC3F89420704700BF00ED00E03D
:10F2B00010B5034C2278FFF745FF207010BD00BF4A
:10F2C00095A502202DE9F74F294D8A4606464FF0B5
:10F2D0000008AB46274FD0451BDAD6F80490B9F1A9
:10F2E000000F3FD03168084601912BF074F8019966
:10F2F000044609EB010001382BF06DF884424FF011
:10F3000014021D4B08D002FB08F36FF015024BF8F6
:10F31000032003B0BDE8F08F14F1160F2C60F8D075
:10F320001978A142F5DD02FB08B0C7F89840C7F88C
:10F330009840D7F89C4000F10801007B64F304007A
:10F340000871D7F8A0000C79400860F347140C71DD
:10F35000D7F89C1021F01F016960D7F8A01021F0A8
:10F360001F01296108F1010814350C36B3E700BF0D
:10F37000B857022000ED00E095A50220F0B55349F2
:10F38000534DD1F890302C68C3F307239C4287B0CB
:10F3900000F299800020FFF781FF4E4BC1F8C0308A
:10F3A000844216D14C4D01A82C70FEF7AFFD00260B
:10F3B00007464A4CB74213D100202B784349D1F875
:10F3C0009020C2F30722934277DBFFF75BFF002018
:10F3D00046E0696801EB0011FFF78AFE0130DFE7C4
:10F3E0000199300101EB0613DA682240B2F1807F07
:10F3F00052D00AD8B2F5001F34D0B2F5800F3ED0FB
:10F40000B2F5801F12D00136D4E7B2F1006F43D0BD
:10F41000B2F1805FF7D15A689B680958013B22F02E
:10F420001F00034423F01F03012032E05A689B6849
:10F430000958013B22F01F0003440120844623F0B9
:10F440001F0340EA4C10CDE902218DF8100002A9FB
:10F4500028780593FFF764FE00282ADA6FF015007C
:10F4600007B0F0BD5A689B680958013B22F01F00A5
:10F4700003444FF0020C012023F01F03E1E75A6818
:10F480009B680958013B22F01F000344022023F02F
:10F490001F034FF0000CD4E75A689B680958013BE2
:10F4A00022F01F0003444FF0030C012023F01F0340
:10F4B000C7E72B7801332B70A5E7C1F89830C1F866
:10F4C000A00001337BE74FF0FF30C9E700ED00E01B
:10F4D000647E0400AAFF440095A502200000F0FF0E
:10F4E00008B5024B1B689847002008BDCC57022086
:10F4F000034B044A1860937843F0020393707047FB
:10F50000CC570220F8030020094908B521F0070173
:10F5100001F16043B3F5802F08D2C1F1005202F52A
:10F5200080222B2A02D903482AF001FA002008BDC4
:10F53000C74F0320D05702204FF0FF324FF0FF3368
:10F5400001481BF019B900BF0804002001481BF056
:10F55000B5B900BF0804002038B50546FFF7ECFF39
:10F560000B48036813B965B9002406E02A46082150
:10F570002AF06CF904460028F5D0FFF7E7FF204693
:10F5800038BDFFF791FD0C22024B1A50ECE700BF8B
:10F59000D05702200C00000010B50446FFF7CCFF46
:10F5A000214603482AF0D0F8BDE81040FFF7CEBF4F
:10F5B000D057022070B5A0FB015434B92846FFF79C
:10F5C000CBFF064640B9304670BDFFF76DFD0C22FB
:10F5D000044B00261A50F6E72A46214636F0E4F896
:10F5E000F1E700BF0C00000070B541690446867A5F
:10F5F0000A4D59B1437ADB0706D4302303FB065387
:10F600009B6A1B689B6898470023636130202146F2
:10F6100000FB0650BDE8704032F07ABBD00D0020F0
:10F620003022024B02FB0030704700BFD00D00209B
:10F630003021827A064B01FB0233DA6A93F82230DA
:10F64000801A1B3323F00303B0FBF3F0704700BFB5
:10F65000D00D002038B53024827A064B04FB0233EB
:10F660009B6AD3E901240C601568FFF7E1FF04FBF6
:10F67000005038BDD00D00202DE9F04385B005467F
:10F68000684690461C46039132F0E2FDDDE90067D2
:10F69000EFF31189202383F312882B8C002B3FD0AA
:10F6A000EA8B9A4223D90022002328461BF0A0F9B6
:10F6B0000446E0B189F31188039B002B3FD032460A
:10F6C0003B46684632F0E9FD3021A27A244B2046C1
:10F6D00001FB02339B6A03A91B681D68DDE9002357
:10F6E000A847606160BB2046FFF77EFF22E0298CBF
:10F6F0004B1E2B8489F3118895F82230EA8BEC6A33
:10F700001B3323F00303521A02FB0344144B154A24
:10F71000EB1A1B115343A37295F82230E372CBE727
:10F7200089F311882346424628461BF061F90446B6
:10F730000028C1D10024204605B0BDE8F0836361F4
:10F74000012300252381039B29466382E27A6560B9
:10F7500004F1180036F028F863692582E360EAE7CF
:10F76000D00D0020ABAAAAAA2DE9F0410024302632
:10F77000134D08B9BDE8F081476800F10802D2E8EE
:10F78000AF3F13F0FF01F5D003F1FF3CD2E8EFEFFC
:10F790009E4504D1C2E8E8CFB8F1000FF6D1EED112
:10F7A0000129E7D1837AC46006FB035344605B6A96
:10F7B00013B198473846DCE7FFF716FFFAE700BFBA
:10F7C000D00D002008B5084A084B1A6014F09CFDC3
:10F7D00000200122064BC3F80409C3F81C07C3F834
:10F7E0000009C3F8002608BD0020A107540B002023
:10F7F0000000125048B1054B054A1B68B3FBF2F3F9
:10F800005843044B43F0010318477047540B002042
:10F8100040420F00A06D0400BFF34F8F0549064B17
:10F82000CA6802F4E0621343CB60BFF34F8F00BF9E
:10F83000FDE700BF00ED00E00400FA0508B5002078
:10F8400017F028F80A4AD2F8183523F00103C2F855
:10F8500018354FF0FF32074BC3F80026012203F59D
:10F860009033C3F80025BFF34F8F20BFFDE700BFE3
:10F8700000F00C5000E01050084B0246596811B1DE
:10F880001968884207D0D86830B1996804488A421C
:10F8900018BF002070471846704700BFDC57022091
:10F8A000E457022002460B4601481AF065BF00BF2C
:10F8B000E00C002001481BF001B800BFE00C002064
:10F8C0002DE9F74F4FF00009824608460F46904653
:10F8D000F1F770FE4E4683464FF0FF314FF0FF3098
:10F8E000FFF7E0FF194B1C689C4208BF00245B68CF
:10F8F0005CB9FFF7DFFF36B3CAF80060B8F1000F5C
:10F900001DD1002003B0BDE8F08FA569A94512D82C
:10F91000AB4510D3012D03D97A5D2F2A00D052B9FF
:10F920002A463846E168019335F08EFF002804BF6F
:10F93000A9462646019B9C42DBD02468D8E7B369E0
:10F94000C8F80030DDE76FF00100DBE70C050020B0
:10F950002DE9F0410446002855D0C568002D52D04D
:10F960000368002B4CD12846F1F724FE07460028F7
:10F9700049D02B782F2B46D1244E4FF0FF304FF03B
:10F98000FF31FFF78FFF3568D6F80480B54208BF16
:10F990000025DDB9A068FFF76FFF58B3D0F80480E9
:10F9A000B8F1000F26D0D8F82C3033B32046984752
:10F9B000051E06DB7368C4E90678C4E900631C60B1
:10F9C0007460FFF777FF2846BDE8F081AB69BB4262
:10F9D00009D122692B699A4209D03A46E968E06860
:10F9E00035F032FF18B14545D4D02D68D1E76FF01E
:10F9F0000F05E6E76FF00105E3E76FF08505E0E747
:10FA00006FF00F05DFE76FF01505DCE70C05002050
:10FA1000F8B5002506460D600F464FF0FF304FF059
:10FA2000FF31FFF73FFF0F4B1C685A689C4208BF2D
:10FA30002C462B4624B13168994209D0944204D116
:10FA4000FFF738FF6FF00100F8BD24680133F1E7DC
:10FA5000FFF730FFE36800203B6033680133336019
:10FA6000F2E700BF0C05002038B504460D464FF004
:10FA7000FF304FF0FF31FFF715FF2046FFF7FCFE88
:10FA800008B143687BB90B4B5A6812B1DA686AB99E
:10FA9000012243F83240002403EBC2035D60FFF70C
:10FAA00009FF204638BD6FF07704F8E76FF01B04BC
:10FAB000F5E700BFDC57022038B131B18B6918443B
:10FAC0000278024B002A08BF18467047FBC80400A2
:10FAD00010B5036804465A6D1AB1196E044831F026
:10FAE0006EFF2168034831F0A4FF0023236010BD9E
:10FAF000C80C0020500C0020002807DA543052288F
:10FB000002D8034B185670476FF00400704700BFCF
:10FB100084CC0400002805DA5A30582804D8044B55
:10FB200018567047002070476FF00400704700BF00
:10FB30002BCC0400F8B50446D4F8FC300846002B62
:10FB400050D1130751D404F1FC01C0B2FEF7E4F91F
:10FB500000284DDBD4F8FCC0BCF1000F48D0DCF825
:10FB60000C30002B44D06669A569E369002E08BFFC
:10FB70001026002D08BF1025002B08BF4FF480531E
:10FB8000626A802B38BF8023002A03D004DC4FF048
:10FB9000FF3201E04FF40072A06AE16A002808BF5A
:10FBA0004FF48070002908BF2021DCF80870C4E9F8
:10FBB0000A01B7FBF3F70020C4F800C0DFF838C033
:10FBC0000E49C4F804C0DFF838C0C4E90565C4F8BC
:10FBD00008C0C4E90737DFF82CC02161C4F80CC0A5
:10FBE0006262F8BD6FF00F00FBE76FF08500F8E789
:10FBF0006FF01200F5E700BF65A9030031A903000B
:10FC000049A9030035A9030010B501200449FFF7F5
:10FC10002BFF044610B90348FFF79AFE204610BD9B
:10FC2000987E0400140500202DE9F743436804463C
:10FC30001E698846154601460022002323481AF013
:10FC4000B9FC014600283ED127686422384635F0C9
:10FC5000ABFDD6F8E41000220023896A1C481AF094
:10FC600089FC386660B3B94649F8540F616840466C
:10FC7000FFF722FF804630462AF082FE2901AB01C1
:10FC800003F4006301F48071194305F003030B438F
:10FC900042463946CDF8009006F17C0031F05DFD1A
:10FCA000054606F580702AF073FE002D02DA204624
:10FCB000FFF70EFF284603B0BDE8F043FFF71CBF77
:10FCC0006FF00B05F3E703B0BDE8F083500C0020A4
:10FCD000C80C002070B5436804461E690D4600221A
:10FCE0000146002314481AF065FC014608BB342283
:10FCF000206835F059FD61682846FFF7DDFE0546AE
:10FD000030462AF03DFE2A46216806F17C001AF0B2
:10FD1000E1F9054606F580702AF03AFE002D03DA77
:10FD20002168054831F085FE2846BDE87040FFF7A0
:10FD3000E3BE6FF00B0070BD700C002070B5044680
:10FD400043681E6930462AF01BFE216806F17C00DC
:10FD500031F0A7FD054606F580702AF019FE2168EE
:10FD6000034831F066FE2846BDE87040FFF7C4BE88
:10FD7000700C0020F8B5154B0446002914BF0D4641
:10FD80001D4600231646C5F8FC3005F58077384639
:10FD900031F0E9FE28462AF0F3FD21463246284696
:10FDA000FFF7C8FE044648B9294605F17C0019F062
:10FDB00025FE041E02DAFFF79FFE044600233846A4
:10FDC000C5F8FC302AF0E4FD2046F8BD4C060020C2
:10FDD0002DE9F34707460D4614461A4831F09EFDBB
:10FDE00090B96FF0120054BBAC4227D22E1B042EE8
:10FDF00028BF042630F08AF83246019001A938194C
:10FE000035F0ACFC3444EFE700264FF6FF7930467E
:10FE1000DFF830A00EE078B9A5EB0608C84528BF8A
:10FE2000C846DAF80830B9191B6806481FFA88F284
:10FE300098474644AE42EED30028D4DB002002B0FF
:10FE4000BDE8F0872061040010B50024094B86B09E
:10FE500009480393CDE9044432F07FF803AB0093E3
:10FE60004FF4AF620A23054903481BF003F820460C
:10FE700006B010BDFDC80400183C0220B8B702202F
:10FE80000146014832F050B8183C02202DE9F341F8
:10FE9000054616461F46234CD4E8AF3F5A072AD5DD
:10FEA00020B96FF0010002B0BDE8F08101A92AF08D
:10FEB00067F80228024620D128461B4935F087FC06
:10FEC0000028EED1D4E8AF3FC3F340189B0612D40C
:10FED000A4F1D405072229463846B047062887BF33
:10FEE0000723B0FBF3F044F8D48C85F8078094BF67
:10FEF000C5F80380E8710020D5E70428D1D1284651
:10FF00000A4935F064FC05460028CAD104F1800195
:10FF10001D223846B0470028A4BF241884F880501A
:10FF2000E9E700BFDC010020FEC30400A7AD040028
:10FF30002DE9F04389B0DDF840909D795E791F7915
:10FF400093F803C093F802E093F801800C461B7805
:10FF5000B9F1000F15D0CDE90639CDE904E8134613
:10FF6000CDE9027CCDE900560D4A1FF011F80028BA
:10FF700013DBA0422CBF6FF01500002009B0BDE8D4
:10FF8000F083CDE90583CDE903CE1346CDE90167C2
:10FF9000044A00951EF0FCFFE9E76FF01500EDE75D
:10FFA00006C904002AC9040070B504461E46154659
:10FFB0008CB0AAB129B10A4602A8042129F012FD89
:10FFC00002A900912B462246242103A8FFF7B0FF87
:10FFD00070B93146109A03A8FDF7DAFF0CB070BD76
:10FFE00003462421044A03A81EF0D2FF2328F0D997
:10FFF0006FF01500F2E700BF4BC9040007B5064BD0
:020000021000EC
:100000000648DA79C2EBC202009200221146FFF7DD
:10001000CBFF03B05DF804FB08010020FEC3040021
:1000200030B5044615468DB09AB129B10A4602A8EA
:10003000042129F0D7FC02A900912B462246242155
:1000400003A8FFF775FF60B903A829F071FF0DB091
:1000500030BD03462421044A03A81EF099FF23283B
:10006000F2D96FF01500F2E74BC9040007B5009311
:1000700013460A4601460348FFF796FF03B05DF8B2
:1000800004FB00BF67C904000A4601460148FFF7A8
:10009000C7BF00BF67C9040007B5009313460A46EF
:1000A00001460348FFF780FF03B05DF804FB00BF83
:1000B00060C904000A4601460148FFF7B1BF00BF0E
:1000C00060C9040007B500220346009103481146A9
:1000D000FFF76AFF03B05DF804FB00BFA7AD0400A3
:1000E00008B5024800F08EFA002008BD6007002025
:1000F00070B51B4BD3E8AF2F12F0040F1E46C2F3AE
:1001000080042BD093F88040A3F1D4053CB91D2284
:10011000144905F5AA7035F0A9FB85F87141EB7912
:100120006BB1D6E8EF3F23F40052C6E8E12F002977
:10013000F7D19B0401D5FFF7D3FF00240BE001F0BA
:10014000E1F9044638B9EB79002BEAD101F0EAF97C
:1001500004460028E5D0204600F0DAFB204670BDBA
:10016000DC01002077C3040007B5009313460A465C
:1001700001460348FFF718FF03B05DF804FB00BF1A
:100180006DC904000A4601460148FFF749BF00BF98
:100190006DC9040030B50378012B11D0022B21D09A
:1001A0006BB90A46144B03F1100453F8045BA342E5
:1001B00042F8045BF9D143881A0A8A70CB7030BDCB
:1001C0000A460D4B03F1100453F8045BA34242F8B6
:1001D000045BF9D143681A0C180E4A700870C3F317
:1001E0000722EAE700F11003013913F801299842C8
:1001F00001F8012FF9D1E2E7F1CC040010B52AF0A3
:10020000DEFE31F0D1FE044608B91BF03FFA064B82
:10021000D3E8AF3F0BB10A2098471CB9BDE81040A6
:100220001BF044BA10BD00BFAC5A022038B50446DA
:1002300008482AF005F9054648B1631EDBB21F2BBA
:1002400096BF054A0021D15C0C302AF070F928468F
:1002500038BD00BFC00E002001CD04000F2810B52E
:100260000CD80D280CD90A482AF0EAF8044618B12F
:1002700004210C302AF05BF9204610BD1328F2D07F
:1002800009B10448F0E70220BDE81040FFF7CEBFF7
:10029000F00E0020300E002008B508482AF022FF9A
:1002A00003469B07C0F3400006D504482AF01AFF16
:1002B000C0F3001080F0010008BD00BFDC01002089
:1002C000F8B506460F4602F021FB0546A0B93946AF
:1002D000304605F0A3FC044600BB054639463046CF
:1002E00004F0FCFB3DB1184B1B6823B153F81049D7
:1002F00004B1103CD3B9F8BD83781321012B4FF022
:10030000000312BF1C46D0F8A040C0F8A0302BF06C
:10031000DBFC284601F0E8FE002CD8D0658A204698
:10032000003D18BF01252DF0BEFAD7E79B6813B139
:100330003946304698472CB1226902B1103A23461B
:100340001446D7E72246FAE7205B022038B5C56895
:100350002B7893B9B5F801400F21204601F0ACFF8E
:10036000EB78054650B90A4A118831B96FEA045052
:100370006FEA10501080074A137038BD03730121D3
:1003800001F006FF2846BDE8384001F0ADBE00BFD1
:1003900092A4022097A5022010B5002486B003ABDA
:1003A00000934FF480624FF0FF3305490548CDE9D3
:1003B000034405941AF05EFD204606B010BD00BF50
:1003C00030BD0220D03C022008B5064B18462AF06A
:1003D00089FE00F02F00D3E8EF2FC3E8E10F0029DA
:1003E000F9D108BDDC01002001481AF067BA00BF4E
:1003F0007C02002010B5012104460C302AF0B8F828
:100400002146BDE810400023014A00782AF01CBFB5
:10041000D07F040010B5012104460C302AF0A8F862
:100420002146BDE810400823014A00782AF00CBF9D
:10043000907F040010B5012104460C302AF098F892
:100440002146BDE810400223014A00782AF0FCBE94
:10045000507F040070B5114D0022002310481AF09F
:10046000C7FA0446C0B1FFF7E3F80C2606FB0050BC
:1004700083686BB12046FFF7DBF81F2370432B54D2
:100480002046FFF7D5F806FB005080681AF0DEFA28
:100490002046FFF769F9DFE770BD00BFB05A0220C0
:1004A0003C0200200022054BD3E8EF0FC3E8E12F08
:1004B0000029F9D108B1FFF757B970473002002081
:1004C000012838B514461FD192B102F1090528461A
:1004D00007220E4935F07BF9034620782BB9052217
:1004E0000B49BDE8384002F02BBA06222946F8E74E
:1004F000084C062294F86E0002F022FA28B9052270
:10050000034994F86E00ECE7002038BDDECC04000F
:10051000D7CC0400080100202DE9F0478846164694
:100520008246002868D00023DFF8D090D9E8EF4F4A
:10053000C9E8E23F002AF9D1002C5DD02046FFF740
:1005400077F80C232E4D274603FB00504388534574
:100550000DD0D9E8EF3FC9E8E27F002AF9D1002B9E
:100560004AD01F463846BDE8F047FFF7FDB8A6421F
:1005700008D0204629F05FFF328AF16804F10C00B0
:1005800029F0CCFF2046FFF753F80C2606FB00505D
:100590004368ABB1B8F1000F12D12046FFF748F81D
:1005A000012106FB00504268536803F01F008140A0
:1005B00010685B0900EB8300137ACBB12AF095FD3C
:1005C0002046FFF735F80C2606FB00508368002B09
:1005D000C8D02046FFF72CF8704305F8008020466D
:1005E000FFF726F806FB0055A8681AF02FFAB9E7BE
:1005F000C9432AF085FDE3E7BDE8F087300200201B
:10060000B05A02200146014831F08EBC883D0220DC
:1006100008B50146FFF740FE20B1BDE80840084696
:10062000FFF7A2B8034829F00FFFBDE808400248D1
:10063000FFF7E8BF34020020800700202DE9F047D3
:1006400039482AF04FFDC5070C4603D50821364826
:100650002AF04BFD1BF01AF8E5682B78022B5BD0D3
:10066000042B06D06FF015041BF020F82046BDE8DF
:10067000F087B4F81080B8F1020F04D82046FFF7D5
:1006800073F80024F0E768783E2809D1B8F1030F29
:10069000F4D0EB78012B01D00A2B3DD1032704E0E5
:1006A0002AF00EFD0746F80736D504F10C060121A5
:1006B0003046D4F814A029F053FF0221304629F027
:1006C00057FF814600783E2807D1E3681B78012B4D
:1006D00001D00A2B06D103260BE02AF0F1FCC1075A
:1006E000064606D4002383F311880323184602DF4D
:1006F00002260E4A0623214699F800002AF0A4FD9E
:10070000B2070DD56369A5EB0A0513FA85F5E56017
:10071000A4F81080BB07B4D52046FFF779FFB0E7F7
:100720002046FFF721F8F5E7DC010020207F0400D8
:1007300070B5304829F099FE0446002858D0FFF7DC
:10074000ABFD20B12046BDE87040FFF70DB804F1C5
:100750000C05284629F014FF022805D004282ED0C5
:100760002046FFF701F821E0238A032BF8D9042162
:10077000284629F0FDFEFF22438806882276228A39
:10078000C6F30B009A426083EAD10F2101F094FD79
:1007900005460028E4D001F0ABFD21462076320B5F
:1007A00028462BF023FA284601F09EFC124BD3F882
:1007B0002C31EBB1BDE870401048FFF723BF28464D
:1007C000022129F0D5FE054600783E2809D02AF0FE
:1007D00077FC10F0020004D180F31188032318463F
:1007E00002DF06232146064A28782AF02DFDB7E7C6
:1007F00070BD00BF340200200801002080070020E7
:10080000607F0400014601481AF074BB883D022055
:10081000014601481AF09ABB883D022010B5C1E993
:1008200000239DF808300C460B72FEF701FF0C22E6
:10083000024B02FB00335C6010BD00BFB05A0220C7
:10084000F8B502460B46104829F0FAFD0446C0B13F
:1008500004210C3029F051FE2046FEF7E9FE0C275A
:1008600000260A4D07FB005046802046FEF7E0FEBA
:1008700007FB005086602046FEF7DAFE07FB0055B6
:100880006E602046F8BD00BF900E0020B05A0220D6
:100890000138C0B202289ABF014B185C0020704793
:1008A0004BCD040037B50C468DF8070000F0FF056E
:1008B000A0B929B1072220460A4934F088FF40B97F
:1008C000002009490DF1070205F0EEF8002003B001
:1008D00030BD21462846FFF7F3FCF7E76FF015001F
:1008E000F5E700BFDECC040017B1030029289ABF4A
:1008F000014B185C0920704721CD0400034B0146D1
:10090000D3F8500182689268104700BF08010020A8
:1009100008B5034608482AF0E5FBC2070BD51BB90A
:10092000102105482AF0E1FBBDE808406FF0010105
:1009300001482AF0E5BB08BDDC01002038B50546BA
:10094000F0F738FE1D28044615D829460B48F0F765
:100950001FFE70B122462946084834F0FFFE0022EF
:1009600007482146031900F5AA7083F85421FFF7C0
:10097000A9FB002038BD6FF00B00FBE75C020020F4
:1009800008010020004870475C020020014902482D
:1009900031F0CABA70070020D03C022070B506467C
:1009A00024482AF09FFB42070C4606D411B120468A
:1009B000FEF7DAFE6FF074050AE059B94FF0FF3028
:1009C0004FF0FF31FFF73CFF044618B96FF06805A0
:1009D000284670BD314604F10C002AF0BEF90546E8
:1009E000204615B1FEF7C0FEF2E7FEF721FE0C220D
:1009F000114B02FB00335E8040F635439E4207D127
:100A00002046FFF77BFF05460028E1D02046E9E7B6
:100A10000A48214631F06BF906482AF063FB430788
:100A200005D42146054831F083F90028BFD1FFF7EE
:100A3000ADFFCDE7DC010020B05A02203C020020CF
:100A40002DE9F041054617460C4686B069B94FF0CE
:100A5000FF304FF0FF31FFF7F3FE044660B96FF04F
:100A60006805284606B0BDE8F081887AFEF7D8FD13
:100A7000464B834240F0838001220021684631F0DA
:100A80009BF92046FEF7D4FD0C23DFF8048103FB1D
:100A90000080C0F808D0204629F0F9FC014628461D
:100AA000FFF77CFF054618B12046FEF75DFED8E74C
:100AB00000236846374A1AF001F870B336482AF026
:100AC00011FBC00723D534482AF00CFB41071ED583
:100AD00031482AF007FB020719D4002200232F48CF
:100AE00019F04AFE98B92E4E6FF004012A482AF0F8
:100AF00007FBFFF7AFFCD6F850012AF0BCFA08B3A9
:100B0000042106F1D4002AF0F0FAFFF76DFC00236F
:100B100083F311880323184602DF2046FEF788FD81
:100B20000C23584318F800602EB32046093EFEF708
:100B30001BFE092E1CD8DFE806F0151B1B18251B11
:100B40001B1B1B22FFF750FC06F1D4002AF0CAFA47
:100B50000307DCD4FFF7A6FC2046FEF705FE6FF086
:100B600073057EE76FF06E057BE76FF00C0578E7A5
:100B70006FF0040575E7002F96D03C6071E76FF0C9
:100B800015056EE76FF00B056BE700BF900E0020B8
:100B9000B05A0220B4C40400DC0100207C02002012
:100BA000080100202DE9FF4700260546564BB0F806
:100BB00001900C46198849F47042914202BF1E8090
:100BC000524B1E7800F064FBEB78012B29D124B343
:100BD00094F800A005F1040840462AF0E9F902AFB4
:100BE000414608B34FF0010838462AF0D6F9D5F847
:100BF0001130CDF80130B5F81530ADF8053022468A
:100C00003946E878FFF75CFC044620BB13214846D0
:100C10002AF080FC04B0BDE8F0873D4B93F86EA04D
:100C2000D8E74FF0000AD5E750462AF08DFE03467C
:100C3000006802909A889B796868BA80BB71B8F89E
:100C4000042098F80630009095F80480ADF8042050
:100C50008DF80630D3E70346B5F8012023F8702B52
:100C6000BA790298B98820679A7140F2E242998075
:100C7000B5F8173053430022C4F88830B5F819305E
:100C8000A4F89030B5F81B30A4F89230EB782273BA
:100C9000204A012BC4F8A42002F14702C4F8A8207E
:100CA0004FF4A472E370A4F8AC201CD18DF800803E
:100CB000BDF804209DF806300098A4F87B2084F845
:100CC0007D30C4F8770000F02DFD237A1049C3EB86
:100CD000C3035A18CB58C4F87E309388A4F88230E6
:100CE000937984F884300721204601F051FA26B127
:100CF00001212046267301F04BFA204601F02AFB21
:100D0000204601F0F1F985E792A4022097A5022080
:100D10000801002001011B0000B5C36889B01978E3
:100D200031B13C2932D109B05DF804EB2AF0C8BAE0
:100D3000B3F801208DF80010ADF80120DA788DF8B5
:100D40000320B3F80B20ADF81720B3F80D20ADF851
:100D50001920B3F80F20ADF81B205A7C8DF81D2008
:100D6000586801901A899B7AADF808208DF80A30EE
:100D7000084B68461A689B88CDF80B20ADF80F30F9
:100D8000CDF81120ADF81530FFF70CFF09B05DF874
:100D900004FB00BFEBCC040010B5F1F731FC034BB2
:100DA0001B6813B1BDE81040184710BDC85A022097
:100DB0002DE9F341012105463B482AF096F9C10788
:100DC0006ED439482AF08EF9820763D4374ED6F8AC
:100DD000500130F0A3FD00285FD006F1D4002AF0C6
:100DE00081F9430707D56FF077046FF001012E48B2
:100DF0002AF086F94AE02E4F97F80080B8F1000FEC
:100E000014D12C4C204631F0A8F820466FF007038F
:100E10004FF400622849CDF800801AF02BF8D4F87E
:100E20009800264931F0C6F801233B702AF056F8A5
:100E300004460028D9D1224B1D60012221481146C9
:100E400030F0BAFF204830F016FF6FF00801164866
:100E50002AF056F9D6F8500106693768002FC2D13A
:100E60001A4B336083681B689847044648B90421CD
:100E70000D482AF03AF935B902B0BDE8F041F1F772
:100E8000BFBB3760B1E7124819F0EEFF204602B051
:100E9000BDE8F0816FF00A04A7E76FF01204A4E741
:100EA0006FF07704F2E700BFDC01002008010020AA
:100EB00096A50220883D022030C1022054C90400BA
:100EC000C85A0220180200203C0200203D06010002
:100ED000CC0100201FB5044601A90C3029F07CFF8D
:100EE00070B922469DF80710BDF80400FFF714FB07
:100EF0009DF8063023B1034819F0A8FDFFF746FD21
:100F000004B010BD180200201FB5044601A90C3022
:100F100029F041FF10F13D0F00D090B940F6354364
:100F2000BDF8040098420CD022469DF80710FFF748
:100F3000F3FA9DF8063023B1034819F087FDFFF757
:100F400025FD04B010BD00BF1802002038B54FF0D9
:100F5000FF334FF0FF32274819F00EFC26482AF0E5
:100F6000C1F8430704D4FFF775FA01F003FA3DE036
:100F7000224DD5F83431002BF7D00022002305F59F
:100F8000887019F09BFD0028EFD10022002305F5A1
:100F90009A7019F02DFD044620B980F311880323BF
:100FA000184602DFD5F828310BB1FFF77BFA20464F
:100FB00029F06DFAC5F828012046FFF79FFC98B18B
:100FC0000F4819F043FD2046FEF732FB0C220D4B73
:100FD0001F2102FB003022464088FFF79DFA204681
:100FE000FEF7C2FBFFF7D2FCFFF7D0FCBDE83840AC
:100FF000FFF7FAB97C020020DC0100200801002084
:1010000018020020B05A0220F8B506460024094D07
:10101000EF79E3B29F4202D86FF0010007E0294662
:1010200030462AF0D0FB0735631C08B12046F8BDD6
:101030001C46EEE70801002037B504460D46B9B15D
:10104000284616492AF0BFFB90B929461448C4EB3C
:10105000C40420442AF0BFFB12482AF0C3FBC30695
:1010600003D5FFF73DF829F03BFF002003B030BD6A
:10107000684629F084FF0028F8D16846FFF7C4FFCE
:101080000028F5DA064BC4EBC400694618442AF080
:10109000A2FB002DE0D001462846DBE7DECC0400B1
:1010A00008010020DC01002070B5134E06223146F5
:1010B000044634F08CFB0346C0B14FF0FF304FF0D4
:1010C000FF31FFF7BDFB054690B1062221460C30EB
:1010D00029F024FA0022294642F20500FFF7B0FC6D
:1010E000034618B920683060A288B280184670BDE7
:1010F0006FF06803FAE700BF700100202DE9F041AE
:10110000484D074695F806210C4695F8073152B32D
:101110000132934228DC00210222084601F010FC33
:10112000064658B3404D2A68042A08D83F48C2EB07
:10113000C2033946184401322AF04DFB2A601CB123
:10114000237A23F004032372394BD3E8EF1F41F4D1
:101150008051C3E8E21F002AF7D1304600F0C4FFF7
:101160000020BDE8F08113B1013B85F807311CB1C7
:10117000237A23F0040323720120F2E701462D486D
:1011800000F0CAFA30462AF06DFB8046D0B995F8D7
:10119000073195F806219A421FD2013B85F80731A5
:1011A0001CB1237A23F0040323721F4995F80731F9
:1011B0000A6802209B1A00220A601F4985F807313D
:1011C00004F094FC95F8073113B101202AF04AFB92
:1011D00000211A4800F0A0FACEE74FF0FF304FF0A0
:1011E000FF31FFF72DFB06460028EBD007210C301E
:1011F00029F08EF939462AF0EEFA4246314642F29B
:101200002800FFF71DFC0028DCD195F80731013BD1
:1012100085F80731002CD5D0237A23F004032372FC
:10122000D0E700BF08010020CC5A022098A5022078
:10123000DC01002019B903004FB8030097B8030080
:1012400037B5094C094D216861B101392160C1EB05
:10125000C101294468462AF0BEFA0021FFF74EFF7B
:101260000028F0D103B030BDCC5A022098A502204E
:10127000064BD3E8EFCF4CF4805CC3E8E2CF002A02
:10128000F7D1037A19430172704700BFDC010020D7
:1012900008B50A4BD3E8EF2F22F48051C3E8E01FD2
:1012A0000028F7D1D30408D5FFF7CAFFBDE80840EE
:1012B00000220220024904F019BC08BDDC01002014
:1012C00069B90300002307B50549CDE900036A4663
:1012D000022004F00BFC019803B05DF804FB00BF92
:1012E000BDB80300F7B5044670B1414D95F806212D
:1012F00095F807310AB19A4208D2013385F80731CF
:10130000237A43F00403237203B0F0BD00210222CC
:10131000084601F015FB064648B120460121FFF7BB
:10132000A7FF304603B0BDE8F04000F0DDBEFFF798
:1013300087FF31462F4800F0EFF995F80731B3B930
:1013400095F8072195F806319A421CD1002242F205
:1013500029001146FFF774FB70B995F80731013386
:1013600085F80731237A43F00403237204E0304602
:101370002AF078FA0028E3D000211F4803B0BDE826
:10138000F04000F0C9B92246671C394612F82E0B0E
:101390002AF02BFA064630BB95F80731013385F861
:1013A0000731237A43F00403237295F8A7305B07D3
:1013B00019D5394668462AF00EFA01234FF0FF305E
:1013C0004FF0FF318DF80730FFF73AFA044650B17D
:1013D000082269460C3029F0A1F83246214642F233
:1013E0004E00FFF72DFB01202AF03CFAC4E700BFB6
:1013F0000801002019B9030097B8030070B504462E
:1014000011B16FF0150070BDD8B121492AF0DBF998
:10141000B8B92046FFF7F8FD002832DA23784BB937
:101420001C48C2796ABB21462AF0D5F90123C37151
:101430001046E8E7012BE4D1A37903F0C003C02BE9
:10144000DFD1144DEB79012B1ED005F1D4002AF029
:10145000C9F9430707D4002CD3D020460C492AF001
:10146000B2F90028CDD1EE792146731C3046EB71DC
:10147000FFF7E2FD08B93046C5E7EB79013BEB71B8
:10148000C1E76FF07700BEE76FF00B00BBE700BF6E
:10149000DECC0400080100202DE9F3410446D8B158
:1014A000002141F2090001AAFFF7CAFA054698B9DE
:1014B000019E0622D6F80C80104908F10107384633
:1014C00034F085F928B1062238460D4934F07FF909
:1014D00030B93046FEF748F9002002B0BDE8F0818F
:1014E000D8F801303046C4F80130BB882570A4F824
:1014F0000530FEF739F90120EFE700BFEBCC04001F
:10150000E5CC040007B56846FFF7C6FF044BD87169
:1015100018B169460020FFF78FFD03B05DF804FBAA
:1015200008010020F0B5294D89B0EE79002E46D192
:1015300095F8C130DB0722D56A4631464FF609409F
:10154000FFF77EFAD8B9DDF800C0DCF80C4063780C
:10155000012B1E4628BF012673B1A31C02AA123418
:10156000174618685968083303C7A3423A46F7D1AB
:10157000186838609B88BB806046FEF7F5F8EE710E
:10158000002416260127EB79E0B2984202D3B3B1CA
:10159000002012E008AB06FB003353F8182C33F898
:1015A000143C6946CDF80120ADF805308DF8007087
:1015B000FFF742FD01340028E5D009B0F0BD00215D
:1015C000084609B0BDE8F040FFF718BF0801002049
:1015D0000346032915D8DFE801F0020A020A10F8D1
:1015E000021B084BC1EBC10119442AF0F4B8054AAB
:1015F000906EC3F80300B2F86C20A3F80720012214
:101600009A707047080100202DE9F0411D460E46F2
:1016100017460346002849D0002D47D00A0307D5B6
:101620004C0743D42AF0C1F910BB01232B701FE0F3
:101630008A0704781ED020492FB1B20603D591F84D
:10164000D820500635D5C4EBC40411F80480B8F195
:10165000010F08D10134184621442AF094F938B911
:1016600085F8008002E0B8F1000FF9D0A7B900209A
:10167000BDE8F0814A0716D50F49C4EBC4040F5DDD
:10168000012F07D1013421442AF07DF90028EFD140
:101690002F7001E0002FFBD0B306E8D52B7843F084
:1016A00002032B70E3E72AF080F9BEE76FF0150024
:1016B000DEE76FF08500DBE7080100200020014B2A
:1016C00018607047CC5A0220F7B5CDE90001694691
:1016D00042F2080016461D469DF820702AF07CF95B
:1016E000044648B95FB90B4BD3E8EF1F41F0040142
:1016F000C3E8E21F002AF7D1204603B0F0BD6946D7
:1017000042F20900CDE900652AF066F90028EAD026
:101710000446F1E73001002003460148184700BFA6
:101720002001002000487047200100202DE9F04FE3
:10173000D0F810A089B0BAF100040546934618BF4E
:101740000124DFF8B89202910393D9E8AF3FDA069B
:1017500040F17E81466873050CD56FF015040022B8
:1017600040F20110029B934540F07B81204609B076
:10177000BDE8F08FD0F81080B8F1000F01D0B707A6
:10178000EBD09F4F2878FB798342E6D9C0EBC000AD
:1017900007229C49384434F01AF80028DDD0B007FD
:1017A00006D197F86F30082B02D8AB689F2BD4D99D
:1017B00016F0300F72D0B8F1000FCED0F10670D411
:1017C00006F46036B6F5603FC7D028462AF0C8F860
:1017D00080460028C1D08C4ED6E8AF3FDA0500F134
:1017E0003A81D9E8AF3FDB0401D5FFF751FD002373
:1017F000CDE90533CDF81B30AB686A68ADF8103021
:10180000EB6812F4004FADF8123014BF0623072323
:10181000D00348BF03F00503910348BF03F0FB0367
:101820008DF81D30D9E8EF3F23F48063C9E8E23F2B
:10183000002AF7D12B7822463B7687F86E3069680C
:1018400072480DF11503FFF7DFFE0446002886D12C
:101850006F4BBAF1000F30D02A69116849F8B31CF8
:101860009188998092799A716B689A0727D0BAF11A
:10187000000F2BD013F0100F0CBF012304238DF8A1
:1018800014302B691A68CDF816209A88ADF81A2002
:101890009B798DF81C304FF000081AE0B8F1000F6A
:1018A0008ED1D5E902239A423FF657AF1F2A7FF621
:1018B00054AFB3F5804F83D94FE7524ACDE79B052C
:1018C00002D4039B002B3CD0022300E053468DF84A
:1018D00014304FF0FF304FF0FF31FEF7B1FF0446F8
:1018E000002800F0BB800F2204A90C3028F016FE5F
:1018F0002146002242F20600FFF7A2F80446002823
:101900007FF42DAF9DF815104048FFF761FEBAF146
:10191000000F1AD0686810F0030022D10746012199
:101920003A482AF0B3F80446002840D0002F3FF48C
:1019300016AF3846002100F02BFC384600F0D4FBEF
:101940000DE703238DF81430A5E75946129B039A3F
:101950000298CDF80080FFF7B7FE04460028D9D0E2
:10196000FDE63C7E07222749294887F86E4033F080
:101970002EFF60B92046274900F09CFF074610B9AA
:101980006FF00B04EBE6052100F002FCC7E72046F0
:101990001F492AF045FA00287FF4DFAE387E1C4943
:1019A00000F088FF07460028EAD00621ECE717B1CF
:1019B000384600F099FB6B689F072DD0D6E8EF3FC3
:1019C00043F40073C6E8E23F002AF7D1B8F1000FF4
:1019D0002BD0D6E8EF3F43F48063C6E8E23F002A0D
:1019E000F7D16B68580729D5D6E8EF3F43F4805309
:1019F000C6E8E23F002A3FF4B2AEF5E7DC01002082
:101A000008010020DECC040030010020200100206D
:101A100029010020D7CC0400D6E8EF3F23F400735F
:101A2000C6E8E23F002AD1D0F6E7D6E8EF3F23F43C
:101A30008063C6E8E23F002AD3D0F6E7D6E8EF3F5E
:101A400023F48053C6E8E23F002A3FF488AEF5E76E
:101A50006FF00A0483E66FF0770480E66FF06804A5
:101A60007DE61988814204D1596811B10978C90706
:101A700002D40132083376E60449054830F073FA9F
:101A80000023044A0248FEF7C3FE6FE6E3BA0300F0
:101A9000380100201C4E0E0010B518482AF01EF820
:101AA000174CD4E8AF3FDA05C3F3002024D5D4E8BF
:101AB000AF3F9B0517D513490722E01F33F087FE80
:101AC0000346A4F1280114F8100C93B905220E491D
:101AD00000F036FF044630B10021017300F058FBDE
:101AE000204600F001FBBDE810400021034829F02A
:101AF000CDBF06222131EBE710BD00BF2001002041
:101B000030010020DECC0400D7CC04004FF0FF32BF
:101B10004FF0FF33014818F02FBE00BF7C020020B9
:101B2000014818F0CBBE00BF7C02002070B53F4CCE
:101B30009AB00021182203A833F036FEFFF7E6FF23
:101B40002668FFF7EDFF44F20101394B03A8039328
:101B5000384BCDE9051301A91BF092FB48B11F25B5
:101B6000FFF7D4FF2368B34225D0FFF7D9FF1AB09F
:101B700070BD4122019802AB09A932F04FFC002848
:101B8000EDD12D4A0DF125030DF1650153F8040B3C
:101B90008B4242F8040BF9D120222849019802AB6C
:101BA00032F0E4FB0028DAD1019832F097FB0546C9
:101BB0000028D5D0D3E785B91F49214829F093FFE4
:101BC0002048203129F08FFF1F4BD3E8EF1F41F051
:101BD0004001C3E8E21F002AF7D100221B4B1C681A
:101BE000C3E900221A4BD3E8EF1F21F00101C3E83B
:101BF000E21F002AF7D1FFF793FF23461CB153F8E9
:101C0000044904B1043C002D0D4D18BF0025002BE4
:101C1000ADD01B680BB1284698472CB1626802B161
:101C2000043A23461446F2E72246FAE7D45A022041
:101C30001271000100000209DBA50220BBA50220F1
:101C40001BA602203BA60220DC010020DC5A022059
:101C5000D05A022030B5A7B01422002108A833F0D2
:101C6000A3FD04233D22002116A8159333F09CFD0B
:101C700047F21213ADF81C304FF4807344F20102A6
:101C8000ADF81E30244B2549CDE9092307A82022B1
:101C900005AB32F0EDFBE8B16FF00404FFF736FF5F
:101CA00000221F4B1D681A601CB91E490DA829F09F
:101CB0001AFF1D4BD3E8EF1F21F00201C3E8E21F1A
:101CC000002AF7D1FFF72CFF15B11CBB0DA8A847C0
:101CD00027B030BD134B0DF15502194603F14000FA
:101CE00053F8044B834242F8044BF9D106AB0293FC
:101CF00020230948CDE9001315AA4123059932F0A4
:101D000079FD0028C8D1059832F0E8FA0446002889
:101D1000C4D0C1E70020DAE700000209BBA5022019
:101D2000D85A0220DBA50220D05A0220402208B552
:101D3000034933F04CFDB0FA80F0400908BD00BF04
:101D40004ECD040010B598B004461422002102A81C
:101D500033F02AFD44F21213ADF804304FF48073CF
:101D60004FF48042ADF80630114B2146CDE90323F4
:101D700004230DF11D008DF81C3029F0B4FE04F190
:101D800020010DF13D0029F0AEFE6B46412207A96E
:101D900001A832F06DFB044601A832F051FE2CB9C7
:101DA000009832F09BFA012018B010BD0020FBE72C
:101DB0000000020910B5044600283CD0FFF7A6FE3B
:101DC0001E4A13684BB1043BA34204D1FFF7A8FE9F
:101DD0006FF0770010BD5B68F4E7194BD3E8AF1FD5
:101DE000890704D5FFF79CFE6FF00F00F2E710683B
:101DF000211D60605068116000B95160D3E8EF2F79
:101E000042F00101C3E8E01F0028F7D1D30703D552
:101E1000FFF786FE0020DDE70A4BD3E8EF1F21F035
:101E20004001C3E8E21F002AF7D1FFF779FE064818
:101E3000FEF726F8EEE76FF01500CBE7DC5A02203C
:101E4000D05A0220DC010020A0070020044BD3E878
:101E5000AF3F13F0400F034808BF0020704700BF9A
:101E6000DC0100201BA6022070B50E460546FFF7D8
:101E70004DFE1D490B68B34204D1FFF751FE6FF0D0
:101E8000770070BD194BD3E8AF3F5A0604D4FFF773
:101E900047FE6FF07C00F4E70B6823B1FFF740FECC
:101EA0006FF00F00EDE7124AD2E8AF3FDB07F5D441
:101EB000D2E8EF3F43F00200C2E8E40F002CF7D174
:101EC00013F00204EAD10B480E60294629F00BFEFC
:101ED000094805F1200129F006FEFFF721FE074819
:101EE000FDF7CEFF2046CCE7D85A0220DC010020C7
:101EF000D05A0220DBA50220FBA50220900700207B
:101F000070B505460B4B1C6844B154F8243C243C86
:101F100013B12846297B9847646AF5E7064C074EBB
:101F2000B44200D370BD236813B12846297B98477B
:101F30002834F5E7185B0220EC6B04003C6C0400CD
:101F400010B50446FDF774FB044901EB001120466F
:101F500029F072F8BDE81040FEF718BDE45A0220DF
:101F6000002270B50446D1E901560748C1E90122B3
:101F70002FF0BDFE3DB1314620462B46BDE87040F6
:101F80006FF06D02184770BDB40D002070B50546A6
:101F9000002200230E4818F091FDB8B90D4B1C68C3
:101FA00034B154F81C3C243C03B19847646AF7E709
:101FB000094C0A4EB44204D32846BDE8704018F0DC
:101FC00053BFA36803B198472834F3E770BD00BF3F
:101FD000840D0020185B0220EC6B04003C6C0400B4
:101FE0002DE9F041044620270025EFF3118387F304
:101FF0001288E16919B983F31188BDE8F081206A7C
:102000000A68814208BF2262E26183F311880748AF
:10201000D1E90168C1E901552FF069FE1EB1002226
:1020200041462046B047FEF7B1FCDEE7B40D002084
:102030000348B0F8E830EC30002B08BF00207047B0
:102040000801002030B50446FDF72EF80D460D4A74
:102050000D498BB00858D2F89810884205D1204617
:102060000BB0BDE83040FFF7BBBF2434214610461B
:102070002FF05AFF1DB1694620462FF057FF0BB0D5
:1020800030BD00BF204B02200800000038B5002200
:1020900004468A4202D10024204638BD012004F1C2
:1020A000D003D3E8EF5F002D04D1C3E8EC0FBCF1FF
:1020B000000FF6D102D0D8340244EAE7002CEAD06F
:1020C000D0220021204633F06FFB04F14000044988
:1020D0002FF049FF034904F124002FF011FFDBE743
:1020E000ED29010093BB030008B500F1D003D3E84C
:1020F000EF2F013AC3E8E12F0029F8D1AAB90B4B21
:10210000984212D303F1D80290420ED2C01AD823BB
:10211000B0FBF3F203FB120038B9054818F096FC47
:10212000BDE80840034818F09FBE08BD403E0220AD
:10213000840D0020C007002010B5044629F0ADFD35
:102140004FF0FF334FF0FF320E4818F015FB0E4BE7
:1021500004F1C401D3F808314BB90C4829F0CDFC87
:102160006C3018F0ABFBBDE81040FEF70FBC994295
:1021700001D01B68F0E7034818F0A0FB2046FFF7EA
:10218000B3FFF0E77C0200200801002010020020CD
:1021900070B5457B04468D4213D041730DB929F0CB
:1021A0007CFD637B012B09D1314D05F1EC066169A2
:1021B00000294AD1BDE87040FEF7E8BB072B01D0EB
:1021C00073B170BD0023C4E90D33E378012BF8D15E
:1021D00004F140000023BDE87040264AFEF712BB20
:1021E000082DEED801A353F825F000BFC32101004C
:1021F0001122010037220100412201004122010089
:102200004122010037220100C3210100C321010046
:1022100004F1400528462FF0B4FE20460121FFF7C7
:1022200011FF204629F0D3FC2846BDE8704000226B
:102230000023FEF7EDBA237B13B12046FFF760FEC3
:102240002046BDE87040FFF74FBFA2690B6891427E
:1022500008BFA36120466361FFF782FEB5F8E8304E
:10226000002B14BF3046002018F0F0FB9FE700BFA2
:10227000080100205A620200F8B5074609480D46D9
:10228000164629F00AFD044650B183781F4203D157
:10229000BDE8F840FFF728BF3146A8472046F7E7DA
:1022A000F8BD00BF403E0220002201200149FFF797
:1022B000E3BF00BF63BB030038B505460B480C46BF
:1022C00029F0EBFC034670B1427B012A02D0073AA9
:1022D000012A06D81A88AA4202D19A78144203D158
:1022E0001846FFF701FF0023184638BD403E022084
:1022F000034BC01A034BC0105843C0B2704700BF15
:10230000403E022013DA4B6870B51C461443054664
:102310000E4608D0FCF7C8FE0B4908580B49D1F807
:102320009810884201D1002213460949002D14BF9C
:102330002846084628F084F8044618B1711D0C3070
:1023400028F0DBF8204670BD08000000204B02207A
:10235000D00D002010B504460548FEF753F920467D
:1023600000F010FD2046BDE81040FFF7C9BD00BFDA
:10237000B007002000232DE9F04F87B003930593A9
:10238000AA4B1A8C32B1AA4DD5F8084134B907B01E
:10239000BDE8F08F1B68002BF5D1F8E754F8C4397D
:1023A00003B1C43B0026A34901E01C461346B5F81F
:1023B000E820002A00F03781D5F8F4204AB904F16A
:1023C000C406002BE3D0D3F8C420002AEDD0C43AD1
:1023D000EBE70A68002AF2D0D4F8B020002AEED049
:1023E000D4F8B420002AEAD0D4F8B820002AE6D0E5
:1023F000637B072B6DD120469047002869D004F1FC
:10240000C80029F0A0FB022863DC204629F045FC27
:1024100004460028BBD0637B072B40F0F8802046A1
:10242000D4F8B030B5F8E81004AA98470746002859
:1024300000F0D080B5F8E820049B9A4206D301460C
:10244000D4F8B460204605AB03AAB047059BDDF87D
:102450000C8001933B8A002B00F0DC803846DDF8CD
:10246000109028F0FFFD002840F0D780724829F036
:102470006AFBC306C0F3001A40F1D280B5F8E83019
:10248000DFF8B8B1002B14BF58460020002200230B
:1024900018F014FB78B900220023664818F0A8FA57
:1024A000064600283BD1B5F8E830002B18BF5E4641
:1024B000304618F0CBFA6FF00B053846FDF754F9AB
:1024C000B8F1000F00F082802A4620460199C047EB
:1024D0007CE0D4F8C43004F1C402C6B9D5F80C11BC
:1024E000C5F808318A4201D1C5F80C3100232046D5
:1024F000C4F8C430D4F8B830984700288BD0637B38
:10250000072B40F084802046FFF716FE83E73360F8
:10251000D5F80C319A4208BFC5F80C61E6E7019B7B
:10252000C0F804808360B5F8E8B00022D9454FF0C8
:1025300000034FF000013D4898BF1FFA89FBFDF7EB
:102540009BF8804650B1FDF773F83D4B5A4603EBBC
:1025500000133946404628F04AFD8046B5F8E83079
:1025600094F8CC7099459EBF4FF0000A0237FFB235
:1025700084F8CCA004F1C809D9E8EF3F0133C9E8D9
:10258000E23F002AF8D104F1140A3146504629F0FE
:10259000B4FAA378012B21D0D9E8EF3F013BC9E879
:1025A000E23F002AF8D13146504629F0F5FA40467C
:1025B000FDF7DAF820463146FFF7D2FCB5F8E830EF
:1025C0001E48002B08BF002018F040FA13212046B7
:1025D00029F07AFB2046FFF787FDD8E608F10C0BBF
:1025E0000421584627F0ABFF238807F0FD0743EA94
:1025F00007330380B8F810300221043B438058466B
:1026000027F0A5FF4046FEF779F90028C4D1FEF770
:10261000BDF9DFE76FF079054FE76FF004054CE790
:102620006FF0740549E79368FFDE00BF600E00207D
:1026300008010020B40D0020DC010020F40100207E
:10264000E45A022040F2E2432DE9F041D0F88860DC
:102650000446B6FBF3F6031D184629F074FA82040B
:10266000B6B210D5B4F88C20B2420CD8B4F88E2093
:10267000B24208D3D4E92412914204D16FF400513C
:10268000184629F055FA114B1D6865B155F8147CB0
:10269000243D37B131462046B4F89230B4F890204A
:1026A000B8476D6AF1E70A4DDFF82880454501D348
:1026B000BDE8F0812F6937B131462046B4F8923039
:1026C000B4F89020B8472835F0E700BF185B022027
:1026D000EC6B04003C6C0400F8B50F4B05461C681D
:1026E0005CB1243C00F1A606236A13B131462846AA
:1026F0009847646A0CB1243CF6E7084C084E05F193
:10270000A607B44200D3F8BD236A13B13946284660
:1027100098472834F5E700BF185B0220EC6B0400F3
:102720003C6C0400F8B50F4B05461C685CB1243CBA
:1027300000F1A406E36913B1314628469847646A5C
:102740000CB1243CF6E7084C084E05F1A407B4424E
:1027500000D3F8BDE36913B13946284698472834B9
:10276000F5E700BF185B0220EC6B04003C6C040032
:102770002DE9F041074608460D4628F033FE06468F
:1027800018B900263046BDE8F081144B1C6884B1AE
:1027900054F8183C243C0BB9646AF8E729463846DB
:1027A00098470028EDD0284628F01CFE0028F3D1D9
:1027B000E7E70B4CDFF82C804445E3D2E3680BB924
:1027C0002834F9E72946384698470028D9D02846C2
:1027D00028F008FE0028F3D1D3E700BF185B0220E1
:1027E000EC6B04003C6C04002DE9F041C378044616
:1027F0008BB900F17E06114B1D687DB1243D04F1BB
:1028000070076B691BB13A463146204698476D6A9E
:1028100025B1243DF5E700F17706ECE7084D094FB7
:1028200004F17008BD4201D3BDE8F0816B691BB1B2
:1028300042463146204698472835F3E7185B022088
:10284000EC6B04003C6C0400F8B5437A04468372D8
:10285000164629F066FB144B1D684DB155F80C3C2B
:10286000243D1BB132462046617A98476D6AF4E7F1
:102870000E4D0F4FBD420DD3A6B9637A012B11D96E
:10288000A378012B0ED1207A04F17001BDE8F84045
:1028900003F0ACBAAB691BB132462046617A984767
:1028A0002835E7E7F8BD00BF185B0220EC6B040099
:1028B0003C6C040038B505460C460F480121FFF773
:1028C000E5FBC0B1057223680367A388A0F87430E4
:1028D000A37980F876300123437283728370074BAB
:1028E000C0F8B030064BC0F8B430064BC0F8B83072
:1028F000054BC0F88C3038BD403E0220B12C0100A1
:102900001BBB03000FBB03001800280070B5054671
:102910000A480E4629F0C1F9044620B18378012BFC
:1029200004D0FFF7E1FB0024204670BD3246294663
:1029300029F056FA0028F7D12046F2E7403E02205F
:10294000F8B505460E480E46174629F0A6F9044686
:1029500020B18378012B03D0FFF7C6FB00240DE0E4
:1029600036B13246294629F03BFA08B92046F3E74A
:10297000637BBB42FAD1237AAB42F7D12046F8BD44
:10298000403E022038B5044608460D4628F02AFD90
:1029900038B3154B93F8D830990707D4E37873B15F
:1029A00029462046BDE8384000F03ABA94F89830FD
:1029B0009A07F3D5201D29F0C6F84304EED4294622
:1029C000204629F051FA58B92B88A4F88C306B882E
:1029D000A4F88E30AB88A4F89430EB88A4F8963035
:1029E00038BD6FF01500FBE708010020F7B510F8BF
:1029F000333C0446A0F140060BBB304600F0DEF845
:102A0000214B1D684DB155F8203C243D1BB130468B
:102A100014F8341C98476D6AF4E71C4D1C4FBD42F6
:102A200005D3304603B0BDE8F040FFF75DBB6B68EF
:102A30001BB1304614F8341C98472835EFE710F8DE
:102A40003E3C012B1ED1A0F13C056FF400512846FD
:102A500029F06EF883040DD5E36C69460093636D2D
:102A600030460193FFF78EFF20B96FF4805128465E
:102A700029F05EF84FF40061284603B0BDE8F0404D
:102A800029F064B803B0F0BD185B0220EC6B0400C1
:102A90003C6C04000C4B10B91860002070471A6899
:102AA00072B90269002AF7D1026832B9426822B9C4
:102AB000826812B94269002AEED06FF015007047A3
:102AC0006FF07700704700BF285B022008B568B13F
:102AD000094B00F110011A6822B9074829F00DF8D6
:102AE000104605E0914204D01268F5E76FF015003A
:102AF00008BD6FF07700FBE7205B022010B50E48A1
:102B00002FF0B9F80D490C482FF0F1F80C490A489C
:102B10002FF0EDF80B4908482FF0E9F829F032FFC3
:102B200002F01EF8044628B902F01AFF044608B95C
:102B300029F0B8FA204610BDB40D0020F45A022046
:102B4000005B02200C5B0220044B186818B9044A91
:102B50005A600B6070476FF00B0070472C5B0220CF
:102B60000C8004004FF0FF324FF0FF33014817F0A4
:102B700003BE00BF7C02002010B50446FFF7F2FF41
:102B8000234653F84C2BD2F8BC1069B9E164D2F853
:102B9000C01069B9C2E92F33074817F08FFE2068CB
:102BA000BDE81040FFF7C8BA8B42F5D00968ECE7E2
:102BB0000B60C2F8C030EFE77C0200202DE9F8433B
:102BC000446B2CB154F8085905B1083D00270CB9E5
:102BD000BDE8F883D4E9006836B3FFF7C3FF0022ED
:102BE000D6F8BC3004F14C0163B1994234D1E36CA6
:102BF00052BBD6F8C020C6F8BC30914201D1C6F80D
:102C0000C030E7641C4817F059FE04F13009002277
:102C10000023484617F0ECFE064600BBD8F8043007
:102C20000BB1204698472760E3680BB120469847D0
:102C3000D8F820300BB120469847DDB1AB6803B11E
:102C4000083B2C461D46C2E71360D6F8C0309942B7
:102C500008BFC6F8C020D4E71A461B68C4E7B369AA
:102C600023B16FF06D02F169206898473046FCF798
:102C70007BFDCCE72B46E4E77C02002070B50446E0
:102C800052EA030008D0FCF70FFA074D074ED5F8BB
:102C900098503058854201D1002213462046BDE8A5
:102CA00070400431FFF730BB204B022008000000C9
:102CB0002DE9F0470F469046D0F8BC4044B14C3C5B
:102CC000236B5BB92068BC3029F021F9E46CF5E78F
:102CD000FDF75CFE00263046BDE8F08704F13009C0
:102CE00048462FF05CF805460028F1D028F0BAF9E4
:102CF0000028EFD1284627F0CAFB256D06469DB96E
:102D0000A38C058A403B9BB23F2B03D8238D9D4269
:102D100028BF1D46042106F10C0027F010FC058099
:102D2000A38C043543802565BD421FD8B6F810A09A
:102D3000554506D100220023484617F059FEFCF7FE
:102D400013FDA38CA3F140023F2A06D855451ABFB4
:102D5000002213460A4AF361B2612068BC3029F0B0
:102D6000D6F8236B13B12046FFF706FF236D9F4271
:102D70002CBF0027DF1BC8F800302765ABE700BF7A
:102D8000CDBF0300F7B504460026234D234FBD42B7
:102D900001D303B0F0BD2988204629F00EF96B68F5
:102DA000019001A920469847002830DB019B2A8822
:102DB0009A829A8403F11002D2E8EF1FC2E8E06F12
:102DC0000028F9D1DE641E659E60A16B03F1080244
:102DD000F9B9C4E90D221C60DE6003F130002EF069
:102DE0004AFF019843681B6803B19847019B103361
:102DF000D3E8EF1F41F00101C3E8E21F002AF7D139
:102E000001984368DB6913B100F110019847083558
:102E1000BDE70A60A263DEE7D46B0400EC6B04003C
:102E200070B5134A0C4613780646013313F0FF01C0
:102E30000ABF01230B46194613701220082229F0FD
:102E400088F8054688B108210C3027F061FB2288FC
:102E50002946028062884280A2888280E288C280FD
:102E60003046BDE8704029F0BEB86FF00B0070BD71
:102E70005BA6022023281FD81A2804D8431E182B2B
:102E80000ED906207047A0F11B03082B1ED8DFE8DF
:102E900003F0051D1B231D19251D05000320704788
:102EA00001230F4A83401A40C2B90E4A1A40002A31
:102EB0000CBF06200120704700F07F03522B05D184
:102EC00000207047012070470520704710F0400F28
:102ED00014BF00200620704704207047022070476E
:102EE000AAAA8A025455450170B50E46438D418BFE
:102EF00001328B4228BF0B469A42054631D83046F4
:102F0000FFF7B8FF6FF01403034113F0010310D073
:102F1000FCF7CAF8144B1958144BD3F8983099425F
:102F20001DD0134B1B685A1A18BF4FF0FF321346BF
:102F300000E0104A00211048FFF7A0FE044660B1EF
:102F4000FCF776FB18220D4B012102FB003304F144
:102F50000C009D6027F0DCFA0670204670BD002250
:102F6000E5E70024F9E700BF08000000204B02203D
:102F7000D05B02201C4E0E00000E0020885B022059
:102F8000094B011F9A680948914204BF00229A60C8
:102F90001A6A914204BF00221A629A6B8A4204BFE5
:102FA00000229A632EF045BD885B0220300C002081
:102FB000F8B50F4A074600230E480E4627F040FAA0
:102FC000044690B100F10C050921284627F095FA36
:102FD0002046FCF72DFB1822074B012102FB003392
:102FE00028469F6027F094FA06702046F8BD00BF7F
:102FF0001C4E0E00000E0020885B022010B5044617
:1030000000F15403D3E8EF1F41F00101C3E8E21FD0
:10301000002AF7D1201F29F000F904F17C000449AF
:103020002EF0A1FF2068BDE8104001F0E9BC00BF10
:1030300089C903004FF0FF324FF0FF33014817F00A
:103040009BBB00BF7C020020014817F037BC00BFCB
:103050007C0200202DE9F84F074608460C46FCF795
:10306000E7FA18234343DFF88C80054608EB030298
:10307000D2F808B0E06807F15801D1E8AF1FC907DE
:1030800034D5E16809781171002248F8032063699A
:10309000E668B4F810A0F61A0378D22B0DD13B687D
:1030A000214618682AF059FA38B16369A4F810A0CB
:1030B00013FA86F3E360BDE8F88F18235D4300231D
:1030C00008EB05091A462146381DC9F8087028F092
:1030D00056FF0028EFD06369A4F810A013FA86F613
:1030E000E660C9F808B048F80500E4E76FF015009D
:1030F000E1E700BF885B02207FB5CB6804461D88EE
:103100008DB15E8876B1AE420DD3102200216846A3
:1031100032F04AFB05212046FFF74AFF019058B9DB
:10312000112007E0354601232A460421204629F0D4
:1031300022F9002004B070BD6B4631462846084A8B
:10314000009429F0AEF8DDE9011323B90846FCF735
:103150000BFB0A23E8E7204629F0FFF8E9E700BF68
:1031600063C10300F0B51F4603680E46523904469A
:1031700018BF012187B01868154629F069FF48B9C2
:1031800004F1580029F039F9002814BF002012205A
:1031900007B0F0BDD5B11422002101A832F004FB24
:1031A000236828461B6829460193BDF83030084A39
:1031B000ADF8103001238DF8143001AB8DF80860A4
:1031C000039729F06EF89DF81400E1E70120DFE78E
:1031D000EBC00300F0B51D46036804460E4685B0FB
:1031E00001211868174629F033FF38B904F1580057
:1031F00029F003F950BB122005B0F0BD65B31022D1
:103200000021684632F0D0FA39462046FFF7D0FE5A
:10321000029018B3BDF828302946ADF804300123D8
:1032200028468DF80C300E4A6B46009429F039F888
:103230009DF80C3002995BB10846FCF795FA2A46D6
:10324000314620469DF80C3029F095F80020D3E750
:10325000204629F082F8F9E70120CDE71120CBE7DD
:10326000B5C703002DE9FF41036804460D46186801
:10327000012129F0EDFE40B904F1580029F0BDF814
:10328000A0BB122004B0BDE8F081102200216846E6
:1032900032F08AFA0F212046FFF78AFE029038B3F7
:1032A0004FF00108009405F10C072B8A012B04D87C
:1032B0002046029929F051F818E0384627F068F9BD
:1032C0006B4601460B4A06468DF80C8028F0E9FF54
:1032D0009DF80C30002BE8D00298FCF745FA3246F6
:1032E0000E2120469DF80C3029F045F80020C9E752
:1032F0001120C7E7B5C703002DE9FF410368044665
:103300000D461868012129F0A3FE40B904F15800C8
:1033100029F073F8A0BB122004B0BDE8F0811022A0
:103320000021684632F040FA21212046FFF740FE96
:10333000029038B34FF00108009405F10C072B8A76
:10334000012B04D82046029929F007F818E03846E6
:1033500027F01EF96B4601460B4A06468DF80C8095
:1033600028F09FFF9DF80C30002BE8D00298FCF766
:10337000FBF93246202120469DF80C3028F0FBFF57
:103380000020C9E71120C7E731C7030008B5EFF3F4
:103390001181202383F31288002303600A4B5A68AB
:1033A0007AB9C3E9000081F31188084817F05CFD81
:1033B000002805DA002383F311880323184602DF6F
:1033C00008BD10605860EEE7805B0220F80700201F
:1033D0002DE9F0430F460446062187B007F10C00A3
:1033E00027F0C6F80588EDB1B0F80280B8F1000FFB
:1033F00017D0A84516D3002382888DF800308DF8A9
:1034000004304FF42053684601A9D7F80C90ADF86A
:103410000220ADF8063027F065FD064660B10A23AC
:1034200001E0454601232A460621204628F0A3FF55
:10343000002007B0BDE8F0830146142201A83F7CBC
:1034400032F0B2F907212046FFF7B2FD0290D8B161
:103450000A2341468DF81530284601AB0B4ACDE9C9
:10346000036901948DF8147028F01BFF9DF8153046
:1034700002992BB10846FCF777F99DF81530D2E791
:10348000204628F06AFFD3E71120D2E7E5C4030005
:103490002DE9F0410E8A0446043EF6B2022E08469B
:1034A0008CB001D0102E76D104210C3027F060F8BA
:1034B0000DF1040805884788011D3246404627F073
:1034C0003EFD002869D085B377B3BD422DD80121D8
:1034D000606829F0BDFD064678BB42F602038DF810
:1034E000000069464046ADF8023027F0FBFC20B3EF
:1034F00042F60303404606A98DF81860ADF81A306D
:1035000027F0F0FCC8B1012D03D14FF6FF739F42A5
:1035100013D004F1580028F070FF002814BF0020D9
:1035200012200CB0BDE8F0813D4601232A46082157
:10353000204628F020FF0020F3E7182200210DEBA1
:10354000020032F031F909212046FFF731FD0890E1
:10355000F8B101210C30CDE9064826F0D9FF00234F
:10356000099003700A2339468DF82C30284606ABA3
:103570000B4A28F096FE9DF82C3008992BB108468E
:10358000FCF7F2F89DF82C30D0E7204628F0E5FE55
:10359000D1E71120C5E70420C3E70E20C1E700BF33
:1035A000E13701002DE9F0410E8A0446043EF6B2EF
:1035B000022E08468CB001D0102E64D104210C30AC
:1035C00026F0D6FF0DF1080805884788011D324610
:1035D000404627F0B4FC002857D0A5B300268FB38F
:1035E000BD4230D84FF42053404601A98DF8046005
:1035F000ADF8063027F076FC48BB1422002107A85E
:1036000032F0D2F811212046FFF7D2FC09900028B1
:1036100037D001210C30CDE9074826F079FF00238F
:103620000A90394603701A4A0B93284607AB28F0D4
:1036300038FEDDE909131B78FBB90846FCF794F85E
:103640000A2301E03D4601232A4610210EE042F6FE
:103650000103404607A98DF81C60ADF81E3027F025
:1036600041FC0028C9D010232A461946204628F0DC
:1036700082FE00200CB0BDE8F081204628F06DFEEF
:10368000F7E71120F6E70420F4E70E20F2E700BF89
:10369000293701002DE9F0410B8A04460D46002B25
:1036A0003AD00668012105F10C0026F061FF737B1A
:1036B0000746072B30D154F8043C6BB30023017844
:1036C000184E043C16F833004FEAC308884206EB54
:1036D000C30211D1298A5378994220D353682946CD
:1036E0002046984703464644B278012A14D19BB13C
:1036F000397889B100220CE001330C2BE2D1084665
:10370000FFF7B8FB2122C24012F0010204D119B127
:103710000623204628F02FFE0020BDE8F081042378
:10372000E1E700BF348004002DE9FF414FF00008BD
:103730004FF4205305460E46006802A91446176848
:103740008DF80880ADF80A3027F0CCFBA0B142F626
:103750000103286803A98DF80C80ADF80E3027F01E
:10376000C1FB48B123691BB15A88B24200D25E80C6
:10377000012004B0BDE8F0816168286827F0B2FB41
:1037800010B100232361F3E7E368A0681A786AB1F7
:10379000B7F82AC0798B038A8C4594BFC3EB0C031E
:1037A000C3EB0103934201DA0020E2E704210C306D
:1037B00026F0AEFE20610680236929465E80074B15
:1037C0000194009338460023A26828F028FF0028BF
:1037D000EADB2069003818BF0120CAE783C2030072
:1037E0002DE9F34717680546894600685168144675
:1037F000D7F804A027F076FB804600284BD195220D
:103800002946504629F01FFB0646207540B1E36863
:103810001B780BB184F81480002002B0BDE8F0875B
:103820002946504629F017FC10B908232375F3E701
:10383000A068267526F032FE02210C3026F068FEC4
:10384000164B2061A0F8009000930194334629465E
:103850003846A26828F0E3FE002807DA10F1FF0FCF
:1038600032BF0E204042C0B22075D5E72369002B3D
:10387000D2D0A06828F021FC7B8B7A8D9A4294BF2D
:10388000C0EB0200C0EB0300E3681B78984294BFD2
:1038900000200120C1E70120BFE700BFCBC003002B
:1038A000F7B5002304460E4600226946284816F064
:1038B00081FE0546D0B9FBF7F7FB264B29461A587F
:1038C000254B00981A60302231F06EFF009B0022D9
:1038D0001C60009C0023C4E90155C4E90A551F4837
:1038E00001A9019516F066FE054620B16FF00B05A3
:1038F000284603B0F0BD0146B822019831F054FFCC
:103900000198174B836060302EF0B5F9019B583356
:10391000D3E8EF2FC3E8E15F0029F9D1019B1C60D8
:10392000A36A019F1BB904F10C002EF0A4F9A26A4E
:1039300007F1B003C7F8B020E26AA36202B9E362FC
:103940001722019B5A855A8304333360D0E700BFA6
:10395000100C002008000000D05B0220300C00207A
:10396000D00700202DE9F74F0646EFF311872023FB
:1039700083F312883E4C204628F095FB23680546C9
:10398000009387F3118800285CD0FBF751FE1822C2
:1039900002FB00F33749C81851F803B0036900214E
:1039A000D0E90247019390F80480B0F806A031F006
:1039B000FBFEA87AFBF734FE6969814651B16A7A49
:1039C000D00705D4D9F82820284612689268904775
:1039D00000226A61294648462EF09AF9B8F1000F94
:1039E00022D00CB32368FBB11B68EBB1BBF1000F15
:1039F0001AD1201D28F00EFF4046FFF73BFA05289C
:103A000012D8DFE800F022031122110304F1580359
:103A1000D3E8AF3FDA0707D5E36D2BB10023164A91
:103A200004F18000FCF7F4FE009B5BB131460020FE
:103A30002EF07AFA002805DA002383F31188032395
:103A4000184602DF03B0BDE8F08F54F8583B1D68FC
:103A5000D4E8AF3FDB07E7D5002FE5D0002403E033
:103A600028460199B8470134A3B25345F8D3DBE7A0
:103A7000805B0220885B02201C4E0E0007B50B46BF
:103A800000210246FBF710FB01910E4909580E4830
:103A90000068884204D00D48D0F89800884201D1CF
:103AA0000022134601A90A4816F084FD014638B9E0
:103AB0001C22019831F078FE019803B05DF804FBF8
:103AC0000020FAE708000000D05B0220204B022013
:103AD000900C002010B50022044600F10803D3E842
:103AE000EF0FC3E8E12F0029F9D108B1FBF73CFE45
:103AF0002146BDE8104001482DF09BBF900C0020EE
:103B00002DE9F743044680300F4690461E462EF0BE
:103B100038FAE06D48B9201D00F028F813216068DC
:103B200003B0BDE8F04328F0CFB80F4B98424FF0F8
:103B3000000317D045684360E06DD0F81890FFF798
:103B4000C9FF00232068E36528F095FE3DB1206899
:103B5000CDF8009043463A4631460068A84703B086
:103B6000BDE8F0831D46ECE7D45B0220F7B550F8C2
:103B7000044C0546002C55D000F1AC0104F128009E
:103B800028F09AFB2E1F05F15C070022002338461F
:103B900016F02EFF024658BBAB6D2BB101466FF0FD
:103BA00067033046FFF7ACFF002345F8043C05F1FE
:103BB0005403D3E8EF1F21F00101C3E8E21F002AFC
:103BC000F7D1A36A73BB04F10C0600220023304630
:103BD00016F00EFF78B9666886B92146124826604D
:103BE0002DF027FF286803B0BDE8F04000F092BF39
:103BF000FBF7BAFDC9E7FBF7B7FDE6E7A268336854
:103C00009642636008BFA36077683FB1B3696FF005
:103C100067010093002320681A46B8473046FFF733
:103C200059FFD8E703B0F0BD100C0020F8B51D46D1
:103C30000F461646FBF7FCFC1823044C03FB004020
:103C40000123C0E90376C3800575F8BD885B0220B7
:103C5000F8B506460F460024094D15F8013CB3425D
:103C600007D13946284628F04FFF10B105482044B7
:103C7000F8BD0C34482C05F10C05EED10020F7E717
:103C800099A4022098A4022038B514460D4B8268EE
:103C90000D469A4211D122792168C06828F03CFF74
:103CA00058B1D4F8C8302F2B09D804EB8302158102
:103CB000018901335181C4F8C830012038BD00208A
:103CC000FCE700BF99410100F8B506460F46002405
:103CD000094D15F8013CB34204D12946384628F075
:103CE00013FF30B90C34482C05F10C05F1D100203C
:103CF000F8BD02482044FBE7193F0220183F02208C
:103D000070B5204B144682689A420FD1A568C668E8
:103D100075B922793046216828F0FEFE024628B1A6
:103D20001949013028F007FF15701581012070BD79
:103D3000E0680028FBD02B888B420AD0F6D2E068DE
:103D4000A36801380433E060003818BF0120A36085
:103D5000EDE7256822792946304628F0DDFE024647
:103D600060B93046084928F0D7FE02460028E6D060
:103D70002946013028F0DFFE23791370A3685B88A1
:103D80001381DCE799410100DECC040010B54A1C28
:103D90000C4628B1097828F023F830B1204610BD30
:103DA0001046034928F0B0FEF7E70020F7E700BF10
:103DB000DECC04002DE9FF410E4617469846044626
:103DC00028B96FF01505284604B0BDE8F08102A9B6
:103DD00027F060F805460028F3D1204601A926F017
:103DE000CFF80198D0B9002002A9FFF731FF0446AF
:103DF000D8B9002EE7D01149FFF72AFF0446D0B109
:103E0000002302A900F8013B28F095FE0422404659
:103E100004F10801B84700EAE075D4E70A22294610
:103E20001BF098FC0028DED0CBE7002EEED1066018
:103E300046608660C7E76FF00B05C4E7DECC040080
:103E400008B513468168074A914209D11A79196861
:103E5000C06828F061FE18B100230360436003814D
:103E6000012008BD9941010038B51546084B82680C
:103E70009A420AD1C46829680134204628F044FED9
:103E800018B12046696828F056FE012038BD00BFF1
:103E9000994101002DE9F04180460F4616461D4626
:103EA000FFF7D6FE044648B91449FFF7D1FE044691
:103EB00008B3394600F8018B28F03DFE238973B919
:103EC000628972B926816581214611F8010B27F0BC
:103ED00018FB80B12046BDE8F04128F033BEB34264
:103EE00004D86289AA4206D2B342ECD963892681FA
:103EF000AB42E9D2E7E7BDE8F08100BFDECC0400C9
:103F00002DE9F041214B1546826807469A4202D1BD
:103F1000C4686389E3B90120BDE8F08105F1700848
:103F20004146287A27F0EDFA68B9194B9C4202D134
:103F3000284628F055FE3046164928F0FCFD00239F
:103F40002370238119E04146304628F0F4FD14E047
:103F5000238993B1264616F8011B2846324627F0DE
:103F60003FFF0028DAD131462078FEF7CFFC20B1A0
:103F7000457BFEF7B9F8072DCDD00021E3686181BC
:103F8000002BC8D038469847C5E700BF99410100CB
:103F900024080020DECC040010B50D4C042120467E
:103FA00028F0D8FDD4E8EF3F23F00203C4E8E23F55
:103FB000002AF7D1D4E8AF3FDB0706D540F239122B
:103FC0000023A4F13000FCF723FC002010BD00BF4B
:103FD000E03F02200948D0E8EF3F23F00203C0E8A9
:103FE000E23F002AF7D1D0E8AF3FDB0704D500223B
:103FF00000233038FCF70CBC704700BFE03F0220C4
:10400000012110B5154828F0A5FDC30724D40221CD
:10401000124828F09FFD084007D11149114A0B882A
:10402000114CA24212D300B10B80104910482DF060
:104030009AFF02210F4828F08DFD0F480F492DF0FF
:1040400092FFBDE810400E48FEF740BD50680832B0
:1040500003449BB20120E4E710BD00BF085C0220CE
:10406000E0A402203C6C04005C6C0400D14601001A
:10407000B03F0220E03F0220603F022003CE030059
:104080000808002003462DE9F04148B1008A38B9FC
:1040900001244FF0140C1149DFF844E0714501D3BD
:1040A000BDE8F081D1E90076BB4204D30CFB067277
:1040B000143A93420ED93444A2B214460831EDE7C3
:1040C0000CFB0578434507D001356219AE4292B228
:1040D000F6D1F2E70025F8E71046E1E73C6C040072
:1040E0005C6C04002DE9F74F99464FF6FF73BDF85D
:1040F00030500746002D08BF1D46244B90461B88B4
:10410000009183423CD203B0BDE8F08F7368234432
:10411000BB4232D29CB208361D4B9E42F6D3F2E728
:1041200040468958019326F0DDFE019B90B1013491
:104130000AF1010AA4B273685345ECD9009B9C4272
:10414000E1D8BC42F3D30BFB0AF231688B18B8F10B
:10415000000FE5D1B9F1000F0BD1013D1846ADB20A
:1041600021460E9A0D9B9847002DCCD00028DED119
:10417000C9E7DA689145DAD1EFE74FF0000ADAE7EC
:1041800001244FF0140B034EC6E700BFE0A4022049
:104190005C6C04003C6C04002DE9F04F87B098463D
:1041A000BDF8403006460F46D1F80C90002B40F089
:1041B000DF8008F1FF33012B00F2DD80B8F1010F41
:1041C0000CBF15781588AC0749D00846FFF75AFF91
:1041D000012844D94FF0000B013884B22146204613
:1041E000684A05ABCDF814B028F0C0FDDDF814A086
:1041F000BAF1000F33D04FF42053DAF8000005A9CC
:104200008DF814B0ADF8163026F06CFE38B342F6D7
:104210000103DAF8000004A98DF810B0ADF81230EF
:1042200026F060FED8B142F60203DAF8000003A9D6
:104230008DF80CB0ADF80E3026F054FE78B142F691
:104240000303DAF8000005A98DF814B0ADF81630B4
:1042500026F048FE60B1013CA4B2002CBED1494614
:104260003046FFF793FD044658BBEDB9404618E0D1
:10427000DAF80440002CF2D001235146009005AA40
:10428000A0470128EBD1E80703D59DF81430D906E3
:1042900005D5AA07E3D59DF814309B06DFD46FF04F
:1042A000FC0007B0BDE8F08F4946FFF76FFD0446FC
:1042B000002863D006F17001013028F03CFC337A0D
:1042C0002370D9F81030002B40D1B4F808A0258114
:1042D000B9F80A30AB4203D04946384628F045FCCD
:1042E000AA452AD096F8089070363146484627F0FD
:1042F00008F910B331464846FFF7E6FC074688B98F
:104300000346214AD2E8AF1F61BB0C225A43DFF8B3
:104310007CA0501C3146504428F00DFC02EB0A07EB
:104320000AF80290012107F1080028F013FC47F673
:10433000122200231648FCF76BFA002D96D115497E
:10434000601C28F0F8FB257025818FE72A46394646
:10435000304698470028A4DB01380128B5D96FF012
:104360000D009EE70133062B02F10C02CAD1D9E7FA
:104370006FF0060095E76FF00C0092E76FF0100009
:104380008FE700BFC9CA0300203F0220183F022068
:10439000603F0220DECC04002DE9F041B8B00C46AD
:1043A000164621496A463E981F4625F0C5FD00285D
:1043B00037D0009D01A9284625F0E2FD65B101989E
:1043C00070B900230DF10808284641468DF81430D5
:1043D00026F060FD054650B16FF0150425461AE041
:1043E0000A2200211BF0B6F90028EAD0F4E7CDF844
:1043F0001080A4B1C022384608A9B047041EEDDBE6
:10440000A40808ABCDE906344FF6FF710120074A36
:1044100004AB28F0ABFC284638B0BDE8F081234659
:10442000F0E76FF01505F6E75DC90400013D0100F6
:10443000002330B5B5B001918DF8080033930446E0
:1044400001AB0D4601204FF6FF71074A28F08EFCA4
:10445000339B3BB19B0003AA29462046FBF71CFE79
:1044600035B030BD1A46F7E7893C01002DE9F3412C
:1044700000F17008CDE9001204460F46007A41466B
:10448000154627F03EF806466B464FF6FF710120B1
:104490001A4A28F06BFC1EB14146207AFFF7C8FF8C
:1044A00094F8088039464046FFF7D2FB0446C8B16D
:1044B00029464046FFF7CCFBC8B1844217D0228979
:1044C000638952EA030106D00589418995420CD8D7
:1044D000994200D24381002323606360A3600EB140
:1044E00028F030FB02B0BDE8F0810281F0E7601CEB
:1044F000294628F020FB2046F1E700BF693E010075
:10450000002307B50193FFF7BDFD411C89B20846A2
:10451000034A01AB28F02AFC019803B05DF804FBC4
:10452000BDCB03002DE9F8431546894694226968FE
:10453000064628F088FC8046002841D102223046F9
:10454000696828F0BBFC00283DD000211F48AF8AD5
:10455000FFF794FA0237044680B11D211C4B4761D6
:104560003A464174C0F80C8043608561304628F0BB
:10457000E4F9074638B92046FFF7ACFA6FF00B05AF
:104580002846BDE8F883012342464146FFF74EFB2B
:10459000A98A07F10C00023125F0BAFF20F8029B2E
:1045A000AA8A296931F0DAF821463046A76028F056
:1045B00068FA05460028E3D02046FFF78BFADFE7CC
:1045C0004FF0FF35DCE76FF01505D9E71C4E0E0004
:1045D000CFCA030070B505460C468AB0394BD3E804
:1045E000AF3FDA0667D510B1437B072B66D166680B
:1045F00030460596FFF746FD2268ADF81800002A00
:104600002FD005A902913049002301910121009189
:104610004FF6FF710593FFF765FD059E1EB96FF01C
:1046200001000AB070BD6660002330688DF810305C
:1046300042F6030304A9ADF8123026F053FC40B94A
:104640000598C3689B799B0608D528F040FBADF818
:104650001800059828F0E2FB606028B96FF015009B
:10466000DFE70028E0D1DAE7BDF818003DB101230B
:10467000014622462846A375FFF754FFD1E76FF0A5
:104680007F0307930223ADF8203042F60213ADF802
:10469000123005ABA57502930C4B4FF6FF710193D9
:1046A000012304AA00932B4609948DF81050FFF7BC
:1046B00019FD0798B5E76FF00A00B2E76FF07F00C9
:1046C000AFE700BFDC010020FDCA0300F94801008C
:1046D000034613B550F8082CA0F12001019200F117
:1046E0003004D4E8EF2F22F00102C4E8E02F0028C4
:1046F000F7D10D4A002043F81C2C0C4A23F8080C73
:1047000043F8182C01AA43F8102C042223F8060CB5
:1047100023F80C2CFFF75EFF18B90221204628F081
:1047200019FA02B010BD00BFD0800400D53F0100CF
:104730002DE9F0412D4B1646826805469A4223D159
:10474000C76834683B89FBB13A46204612F8011B22
:1047500027F046FBC0B14FF495722946204628F059
:1047600072FBA0B103280FD0052820460CBF4FF0E4
:1047700003084FF0020827F02DFB804507D9337955
:10478000434501D286F804800120BDE8F081394616
:10479000284628F0EAF9164B9F42F5D1207A04F119
:1047A0007001FFF755FA05460028EDD0038913B9CB
:1047B0004389002BE8D02046FDF79AFD2A890D4B4E
:1047C0000D4923F820206A8903EB80035A801822C0
:1047D00002FB00110B610423084A20464A60084A84
:1047E0008B828A60FFF7F6FECEE700BF9941010099
:1047F0002408002094A40220F05B0220D080040052
:104800009FCB030070B504460D468AB0374BD3E802
:10481000AF3FDA0663D510B1437B072B62D16E68D8
:1048200030460596FFF72EFC2A68ADF81800002ADE
:104830002FD005A902912E49002301910121009159
:104840004FF6FF710593FFF74DFC059E1EB96FF003
:1048500001000AB070BD6E60002330688DF8103022
:1048600042F6030304A9ADF8123026F03BFB40B931
:104870000598C3689B79DB0608D528F028FAADF8BF
:104880001800059828F0CAFA686028B96FF015007A
:10489000DFE70028E0D1DAE7BDF818002CB10146C7
:1048A0002A46204628F09DFBD3E76FF07F0342F6AF
:1048B000021207930123ADF8122005AA02920D4AB5
:1048C000ADF82030CDE900324FF6FF71234604AA3F
:1048D00009958DF81040FFF705FC0798B9E76FF0D0
:1048E0000A00B6E76FF07F00B3E700BFDC010020ED
:1048F000FDCA0300F94801002DE9F0413C4B154683
:10490000826807469A4203D001273846BDE8F08105
:10491000D0F80C80374B984512D0AB89B8F80820F6
:104920001A42F1D0414611F8010BFDF7EFFF0646A0
:104930000028E9D0437B072B22D0FDF7D5FBE3E726
:1049400000262D4C20462D4928F0DEF878B90722A4
:10495000214614F8010CFDF7F3FF70B92B692146CD
:104960001A6914F8010C53881288FFF793FA01367C
:10497000062E04F10C04E5D1CFE7FDF7B5FBF6E711
:10498000D8F8143023B13946984708B93046D4E7EF
:1049900039469422304628F056FA07460028F5D1C9
:1049A000AB89022B15D1B8F808309A071ED53046CE
:1049B0002A69A988FFF7B6FD044618B92A69937DCC
:1049C000013393753046FDF78FFB002CAC609CDB08
:1049D0009AE7012B0AD1B8F80830DB0706D5304634
:1049E0002A69A98828F0FDFA0446EBE73C46E9E786
:1049F000994101002408002099A40220DECC040083
:104A0000012370B500F170058EB00446039029466D
:104A1000007A8DF8103026F074FD90B1227A1AB326
:104A200002AE0421304624F0DDFF009624210F4A17
:104A30002B4605A8FBF77CFA05AA10460C49F9F7A6
:104A4000F7FA4FF6FF7101200A4A03AB28F08EF9FE
:104A5000204627F0BFF99DF81010884202D2204668
:104A600027F069F90EB070BD0092DFE760C904005D
:104A700099430100314701002DE9F0410D4B0646F5
:104A80001B680F46904623B153F8044904B1043C17
:104A90000BB9BDE8F0811B681BB142463946304670
:104AA00098472CB1656805B1043D23462C46EFE7D5
:104AB0002546FAE70C5C022013B5012400908DF81E
:104AC0000440FDF715FC6B464FF6FF712046024A85
:104AD00028F04CF902B010BD3147010037B504464B
:104AE0000D466B460A4A00918DF804004FF6FF719F
:104AF000012028F03BF929462046FBF7DBFA002885
:104B000004DB2046294628F05CF8002003B030BDC5
:104B1000413E010037B5044603464FF6FF710120C0
:104B20000D4A04F1700528F021F92946207A28F071
:104B30003BF92946207A26F0E4FC50B1237A4FF65F
:104B4000FF718DF8043001206B46044A009528F06F
:104B50000DF903B030BD00BF013F0100413E01002F
:104B60007FB54FF420520023ADF8162004AA02921C
:104B70000A4A0120CDE900324FF6FF7105AA0493DD
:104B80008DF81430FFF7AEFA049B012B14BF6FF0C1
:104B90001500002007B05DF804FB00BF5FD00300E4
:104BA000054BD3F8EC0020B9044AEC335A600B6093
:104BB00070476FF00B007047E83F0220F880040058
:104BC000014608B5054828F078FA044B0028A3F1FF
:104BD000040314BF1846002008BD00BFEC3F0220AC
:104BE000084B00F5B8701A68074BD0E8EF1F9942E0
:104BF00004D1C0E8EC2FBCF1000FF6D1D0E8AF0F24
:104C0000704700BF285B0220E83F022008B5FFF78D
:104C1000E7FFF0B1026842B1436833B1836813B96A
:104C20000F4B1B783BB904200CE00D4B1B7813B1E4
:104C30000AB183687BB98169436821B1181E18BF26
:104C40000120800008BD43B9002A14BF00200320C2
:104C5000F8E70320F6E70120F4E70220F2E700BFBF
:104C60005CA6022038B504464FF40041043028F019
:104C70005FFA00212046E42240F8081B30F094FD42
:104C8000102104F127000CF045F9054648B905212B
:104C9000204628F002FAFDF7D9F8034B18602846A1
:104CA00038BD0825FBE700BF145C0220002370B567
:104CB0001A460446EC300D4627F061F920B128462B
:104CC000BDE87040FAF750BD04F5A0700023BDE8C0
:104CD0007040014AFBF79CBD1C4E0E00014815F0C8
:104CE000EDBD00BF3C08002070B5051D0E462846EE
:104CF000042128F0E2F968B10022002100230846CF
:104D0000FDF7BCFF044638B90421284628F0C5F950
:104D1000204670BD034AF0E701210C3025F0F8FB76
:104D20000670F5E71C4E0E0070B504460E4686B0C0
:104D3000FFF756FF04F137021146F368054603F109
:104D4000100053F8046B834241F8046BF9D1237AC5
:104D5000052B04D8DFE803F01B272706036A082089
:104D600006B070BD02AB47490093096804F1270300
:104D700004F1570001F0B6F80028F0D10A21201DF7
:104D800028F08BF9AB680299D4F8EC0098472046DC
:104D90000D2128F082F9201D102128F07EF92046EF
:104DA00028F003FADCE794F8DC101329D7D8D4F8FC
:104DB000D83002ADCB40334903F0010300950968B8
:104DC00043F0800304F1570028F0A0FD0028C6D16D
:104DD0001022294604F1170030F0F9FC08B1042034
:104DE000BEE7204628F0E1F90028B8D194F8DC307D
:104DF0000133DBB2142B84F8DC3009D10D212046BD
:104E000028F04BF91021201D28F047F90020A7E7D2
:104E10000321204628F041F9102104F127000CF06D
:104E200079F8003818BF0120C00099E7102104F17B
:104E300027000CF06FF8002891D105B3EB68F3B1AF
:104E4000114BE27A1B8812F0010FADF80830A37CF9
:104E500008BF0320DB0703D5002814BF0120022070
:104E600000238DF80900C4E93833201D0C2128F0F7
:104E700014F9EB68D4F8EC0002A99847C6E70220C1
:104E80006EE700BF145C0220686D040073B5047AFD
:104E90000546022C23D844B190F8DC30D0F8D84035
:104EA000DC4004F0010444F0800403212846FFF7AD
:104EB0001BFF0646A8B110210C3025F029FB0090FD
:104EC00010482346006805F1270205F1570128F034
:104ED0001DFD044650B13046FAF746FC01E0032CB4
:104EE00002D0082002B070BD0024DEE7314628461B
:104EF000FFF7DCFE6FF00101281D28F019F92046AC
:104F0000F0E700BF145C022038B504460D49A0F15B
:104F1000EC0554302DF027F8284628F014FA0A4AF8
:104F200004F18403D3E8EF1FC3E8E02F0028F9D190
:104F30004FF0FF338834D4E8EF2FC4E8E13F002975
:104F4000F9D138BD33D70300E83F022038B5044615
:104F5000051D0821284628F0A0F8064904F157004D
:104F6000FCF782FF28B16FF48071284628F0E0F842
:104F7000082038BDEFD50300F7B50446FFF730FE33
:104F8000261D05460E21304628F097F838B9504BBB
:104F90002022196804F1570030F019FC90B30C215D
:104FA0002046FFF7A1FE074660B340210C3025F0F4
:104FB000AFFA474B02461B68014603F1200053F845
:104FC00004CB834241F804CBF9D1203203F1200114
:104FD00053F8040B8B4242F8040BF9D139462046B2
:104FE000FFF764FE237A052B0CD8DFE803F0034FAC
:104FF0000E030B6C0421204628F04FF8FFF746FF04
:10500000002852D0082003B0F0BD2046D4F8EC7040
:10501000FFF7E6FD4FF0FF330546019370B9042119
:105020000DEB01000BF076FF0028EBD1019B294826
:10503000B3FBF0F100FB113001900EE08369002B0F
:10504000EDD038469847244AA0F57423A3F5107391
:1050500093420190D6D9431CE1D00023C4F8D80074
:1050600084F8DC3055B12B6843B10B21304628F071
:1050700014F838462B68D4F8D810984703212046F6
:1050800028F00BF80E2128F008F80EE02046032146
:1050900028F003F80E2128F000F830460A2127F006
:1050A000FCFF6B68D4F8EC0098473046072127F0E6
:1050B000F4FF0820FFF784FD40B9204603B0BDE8A7
:1050C000F040FFF743BF04212046DCE700209AE7C9
:1050D000145C022040420F00BEBDF0FF70B50546D3
:1050E0000E4605F15704FFF77BFD2246F36803F1F6
:1050F000200153F8040B8B4242F8040BF9D105F15F
:10510000770203F1200153F8040B8B4242F8040BA1
:10511000F9D12046FCF70AFE18B3281D0E2127F00E
:10512000BCFFD5F8EC40D4F8A00080B9207A04F197
:10513000700100F023FCC4F8A00040B9104B1C68BB
:10514000B4B9281D062127F0A8FF204608E0438AAD
:1051500003F02403002BF1D0437C9B07EED4032003
:1051600070BD2046FCF7EEFD0028E7D10B20F7E7E5
:105170002846FFF701FF003818BF0120C000EFE705
:10518000145C022038B5134B05461B78E3B101F0DF
:105190000F042846FFF73AFD0F4B03281B780CBF7E
:1051A00004F00B0444F0040405F5BA70D0E8EF2FC6
:1051B000013203D1C0E8E13F0029F7D1D0E8AF3F89
:1051C0002BB144F0010038BD01F00704E1E704F021
:1051D000FE00F8E75CA60220810B0020F8B50D4622
:1051E0000446D0F8EC70FFF7FBFCED68EB78102B71
:1051F00001D00620F8BDD7F8A030002B72D0261DB4
:105200000F21304627F059FF20B92046FFF72AFD2D
:10521000002870D1012363722B682046C4F80A303D
:10522000AB88E38102232374A978FFF7ABFFE07416
:105230002046FFF7EBFC1023607423752B7903F0F5
:10524000030363756B7903F00103A375E37C1A070D
:1052500053D40521304627F030FF00285BD0544B53
:105260001B78A374E37C980606D5AB78990603D522
:105270001421304627F011FFE37CDA073BD5AB78E9
:10528000DB0738D530460D2127F007FFA37D03212A
:1052900084F8E830637D84F8E93027F0FEFE237B54
:1052A000E17C2D7803EA0102100704D5E27AA07CA4
:1052B0000243D20731D4042D31D80B4313F0040339
:1052C00007D02046FFF7A2FC3A4B05EB85052B449F
:1052D0001B5C23722046D7F8A01027F0F4FE00BB19
:1052E000032087E7387A07F1700100F047FBC7F821
:1052F000A000002883D108207CE7AB781B07A8D545
:105300000521304627F0C9FE637D03F00203637573
:105310000023A3759DE7284BA2E70523D9E70023C7
:10532000D7E7D4F8EC309B7A032B33D022D8013B5B
:10533000012BE0D80521304627F0BFFE0028CFD052
:105340000C21204627F0A9FE0221FFF7CDFC0546DF
:105350000028D0D006210C3025F0DAF8D4F811302E
:1053600029460360B4F8153083802046FFF79EFC81
:1053700000203FE7042BBED1237D627B934228BFF0
:105380001346102B7FF435AF0521304627F095FEEC
:105390000028A5D0237A002BA2D00521304627F083
:1053A0008CFE0028C6D1237A013B012BC2D897E797
:1053B0005EA60220AECD04005DA602202DE9F041DC
:1053C000C7780446012F04D06FF015042046BDE8CD
:1053D000F08127F05BFE0546002800F0C280061D24
:1053E0000421304627F069FE002840F0BD800321EB
:1053F000304627F062FE10B16FF00F04E6E7394641
:10540000304627F05AFE0028F6D12846FFF7E8FB81
:10541000D5F8EC3007469B7A032B40D030D8013BBF
:10542000012B46D90F21201D27F047FE0028CBD1A4
:10543000D4F8A00090B904F170073A462020217AF0
:1054400000F074FBC4F8A00040B93A460420217A69
:1054500000F06CFBC4F8A0000028B5D0438A13F01C
:10546000240FB1D0A27A022A23D9417CC907ABD537
:10547000032A1ED09A06A7D5037C102BA4D118E0CE
:10548000042BCFD12846FFF7C1FB032804D1002FFE
:10549000C8D0FB68002BC5D0354B1B7807E02846E9
:1054A000FFF7B4FB032804D1002FBBD0FB68002B0F
:1054B000B8D0D4F8A03063B1D6E8EF3F43F400424F
:1054C000C6E8E12F0029F7D11B040ED56FF0770451
:1054D0007CE7207A04F1700100F050FAC4F8A000D3
:1054E0000028E9D16FF00B0470E72846FFF7BAFBFC
:1054F000044638B16FF40041304627F019FE6FF0D2
:10550000680463E70B212846FFF7EEFB07460028F7
:10551000F0D001210C3024F0FBFF09218046284601
:10552000FFF730FE012188F80000284627F0B5FD7E
:1055300023462246394605F1EC0026F020FD0446BC
:1055400000283FF443AF3846FAF70EF96FF40041F4
:10555000304627F0EDFD6FF00201284627F0E8FD08
:1055600034E76FF07F0431E76FF004042EE700BFEB
:105570005CA60220F8B5D0F8EC400546D4F8A0307F
:10558000061D002B74D079BB0D21304627F095FD08
:10559000074620B1D4F8A00008B128F097F9374B9E
:1055A0001B6823B153F8106906B1103E73B9284641
:1055B00027F0C9FE637B072B5ED1627AA37A9A42F9
:1055C0005AD02046BDE8F840FFF7F8BE1B6813B17B
:1055D0003946204698472EB1326902B1103A334617
:1055E0001646E3E73246FAE70139C9B20E2998BFF9
:1055F000234A1B7C8CBF0927575C002B31D1D4F880
:10560000A00028F050F90023C4F8A0300221304651
:1056100027F053FD48B9072F94BF1A4B1F213A4674
:10562000204698BFD95DFDF70FF90321304627F0DA
:1056300044FD0028BBD0114B1B68002BB7D053F89A
:10564000106906B1103E002BB1D05B6813B139462A
:105650002046984776B1326902B1103A3346164671
:10566000F1E70221304627F028FD0028C7D1CDE719
:105670000927CBE73246F1E7F8BD00BF205B0220E7
:105680009FCD04008ECD0400104B10B50446186069
:105690004FF0FF324FF0FF330D4815F06DF80D4815
:1056A00015F088FCFFF71AFB04B910BD0A4CD4E8CA
:1056B000AF3F5B06F9D5201FFFF75EFC0028F4D052
:1056C0000821201F27F04CFFEFE700BF145C0220E9
:1056D0003C08002050080020EC3F02202DE9F0415A
:1056E0000B8A04460E46B3B3012106F10C0024F0E8
:1056F0003FFFA4F1EC05E83C07460421204627F0D3
:10570000DCFC40BB39780E2925D8DFF8508058F8EA
:10571000313023B90721284627F022FF1BE0284615
:1057200027F011FD30B90321204627F0C6FC90B1C7
:105730000821F0E73B78318A08EBC30212799142E5
:1057400001D00A21E7E73146284658F83330984718
:1057500001460028DFD10020BDE8F081208104004F
:105760002DE9FF4190F8E930CF6823F0020380F87B
:10577000E9303B780446D0F8EC6023B1BB7903F004
:10578000C003C02B72D106F170080722394640468B
:1057900030F01DF888B13946307A00F03FFA0546FE
:1057A00058B10146204627F08EFC18B9082004B0F5
:1057B000BDE8F081284628F076F80D21201D27F05D
:1057C0007CFC00283ED042460220317A28F057F86F
:1057D00005460028EAD0F378002B40D106F17E037D
:1057E0001878012827D19A7902F0C002402A22D1E4
:1057F000D3F80120C5F83E20B3F80530A5F84230B3
:1058000096F87030BBB196F8763003F0C003C02B29
:1058100011D0184901AACDE901870395FCF72CFDA9
:105820003B683046C5F80130BB88A5F80530BB7928
:10583000EB71FCF7D9FF2846FBF744FDC0B92846B9
:10584000FBF750FD94F8E9305B0703D50A212046A9
:1058500027F023FCB4F8E81021B10020A7E706F1F7
:105860007703BDE72046FFF785FEF6E70A209EE7AF
:1058700003209CE739D403002DE9F0410546A0F14F
:10588000E80604460F463046012155F8EC8927F01A
:105890005AFC002858D0DFB10321304627F00DFC18
:1058A000002851D03846FBF721F80138C0B208284B
:1058B0008CBF0024294B4FF0020198BF1C5C30467E
:1058C00027F0EBFB21462846BDE8F041FFF752BE2A
:1058D00098F80B30C3B30321304627F0EEFB20B914
:1058E0002846BDE8F04127F02EBD0521304627F0BF
:1058F000E4FB58B114F8043C1F0707D514F8033C27
:10590000180703D51121304627F0C7FB14F8043CD3
:1059100023F0080304F8043C14F8033C23F00802C5
:10592000D90704F8032C11D50621284627F0B5FB2A
:105930000221304627F0B1FB2368D3F8A0301BB119
:1059400034F8041C0029BED0BDE8F0819A0701D5C7
:105950000821EAE75B07EBD50A21E6E796CD0400CC
:10596000012208B5034B04481A70FCF723FA002003
:1059700008BD00BF5CA60220580800202DE9F74FA3
:1059800007460E4600250524DFF8008118F8013C83
:10599000BB420BD13146404627F062FF30B148236D
:1059A0003B4803FB050003B0BDE8F08F052C06D192
:1059B0004046384927F054FF002818BF2C460135CF
:1059C000052D08F14808E1D1052C314D40D14FF0AB
:1059D0000008A9464446C346EA46524601202E49DD
:1059E0008DF800B08DF80180FCF746FC9DF8003082
:1059F00033B944B3D9F84420636C9A4238BF4C465B
:105A000008F10108B8F1050F09F14809E5D1C4B161
:105A1000D4F80100B4F80520E379009051462078CD
:105A200004F10108AAF804208AF80630FAF73AFFD0
:105A30004046184927F014FF18B1641BB4F5907F55
:105A400003D90020AFE74C46DAE7144BE4105C437F
:105A500048235C432F553168621CA950AB18B288AB
:105A600028199A80B2790D349A7111230622037392
:105A70002A5500222B19A3F80120094A1368013383
:105A800013604364074B18608DE700BF215C022060
:105A9000205C0220DECC0400595C0100398EE33822
:105AA0001C5C0220185C02202DE9F34105460E46DD
:105AB00017460D4C04F5B478638A7BB12378AB426A
:105AC0000CD1D4F80100B4F80510E2790090ADF8DB
:105AD0000410684639468DF80620B04748344445DE
:105AE000EAD102B0BDE8F081205C02202DE9F0414E
:105AF00005460E461746074C04F5B478638A2B42D8
:105B000002D039462046B04748344445F6D1BDE876
:105B1000F08100BF205C022008B50022022002496B
:105B2000FFF7E4FF002008BD71D803002DE9F04124
:105B300006460F46904600240C4DB5F8113033420E
:105B40000CD015F8013CBB4208D14146284627F04D
:105B500087FE18B106482044BDE8F0814834B4F50A
:105B6000B47F05F14805E8D10020F5E7215C02206B
:105B7000205C02202DE9F0410B780746012B0D46F1
:105B800002D00020BDE8F0818B7903F0C003402BE8
:105B9000F7D100241E4E01F1010836F82C3C9A077B
:105BA0000CD516F83E3CBB4208D106223146404691
:105BB0002FF00DFE10B917482044E3E74834B4F540
:105BC000B47F06F14806E8D10024134E05F1010820
:105BD00036F81C3C9B0714D516F82E3CBB4210D15E
:105BE0004146304625F02CF958B10A4BD5F8010052
:105BF00004F13E029850D118B8F80420E0188A80C9
:105C0000C0E74834B4F5B47F06F14806E0D1B8E700
:105C10005E5C0220205C02204E5C0220F8B5064645
:105C20000F4600240A4D15F8013CB34207D139460E
:105C3000284627F015FE10B106482044F8BD483428
:105C4000B4F5B47F05F14805EDD10020F6E700BFBB
:105C5000215C0220205C022038B5427B0C46072ADA
:105C600010D1057A26F0E4F801462846FFF7D6FF62
:105C700040B148216278044B01FB0233984204BFD3
:105C80000123237038BD00BF205C0220F0B506461A
:105C90001446184693B0002E51D03C2203A9A047C9
:105CA000041E4CDB304601A925F0F4F80546002817
:105CB00045D16946304624F063F90098002838D170
:105CC000002C3FD0002001A9FFF758FE0346002812
:105CD00000F086803C2C9DF80C2053D0102A3ED832
:105CE000382C69D140F2116203AEC26000F1100499
:105CF00011AF324603CABA4220606160164604F111
:105D00000804F6D1D97BB3F80D2042EA0142062AF5
:105D100052D15A7CD10705D512F0300F04BF22F0C2
:105D200001025A745A6C304B19688A4214D91A60AD
:105D300012E00A22294619F00DFD0028C0D06FF0AC
:105D4000150509E021463F2001AAFFF7EFFE18B133
:105D5000482221462FF028FD284613B0F0BD382CEC
:105D60002AD103AE00F10C0411AF324603CABA4285
:105D700020606160164604F10804F6D11A7B112AEE
:105D8000C0D019E0102A1BD840F2116203AEC260E5
:105D90000FAF00F11002344603CCBC4210605160DA
:105DA000264602F10802F6D1206810605A8A02F0F5
:105DB000220190065982A5D4184627F074FDBEE74B
:105DC00003AA00F10C0411AF164603CEBE422060B8
:105DD0006160324604F10804F6D130682060CDE7F6
:105DE0006FF00B05B8E700BF1C5C022008B5FFF799
:105DF00015FF48B1054A1368834205D00449106075
:105E00000B6801330B60436408BD00BF185C0220BF
:105E10001C5C02202DE9F0438446894616462F4C2F
:105E20009BB01D46DDE923870CAB04F1300E1A460A
:105E300020686168083403C274451346F7D12068AE
:105E400061461060227904A81A71202227F046FDCD
:105E50006B462022224804A900F072F80446C0BB19
:105E6000102249460DF1350027F038FD1022314649
:105E70000DF1450027F032FD294611F8013B0622BD
:105E80000DF156008DF8553027F028FD2299062295
:105E900011F8013B0DF15D008DF85C3027F01EFD1F
:105EA0004346352268460CA900F04AF8044680B9FA
:105EB000404627F01DFD012335228DF8303068461D
:105EC0003B460CA900F03CF8044610B9384627F0D0
:105ED0000FFD20461BB0BDE8F08300BF6A6D0400D3
:105EE000C7CD040070B50E461D46144698B0014655
:105EF000202204A827F0F2FC202231460CA827F02B
:105F0000EDFC1022294614A827F0E8FC10222146B7
:105F1000684627F0E3FC6B465022684604A900F06F
:105F20000FF840B9039B054A1BBAB3FBF2F102FB21
:105F300011331C9A136018B070BD00BF40420F00AF
:105F40002DE9F0418CB007460C461546002114227D
:105F500007A81E462FF028FC4FF41053ADF8183058
:105F60008023ADF81A304FF44063DFF844801022EC
:105F7000CDE90838394604AB06A82EF079FA20B1ED
:105F80006FF004000CB0BDE8F08105AB0293102364
:105F900022464146CDE9006304982B462EF017FCBB
:105FA000044604982EF09AF92043EBD0E8E700BFAE
:105FB0000002C00310B54FF0000E00F1070C541E94
:105FC0002CF0030C1860A4B2ACF80020023A93B293
:105FD00001FB04F240F802E074B14FF6FF7C03FBD2
:105FE000011403FB01F22044121B013B9BB26345E9
:105FF0008050A0EB0100F8D110BD00BF034600683F
:1060000010B102680AB91A607047C11D21F003017E
:10601000B1F800C0D11D21F003010CF1FF3CA1F843
:1060200000C0F0E70B687BB1073323F003031A8845
:10603000013292B20346D1F800C043F807CB23F0F7
:1060400003031A80086070470122F3E702FB010096
:10605000704700BF401A90FBF2F080B2704700BF5B
:10606000531E11449BB242B1DB430138CA1811F8E8
:10607000013D914200F8013FF9D17047014402E02F
:1060800010F8013B1BB98842FAD10020704701206B
:10609000704700BF10600860704700BF0A68034681
:1060A0000068904209BF002200200A601A60704711
:1060B000D2F800C0CCF80000D2F800C0CCF8041030
:1060C00010607047884203D01AB14368136070476C
:1060D000002070470B68834209D02AB158681060CD
:1060E0001A680A6018467047002BF9D1FAE70023B6
:1060F000F8E700BF2DE9F8434FF090080C270D4E4C
:10610000DFF8349006F1200409EB08052946204603
:106110002A1D083CFFF7BEFFB442A5F10C05F5D1DE
:10612000043F3B1DA8F13008A4F12006EAD1BDE8E8
:10613000F88300BFE45D0220305E022003468C46F7
:1061400010B49AB101EB4101144803EB4304090177
:1061500001EB84010144487A0C7AA04204BF01306B
:10616000087210BC614618460DF038BF01EB4102C1
:106170000A4C120100EB400302EB830323449C7A98
:10618000DA7AA24201D010BC704701329A72012221
:10619000034B5A5410BC0DF051BF00BF0C5E0220DF
:1061A000885D0220F8B506461C460D4602B32278EB
:1061B0006378D21A12F0030229D1294F71004FEAF5
:1061C000450C3144AC44890001EB0C11013304311E
:1061D000DBB27A18606821462370FFF769FF01225D
:1061E000204B294630465A550DF028FF0020F8BDB7
:1061F0000DF00EFF0028DAD0294630460DF0FAFEE9
:10620000637860B92278D21A12F00302D5D0012A3D
:1062100003D00133DBB22370E1E71046F8BD05EB94
:10622000450206EB46010E4F120102EB81023A4491
:10623000907AD27A710090424FEA450C05D02078CE
:10624000C01A10F00302E2D1BBE72278D21A9207FB
:1062500002D00233DBB22370D4E902039847C5E7CA
:106260000C5E0220885D02202DE9F04FDFF8689176
:1062700089B019F80030002B5BD00021032483463D
:10628000DFF858A1C0EB0013CDE9041100EB400783
:106290009B000AEB0717039309F800100294B84615
:1062A000002358F8240FB96A07AA0793FFF70AFFDB
:1062B00044460546CDB1079E96F800807278A8EB5B
:1062C000020808F00308B8F1010F35D031788A1AB6
:1062D00002F00302012ACBB23DD1D7E9090107AA96
:1062E000FFF7F0FE0546002DE5D197F82E3097F820
:1062F0002F209A4203D087F82F300123049397F878
:106300002C3097F82D209A4203D087F82D300123A6
:106310000593029B0C3F5D1EEBB2FF2B0293BED197
:10632000D846DDF810B00599BBF1000F01D0002967
:1063300047D009B0BDE8F08F013A7270079AD2E9F0
:1063400002018847079E32787178D3B2521A02F060
:106350000302012A23D000222146B86A0193FFF7E5
:10636000B9FE7560019B717873703278521A02F031
:106370000302012A0AD0D7E9090107AAFFF7A2FE02
:10638000B8F1010F054695D104460EE0039B7170EC
:106390001A1D314628465244FFF78AFEEBE707AA4A
:1063A000D7E90901FFF78EFE0446029B8BB101235A
:1063B0005946584609F80B300DF040FE09B0BDE8CB
:1063C000F08F0A464046414609B0BDE8F04F0DF057
:1063D00005BE002C89D0EAE7885D02200C5E022011
:1063E0004B1E8446DBB271B100200CF1FF319C449E
:1063F00011F8013F23B15A1E01301340C0B2FAD147
:106400006145F5D170470846704700BF70B5057EFD
:106410000468FF2D2AD02A464FF0000C07E09E6842
:1064200014F80E301546FF2BB4441FD01A4602EB69
:10643000420391424FEA031E04EB0313EFD18D4256
:1064400002D114F80E20027614F80E2005EB450553
:106450002D01FF2A9868625506D002EB420204EB38
:106460000212936803449360604470BD002070BDC5
:106470002DE9F8432C248E46214DBDF8288004FBDD
:106480000055696801EBCE0611F83E70F17870781E
:1064900001F1010C5FFA8CFC674598BF4FF0000CCE
:1064A00060452AD004274FF0020904FB01F071680F
:1064B0000C180F546360089B6270A360099BA4F8DA
:1064C0001080E3600B9B84F802906361109B236251
:1064D0000C9BA3610D9BE3610E9B63620F9BA36208
:1064E00086F803C0D5E90836704698472B46002247
:1064F0003946B047A078BDE8F8830120BDE8F883AD
:10650000CC5E02202DE9F04F0368427A87B04668DE
:106510000193002A00F0F6808B468246531EDBB2C0
:1065200006EBC30302930596029B5A6893F8019009
:106530000492CDF80C90BBF1FF0F5CD000260BEB62
:106540004B04019B2201DE4613F802B003EB041456
:10655000FF272770DAF800509AF8183005EB020888
:10656000BB42D8F8081018BF00960DD1C6E0091A32
:1065700005D1B8F81E90F68BB14500F28280AA5C76
:106580001F46FF2A72D0134603EB430205EB0216A7
:10659000B0684FEA430C81424FEA0212E7D2009EF4
:1065A000FF2F18BF07EB470788F8003018BF3F01DF
:1065B0006344C8F8081005EB03130CBF8AF818E011
:1065C00005F807E09A68521A9A60A378013363705D
:1065D000002EB0D00020736A3070B0700BB1B16A79
:1065E00098476368002BA6D1736ABBF1FF0F236243
:1065F000B36A6362A2D1DDE90395029B98784845AE
:1066000009F1010229D02C2303FB09F302995FFA57
:1066100082F90978EA5C494508BF4FF00009042A6D
:1066200005EB0306EBD196F801E001990EEB4E0263
:1066300001EB02146078A1781201884224D0002274
:106640000120EA54736AB0700BB1B16A9847029B9B
:1066500009F1010298784845D5D1029A0599507000
:106660009142A2F108034DD002935DE79C444FEAAA
:106670000C1CC8F8081088F80020009E05F80CE0F3
:10668000A3E70146009E8BE74FF6FE70338ADAF8E7
:1066900014108342CDF80C9007D04FF6FF701B1AF0
:1066A000B3FA83F35B0984F82C304FF6FD70336A3C
:1066B000A362F3686360338A834288BF00230020AB
:1066C000A3837369A361B369E360F3692361B56868
:1066D0006061A56073685F1A0AD400233D4463615A
:1066E0000023E383E378A56043F00103E3702FE721
:1066F000CB1A9D42F1D85B1B0546F0E7AB548AF8F4
:1067000018E062E707B0BDE8F08F00BF01232DE974
:10671000F04F447E8FB08376002C40F0B580037E2E
:106720008146FF2B00F0AF800CF03EFCD9F814201E
:10673000D9F81C30A0EB020B5B4594BF002301236A
:1067400099F81880A246B8F1FF0FD9F800600393BA
:1067500078D0049408EB480806EB0814A3684FEAC5
:1067600008185B456DD8A278ABEB030B9A446378AD
:1067700016F808809B1ADDB2012D5FD1A369A06ACB
:106780000293002800F01681016800297FD0002BB9
:1067900000F02981039B002B00F04981037A5A07FE
:1067A00000F03A81037A23F007030372E78BE27863
:1067B0007B1C22F00102E27094F82C209BB2E38350
:1067C000002A00F0DE80A28B9A4280F0DA80A06A74
:1067D000002800F06481037A03F00703012B00F026
:1067E000D080002741684760A36A1A7A67F30202E3
:1067F0001A72A278E768013AA270FFB16069D9F80D
:106800001430E278AAEB0000184402F00102236978
:10681000002D40F0E180B4F81EC0CDE900236346AE
:106820002A46B847DDE90223002A18BF43F00103D6
:106830000393E378E58365F30003E370B8F1FF0F9A
:1068400088D1049C99F80B3099F80A209A4208D113
:106850000132D2B2022A16BF14460023234689F819
:106860000B4009EB8303C3F80CA0D9F824400025A2
:106870004B46012204210320A44689F81A500FB088
:10688000BDE8F04F604784760FB0BDE8F08F029B03
:10689000002B00F08D80039B002B83D1D9F81C3096
:1068A0009A45FFF47FAFB8F1FF0F7ED0029BE78BD4
:1068B0009C460993A38BCDF82880BB428EBF3946F6
:1068C000FB1A99B26368CDE907A801FB03319A4628
:1068D000DDE90983CDF818B0CDF824C04FF0000EE3
:1068E000A346844605910B920C950D97CDF8289000
:1068F00003EB430306EB031291681B018E44F04542
:1069000048D3906A946900283FD0006800283CD0A2
:10691000D58B978B5068AF4240F29480002840F0AE
:106920009880BCF1000F32D08146DCF8000028B11D
:10693000029919B97444A04280F0BE80AF4226D8B3
:10694000D0789BF8032000F0010402F00105A54275
:1069500005D34240D1071AD4B9F1000F17D06046D1
:106960005C46DDE906BADDF820800C9DDDF824C028
:106970000D9FDDF82890002840F09780CDF808C0E2
:1069800015E7A378013BA37058E7002CC0D1F35C56
:10699000FF2BADD10B9ADDF828906046DDE9088C1D
:1069A000CDF808C05C46DDE906BA002800F0918009
:1069B000002516E7029B63B3039B002B7FF4F6AE22
:1069C000D9F81C309A45FFF4F1AEB8F1FF0F7FF40F
:1069D0006DAF03990D460DE7CDE900234FF6FF7328
:1069E0000022B8472AE7039B63B9D9F81C309A45BF
:1069F00008D3B8F1FF0F54D04FF0960CE78BCDF8C9
:106A000024C057E796230293037A5A077FF4CAAE4D
:106A100002E0029D0021EDE6A18BE28B91423FF660
:106A2000C1AE012262F302030372E78BBFE6D9F81D
:106A30001C309A45FFF4B2AEB8F1FF0F7FF436AFC9
:106A4000039DCEE668B9BCF1000F7FF46DAFE1465F
:106A500076E7BAF1000F20D1BCF1000F97D0D146F4
:106A600063E7BAF1000F12D0A5EB07091FFA89F905
:106A7000411A00FB0911059888422CBF4FF000090C
:106A80004FF00109BCF1000F7FF44FAF56E7D1463C
:106A9000BCF1000F7FF449AF50E7A946E8E7A278C0
:106AA000B8E79623039D02939BE60168CDF808C0E2
:106AB00000293FF477AE71E65C46DDE906BA01468F
:106AC000DDF8208060460C9DDDF82890DDF824C0BC
:106AD000ECE7054601468DE6837E002B40F00883F7
:106AE0002DE9F04F437E8BB083460793002B77D17F
:106AF0000121837AC27A40699A4206908BF8191074
:106B000000F0F7820B44DBB2022B0ABF079A1A4649
:106B1000134601248BF80A300BEB8203DA68069BDC
:106B200003921344CBF814309BF818900CF03CFA05
:106B3000B9F1FF0F049002D1CBF814000690DBF8F6
:106B400000309BF809200093531EDBF80470DBB281
:106B5000002A00F0D68307EBC306FF23CDE90849DE
:106B60004FF02C0AD94602930597D6F804B0F17875
:106B7000B5786B1CA942DBB262D032780AFB05F70C
:106B80009A4208BF0023B3701BF807200BEB0704E1
:106B9000042A3BD9082A2DD86178009801EB4103DB
:106BA00000EB03181B0198F80200019398F80130DC
:106BB0001B1A13F0FF032BD1062A1BD199F81B30A7
:106BC0008B424ED04FF000030BF80730A370636A7E
:106BD000002BCCD0A16A00209847F178B578C8E79F
:106BE0000421446A034601220846A4460BB0BDE8CE
:106BF000F04F60474FF0000301200BF80730636A45
:106C0000A070002BB3D0A16A9847B0E71D46B0E74B
:106C1000052A1DD162684AB9A2683AB9E2682AB960
:106C200022691AB9626932F07F42E3D0012B25D084
:106C300004214B4601220846D9F82440A047B570EC
:106C4000059AA6F10803964200F0DF801E468CE705
:106C5000012B00F09480062AEAD199F81B308B4270
:106C6000B0D16168D9F814208B1A40F1B080521A63
:106C70000399914294BF00235B18AAE04846FFF7AE
:106C8000C5FBC8F80800049BD9F814E0A3EB0E0C70
:106C9000039B03EB0C01884240F2A280421AD8F811
:106CA000043013B3A38A03B3013B99B2A182D8F88D
:106CB0000400B8F81E30824207D80AE0ABB2121ABC
:106CC000A8F81E308242A18A03D98B4203F1FF3516
:106CD000F4D8994207D901339BB2A8F81E30A18A93
:106CE00002448B42F7D3A8F81C106168D8F814301E
:106CF0001144C8F80810A268D8F828001344C8F84E
:106D0000143048B102683AB1D4E901329B1A4360A9
:106D1000D8F80810D8F81430BCF1000F68DB8C44A8
:106D20009C456FD9ACEB03020023C8F81430C8F8B7
:106D30000820E268D8F818301344C8F818302269DF
:106D4000934294BF00239B1AC8F81830A37D2BB13F
:106D500098F8032063F3000288F80320E37D13B161
:106D6000013B88F82C30029BDDE90021535498F850
:106D7000013062780133029288F8013022E7062A56
:106D80003FF41CAF4846FFF741FB98F80230C8F8C3
:106D9000080088F8013099F81B2063789A427FF444
:106DA00011AF1BF80730062B3FF45BAFFF2389F8C8
:106DB0001B301BF80730062B3FF453AF082B3FF472
:106DC00050AF0499D9F814208B1A3FF550AF039AAD
:106DD0001344D9F81C209A4288BFC9F81C30F1E648
:106DE000D8F8143000221944091AC8F8141056E7CC
:106DF000049AAEEB020E8E4591D39E44AEEB010396
:106E0000002292E7A3EB0C03FAE7CB46089CDDF8DF
:106E100024909BF81850002C00F00F81049B069AD8
:106E2000DBF800809F1AB5EB090318BF0123FF2D83
:106E300008BF1F4600935AD00026CDF80490B146F3
:106E4000039E05EB450308EB0314A2684FEA031EFB
:106E5000B24200F23482A3786178B4F81EC0C91A35
:106E6000DBF81C30B61A9A4223BF4FF0FF338BF881
:106E70001B3000239B1ACBF81C30BF1A9144A26A26
:106E8000A069C9B2002A00F0B0801368002B00F09E
:106E90009780002840F09780022900F00A820023A2
:106EA000A36018F80E308BF818306368A26A002BC4
:106EB00072D122B1137A03F00703012B4BD049B1F1
:106EC000012902D0BCF1000F04D0236A13B10120C4
:106ED000616A9847A37863709BF81850FF2DB0D172
:106EE000DDE90079B9F1FF0F18BF47F0010700266F
:106EF00058460299FFF706FBCDE90197DBF80050F1
:106F0000CDF800B0009B187EFF2800F0FD810446FC
:106F10004FF0FF0900E01C4604EB440305EB0317A8
:106F2000B96A1B018E4629B10A7A02F00702012ACA
:106F300000F0E680EB5CA146FF2BECD1DDF800B061
:106F4000DDE90197002E40F09780814540F0948064
:106F5000002F7CD094E03246A378A6606370069937
:106F6000DBF814C04944B1EB0C0A606947D45146C0
:106F7000114488424CD2081A0021029A0133DBB234
:106F8000A060616108F80E20637002959BF81850AC
:106F9000FF2D7FF456AFA3E722B1127A02F0070269
:106FA000012AD8D0E08BA8BBA08B94F82C10024605
:106FB00002FB0332002936D06378E083A260CEE77B
:106FC00000283FF46CAF02297FF469AFBCF1000FD9
:106FD0007FF465AF137A03F00703012B3FF45FAF33
:106FE000CBF81C008BF81B5059E700283FF457AF33
:106FF00002297FF454AFBCF1000FF1D04FE7ACEBA6
:10700000010C9445B3D300EB0C01891A0020B4E7BE
:10701000411AFBE70022A17802FB0332617094F869
:107020002C100029C8D19742C6D91A440131974281
:1070300089B2FAD8014488B2BEE758460299FFF7F0
:1070400061FA9BF81800814513D14D4511D10023F9
:107050008BF819309BF81A30002B46D0DBF824400F
:107060005B46012203210420A4460BB0BDE8F04F8B
:107070006047FF2800F05281B9F1FF0F00F0358121
:10708000DBF8003000EB400003EB00139F68002F9B
:1070900033D00BF089FF0A260446DBF81450013E7A
:1070A000621B974202F1060115D9B9422CBF6D1837
:1070B000ED19DBF82830284698470BF075FFC4F12E
:1070C00001022B1B02449A4207D90EB10446E4E7A1
:1070D00000DE0446E1E70123079300238BF8193013
:1070E0009BF81A30079A1A43B8D10BB0BDE8F08F5D
:1070F0007047079B1C46039316E58BF81970ADE7A4
:10710000BA68002A40F01D81D7F818B0BBF1000F13
:1071100006D10A68002A00F020818E464FF0960BB7
:10712000DEE9002A924580F0D680A2EB0A08EA5CEC
:10713000FF2A00F0D08000210098CDE904A4C069A6
:107140009A4600F19606A8EB0B0003908C46084681
:1071500034461346CDF818900BEB0C09C8453FD3C5
:1071600003EB430305EB031296681B01304496289A
:1071700077D9A0F196066644464528BF46460BEBF4
:10718000040188450DD3B1450BD8B969002900F039
:1071900081809EF8081009077CD4B6EB0B0140F003
:1071A000A980916A21B1097A01F00701012968D00B
:1071B0009169002965D05268002A62D0BA69844476
:1071C000963101EB0C04002A59D09EF80820A8EB58
:1071D0000B01120700F192800020EB5CFF2BBBD16A
:1071E0005346DDE90549DDF810A08A44CEF804A035
:1071F00015F803B0BBF1FF0F5A4618BF4FF0FF0858
:1072000001D1B0E0024602EB420005EB001CDCF8C5
:1072100008604FEA420A8E424FEA001080F0A580D3
:10722000285C9046FF28A1EB0601EBD1B960B9F1CB
:10723000FF0F00F0828009EB4901090105F801B058
:1072400052441201A95CE954AC540222FB8B012682
:10725000013BFB839EF8083062F302038EF808308E
:1072600050E6BE6986B19EF8086016F0080686D022
:10727000946984449634039A64449442ACD8214679
:10728000AAE70021EB5CA9E7916984449631614447
:107290000C46A1E7002C84D0A6EB0B06A64280D3B7
:1072A0002246DDE905495346DDF810A01146924417
:1072B0009CE7BCF1000F7FF4F2AD96208AE6921BAA
:1072C000A260DDF804909BF81830009F4B4518BF72
:1072D00047F001070BE6CEF804A0EB5CFF2B08BFDC
:1072E000002140D00023BB60AFE70BF043FE9BF8CA
:1072F0001800C5E6A142FFF454AF71E70A46002129
:10730000BBE7FF23029384E59B46DDE901972EB995
:10731000B9F1FF0F02D1002F3FF499AE0BF034FE0C
:1073200000287FF494AECBF81C008BF819009BF872
:107330001A30002B3FF4D9AE90E6009981F818B0CE
:107340007EE700DEB96AD7F818B08E46BBF1000FB1
:107350007FF4E6AE00297FF4DCAE00DE4FF0960B42
:10736000D7F828E0DCE6B9606FE7761AB8F1FF0FCE
:10737000CCF80860B9603FF468AF424615F803B036
:107380004FEA480A53E700BFF0B4049E9DF814404A
:10739000069D28BB144F3A605A1E39727B727E607C
:1073A000D2B26BB12C2006EBC20319465D6013F814
:1073B00008298E42A4EB020400FB0255E4B2F4D18A
:1073C00074B9FF23079A7C613A62089A7C817A62D9
:1073D000099AFC61BA623B76FB762046F0BC7047A6
:1073E0000120F0BC704700BFCC5E022040B9064AC5
:1073F000117EFF2901D1107270476FF00F007047A6
:107400006FF01500704700BFCC5E02202C22044BA9
:1074100002FB0033187A003818BF0120704700BF04
:10742000CC5E02202C22074B10B402FB00335C6AB6
:107430002CB1A44601220321022010BC604710BCDD
:10744000704700BFCC5E022010B4BDF81040DDF8DC
:1074500014C003940024CDF810C0DDF818C0CDF896
:1074600014C0DDF81CC0CDF818C0DDF820C0CDF880
:107470001CC0DDF824C0CDE908C410BCFEF7F8BF7D
:1074800010B4BDF810400394059C0494069C059428
:10749000079C0694089C0794099C08940A9C0994EC
:1074A00010BCFEF7E5BF00BF2DE9F0472C24244DAA
:1074B000BDF82C8004FB0055084669689DF83070C3
:1074C00001EBC00E11F830A09EF803109EF8019059
:1074D00001F1010C5FFA8CFCE24598BF4FF0000C03
:1074E000E1459DF83C6028D04FF0050A4FF00209B5
:1074F00004FB01F1DEF8044004F801A00C446360D1
:10750000089B6270A360099BA4F81480E3600A9B47
:10751000A77523610D9BE67563620E9B84F802904C
:10752000A3628EF803C0D5E9083698472B4600229F
:107530000421B047A078BDE8F0870120BDE8F087BE
:10754000CC5E022010B588B00A9CDDF82CC00094F7
:1075500000240794BDF83440CDF804C003949DF88E
:107560003840DDF830C004940F9CCDF808C0059475
:10757000109C0694FFF798FF08B010BDF8B52C27B3
:10758000174E07FB00660846746804EBC10191F8CA
:1075900003E014F830500EF1010C5FFA8CFC6545E5
:1075A00098BF4FF0000C4C78644517D007FB0EFED7
:1075B000072702254C6804F80E7074446362069B2A
:1075C0006270A570A36281F803C0D6E908359847B8
:1075D000334600220421A847A078F8BD0120F8BD59
:1075E000CC5E0220F8B52C27184E07FB0066084633
:1075F000746804EBC10114F830E0CC784D7804F1E4
:10760000010C5FFA8CFCE64598BF4FF0000C654515
:107610001AD04FF0080E07FB04F402274D6805F856
:1076200004E02C446360069B62706362079BA77052
:10763000A36281F803C0D6E9083598473346002293
:107640000421A847A078F8BD0120F8BDCC5E022037
:107650000BF0AABC401A704700210148704700BFD8
:107660007F490100022801D00120704738B5044647
:1076700008461D4603F08AFA18B108232B70002033
:1076800038BD204638BD00BF082303700B7070471B
:1076900038B5054600200C4602F0DEFD70B93DB954
:1076A000074B44B120681860A2889A80002038BD3A
:1076B000044B002CF6D11C609C80F7E70C2038BDF1
:1076C000005F0220F85E0220012804D808B90348B0
:1076D0007047034870470020704700BF005F0220DA
:1076E000F85E0220012809D830B9064B18680860F6
:1076F0009A8818468A807047034BF7E7002318469C
:10770000704700BF005F0220F85E022010B50446FB
:1077100009F092FF50B90AF0F9FA60B90AF0FAFEDE
:1077200070B92046BDE8104013F090B900DE0AF0B1
:10773000EDFA0028F2D000DE0AF0ECFE0028F0D0CE
:1077400000DE2046BDE8104013F080B90860014813
:1077500013F07CB9086C022013F078B92DE9F84FCA
:107760000B788946072B88BF2B4B834688BF93F83D
:10777000403092469A424DD0274D5C1C35F833205C
:10778000E4B2082C08BF0024002601274FF012089D
:10779000028005EBC30319E0012838D0C3F8048048
:1077A000072C89F8004088BF95F84040A24523D0B7
:1077B00023B2013435F83310E4B2BBF80020082CB2
:1077C00008BF0024914205EBC30315D15868B0B13E
:1077D000FF28E1D9027902F00302013A012A12D905
:1077E00012225A6003F0EAF9072C89F8004088BF9A
:1077F00095F84040A245DBD13046BDE8F88F013610
:107800005F60F6B2CCE701360122F6B2E9E7013655
:10781000F6B2C5E70026EFE7345F02202DE9F0411C
:10782000324F3B88984253D913F0FF0524D0DFF83C
:10783000C08098F815400134E4B2052C08BF00243C
:1078400098F81430A34219D02A48FEF7D7FB064611
:1078500090B12948FEF7D2FB00283BD0066098F88B
:10786000153048F823003B88013D013B15F0FF052A
:1078700088F815403B80DED1BDE8F0813B88002BC5
:10788000FAD00026DFF8748098F80D400134E4B295
:10789000032C08BF002498F80C30A342ECD0154804
:1078A000FEF7ACFB05460028E6D01348FEF7A6FB22
:1078B000B0B16E60056098F80D3048F823003B8841
:1078C00088F80D40013B9BB23B80002BDED1D3E713
:1078D0000546ACE73046BDE8F0410649FEF7A2BBDD
:1078E0002846BDE8F0410349FEF79CBB9C5F02209F
:1078F000D8680220A05F0220F45F02207C5F022093
:107900002DE9F8434FF00008304B314F181D082285
:107910002421A7F82480FEF74DFB082208262D4BD2
:107920001146181DFEF746FB97F8249097F825405E
:107930000134E4B2092C08BF0024A14516D0254823
:10794000FEF75CFB054688B12048FEF757FB002890
:1079500037D0C5F80480056097F8253047F8230034
:10796000013E16F0FF0687F82540E1D11A4B0822A8
:10797000181D4FF48E71FEF71DFB184B0A22181DBF
:107980000821FEF717FB1548FEF738FBA8B1144A8B
:10799000111FFEF77FFB1148FEF730FB78B1114A4B
:1079A000111FFEF777FB06220F4BFF201A80FFF70F
:1079B00035FFBDE8F84308F089BA00DEE7E700DEEE
:1079C000EDE728460349FEF72DFBCFE73469022097
:1079D000586A0220F0680220F45F0220A05F0220B3
:1079E000985F0220905F02209C5F02202DE9F04109
:1079F0007E4D7F4E86B004AA02A90DF1070003F068
:107A000095FE0446D5E9000103AAFEF75BFB074695
:107A100050B3039B002B6AD0187804AA02A903F084
:107A20009DFE039B0446002840D0049ABDF8081030
:107A30001F78ADF80A10059203F0A2FE2146059AC0
:107A4000BDF80A0003F0D0FE204603F063FE38467E
:107A500005AA0DF10A0103F081FE04460028EBD1CE
:107A6000306812F0F3FFC6E7002C3DD0049B9DF870
:107A700007700593BDF80830ADF80A3003F080FEBA
:107A80002146059ABDF80A0003F0AEFE204603F039
:107A900041FE384605AA0DF10A0103F05FFE0446D7
:107AA0000028EBD1306812F0D1FFA4E705931B79D1
:107AB000013B2C2B1ED8DFE803F01F32781D1D1D63
:107AC0001D1D1D1D1D1D1D1D1D1D1D1D1D1D1D1DE6
:107AD0006E1F1D1D1D1D1D1D1D1D1D1D1D1D1D1D83
:107AE0001D1D1D1D1D1D1F0006B0BDE8F08100DE1F
:107AF000039B91E700DE7EE700223C496868FEF7C1
:107B0000E9FA38463B4B059993F841303A4A0B70F5
:107B1000FEF7CEFA364B186812F098FF6BE700229A
:107B200032496868FEF7D6FADDF81480D8F80840C4
:107B300034B12378002B56D02378013BDBB223707D
:107B400098F80C3013B1012B47D000DE00232B4AEC
:107B500088F80C3092F8253092F824100133DBB20B
:107B6000092B08BF002399423BD0C8F8007092F857
:107B7000251042F8218082F82530002C3FF43BAFDD
:107B80002378002B7FF437AFA368002B3FF433AF8B
:107B9000E06898472FE7002214496868FEF79AFAD0
:107BA0003846059903F096FA25E7384605A903F00B
:107BB000ABFA0E4900226868FEF78CFA0599002995
:107BC0003FF419AF0B792E2B3FF415AF094B384614
:107BD00093F84130084A0B709AE7404603F09EFB49
:107BE000B4E700DEC9E700DEA6E700BF945F02202D
:107BF000046C0220345F0220905F0220586A022049
:107C000010B5294B294C86B018600BF0A7F92378E2
:107C1000002B41D00D22052104234FF0020C244CEF
:107C200001922448244A059000942172237023492C
:107C30000492234A0020CDE902210621214A84F83A
:107C400010C084F818C0FFF79FFB50BB0122002131
:107C50001D482AF0B1F809F07BFC044610B120461B
:107C600006B010BDFFF74CFE0AF038F804460028B5
:107C7000F5D102F0AFFA04460028F0D10AF03EFC3C
:107C800004460028EBD103F0DDF904460028E6D1D4
:107C9000012008F0A5FDE2E7FEF72CFA012323708E
:107CA000B8E700DED2E700BF046C02205FA6022026
:107CB0005C6E02202D4102008D4002006D400200EA
:107CC000206C02207C6E0220086C022030B587B048
:107CD00002F086FA98BB03F0BBF9002834D10024E7
:107CE0001C4B2046A3F8404008F07AFD1A491B4A75
:107CF0001B4BA1F8804194829C8101222146684659
:107D00002AF05AF8174B0320224621466D46C3F845
:107D100008D0FEF747FAC8B94FF0FF324FF0FF33F3
:107D2000284612F0CBFE02F061FA88B9FFF7E8FDB1
:107D30000021012007B0BDE83040FFF7A9BC00DEFC
:107D400003F086F90028CAD000DEC8E700DEE3E7CA
:107D500000DEEBE7345F0220806A0220D868022050
:107D60007C5F0220A008002008B5FFF7AFFF09F0F4
:107D700025FC00B108BDBDE80840FFF737BB00BFD8
:107D80002DE9F043804689462C4D2D4F83B00023CA
:107D9000C8F8003095F8414001AAD7E90001FEF784
:107DA00091F90646002834D0019B48461A782549A7
:107DB000FFF7D4FC034690BB95F840208DF80120D6
:107DC00095F841200DF101010DF102001C46FFF76D
:107DD000C5FC44EA000212F0FF020346F0D101990B
:107DE0000B79012B22D139467868FEF773F93046BA
:107DF0001549FEF717F9154A1388052B13D8019872
:107E0000013313491380FEF70DF90120FFF706FD3A
:107E1000BDE7224648460B49FFF7A0FC034618463B
:107E200003B0BDE8F08300DE1388E8E71346184688
:107E3000C8F8001003B0BDE8F08300BF345F022033
:107E40008C5F0220745F0220A05F02209C5F0220F2
:107E5000F45F0220002330B5344983B0486801AA9A
:107E60000193FEF737F9002858D03149FEF7DAF8C8
:107E7000019A13792D2B19D8DFE803F0171818177A
:107E80001818181818181818181818181818181872
:107E90001818181B17171717171718181818181865
:107EA0001818181818181818181703B900DE03B096
:107EB00030BD137F3C2B1CD0537FC3B193681C682B
:107EC000A06D20B100231B49A365FEF7ABF894F821
:107ED0005E3023F0010384F85E30002002F0BCF92C
:107EE00010F0FF00E3D108F001FD03B030BD00DE6B
:107EF000F3E79368D3E9004595B100225A60AB6F70
:107F000093B905F16C0105F16800FEF7C7F8034667
:107F100040B12868AB6702F01FFED8E700DEA4E797
:107F200000DEEAE700DEF4E700DEEAE78C5F02202D
:107F3000A05F0220F45F0220F8B5046806460CB387
:107F4000324D2046037924682D2B18D8DFE803F042
:107F50002717172717171717171717171717171791
:107F6000171717171717172133272727272717172B
:107F7000171717171717171717171717172700DED1
:107F8000002CDED100233360FF20BDE8F840FFF76E
:107F900045BC037F3C2B27D013B100DE037963B3CC
:107FA0002B88052B26D8013319492B80FEF73AF888
:107FB000002CC6D1E6E7C0880028E1D102F0DAFD46
:107FC0000746E0B1D7F88830DBB907F17C0107F14B
:107FD0007800FEF763F8B0B1C7F88800384602F0C1
:107FE000BBFD002CADD1CDE70949FEF71BF8002CF5
:107FF000A7D1C7E700DE2B88D5E700DED0E700DE9B
:10800000E0E700DEE1E700DEE6E700BF9C5F02207C
:10801000F45F02200148FDF7F1BF00BFA05F02201E
:108020000149FDF7FFBF00BFA05F02200148FDF737
:10803000E5BF00BFF45F02200149FDF7F3BF00BFB9
:10804000F45F0220034B044A93F841300B70FEF7B3
:108050002FB800BF345F0220905F022008B5064BA6
:10806000064A93F841300B70FEF722F8044B18686B
:10807000BDE8084012F0EABC345F0220905F0220A5
:10808000046C02200B490A7B4B7B9A420AD8A3EB73
:10809000020C5FFA8CFC604509D89A4207D051F86F
:1080A0002200704703339B1ADBB29842F7D90020B5
:1080B000704700BF7C5F0220074A117B537B8B42D5
:1080C00008D04B1CDBB2032B08BF002352F8210061
:1080D00013737047002070477C5F022000B50D4A83
:1080E00092F841C092F840E00CF10103DBB2082B9A
:1080F00008BF00239E4509D022F83C0002EBCC0CBF
:10810000CCF8041082F841305DF804FB00DE002357
:108110001B80FFDE345F02200022042302700B70FC
:10812000704700BF002208B501201146034BFEF73F
:1081300039F800B908BD00DE08BD00BF9008002076
:10814000022810B50C4602D00B68022B07D04FF066
:10815000FF324FF0FF33024812F0B0FC206810BD30
:10816000086C022004490A680AB1104670470246AA
:1081700008601046704700BF305F0220044A136851
:1081800023B198420ABF00210023116018467047AE
:10819000305F0220014B1868704700BF305F02203B
:1081A00004490A680AB11046704702460860104642
:1081B000704700BF785F0220044A136823B19842D9
:1081C0000ABF00210023116018467047785F022023
:1081D000014B1868704700BF785F022070B50568D2
:1081E00086B02B78EBB104466E460122002168462A
:1081F00029F0E2FD0C4BC5E902362B788BB1002249
:108200000A4B032011469C60FDF7CCFF38B947F6B6
:1082100012220023304612F051FC06B070BD00DE81
:10822000F5E76FF07700F8E7597701008008002044
:10823000F0B5244E0C463368174685B0002B36D077
:10824000994215D1022503AB024600930321002079
:108250001D4B0395FFF792F9022805460CD0039BAE
:10826000022B09D195B133680BB19C4221D014B3D4
:108270006FF02D0005B0F0BD4FF0FF324FF0FF332F
:10828000124812F01BFC039D002DECD13846FFF77D
:10829000A5FF33680BB19C4210D0002CE8D1002818
:1082A000E8D010F1780F08BF002005B0F0BD3160B4
:1082B000C8E7002333606FF07700DBE73560002804
:1082C000D8D0EEE7305F02204D770100086C022025
:1082D0000B490A7D4B7D9A420AD8A3EB020C5FFA48
:1082E0008CFC604509D89A4207D051F822007047AB
:1082F00005339B1ADBB29842F7D90020704700BFC4
:10830000D8680220074A117D537D8B4208D04B1C50
:10831000DBB2052B08BF002352F82100137570470C
:1083200000207047D868022038B50C46054603F097
:10833000F7F90346237021462846BDE83840014A34
:10834000FDF7B6BE985F0220012200201146014BC6
:10835000FDF728BF7008002070B50C46054603F0F5
:10836000DFF90346214623702846054AFDF7A0FEA3
:10837000BDE87040012200201146024BFDF712BFFC
:10838000985F0220700800202DE9F0471A4E9DF8F2
:10839000209096F881C196F880510CF1010E5FFA99
:1083A0008EFEBEF10C0F08BF4FF0000E75451ED0BB
:1083B000144606EB4C1C654680460F469A461068EC
:1083C0005168E368926809F001090FC59CF81C30F8
:1083D000CCE904A823F0030343EA0903CCF818709E
:1083E0008CF81C3086F881E16046BDE8F0874FF0DC
:1083F000000C6046BDE8F087806A0220054890F8CE
:10840000803190F881219A4214BF00EB4310002084
:10841000704700BF806A022010B402780B4C0B2A10
:1084200094F8813188BF94F88021014688BF02709A
:10843000934209D0531CDBB20C2B08BF002304EB82
:1084400042100B7010BC70470020FBE7806A0220CE
:108450002DE9F04F3D4E87B096F8803196F8812196
:1084600002909A423ED04FF000080E24C346C24606
:10847000CDE9048806EB4313CDF80C801D7FD3F8BB
:108480000090C5F34002DF6805F00105002C4DD0D7
:10849000013CE4B24AB396F8811196F880319942D2
:1084A00020D00133DBB20C2B08BF0023994286F8A1
:1084B000803117D0590106EB4313002ADED1D8686A
:1084C00005BBBAF1000F33D0BBF1000F36D01A7FD5
:1084D0009707D3D15045725834D05845CED105991D
:1084E0008A42CBD107B0BDE8F08F194902988B6062
:1084F0001146174B0192FDF755FE019A0028CAD08C
:1085000000DEC8E7039ABAB1B8F1000F08BFB84659
:108510001A7F9507B2D4D207DCD5BBF1000FADD1DD
:10852000039A8242DED08045A8D1DBE700DEAFE7C8
:10853000BA46CDF81090EBE70397E9E7BB46CDF8D4
:108540001490E5E704998A42C7D1CBE7806A0220FC
:1085500060080020064B93F8242093F825109142E0
:1085600004D053F8220010B10C307047002070473F
:10857000586A022070B5154A92F8241092F82530F6
:108580008B4220D04B1CDBB2092B08BF002352F8D2
:10859000214082F82430A4B10223002526682371EB
:1085A000A060256003F0BCF803462146084A23700A
:1085B0003046FDF77DFD012228461146054BFDF7AB
:1085C000F1FD204670BD0024FBE700BF586A022081
:1085D000985F02207008002030B48569D0E9074315
:1085E000E018113085428ABF2C46431B11330C60C2
:1085F000136030BC704700BF10B5002482B0049BEC
:1086000093F80AC02CF0020C83F80AC0CDE90044AC
:1086100009F044F902B010BD012210B582B00192F8
:10862000047F034614400269D0E90501009409F073
:1086300035F908B902B010BD7730FBD000DEF9E79C
:10864000CB681A78042A03D003691B682BB118473A
:108650005B78052BF8D1002070476FF07F007047E2
:10866000F0B50B8A83B04BB1064601F10C000C4605
:1086700021F086FF012814D0022802D06FF01505E2
:108680002CE001A9204600F00BFF0199054641B3FB
:108690003046FFF7D5FF0546E0B10198F7F764F8DB
:1086A0001CE00023204601A9019300F081FA07464F
:1086B00080B101463046FFF7C3FF0546B0B9019DC2
:1086C00045B1284601F05EFA03466B7109480199ED
:1086D00029F00DFB2046F7F747F80025284603B0A0
:1086E000F0BD0028F6D0284603B0F0BD3846F7F7B5
:1086F0003BF8F3E7A06F022008B5FFF735FB38B968
:108700000448F6F769FC0448F6F766FC002008BD4B
:1087100000DEF5E760410220F8410220F0B50027B5
:10872000064683B04FF0FF324FF0FF33334812F06C
:108730005FF90028F6D043790190042B32D8002B42
:1087400046D0022B4BD04FF0FF334FF0FF320220C8
:10875000F7F76CFD0446019B002C4AD018462146D1
:1087600000F04EFF019B01A81F60FFF7E5FB2046CC
:1087700021F08DFE05462146002021F0B2FE2B8A15
:108780000446012B06D933691B681BB129463046C4
:10879000984710B12846F6F7E7FF29F045FC002C72
:1087A000E5D1BFE7052B13D14FF0FF334FF0FF3278
:1087B0000820F7F73BFD04460198214600F0F6FE3D
:1087C000019B01A81F60FFF7B7FB002CCFD1A9E7E1
:1087D00000DE019B01A81F60FFF7AEFBA2E70023AC
:1087E000002201210020F7F739FD0446019B002CEF
:1087F000B4D101A81C60FFF79FFB93E7A06F022094
:10880000F0B5054683B014E04FF0FF324FF0FF3370
:1088100000211320F7F722FD22460446BDF802107E
:1088200001F098F921462846FFF70AFF40BB29F0DE
:10883000FBFB0DF1020101A8FFF7A2FA0446002894
:10884000E2D1019BA3B1FFF705FB019F384601F080
:1088500099F9019E78717379032B02D13379182B22
:1088600010D03146174829F042FA019B002BE0D185
:108870004FF0FF324FF0FF33134812F01FF9D8E7E3
:1088800000DED4E721464FF0FF324FF0FF330520E2
:10889000F788F7F7E3FC0446394606F11C00224648
:1088A00000F05EFE384600F079FE3CB121462846D5
:1088B000FFF7C6FE20B92046F6F756FF019ED0E727
:1088C00000DEF8E7A06F0220BC6F0220F0B505467D
:1088D00089B01F4829F0CFF94FF0FF3200211D4821
:1088E00029F06AFA1B48FFF78BF9044668BB01F0D0
:1088F0005FF9002600276FF0090C4FF4E072CDE914
:108900000667CDE90144144B144904940095CDF851
:108910000CC0134812F0E0FB1249114829F04AFB41
:108920006FF0070C4FF46072CDE90667CDE90144A2
:108930000D4B0E4904940095CDF80CC00C4812F074
:10894000CBFB0C490A4829F035FB204609B0F0BDA5
:10895000A06F0220BC6F022001880100E8C902203C
:1089600060410220988104001D870100A8CB0220ED
:10897000F8410220A881040008B512F087FE0548DE
:1089800029F086F9034829F076F9BDE8084012F08D
:108990008DBE00BFA06F02202DE9F041194C646824
:1089A000A40004D59046184A1268120701D4BDE805
:1089B000F08103F10C0405460E462046022121F009
:1089C000A7FD40F63E4301210380204621F0A0FD93
:1089D00004230B210370204621F09AFD0570A0F8B6
:1089E00001803DB97268B368C0F80320C0F8073051
:1089F000BDE8F0810027C0F80370C0F80770BDE83B
:108A0000F08100BF980200209002002070B501386C
:108A1000144686B011280AD8DFE800F0233E540936
:108A2000096609789EB1090909090909090D6FF05C
:108A3000150006B070BDCB68DA789978188807F011
:108A400031FA584B06460121188822F098FE012180
:108A500005460C3021F05CFD06702560002006B054
:108A600070BD504B0D21188822F089FE0D21206029
:108A70000C3021F04DFD00234FF4806105224A4C5B
:108A80000370C0F80140A0F80510C2710372437270
:108A90008372C3720373E1E7424B4121188822F0CD
:108AA0006EFE412120600C3021F032FD0021044691
:108AB0003E2200F8031B2CF077FE40F2A733A4F807
:108AC0000130CBE7374B0921188822F058FE0921E5
:108AD00020600C3021F01CFD0022034603F8012B1E
:108AE000C0F801205A60B9E7C9680020FEF7D0FD40
:108AF0002C4B0121188822F042FE012105460C3042
:108B000021F006FD002303702560A7E7EC46274D02
:108B1000244E0FCDACE80F0095E803004CF8040B91
:108B20008CF800103088162122F029FE16212060D2
:108B30000C3021F0EDFC0023054684466C4605F818
:108B4000013B0FCCCCF80100206869602179AA6054
:108B5000EB602861297581E7124B1821188822F0F3
:108B60000EFE182120600C3021F0D2FC00230446B8
:108B7000012100F8023B0AF075F960706EE7094BBD
:108B80002121188822F0FBFD212120600C3021F0EA
:108B9000BFFC00230146013001F8113B0AF0B2F995
:108BA0005CE700BFE2A4022002000500C8810400C7
:108BB00000232DE9F0418CB00793038A022B35D9AD
:108BC000044603210C3021F0D3FC228A83789A4298
:108BD0002CD30088D94EC0F38523082B30801FFA90
:108BE00080FCC0F309050DD8CBB1013B072B16D88B
:108BF000DFE813F0FD001500DE00C40015001500CD
:108C0000150021003F2B0AD12146284607AAFFF76D
:108C1000FDFE163018BF079C09D1B6F800C001212F
:108C200060460CB0BDE8F04122F0BBBD00242046F8
:108C30000CB0BDE8F081681E4D28F0D801A353F8B0
:108C400020F000BF9B930100779301002D9301005A
:108C50001F8C01002393010007930100ED92010096
:108C6000E1920100D5920100CB9201001F8C01001E
:108C70001F8C01001F8C01001F8C0100AB920100B2
:108C8000A59201009D92010095920100739201004E
:108C90001F8C0100499201003B92010001920100EA
:108CA000E19101001F8C0100D7910100C7910100E3
:108CB000A79101001F8C01001F8C01001F8C010077
:108CC000879101006D9101005D91010029910100E2
:108CD0001D9101001F8C01001F8C01000F910100EC
:108CE0000791010001910100899001005590010058
:108CF000219001001790010009900100BF8F010031
:108D0000A99001009D8F0100518F01001F8C01006F
:108D10001F8C01001F8C01001F8C01001F8C0100A3
:108D20001F8C01001F8C01001F8C01001F8C010093
:108D30001F8C01001F8C01001F8C01001F8C010083
:108D40001F8C01001F8C01001F8C01001F8C010073
:108D50001F8C01001F8C01001F8C01001F8C010063
:108D60001F8C01001F8C01001F8C0100198F010056
:108D70001F8C01001F8C0100F98E0100681E08285D
:108D80003FF64DAF01A353F820F000BFCF8E010096
:108D9000838E01005D8E01001F8C01001F8C01007D
:108DA0001F8C01001F8C01001F8C01003D8E0100F3
:108DB000632D00F0028327D8032D00F032832D2D80
:108DC00000F01683012D7FF42AAFE2685C4B116836
:108DD00060461960294652685A6022F0D0FC012191
:108DE00004460C3021F094FB002303701FE7062D8E
:108DF00000F0DB821D2D7FF412AFE368188801F0CC
:108E0000EDFF014630880CE77B2D00F0D9827C2DE8
:108E10007FF405AFE3681F885988B8B202F0E2F822
:108E200005460321308822F0AAFC032104460C30B9
:108E300021F06EFB0570A0F80170F8E6604607218E
:108E400022F09DFC072104460C3021F061FB014615
:108E5000002001F8010BFEF745FCE8E60921604619
:108E600022F08DFC092104460C3021F051FB002238
:108E70000346602103F8012BC0F801205A604171BC
:108E8000D5E66046412122F07AFC412104460C30AF
:108E900021F03EFB002105463F2200F8021B2CF08A
:108EA00083FC4FF40A720423C0212020A5F80F2070
:108EB0004FF49062A971EB722249EB75224B6870F6
:108EC000C5F81A10C5F82130A5F82720AFE609210A
:108ED000604622F054FC092104460C3021F018FBB6
:108EE00000234FF450610D22184D0180C0F8055049
:108EF0008370C37002719AE6E068C17907F02CFCB8
:108F000005460121308822F03AFC012104460C304C
:108F100021F0FEFA05708AE66046032122F02FFC5C
:108F2000032104460C3021F0F3FA002301460130FE
:108F300001F8023BFEF7A8FB79E600BFE2A402209D
:108F400098020020F7C3F70E30F0F97FF105FFFF1C
:108F5000E2689578D178EF0744BF41F00701D170FE
:108F6000AD071088B2F80540137940F17E8243F0D6
:108F70000703137143EA0102072A40F082824F0778
:108F800000F07C8214F003021CBF04F1FF3404F0F3
:108F9000010201F0C5FF0146308842E6E3681A7815
:108FA000D10749BF0721587808465970920749BF31
:108FB0000722997811469A7001F0A6FFA0E7604653
:108FC000092122F0DCFB092104460C3021F0A0FA33
:108FD000054608AB0DF11A0206A90DF1160001F0C5
:108FE00063FF0022BDF81630A5F80130BDF8183037
:108FF000A5F80330BDF81A30A5F80530BDF82030CB
:109000002A70A5F8073012E6E368188807F09AFB83
:1090100001213088E1E6E368187807F07FFB6FE70D
:10902000E3680721186808AE08909A889B79604623
:10903000ADF824208DF8263022F0A1FB072104464C
:109040000C3021F065FA05463046691C07F034FB08
:109050002870ECE5E3680721186808AE08909A8844
:109060009B796046ADF824208DF8263022F087FBEE
:10907000072104460C3021F04BFA05463046691CA6
:1090800007F0DEFA2870D2E56046022122F077FB75
:10909000022104460C3021F03BFA054607F0A0F906
:1090A000002368702B70C2E5E368604605211E88C6
:1090B00022F065FB052104460C3021F029FA054613
:1090C000B7B22A1DE91C384601F0FEFEEB7829797B
:1090D000002B93FAA3F391FAA1F2B3FA83F308BF3A
:1090E0004FF0FF330029B2FA82F208BF4FF0FF328F
:1090F000013301322870A5F80160EB702A7196E502
:1091000007F070F9FCE6E06807F0ACF9F8E6E06813
:1091100000F11702C11D07F08FFDF1E6E3685988E1
:10912000188801F0B5FEEBE66046052122F027FB2A
:10913000052104460C3021F0EBF9054608A90DF194
:109140001A0001F099FE0022BDF81A30A5F801308E
:10915000BDF820302A70A5F8033068E5E3681F8861
:109160009A885988B8B201F05BFE59E60023E2689C
:10917000022117889278B8B2CDE90233CDE90033E5
:1091800001F06CFD4CE60022E46802212788638828
:1091900003922589B8B20295E5880195A4880094C8
:1091A00001F05CFD3CE60921604622F0E8FA092165
:1091B00004460C3021F0ACF90023B349B34A0160F6
:1091C0004260037233E500220621E3681F88B8B2CB
:1091D00006F056FE24E6E268002132F8027BF6E74C
:1091E0006046092122F0CBFA092104460C3021F017
:1091F0008FF90023082100F8013B08F0EFF916E58C
:10920000E068002308AA00F110010BF037F81121E3
:10921000308822F0B4FA112104460C3021F078F99C
:1092200000230646074606F8013B08AD0FCDC7F8F8
:1092300001007160B260F360F9E4E368188801F03E
:10924000ABFD01463088ECE4E368604608211E88E7
:1092500022F095FA082104460C3021F059F9054610
:10926000B7B23846E91C01F03DFDA5F80160287051
:10927000DDE40022E1684B88088803920C8902949F
:10928000CC88019489880091114601F0E7FC0146E1
:109290003088C6E4E06807F037F831E6E06806F0A9
:1092A0007FFF2DE606F056FF2AE66046022122F0F7
:1092B00066FA022104460C3021F02AF900230370DB
:1092C000054606F045FF6870B1E4E368187801F0E0
:1092D0000FF815E6E16811F8010B01F0BBFA0FE693
:1092E000E16811F8010B01F047FA09E60221604636
:1092F00022F045FA022104460C3021F009F900233E
:109300000370437093E4E468A57BA37962792179C3
:1093100020880295657B07340195009400F07CFE5F
:10932000EEE5E1680120FEF7B3F9E9E560460921C1
:1093300022F025FA092104460C3021F0E9F8002535
:10934000034603F8015BC0F801505D600646FEF776
:1093500083F92B46C1F3072261F3070362F30F235E
:10936000090C61F31743090A61F31F63C6F8010092
:10937000C6F805305BE40421604622F000FA0421BF
:1093800004460C3021F0C4F800236FF004010322DE
:10939000037041708370C27049E4E2683C4B11680D
:1093A000604652681960012116E5E36899781888CB
:1093B00001F0BCFC0146308833E4E268354BEEE74F
:1093C000E36808A91F88B8B201F0E0FD0521054651
:1093D000308822F0D4F9052104460C3021F098F8A9
:1093E0000570A0F80170BDF82030A0F803301EE42D
:1093F000E368604604211E8893F8028022F0BFF9DA
:10940000042104460C3021F083F80546B7B202204F
:1094100042463946EB1CFEF725F9A5F80160287095
:1094200005E4002000211B4A4FF0FF3441F6FF7590
:10943000C2E900011F200021174BC3E90045144B6E
:10944000C3E90001FEF742FC0121308822F097F9C0
:10945000012104460C3021F05BF800230F4A037011
:109460001360FFF789FAFFF7E2BB41EA0302072A1C
:1094700007D84D0702D05A077FF484AD1221FFF7B9
:10948000CFBB1121FFF7CCBB008FCC30ECC001006B
:10949000900200209042022098020020D46F022007
:1094A00000230B60038A032B55D92DE9F0470546AD
:1094B00088460C30042121F05BF82B8A4688B0F8EE
:1094C0000090B34225D3FB2E23D801F071FB4FEA65
:1094D0001937BA460446F8B15FEA9A0A19D19FB122
:1094E000012F16D12379667167F301032371E968AF
:1094F0003246E01D2CF032F92146C9F30B0001F091
:1095000063FB18B9BDE8F0870227EBE7204601F0BE
:1095100055FB6FF01500F5E7104B1B689B0117D545
:109520004FF0FF324FF0FF330220F6F77FFE0221AB
:10953000C8F800000C3020F0EBFF4FF48D7303806F
:10954000D8F8000001210C3020F0E2FF0123037065
:109550006FF06800D6E76FF01500704798020020A2
:10956000F8B50D4B1B68DB0600D4F8BD02F10C0406
:1095700007460D462046022120F0CAFF40F205436F
:1095800004210380204620F0C3FF0026A0F80150EC
:1095900006703A78C270F8BD98020020024A13683B
:1095A000013B1360704700BFD46F0220037F03F0BC
:1095B0000303013B012B01D900DE704770B504465F
:1095C00001F10C0528460421E68820F0A1FF03469E
:1095D000227F02F00302022A0CBF46F4005646F432
:1095E00080560680627F28465A80617F20F090FF77
:1095F000627F04F11F01BDE870402CF0AFB800BFDE
:109600002DE9F04190F804C00446BCF1030F0D466B
:10961000C68884B000F11C070ED0ACF1170CBCF169
:10962000060F00F22981DFE81CF02A0087008F0076
:109630002100BA00CE00EF00C37F033B122B00F2E3
:109640001B81DFE813F00402190119018E01AF013B
:109650001901BD01190119011901C2011901DF0127
:1096600019011900190119011B011B01C94B002423
:109670005B68180400F1298104B0BDE8F081F807A7
:1096800000F15E82277F002F00F00982C14B5B68EA
:109690009900F1D5C04B1B6803F4007813F0010367
:1096A00040F0248158EA0303E6D0002F40F02D82D9
:1096B000BA4A0C351368013313600221284620F0A2
:1096C00027FF41F63E7301210380284620F020FF4A
:1096D0000A2203461E211A70284620F019FF002393
:1096E000A0F801600370637FC370A37F0371D4F897
:1096F0001F30C0F80530B4F82330A0F80930D4F892
:109700002B30C0F80B30B4F82F30A0F80F30D4F85D
:109710002530C0F81130B4F82930A0F81530638E28
:10972000A0F81730A38EA0F81930E38EA0F81B30F4
:1097300094F8383043779FE70A463846314604B0FC
:10974000BDE8F041FFF70CBF924B5B689A0093D5E0
:10975000914B1B685B078FD50C350221284620F002
:10976000D7FE40F63E2301210380284620F0D0FE9C
:10977000032309210370284620F0CAFEFD0700F1EB
:10978000E181237FA0F801600370E38BA0F8033030
:10979000238CA0F80530638CA0F807306CE7804B71
:1097A0001B6819027FF568AF0C350221284620F0AE
:1097B000AFFE40F257220346022128461A8020F0CD
:1097C000A7FE068058E7734B5B689A007FF554AF9D
:1097D000714B1B681B037FF54FAF0C3502212846E8
:1097E00020F096FE40F23E4301210380284620F0FF
:1097F0008FFE1422034603211A70284620F088FEAB
:109800000680237F837037E7624B5B689F007FF59C
:1098100033AF614B1B6818057FF52EAF0C35022165
:10982000284620F075FE40F23E6301210380284661
:1098300020F06EFE0C22034605211A70284620F007
:1098400067FE237FA0F801600370627F92FAA2F3A3
:10985000002AB3FA83F308BF4FF0FF330133C3701C
:10986000A27F92FAA2F3002AB3FA83F308BF4FF063
:10987000FF3301330371FFE600DEFDE6454B5B6815
:109880009A007FF5F9AE444B1B685B067FF5F4AE9A
:109890000C350221284620F03BFE40F63E330121E4
:1098A0000380284620F034FE072203460A211A705E
:1098B000284620F02DFE0680A38C4380E38C838015
:1098C000238CC380638C0381D6E60C3502212846A5
:1098D00020F01EFE4FF44C720346032128461A80E6
:1098E00020F016FE0470A0F80160C5E6002F40F0DD
:1098F000EA802A4A136801331360B8F1000F40F080
:1099000023810C350221284620F002FE41F23E332D
:1099100001210380284620F0FBFD01231221037062
:10992000284620F0F5FD0770A0F80160637FC37042
:10993000A37F03F001030371D4F81F30C0F8053092
:10994000B4F82330A0F80930638EA0F80B30A38E52
:10995000A0F80D30E38EA0F80F3094F8383043743F
:109960008AE60C4B00241B681B067FF585AE0C3580
:109970000221284620F0CCFD4FF4816203460421E9
:109980001A80284620F0C4FD01230470A0F801606D
:10999000C37071E69802002090020020D46F02206C
:1099A0009042022090F820300E2B7FF465AE0B46DB
:1099B000324600211A2004B0BDE8F041FEF7ECBFAA
:1099C0000B46324639460020F5E7604B1B681F0600
:1099D0007FF552AE0C350221284694F8204020F045
:1099E00097FD4FF48162034604211A80284620F037
:1099F0008FFD00239C4208BF1F24A0F80160047063
:109A0000C37039E6514B5B68980051D5504B1B68C9
:109A100099064DD50C350221284620F079FD40F6F7
:109A20003E3301210380284620F072FD06220346C2
:109A30000A211A70284620F06BFD0680238C438093
:109A4000638C8380A38CC380E38C038114E63F4B3B
:109A50005B6899007FF510AE3D4B1B68DA067FF519
:109A60000BAE0C350221284620F052FD40F63E5345
:109A700001210380284620F04BFD052203460C21DE
:109A80001A70284620F044FD034623F8026B216A31
:109A9000626AC0F802105A60238D4381ECE5FF2210
:109AA000A07F04F1250304F11F0106F087FDEDE519
:109AB00000231A2202213046CDE90233CDE90033DA
:109AC00001F0CCF8D8E5B8F1000F1ED10C35022119
:109AD000284620F01DFD41F23E3301210380284637
:109AE00020F016FD01220346122128461A7020F0AC
:109AF0000FFDC0F80180C0F80580C0F80980C0F8EB
:109B00000D8080F811800770B6E50C3502212846DB
:109B100020F0FEFC41F63E7301210380284620F030
:109B2000F7FC0A2203461E211A70284620F0F0FC9A
:109B300004461D220021601C2BF036FE27709BE599
:109B400000DE9FE500DE1CE60C35B6E5980200203D
:109B50009002002070B500F10C040E462046022150
:109B6000154620F0D5FC40F21352034605211A8019
:109B7000204620F0CDFC0123A0F801600370A0F87E
:109B8000035070BD0379032B09D0172B05D0183B68
:109B9000052B8CBF00200320704701207047037FF6
:109BA00003F00303032B14BF05200420704700BFFC
:109BB000F0B44FF0FF3441F6FF750021084A00264B
:109BC000C2E900450027074A1F2011600021064B0B
:109BD000C3E90067054BC3E90001F0BCFEF7CCBE4A
:109BE00098020020D46F02209042022090020020B0
:109BF00010B582B0059C0C4A0C4BA21AA3FB023292
:109C0000C2F3471262B9023201210020084B0094CE
:109C1000D2B2FDF7B3FC10F0FD0F03D102B010BDBE
:109C200000DEF0E700DEF9E7FC6F02204FECC44EE7
:109C3000D19C010070B5036805465E6DDEB100225F
:109C40009C6D5A65F4B100214FF0170E4FF6FF7C62
:109C5000996504F11C0084F804E0A4F806C01E22F3
:109C60002BF0A2FD3C23A560237721463046BDE8BA
:109C70007040FEF7F3B900DE00229C6D5E6D5A6500
:109C8000002CE0D100DE9C6DDDE700BF0E4A0F4BDB
:109C900012781A7000B9704710B54B7F82B001EB93
:109CA00083031B6A01911C78FEF774FA01998142C3
:109CB00001D102B010BD14F00E0F02D14B69002B80
:109CC000F7D000DEF5E700BF61A6022060A6022003
:109CD000024600B17047084608B5054B012198605F
:109CE0000220FCF75FFA00B908BD00DE08BD00BF26
:109CF000D008002003788BB110B50C4B00F1100197
:109D0000996082687AB90022094C084BC0E9024187
:109D100001201146FCF746FA18B910BD1030FFF7C4
:109D200089BF00DE10BD00DE9968ECE7C0080020A6
:109D3000359C010038B5134C6569AB6FB3B905F1BB
:109D40006C0105F16800FCF7A9F90346C0B1AB67E7
:109D50002868002500F000FFA06D6561FEF76CF932
:109D6000606DA565FEF75CF9656538BD00DE05F13F
:109D70006C0105F16800FCF791F903460028E6D173
:109D800000DEE4E7FC6F022070B5314C84B094F83B
:109D90005E30D90738D5636953B193F82C2042F06F
:109DA000020283F82C20636993F82C30DA0742D43E
:109DB0002748FEF7D7F9844240D1237EDB0726D41B
:109DC00003AD022203210020224B00950392FDF7F0
:109DD000D5FB2946FEF7B4F940BB1F48FEF7FEF954
:109DE00000282FD11A48FEF7C9F9844228D16369A7
:109DF0000BB1FFF79FFF94F85E30002023F00103C2
:109E000084F85E3006F072FD002004B070BD0226BA
:109E100003AD0321012200200E4B00950396FDF7B0
:109E2000ADFB2946FEF78CF90028CAD00848FEF79A
:109E3000A5F984420AD10C2004B070BD00DEBCE755
:109E400000DED4E77830CDD000DECBE700DEF2E7ED
:109E5000FC6F02204D7701000C70022000B54B789A
:109E6000511E10334FEAC30C037889B203F00F037D
:109E7000062B14D8DFE803F0042918131313040089
:109E800043781033DB0003F21B320CEB020003F5C6
:109E9000B37313FB01F3184480B25DF804FB40F286
:109EA00053204FF4F373F4E790F801C001EB810302
:109EB000C3EB031040000CF11003DB0000F23B1079
:109EC00003FB020290B25DF804FB40F2E33040F283
:109ED0001623DEE74FF6FF7130B58B428BB09DF84D
:109EE00038C00F9C1AD0217815460131C9B22170B3
:109EF000002949D0002226490B818B7AC1E900054F
:109F00006CF300038B72234B04F11000C86099605E
:109F100001201146FCF746F9002837D1207E10F0C9
:109F2000010505D11C4A1D4B11781B788B4201D0CD
:109F30000BB030BD0133042109A8137007F06AFB90
:109F400042F2107C164B174A174805931749099B94
:109F5000A21AA0FB0202A1FB0301490B0CFB113367
:109F600052090232013328460121CDE902550694F7
:109F7000049501950095D2B20993FDF7E3FA10F02C
:109F8000FD0FD5D000DED3E700DEB3E700DEC5E786
:109F900098420220B008002061A6022060A602209C
:109FA0008D9C0100FC6F02204FECC44E5917B7D1B5
:109FB00070B5184C0226204607F0C0FE04F10C00D4
:109FC00007F0BCFE4FF4006506224FF0000E4FF084
:109FD000040C34F8043C94F8421023F4437323F047
:109FE000020343F00E0324F8043C637866F3420155
:109FF00004EB83035B6884F84210A4F8405083F8B4
:10A0000000E05A70637B04EB8300036983F800C0AF
:10A010005A7070BD187002202DE9F04F694C8E46C1
:10A0200094F85E60684983B016F00106054603C9DE
:10A03000DDF830809DF834C09DF8389000908DF8A0
:10A04000041040F08B807146012928460DEB0E016B
:10A0500008BF00201F460B78154603F00E02B2FA27
:10A0600082F2218B0CF0070C09F003094FEA4C0C2B
:10A0700021F443714CEA092C21F002014CEA010C55
:10A08000617FA4F85C0004EB8101D1F82090A4F872
:10A0900018C099F800A003F00F032AF01F0152091D
:10A0A0000B4362F3451389F8003003F00F03012BD3
:10A0B0000AF00F0A49D094F85E3065F3420384F841
:10A0C0005E30DAB25B070CD5134667F3C30384F83E
:10A0D0005E30D8F800303D4AC4F85F30B8F804303C
:10A0E000938099F8003005F0010B03F00F02012A6C
:10A0F00039D099F80120F2B1BAF1010F51D099F895
:10A1000000306BF3861323F0800389F8003094F855
:10A110002930246104EB8304E36AAD0105F04005B6
:10A120005A7845F004051D700AB906225A70304667
:10A1300003B0BDE8F08F6BF3861362F3C71389F8A1
:10A140000030062389F80130E1E7BAF1010FB2D0FF
:10A1500099F80120CAB984F83460ACE70C2630467F
:10A1600003B0BDE8F08F4A466BF3861367F3C7135D
:10A1700002F8083B0C23D8F80010C9F80810B8F80A
:10A180000410918089F80130C1E7052A16D9063AF2
:10A19000D2B209F108010E4884F834202BF0DEFA1F
:10A1A00089E794F834200A4909F108002BF0D6FA1F
:10A1B00094F83430063389F80130A0E700DE99F8CE
:10A1C0000120E4E7FC6F0220E06C04005B700220D9
:10A1D0003170022008B5FFF7EBFE002008BD00BF7C
:10A1E00008B5FFF7D1FD002008BD00BF08B506483F
:10A1F00007F0B4FD044B03F10C0007F0AFFDFFF7CF
:10A20000D7FE002008BD00BF18700220034A044B8F
:10A21000801AA3FB0030C0F34F107047FC6F022080
:10A220004FECC44E044A0068044B801AA3FB003074
:10A23000C0F34F10704700BFFC6F02204FECC44EBC
:10A2400030B9044890F85E3013F0010300D0704735
:10A2500000207047FC6F022028B9044B93F85E0081
:10A2600000F0010070470020704700BFFC6F022023
:10A2700048B9064B93F85E0010F0010004D0587EF8
:10A2800000F0030070470020704700BFFC6F022001
:10A2900070B50546807E0C4606F04EFC10B3237860
:10A2A00043F04003237002682378C4F802208288B8
:10A2B00003F00F03012BE28004F1020601D03046C7
:10A2C00070BDA87E06F050FC0028F8D02346227806
:10A2D00042F0800203F8082B0268A26082883046B0
:10A2E0009A8070BD2078C0F38010FDF7EDF9DAE7B1
:10A2F000002800F045812DE9F04FC14C8DB094F855
:10A300005E2012F0010540F02881FF23607EA376D5
:10A3100000F0030006F008FB94F85E00420700F12D
:10A320002081627F94F8293004EB8202166A04EBE4
:10A330008303D3F82C8086B13146B148FFF7A8FFDC
:10A3400033785B0605D50621FBF798FE002800F060
:10A350003F814146AA48FFF79BFF337813F00E0F69
:10A3600040F0918063691BB10C200DB0BDE8F08F07
:10A37000FDF750FE8146002800F03381FDF756FEC0
:10A380008246002800F02A8100F0E0FB0546002804
:10A3900000F02E814FF6FF738384D0F8880005F11A
:10A3A000100B002800F01F8105F17C0205F17801F7
:10A3B000FBF770FE4FF4C0230027C5F88E31B5F8C7
:10A3C0007630284623F4EF6323F0070343F48C73BD
:10A3D00043F00103A5F8763095F83730C5E91277D8
:10A3E00003F03F0363F07F0385F8373095F88E3034
:10A3F000C5F8887023F0070385F88E3095F83C3057
:10A40000A5F88C7023F00F0385F83C3085F839707F
:10A410006F85C5F82E702F65A5F86071A5F8947149
:10A42000A5F88A7102F02CFE85F86471C5F8689170
:10A4300000F044FE95F89C3160F3020385F89C31EE
:10A4400000F042FE95F89C31012160F3C50385F8C8
:10A450009C3195F86231284667F3410385F86231F3
:10A4600001F0A4FC05F1E00002F028FCC4E9159A13
:10A47000C4F814B0C5E902772F702D6107F038FBDE
:10A48000002840F0A780237E0121C3F342030DF191
:10A490002B008DF82B30FBF7A3FF0246002871D06C
:10A4A00041463046FFF7DAFC0025B4F85C80C4E989
:10A4B000025560602570FDF7CBF800F21317B8F174
:10A4C000000F07D1357805F00F05A5F10105B5FAA4
:10A4D00085F56D09207E616865F30000207610F037
:10A4E000010056D000200226464A049109920191AB
:10A4F0000694DFF814811060444A0BAD03210592E5
:10A500003B463246CDE902000090CDF81C8008950C
:10A510000B96FCF7B5FF2946FDF712FE90BB3C4AAF
:10A520003C49009205913B4601220321CDE90300FD
:10A53000CDE90100CDF81C80089506940B96FCF738
:10A5400083FF2946FDF7FCFDE0B9012094F85E3059
:10A55000034384F85E3006F0C9F900200DB0BDE871
:10A56000F08F2A4604F15F01C0F3C00006F00EFB35
:10A57000FF28A0763FF4D5AE284606F0EFF9D0E6E6
:10A58000FFF702BC6369002B3FF4EEAEFFF7D2FB8E
:10A59000EAE640F27122A8FB02254FF6FF75019210
:10A5A00002220491039501F51C51164D10310694B9
:10A5B00002900090296014490995079113490BAD49
:10A5C00005913B46032108950B92FCF759FFB8E72C
:10A5D0001220CAE6FFF7AEFB0320C6E64846FDF7A9
:10A5E0001FFD0720C1E605F18000C5F88800DBE605
:10A5F0005046FDF721FD4846FDF712FDF1E700BF8B
:10A60000FC6F0220F06F02204D770100D59E010003
:10A61000728E1300F19B010070B50446237E8AB050
:10A62000C3F342030D460DF12300012116468DF8B8
:10A630002330FBF7D5FE314602462846FFF70EFCD5
:10A6400063680546834221D90022191A0192134AF0
:10A65000134B02910221A21AA3FB023200235209DA
:10A660000A4409910F4909AE059118460321CDE925
:10A6700003330696D2B20093FCF764FF3146FDF730
:10A680005FFD38B9656000200AB070BDFBD20021C3
:10A69000C21ADBE70C200AB070BD00BFFC6F0220BD
:10A6A0004FECC44E4D7701001F295BD82DE9F041D6
:10A6B000437F0E4600EB83031F6A05463B789046B6
:10A6C00003F00F03012B82B04ED00DF107011C30B7
:10A6D00007F090FB3946044697F800C003780CF069
:10A6E0000F0C23F01F0343EA0C0303703B7890F830
:10A6F00000C0C3F3401363F3451C80F800C03B78EF
:10A700005FFA8CF7C3F3801363F38617077011F8B1
:10A71000023BFFB2DB0963F3C717062200F8027B96
:10A720002BF029F83246414604F1080006362BF09A
:10A7300015F8667095F85E30DB0706D49DF8073093
:10A740006B77002002B0BDE8F08195F829302146F2
:10A7500005EB83032846DA6AFFF75EFF0028EDD099
:10A760000C20EFE7122070470A4680F8346041461B
:10A7700035302AF0F3FFE4E703460A46014819465C
:10A78000FFF792BFFC6F02201F295FD82DE9F0412F
:10A7900090F829300F4600EB8303DE6A04469046AA
:10A7A00082B000F12805002E41D028460DF10701A6
:10A7B00007F020FB3146062205460378BE1823F039
:10A7C0003F0343F00403037011F8020BDBB2C0F344
:10A7D000801003F03F0343EA80132B706E70A81CB7
:10A7E0002AF0C9FF3A46414605F108002AF0B6FFB3
:10A7F00094F85E30DA0707D400209DF8073084F81B
:10A80000293002B0BDE8F0814123627F04EB82026F
:10A81000116A0A7802F00F02D340DB07ECD52A4612
:10A820002046FFF7F9FE0028E6D00C20E9E728468D
:10A8300007F084FAC0B258B994F8293004EB8303C6
:10A84000DE6A0423337006237370AEE7122070476C
:10A850000720D6E703460A4601481946FFF794BF8A
:10A86000FC6F02200146002208B5054B01209960CB
:10A870001146FBF797FC00B908BD00DE08BD00BF1C
:10A88000E0080020836801465A6892F82730DB0907
:10A8900001D100DE7047083105F0FEB82DE9F04126
:10A8A0000546076882B04FF4D47223493846FBF757
:10A8B000D1FB05F16806294607F02EFE3146E86E09
:10A8C00001AAFBF707FC08B34FF6FF781B4C94F87E
:10A8D000412094F84010531CDBB2082B08BF002322
:10A8E000994224D0019904EBC20C24F83280CCF8B0
:10A8F00004100A680260019A10603146E86E01AAED
:10A9000084F84130FBF7E6FB0028E0D1D7F8680176
:10A9100007F5B47138B10023C7F86831FDF71CFDA5
:10A9200002B0BDE8F08100DED7F86801F3E700DE91
:10A9300000231B80FFDE00BFA8420220D473022048
:10A9400010B50C4630B92046FDF736FC844200D0E5
:10A9500000DE10BD00DEF6E710B50C4630B920462B
:10A96000FDF71EFC844200D000DE10BD00DEF6E7DD
:10A9700010B50C4640B9074B0246012102209C60ED
:10A98000FBF710FC20B910BDFDF704FC8442FAD09F
:10A9900000DE10BD0009002000B9704700B583B08B
:10A9A0000191FDF715FC0199814202D103B05DF8D8
:10A9B00004FBFDF7EFFB01998142F7D000DEF5E7DC
:10A9C0002DE9F04304468BB08846012002211E4643
:10A9D000914609F00FFB0022022107460120FBF7F8
:10A9E000ADFB4FF4D4721D492046FBF733FB1C4BE3
:10A9F000C51CEDB200932A46334601210020019484
:10AA0000FCF7F0FD10F0FD0F26D108940694CDF868
:10AA10000490616800204FF6FE742A46114D04919F
:10AA20000795114D33460121CDE90204CDF8008090
:10AA30000595FCF709FD10F0FD0F0BD117B90BB010
:10AA4000BDE8F0830122022110460BB0BDE8F043BF
:10AA5000FBF774BB00DEF1E700DED6E7A842022078
:10AA600059A9010041A90100EDF9010010B5194BE8
:10AA700001224FF4D4711848FBF79CFA00224FF4DE
:10AA8000D4711548FBF7E2FA4FF6FF7C0446134BEE
:10AA9000A4F824C0181D03224FF48271FBF78AFA30
:10AAA0000F4B0722181D0821FBF784FA02F0CCFA9D
:10AAB0004FF01B0C4FF4A47107230024094A0A48E5
:10AAC000A2F800C0094A046011800949094A0B70C4
:10AAD000137010BD84700220A8420220C4700220AE
:10AAE00088700220E6A402203C740220E4A4022024
:10AAF00063A6022062A6022010B5037883B1104B32
:10AB000000F1100199608268BAB900220D4C0C4B1B
:10AB1000C0E9024101201146FBF744FB58B910BDC2
:10AB200003F0FF02084B1030986011460120FBF73C
:10AB300039FB0028F3D000DE10BD00DE9968E4E7A1
:10AB4000F008002065A80100E00800200148FBF79C
:10AB500055BA00BF847002200149FBF763BA00BFF9
:10AB6000847002204FF4D4720149FBF773BA00BF1E
:10AB7000A8420220024620B94FF4D4710248FBF7E4
:10AB800065BA0020704700BFA842022060B90246A3
:10AB900008B54FF4D4710548FBF758FA10B1838C0F
:10ABA00003B908BD002008BD00207047A84202205C
:10ABB0000148FBF723BA00BFC47002200149FBF72C
:10ABC00031BA00BFC470022000283DD138B502461A
:10ABD0000D461F484FF4D471FBF738FA0446F0B124
:10ABE000828CE2B91B4890F821C090F820100CF13B
:10ABF0000103DBB2042B08BF0023994221D020F8C7
:10AC00003C2000EBCC0CCCF8045080F821302378A9
:10AC100043B994F93730002B0EDB002038BD6FF0BC
:10AC2000150038BD0C4B012103209C60FBF7BAFADC
:10AC300094F93730002BF0DA0021204605F0FAF8BD
:10AC4000EBE76FF0680038BD6FF01500704700BF8C
:10AC5000A842022018740220100900202DE9F047B4
:10AC600082B0BDF82870BDF82C80BDF8309098B93E
:10AC70000C4615464FF4D471024619481E46FBF7A0
:10AC8000E5F9824640B1838C33B96CB1022C07D010
:10AC9000012002B0BDE8F087022002B0BDE8F087D5
:10ACA000ADB902F01DFC0EE00D9C43463A4631461C
:10ACB000CDF80090019402F09DFB0028EDD19AF9A7
:10ACC0003730002B07DB002002B0BDE8F0872946B3
:10ACD00002F016FCF7E70146504605F0ABF8F2E744
:10ACE000A8420220E8B938B502460C460E484FF497
:10ACF000D471FBF7ABF9054650B1838C43B902F030
:10AD00000BFB38B10368236003792371002038BD41
:10AD1000022038BDD5F83230236095F836302371E3
:10AD2000F4E70220704700BFA842022038B510B1F6
:10AD30000224204638BD02460C4615484FF4D47113
:10AD4000FBF784F9054600B3838CF3B91A2C15D8A8
:10AD5000042C17D90F4BE340DB0713D521462846B7
:10AD600002F0C0FA04460028E3D195F93730002BF1
:10AD7000DFDA0146284605F05DF8DAE7292CEDD048
:10AD80003B2CEBD01224204638BD0C24204638BD85
:10AD9000A84202202000380438B5A0B902464FF47A
:10ADA000D4710D48FBF752F9054660B1838C53B955
:10ADB000012102F045FA044618B995F93730002B05
:10ADC00004DB204638BD0224204638BD0146284613
:10ADD00005F030F8204638BDA842022038B598B9B1
:10ADE00002464FF4D4710D48FBF730F9054658B1CF
:10ADF000838C4BB902F03CFA044618B995F9373008
:10AE0000002B04DB204638BD0224204638BD014615
:10AE1000284605F00FF8204638BD00BFA8420220A2
:10AE200070B5D8B90D4616464FF4D4710246114894
:10AE3000FBF70CF9044688B1838C7BB9D0F840311C
:10AE40009B060ED52946324602F078FA054618B917
:10AE500094F93730002B07DB284670BD02252846C1
:10AE600070BD1A25284670BD0146204604F0E2FF59
:10AE7000F2E700BFA8420220034A044B12881B8855
:10AE800002800B80704700BFE6A40220E4A40220E9
:10AE90008446034A034B0020A2F800C01980704783
:10AEA000E6A40220E4A4022000B544F2902C4FF066
:10AEB000FB0EA0F800E0A2F800E0A1F800C0A3F8A3
:10AEC00000C05DF804FB00BFC8B938B50D46144694
:10AED0004FF4D47102460B48FBF7B8F8034660B153
:10AEE000808C50B993F87620C2F302022A7093F84E
:10AEF0007730C3F30203237038BD022038BD02202F
:10AF0000704700BFA84202208446034A034B00203A
:10AF100082F800C01970704763A6022062A6022062
:10AF2000F0B583B008BB0F4616464FF4D471024605
:10AF300015481D46FBF78AF80446B0B1838CA3B9C7
:10AF4000D0F8403113F4106F1AD02B460125324649
:10AF50000095394602F09EF9054618B994F9373044
:10AF6000002B06DB284603B0F0BD0225284603B0BF
:10AF7000F0BD0146204604F05DFF284603B0F0BD59
:10AF80001A25284603B0F0BDA842022018BB10B510
:10AF900002460C4611484FF4D471FBF757F8C0B184
:10AFA000838CB3B9C28CB0F88C31052A0CD84FF41D
:10AFB000FA7102FB033301FB03F3094A0020A2FBF1
:10AFC00003235B0B238010BD40F2E24102FB03F33D
:10AFD000F1E7022010BD0220704700BFA842022006
:10AFE0005917B7D148BB10B502460C4614484FF468
:10AFF000D471FBF72BF8F0B1838CE3B942F21072F5
:10B0000002FB04F1C38C0139052B0AD84FF4FA7204
:10B0100003FB02231944B1FBF3F1A0F88C110020CB
:10B0200010BD40F2E24202FB03F31944B1FBF3F11D
:10B03000A0F88C11F3E7022010BD0220704700BF7A
:10B04000A842022008B5FFF711FD002008BD00BF8F
:10B0500038B500224FF4D4711448FAF7F7FF0446CC
:10B0600090B12146032004F11002FDF7E1F8A0B9E8
:10B0700000250F4A0F4BC4F888501584A3F84050A0
:10B08000FFF7F4FC284638BD00DE0320214604F11A
:10B090001002FDF7CDF80028EAD07830E8D040F271
:10B0A0004D71054819F08DFBE2E700BFA842022070
:10B0B00018740220D4730220E0810400014B187838
:10B0C000704700BF63A60220014B1878704700BF8D
:10B0D00062A602208A6808601368187828B19A6806
:10B0E00052B9084AC3E902217047526892F82730E2
:10B0F000DB0903D100DE704700DEF2E708460831C5
:10B1000004F0CABC85A801000B68DA88002A37D190
:10B1100070B50C4606464FF4D4711B48FAF796FFFB
:10B120000546F0B1838CE3B902F026FA2268137F5A
:10B1300003F00303032B08D1012313713146284682
:10B140002268BDE8704002F02BBA73B195F8623105
:10B150009A0705D53D23012285F8643123681A71C9
:10B1600070BD012223681A7170BD95F862319B078A
:10B1700003D53D2385F8643122680123137170BD26
:10B1800001221A71704700BFA84202204FF6FF7CCF
:10B1900010B50446808C60450CD02046A4F82431BC
:10B1A000C4E9471201F0DEFF94F8623113F00100A8
:10B1B00002D110BD00DEF0E723F0010384F8623114
:10B1C0006FF08B0010BD00BF70B51C4C064694F8A4
:10B1D00021201DE04FF4D4711948FAF737FF696850
:10B1E00008B3838CE030F3B901F08CFD94F82010A3
:10B1F00094F821204B1C8A42DBB206F1FF3604D0C2
:10B20000042B08BF002384F8203016F0FF0613D06B
:10B2100094F8203093420FD034F8332004EBC30568
:10B22000002AD7D069680B794FF6FF7023F003032B
:10B230000B71FCF753FFD9E770BD00BF18740220F3
:10B24000A8420220F0B5324A0B46146883B0A042EF
:10B2500008BF0021054608BF11601822808C01211B
:10B2600085F8843185F86C21A5F86E01284601F037
:10B2700083FF05F1E006284601F092FF304601F019
:10B2800029FD304601F05EFD044628B3037905F13F
:10B290007C0703F00303032B0CBF0346002303606A
:10B2A0001C48FAF7ABFEA8B121463A46FAF700FF70
:10B2B000304601F047FD044670B1037903F0030303
:10B2C000032B0CBF0346002303601248FAF796FED7
:10B2D0000028E9D100DEE7E7AA8C01210332002033
:10B2E0000D4B0095D2B2FCF749F910F0FD0F08D1D3
:10B2F0004FF6FF73FF20AB8403B0BDE8F040FFF7CB
:10B3000063BFFCF747FF8542F2D000DEF0E700BFE5
:10B310003C7402208870022071A901004FF6FF736F
:10B320002DE9F04184688CB0A28C9A4200F0B38081
:10B330000546204602F020F92B7D012B00F0DA8033
:10B34000022B00F0AB8033B994F88E3003F0180371
:10B35000182B00F0108194F86481B8F1000F40F0D0
:10B36000A1802B8ACDE90A88E68D94F93720002B3D
:10B3700000F09F80002AC0F214810023A4F89031CD
:10B38000AB7CA78D03F003030137012BBFB200F0A4
:10B39000AD80B4F89431002B00F0B280BB4240F293
:10B3A0002B81DB1B9BB2062BA4F894318CBF0023AE
:10B3B000012300229846E28594F83C20394663F345
:10B3C000820284F83C2020460DF1270201F094FE11
:10B3D000743000F00B81B4F88E312BB1BB4240F2D7
:10B3E000B380DB1BA4F88E31B4F88A312BB1BB4299
:10B3F00040F2BA80DB1BA4F88A31E58DB8F1000F6A
:10B4000002D1AE4200F09E800135ADB294F8D13049
:10B4100013F0010608D1DDE90A733BBB002F00F0F1
:10B42000DC801E46194622E094F9372023F0010300
:10B43000002A84F8D1307DDB94F87600C0F3C00197
:10B4400000F0070006F0AAF9B4F86E20B4F86C30EA
:10B4500061681344E28B03F23F13134418448142A2
:10B46000DDE90A7380F0B380461A60600021A28C87
:10B470008048246903320291059001210020CDE922
:10B480000358069401960097D2B2FCF75BF810F0CF
:10B49000FD0F40F0B6800CB0BDE8F0813D2398462A
:10B4A00084F86431414620460CB0BDE8F041FFF716
:10B4B000C9BE002AB8BF84F8D580AB7CA78D03F045
:10B4C00003030137012BBFB210D0B4F89031002B29
:10B4D0003FF45FAFBB4240F29B80DB1BA4F890318E
:10B4E000B4F89431002B7FF459AF65E70023A4F83A
:10B4F000943161E70023A4F88E31A4F88A312AE759
:10B50000E38C42F21071052B8BBF40F2E2424FF404
:10B51000FA725A4303FB0222B4F8923101FB03236F
:10B52000013BB3FBF2F39BB2A4F89431002B7FF400
:10B5300035AF41E794F87700012100F0070006F0ED
:10B540002FF981E7454661E7FCF7B6FD0146002883
:10B5500065D00023A4F88E311B23A28C0371C28016
:10B560000068FCF77BFD3FE700232046A4F88A3102
:10B5700001F054FE41E7218DB4F88C218B1D9A42D5
:10B58000D2BF1346931F5B1AB4F88811C8BF9BB291
:10B59000994257D0A4F88831A4F88A31A4F88E21B2
:10B5A000D9E694F8D530002B3DD0013B84F8D53056
:10B5B00004F1E007384601F0C3FB002856D03846B6
:10B5C00001F0BEFB002843D00023E385D5E6091A2D
:10B5D0006060ABBB51EA07021FD11DB9B8F1000F83
:10B5E0003FF459AF00263146334640E720469DF8E8
:10B5F0002710FFF727FE4EE708212046FFF722FE1F
:10B6000049E7FCF7C7FD84423FF445AF00DE42E75F
:10B610003E212046FFF716FE3DE71E4627E70123A1
:10B62000A4F88E31E0E60AAA28460BA9FCF7D4FF5D
:10B63000DDE90A231343BBD0237884F8D530B7E77C
:10B64000002614E7B4F88E1100297FF484AEA3E736
:10B650000246D4E91E01FAF735FD0028B4D194F86A
:10B660003C301B0744BF238DE38586E6FF20FFF7B0
:10B67000ABFDA4E799A9010038B505460120FFF705
:10B68000A3FD05F1E00001F05DFBA8B104460379DC
:10B690000A4803F00303032B0CBF23460023236057
:10B6A000FAF7ACFC30B1214605F17C02BDE8384028
:10B6B000FAF7FEBC00DEF6E738BD00BF8870022056
:10B6C00021B3F8B54D1EEDB200F1E00700F17C06A4
:10B6D00013E023790E4803F00303032B0CBF23462A
:10B6E00000232360FAF78AFC70B1013D32462146FF
:10B6F000EDB2FAF7DDFCFF2D05D0384601F022FB54
:10B7000004460028E5D1F8BD00DEEEE7704700BF33
:10B71000887002200149FAF785BC00BF88700220BA
:10B72000014B93F841007047D473022000B50A4BD7
:10B7300093F840C093F841E0F4450BD080F800E066
:10B7400033F83C0003EBCC0308805B681360186897
:10B750005DF804FB0020FBE7D4730220074B93F84D
:10B7600040C0844508D003EBCC0033F83C300B805C
:10B77000436813601868704700207047D473022034
:10B78000094A92F8401092F841308B4209D04B1C84
:10B79000DBB2082B08BF002352F8310082F840309A
:10B7A00070470020704700BFD473022000B50D4AD7
:10B7B00092F841C092F840E00CF10103DBB2082B93
:10B7C00008BF00239E4509D022F83C0002EBCC0CB8
:10B7D000CCF8041082F841305DF804FB00DE002351
:10B7E0001B80FFDED473022070B5537914460546E2
:10B7F0000E46002B39D0237903F00302032A0CD024
:10B800004FF6FF72954204BF23F0030323712146D4
:10B810002846BDE87040FCF761BC4FF6FF739D42BF
:10B8200006D13368A3421AD0002BF0D000DEEEE739
:10B83000EDB92A464FF4D4711148FAF707FCE0B18C
:10B84000214601F07BFE3368A342EDD100224FF484
:10B85000D4710B48FAF7FAFB08B1838C03B10020CE
:10B860002146BDE8704001F041BC00DEC3E700DEC8
:10B870000020214601F062FED3E700DEE0E700BFD2
:10B88000A842022090F86610B0F85C30C1F30212B2
:10B89000022A1BD0042A15D109074BBFA3F5147344
:10B8A000A3F5D7739B111B11023B9BB290F87E202E
:10B8B000B0F85800D20644BF043B9BB2984228BF60
:10B8C00018467047DB080A3B9BB2EFE79B080B3B2F
:10B8D0009BB2EBE7704700BF90F8623143F0020380
:10B8E00080F86231704700BF90F8623123F00203A4
:10B8F00080F86231704700BFB0F86031B0F82421A1
:10B90000981880B2704700BF0278038E12B1581E9B
:10B9100080B27047418DB0F824215818104480B28D
:10B92000704700BF2DE9F04F0446164685B0B0F8C9
:10B9300060510091B0F8241190F87600BDF84420D1
:10B940000D44ADB2C0F3C00100F00700A5EB020B3F
:10B950000192CDE90263BDF83880BDF83CA0BDF886
:10B960004090D4F81C7105F019FFE18C019A05296B
:10B970001FFA8BFB79D940F2E24E11FB0BF189B231
:10B98000B8F1050F64D94FF09616E6619626B4F823
:10B990006EC02684B4F86C60664406F2D516304456
:10B9A00040F2E24C46460EFB01F10CFB06F6521B40
:10B9B0004D1E3544B5FBF6F5B4F82AE07F1A6060F9
:10B9C000B4F86011B4F824012A4494F837C092B254
:10B9D000014486441144ADB272445FEADC1C05FBAD
:10B9E0000677A4F86011628546D100DE0025B346D3
:10B9F00031462046A4F82680A4F828A0A4F8929105
:10BA000001F0A6FB3A4B218D3344B3FBF6F3881DBE
:10BA10009AB29042A4F88C2104D2C1F57F41FA3148
:10BA20000A4492B2009BA4F8882113B10023A4F821
:10BA300094313B465A4629462046FEF7C1FF94F80A
:10BA4000623143F0010384F8623105B0BDE8F08F44
:10BA50004FF09610E061962008F1010620844FF423
:10BA6000FA7C40F21310B6B29DE7013111FB0BF1E5
:10BA70004FF4FA7E89B283E70022216CC4F8DC20FF
:10BA8000A26C01FB002201FB1B22A26406F078F8E5
:10BA9000834694F8D400C0F3420006F073F8834460
:10BAA00006FB0BFB134A0BF5742B0BF23F2BA2FB8F
:10BAB0000B2B4FEA9B4202FB05F52264A6EB020B1F
:10BAC000A26C7F1B15447208963A954228BF154612
:10BAD00040F2E241C4E91125029A039B01FB02F204
:10BAE0002265054AA2FB0325AD0A01FB05F57FE7A8
:10BAF0007FC3C90183DE1B435917B7D10B4610B56D
:10BB000004461A683230C4F832201B7905210371CB
:10BB1000FAF766FC94F8373060F3050384F83730A1
:10BB200010BD00BF90F8303100B51BB1D0F84031E6
:10BB30001B0511D440F6480CE646B0F87030A1F869
:10BB400000C0734528BF7346B3F5A47F38BF4FF4D8
:10BB5000A47313805DF804FB44F2902CE646ECE7F6
:10BB600030B5B0F86020B0F85A1003468A4228BFBA
:10BB70000A4690F87700B3F8641000F00700B3F8B5
:10BB80005EC01B2A38BF1B22042814BF4FF4A470C8
:10BB90004FF42960614528BF6146814238BF0146A4
:10BBA000B3F86E50B3F86A408D4244D0A242A3F875
:10BBB0006E1001D0A3F86A20012093F8D12042F042
:10BBC000020283F8D120B3F86220B3F8581093F83A
:10BBD00076C08A4228BF0A460CF0070CB3F86610FC
:10BBE000B3F85C501B2A38BF1B22BCF1040F14BFF2
:10BBF0004FF4A47C4FF4296CA94228BF2946614523
:10BC000038BF6146B3F86C40B3F868E08C4216D098
:10BC10007245A3F86C1001D0A3F8682093F8D120E6
:10BC200022F0020283F8D120012093F8D1200243B0
:10BC300083F8D12030BDA242BCD10020C3E77245B9
:10BC4000EAD193F8D11041EA510202F0010221F049
:10BC500003010A4383F8D1200028E5D130BD00BF9D
:10BC600010B5B0F86020B0F85A1003468A4228BFD9
:10BC70000A4690F87700B3F8641000F00700B3F8B4
:10BC80005E401B2A38BF1B22042814BF4FF4A47047
:10BC90004FF42960A14228BF2146814238BF0146A6
:10BCA000B3F86EE0B3F86AC08E450DD09445A3F8A2
:10BCB0006E1001D0A3F86A2093F8D120012042F041
:10BCC000020283F8D12010BD9445F3D1002010BDAD
:10BCD00010B5B0F86220B0F8581003468A4228BF69
:10BCE0000A4690F87600B3F8661000F00700B3F843
:10BCF0005C401B2A38BF1B22042814BF4FF4A470D9
:10BD00004FF42960A14228BF2146814238BF014635
:10BD1000B3F86CE0B3F868C08E4514D06245A3F860
:10BD20006C1001D0A3F868204FF0010C604693F826
:10BD3000D110C1F3400242EA0C0221F003010A4390
:10BD400083F8D12010BD6245ECD193F8D1100020CA
:10BD500001F0010CEDE700BF44F29023FB2928BF5E
:10BD6000FB219A4228BF1A4610B490F83041A0F83F
:10BD70007210A0F870201CB1D0F84041240512D4F4
:10BD800040F648039C46624528BF6246B2F5A47F50
:10BD900038BF4FF4A47210BCA0F85E30A0F8581061
:10BDA000A0F85C2070479C46EDE700BF70B54E07D9
:10BDB00004466AD401F0030303F1280203F58473F7
:10BDC000C1F34001D200DB00CA4023FA01F196B270
:10BDD00089B244F2902C304B002518882F4BFB2859
:10BDE0001B8828BFFB20634528BF6346A566E56620
:10BDF000A4F8745094F83051A4F87200A4F870308C
:10BE0000002D3FD0D4F840512D053BD5634528BFC8
:10BE10006346A4F85E1094F87710B3F5A47F01F0A0
:10BE2000070138BF4FF4A473042914BF4FF4A47161
:10BE30004FF429618A4238BF0A46A4F858001B21F2
:10BE40004FF01B10FB25A4F85C3094F8D13020662D
:10BE500043F0020384F8D130A4F86E202046A4F801
:10BE60006460A4F86660A4F85A50A4F86A10FFF75A
:10BE70002FFF012294F8D13084F87420134384F802
:10BE8000D13070BD40F6480CC0E74FF4296244F24F
:10BE9000902116469DE700BFE6A40220E4A40220FC
:10BEA00008B50022D0E91E01FAF70CF9B0FA80F0CB
:10BEB000400908BDF8B506460C4601F021F80546D4
:10BEC00088B32F1D384602F03BFBEB79294663739C
:10BED000304601F02BF8304603F054FB0023EA68AB
:10BEE000A968C4F84720C4F843102A69C6F8AC20F2
:10BEF000A569A361ADB103232F792B71B38C2046C3
:10BF000005F11C01EB8002F005FB2E2F02D004236B
:10BF1000A372F8BD29462868FCF7A0F80423A37291
:10BF2000F8BD00DEE7E700DECBE700BFF8B504466A
:10BF30000D4600F0DDFF10B90623AB72F8BD04F129
:10BF40008F063346002205F13B0105F12B0008F076
:10BF500095F90022D4F88F700026C4F8B07000273D
:10BF6000D4F89B30D4F89710C4F8BC30D4F8AC3077
:10BF7000D4F89300C4F8CD3094F8C830C4F8B810A1
:10BF800062F3000384F8C83094F8A730D4F8A810FE
:10BF900043F00103C4E93067C4F8B400C4F8C91021
:10BFA0002046294684F89F2084F8A02084F8A12008
:10BFB00084F8A22084F8A32084F8A42084F8A52083
:10BFC00084F8A62084F8A73000F09AFF0646A8B1AE
:10BFD000301D02F0CDFAF37931466B73204600F044
:10BFE000A5FF204603F0CEFA4FF4C1636B8194F8AD
:10BFF0008E3043F0080384F88E30F8BD00DEE7E7AA
:10C0000070B50C46897A054682B00D2900F234815C
:10C01000DFE801F060686B9DAC07070C1836393E0D
:10C020005154002A00F0B48002B070BD002AFBD148
:10C030002146284600F05CFF002840F0F7800723E7
:10C04000A372F1E7022AEFD10023A069A3610028BF
:10C0500000F02F8103230371AB8CC380237A052B5F
:10C0600000F00F81062B00F0098100DE21462846F2
:10C0700000F03EFF002840F092800923A372D3E72E
:10C08000002AD1D1F2E7002ACED10B23A372CBE74D
:10C09000072AC9D12846012100F04CFF2846FFF7A6
:10C0A0001BFC2146284600F023FF002840F0A18019
:10C0B0000C23A372B8E7002AB6D1F2E7082AB3D15D
:10C0C00040F20233638195F88E3023F0100385F837
:10C0D0008E30A9E7002AA7D1237A062BD5D00223D8
:10C0E000A372A1E7002AFAD09EE7012A9CD111464B
:10C0F0002846019300F01EFF2846FFF7EDFB284677
:10C1000001F082FF019B284659689A68C4F8211003
:10C11000C4F825201A7B84F829205A7B84F82A2029
:10C12000D3F80E10D3F81220C4F83B10C4F83F2007
:10C13000D3F816302146C5F8A83000F0D9FE78B102
:10C140002146284602B0BDE87040FFF7B3BE002A82
:10C150007FF46AAF2146284600F0CAFE0028EFD1DE
:10C16000204600F007FF0323A3725DE7032A0CD0EB
:10C17000042A7FF459AF062140F20362072384F8B2
:10C180002010A4F84D20A3724EE70523A3724BE7BD
:10C190002146284602B0BDE87040FFF7C7BE2146E1
:10C1A000284600F0ADFE0646002800F08680301DCF
:10C1B00002F0E8F9F37931466373284600F0B6FEE1
:10C1C000284603F0DFF9284603F034FB0023012161
:10C1D000A372284600F0C2FE2846FFF785FB2846DA
:10C1E00001F016FF95F88E3043F0100385F88E307D
:10C1F0001AE72146284600F083FE064600285AD05A
:10C20000301D02F0C9F9F37931466373284600F016
:10C210008DFE284603F0B6F940F60D33638195F89C
:10C220008E3023F0080385F88E30FDE6214628463F
:10C2300000F066FE0646002841D095F8303194F8AB
:10C240004E10301D1BB1D5F840315B071DD402F0F4
:10C25000ADF9F37931466373284600F067FE28464E
:10C2600003F090F9284603F0E5FA94F82030062B05
:10C2700011D0242B3FF4D8AE00DED5E61A2303718B
:10C28000F4E61C3002F07EF9F0E60A4694F84D1010
:10C2900002F098F9DDE701212846A17200F05EFE68
:10C2A0002846FFF721FB284602B0BDE8704001F0A8
:10C2B000AFBE00DECEE600DEA2E700DE77E700DEFE
:10C2C000BBE700BF92F81FC002F11C03ACF10302F0
:10C2D000082A06D8DFE802F01205050F0505050C4F
:10C2E00009003D2380F8643170470822FFF788BEBB
:10C2F0000722FFF785BE0222FFF782BE0122FFF769
:10C300007FBE00BF8B7A042B06D002D9053B082BD9
:10C3100000D8704700DEFCE705238B72704700BF32
:10C320008B7A042B06D002D9053B082B00D8704726
:10C3300000DEFCE7062040F20362072381F82000BC
:10C34000A1F84D208B727047887AA0F10400B0FAF2
:10C3500080F04009704700BF13460022FFF750BE2F
:10C360004B070DD5800100F57473934228BF134627
:10C370004FF429611846884238BF084680B270479A
:10C3800001F0030C0CEB00030D334910DB00CB4034
:10C390009BB2B3F5A47F38BF4FF4A4739A4228BF71
:10C3A0001A4610460CF1280C4FEACC0C2CFA01F17D
:10C3B000884238BF084680B2704700BF70B591F818
:10C3C0002C300C46042B0ED991F82D20112101257B
:10C3D00084F82810134313F0070312D1012584F8C1
:10C3E0002830284670BD032B07D091F82D20042A51
:10C3F000ECD8032A01D00025ECE71123012584F8AD
:10C400002830668DFFF780FA801B0304E9D42823C7
:10C41000E4E700BFF0B50D4683B00DF1060201A9B7
:10C420000446B0F86C60B0F86E70FFF77BFB95F8CF
:10C430002D300BBB95F82C30E3BBB4F86C30B34215
:10C440000ED3BDF806209A420AD3B4F86E30BB4230
:10C4500006D3BDF804209A4202D3002003B0F0BDF9
:10C46000012094F8D130A4F86C600343A4F86E70F6
:10C4700084F8D13003B0F0BD94F93730002B29DBBC
:10C4800095F82C3053B194F87610BDF8062094F846
:10C49000680001F00701FFF763FF064694F8771084
:10C4A000BDF8042094F86A0001F00701FFF758FF77
:10C4B0000746C2E794F93730002BEFDB94F876108B
:10C4C000BDF8062094F8680001F00701FFF748FF67
:10C4D0000646B2E794F87610BDF8062094F8680096
:10C4E00001F00701FFF73CFF95F82C300646002BC2
:10C4F000D4D1A2E710B500230C468969A36131B3FA
:10C5000094F82130DB071DD50B792E2B1DD11D236F
:10C510000B71838CCB8094F828300B7790F87730B0
:10C52000C3F302038B7790F87630C3F302034B77A3
:10C530000868FBF793FD94F8213023F0010384F899
:10C54000213010BD01230B71F2E700DEDFE700DED2
:10C55000D6E700BF38B591F821300C469B074D6AED
:10C5600003D4BDB101232B7108E0A5B103232B71C6
:10C57000838C05F11C01EB8002F07CF929462868C8
:10C58000FBF76CFD002294F82130626223F0020375
:10C5900084F8213038BD00DEE8E700BF70B50C46F6
:10C5A000054600F0C1FC6062C0B10022637BE66911
:10C5B000172B6661E26109D000DE2846314600F0A3
:10C5C000B5FC2846BDE8704002F0DCBF2846311DAE
:10C5D00002F036F841F603036381EEE700DEE4E79C
:10C5E00070B5CB690C460646002B4CD0637B162BEE
:10C5F0002ED196F93730002B2ADB0023E569E36161
:10C60000656194F8203096F89C21C3F3C20363F36C
:10C61000C50286F89C2194F8202096F89C3120468B
:10C6200062F3020386F89C3194F8203096F8762065
:10C63000C3F3801363F3C30286F87620291D01F04B
:10C64000DBFF0221304600F075FC0223A37211E0EB
:10C6500000F062FC10B90723A37270BD00F064FC07
:10C66000606290B10022637BE569162B6561E2612F
:10C67000C7D000DE3046294600F058FC3046BDE801
:10C68000704001F0C9BC00DEB0E700DEEAE700BFA1
:10C6900038B505460C4601F0AFFC10B10123A3727A
:10C6A00038BD284602F05CFF0028F7D12146284615
:10C6B00000F01EFC0028F1D0284602F04FFF0728AA
:10C6C000ECD02846012102F043FF28460D2102F05C
:10C6D00043FF162321466373284600F011FC0346EE
:10C6E000E36121462846BDE83840FFF779BF00BF27
:10C6F00038B505460C4602F03DFF10B10223A37287
:10C7000038BD2146284600F0F3FB0028F6D0284625
:10C7100002F024FF0728F1D00D21284602F01CFF6B
:10C72000172321462846637300F0EAFBE06158B105
:10C7300000F0F2FB10B90723A37238BD214628464A
:10C74000BDE83840FFF72ABF00DEF1E770B50C46C0
:10C75000897A0646154682B0092906D8DFE801F035
:10C76000080D454805056C8C98B900DE02B070BD17
:10C77000002DFBD10123A372F8E71946204601F0F2
:10C7800051FF94F8202096F89C31C2F3C200C3F305
:10C79000C2010140C2F30200034043EAC10322F098
:10C7A0003F02134384F8203096F93730002B0BDB1F
:10C7B00094F8203013F0380F40F09F8094F8203028
:10C7C00023F03F0384F820300221304600F0B2FB12
:10C7D000012DCBD196F83730DB09C6D02146304643
:10C7E00002B0BDE87040FFF783BF002DBED1F5E772
:10C7F000022DBBD190F93730002B80F2C480644BFE
:10C8000094F8205093E8030002AB03E9030096F884
:10C81000763002211A462B4303F007036B441D7840
:10C820003046062365F3061286F87620A37202B01E
:10C83000BDE8704000F092BB032D97D11946204609
:10C8400001F014FF21463046FFF7B8FD05462046AB
:10C8500000F090FB002D5BD094F8283096F87620FD
:10C86000282B08BF86F864311346092162F30613AA
:10C8700086F87630A17279E7002D7FF477AFE3690F
:10C88000002B74D000F048FBD8BB0723A3726DE7E0
:10C89000002D7FF46BAFFFF72FF8638DC01A0304F0
:10C8A0003FF564AF84F8285096F93730002B35DB1C
:10C8B000002294F82130092162F3000384F821302A
:10C8C00096F87620134662F3061386F87630A17246
:10C8D0004CE7042D7FF44AAF2146FFF70BFE2146BB
:10C8E0003046FFF737FE304602F0A4FF0021304605
:10C8F00002F032FE0023A37238E75A077FF464AFD8
:10C900005CE72146304602B0BDE87040FFF746BE06
:10C91000304602F03DFE0823A37227E794F82D105D
:10C9200096F8772011F0070194F82C3002F00705F3
:10C930001FD096F8760013F00703844661F3020CCB
:10C9400000F0070086F876C01FD063F30202884229
:10C9500086F8772014D021463046FFF75BFD94F827
:10C960002130012260F3410384F82130A1E700DE89
:10C9700088E713F007039BD063F3020286F8772061
:10C980009D42E8D194E700DE39E78842E3D18FE7A2
:10C99000E86C040070B5D37F0546112B0C4602F1FC
:10C9A0001C0629D0182B0DD0072B14D024230846A1
:10C9B00085F8643100F0ECFA284601F0D3FB00233F
:10C9C000A37270BD8B7A062B3DD088BF073B022B2C
:10C9D000F7D900DE70BD8B7A062BF6D1002102F06C
:10C9E000B7FD1A22D5F84031204623F41063C5F86C
:10C9F000403184F828200FE08B7A062BE5D13146B0
:10CA0000204601F0F1FD94F84E302846002184F8CC
:10CA1000283002F09DFD204600F0ACFA94F8213059
:10CA2000092643F0010384F8213095F87620284642
:10CA3000134662F3061385F87630A6720221BDE82C
:10CA4000704000F08BBA90F93730002B3FDA0221AA
:10CA5000284602F07DFD3146204601F007FE2146C2
:10CA60002846FFF7ABFC0646204600F083FA9EB945
:10CA700094F82D302BB195F8762063F3061285F8E3
:10CA80007620284601F0D2FA0823A3722846BDE892
:10CA90007040022100F062BA0021284602F058FDE1
:10CAA00094F828300BB185F8643194F8203094F86C
:10CAB0002120DB0963F3000284F8212095F8761029
:10CAC00009230A4661F3061285F87620DDE700DEC9
:10CAD000BDE700BF38B58B7A0C460546092B06D852
:10CAE000DFE803F0070706050505060B0F0600DE65
:10CAF00038BDBDE83840FFF7CBBDBDE83840FFF793
:10CB00006FBDFEF7F9FE638DC01A0304F0D495F9EA
:10CB10003730002B19DB0021284602F019FD0022D6
:10CB200094F8203084F82820DB0994F8212009218A
:10CB300063F3000284F8212095F87620134662F30F
:10CB4000061385F87630A17238BD94F82D1095F84B
:10CB5000772011F0070194F82C3002F0070C24D054
:10CB600095F8760013F00703864661F3020E00F095
:10CB7000070085F876E022D063F30202884285F848
:10CB8000772019D021462846FFF744FC94F821303D
:10CB9000002160F3410384F82130284602F0D8FCDC
:10CBA0000022012384F82820BFE713F00703B2D046
:10CBB00063F3020285F877206345E3D1ABE788424F
:10CBC000E0D1A8E78A7A022A06D000D87047063A50
:10CBD000032AFBD900DE70470B4690F837108446D5
:10CBE000C909F7D070B50F4982B002AE90F876400F
:10CBF00041F6060503C906E903001146604693F8AD
:10CC000020E044EA0E0E0EF0070EEE449EF80020DF
:10CC100062F306148CF876405D8102B0BDE8704086
:10CC200000F09CB9E86C040038B58B7A082B04D866
:10CC3000033B022B00D800DE38BD092BFBD1054693
:10CC40000C46FFF757FC21462846FFF783FC284691
:10CC500001F088FA0021284602F07EFC0023A3722E
:10CC600038BD00BF92F81FC002F11C03BCF1160FC3
:10CC700014D0BCF1180F0ED070B524230546084619
:10CC800085F864310C4600F083F9284602F0D2FDA5
:10CC90000023A37270BD0322FFF758BD0122FFF7E6
:10CCA00055BD00BF13460022FFF750BD13460222B8
:10CCB000FFF74CBD00230422FFF748BD0023C0E965
:10CCC0000133C0E903330370704700BF03780133B9
:10CCD0000370704703785BB9C3687BB102691AB10E
:10CCE000816861B10B6082600023C0E90333704743
:10CCF000013BDBB20370002BEED0704770474360FE
:10CD0000F1E700BF03783BB100230C300B604368B0
:10CD100043B1196041607047002304300B604368E1
:10CD2000002BF6D1C0E90011704700BF00230B6053
:10CD3000836813B1196081607047C0E901117047C1
:10CD4000406870470346406828B199680268884285
:10CD50005A6008BF9A6070474078A0F10C00B0FAA2
:10CD600080F04009704700BF4078A0F10800B0FA99
:10CD700080F04009704700BF4078A0F10200B0FA8F
:10CD800080F04009704700BF4078A0F11700B0FA6A
:10CD900080F04009704700BF4078A0F10100B0FA70
:10CDA00080F04009704700BF4078A0F10900B0FA58
:10CDB00080F04009704700BF4078A0F10600B0FA4B
:10CDC00080F04009704700BF4078A0F11800B0FA29
:10CDD00080F04009704700BF4078A0F10300B0FA2E
:10CDE00080F04009704700BF4078A0F10500B0FA1C
:10CDF00080F04009704700BFF8B5064608460D466A
:10CE0000F9F7FCF8044680B10027456006722C2231
:10CE10003946C4E90577203028F0C6FC4FF47F433B
:10CE2000FF22A77363816272A3812046F8BD00BF11
:10CE30004078A0F10200B0FA80F04009704700BFCE
:10CE40004078A0F10200B0FA80F04009704700BFBE
:10CE50004078A0F10200B0FA80F04009704700BFAE
:10CE60004078A0F10100B0FA80F04009704700BF9F
:10CE70004078A0F10100B0FA80F04009704700BF8F
:10CE80004078A0F10100B0FA80F04009704700BF7F
:10CE90004078A0F10900B0FA80F04009704700BF67
:10CEA0004078A0F10900B0FA80F04009704700BF57
:10CEB0004078A0F11800B0FA80F04009704700BF38
:10CEC0004078A0F10300B0FA80F04009704700BF3D
:10CED0004078A0F10300B0FA80F04009704700BF2D
:10CEE000416809B1F9F79EB800DE4168F9F79AB8D0
:10CEF000024B1868003818BF012070473009002025
:10CF000010B50448F9F77AF804460430FEF7E2FC5D
:10CF1000204610BD3009002008B50120FBF7B2F80B
:10CF2000003818BF012008BDFBF7C6B8E030FFF796
:10CF3000FDBE00BF38B590F8563105460C461BB112
:10CF40001C4385F8564138BDE030FFF7BFFE95F829
:10CF500056311C4385F8564138BD00BF90F8563114
:10CF600023EA010180F8561101B17047E030FFF764
:10CF7000B1BE00BF836943B11A792E2A04D02E2294
:10CF80001A71836902691A60704700DE8369F3E7EA
:10CF900083694BB11A792E2A00D0704701221A7189
:10CFA00081690868FBF75AB800DE8369F2E700BFC1
:10CFB0008B6913B11A792E2A0BD00B7A072B16D056
:10CFC000CB692BB1D0F85C211A60CB69C0F85C3119
:10CFD000704701221B68D0F858C1C3F804C08B69A0
:10CFE0001A718B69C0F858310B7A072BE8D14B6A5C
:10CFF000002BE5D001221B68D0F858C1C3F804C04B
:10D000004B6A1A714B6AC0F85831D9E770B50546BA
:10D010000C48F8F7F3FF044688B10026094B057267
:10D0200043602C223146C4E90566203028F0BCFB61
:10D030004FF47F43FF22A67363816272A38120466F
:10D0400070BD00BF2009002010B50A4B02225868AD
:10D050005021F8F7AFFF084B012258685021F8F72C
:10D06000A9FFBDE81040054B04222C215868F8F7B1
:10D07000A1BF00BF2809002020090020300900209E
:10D0800038B50446002501F041F82046C4E93E5574
:10D0900084F8045102F0B0FBC4F82851C4E94255A9
:10D0A00084F81651A4F81451A4F81851C4F82B515F
:10D0B000A4F84851C4F83051C4F83451C4F8385178
:10D0C000C4F83C51C4F84051C4F84451FAF7C4FACA
:10D0D00094F88E30C4E95001C4E9565523F0180382
:10D0E00084F88E3084F85651258638BD08460149AB
:10D0F000F8F798BF3009002010B5B0F80241034698
:10D1000082B024B1A1420FD2641AA0F80241B3F850
:10D11000120120B1814210D2401AA3F8120100235B
:10D120001846137002B010BD019200F017FF019A6B
:10D13000034658B1197A0A2903D022236FF07300ED
:10D14000EFE76FF0730093F82030EAE700DEF1E7D5
:10D15000034B0B44B3FBF1F3A0F81831704700BF49
:10D16000FF59620210B5044602F04EFB2046BDE8AE
:10D17000104000F0D3BF00BF10B5044649B10129EB
:10D1800000D010BD02F08AFB2046BDE8104001F03F
:10D190001BB802F06FFB2046BDE8104001F006B856
:10D1A00038B5D0F85841054634B120682146446866
:10D1B000FAF748FF002CF8D10023D5F85C41C5F8F8
:10D1C000583134B1204624680449F8F72BFF002C6D
:10D1D000F8D10023C5F85C3138BD00BF300900200C
:10D1E00090F93730002B14DA70B504460E46032050
:10D1F00009491546FFF700FE014640B1204681F877
:10D20000206081F8215000F079FE002070BD0C20D4
:10D2100070BD0C20704700BF2809002010B50749D9
:10D2200004460120FFF7E8FD28B10146204600F042
:10D2300065FE002010BD0C2010BD00BF2809002095
:10D2400038B504460D4602200849FFF7D5FD58B110
:10D25000014690F82030204665F3000381F8203025
:10D2600000F04CFE002038BD0C2038BD28090020FD
:10D2700010B5074904460420FFF7BEFD28B101465A
:10D28000204600F03BFE002010BD0C2010BD00BF6A
:10D29000280900202DE9F04105468846072010495D
:10D2A00017461C469DF81860FFF7A6FDA8B1014679
:10D2B000E30008F0070803F03803BF0143EA08035E
:10D2C00007F040073B4343EAC613284681F8203065
:10D2D00000F014FE0020BDE8F0810C20BDE8F081D4
:10D2E0002809002038B504460D4600F0B1FF20465D
:10D2F00002F05CFB0A200749FFF77EFD38B10146CA
:10D30000204681F8205000F0F9FD002038BD0C20A7
:10D3100038BD00BF2809002008B590F93730002B30
:10D3200008DB00F01BFE20B1037A0B2B14BF00209A
:10D33000223008BD02F01AF9F5E700BFF8B5D0F8C1
:10D3400040319B0601D40020F8BD04460D460C2058
:10D3500008491646FFF750FD074648B129462046C2
:10D360003246FEF7F9FC3946204600F0C7FDEAE7F1
:10D370000C20F8BD2809002070B506460D4602F0C5
:10D38000F5F820B1037A0446053B012B01D90C20A6
:10D3900070BD01463046FEF7D7FF0028F7D0696818
:10D3A000D5F800C0AA68EB683046C4F82F10C4F85E
:10D3B0002BC02146C4F83320C4F83730FEF7A2FF53
:10D3C000002070BD38B5054602F0D0F820B1037AD0
:10D3D0000446053B012B01D90C2038BD01462846E7
:10D3E000FEF7B2FF0028F7D028462146FEF798FF47
:10D3F000002038BD2DE9F8430546D0F840011E460F
:10D40000830788469146BDF8207017D495F93730C8
:10D41000002B1EDB08202A49FFF7EEFC0446002CF7
:10D4200041D0237A082B0FD0092B15D000DE2846D7
:10D43000214600F063FD0020BDE8F8830920204963
:10D44000FFF7DAFC0446EAE7A4F828906685A7858A
:10D45000EDE71A20BDE8F883099BA4F82680A4F81C
:10D4600028906685A78503B31B882387099B5B8863
:10D470006387099B9B88A387099BDB88E387099BBC
:10D480001B89A4F84030099B5B89A4F8423095F9C8
:10D490003730002BCBDA2846FDF764FB01462846DF
:10D4A00002F0C8FCC3E70C20C6E74FF0FF32054985
:10D4B0004FF6FF73C4E90E12A4F84020E5E700BF61
:10D4C000280900200000FFFF08B502F04FF828B13E
:10D4D000007AA0F10C00B0FA80F0400908BD00BF4E
:10D4E00010B5044602F042F810B1037A092B00D0BF
:10D4F00010BD01462046BDE8104001F0FFBE00BF50
:10D5000038B505460C4602F031F818B1027A0146EA
:10D51000092A00D038BD81F820402846BDE83840AF
:10D5200001F0F0BE08B502F021F828B1007AA0F1B0
:10D530000900B0FA80F0400908BD00BF38B50546C3
:10D540000C4600F00BFD10B14369A3420ED02846F3
:10D5500002F00CF810B14369A34200D038BD224656
:10D5600001462846BDE8384002F01AB90146224675
:10D57000284600F095FDEAE710B5044600F0EEFC01
:10D5800018B10146204600F0AFFD204601F0EEFF45
:10D59000014620B12046BDE8104002F01BB910BD85
:10D5A0002DE9F041537F144606460D46002B3AD034
:10D5B000D37F1E2B24D9304600F0D0FC07463046DE
:10D5C00001F0D4FF0146002F68D0FA7AE37F0028EB
:10D5D00043D09342C07A52D03A7B002A4FD1072BD6
:10D5E00065D0112B74D00D2B40F086800D2802D011
:10D5F0000B7B002B3BD01F2386F86431BDE8F08104
:10D60000474A52F8232022B104F11C00904760B130
:10D61000E37F022BCFD10123224629463046BDE8C5
:10D62000F04102F057B9FF23D377304600F096FC63
:10D6300030B1E27FC37A9A42E0D0037B002BDDD188
:10D64000304601F093FF002840D0E27FC37A9A422F
:10D65000D4D0037B002BD1D1DEE7934207D03A7BB5
:10D660002AB9072B3CD0112B3AD00D2BD3D123460E
:10D670002A4639463046BDE8F04100F0DBBC834223
:10D68000B9D00A7B002AB6D1072B2FD0112BEED1AF
:10D690004B7B94F820209A42E9D1ACE70028BAD01D
:10D6A00023462A463046BDE8F04102F013B894F80C
:10D6B00020307A7B9A4225D00728F1D00A7B002AB5
:10D6C000EED14A7B9A42EBD0242395E70346A3E7A9
:10D6D00094F820307A7B9A421FD01128EED1DFE7F0
:10D6E0007A7B94F820309A4295D1C0E74A7B94F82F
:10D6F00020309A42BBD17EE78342D1D00B7B002BF6
:10D70000CED1E1E707283FF476AF0B7B002B7FF407
:10D7100072AF4B7B9342AAD16DE71128F5D16AE72E
:10D72000C4820400F8B500278D690C4606468F6157
:10D730007DB3012703232B71B38C05F11C01EB8012
:10D74000237A042B18D00C2B0BD0022B17D1637A21
:10D75000072B16D0092B12D1304600F013FE2FB143
:10D76000F8BD304601F086F8002FF9D12946286827
:10D77000BDE8F840FAF772BC637A0C2B05D000DEE6
:10D78000EDE7204600F0A8FDE9E7304600F09CFEFA
:10D79000E5E7FFF7C9FB05460028CBD100DE0071A5
:10D7A000FFDE00BF70B506460C46FFF7A9FB054635
:10D7B000002855D0237A291D013B0B2B07D8DFE821
:10D7C00003F0151B212806060606062E063500DE88
:10D7D000EB79294663733046FFF7A8FB237A0A2BBF
:10D7E0002AD03046BDE8704000F016BC084600F074
:10D7F0004DFD1323E372EBE7304600F07BFD092378
:10D80000E372E5E7204600F02BFEFF236561E3723B
:10D81000DEE7084600F046FE0C23E372D8E7204618
:10D8200000F030FEFF236561E372D1E7304600F07F
:10D83000F1FF1523E372CBE740F2E24442F21072AB
:10D84000F38CB6F8921104FB03F302FB01310139AA
:10D85000B1FBF3F13046BDE8704089B200F0E2BBA5
:10D8600000DEA7E72DE9F04107460C46164601F019
:10D8700081FE28B103230025A3722846BDE8F0816C
:10D8800021463846FFF734FB05460028F2D02146F2
:10D890003846FFF735FB804600283CD0237A08F154
:10D8A0000401013B0B2B07D8DFE803F01B210627FF
:10D8B000060606060606062D00DE98F807304146E5
:10D8C00063733846FFF732FB384601F05BFE0423F2
:10D8D000A372002ED1D0384601F0ACFF0023A37212
:10D8E000CBE7084600F0DCFCFF23E372E5E73846AF
:10D8F00000F026FDFF23E372DFE7084600F0D2FDCB
:10D90000FF23E372D9E7384600F09CFFFF23C4F8F9
:10D910001480E372D1E700DEC0E700BF38B50B7AB0
:10D920000C46013B05460B2B0CD8DFE803F006063E
:10D930000B1B0B0B0B0B0B0D0B160122BDE838401C
:10D94000FFF790BF00DE38BD01F074FF002294F8AD
:10D950002030A27285F8643138BD0022BDE838401D
:10D96000FFF780BF90F8283143B90122FFF77AFF13
:10D970000028E8D0012385F8283138BD01F05AFF8E
:10D980000023A37238BD00BF38B50B7A0C46013BAB
:10D9900005460B2B17D8DFE803F0182610061616DD
:10D9A0001616163016384B7A0C2B13D18B69002BB8
:10D9B0004CD021462846FFF7B5FE284600F0D2FBA2
:10D9C0000023A37238BD00DE38BD4B7A072BF4D09C
:10D9D000132BF2D02423284685F8643100F0C2FBD3
:10D9E0000023A37238BD4B7A072B01D0092BF1D14C
:10D9F00094F82030DB07E0D5DBE700F0B3FB002232
:10DA00001623A27285F8643138BD4B7A152B16D0D7
:10DA1000072BDFD1D0F8403123F02003C0F840318C
:10DA200000F0A0FB00232846A372FFF74DFD00285D
:10DA3000C8D12846BDE838400421FFF78FBAFEF769
:10DA40008FF868B9284600F08DFBEBE7FFF764FA22
:10DA50000028AED1284600F0DFFA0423A37238BDB7
:10DA600021462846FFF75EFEECE700BF70B50E7A50
:10DA70000C46731E05460B2B07D8DFE803F0080F92
:10DA80002337060606060652066000DE70BD00F06B
:10DA9000B3FA00287ED00123A37270BD00F0ACFA67
:10DAA0000028F8D121462846FFF722FA0028F2D0B4
:10DAB00021462846FFF776FE6369002B08BF032640
:10DAC000A67270BD00F098FA0028E4D121462846DD
:10DAD000FFF70EFA0028DED021462846FFF762FE47
:10DAE0006369002B18BF0226A67270BD90F828311A
:10DAF00093BB00F081FA0028CDD121462846FFF7DC
:10DB0000F7F90028C7D021462846FFF74BFE626987
:10DB10000123002A0CBF03220222A27285F82831B9
:10DB200070BDFFF7E5F90028B5D021462846FFF77C
:10DB300039FE1622022384F82020A37270BDD0F88B
:10DB400040319B0602D5FFF7BFFC68B1284600F0C4
:10DB500009FB0023A37270BD0C2200234A728B6163
:10DB6000BDE87040FFF710BF284600F045FA0028D6
:10DB700091D121462846FFF7BBF900288BD004211C
:10DB80002846FFF7D7F921462846FFF70BFE032367
:10DB9000A37270BD21462846FFF7AAF900283FF47A
:10DBA0007AAF21462846FFF7FDFD6369002B0CBFC5
:10DBB00003230223A37270BD8B7A022B06D002D9F5
:10DBC000033B012B00D8704700DE70470B7A032B14
:10DBD00001D00A2BF7D1FFF7D7BE00BF38B58B7A3B
:10DBE000032B05D001D9042B00D138BD00DE38BD90
:10DBF0000C460546D07F02F11C01831E6072172B74
:10DC00000DD8DFE803F00C0C0C0C0C2A0C1B0C0CD0
:10DC1000170D0C0C0C130C0D0C2E0C0C0C0D00DE47
:10DC200021462846BDE83840FFF7AEBE204600F04A
:10DC3000DBFCF5E7284600F05DFCF1E7284600F044
:10DC4000E9FBD5F840311B05EAD5284605F15C0211
:10DC500005F15E01FDF766FFE2E7204600F038FBC4
:10DC6000DEE7284600F046FEDAE700BF38B58B7ADB
:10DC7000032B05D8012B0AD8BDE83840FFF7F6BEC4
:10DC8000042B03D10B7A0C46042B01D000DE38BDE7
:10DC90000546FFF741F90028F9D021462846FFF74D
:10DCA00041FD284600F05EFA0023A37238BD00BF94
:10DCB00038B58B7A012B06D002D9023B022B00D853
:10DCC00038BD00DE38BD0C460546D07F02F11C0190
:10DCD000831E6072122B21D8DFE803F0352020204C
:10DCE0002020262020202220202020201A200A0068
:10DCF000284600F0D7FD04212846FFF71BF92846E7
:10DD0000FDF7AEFF0346204684F82030FFF732F9D6
:10DD100021462846BDE83840FFF700BE00DEF7E7A1
:10DD2000284600F0E7FBF3E7284600F049FBD5F86A
:10DD300040311B05ECD5284605F15C0205F15E017A
:10DD4000FDF7F0FEE4E7204600F0A8FB0821284696
:10DD5000FFF7F0F8DCE700BFF8B58D7A032D00D8A7
:10DD6000F8BD042D23D10B7A0C460C2BF8D10646B6
:10DD7000FDF7AEFF94F82030294640EA030530460F
:10DD8000FFF7ECF80023A769EDB2A36107B33B7975
:10DD90002E2B0ED17DB901233B7139463868FAF735
:10DDA0005DF9304601F046FD0023A372F8BD00DEA8
:10DDB000F8BD00DEEEE703233B71B38C07F11C01D5
:10DDC000FB80237A0C2B05D1304600F053FDE4E7AD
:10DDD00000DEDCE700DEF7E710B58B7A0C4682B098
:10DDE000042B1ED8DFE803F01710031210000B7A83
:10DDF0000A2B14D1019001F01DFD002294F820306F
:10DE00000198A27280F8643102B010BD02B0BDE882
:10DE10001040FFF783BD01238B7202B010BD00DEFE
:10DE2000E8E700DEF0E700BF70B5044606F01AF937
:10DE300058B1D4F8F85035B1D4F8FC202B68AA4278
:10DE4000C4F8F83021D0284670BD054601210320D2
:10DE500006F0D0F82A46064601210320F8F76EF9AD
:10DE6000D4F8F85045B1D4F8FC202B689542C4F89A
:10DE7000F83008BFC4F8FC30002EE4D001220320A3
:10DE80001146F8F75BF9284670BDC4F8FC30284607
:10DE900070BD00BFF8B506460C4606F0E3F868B161
:10DEA000D6F8F850AC421FD1A3690BBB3046FFF740
:10DEB000BBFF2046BDE8F840FFF712B80546012138
:10DEC000032006F097F807462A4601210320F8F7B9
:10DED00035F9D6F8F850002FE4D00122032011467E
:10DEE000F8F72CF9AC42DFD000DEA369002BDDD0BF
:10DEF0001B792E2BDAD100DED8E700BFF8B5054636
:10DF00000C4606F0AFF840B100232360D5F8FC3092
:10DF1000F3B11C60C5F8FC40F8BD064601210320A2
:10DF200006F068F80121074632460320F8F706F9A3
:10DF30002660D5F8FC3073B11C60C5F8FC40002F9A
:10DF4000EAD0BDE8F840012203201146F8F7F6B800
:10DF5000C5E93E44F8BDC5E93E44F0E770B5054665
:10DF600006F080F818B1D5F8F840204670BD044698
:10DF70000121032006F03EF8064622460121032037
:10DF8000F8F7DCF8D5F8F840002EEED00122032097
:10DF90001146F8F7D3F8204670BD00BF38B50546E6
:10DFA000FFF7DCFF037A0446013B0B2B1BD8DFE8AD
:10DFB00003F0060606061A1A1C1414061A06014671
:10DFC00000222846FFF752FEA37B03B938BD214645
:10DFD0002846BDE83840FFF75DBF014600222846CD
:10DFE00001F05AF9F0E700DEEEE70146002228468C
:10DFF000FEF770FDE8E700BF90F80401A0F1010012
:10E00000B0FA80F040097047012380F8043170476E
:10E01000002380F804317047B0F81831A0F80231BD
:10E02000704700BFA0F80211704700BF0023A0F89E
:10E030000231704738B50C4611461A46A3690546A9
:10E04000FBB1217A01390B2923D8DFE801F006065C
:10E0500006062222241D1D06220621462846FFF719
:10E06000BDFDA36923B11B792E2B1CBF0023A36127
:10E07000A37B03B938BD21462846BDE83840FFF7E9
:10E0800009BFA2612161DCE72146284601F0B4F80E
:10E09000E7E700DEE5E721462846FEF77BFCE0E700
:10E0A00038B50B7A0C46033B0546092B09D8DFE847
:10E0B00003F0050808080D08080508052146FFF7C4
:10E0C0007BFD0022A37B626143B938BD2146FEF788
:10E0D00079FD0022A37B6261002BF6D02146284601
:10E0E000BDE83840FFF7D6BE38B50B7A0C46072B93
:10E0F000054608D0A37B03B938BD21462846BDE8B4
:10E100003840FFF7C7BEFEF78FFDF3E7022200237A
:10E1100080F80021A0F80231704700BF38B590F8B0
:10E1200000310446032B1BD8DFE803F00211101165
:10E13000FFF714FF034648B11D7A2046FFF72EFF74
:10E140000A2D14BF0123032384F8003138BDFFF7E3
:10E1500005FF0028FAD02046BDE83840FFF71EBF73
:10E1600000DE38BD10B590F800310446032B1BD8F3
:10E17000DFE803F00D020C02FFF7F0FE90B1002380
:10E180000122A4F80231827384F8003110BDFFF738
:10E19000E5FE28B100220123A4F80221837310BDFB
:10E1A00000DEF7E700DEEAE700DE10BD90F80031A0
:10E1B000022B05D000D87047032BFCD000DE70473F
:10E1C000002380F80031704738B590F800310446DC
:10E1D000032B3AD8DFE803F009261213204629461C
:10E1E000FEF7E6FE2846FEF77BFE2046FFF71CFE04
:10E1F00005460028F2D1022384F8003138BDFFF72C
:10E2000013FE05460028F6D029462046FEF7D0FE2C
:10E210002846FEF765FE2046FFF706FE0546002865
:10E22000F2D1E8E7FFF700FE05460028E3D02946D3
:10E230002046FEF7BDFE2846FEF752FE2046FFF7B9
:10E24000F3FD05460028F2D1D5E700DE38BD00BF5A
:10E2500038B50546FFF7E8FD68B104462146284673
:10E26000FEF7A6FE2046FEF73BFE2846FFF7DCFD44
:10E2700004460028F2D1002428462146A5F8024190
:10E2800001F066F985F8004138BD00BF0121122276
:10E290000378417043F003030370C270704700BFFE
:10E2A000012113220378417043F003030370C2700D
:10E2B000704700BF4FF0020C07220B7881F801C0B5
:10E2C00043F003030B70CA7090F84C300B71704729
:10E2D0000B7980F84C3070474FF0020C07220B7816
:10E2E00081F801C043F003030B70CA7090F84C3002
:10E2F0000B71704709224FF0080C10B50B7881F8AC
:10E3000003C043F003034A700B7090F937300C469A
:10E31000002BACBF63460E23CB70F9F79DF90022AA
:10E32000606061F30702C1F307200B0C60F30F225A
:10E3300063F317421B0A63F31F62A26010BD00BFA4
:10E3400038B50C460546F9F787F90922237862703B
:10E3500043F00303E2702370D5F84031217263F07B
:10E36000FF031840030C1A0AA3710B0CC0F3072516
:10E370002071E271C1F307201A0A65716072A372FD
:10E38000E27238BD09220B784A7043F003030B7028
:10E39000CA70D0E94E23100CC2F3072C0A711A0C74
:10E3A00081F805C088714FEA102C0B72C3F3072067
:10E3B000130A81F807C048728A72CB72704700BF97
:10E3C0002DE9F0414FF0405405464868104E430F88
:10E3D00083EA107303F00103A3FB04348A68064048
:10E3E00002F0EF0886EA0304F9F736F90440012049
:10E3F00008EA010164F0FF02C5E950413240C5F866
:10E400003C81C5F8382185F83001BDE8F08100BFB6
:10E410002FCF87F74FF040522DE9F041054648686D
:10E420000E4E430F83EA107303F00103A3FB023285
:10E430008968064001F0EF0786EA0304F9F70CF952
:10E44000B846012304400F40C5E95047C5F838617C
:10E45000C5F83C8185F83031BDE8F0812FCF87F7D2
:10E460004FF0030C19220B7881F801C043EA0C032A
:10E470000B70CA7090F820300B7190F821304B71FE
:10E48000704700BF02220B784A7043F003030B7001
:10E49000CA7090F820300B71704700BF0B7980F87C
:10E4A000203070474FF0060C40F60C510378054AB7
:10E4B00043F0030380F801C00370A0F80310C0F814
:10E4C00005207047F105FFFF4FF0060C0C220B787A
:10E4D00081F801C043F003030B70CA7090F82A3131
:10E4E0000B71B0F82B31A1F80530B0F82D31A1F83F
:10E4F00007307047012380F829310B7980F82A31E1
:10E50000B1F80530A0F82B31B1F80730A0F82D3163
:10E51000704700BF03224FF0170C0B7881F801C041
:10E5200013430B70CA70D0F82530D0F821208B60CF
:10E530004A6090F829300B7390F82A304B7370477B
:10E540000D21042210B50378417043F003030370DA
:10E55000C270841805F086FD0C2120B12046BDE86C
:10E56000104003F045B82046BDE8104003F036B82F
:10E57000012105220378417043F003030370C27048
:10E58000704700BF012106220378417043F0030366
:10E590000370C270704700BF01210B2203784170E5
:10E5A00043F003030370C270704700BF4FF0020CCA
:10E5B0000D22037880F801C043F003030370C2709A
:10E5C0000171704700B54FF0030E4FF0110C037846
:10E5D00080F801E043EA0E03037080F803C0017184
:10E5E00042715DF804FB00BF0B7980F84D304B7928
:10E5F00080F84E30704700BF4FF0030C16220B78A6
:10E6000081F801C043EA0C030B70CA7090F8203007
:10E61000C3F3C2034B7190F82030C3F302030B71B4
:10E62000704700BF0A7990F8203062F3C5031A469C
:10E6300080F820304B7963F3020280F82020704785
:10E640004FF0030C17220B7881F801C043EA0C034A
:10E650000B70CA7090F89C31C3F3C2034B7190F8F1
:10E660009C31C3F302030B71704700BFCB88438515
:10E670000B7980F82C304B7980F82D30704700BF33
:10E680004FF0180C0F220B7881F801C043F0030300
:10E690000B70CA70C38C8B80038DCB80438D0B8134
:10E6A000838D4B8190F834300B73C38EA1F80D30FD
:10E6B000038FA1F80F30438FA1F81130838FA1F899
:10E6C0001330C38FA1F81530B0F84030A1F81730DF
:10E6D000B0F84230A1F81930704700BF4FF0180C65
:10E6E00010220B7881F801C043F003030B70CA704D
:10E6F000C38C8B80038DCB80438D0B81838D4B81AD
:10E7000090F834300B73C38EA1F80D30038FA1F84D
:10E710000F30438FA1F81130838FA1F81330C38FCE
:10E72000A1F81530B0F84030A1F81730B0F84230F9
:10E73000A1F81930704700BF8B88C384CB8803854C
:10E740000B8943854B8983850B7B80F83430B1F886
:10E750000D30C386B1F80F300387B1F8113043870D
:10E76000B1F813308387B1F81530C387B1F817308B
:10E77000A0F84030B1F81930A0F84230704700BF1F
:10E7800000B54FF0000C4FF00C0E0B7881F801E053
:10E7900043F003030B7081F803C090F823300B4A59
:10E7A0000B71036BA2FB03239B0AA1F80530438D79
:10E7B000A1F80930038DA1F80730838DA1F80B3043
:10E7C000838CA1F80D305DF804FB00BF5917B7D159
:10E7D00040F2E2420B7980F82330B1F8053002FBB9
:10E7E00003F30363B1F809304385B1F807300385BB
:10E7F000B1F80B308385B1F80D308384704700BFCA
:10E80000B1F8093003844B68C0F822300B7A80F8E5
:10E81000263070474FF0090C14220B7881F801C0A4
:10E8200043F003030B70CA70B0F85A308B80B0F815
:10E8300058300B81B0F85E30CB80B0F85C304B8143
:10E84000704700BF4FF0090C15220B7881F801C00A
:10E8500043F003030B70CA70B0F85A308B80B0F8E5
:10E8600058300B81B0F85E30CB80B0F85C304B8113
:10E87000704700BF4FF0090C15220B7881F801C0DA
:10E8800043F003030B70CA70B0F86A308B80B0F8A5
:10E8900068300B81B0F86E30CB80B0F86C304B81B3
:10E8A000704700BF8A88A2F11B03E02B21D8B1F882
:10E8B00008C0ACF11B03E02B1BD870B544F2481E16
:10E8C000CC88A4F5A4739BB2734511D800234E895C
:10E8D0001946A6F5A475ADB26CF30F0366F30F01EC
:10E8E00062F31F4364F31F41754598BFC0E91831B7
:10E8F00070BD70478A88A2F11B03E02B21D8B1F8C4
:10E9000008C0ACF11B03E02B1BD870B544F2481EC5
:10E91000CC88A4F5A4739BB2734511D800234E890B
:10E920001946A6F5A475ADB26CF30F0366F30F019B
:10E9300062F31F4364F31F41754598BFC0E9183166
:10E9400070BD704700228B698A610BB3192293F85E
:10E9500004C01A71828CDA8091F820201A774AB9A3
:10E960000A8DBCF12E0FDA834A8D1A848A8D5A845F
:10E970000AD07047C28CBCF12E0FDA83028D1A8444
:10E98000B0F892215A84F4D119461868F9F766BB99
:10E9900000DEDBE730B5C38C0A8D4C8D93428D8D44
:10E9A00085B002D1038DA34214D0012381F8223017
:10E9B00002950B6BCDE900240C7A91F82320898C09
:10E9C0000391A4F10801B1FA81F14909FCF7AAFF0A
:10E9D00005B030BDB0F892315B1B18BF0123E5E7ED
:10E9E000F8B50023CD690C4607461646CB618DB3BA
:10E9F000291D112E0AD8DFE806F0200909090909A6
:10EA0000091C0909090909090909241400DEEB791F
:10EA1000294663733846FEF789FA237A092B14D006
:10EA2000F8BD084694F8202094F82110FFF7CAFD9D
:10EA3000EDE72046FFF73EFCE9E72046FFF7A0FEA2
:10EA4000E5E72046FFF74AFEE1E73846BDE8F84033
:10EA500000F098BDFEF754FA05460028C8D100DE44
:10EA6000C6E700BF38B58B690C46054683BBFEF789
:10EA70005BFA2E2100220123A0610171226394F828
:10EA80003420218D84F823304AB1B1FBF2F313FB1B
:10EA900002F3E08C9BB298429CBF19462385238FDA
:10EAA000994204D340F2E24202FB03F32363284677
:10EAB000FCF72AFF0346298D002206310B44A3846C
:10EAC00028462146FFF78CFF4FF60B73638138BD54
:10EAD00000DECCE738B504460D4600F04BFD20B90A
:10EAE00029462046FEF704FA30B910212046FEF7E9
:10EAF00021FA0923AB7238BD04F1E000FEF720F9DA
:10EB00000028F2D12046FDF7CBF90028EDD02946A8
:10EB10002046FEF7F5F9E861FEF7FEF910B90C237F
:10EB2000AB7238BD29462046FFF79CFF2046BDE862
:10EB300038401021FEF712BA70B50C460646FFF7B2
:10EB400029FF237A092B1DD094F82250ADB1002360
:10EB50002146304684F82030FFF7F4FE304600F0BE
:10EB600069FE237A092B05D10C4B1A68964204BF23
:10EB700000221A600023A37270BD2046FEF708FA37
:10EB8000A561EBE7304600F003FD237A092BDBD1CA
:10EB900094F82030002BDAD1D6E700BF3C74022075
:10EBA00070B506460C4600F0E5FC10B10623A372D2
:10EBB00070BD054621463046FEF79AF90028F5D08B
:10EBC000112221463046FFF70BFF304600F032FE9F
:10EBD000237A092B04D1044B1A68964208BF1D60A2
:10EBE0000023A37270BD00BF3C740220F8B5294A0F
:10EBF000064613680C468BB183420FD002238B72FA
:10EC000000F0B8FC054620B921463046FEF770F901
:10EC100068BB2046BDE8F840FEF7ACB9218DF38C07
:10EC20001660994212D00023A569A36185B303231E
:10EC30002F792B71B38C204605F11C01EB80FFF777
:10EC40001FFD2E2F1FD00423A372F8BD628D338DBC
:10EC50009A42E8D1A28DB6F892319A42E3D1204689
:10EC6000FEF796F900220523A261A372F8BD4FF4C6
:10EC70007263214630462384FFF792FF2046FEF759
:10EC800087F9A561F8BD29462868F9F7E7F9DAE7B9
:10EC900000DECCE73C740220F0B50C46897A0546CC
:10ECA00083B00C2900F2E080DFE811F012001E00B2
:10ECB000490052005E0068007C00DE0081008B008D
:10ECC0009400CC000D00002A00F0D38003B0F0BD0A
:10ECD000002AFBD1237A082B00F0DF80092B40F0BB
:10ECE000C3800123A372F1E7012AEFD11946204620
:10ECF000FFF722FDE38C052B1BD9228DB2F5486F5F
:10ED000017D8934215D8638DB3F5FA7F11D240F628
:10ED10007646A08DA0F10A0189B2B14209D801332B
:10ED200013FB02F3B3EB800F03D294F83430934219
:10ED300007D940F61E732146284623842DE0012A78
:10ED4000C4D82146284603B0BDE8F040FFF74EBFC7
:10ED5000002ABBD10192FEF7DFF8019A002840F0AB
:10ED6000B7800323A372B1E7032A7FD0042AADD171
:10ED70000F22062384F82120A372A7E7002AA5D139
:10ED800095F93730002B80F2848094F8203083B1DD
:10ED90000F232146284684F8213003B0BDE8F04017
:10EDA000FFF7FEBE002A91D121462846F5E7002A4A
:10EDB0008CD1284600F0DEFB002871D00823A37216
:10EDC00084E7002A82D12146284603B0BDE8F040FE
:10EDD000FFF780BE022A7FF479AF95F83720C2F39F
:10EDE000C011D2096AD019462046FFF7F1FC40F65F
:10EDF0007A41228D931F9BB28B427CD8638DB3F5F1
:10EE0000FA7F78D240F67646A08DA0F10A0189B249
:10EE1000B14270D803FB0222B2EB800F6BD22846BE
:10EE2000FCF772FD47F6FE72A38C1B1A9BB293424D
:10EE30007FD92823284685F8643100F0FBFC0023A5
:10EE4000A37243E7002A7FF441AF2846FCF754FD44
:10EE5000A38CC01A03043FF539AF2146284603B0FE
:10EE6000BDE8F040FFF768BE00DE2FE70523A37280
:10EE70002CE7FEF751F800283FF428AF214628463A
:10EE8000FFF7F0FD1021284603B0BDE8F040FEF783
:10EE900065B821462846A26197E70A23A37215E7C1
:10EEA00021462846FEF724F8002887D01022214664
:10EEB0002846FFF795FD0A23638107E7284684F873
:10EEC0004C1000F057FB0646B8B10D23A372FDE6C7
:10EED000A669A261002E3AD0032337793371AB8C37
:10EEE000204606F11C01F380FFF7CAFB2E2F1BD032
:10EEF0000423A372EAE61E239CE721462846FDF779
:10EF0000F7FF0028E1D0072221462846FFF768FDD9
:10EF1000284600F08FFC237A092B90D10D4B1A68FC
:10EF200095428CD11E608AE731463068F9F796F831
:10EF3000DEE72046FEF71EF80B232846A372FCF7F7
:10EF4000E3FCA38CC31A1A043FF5C0AE85E700DECC
:10EF5000C2E700BF3C7402202DE9F0412C4E04466C
:10EF600033680D462BB1834203D00123AB72BDE859
:10EF7000F0812046FFF740F80028F6D1204600F047
:10EF8000EFFA07460028F0D129462046FDF7B0FFEA
:10EF90000028EAD02046FCF7B7FC80460121204635
:10EFA00000F0D6FAA5F83680D5F81C8085F83470C4
:10EFB0003460EF61B8F1000F1BD0284608F104015E
:10EFC000FFF75EFB98F8073041466B732046FDF76C
:10EFD000ADFF2B7A092B08D094F83730DB0901D12B
:10EFE00000DEC4E704236B81C1E72046FFF714F875
:10EFF000F2E729462046FDF783FF80460028DCD152
:10F0000000DE04212846FFF73BFB98F80730FFDEBF
:10F010003C740220F8B515468A7A0C460646062A44
:10F0200009D8DFE802F00430080838640A001DB986
:10F03000237A092B29D000DEF8BD002DFCD1FCF786
:10F040005BFCA38CC01A0304F6D42946304600F0BA
:10F050007FFA21463046FFF79DFC237A092B00F00A
:10F060009F8094F82250002D40F0A6802046FDF7A6
:10F070008FFF3046A561FFF775F8237A092B62D020
:10F080000023A372F8BD002DD6D121463046BDE83D
:10F09000F840FFF761BF032D6DD0042D5ED0022D27
:10F0A000CAD119462046FFF793FB40F67A41228DDC
:10F0B000931F9BB28B4264D8638DB3F5FA7F60D205
:10F0C00040F67647A08DA0F10A0189B2B94258D81E
:10F0D00003FB0222B2EB800F53D22946304600F0E8
:10F0E00037FA2046FDF746FF0623A372F8BD002D30
:10F0F000A2D1FEF781FF10B10523A372F8BD21460E
:10F100003046FDF7F5FE0028F6D02946304600F0DF
:10F110001FFAE769E561002F5AD094F8202094F88F
:10F120002110381DFFF74EFAFB79394663733046DC
:10F13000FDF7FCFE237A092B46D03046FFF712F884
:10F14000237A092B9CD196F93730002B36DB294BDB
:10F150001A68964294D100221A6091E71A22214639
:10F16000D0F8403123F00203C0F8403184F8202069
:10F17000FFF7E8FBE1E75B792146304684F8203071
:10F18000F6E70021304600F0E3F91E23304686F80A
:10F190006431FEF7E7FF237A092B7FF471AFD2E7E2
:10F1A0003046FEF743FF237A092B7FF45AAF94F8D9
:10F1B0002030002B3FF455AF0023DDE73046FEF74B
:10F1C000B1F90028C3D05BE73046FEF725FFB4E76E
:10F1D00021463046FDF794FE074600289DD100DE0B
:10F1E000042094F8202094F82110FFF7EBF9EB7934
:10F1F000FFDE00BF3C74022070B50C46D17F05468F
:10F2000002F11C0311290AD8DFE801F02C090909D1
:10F210000909092609090909090909091E182423E8
:10F22000204685F86431FDF7B3FE2846FEF79AFFC5
:10F23000237A092B1CD00023A37270BD2146BDE8A0
:10F2400070400322FFF7E6BEA37A012BF5D9043BF9
:10F25000022BF2D900DE70BD2146BDE870400422C9
:10F26000FFF7D8BE2146BDE870400222FFF7D2BEAC
:10F2700095F93730002B06DB064B1A689542DAD138
:10F2800000221A60D7E72846FEF74CF90028F3D091
:10F29000D1E700BF3C74022013460022FFF7BABE3C
:10F2A00070B5D57F02F11C03EDB10F2D16D02423CC
:10F2B00004460E46084684F86431FDF769FE204690
:10F2C00000F0B8FA337A092B05D1094B1A68944239
:10F2D00004BF00221A600023B37270BD0122BDE892
:10F2E0007040FFF7D9BC0222BDE87040FFF7D4BCE4
:10F2F0003C74022013460022FFF7CEBC00230322F9
:10F30000FFF7CABC00230422FFF7C6BCD37F70B549
:10F31000012B05460C4607D0242380F8643100F009
:10F3200089FA0023A37270BD8B7A012B04D013F0ED
:10F33000FD0FF8D000DE70BD084602F11C01FFF79A
:10F340005FFA2846268CFCF7DFFA47F6FE73361A7A
:10F35000B6B29E4202D80223A37270BD282328466B
:10F3600085F8643100F066FA0023A37270BD00BF17
:10F3700038B58B7A012B05D0022B0C4603D0A3B9EC
:10F3800001238B7238BD0546FCF7B6FA238CC01AF0
:10F390000304F7D4284604F12201FCF7AFFB28460A
:10F3A00000F048FA0023A37238BD00DE38BD00BF6C
:10F3B0000346D3F8082108468A420DD18A69A2B9CA
:10F3C0000A46D3F80CC111686245C3F8081108BF9A
:10F3D000C3F80C11FDF784BD00DE8A692AB9D3F8A1
:10F3E0000821002AEDD1FDF77BBD12792E2AF6D136
:10F3F00000DEF4E738B5D0F8085104462B7A013B1B
:10F400000B2B28D8DFE803F00606060618181D1394
:10F410001306220600222946FEF7DEFCAB7B2BB149
:10F4200029462046BDE83840FFF7C2BF38BD00225C
:10F430002946FFF75FFFF1E700222946FCF78CFF22
:10F44000ECE700222946FDF72DFCE7E700222946DC
:10F45000FFF78EFFE2E700DEE0E700BF70B5D0F80F
:10F46000085104461DB394F81431012B03D1022333
:10F4700084F8103170BD29462046FDF739FD00287B
:10F48000F5D029462046FDF73BFD064688B12846C3
:10F49000311DFEF70FFFF37931466B732046FDF700
:10F4A00045FD01220023AA7384F8103170BD00DEEF
:10F4B000D9E700DEEBE700BFF8B5D0F80851044605
:10F4C000A5B394F81431012B03D1012384F8103132
:10F4D000F8BD29462046FDF70BFD0028F5D029464A
:10F4E0002046FDF70DFD064680B32046FEF736FDAB
:10F4F0002A7A037A371D93421AD0082B1AD02A2170
:10F5000094F830311BB1D4F840315B0717D438463A
:10F51000FFF74CF8F37931466B732046FDF706FD93
:10F5200001220023AA7384F81031F8BD00DEC8E779
:10F530002321E5E7092A0CBF23212A21E0E70A4617
:10F54000384694F81711FFF73DF8E3E700DECCE703
:10F5500080F81611704700BF704700BF0020704749
:10F5600090F81501003818BF01207047D0F8080145
:10F57000704700BF90F81401A0F10100B0FA80F0CC
:10F5800040097047B0F81831A0F81231704700BF39
:10F590000023A0F81231704738B5D0F80841F4B113
:10F5A000D0F80C21236894420546C0F8083108BF02
:10F5B000C0F80C319CB121462846FDF7F9FC2046E5
:10F5C000FDF78EFCD5F808414CB1D5F80C21236825
:10F5D0009442C5F80831EED1C5F80C31EBE738BDDF
:10F5E00070B505460C4639B1042900D070BDFFF74F
:10F5F000D3FF85F8104170BDD0F80861002EF5D01A
:10F60000337A112B11D84FF0010C31490CFA03F069
:10F61000014061B910F4386F07D00A2B13D0CBB179
:10F6200095F81631F3B9644604E000DE337A0A2B0C
:10F6300009D07BB1284685F81541FFF7DBFE03238F
:10F6400085F8103170BD2846FFF7D4FE052385F8F4
:10F65000103170BDD37F284686F84C30BDE870402D
:10F66000FFF7FCBE95F93710002910DB012B20D0E5
:10F67000022BBBD12846FEF771FC327A037A934203
:10F6800021D0082B1DD02A2385F8643170BD012BB1
:10F69000EED12846FEF762FC08B1FF23C3720123B6
:10F6A000284685F81531FFF7A5FE032385F81031AC
:10F6B00070BDD37F284685F81731BDE87040FFF74D
:10F6C000FBBE092ADFD1232385F8643170BD00BF5A
:10F6D0007FF4030038B50C468969054610461A4682
:10F6E000237AF1B10C2B57D8DFE803F00D07070799
:10F6F000073C3C484242074E070021462846FEF799
:10F70000D7FAA16921B10B792E2B1CBF0023A3616D
:10F71000A37B2BB121462846BDE83840FFF748BE01
:10F7200038BDA26120610C2B36D801A151F823F01D
:10F7300095F70100FBF60100FBF60100FBF6010066
:10F74000FBF6010065F7010065F701007DF7010098
:10F7500071F7010071F70100FBF6010089F7010064
:10F76000FBF6010021462846FCF7ACFDA169C9E77C
:10F7700021462846FFF794FDA169C3E721462846A4
:10F78000FDF770FAA169BDE721462846FFF7BEFDE7
:10F79000A169B7E71146B5E700DEA169B2E700BF8E
:10F7A00038B50B7A0C46072B05460FD00C2B0AD028
:10F7B0000022A37B62612BB121462846BDE8384078
:10F7C000FFF7F6BD38BDFEF7C7FAF1E7FDF76EFAB1
:10F7D000EEE700BF38B50B7A0C46072B054608D07C
:10F7E000A37B2BB121462846BDE83840FFF7E0BD9A
:10F7F00038BDFDF75FFAF3E70422002380F81021FB
:10F80000A0F81231704700BF90F81031052B0ED8C8
:10F81000DFE803F0060907030603D0F8083123B92F
:10F820007047FFF71BBEFFF747BEFFF7E3BD00DEE3
:10F83000F6E700BF90F81031052B04D8DFE803F09D
:10F8400004151305040500DE70470023D0F80821D5
:10F8500080F815315AB100230121A0F812319173BB
:10F8600080F810317047FFF7F9BDFFF725BE00DEC5
:10F87000F1E700BF90F81031052B04D8DFE803F062
:10F8800004090B04050400DE7047002380F81031E2
:10F890007047FFF711BEFFF7E1BD00BF90F81031D0
:10F8A00010B50446052B12D8DFE803F0030D090359
:10F8B0000803FFF771FE042384F8103110BDBDE882
:10F8C0001040FFF7CBBDBDE81040FFF7F5BD00DEEF
:10F8D00010BD00BFF0B504460E46154683B06BB1AF
:10F8E000D27F1B2A36D8012390F837102E4FC90932
:10F8F0008B4007EB420149780B4040D11846FDF799
:10F9000085FB074620B300230360D4F80C311BB3FA
:10F910001860C4F80C0194F81031052B42D8DFE8C8
:10F9200003F01E27030606062046FFF797FDBB7B64
:10F930001BB139462046FFF73BFDD4F8081139B119
:10F940002B463246204603B0BDE8F040FFF7C2BE6A
:10F9500003B0F0BD0023D1E7C4E94200DBE72A464B
:10F9600000212046FFF73CFEBB7B002BE5D0E0E703
:10F970002046FFF7A1FDBB7B002BDED0D9E717F8AF
:10F9800012300A2BBAD10193FFF706FE002220465F
:10F99000A4F8122184F8152184F81021FEF758FCF0
:10F9A000019BABE700DEC2E74083040010B50446CC
:10F9B000FFF7F2FD0023A4F8123184F8153184F822
:10F9C000103110BD00B9704700DE704730B991F8B2
:10F9D000D43023F0010381F8D430704700DE91F871
:10F9E000D43023F0010381F8D43070474FF6FF7113
:10F9F0002DE9F041079D9DF81870B5F824C08C459D
:10FA00002FD006460146284690461C46FBF7BEFB13
:10FA100038BB2B780133DBB22B7033B30022144B8D
:10FA2000B5F860111C8101340C44997A05F110007D
:10FA300067F3000199720F49D8608B60C3E90068D1
:10FA400001200B46A5F860411146F6F7ABFB50B913
:10FA5000FF20FBF7B9FB2846BDE8F041FF21FBF78B
:10FA60002FBEBDE8F08100DEF2E700DED6E700BF82
:10FA70005044022038090020012800D0704700B50A
:10FA800083B00191F8F786FB0199814202D103B05E
:10FA90005DF804FB00DEFAE72DE9F04F04469246DC
:10FAA0000A6895B0D2F80080227F4F7CC2F38012A2
:10FAB000D0F81E008DF83F20628CFF2F0D46DAF83B
:10FAC00000601290ADF84C2058D112AB93E80300BF
:10FAD0001090ADF84410224652F82E9BB4F82EC078
:10FAE0009278AAF808C08AF80A20D4F82A200AF1E5
:10FAF0002200CAF80420D4F83A200521CAF82220AE
:10FB000094F83E200271F6F76BFC9AF8272000F07B
:10FB10003F0060F305028AF8272094F83F2001286F
:10FB2000C2F304018AF82810A18E02F01F02AAF87D
:10FB3000161089B20AD91B3202F01F020B2A05D80F
:10FB400040F67A42063989B2914223D9002601252E
:10FB5000C8F808609AF82C20214666F300028AF85B
:10FB60002C202571E4684846F8F76CFA2146206895
:10FB70002571F8F773FA15B0BDE8F08F10AA384672
:10FB80000DF13F0100F008FC9DF83F2002328DF896
:10FB90003F20A0E7002140F2E24B2A683046516046
:10FBA000BAF81630E28E0BFB03F3AAF818200B9379
:10FBB000628E0C92FDF7E0FA94F83F2096F8D4108C
:10FBC000520962F3430186F8D41001F0D9FF0D9079
:10FBD00096F8D400C0F3420001F0D4FF0D9A0B9BBD
:10FBE000104403FB00F08D4A00F5742000F23F2022
:10FBF000A2FB00205A08800C963ACAF83000CAF8D6
:10FC0000342094F8312019460BFB02F29B46CAF8C7
:10FC10004420228F3046A6F89221FDF799FA804AB7
:10FC200080495A44B2FBFBF290B2C6F89811A6F88C
:10FC30008C01BAF8181001F1060C604504DDC1F51D
:10FC40007F41FA31014488B22246A6F8880112F8B1
:10FC50001CBFD207CBF3401B00F1D6804FF480725B
:10FC6000A28398F81A0001F0C5F8002800F0AA80D5
:10FC7000626AC4F82B20228DA4F82F20FF2F00F0F9
:10FC8000BD80BDF84C201298A4F82920C4F82500A6
:10FC90009DF83F201098A277BDF84420C4F81F00BB
:10FCA000A4F82320BAF8162030466286BAF8182045
:10FCB000A286B6F89221E28696F8D420C2F34202D8
:10FCC00084F83820FAF74EFF02462146AAF814209D
:10FCD0004846E2806C68F8F7B5F91C21BAF81420A0
:10FCE00027682171E280BBF1000F78D121463846A8
:10FCF00084F81CB0F8F7B2F99AF86700012100F017
:10FD00000700BAF85C70BAF85E4001F049FD84461D
:10FD10003C444FF0961740F2E24904F2D514644493
:10FD2000CAE903777460DAF830300B9CDDF830E014
:10FD3000E71AEC68002209FB0E4404F2D144E41AED
:10FD400002210120A4EB0C04F6F7F8F94046FAF77B
:10FD50005DFA354BCDF804800093AB68821CA3F2AA
:10FD6000857301210020D2B22344F7F73BFC012820
:10FD70004CD098F81830DB0729D43046FAF7F2FE59
:10FD80004FF4F873C21C0020284908930696AB680C
:10FD900007912749A3F2857305917168D2B2049146
:10FDA000CDE90200012101970094F7F74DFB10F017
:10FDB000FD0F31D1012202211046F6F7BFF915B02F
:10FDC000BDE8F08FC4F82B00A4F82F0056E70023FD
:10FDD0000122184611460093F7F7D0FBCDE79AF8B9
:10FDE00027200AF1040042F040028AF8272000F0A0
:10FDF000BDF84FF0010BAAF8280077E70021C4F8FE
:10FE00002510A4F8291043E700DE27E7F8F7C2F928
:10FE10008045AED000DEACE700DECBE783DE1B43DF
:10FE20007FC3C901404B4C0079FA0100C5F90100BC
:10FE3000EDF90100C38D23B190F8D42012F0010335
:10FE400000D0704730B501240C4D89B042EA040C53
:10FE5000CA1C0595032180F8D4C0D2B20690CDE922
:10FE600001331846049300930394F7F76BFB10F0EB
:10FE7000FD0F01D109B030BD00DEFBE7CDF9010077
:10FE800038B50C461546FAF781FE48B11CB1BDE8FD
:10FE90003840FDF797BA2946BDE83840FDF76CBAFF
:10FEA000022038BD38B50C461546FAF76FFE58B13A
:10FEB00090F93730002B05DA2A462146BDE8384054
:10FEC000FDF78EB90C2038BD022038BD10B41F20BC
:10FED0004FF0FF342521034B034A1C601871117049
:10FEE00010BC7047E875022064A6022010B5864653
:10FEF00002FB011102781C4C114484FB01020A44EC
:10FF0000521102EBC20002EB80028A1AD0B28EF8C4
:10FF10000000C108595C02F0070241FA02F212F037
:10FF200001029DF808C01DD1B0FBFCF10CFB1101D2
:10FF300010465C1EC9B2043300F1080E14F8012FFC
:10FF40005FFA8EFE12F0010F00F1010C4FEA52022F
:10FF500002D039B10139C9B25FFA8CF08645F1D1CE
:10FF60009C42E9D110BD00BFA7C867DD4288008868
:10FF7000504070474FF0030CF0B52F4D2F4C4840C8
:10FF8000060A5FFA80FE0EEB8E2E06EB862004EA50
:10FF9000401705EA400605EA4E0004EA4E1E3E43BD
:10FFA00040EA0E0000EB002706EB062E06EB0E26BD
:10FFB00000EB0720C6F30746C0F3074040EA0620DF
:10FFC00000EB00100CF1FF3C08441CF0FF0C80B269
:10FFD000D6D141401A48A0FB01400C1A00EB540056
:10FFE000400900EBC00400EB8400081AC0F3C4040D
:10FFF000145D00F007052C41E407C0B21AD4604636
:020000022000DC
:1000000001FB03F3561EC3F30743043200F1080556
:1000100016F8011FEDB211F0010F00F101044FEAD3
:10002000510102D033B1013BDBB2E0B2A842F2D1C0
:100030009642EBD1F0BD00BF1021020040840800C1
:100040004D91CFBA1B491C482DE9F04300230126EE
:10005000451EA1F1020C06E00133082B01F1060157
:1000600000F1280024D003EB830215F83220D407D6
:10007000F2D59CF800409CF801E0C2F380120768BA
:10008000B0F8048006FA03F99A40013344EA0904FF
:100090004EEA0202082BA1F804808CF800408CF88C
:1000A000012001F1060141F8067C00F12800DAD1B7
:1000B000BDE8F083F6750220994402202DE9F0474F
:1000C000002301271E481F4ADFF87C80DFF87C9060
:1000D000951EA0F1020C15F8331007FA03F6C907B4
:1000E00024D598F8001059B112F8011C072901EB2A
:1000F000810405D819F834104C0701D5C90615D567
:1001000015F833109CF801E0C1F340019CF8004061
:1001100099404EEA010ED2F800A0918834438CF841
:1001200000408CF801E08180C0F800A00133082B6A
:1001300000F1060002F10802CDD1BDE8F08700BF52
:1001400022770220E276022066A60220984402204E
:100150000820704738B50020FAF78AF8C8B90E4C65
:100160000E4D621E14F83030072B07D803EB8303C3
:1001700015F8331021F0200105F8331012F8303053
:1001800023F0010302F8303001300828EAD10020C2
:1001900038BD0C2038BD00BFE17602209844022013
:1001A0002DE9F04F804683B00020FAF761F800286F
:1001B00040F0988098F800300546FF2B26D0504E2E
:1001C0004FF0FF09044608F1010BB71E03F0010AC6
:1001D00009E0B9F1FF0F04F101021BD00134082C32
:1001E00006F1080638D017F83420D207F1D517F8F1
:1001F0003420C2F340025245F0D10622594630461F
:10020000019325F0E4FA019B0028E7D1002003B018
:10021000BDE8F08F072C5FFA84F904F102046BD07B
:1002200017F83210C8070ED4082C06F1100613D0A8
:1002300017F83420D107D1D517F83420C2F3400283
:100240005245CBD1D9E7144617F834200836C2F30B
:1002500040025245C2D1D0E7B9F1070F48D817F88C
:1002600039204FEAC90A63F3410207F83920D8F868
:1002700001200AF10203FA50BBF804203B449A80A3
:1002800098F800301F4E03F0010306F1FF3804E038
:100290000135082D06F1280628D005EB850418F84D
:1002A0003420E400C2F38011D207F1D59942EFD196
:1002B000062259463046019325F089FA019B002811
:1002C000E6D118F80430EDB243F0200308F804300A
:1002D00017F83930BA4443F001038AF8015007F89F
:1002E000393093E70C2003B0BDE8F08FFF25EFE72E
:1002F000072003B0BDE8F08F4FF00709AFE700BF5C
:10030000E2760220994402202DE9F04106460020C1
:10031000F9F7AEFFC0BB37780446FF2F2FD01C4D36
:1003200006F1010807F00107AE1E04E00134082CB5
:1003300005F1080525D016F83430C3F34002DB0779
:10034000F4D5BA42F2D106224146284625F03FFABA
:100350000028EBD106EBC4035B78072B08D80D4AC5
:1003600003EB830312F8331060F3451102F83310E6
:10037000002016F8343023F0010306F83430BDE8CD
:10038000F0810220BDE8F0810C20BDE8F08100BFC3
:10039000E276022098440220072800B51AD80F4BB5
:1003A00000EB800E13F83EE04FEA800C1EF0010FC8
:1003B00012D084444FEACC0013F83CC00130CCF397
:1003C000801C81F800C01958034411609B889380F9
:1003D0005DF804FB00DEE2E700DEEAE79844022075
:1003E0000820704710B50020F9F736FF98BB024689
:1003F0001A4B1B4C187893F8281062F3000062F334
:100400000001187083F8281093F8500093F87810C2
:1004100062F3000062F3000183F8500083F8781063
:1004200093F8A00093F8C81062F3000062F3000193
:1004300083F8A00083F8C81093F8F00093F818111F
:1004400062F3000062F3000183F8F00083F81811F2
:100450002270104610BD0C2010BD00BF9844022031
:1004600065A602202DE9F04F834683B00020CDF829
:1004700000B0F9F7F1FE002855D11BF8012BDFF889
:10048000248102F0010304461F4608F1FF3901925E
:1004900004E00134082C08F1280840D004EB840261
:1004A00019F832604FEA840AF007C6F3801109EBAD
:1004B000C205EED5B942ECD106225946404625F098
:1004C00086F90028E5D173070746019A2FD4364DE7
:1004D00002F00108AE1E04E00137082F05F10805FF
:1004E00012D016F83730D907C3F34002F4D542458D
:1004F000F2D106225946284625F069F90028EBD1A9
:10050000FF2306EBC70673700020544419F83430FB
:1005100023F0010309F8343003B0BDE8F08F022066
:1005200003B0BDE8F08F0C2003B0BDE8F08FDFF81A
:100530007CE09EF800305E1E023B062BF6B203D82C
:1005400095F817C0B44502D18EF80060BFE7184B8C
:100550003D4603EB0C12904603EB06130FCB88E8E5
:100560000F00DFF8508005EB850309EBC30219F893
:100570003330D90705D5580703D598F81730B3425B
:1005800007D00135082D08F12808ECD1009B1A7816
:10059000DAE7009B82F817C01A78074B03F80C5073
:1005A000D2E700BF99440220E276022065A602202D
:1005B0006076022098440220587602202DE9F84304
:1005C0001D465B7903F0C003402B01D0BDE8F883E2
:1005D0000E46F9B1DFF86090002400F0010809F13F
:1005E000FF3704E00134082C09F12809EED004EBB0
:1005F000840317F83330D907C3F38012F2D542458C
:10060000F0D106223146484625F0E1F80028E9D12C
:10061000E2B202E0072AD9D8084F02EB820217F8AB
:100620003230D200DB07D1D528681832B850AB88F9
:100630003A449380CAE700BF9944022098440220BC
:100640002DE9F84F82461B4E1AF8019B00240F46F5
:1006500006F1FF3809F0010904E00134082C06F125
:1006600028061AD004EB840218F83230D500C3F300
:100670008012DB07F1D54A45EFD1062251463046BC
:1006800025F0A5F883460028E7D1183508EB0504C6
:1006900006212046F5F7F2FC20B94FF0020B584630
:1006A000BDE8F88F58F805003860A3885846BB802D
:1006B000BDE8F88F994402202DE9F0478246164E96
:1006C0001AF8019B00248846771E09F0010904E00E
:1006D0000134082C06F128061BD004EB840217F81D
:1006E000323007EBC205C3F38012DB07F0D54A4571
:1006F000EED106225146304625F069F80028E7D1B0
:100700006B6A1A68C8F800209B88A8F80430BDE816
:10071000F0870220BDE8F0879944022010B5044616
:100720000020F9F799FD40B91CB1012C01D012202D
:1007300010BD034B00201C7010BD0C2010BD00BF6D
:1007400066A602204FF47A7202FB00F0014B18609B
:10075000704700BFF07502202DE9F0478246002067
:100760008846F9F779FD70BB1C4E1AF8019B0446C8
:10077000771E09F0010904E00134082C06F128066F
:100780001ED004EB840217F83230D500C3F3801278
:10079000DB07F1D54A45EFD106225146304625F018
:1007A00016F80028E8D1B8F1000F12D0B8F1010F07
:1007B0000CD17B5D43F010037B550020BDE8F08732
:1007C0000220BDE8F0870C20BDE8F0871220BDE8CC
:1007D000F0877B5D68F304137B55EEE799440220B4
:1007E00000232DE9F04F334C334904F1FF3C14F85A
:1007F0003320072A07D802EB820211F832E02EF0EC
:10080000200E01F832E01CF8332022F001020CF82F
:1008100033200133082BEAD1002391F8F040274D13
:1008200063F300042B7081F8F0404FF0FF354FF078
:10083000FF3491F8182191F800A063F3000291F8B9
:10084000289091F8508091F8787091F8A0E091F894
:10085000C8C081F818211A4A63F3000A63F300093B
:1008600063F3000863F3000763F3000E63F3000C07
:10087000144EDFF854B01370144BC6F800B0C3E93F
:10088000004581F800A081F8289081F8508081F817
:10089000787081F8A0E081F8C8C028B1BDE8F04FB9
:1008A0000B490C4821F05FBB0A48BDE8F04F21F02E
:1008B00068BB00BFE17602209844022066A60220B1
:1008C00065A60220F0750220A0BB0D009044022016
:1008D000FD0A02006044022008B90248704702483D
:1008E000704700BFF475022020770220A8B147F6B8
:1008F000122240F2E730002110B5094B1B68E3FBE0
:1009000002014FF47A720023E0F728FEBDE81040A0
:1009100002460B4603480AF013BB024821F031BBE4
:10092000F075022060440220002208B5084B1A80AE
:1009300030B90021074B084A1B7811801BB908BD4C
:10094000FFF7BCFBF5E7BDE80840FFF77BBB00BF46
:100950002077022066A60220F47502202DE9F04FD0
:10096000804687B021F072FC44014B01241A43EA0F
:10097000D06363EB0103A2009B00101843EA947359
:1009800041EB0301C90041EA507147F612220023EE
:10099000C000E0F7E3FD81460191B8F1000F18D1E6
:1009A000514B0846D3E90013B3F1FF3F08BFB1F143
:1009B000FF3F0ED0B9EB01024C4960EB030309681D
:1009C0008A4273F10003ACBF4FF0010A4FF0000AF6
:1009D00001E04FF0010A0024454EDFF818B1F71F7F
:1009E00004EB840217F83220A500D30715D5BAF11D
:1009F000000F01D1900710D42A1917F8322051079F
:100A000059D42A1917F83220120745D4254417F86B
:100A1000352042F0020207F835200134082C0BF192
:100A2000060B06F12806DBD1BAF1000F04D02E4BDD
:100A3000019AC3F800905A60B8F1000F08D0002066
:100A4000F9F7FEFB044618B194F85E305B0702D458
:100A500007B0BDE8F08FA37E072BF9D8FF238DF8F0
:100A60000830637F02A904EB830304F11C001D6AB4
:100A700001F0C0F929466A780546023224F06EFE7C
:100A800029462046F9F704FC9DF80830FF2BDFD0FB
:100A9000637707B0BDE8F08F02A930461AF0E3F99A
:100AA00002A9F8B98A880298ABF80420C6F81DB0EC
:100AB000CBF80000AAE7327C0F490DF1170C01EBCF
:100AC00002110DF1070211F8010902F8010F624548
:100AD000F9D106F1170102A81AF0C5F9002890D043
:100AE00000DE8EE700DEDDE790440220F075022094
:100AF0009F440220287602206F76022010B5012044
:100B0000FFF72CFF47F6122240F2E7300021084B96
:100B10001B68E3FB02014FF47A720023E0F71EFD2D
:100B2000BDE8104002460B4602480AF009BA00BF71
:100B3000F07502206044022007280FD8094A00EB14
:100B4000800312F833104FEA800C0B0706D58B0791
:100B500006D5844402EBCC02506A704700207047EF
:100B600000DEF6E79844022007280AD8064900EB81
:100B7000800011F83020C000530702D51E30084411
:100B800070470020704700BF984402202DE9F047CD
:100B9000894617460AB1FF2313700024254D00F043
:100BA000010A6E1E04EB840316F833205FFA84F802
:100BB000D2074FEA840313D4CFB13A78FF2A04F165
:100BC000010426D0082C04EB840105F128055FFA06
:100BD00084F84FEA84030FD016F83110C907EDD519
:100BE000234416F83330C3F38013534509D001343E
:100BF000082C05F12805D5D14FF0FF084046BDE887
:100C0000F08706224946284624F0E1FD0028EED16F
:100C1000F4E7082C87F8008005F128055FFA84F8CE
:100C2000EAD004EB840316F83320A300D007D7D40E
:100C3000C3E700BF994402202DE9F04F074685B075
:100C400000200E469046F9F707FB002875D1B946FB
:100C5000044619F8010B0DF10F024946FFF796FF04
:100C6000072840F2B8809DF80FA0BAF1070F7CD892
:100C70000AEB8A024FEAC20B594DD7F801000BF17B
:100C800001016850B9F8040029448880387815F8C3
:100C90000B104FEA8A0360F3861105F80B100093DE
:100CA000102105EB0B0330460193F5F7E7F915F832
:100CB0000BC0102160F3820C404605F80BC0F5F71D
:100CC000DDF915F80B1000F0010060F3C3014B07CC
:100CD00005F80B104DD4002864D100210BF1180247
:100CE000009BA818A950818003EB0A0115F8312058
:100CF0003C4E22F0120205F8312097F80080B71E12
:100D000008F0010804E00134082C06F1080618D0A8
:100D100017F8342012F0010BC2F34001F3D0414523
:100D2000F1D106224946304624F051FD0028EAD18F
:100D300007EBC40787F801A005E00C2005B0BDE86B
:100D4000F08F4FF0000B009B002053449A4615F89B
:100D500033304FEA4B1223F0210342F001021A43D1
:100D600005F83A2005B0BDE8F08F072005B0BDE8D2
:100D7000F08F1D4B1D4A197805EB0B0C02F801A0F2
:100D80001B4A8CF8171002EB011C0131197006F197
:100D90000F01013E11F801E9B1420CF801EFF9D160
:100DA00000289AD00020D8F800300BF10701D8F8BD
:100DB00004E0D8F808C0D8F80C606B50009B2944B8
:100DC000C1F804E0C1F808C0CE6003EB0A0105EBEE
:100DD000C101486281E7122005B0BDE8F08F00BF75
:100DE00098440220E276022065A60220587602206E
:100DF0005F760220072807D8044B00EB800013F829
:100E00003000C0F3C00070470020704798440220B3
:100E10000346024A024812781A70704765A60220FB
:100E2000607602200C4B1B7883420BD90B4B185C6D
:100E300007280CD80A4B00EB800213F83230DB078E
:100E400007D5704700DE054B185C0728F2D900DE95
:100E5000F0E700DE704700BF65A60220587602204A
:100E60009844022007280DD8084A00EB800312F8A6
:100E700033108300C90707D5034412F83300C0F3C9
:100E8000401070470020704700DEF5E798440220CC
:100E90001378FF2B19D12DE9F047194D0446AE46C2
:100EA000002303EB830C15F83CC09E001CF00100EE
:100EB00003D0CCF3801CA44509D00133082B0EF1DC
:100EC000280EEED10120BDE8F08701207047F046E2
:100ED0004FF0000C4F1E18F801AF17F8019F0CF1EE
:100EE000010CCA45E9D1BCF1060FF4D113701E44C0
:100EF00015F836305A07E6D5C3F30010E3E700BF14
:100F000098440220024B1878003818BF012070471F
:100F100066A6022000F062BB08B5002303F0AEF91C
:100F2000002008BD10B584B0079BD3E9002090478E
:100F3000012812D004460DF10F010DF10E00F7F754
:100F4000EBF80020064B009001219DF80F209DF842
:100F50000E00F6F713FB034B1C6104B010BD00BF7D
:100F6000690F0200D845022010B5002484B00DF1AD
:100F70000F010DF10E00F7F7CFF89DF80F200221B9
:100F80000132044B9DF80E000094D2B2F6F7F6FA47
:100F900004B010BD25100200F0B51C468DB0074608
:100FA0000D460DF12E000DF12F011646F7F7B4F89E
:100FB000069400249DF82FC03B460CF1010C012142
:100FC000CDE90744CDE90344CDE901449DF82E0065
:100FD000059600955FFA8CF2F6F736FA10F0FD0FE1
:100FE0000AD00648009401210461054B9DF82F208A
:100FF0009DF82E00F6F7C2FA0DB0F0BDD8450220DC
:10100000690F020070B50446059DF7F78BF82B4673
:101010002046BDE8704040F21311014AFFF7BCBF03
:10102000250F0200014809F011BD00BF54770220CE
:1010300070B50446059DF6F70BFB2146F6F70AFB53
:10104000B0F58A7F00D370BD2B462046BDE87040C6
:101050000021014AFFF7A0BF0510020008B50122D8
:101060000021024820F0A8FE002008BD547702208D
:1010700040F21313834238BF0346024AC2E90030EC
:10108000704700BFD8450220F0B58DB00746F6F78F
:10109000DFFA234C0546E168F6F7DCFA6368E560A1
:1010A00083422AD800260DF12F010DF12E00F7F70B
:1010B00033F81C4ACDE90766CDE9052762682B465F
:1010C000CDE9036222680321CDE901269DF82E00B7
:1010D0009DF82F200096F6F7B7F910F0FD0503D024
:1010E0006FF08B000DB0F0BD00230F4A0F4809F0E0
:1010F000E5FC40B920690DB0F0BD28462168F6F73F
:10110000A9FA0546CEE72B4603219DF82F209DF82E
:101110002E000095F6F732FA6FF07300E2E700BF99
:10112000D8450220311002000E720B0054770220C5
:101130000020F6F76BB900BF08B5F6F789FA014B46
:10114000986008BDD845022001207047684620F00D
:1011500007018D4601B502F00FF9EDF72FFFBDE84D
:1011600001408546704700BF08B5094BD3F82821D8
:101170003AB90120F5F778F8BDE808400220F5F704
:1011800073B80020C3F82801F6F74CF9F1E700BF67
:1011900000200E500020F5F767B800BF90B90E4B45
:1011A0000E4A19781078CBB288420DD10C480D49FF
:1011B000013390F800C013700B78634507D00378B3
:1011C0000B70704700DEEAE700DE1378EEE700DE22
:1011D00003780B70704700BF67A6022068A6022044
:1011E0006CA602206BA602200B4A0C4B117893F8D8
:1011F00000C08C450DD012781A70094A094B18B9F5
:1012000011781878884202D012781A70704700DE80
:10121000FAE700DEEFE700BF6AA6022069A6022017
:1012200067A6022068A6022002F012BA08B50B4990
:101230000B4A91F800C0137803989C450BD000220C
:101240000B70084B114698600120F4F7ABFF00B912
:1012500008BD00DE08BD00DE1378F0E767A60220B7
:1012600068A60220480900202DE9F0412D4A2E4DA4
:1012700012782B780C469A428AB005D12B4B2C4A17
:101280001B7812789A4244D026682A4F06F2726878
:1012900040463968F6F7DEF9002803DB00200AB083
:1012A000BDE8F081244A254B11781A78914213D178
:1012B0001E4A1F491278097891420DD000221978F0
:1012C00010460131C9B2197011461D4B0092F6F754
:1012D00055F910F0FD0F22D11A48E168C7F80080D7
:1012E0000022079040F27260174C3346CDE9054169
:1012F00029780131C9B22970009011461046CDE914
:101300000322CDE901220892F6F79EF80AB0BDE863
:10131000F08106680446074F06F27268DCE700DEDB
:1013200000DED9E76BA602206CA6022067A6022089
:1013300068A602207477022069A602206AA602200D
:10134000E91102009D1102002D1202007F4A9368EC
:10135000002B00F090801368002B00F08B802DE9AB
:10136000F04F814689B04FF0FF338DF80A300DF110
:101370000A00F7F751F80446002839D0037F99078F
:10138000F5D1857A15F00205F1D1C3684B4556D0E9
:10139000A8462F4606680DF10A00F7F73DF8834688
:1013A000E0B1027F9207F6D1827A9307F3D4C26844
:1013B000B8F1000F1FD04A4521D0DBF800A031461C
:1013C0005046F6F747F900280DF10A00BCBF5F460A
:1013D0005646F7F721F883460028E2D1002F08BFD0
:1013E000274639463846FFF73FFF30F002033FD12A
:1013F00009B0BDE8F08F914545D08046DDE7227FFA
:10140000204642F002022277E168A2699047D8455F
:10141000A9D1FF238DF80A300DF10A00F6F7FCFF81
:1014200004460028E4D0037F9F07F5D1837A9E0706
:10143000F2D4C3684B4502D000DED0F80C90434A8A
:101440004846137B43F001031373D2E9001303AA48
:101450009847064600B310F1100F5ED03B4A0020BB
:1014600093681168984716F10B0F1ED08C36BFD0C9
:1014700000DEBDE77047354918460A7B42F001029D
:101480000A73F6F7E5BF237F204643F00203237774
:10149000E168A3699847BCE7237F204643F0020335
:1014A000A269E16823779047A2E700230226FF277D
:1014B000264AD2F80890D2E9004813608DF80B70E4
:1014C0000DF10B00F6F7A8FF90B1037F9A07F7D450
:1014D0000DB9DB07F4D4C368A342F1D1037F2146E1
:1014E00043F002038269037790478DF80B70E7E7BA
:1014F0000125AE4201D02E46E0E70794002449467C
:101500004046039B009604AACDE904440694F6F7EE
:101510003BFF00287FF46CAFAAE7A37A43F00203F5
:10152000A3720DF10A00F6F777FF014600283FF499
:101530005FAF037F9D07F4D1837A9C07F1D4FFF757
:1015400093FE30F002033FF453AF91E7F0450220E1
:1015500010B5174820F0E2F938B30024154B9C6011
:1015600000F0A6FA00281FDB224621468A20EDF76C
:10157000A3FC22460121E320EDF79EFC21462246F2
:101580001E20EDF799FC4FF480720B4B8A20C3F8B4
:101590008824EDF761FCE320EDF75EFC1E20EDF7FB
:1015A0005BFC01F003FF204610BD6FF0120010BD80
:1015B00020610400F045022000A0085008B500F0AA
:1015C0008DFA002809DB8A20EDF754FCE320EDF7C3
:1015D00051FC1E20EDF74EFC002008BD0A460146D6
:1015E000024892B283681B68184700BF206104005C
:1015F00030B4074DAB685C6834B1A4468AB20023AE
:101600000146284630BC60476FF0570030BC704739
:101610002061040030B4074DAB685C6834B1A44667
:101620008AB200230146284630BC60476FF057005D
:1016300030BC7047206104000020704730B504467C
:1016400083B078B31D4B1A68824225D0FF250DF177
:1016500007008DF80750F6F7DFFE38B91AE0A1420F
:101660000AD00DF10700F6F7D7FE98B1037F9B076C
:10167000F7D4C168002CF2D1037F826943F00203E2
:10168000037790470DF107008DF80750F6F7C4FE79
:101690000028EBD103B030BD9B686BB10146002040
:1016A0009847D3E7054A9368002BCFD011680029EB
:1016B000CCD000209847C9E700DEC7E7F0450220FC
:1016C0000020704710B50446F6F798FE8CB90D4B14
:1016D0009A68AAB100221C689A601A6004B1246852
:1016E0000020F6F7B5FE2046F6F744FF28B10020AB
:1016F00010BD0028F3D100DEF1E700DE002010BDB0
:1017000000DEE7E7F045022040F27260704700BF5C
:1017100010B51446F5F79CFF2146F5F79BFF00280E
:1017200005DB5130B0F58A7F38BF002010BD0020A6
:1017300010BD00BF262810B5044613D0272809D0B5
:10174000252817D1022001F0B7FE2046BDE8104041
:1017500001F0B8BE502001F0AFFE2046BDE81040B9
:1017600001F0B0BE1A2001F0A7FE2046BDE81040EF
:1017700001F0A8BE0A2807D927280AD900DE20468A
:10178000BDE8104001F09EBE0230400001F094FE22
:10179000DBE70330400001F08FFED6E701F0F8BE32
:1017A00001F002BF08B501F053FFBDE8084002F0A8
:1017B000C9B900BF08B501F04BFF02F0C3F9BDE89D
:1017C000084002F077B900BF08B501F041FF02F010
:1017D000B9F902F09DF902F0BFFBBDE8084002F044
:1017E00069B900BF014608B5114801F0D5FD01F007
:1017F00087FF60B102F07CFA01F00CFE00F0A8F95E
:1018000000280EDBBDE808400020FFF75BBF01F0B9
:10181000F5FE02F06DFA01F0FDFD00F099F90028E7
:10182000F0DA00DEBDE808400020FFF74BBF00BF44
:101830002912020010B5044601F00AFF02F082F9F5
:1018400002F066F902F088FB02F034F92046BDE8A8
:101850001040FFF7C7BF00BF10B5044601F0F8FE07
:1018600021460D4801F098FD01F04AFF40B100F01B
:101870006FF900280ADBBDE810400020FFF722BF07
:1018800001F0BCFE00F064F90028F4DA00DEBDE8E7
:1018900010400020FFF716BF291202002DE9F04F7B
:1018A000FF248046894692461F4689B09DF848B07D
:1018B0008DF81F400DF11F00F6F7AEFD002864D033
:1018C000037F9D07F6D1837A9C07F3D405683E68B1
:1018D0009DF81F300446294630460593F5F7BAFEB9
:1018E000BBF1000F7DD0BC4208BF002426460DF19D
:1018F0001F00F6F791FDC0B1027F9107F7D1827A00
:101900009207F4D402682946049010460392F5F732
:10191000A1FE039A049B00280DF11F00BCBF1546D1
:101920001E46F6F779FD0028E6D1059B8DF81F309D
:10193000464B9A68002A74D1002E72D14CB3BBF189
:10194000000F61D11A7BB97A02F0010201F00201A5
:101950000A434ED14946534640463A460096F6F76A
:1019600013FD0146002848D0BB7A9B070AD4002CFF
:1019700014BF26460E463046FFF776FC30F00203D1
:1019800000D000DE6FF0760427E0304B9A68002A22
:1019900045D11A7BB97A02F0010201F002010A4333
:1019A0003DD01A7B384622F001021A73FA68C3E967
:1019B00001891A60D04704460DF11F00F6F72CFD8F
:1019C000014650B1037F9D07F6D1837A9A07F3D47D
:1019D000FFF74AFC30F0020331D1204609B0BDE8E0
:1019E000F08F0028BFF67FAFFF2335465C46059396
:1019F0007CE7BC42D5D000DED3E700DEBB7A9F0790
:101A0000C0D4002EB7D1B2E753463A4649464046C5
:101A1000CDF800B0F6F7B8FC0028B3D1B1E7002448
:101A200026464946534640463A46CDF800B0F6F7BA
:101A3000ABFC014628B1BBF1000FA3D1DEE700DE0D
:101A4000CBE700DEBBF1000F9CD1D7E7F0450220C9
:101A500001F1100008F0FABF70B504460E468AB0D6
:101A60000122002104A820F0A7F9032300250293F6
:101A70000E4B6A460193A36820462946DB6903950D
:101A80009847002810DB294647F6122340F2E7303A
:101A90004FF47A72E6FB03010023DFF75FFD024695
:101AA0000B4604A809F00AF80AB070BD511A0200EA
:101AB00010B5002101240748DFF81CE08368CEF848
:101AC0000410CEF80840CEF80C107246BDE8104065
:101AD000DB691847806004007C77022002480021FF
:101AE0008368024A5B6A1847806004007C770220A2
:101AF00008B50C4B1A780AB1002008BD01224FF43A
:101B00007A7109481A70FFF7A7FF0028F5D1064B34
:101B100001469B6804481B6A98470228ECD06FF086
:101B2000040008BD6DA602208060040008B5074BC4
:101B3000D3E8EF2F511CC3E8E01F0028F8D1002A9A
:101B400001DC02F0DDFD002008BD00BF7877022037
:101B500008B50A4BD3E8AF2F002A0CDDD3E8EF2FEE
:101B6000511EC3E8E01F0028F8D1012A01DC02F071
:101B7000D7FD002008BD6FF0770008BD7877022000
:101B8000FA207047014B33F8100070477883040047
:101B900010B50446FFF718FE01F0B0FF2046BDE87F
:101BA0001040FFF71FBE00BF30B583B0044601F000
:101BB00093FDFFF7F7FD962001F0DAFF00231846AA
:101BC0001A46194601F04AFF0120F6F781FB78B367
:101BD0001C3001F0D1FC01F061FD38BB21461548F5
:101BE00001F0DAFBFFF78EF9A8B902F0E9F801215C
:101BF0000446002001F0DAFC00210546084601F009
:101C0000D1FC2C44CB34201A02F07CF803B0BDE8A0
:101C1000304002F0CDB80DF10700FFF7F9F80022CF
:101C200001469DF8070002F00FF9DEE700DED5E778
:101C300000DECDE78D22020010B50446FFF7C4FD9B
:101C400001F05CFF2046FFF7CDFD0021044B01228F
:101C500008469C60F4F7A6FA00B910BD00DE10BD7E
:101C600058090020814208B50ED00B7ADB0702D458
:101C70006FF08B0008BD0C4B1360FFF757FF002877
:101C80000FDB6FF00A0008BD0B7B01EB83010B69D2
:101C90001B7803F00F03012B0CBF00206FF08B00AB
:101CA00008BD00DEEDE700BFD920020010B548B145
:101CB0000C46FFF74DFF00280BDB2046BDE8104027
:101CC000FFF700BD044801F067FBBDE8104001F0DC
:101CD00095BC00DEF1E700BF911B0200042210B5A5
:101CE0000024074B28219818F4F764F9054B9C81D0
:101CF00002222146044820F05FF8204610BD00BFB4
:101D0000BC770220AC77022094770220042210B521
:101D10000024074B28219818F4F74CF9054B9C81B7
:101D200002222146044820F047F8204610BD00BF9B
:101D3000BC770220AC7702209477022010B50446CD
:101D40000548F4F75BF920B1034600205870636042
:101D500010BD6FF00B0010BDBC77022000220346BF
:101D600010461A705A709A60704700BF38B51D4D02
:101D70002B7B6A7B9A4202D055F8234034B91A482B
:101D8000F4F73CF9044680B1204638BD174808F006
:101D9000B5FE2B7B6A7B9A42F6D00133DBB2032B74
:101DA00008BF00232B73204638BD0023104A0F487C
:101DB00008F084FEA0B90D4808F0A0FE2A7B6B7BDA
:101DC00093420BD0531CDBB2032B08BF002355F802
:101DD00022202B7312B11446204638BD00DED3E713
:101DE00000DEE8E7AC770220BC770220947702207F
:101DF0005A62020010B5027843789A4214D0D4B2E5
:101E000044700278944204D05A1C4370D3B2022B1F
:101E10000ED01A460B7000EB8204606800B110BD52
:101E2000FFF7A4FF606010BD0133DBB2022BF0D1DD
:101E300000221346EEE700BFF8B502784378044667
:101E4000934226D0D5B2154A04EB8507507B92F811
:101E50000CC0431CDBB2032B08BF00239C450E467D
:101E6000796806D042F8201053730D4808F0EEFD53
:101E700000216B1CDBB2022B08BF0022796014BF6B
:101E80001A46134601212370317004EB8204606806
:101E9000F8BD1A4604EB82046068F8BDAC770220F6
:101EA0009477022030B5037A0446C3F3021393FA01
:101EB000A3F0002BB0FA80F008BF4FF0FF3083B0E2
:101EC00000F1010044D0217A5A1E134063F3061139
:101ED00021722430FFF72EFC00230DF1070104F1DD
:101EE0000C008DF80730FFF7A7FF054670B32846B2
:101EF00001F048FB2B7803F00F03022B1DD00DF1EE
:101F0000070104F11800FFF797FF30B39DF8073081
:101F100063B92146124801F03FFA962001F028FEED
:101F2000002003B0BDE8304001F082BDD5F802309A
:101F3000C0F80230EB88C380EBE72146094801F086
:101F40002BFA03B0BDE8304001F0A2BD00DECEE7C1
:101F500000DE237AC3F30213B5E700DED6E700BF45
:101F6000A91B0200BD1F020010B50446FFF72CFCA0
:101F7000237A03F07102012A06D11A46C3F3420301
:101F800063F306122272D3B213F0700F05D06368A8
:101F900053B193F82C309B0706D501F0AFFD2046D6
:101FA000BDE81040FFF71EBC2046FFF77BFF01F0A5
:101FB0000BFBBDE8104001F0FBBE00BF10B50446AE
:101FC00001F08AFB2046BDE81040FFF7CDBF00BFFF
:101FD000F0B5C4680546636883B0002B56D101F0A4
:101FE000E7F9082001F030FA0021084601F014FA60
:101FF00000222521082001F08FFA324B01A801931D
:1020000001F076FA304940F25B6001F083FB237AFD
:1020100020461A46C3F3420363F306122272FFF707
:1020200041FFFEF76FFF637A03F0030350BBFBB978
:1020300027682E683846FFF767FB03461E446A6828
:1020400006F21311012001F0A1FD01F0B1FE2046BE
:10205000F8F7E8F8811C32463846C9B2FFF758FB5A
:1020600008BB2046FFF72CFBD8B9002003B0F0BD19
:102070000120FEF731FC024641780232007801F07F
:102080001DFDD5E7181E18BF0120F2E793F82C308C
:102090009B07A4D021460D4801F07EF901F0AEFA6D
:1020A000E3E700DEE1E740F21141094812F089FB65
:1020B0000848214601F070F901F0A0FA6FF08B009A
:1020C000D4E700BFD6BE898E555555005918020079
:1020D00020820400911B020070B5C36804461E688C
:1020E000F5F7B6FA05463046FFF70EFB0246002329
:1020F000AD1AC4E9005323812046BDE87040FFF7C4
:1021000067BF00BF10B582B00446FFF70FFD00287F
:1021100009DB0023074A084908480094F6F76CFADF
:1021200018B902B010BD00DEF3E77730F9D000DE59
:10213000F7E700BFD11F0200AD1C0200651C0200C2
:102140002DE9F0410D46417A1746CA071E469DF813
:10215000188009D5B8F1000F17D02B78B7EBD31F33
:102160001AD00020BDE8F0812946044611F8020B80
:10217000079AC0F38010FEF78BFE0028EDD1637A3A
:10218000DB07EED5B8F1000FE7D1079B1878FEF713
:1021900069FE0028E1D1E4E70622304605F1080196
:1021A00023F015FBB0FA80F04009BDE8F08100BFD4
:1021B0002DE9F84F1F460B9B06460C4692469DF8AC
:1021C00028909DF830506BB9437A03F00303012B3C
:1021D0002CD9002D3AD02378BAEBD31F4AD0002057
:1021E000BDE8F88F884618F8020B0D9A4146C0F3F7
:1021F0008010FEF74DFE0028F2D094F800B0BAEB44
:10220000DB1FECD13846062204F1080123F0DFFA87
:102210000028E4D10D9B1B78FF2B1ED0B27AFF2A39
:102220001BD0981AB0FA80F04009D9E711F8020BD8
:102230000D9AC0F38010FEF72BFE0028CBD1737AE5
:1022400003F00303012BCAD9002DC4D10D9B1878CC
:10225000FEF708FE0028BED1C1E7CBF3801BCB45BB
:10226000BDD1062241460B9823F0B1FAB0FA80F0B6
:102270004009B5E70622384604F1080123F0A7FA21
:10228000B0FA80F04009BDE8F88F00BF2DE9F043B7
:102290008BB0044601F00CFAC0B2002800F099801F
:1022A00001F044FA054601F03DFC814601F044FC92
:1022B00001F068FE064601F049FEEDB2804601F0ED
:1022C000FBFBFFF781FA45B92146604801F064F84D
:1022D0000BB0BDE8F04301F091B916F0FF067BD1D9
:1022E000FF2301208DF82730F5F7F2FF054600287F
:1022F00000F09580237B05F11C0104EB83031F692B
:102300005FFA89F93B4613F8020B00F00F0CBCF1A1
:10231000010F08BF07F10808C0F380124FEAD01779
:10232000287F18BF4FF0000800F00F0003285BD093
:102330000528C9D1687F2228C6D160680028C3D08B
:1023400090F82C008007BFD40DF127000390CDE951
:10235000018920460097FFF72BFF0028B4D0042006
:10236000F5F7B6FF0028AFD02146394801F014F840
:1023700001F044F901F092F9002852D1626892F814
:102380002C3043F0010382F82C30F5F7BBFF172205
:102390004FF6FF730271C3808460054601F0A0FC14
:1023A000286101F007FD00210446084601F0FEF80F
:1023B000241A6C61B6B19DF827306B76F5F7A2FF51
:1023C000034629462868EB60F5F7C6FF0BB0BDE869
:1023D000F083FFF7F9F977E75FFA88F0FEF722FD5F
:1023E00003467EE7FF23E8E7687F0C287FF46CAFA5
:1023F000B8F1000F7FF468AF0DF127000190CDF820
:1024000000902046CDE906230591FFF799FE50B9CB
:10241000DDE90512287F079B00F00F0088E700DE4A
:1024200068E700DEAAE721460A4800F0B5FF01F0A0
:102430002FFB237E04EB8303D86901F0A3F801F09E
:102440002DF90028C2D000DEC0E700BF691F0200DE
:10245000391C0200BD1F0200F8B50546FFF7B4F9AC
:10246000F6F778F8044600283ED001201F4B204A9A
:102470001B7812788340024003F002031343A279D1
:102480001C4922F0030213431B4A0988A3711378E5
:10249000A1802070237219B195F92730002B04DB3D
:1024A0002846BDE8F840FFF79DB995F82C30C3F3F6
:1024B0000213022B16D0042B0CBF4FF4BC77282735
:1024C00001F06AFC064601F06DFC0023361AE66056
:1024D000EA6B2846C4E90427EB636B64BDE8F84067
:1024E000FFF780B91827EBE700DEBEE770A60220F1
:1024F00071A60220E8A402206EA6022008B501F011
:102500001FF9034601211A78002061F301021A70B5
:1025100008BD00BF00207047704700BF002330B4E3
:102520000749084A0B801380074C084D08480949A1
:10253000094A2B70237003700B70137030BC704706
:10254000EAA40220E8A4022071A6022070A60220BC
:1025500072A602206FA602206EA60220814207D03A
:1025600091F82C305B070CD50C4B188848B9704794
:102570000A4A0B4B11881A7821B9032A08D900DEC0
:1025800003E0074B1B78032BF9D86FF08B007047E3
:1025900001326FF00F001A70704700BFEAA40220EA
:1025A0006FA6022038B50D4680B30446FFF7D0FA77
:1025B000002848DBE36821894A1C9983598B0A4427
:1025C00093F927105A83002914DBF5F7C3FF03465C
:1025D000002836D0002101249A79998022F0030244
:1025E00042F002029A711C7019722846BDE8384008
:1025F000FFF768B820891A6B996B00FB02220A4426
:10260000596B8A4228BF0A469A63DEE791F9273060
:10261000002B0ADB29460D4800F0BEFE00F0EEFF5D
:1026200095F87E301B0708D438BD094B1B88002B5A
:10263000F0D10122074B1A70ECE7BDE8384001F0F9
:10264000F9BB00DEC6E700DEB4E700BF5924020094
:10265000EAA4022070A60220F8B504460120F5F78E
:1026600037FE60B30023437794F86750012105F0EB
:10267000070500F11C072846B4F85A6000F0CCFEAC
:1026800094F87E30AA001B07F1B242F001020ED589
:1026900004310820C9B200F03FFF3A46294604F150
:1026A0007F0001F08FFBBDE8F84000F065BF082017
:1026B00000F032FF3846BDE8F84000F05DBF00DEB4
:1026C000D0E700BF38B50446FFF76CF8244AA0896C
:1026D00013880133138001F04BFA94F8662094F8C4
:1026E0006700C2F3C003002102F0070200F00700F8
:1026F00001F0B4F92046FFF7AFFF00F0CFFF60BB59
:1027000001F05EFB0346258A94F8670001210D3530
:1027100000F007001D4400F049FF94F867300544BD
:1027200003F00703022B16D0042B0CBF4FF4BC732D
:10273000282394F866001D44C0F3C00100F0070090
:1027400000F030FF281A01F0DDFA2146BDE83840DC
:10275000044800F021BE1823EBE700DED0E700BFFD
:10276000EAA402207D280200F8B505460F4690F83D
:102770006610B0F8586001F007042046C1F3C001AC
:1027800000F04AFE95F87E30A200DB0642F001021E
:10279000F1B20DD504310820C9B200F0BDFE3946B2
:1027A00005F1A00001F012FBBDE8F84000F0EABE20
:1027B000082000F0B1FE3846BDE8F84000F0E2BE67
:1027C000F0B5054683B001AA0F46D0E91A01F3F728
:1027D00079FC95F87E3006465A0738D448B3019CF8
:1027E00095F87D3095F87C2004341C4412B9627849
:1027F00085F87C2033B10122237862F30103237032
:1028000095F87D3095F87C202846D31A6370F9F747
:1028100039F8637883422AD9012260700021237835
:10282000A17003F00F0343EA021323703C6003B06E
:10283000F0BD43F0040385F87E3000F081FF0446CC
:10284000237823F0100323703C6003B0F0BD43F005
:10285000040385F87E3000F073FF0446002EEFD0AD
:10286000037843F0100303703C6003B0F0BD32689E
:10287000EB6ED21A18BF0122D0E700BF2DE9F0415C
:1028800082B0044600F014FFC0B2002873D000F0FC
:102890004DFFC5B201F010F9FEF78CFF0120AF4AE1
:1028A000138803441380F5F713FD0746002800F052
:1028B000FA80B5B9AA4A1378002B67D101232046C4
:1028C00001A91370FFF77CFF94F92730002B80F2E9
:1028D000FD80636C002B00F0F9804FF00008454646
:1028E00061E094F87E303A7F03F00101C2F380008A
:1028F000884200F0A58094F9272081F0010161F35E
:102900000003002A84F87E3005DA94F82C3043F076
:10291000080384F82C3094F87E305D0700F1C880FD
:10292000D4E91A0101AAF3F7CDFB0546F0B194F8FA
:102930007D20019B1344597971B194F87E30D806FB
:102940000AD5D4F8B0300133C4F8B030D4F8B4307C
:1029500043F10003C4F8B43094F87C300A44D2B296
:102960009A42C0F0BC8000F0058100DE002594F89A
:102970007E303A7F65E0FEF71DFF2146794800F082
:102980000BFD02B0BDE8F04100F038BE03F1FF38A6
:102990005FFA88F8204601A982F80080FFF710FF4F
:1029A000B8F1000F90D1019E21466E4800F0F4FC72
:1029B00001F06EF894F87E203378314662F3C30359
:1029C000337094F87E303278C3F3400363F38202AD
:1029D00020463270FFF7C8FE00F060FE002873D179
:1029E00001F0DAF988B1B5B14FF6FF73A08A9842C9
:1029F00000F0AA802946F8F7D9FEB8F1000F10D1EF
:102A000002B0BDE8F041F5F79FBC01F0B9F901F063
:102A1000BDF9002DE8D1B8F1000F02D102B0BDE838
:102A2000F081F5F76FFC03233B71A38A39463868C0
:102A3000FB80F5F779FC02B0BDE8F041F5F784BC06
:102A40000025C2F3C002C3F340039A424AD04FF0BC
:102A500000080022424B20461A700122424B01A975
:102A60001A70FFF7ADFE94F92730002B27DB3B7F70
:102A7000DA0603D4019E3378DB062BD53B4B1B785B
:102A8000002B90D1E08901F073F894F8670000F012
:102A9000070000F0CDFF2146354800F07DFC01F035
:102AA00087F9019E86E700DE002D3FF403AF18E7AB
:102AB00023F0040384F87E3000F042FE56E7636C96
:102AC000002B7FF470AFD2E700DE89E74FF00008FB
:102AD0004546D3E77378002B3FF466AFCEE784F822
:102AE0007D2043E70320F5F7F3FB0028AFD094F8EF
:102AF0007E3083F0020384F87E307B7F002BA6D0EB
:102B000094F87E20110747D4B4F85A209A4228BF7F
:102B10004FF001089DD22146124800F03DFC00F024
:102B20006DFD00F0BBFD00284CD101F035F970B10E
:102B3000002D3FF473AF4FF6FF73A08A984243D045
:102B40002946F8F733FE5BE700DEA08A52E701F082
:102B500017F901F01BF9002DEDD15FE7E8A4022081
:102B600072A602205924020071A602206FA602203C
:102B7000C52602000022E06EA4F87C2004F1680162
:102B8000F3F7A8FA019B1B682B60019B1D60019D58
:102B900094F87E303A7F54E701F01CF9002840D0C9
:102BA00001F03EF960BBD4F88F30D4F89320134382
:102BB00004D13B7F03F00303032B0BD002221A4BFB
:102BC0001A70A8E700DEB0E700DE2946A08AF8F711
:102BD000EDFD15E700F0B8FD42780146272AEDD853
:102BE000033207F11C0022F0B9FDD4F88F30D4F87D
:102BF0009320013BC4F88F3042F1FF33C4F8933087
:102C00000121D4F88F30084A0133C4F88F30D4F84A
:102C1000933004F18F0043F1000343607B7F117018
:102C200072E700DEBCE700BF6EA602204FF6FF731E
:102C30002DE9F043C46883B0A28A9A4200F0E28092
:102C40000646FFF76BFC00213389628B208C1A4407
:102C500092B21044618380B294F82710A383431C7E
:102C6000238401F03F034906E28300F1A38094F836
:102C7000281004F12900009304F12203FDF736F92E
:102C80000546D4E90C31A26BA08BA36303FB0022A1
:102C9000E36B00208A4294BF9B185B18D4E9107242
:102CA0008B4228BF0B463A44C4E9100294F86710DF
:102CB00094F82C20E36361F3061284F82C2094F836
:102CC0007E2012F0040200F0878000F071FB0820E3
:102CD00000F0BAFB201D00F00BFC2389A17A40F222
:102CE0005B6043EA014100F015FD2846FEF722FD36
:102CF0002146494800F050FBA08900F039FF94F8C4
:102D0000662094F86700C2F3C003002102F00702B6
:102D100000F0070000F0A2FE2046FFF79DFCD4F86B
:102D2000008037684046FEF7EFFC03461F44726898
:102D300007F21311002000F029FF814601F002F88C
:102D4000002001F023F8E36B94F8670003F111020F
:102D5000636C012100F0070003EB420500F024FC46
:102D60004D44054494F8670000F00700022831D074
:102D700004280CBF4FF4BC73282301211D4400F02C
:102D800015FC284400F0BEFFA18A3A4603314046B4
:102D9000C9B2FEF7BDFCA0B1B37A9B072AD50025C6
:102DA00021461E4800F0F8FA00F028FC284603B03F
:102DB000BDE8F083218D04F12202FDF7DBF8054622
:102DC0005FE72046FEF77CFC18BB0025284603B0D1
:102DD000BDE8F0831823D0E7D4E91A01F3F772F9BC
:102DE00000287FF472AF94F87E3043F0040384F837
:102DF0007E306AE740F25D11094811F0E2FC6FF0A5
:102E00008B05CDE72146074800F0C6FA00F0F6FB37
:102E1000DBE700DED9E700BF7D280200351802009D
:102E20006C8204005918020010B582B00446FEF707
:102E30007DFE002809DB0023074A08490848009462
:102E4000F5F7DAFB18B902B010BD00DEF3E7773012
:102E5000F9D000DEF7E700BF2D2C0200A525020007
:102E60005D250200264B0246D3F8A413013106D09B
:102E70002349D1F8A00310F0010009D170474FF6A3
:102E8000FF71D3F8A8339BB28B42F1D10020704779
:102E9000D1F8A4331360D1F8A803C0F3072363F07B
:102EA0003F0310715371D1F8903301331CD0D1F826
:102EB0009433013318D0D1F89833013314D0D1F8BA
:102EC0009C33013310D0D1F89033C2F80630D1F8DA
:102ED0009433C2F80A30D1F89833C2F80E30D1F8E2
:102EE0009C33C2F8123008E00023C2F80630C2F862
:102EF0000A30C2F80E30C2F812300120704700BF0D
:102F000000C0FF000023144A036043608360C36075
:102F1000D2F88033013318D0D2F88433013314D07F
:102F2000D2F88833013310D0D2F88C3301330CD06F
:102F3000D2F880330B60D2F884334B60D2F88833F8
:102F40008B60D2F88C33CB60704700230B604B60F2
:102F50008B60CB60704700BF00C0FF0000214FF4C2
:102F60008062034BC3F82811C3F81423704700BFD5
:102F700000200E50034B1878421C003818BF012067
:102F80001A70704773A60220064B187830B10138CA
:102F9000C0B21870003818BF0120704700DE1878E2
:102FA000F5E700BF73A60220054BD3F84427D3F8FA
:102FB00040075200D3F84417F7D40029F5DB7047D7
:102FC00000200E5030B484460C461D4AD2F84437D7
:102FD000D2F8401713F08043D2F84407F6D1002806
:102FE000F4DB012502EB0C12C2F82C354FEA8C02FF
:102FF000D2B24FEA0C1C0CF1A04002F1A042013900
:1030000000F5622002F56222C0F820151560D0F8A4
:1030100020259142FBD0A2424FF00102D0F82415A6
:103020000CF1A04388BF0131C1F3130103F5622302
:10303000C0F82045C0F82415C3F82C2530BC7047D3
:1030400000200E502DE9F04300256F4CC4F80055C8
:103050000225A942C4F8005502D0042900F0A98035
:1030600080256A496A4E022AC6F81413C4F88010F3
:10307000684CC4F89C1104F58024C4F89C1066497F
:10308000A4F58224C4F80455C1F80455634C5E4984
:10309000C1F8044500F0B380032A40F08680A322E3
:1030A000C1F848250268584912BAC1F81C2542687F
:1030B000012612BAC1F8182582684FF00E0E12BA16
:1030C000C1F81425C268564F12BAC1F81025027C07
:1030D000C1F82C25B0F81340027E64BA02F0010258
:1030E000A4B244EAC214B0F8112052BA44EA02442D
:1030F000C1F82845D0F819404A4A24BA9260C1F86C
:103100002445D0F81D00424C00BAC1F82005D4F87F
:10311000280E1546002405F8044FD2F82C805FFADB
:1031200080FC41480CF102091061956101383F4D66
:1031300069F317081680C2F82C8006F1506600F17A
:1031400003085561D5611062D7605662C2F82880C5
:1031500082F82FE0C2E913535564D56DACF1040C2D
:103160006CF31705D565C2E90C44C2E9184402F1B5
:103170000805D763566582F85FE0C1F8305502F163
:103180003805C1F83855C1F80441D1F80451C1F8E7
:103190000841D1F80811591C941D03331164511DC5
:1031A000946391649365BDE8F083E322C1F84825F8
:1031B00078E74FF0080C8026C4F84455144F1C4D96
:1031C0001249C7F85053C4F88850134D022AC5F865
:1031D00004C5C7F81413C4F880100E4CC4F89C1131
:1031E00004F58024C4F89C1012490C4CC1F8046505
:1031F0000549C5F80465C1F804457FF44DAFC32205
:10320000C1F848254EE700BF006004500700008069
:1032100000A00850003004500020085002000001B7
:103220000200000BC4780220317902200100000C5A
:103230000300008000200450F0B402240025464B17
:103240000229C3F80055C3F80045444CC3F80445AF
:103250007ED0032978D1A321C3F8481503683E49DD
:103260001BBAC1F81C35436801251BBAC1F81835D3
:1032700083684FF00E0C1BBAC1F81435C3681BBA33
:10328000C1F81035037CC1F82C35B0F81340037E2B
:1032900064BA03F00103A4B244EAC314B0F81130D5
:1032A0005BBA44EA03442E4BC1F828451E4600246D
:1032B000D0F819709B603FBAC1F82475D0F81D0092
:1032C000284F00BAC1F820051D80DF6050789A6150
:1032D00026F8020F03321A625A6A1E6160F317025F
:1032E0005A62214E021D21489C62D8615E6183F8BA
:1032F00027C0DC625865DE6D1D48C3E918441864B8
:1033000062F31706013803F10802DE65DF63186512
:1033100083F85FC0C1F8302503F13802C1F83825C1
:10332000C1F80441D1F80421C1F80841D1F80821BD
:10333000C21C9A650F4A0D60591DC3E91121DA6458
:103340009A1D9A63F0BC7047E321C3F8481585E7DE
:10335000C321C3F8481581E700600450000005014F
:10336000C47802200200000B0200000C0100000DD6
:10337000317902200100000C044BD3F8203223B134
:10338000034A044B10681B681847704700A0085098
:103390003C7B0220407B0220024B034A19601060F4
:1033A000704700BF3C7B0220407B0220704700BF7B
:1033B0000022012130B4144B1448154DC0F8282EBA
:1033C000C3F8A020C3F8A420C3F8A820C3F8AC20F9
:1033D0005962D962C3F81028D3F8104844F48044E5
:1033E000C3F81048C3F81428D3F8144844F4004430
:1033F000C3F81448C0F80021C0F80421C0F804172D
:10340000296330BC704700BF0020085000A008505E
:1034100000E01050704700BF02280ED0042807D1EA
:10342000084B01F00101C1F10601C3F80015704716
:103430000321044BC3F8001570470421014BC3F866
:103440000015704700A00850072821DC00F10A038E
:10345000DBB2112B15D910F10C0F20DA10F10E0F81
:103460001FDA10F1100F18DA10F1140F1DDA10F135
:103470001C0F18DA2930CCBF4FF498724FF48872C1
:1034800002E00B4A52F823200A4BC3F8102770477A
:103490003F22084BC3F8102770470422F4E70622A6
:1034A000F2E70522F0E70122EEE70222ECE700BF97
:1034B0008883040000A00850014BC3F80807704738
:1034C00000A00850094B40F4090040F04000C3F848
:1034D0004005D3F8282E22F00072C3F8282ED3F826
:1034E000282E42F00072C3F8282E704700A0085022
:1034F00000210123074AC2F83C1EC2F8403EC378AF
:10350000C2F8343E8178038843EA01431B02C2F8C3
:103510002C3E704700A00850C2F38203022B02F039
:10352000030221D0042B0CBF4FF0C74C4FF0000C0E
:10353000013A022A98BF4CF4801C00F00F000C4B9B
:1035400040EA0C0040F48070C3F8200ED3F8280E37
:10355000084A0240C3F8282ED3F8282E114341F41C
:103560004031C3F8281E70474FF0807CE0E700BF71
:1035700000A008500000F8FE014BC3F8D00E7047C1
:1035800000A00850014BC3F8D00E704700A00850AF
:10359000022804D004280CBF2A20292070472820A4
:1035A000704700BF0120704729207047022809D0CA
:1035B000042801D00A20704711F0010F0CBF192018
:1035C0001E207047052070474FF40050012110B4B1
:1035D000064A074B074CC3F81823C4F88C20064A48
:1035E000C2F80405196010BC704700BF0D000080D0
:1035F00000A00850005008500020085000234FF44D
:103600000050012130B443F688740E4A0E4DC5F8BF
:103610008C30C2F8A030C2F8A830C2F808050B48B8
:103620005162D162C0F8DC35A0F51C20C0F88030B2
:1036300000F58820C2F80845C0F80034016130BCAC
:10364000704700BF002008500050085000200E5066
:103650000022114BC3F80022D3F80012C3F80C2249
:10366000D3F80C12C3F81822D3F81812C3F81C228E
:10367000D3F81C12C3F85C22D3F85C12C3F83822CA
:10368000D3F83812C3F82022D3F82012C3F85022FE
:10369000D3F85032704700BF00A00850034BD3F856
:1036A0000002003818BF0120704700BF00A008507A
:1036B000064BD3F8180238B10120054A05491368B2
:1036C000D1F848150B441360704700BF00A00850A4
:1036D000347B022000500850064BD3F8180238B152
:1036E0000120054A05491368D1F848150B441360B9
:1036F000704700BF00A00850347B022000500850E3
:10370000034BD3F82005B0FA80F04009704700BFA2
:1037100000A0085040F20312034BC3F8442EC3F834
:10372000480EC3F84C1E704700A00850034BD3F856
:103730000C0E003818BF0120704700BF00A00850D1
:1037400000487047347A02200048704730790220E0
:103750002DE9F04FDFF8B08283B098F800E0894699
:103760000EF1040C9DF830105FFA8CFC0193A74F0A
:103770004FEACC030091A64EA649DBB21F449DF848
:1037800038A0C6F81813396000210EF10104A24DCB
:1037900004F001049346E20015440EF10E02D2B289
:1037A000B9F1010F42F00042296054D0002839D00D
:1037B0002D259A480CF1700140F82120C6F804210B
:1037C000002692480433DBB20EF1060E18445FFA6D
:1037D0008EFE924B0EF1700E43F82E604FEA8C0C69
:1037E00043F8212002600CF1502C0CF5002CDCF881
:1037F00040358B48AB428ABFDCF8403501235B1B68
:103800004FF40055CCF840358149824B834AC0F8CB
:103810000455C1F81833C2F8C83088F8004003B026
:10382000BDE8F08FBBF1020F7FD0BBF1040F4BD18D
:10383000019911F0010F0CBF45254A25774F744EB1
:1038400004F10E0040F000400CF1700147F8212017
:10385000C6F80401B4E701283BD0009E022E35D003
:103860004AF23C5549F6C471042E18BF0D460EF1BC
:10387000060EBBF1020F5FFA8EFE00F0A880BBF1CE
:10388000040F54D0674905F51A552C35A1FB0515D1
:10389000624F5F4E0CF1700147F82120AD09C6F868
:1038A000002170BB1BF0040F2BD00099022900F0FF
:1038B000A5804AF2B8104AF23071009E042E18BF5B
:1038C000014642F2B8404FE03625B7E749F6404599
:1038D000CDE70099022900F08F8004290CBF2B2529
:1038E0002A254E4F4A4E04F10E000EF1060E40F00E
:1038F00000400CF1700147F821205FFA8EFEC6F8F7
:1039000000015046012805D0002644480EF1700EF3
:1039100040F82E603D480433DBB218443F4B4FEA79
:103920008C0C43F8212002605DE7322586E73D4993
:1039300005F5EB451435A1FB0515384F344E0CF158
:10394000700147F82120AD09C6F800210028D8D120
:10395000009902294BD0009946F2180004290CBFA7
:103960004AF230714AF2B81101442E480CF5A8769B
:10397000A0FB010129484FEA8E0E50F826000EF1F7
:10398000502EB0EB911F98BF01204FEA91160EF513
:10399000002E88BF801BCEF8400508201B49043349
:1039A000DBB24FEA8C0CCEF8C021CEF8C021CA5051
:1039B0001D4B0CF14002D2B213441C4A01F5FF41E9
:1039C000C1F850231A60164BC3F804050BE71549DC
:1039D00005F5AB551C35A1FB0515104E0C480CF137
:1039E000700146F82120AD09C0F8002189E749F6A9
:1039F000346146F21800B7E7292572E749F63461C9
:103A000042F2B840B0E700BF74A602208020085000
:103A100000A008500D000080A02008500050085061
:103A200000200850D34D62108050085003000080E1
:103A300010B5084B084A84B00446C3F8002400239C
:103A400001201A461946CDE901330094FFF780FEA4
:103A500004B010BD00A008500100080070B58C46ED
:103A600016461D460024084B084A84B00121C3F8BD
:103A70000024024663462046CDE900650294FFF724
:103A800067FE04B070BD00BF00A008500100080030
:103A90000022054B05490648C1F80004C3F8A020E0
:103AA000C3F8A820704700BF0020085000A00850AD
:103AB00001000800704700BF012070474FF0000C64
:103AC00010B44FEA8C03146803F1A04303F50A23F2
:103AD000C3F8504E94880CF1010CBCF1080FC3F8E8
:103AE000704E02F10602ECD1034B40EA0120C3F80C
:103AF000900E10BC704700BF00A00850034AD2F8D7
:103B0000903E23F0FF03C2F8903E704700A008509B
:103B10000022034BC3F82422D3F82432704700BF9D
:103B200000A00850034BD3F82402003818BF01202E
:103B3000704700BF00A00850014BD3F8180E704723
:103B400000A00850002343F6887110B40548064CC5
:103B5000064AC4F8DC35C0F88030C2F8081510BC3D
:103B6000704700BF0060045000200E500020085035
:103B7000044B054A1B780433DBB203F5A87342F803
:103B80002300704774A6022000500850F0B4A2F53C
:103B90007423484CA3F51073A342074604D902F5D9
:103BA0007422013902F51072434B0125A3FB022355
:103BB0009B0C502B184638BF5020002402264FF093
:103BC000050C3E4A1944D560C51A3D4BC2F8044560
:103BD000C2F810C5C2F80865C2F840050E1AC3F84D
:103BE000DC45D3F84427D3F840175200D3F84447B4
:103BF000F7D4002CF5DB01220139C3F8D015DA62C5
:103C00002F4AD2F8D0359942FBD04FF0000C012159
:103C10004FF48074D2F8D4259E4238BF0132284B2D
:103C2000C2F31302C3F82CC1C3F8D065C3F8D4257E
:103C3000244AC3F8DC15C3F8AC21A3F5BC23C3F8B0
:103C4000A02103F58023C3F8A0201C49A3F500534D
:103C5000C3F80445A3F58023C1F88020C3F80445C8
:103C6000EFB10132C1F8C02101F5A041C1F8002136
:103C70004FF40072C3F8042500274FF40051124A94
:103C8000124B1560124E134D0C4C134A3760C5F899
:103C90001833C4F88C30C2F80415F0BC70470F4AD2
:103CA000C1F8C0210B49C1F804214FF40072C3F8D8
:103CB0000425E1E7BFBDF07F83DE1B4300500850C1
:103CC00000200E5008000080387B02200D0000808C
:103CD000347B022000A0085000200850090000801A
:103CE000024BD3F8D425D3F8D005704700200E50EE
:103CF00001230249024A4B60536370470050085049
:103D000000E0105070B44FF4C056094B094C0A4AF9
:103D10000A490B4DC3F84405C2F80C43C3F8C4402C
:103D2000C3F8C411C2F81011C5F8046570BC70471F
:103D3000005008500B00008000A008500C000080CC
:103D40000020085009490A480A4B0B4A10B4C1F830
:103D50000003C3F8C000C1F80C234FF44061074CC6
:103D6000C3F8C420C4F8041510BC704700A0085064
:103D70000A000080005008500B000080002008500E
:103D8000014BD3F84405704700500850014B1860B0
:103D9000704700BF2C790220014B1868704700BFA4
:103DA0002C790220014BD3F8400570470050085091
:103DB000704700BF014B1868704700BF347B02207A
:103DC0000020704713460122FFF73CB90A46012143
:103DD000FFF732BA38B502230F4CC4F80433D4F8D5
:103DE000043153B92025EFF3118085F3128816F0C2
:103DF000E5FAD4F80431002BF5D002204021064B1F
:103E0000064AC3F80803C2F88811D3F80801B0FACB
:103E100080F0400938BD00BF0060045000E100E0C0
:103E2000034BD3F80004003818BF0120704700BFCF
:103E30000060045001210022024B5960C3F80025A4
:103E4000704700BF00600450F0B40325374C384B76
:103E50009208D3F8D03E042AC4F80055354A364CAF
:103E600008BF4527A26002F18072226103F10202BD
:103E700003F1050318BF40276260E360002851D0BA
:103E800002232E4E1844251D45F8331004EBC302BF
:103E900001338342966001F11001F5D100214FF00A
:103EA000FF330122402604EBC000C0E9011123606A
:103EB00023481E4BE465C3F83055C3F83805C3F8F2
:103EC0000825C3F80011D3F80021C3F80411D3F872
:103ED0000421C3F80811D3F80821154AC2F8947ECA
:103EE000D2F800043043C2F80004C2F83812154971
:103EF000D2F83802C2F83813A2F59022C3F8801025
:103F0000C2F80465A3F5405302F58222C2F8981066
:103F1000C3F8981103F57C33C3F804650A4B236694
:103F2000F0BC70470220251DB8E700BF00600450B8
:103F300000A008500300000B607802201000000D64
:103F4000BC780220060000800400000B014B1868BA
:103F5000704700BF607802200023402010B4064A5A
:103F6000064C0749C2F83832D2F83822C4F8003576
:103F7000C1F8080510BC704700A00850006004504C
:103F800000200850124BD3F83832FBB101231149FD
:103F9000C1F80433D1F800313BB9C82301E0013B3B
:103FA00003D0D1F80021002AF9D001204021094B8B
:103FB000094AC3F80803C2F88811D3F804212AB1CA
:103FC000D3F80801B0FA80F040097047002070472C
:103FD00000A008500060045000E100E00139012910
:103FE00005D8E3200AB1EAF737BFEAF743BF00DE9E
:103FF000704700BF29B10139012905D8E320EAF74C
:104000004DBF1E20EAF74ABF00DE0020704700BF08
:1040100088420BD0012803D0022809D00020704725
:10402000A1F10200B0FA80F040097047012070470A
:10403000A1F10100B0FA80F040097047012908D0D1
:10404000022906D051B94FF08042054BC3F8002138
:1040500070470822024BC3F81C21704700DE7047EE
:1040600000E100E008B51DF09FFF08BD032803D85C
:10407000054B185C28B1704700DE034B185C002824
:10408000F9D100DE704700BFD0830400013810B4BE
:104090001C46042806D8DFE800F008111A230300A4
:1040A00004292FD000DE10BC70470429FAD1194B27
:1040B00002219C60002010BCF2F774B80329F1D1F2
:1040C0000121154B08469C6010BCF2F76BB804291F
:1040D000E8D1124B02219C60012010BCF2F762B8BB
:1040E000032908D00429DDD102210D4B08469C602C
:1040F00010BCF2F757B80B4B01219C60022010BC9A
:10410000F2F750B8084B02219C60032010BCF2F774
:1041100049B800BFB8090020A8090020980900206C
:1041200078090020880900206809002001460A203B
:10413000FEF748BF2DE9F0434FF0100E0124002296
:104140004FF0070C374B00EB0E0800F1200700F191
:10415000300600F140055C60016809BAC3F81C151F
:10416000416809BAC3F81815816809BAC3F814156B
:10417000C16809BAC3F81015C0F8308080F834E07F
:1041800080F8352080F8362080F837C080F8382055
:1041900080F8392080F83A2080F83B2080F83C20D5
:1041A00080F83D2080F83E2080F83F20076480F8AA
:1041B00044E080F8452080F8462080F847C080F829
:1041C000482080F8492080F84A2080F84B2080F869
:1041D0004C2080F84D2080F84E2080F84F20C3F806
:1041E0003065C3F83855C3F80021C3F804211C60BA
:1041F00005E0D3F8041131B9D3F8301519B1D3F86B
:1042000000110029F5D05C60D3F804110029A2D177
:10421000D3F83095B9F1000F9DD0C3F83015BDE843
:10422000F08300BF007004502DE9F0410126124CCC
:104230004720D4F830756660EAF71CFED4F8040114
:10424000A7F1400540B10021C4F804113046D5E97A
:104250000E32BDE8F0411847D4F8003143B1C4F83C
:104260000001A7F12001D5E90E32BDE8F041184761
:1042700000DEBDE8F08100BF0070045070B5044658
:1042800094B00E4615462146102268461C46F1F7AA
:10429000E7FE102231460DEB0200F1F7E1FE684621
:1042A000FFF748FF25B11022284608A9F1F7D8FEEC
:1042B0002CB108AD0FCD20606160A260E36014B046
:1042C00070BD00BF30B585B001909DF820000C4C4A
:1042D0000C4D8DF808008DF80910ADF80A200393F5
:1042E000AC4202D3002005B030BD236813B1019A5F
:1042F000934203D1D4E9013101A898470C34EFE788
:10430000BC6C0400C86C04000122024BC3F80424F6
:10431000704700BF002008E038B5044C044DAC42A3
:1043200000D338BD54F8043B9847F8E754E0040044
:104330005CE0040008B5084B1A785AB9012140F234
:1043400005101970EAF7B8FDBDE8084040F2051005
:10435000EAF782BD08BD00BF75A6022010B5002295
:10436000012386B06C46CDE9022304ABCDE90433CA
:104370006A4680230649CDE9004419F06FFB28B94D
:1043800043F609520023684606F098FB06B010BDBC
:104390003BDA030070B50A4605460C464023064941
:1043A00050F8040C19F05AFB014620B12846234668
:1043B000BDE87040184770BDF7D9030010B504463A
:1043C00003691860FFF7B6FF20690549043015F04E
:1043D000E2FB0028A1BF012223690020DA6210BDA0
:1043E000D483040001220B4BD3E8EF1F002903D133
:1043F000C3E8E02F0028F7D10AD1074A074B002174
:1044000053600323064893608368D160DB691847D3
:10441000704700BF8C7B0220747B0220ED440200B9
:10442000A060040007B5002200230948CDE900235D
:10443000084A002307F0D8FB0748002183681B6A5D
:1044400098470022054B1A6003B05DF804FB00BFDB
:10445000A00B002048E80100A06004008C7B022033
:1044600073B51D4D4E21AE682846F36898471B4C26
:1044700070B100231A462370217809B1012A1FDD8B
:10448000174A138002F07AFA0123237002B070BD3C
:104490000C216A462846336998470028E9D1114A19
:1044A000019B93FBF2F3009A03EB82030C4A1BB2CD
:1044B000B2F900209A1A002AB8BF524212B2DBE7C2
:1044C000094A0139136821700133136002B0BDE855
:1044D0007040FFF7A7BF00BF0062040076A602206D
:1044E000ECA4022090D00300847B022008B507488A
:1044F0001DF014FA28B902F041FA0122044B1A7097
:1045000008BD0448BDE8084006F0AEBC00620400E7
:1045100076A60220C80900200023024A1360024A3E
:1045200013607047887B0220847B02200022024BAC
:104530001A70FFF757BF00BF76A60220014807F0A8
:1045400075BB00BFA00B0020024A13680133136043
:10455000FFF768BF887B022010B50446064802F0CA
:10456000BDF930B9FFF7D8FF2046BDE81040FFF78E
:1045700025BF6FF0040010BD7D450200022808B57C
:1045800002D0032807D008BDFFF7D0FFBDE80840E0
:10459000034819F0B5BABDE80840FFF7D5BF00BF22
:1045A00080600400F8B5012206462249D1E8EF3FB9
:1045B000C1E8E02F0028F9D133B91F491F484B60EB
:1045C000CB608A6015F0FAFA731E012B26D81DF015
:1045D000EBFC044638B1EFF31185202383F31288F6
:1045E0000124174F0DE0174B1B78002BF3D004224A
:1045F000134B0546C3F80823F3E784B1284615F0AA
:10460000DDFED7F84C24D7F84C34D203F5D59B0700
:1046100001D0012EF1D13CB185F31188F8BD2020E5
:10462000002106F0D9FFECE70422054BC3F8042370
:10463000F4E700BFA07B0220907B0220A87B022031
:1046400000E01050A9A6022010B5EFF3118420233A
:1046500083F31288054A136823F00201DB07116017
:1046600001D41BF0ABFC84F3118810BD047C022044
:1046700010B50446054802F007FA20B92046BDE807
:104680001040FFF79BBE6FF0040010BD9146020082
:10469000042806D1034BDB6A5B0702D1024819F0FC
:1046A0002FBA7047D47B0220A060040010B5EFF34E
:1046B0001184202383F312880D4A136843F002010A
:1046C0001160DA0705D484F31188BDE8104002F0C8
:1046D000E9B9084BD3F80C34DB03F4D5064819F0DC
:1046E000AFF984F31188BDE81040044819F008BA06
:1046F000047C022000E01050007C0220A060040036
:10470000064BD3E8EF2F42F00101C3E8E01F002879
:10471000F7D1930701D402F0C5B97047047C022099
:1047200010B5EFF31184202383F31288054A136830
:1047300023F001019B07116001D41BF03FFC84F3BF
:10474000118810BD047C022008B507481DF0E6F86A
:1047500038B10648EAF7CCFE0448E9F7D1FA002060
:1047600008BD6FF01200FBE74061040071470200D2
:104770000A2838B50446074D04D1AB680D212846F8
:104780005B689847AB6803485B68E1B2984720468E
:1047900038BD00BF406104000023024A0020C1E987
:1047A0000023704700D0170000487047F0830400D2
:1047B000024B0B6001231360704700BFF8830400B5
:1047C00008B50122054811461DF0F6FAFCF746FC33
:1047D000034B044A0020C3F80C2508BD087C0220C6
:1047E00000B004508000008038B515461C461A46BB
:1047F00079B120F0B3FFBFF35F8F084BD3F81824D3
:10480000D10705D4220703D001229A60BFF35F8F3E
:1048100038BD294620F0C8FFEDE700BF00B00450C6
:104820002DE9F04106460F4690461C4686B05BB324
:104830004FF0FF324FF0FF33194806F03FF940F2D6
:104840000112184BC3F80025FCF772FC0546F8B1BD
:1048500001238DF81530144B4FF4FA70009302AB1E
:1048600004940193CDE902768DF81480FCF700FCE6
:104870006846FCF709FC04464FF48072094BC3F804
:104880000025074806F0E2F8204606B0BDE8F081B2
:104890002346424639463046FFF7A6FF2C46EBE753
:1048A000087C022000B00450E9480200084630B4F9
:1048B000114692B140EA030212F00F020DD1002816
:1048C0000BDB084DA84208D8C0F5BE1505F580558C
:1048D000AB4202D830BCFFF7A3BF6FF0150030BC6D
:1048E000704700BFFFCF170040F2011270B5164BA2
:1048F0000446C3F80025437B0BB1FCF71DFC0026E2
:10490000A5689DB1D4E90010102D28BF1025227B89
:104910002B46FFF769FF63682B44636023680BB184
:104920002B442360A3685B1BA3600BB9002070BD00
:10493000637B0136002BE3D03046FCF705FC0028F2
:10494000DED00120F3E700BF00B0045010B50C1E0C
:1049500010461A460CDB084B9C4209D8C4F5BE141D
:1049600004F58054A24203D820F0F8FE002010BDC8
:104970006FF01500FBE700BFFFCF170070B41046C3
:104980000E469BB142EA030515F00F0111D1002A32
:104990000FDB094A90420CD8C0F5BE1202F58052D6
:1049A000934206D8324670BCFFF73ABF184670BC37
:1049B00070476FF01500FAE7FFCF1700084613465F
:1049C0008AB11143C1F30B0179B900280DDB084A04
:1049D00090420AD8C0F5BE1202F58052934204D824
:1049E000FF22FFF71DBF104670476FF0150070479C
:1049F000FFCF17002DE9F04340F206354768D00697
:104A000048BF4FF0030C3B7C02EA050558BFC2F3D8
:104A1000401C87B001F01F06B5F5837F144646EAB7
:104A200043168DF803C045D00DD8062D44D005D8C7
:104A3000A5B1022D12D06FF0150038E0B5F5807FDA
:104A4000F9D101250AE040F20222954236D0B5F5AF
:104A5000407F35D0B5F5007FEDD10425220331D557
:104A600001237A688B405360B86890BB5F2E06F0D4
:104A70001F034FEA561175D83C4A52F82120C4F35F
:104A8000004102EB8302D2F8803081F00101C4F3CF
:104A9000404423F4706344EA410423F00F031C43B1
:104AA00044EA8C0444EA0524C2F88040002007B0A0
:104AB000BDE8F0830925D1E70825CFE70625CDE736
:104AC0000525CBE7630341BF01237A688B409360E0
:104AD000CAE731460DF102021BF032FC14F4403FEC
:104AE00080460CD13146B8681BF043FCB8F1000F8A
:104AF000DCD19DF80210B86802F0EEFAD6E74FF06C
:104B0000000901ABCDE90199CDE90439CDF80C904C
:104B10003146B86803AA1BF05CFB4845C6DB14F4B9
:104B2000003314D09DF80330C4F3004484F0010432
:104B30008DF80E308DF80C508DF80D404B463146F7
:104B4000B86803AA02F01AFA0028CFDAAEE7CDE976
:104B500004330DF1030303933146B86803AA1BF035
:104B600038FBF1E7203350F82330FFDE00840400E7
:104B700070B545680646AB7CDA0707D56968C3F3AC
:104B800041030A6B22F0030213430B63A868C0B110
:104B90001BF0E9FB0146A0B9A86802F065FA0446DB
:104BA000A8B902460B49A8681BF0C7FB22460121A1
:104BB000DB20EAF781F92246012140F20D10EAF7E5
:104BC0007BF93046BDE87040034915F0BCB86FF082
:104BD000040070BDDD4B02000DDC03004209022A17
:104BE000034670B503D0012A18D0CAB170BD0E4E6D
:104BF000326951680029F9D0012503F01F030C68C0
:104C00009D400029F2D08A682A4002D030464B6885
:104C100098473CB1236821461C46F2E7034EE7E77C
:104C2000034EE5E72346F6E700610400E060040078
:104C3000C0600400F0B544681646A068227C01F00C
:104C40001F0587B045EA421500286CD0B6F5001F55
:104C500004D129461BF0DFFB002055E06268607C30
:104C6000B6F5800F50624FF0000001AA019050602D
:104C700039D1B3F1007F14BF052304238DF804302C
:104C80000023CDE904230393E3680DF1030723FA1E
:104C900001F111F0010139D1B6F1A07F36D105F053
:104CA0001F035F2D4FEA551003F120033ED8214A20
:104CB00052F8202052F82330DB0727D43A46294601
:104CC000A0681BF03DFB163018D002972946A0685B
:104CD00003AA1BF07EFA002816DB01222946A068F1
:104CE0001BF049FBB8E7B3F1C06F05D0B3F1007F0B
:104CF00014BF01230223C1E70323BFE73946A0689D
:104D000002F0F4F90028E0DA07B0F0BD3A4629468F
:104D1000A0681BF015FB0028D8D19DF80310A068EF
:104D200002F0DAF9D2E76FF08500EDE751F82330B1
:104D3000FFDE00BF00840400082913B528BF082146
:104D40000C46084AD2F80433D2F808231BBA12BA28
:104D500000920A466946019320F000FD204602B009
:104D600010BD00BF00C0FF001C4BD3F8002602F0AE
:104D7000010312F0060F18BF43F01003110648BFDD
:104D800043F48073D10548BF43F08003510548BF09
:104D900043F02003510648BF43F00203910548BF8A
:104DA00043F08003D10448BF43F08003110748BF9C
:104DB00043F02003D10648BF43F02003910648BFCB
:104DC00043F02003110548BF43F40063920448BF39
:104DD00043F0400303600020704700BF00E0105024
:104DE0004FF0FF32024B0020C3F80026704700BF8F
:104DF00000E01050034610B40C46DA88006802F058
:104E000040021979224383689C6944B11F290AD85A
:104E1000064BA446134010BC02F0B07260476FF01E
:104E2000570010BC70476FF01500FAE7400000060D
:104E3000F0B550F8185C85B06B682A69DC68D2E878
:104E4000AF2F012A22D06B6818389E68104A041BC5
:104E5000E11001FB02663046DF6818F0FCFE031E1D
:104E600014DB3A1992F910108B420FD04FF0FF303B
:104E70004FF0FF3113743289CDE902010121003B6B
:104E800018BF012328460091FFF71CFA05B0F0BDBA
:104E9000ACAAAAAA2DE9F74F44688046E668002725
:104EA000183635464FF00C0B6368BB4204DC637D5B
:104EB000002B49D1002044E00BFB07FAA26852F80E
:104EC0000A0002EB0A0901921CF028FD00284ED0CE
:104ED000019A99F8041052F80A00B9F8062042F431
:104EE000803218F097FE60BB45F8188C284621697F
:104EF0001DF039F8627D12B101374835D4E701233E
:104F0000A16801EB0A0999F8042003FA02F21B4B8D
:104F100045E9043251F80A00A5F114018368DB6900
:104F200043B30122984700280BDB484618F093FE54
:104F30004FF0E86105F8080C4846FFF75BFF0028D2
:104F4000DADA03B0BDE8F08F47F6122540F2E73019
:104F5000002124684FF47A720023E4FB0501DCF79A
:104F6000FDFA02460B46304606F01EF8A2E76FF047
:104F70001200E6E76FF05700E3E700BF81DC0300B3
:104F800029282DD010D80F2824D006D8072819D0CA
:104F90000A281CD06FF01500704714281DD01F2858
:104FA000F8D147F612230FE0FA281FD005D83E2883
:104FB00019D07D28EED10E4B06E0B0F5FA7FE9D18D
:104FC0000C4B01E041F6826300200B60704742F613
:104FD000B403F9E743F60E53F6E745F25E13F3E741
:104FE0004AF2C623F0E74FF22443EDE7024BEBE72A
:104FF00048E8010020A1070090D0030013B5044643
:1050000001A9008EFFF7BCFF08B100230193019AAC
:10501000D2B194F83230591F072915D8A18E0C4807
:1050200008319940A1FB00010023DCF797FA40F218
:10503000E733C0184FF47A724FF0000341F10001DA
:10504000DCF78CFA02B010BD4FF47A70FAE700BFBB
:1050500040420F0013B5044601A9008EFFF790FFF0
:1050600008B100230193019A1AB394F83230591F02
:1050700007291ED840F61B01981E8000B1FBF0F1F5
:1050800001310D48C9009940A1FB00010023DCF764
:1050900065FA40F2E733C0184FF47A724FF000031C
:1050A00041F10001DCF75AFA00EB9000643002B0E5
:1050B00010BD47F23050FAE740420F0013B590F8A8
:1050C0003D2090F83240002A008E01A908BF02223C
:1050D000FFF756FF98B9631F072B10D80948019BAB
:1050E000A040B0FBF3F04FF47A7302FB0000B0FB7A
:1050F000F3F06430C82838BFC82002B010BDC82003
:10510000FBE700BF40420F00134B07B5994216D88A
:10511000124B994216D8124B994216D8114B99420C
:1051200016D86B226F238DF804208DF80530982156
:10513000022301AA1AF0C4F903B05DF804FBE122CE
:10514000E923F0E7D722DB23EDE7C122C523EAE715
:1051500075228123E7E700BF00E9A43580F8A93272
:105160008044E52D000B6B1B73B5254A254E264D5B
:105170000369B14298BF1546EA7840F69C0183F86E
:10518000C72201230DF1070204461AF00EFA002887
:1051900034DB9DF807302A7823F01F0302F01F024A
:1051A00013438DF8073040F69C01012320460DF192
:1051B00007021AF0D0F9002820DB6B7840F69D0139
:1051C0008DF80730204601230DF107021AF0C3F9CC
:1051D000002813DBAB7840F6B9018DF80730204684
:1051E00001230DF107021AF0B6F9002806DB0723A8
:1051F00040F6F50120462A1D1AF0ADF902B070BD47
:10520000E7CD0400FF45C323F2CD040010B50649E5
:1052100004461AF08DFA002804DB20461AF0DAF86A
:1052200000EAE07010BD00BF47DE030013B5002A9E
:105230000C4601A908BF0222FFF7A2FE08B1002315
:1052400001930C2C28BF0C24052C38BF0524019990
:105250000C48631F814207D90B49C85C072A0BD948
:105260000238C0B202B010BD0848C05C084B994279
:1052700098BF00F1FF30F1E7032A88BF00F1FF304B
:10528000EFE700BF1FA10700DFCD0400D7CD04006A
:1052900047E8010038B50C4621B1012915D06FF05F
:1052A000850038BD456805F13C0018F07DFE05F12C
:1052B000440018F079FE05F14C0018F075FE05F178
:1052C000540018F071FE2046EBE744684FF4B0112B
:1052D000114A04F13C001AF04DF80028E1DB4FF4CC
:1052E000B0110E4A04F144001AF044F80028D8DB4B
:1052F0004FF4B0110A4A04F14C001AF03BF80028B0
:10530000CFDB4FF4B011074A04F154001AF032F821
:1053100000EAE070C5E700BFC2C90400D1C90400BB
:10532000DBC90400E5C904002DE9F74F0669824690
:1053300096F840000A46002844D0B6F830B06946D6
:105340005846FFF71DFE214B96F83280009F03FA66
:1053500008F9B9FBF7F7DAF80430B58E93F8633043
:105360000435BC0863B9584601A9FFF709FE019B43
:10537000B9FBF3F943F6FC73994594BF002301236D
:1053800096F83BC0D1008CF0010C1C3101EB0C11E4
:10539000A1EB8801A8EB430321EAE17101EB830152
:1053A0009800013991FBF0F196F8333004F5FA706A
:1053B000043303FB01554FF47A73083507FB0500EE
:1053C000B0FBF3F003B0BDE8F08F00BF40420F0028
:1053D0002DE9FF471F460546884692460223066987
:1053E00006F11409D9E8EF2F002A03D1C9E8E13FFB
:1053F0000029F7D161D118364FF0FF324FF0FF335B
:10540000304618F01EFD2846FFF700FF044600282E
:1054100048D100232A4A01904FEAD8114FEA486048
:10542000DCF79CF800BA039004238621284603AADF
:105430001AF046F8041E32DB052342465146284640
:1054400000F086FC041E2ADB01222846114618F0D3
:105450000CFE019BD1211A4628461AF031F8041E91
:105460001DDB304618F037FE4FF47A7347F6122CE6
:1054700040F2E7305F4301994FF47A720023E7FB73
:105480000C01DCF76BF806F0A7F84FF0FF324FF095
:10549000FF33304618F0D5FC284618F078FD284632
:1054A00019F080F8304618F016FE0021484618F032
:1054B00014FE204604B0BDE8F0876FF00F04F8E753
:1054C0000048E8012DE9F04F056985B095F840B036
:1054D0000446924600910193BBF1000F00F06781F2
:1054E000FF2A00F26481022305F11406D6E8EF2FAB
:1054F000002A03D1C6E8E13F0029F7D10BD0D6E856
:10550000EF2F032A03D1C6E8E13F0029F7D104D0E9
:105510006FF00F0819E04FF0000B284605F118074F
:1055200018F0E2FD4FF0FF324FF0FF33384618F02D
:1055300088FC2046FFF76AFE804650B1384618F0D6
:10554000CAFD0021304618F0C8FD404605B0BDE850
:10555000F08F95F83C30022B40F0AC80384618F0C4
:10556000BAFD4146304618F0B8FD2846FFF7A6FDC3
:1055700047F6122E8446414640F2E7304FF47A72E5
:105580000023ECFB0E01DBF7E9FF02460B46204649
:1055900018F06EFEB0F1000921DD4FF0FF324FF040
:1055A000FF33384618F04DFCBBF1000F10D0D5F892
:1055B000E0316BB10323D6E8EF2F002A03D1C6E810
:1055C000E13F0029F7D103D12946204618F01DFFFD
:1055D000384618F080FD6FF00F09C846B5E721D0B6
:1055E00019F1580F1ED04FF0FF324FF0FF333846FD
:1055F00018F027FCBBF1000F10D0D5F8E0316BB1EB
:105600000323D6E8EF2F002A03D1C6E8E13F0029A3
:10561000F7D103D12946204618F0F7FE384618F096
:105620005AFDDAE70223D6E8EF2F002A03D1C6E8B5
:10563000E13F0029F7D14FF0FF324FF0FF333846FA
:1056400012D018F0FEFBBBF1000FC1D0D5F8E0314D
:10565000002BBDD00323D6E8EF2F002AB3D1C6E834
:10566000E13F0029AFD0F6E718F0EBFB2046FFF74B
:10567000CDFD8146F0B1384618F02DFD30460021B1
:1056800018F02BFD4FF0FF324FF0FF33384618F083
:10569000D8FBBBF1000FC1D0D5F8E031002BBDD055
:1056A0000323D6E8EF2F002AB3D1C6E8E13F002953
:1056B000AFD0F6E7019BC5F8F43105F16C001CF0A2
:1056C0001DFA20465FFA8AF118F038FC061E63DBEB
:1056D000534600212046009A19F08CFF061E5BDB22
:1056E000298E2046A1F5FA735942594118F0D0FB92
:1056F000061E51DB01222046114618F0B6FC052398
:105700002046EA6A95F9361000F022FB061E43DBBC
:10571000636893F83830BBB9012340F6D8012046BE
:1057200003AA19F042FF061E36DB9DF80C3040F646
:10573000D80143F01E038DF80C302046012303AA44
:1057400019F009FF061E27DB51462046FFF7ECFD46
:10575000184B00EB900000F5FA70984228BF1846ED
:1057600042F21073984238BF18468301C0F38F226B
:10577000C0F387008DF80C208DF80D008DF80E30E9
:1057800083210323204603AA19F09AFE061E03DB99
:10579000384618F0A0FCD8E600232046C5F8F431BE
:1057A00018F000FF384618F096FCB046CDE66FF0D2
:1057B0001508CAE6FFFF030037B500230446056954
:1057C000FFF780FE80B90023094A01A905F16C00AA
:1057D00004F07AFF002809DA204618F0D8FB2046AA
:1057E00018F0E0FE6FF0730003B030BD0198FBE7E6
:1057F0000E270700F0B504460569476889B005F132
:1058000018001CF0B0F905F1A00105F16C000123AE
:1058100004221CF058F90123082205F1D80105F1F2
:10582000A4001CF050F96B4905F5FC701CF068FBF6
:1058300000260122002105F546701CF0BDFA012169
:1058400005F11400C5F8C04218F047FC314605F5D3
:10585000F470C5E9786685F8406018F03EFC28468B
:1058600085F8C46218F040FC97F86130314685F83D
:10587000C532252305F5437085F8C73218F02DFC95
:10588000554905F536701CF06EFB544B4FF4206201
:10589000059305AB524985F8086305F5027000933E
:1058A0004FF0FF33CDE9066605F0E4FA204600F03C
:1058B000CDF90028C0F2868020464A4919F038FF09
:1058C00000287FDB2046656819F0EFFE002879DBB1
:1058D000204618F05CFB002874DB95F86030002B44
:1058E0004FD195F85F30002B6ED195F8623096213C
:1058F00083F001038DF80C302046012303AA19F030
:10590000DFFD00285EDB002502238F21204603AA4D
:10591000ADF80C5019F0D4FD002853DB402393213F
:105920008DF80C302046012303AA19F0C9FD002888
:1059300048DB0121204618F016FE002842DB2A4BE6
:105940002046CDE90335082303AA194619F0B8FD0E
:10595000002837DB40F2FF31204618F063FA0028B8
:1059600030DB40F6AC01204618F033FB40F68901ED
:10597000204618F02EFB204618F014FE00EAE070D6
:1059800020E0B5F85C3095F85E109A019B0A8DF81E
:105990000D3053BA8DF80C10ADF80E30972104235A
:1059A000204603AA19F08CFD00280BDB7F238921F8
:1059B0008DF80B30204601230DF10B0219F080FD0C
:1059C00000288EDA09B0F0BD204618F0C6FA00288B
:1059D0008BDAF7E725EB030075E40300F4C9040054
:1059E00028CF022047DE030003F703D373B5054633
:1059F0000C461646FFF788FB002819DB00230D4AEA
:105A00006006E109DBF7AAFD042300BA01908621B4
:105A100028460DEB030219F053FD002808DB05238F
:105A200022463146284602B0BDE8704000F090B9E9
:105A300002B070BD0048E8012DE9F34188460546F3
:105A40000669476801A9B8F8040018F0BAF90028F7
:105A500040F09B80284619F03EFA0446002840F0AA
:105A60009680434606F12C0208F1140153F8040B0A
:105A70008B4242F8040BF9D198F80630053B012B14
:105A800004D8B38E0B2B9CBF0C23B3860121284670
:105A900018F069FD041E70DB284698F90A20D8F832
:105AA0000010FFF7A3FF041E67DB2846D8F800109C
:105AB000FFF75AFB041E60DBB8F804400DF1030148
:105AC000204618F07EF997F8633098F8062073B9ED
:105AD00001A92046FFF754FA344B01999340B3FBD8
:105AE000F1F343F6FC718B4294BF002301238DF840
:105AF000073004239DF8030098F807108DF8042060
:105B00008DF805008DF8061028468B210DEB030259
:105B100019F0D6FC041E30DBB8F804102846A1F5B5
:105B2000FA735942594118F0B3F9041E25DB98F86D
:105B30000B2082B31E4B03EA02231201D2B213439D
:105B400043F4806343F004035BBAADF804304FF4D0
:105B5000E8610223284601AA19F0FDFC041E0CDBB3
:105B6000284697F8611018F00AFD041EA1BF002313
:105B700086F86830012386F84030284618F012FD78
:105B800006F1180018F0A7FA01E06FF0150420469E
:105B900002B0BDE8F08141F2244343F2444298F858
:105BA0000E10002918BF1346CEE700BF40420F0079
:105BB00000F0FFFF034630B40C46DA88006802F0BC
:105BC00040021979224383689C6994B11F2914D833
:105BD000130207D5012305698B402D682B4218BF9E
:105BE00082F0C062064BA44630BC134002F0B07293
:105BF00060476FF0570030BC70476FF01500FAE750
:105C00004000000603460A46F0B41979DB880068B4
:105C100013430D4A87689A4308BF83F440231F2922
:105C2000066923F480120AD8012534688D40DB0709
:105C30004CBF2C43AC4334603B68F0BC18476FF05A
:105C40001500F0BC704700BF01001000002370B5C4
:105C5000056944682861EB6020681BF05FFE10B99D
:105C60006FF0120070BD237E002B5ED1206A04F11C
:105C7000200619F018FD0028F2D04FF4B01130467C
:105C8000FFF7C0FF0028EDDBA06A04F1280619F039
:105C90000AFD0028E4D04FF480313046FFF7B2FF10
:105CA0000028DFDB206B04F1300619F0FCFC002833
:105CB000D6D04FF480313046FFF7A4FF0028D1DB67
:105CC000012294F834301D4902FA03F3C5E90113A7
:105CD000206B8368DB6973B3294698470028C1DBD2
:105CE0004FF4B011164A04F13C0019F043FB0028B0
:105CF000B8DB4FF4B011134A04F1440019F03AFB39
:105D00000028AFDB4FF4B0110F4A04F14C0019F03A
:105D100031FB0028A6DB4FF4B0110C4A04F154000B
:105D200019F028FB00EAE0709CE7E06819F0BBFC82
:105D300000289BD194E76FF0570093E79DF603008E
:105D4000C2C90400D1C90400DBC90400E5C90400CC
:105D50002DE9F34147681E4697F8383005460C4652
:105D6000002B41D00E293DDD324B9A428CBF0622DA
:105D7000042200238DF8053040F20113ADF80630FF
:105D800004238DF80420952128460DEB030219F019
:105D900097FB002823DB0E2C6FF01003A8BF0E2406
:105DA0009C42B8BF1C4697F8383040F6E701002BFC
:105DB0000CBF3823182328468DF803300DF1030259
:105DC000012319F0C8FB002809DB02238E21284695
:105DD00001AA8DF804408DF8056019F071FB02B03E
:105DE000BDE8F0810422C4E716296FF00803A8BFBC
:105DF00016249C42B8BF1C4609340F4BE4B204EB96
:105E0000440403EB04081B5D98F801208DF804306E
:105E10004FF48073ADF8063004238DF805209521EA
:105E20000DEB030219F04CFB0028D8DB98F9024077
:105E3000B9E700BFFF83D717FDCD0400036803F067
:105E40001F025F2B02604FEA53129ABF024B53F8B6
:105E500022000020704700BFD08404002DE9F04FDD
:105E60001646804640F2FF1A00EB8109DFF820B1A8
:105E7000484985B0C14501D1002020E0D8F8002074
:105E8000C2F3C323082BC2F308047DD8544508BFCE
:105E90004FF0FF34B2F1E06F1BF803504FEA12638A
:105EA00007D2013B052B0DD8DFE803F01B57541F29
:105EB0005054382B54D04E2B4FD06FF0850005B086
:105EC000BDE8F08FC6F80446631C3CD0012703A848
:105ED0000394FFF7B3FF039B07FA03F343603B46CA
:105EE00011E0C6F80C4600234AE00027C6F8004639
:105EF000621C28D003A80394FFF7A0FF0123039A94
:105F000003FA02F28260D8F800200394100448BF1C
:105F1000002303A8CDE9002348BF0127FFF78EFF28
:105F2000039C009A00EB8400D0F88040019BC2F3F0
:105F300041222D0245EA82052B430C40234343EACC
:105F40004703C0F8803008F1040893E70127C6F83A
:105F50000446CDE7C6F80846C5E7C6F81046B3E7DD
:105F600003A80394FFF76AFF039B00EB8300D0F8BC
:105F7000803023F0E04343F08043C0F880300123B9
:105F8000601CE0D01F46BEE76FF0150097E700BF2A
:105F90005DCE0400F0F0FCFF0122014B1A60704757
:105FA00000700D500C2903690BD1DB6A06490748C4
:105FB0004B4393FBF0F100FB113311600020536061
:105FC00070476FF08500704790D0030040420F008B
:105FD0000022044B0069C3F80021D3F8003104F01B
:105FE00035BD00BF00700D507FB505692B6B002BD0
:105FF00030D04E2901D00C292FD105F118064FF0D1
:10600000FF324FF0FF33304604F0B6FB144B002450
:1060100001930323286B0394029383686A46214605
:10602000DB6998474FF0FF324FF0FF33284604F00A
:1060300045FD286B214683681B6A9847094BD3F8B6
:106040000825EA6201225A60304604F037FC2046F7
:1060500004B070BD6FF00A00FAE76FF08500F7E753
:10606000995F020000700D5010B50D4B0469236359
:106070004FF0FF32002120461BF09EFE04F1180075
:106080001BF071FD00220121D720E8F715FFD72072
:10609000E8F7E2FE0122034B0020C3F8042310BD01
:1060A000A060040000700D5038B5054600220121A3
:1060B000C620E8F701FFC620E8F7CEFE6C68012194
:1060C000E06819F03EFC6B6819686369C1F8243513
:1060D000E28BA38BA07E1343228C1343628C134369
:1060E000627E9BB20243207E02431343C1F86C35AB
:1060F00069680B68D3F8002242F48022C3F80022BA
:106100000822C3F800254A6A0121C3F83C2700226F
:10611000C3F840271965D3F830110029FBD0C3F824
:1061200000252846BDE83840014913F00CBE00BFE9
:1061300061F903002DE9F04104460D4647681BF064
:1061400033FF68B12022EFF311831E4682F31288D9
:1061500061680968D1F83011C1B983F31188F2E799
:10616000174B1B78002BEDD04FF020086426636896
:106170001B68D3F83031A3B9012019F0CEFE013EDF
:10618000F5D12020002105F027FAEFE77B6A0122F4
:106190001D702046796A19F0BCFB86F31188BDE8B2
:1061A000F081EFF311831E4688F31288626812684B
:1061B000D2F83021002AE9D183F31188E1E700BF4A
:1061C000A9A6022038B50446056919F061FE01460A
:1061D00070B9012205F1C4001BF0EEFD05F15C0071
:1061E00019F09EFC2046BDE83840024913F0ABBDD3
:1061F00038BD00BF4FFE03002DE9F04198468B8863
:106200000E46990407461546046900F182804FF056
:10621000FF324FF0FF3304F16C0004F04FFC2666B0
:10622000002D7FD1C4F8A0500023C4F8A43004F19D
:10623000B80204F1A40104F1A00019F05EFC0546C7
:10624000C4F8B400B8F1000F74D1C4F8A8800023DA
:10625000C4F8AC3004F1C00204F1AC0104F1A800B0
:1062600019F04BFC00231A46D4F8A4C0C4F8BC00B3
:10627000C4F89C30624566D100221146D4F8ACE0E7
:10628000714568D193422CBFC4F8B030C4F8B02037
:1062900015B1D4F8B8302BB900286FD0D4F8C0307D
:1062A000002B6BD03146384600F06EF8054610BB27
:1062B00004F15C08E66504F1C405284604F01EFC00
:1062C0003846304919F087FD4FF0FF324FF0FF3369
:1062D000284604F0F3FB3146384619F07DFD384678
:1062E00019F04BFC404619F0DFFB054600283BD176
:1062F000B3889A040AD4E36D13B19B889B0405D438
:106300000023236604F16C0004F0A0FB2846BDE8DE
:10631000F081636F002B7FF47AAF236E9E427FF48F
:1063200076AF7DE72B68C4F8A030002B3FF47CAF3C
:106330006B687AE7D8F80030C4F8A830002B86D014
:10634000D8F8043084E7D4F8A01001EBC201496802
:1063500001320B448EE7D4F8A8C00CEBC10CDCF87A
:1063600004C0013162448BE710F1740FC3D1384689
:1063700019F06AFD404619F097FBBCE76FF0150570
:10638000B9E700BFADFC0300F0B50569034695F819
:1063900028200C468BB00AB3E96A226891421DD1CD
:1063A000296B6268914219D195F84020207D904276
:1063B00014D1B5F84410228B91420FD16A6BA168B9
:1063C00000286ED0914209D1AA6BE1684A4032F4AC
:1063D0007F4003D1E96B2269914260D0A288110508
:1063E00074D412F0090674D102F4FC61B1F5807F17
:1063F0006FD120683A4988426BD929685868D1F82A
:1064000000164F1C0FD012F0020201F01F07DFF838
:10641000D4C04FEA511149D102295DD801225CF85C
:106420002110BA408A604FF0FF320392827F2168C8
:106430008DF812208269914294BF05910592A2883D
:10644000960702F0040139D500290CBF022103216F
:10645000C2F300128DF819204FF0FF32079290F826
:1064600020208DF818108DF8202001228DF823208F
:106470008DF8242095F8282012B3694628461AF092
:1064800070F860B905F12C0304F11C0254F8041BE8
:10649000944243F8041BF9D1012385F828300BB04E
:1064A000F0BD91429AD1A96BE26895E7022915D80F
:1064B00001225CF82110BA404A60B4E78908C7E7B6
:1064C00069462846084A1AF02BF8DAE76FF085008B
:1064D000E5E76FF01500E2E79260FFDE7660FCE72B
:1064E00047E8010094850400A1FD030070B40E4C40
:1064F000D4E90015501A63EB0506400940EAC6606E
:106500002026E0FB0615C4E90015002400250749F4
:10651000C1E90023064BC3E90045EFF3118186F37F
:10652000128870BC05F06CBAA8490220904902207C
:10653000A049022000220121E42010B5E8F7BCFCAC
:106540001A4A0020D2F8183723F4403343F40033BA
:10655000C2F8183700F04CFF002826DB0120144950
:1065600000F0D2FF002820DB00F01CFF114B20F0D0
:106570001F00C3E90001104B104CC3E900014FF0AC
:10658000FF304FF0FF310E4B0022C3E900010D49EF
:10659000207A00F017FF67220B4B20211A6020465B
:1065A0000023012201F0ACF8002010BD00200E50A5
:1065B000500B0020A849022088490220480B0020E7
:1065C00090490220ED6402007C7C022008B500F0B6
:1065D000E9FE064AD2E90032C01A054B61EB02011E
:1065E000C3E90001400940EAC16008BDA849022092
:1065F000A049022010B50A48002183681B6A984709
:1066000000F0D2FFBDE81040064B074A1B684FF46C
:106610007A70B3FBF2F35843044B43F0010318477D
:1066200080600400540B002040420F00B06D040055
:10663000F7B5224B0146224F187A224BD7E9005674
:10664000D3E900239E4208BF954211D1B1F1806F7A
:106650000ED24901012938BF012101224D1946F10D
:106660000006C7E9005603B0BDE8F04001F028B8C5
:10667000154BDFF858C0D3E90043DCE9002CA4181F
:1066800043EB0C0C4FF0200E22466346E1FB0E2339
:10669000954276EB0301C7E900230DD2291B66EB77
:1066A0000C04C82974F10004B4BF01210021009139
:1066B00000F0D0FF03B0F0BD0021F8E7480B002048
:1066C0009849022090490220A8490220A0490220AE
:1066D000064BD3F840231C2A05D1D3F84403431EAC
:1066E0005842584170470020704700BF00C0FF006B
:1066F00003689A070CD50368DB070DD50922074B01
:10670000C3F80C250F22C3F8042501221A60FEE706
:10671000034B0360EF3B0360704700BF00801050E5
:10672000F000FA5008B50123404A4148C2F8003849
:10673000404AD2F840231C2A04BF3F4AC2F80C3416
:10674000FFF7D6FF0830FFF7D3FF0830FFF7D0FF81
:106750000830FFF7CDFF00F5F470FFF7C9FF374AA7
:10676000D2F88C3043F44063C2F88C300022D3005E
:1067700003F57F0303F54043D3F8001401310AD039
:10678000D3F8001439B1D3F800140132D3F804342B
:10679000402A0B60EBD1254BD3F84024002A41D08E
:1067A000FFF796FF48B1234BD3F83423244B9A428A
:1067B0009EBF1E4B234AC3F84026FFF789FF18B13E
:1067C000214B224AC3F8AC27FFF782FF48B134229D
:1067D000164BC3F82426D3F83C2622F40022C3F833
:1067E0003C261B4B1549D3F80026D20744BF6FF057
:1067F0000102C3F80026174BD3F8182522F0030234
:10680000C3F81825D3F8182542F00302C3F8182559
:10681000D1F88C2042F44062C1F88C200022C3F8E9
:10682000A02508BDC822C3F84024B9E700001250D3
:1068300000C50D5000C0FF000030055000ED00E025
:10684000001D0A1840E0A91E00A0085078000A04A4
:1068500000E0105000B004500D4B0001034452B151
:10686000D3F808250A43C3F80825D3F80C251143AB
:10687000C3F80C157047D3F8082522EA0102C3F8C3
:106880000825D3F80C2522EA0102C3F80C2570472D
:1068900000F00C5002464FF480214FF00050014BA5
:1068A00019F070BB5968020038B504230A4C42F253
:1068B0001075C4F80833012363610023C4F808315C
:1068C000D4F80831D4F84C34DB0304D5012019F096
:1068D00024FB013DF6D138BD00E01050074A137982
:1068E00043B90121537110601171054A1846C2F86D
:1068F000403470476FF07700704700BF807C022003
:1069000000E0105010B51B4B1B4CD3F84C14D3F8BF
:106910004C2411F4803F14D0900701D0FFF7C4FF3E
:106920000022144BC3F84024C3F80821D3F80821EF
:1069300001221A61226872B9D3F80821002AFBD01B
:1069400011E0D3F84824D107EAD5D3F850249207B0
:10695000E4D122681AB10422C3F8042310BDD3F88D
:106960000821002AFBD00022C3F80821D3F80831FF
:10697000F4E700BF00E01050807C0220154BD3F8F4
:106980000C24D10320D5D3F84C24D2031CD5124AB1
:10699000517901F0FF00D1B9C3F80C01D3F80C1103
:1069A000012151719961126822B10822C3F80423B0
:1069B00000207047D3F80C21002AFBD00022C3F836
:1069C0000C21D3F80C31F3E76FF0760070476FF0CD
:1069D0000F00704700E01050807C022070B5134C0F
:1069E000134DD4F80C3303F00C0303B970BDB3FAA4
:1069F00083F300260121C3F11F039A0002F5807280
:106A000092B202F1A04202F5871216609940126814
:106A1000C4F80813032BD8B22B6808BF6E719847CF
:106A2000D4F80C3303F00C03DFE700BF00E0105094
:106A3000807C0220712238B5104B0021C3F8082356
:106A4000012242F210745A60C3F80011D3F8001109
:106A50000B490A4DD1F840131C2908BFDA60D5F85C
:106A60000C3413F4803305D0012019F056FA013CA0
:106A7000F5D138BD034A5371FBE700BF00E0105069
:106A800000C0FF00887C0220054B0246187918B927
:106A90001A6001221A7170476FF07700704700BFCB
:106AA000887C02200022164BC3F81021D3F8101165
:106AB000C3F81821D3F81811C3F81421D3F814110E
:106AC0001049D1F840131C2904BF01219960C3F873
:106AD0000021D3F8002101221A600B4A126852B932
:106AE000074BD3F80021002AFBD00022C3F8002175
:106AF000D3F8003170477122C3F80423704700BFF8
:106B000000E0105000C0FF00887C0220F8B501268C
:106B1000194C1A4DD4F80C3303F0710303B9F8BDC6
:106B2000B3FA83F30021C3F11F039A0002F58072C8
:106B300092B202F1A04202F58712116006FA03F741
:106B4000042B1268D8B2C4F8087308D0062B10D0F2
:106B50002B689847D4F80C3303F07103DEE7022367
:106B60006B71C4F81411D4F814312023C4F8043321
:106B7000EEE76971ECE700BF00E01050887C02206E
:106B80001022054911F8013D013A01330B701B0A2F
:106B900001D0002AF6D17047E0490220254B90B081
:106BA00004931123244A2549CDE9062308AB059314
:106BB00040F61102224BCDE90A12089320330C93C0
:106BC00021230CAA09921F4A0090CDE90E2301232C
:106BD000CDE901320D9320231B4A0393D2F80034F0
:106BE00043F00103C2F800344FF0A34304AA1A6033
:106BF0000322C3F810D05A63BFF35F8F9A639A6A77
:106C000012F0240F12D1D86B10F02300F7D14FF0FF
:106C1000A34310225A6300225A630B4AD2F800346D
:106C200023F00103C2F8003410B070474FF0FF307A
:106C3000EDE700BFA0850400040000202000002034
:106C4000B049022010000020008004502DE9F041DE
:106C500004464FF000088CB06F4608EB0700FFF7C2
:106C60008FFFFFF79BFF6D46064608BB08F1100833
:106C7000B8F1300FF0D11CB104F13002944210D1C0
:106C80000FCD0D4C0FC495E80F0084E80F001034B1
:106C90000CAB13E90F0084E80F0030460CB0BDE8E0
:106CA000F081396854F8043B4B4047F8043BE5E772
:106CB0004FF0FF36F1E700BFB04902202DE9F04167
:106CC00019B1002855D0402956D800244FF48076B9
:106CD000A6464FF400772A4ADFF8A8C0D2F800345D
:106CE00043F00203C2F80034274A284B82F839E007
:106CF0001E601C645C645F63C3F800C01D6B15F00C
:106D00000E0FC5F34208F9D0B8F1050FEED092F896
:106D100039508DB95D68032DF0D9D3F880501D61CD
:106D2000D3F880505D61D3F880509D61D3F88050D6
:106D3000DD61012582F839505D68B1EB850FDDD842
:106D4000124A61B1D2F88030041D00F8013B844240
:106D50004FEA132301F1FF31F3D00029F5D10020D0
:106D6000074AD2F8003423F00203C2F80034BDE829
:106D7000F0816FF01500FAE76FF00600F7E700BF4B
:106D80000080045001000400B0490220001080512E
:106D900030B58DB030216846FFF790FF18B14FF045
:106DA000FF300DB030BD6846FFF750FF0028F6D128
:106DB00001240025014BC3E90C45F2E7B04902204C
:106DC00010B50B4C94F83830012B0BD04022002129
:106DD00020461EF0E9FCFFF7DBFF30B9012384F801
:106DE000383010BD6FF07700FBE76FF08B00F8E7ED
:106DF000B0490220F0B505460C4685B021B1002807
:106E000035D0B1F5803F32D81A4E736BB3F5803F61
:106E100018D3FFF7BDFFA8B16FF08B0005B0F0BD30
:106E2000102C6846274628BF1027FFF7A9FEFFF75A
:106E3000B5FE0028F0D128463A4669461EF08EFC81
:106E4000E41B3D44002CEBD12046FFF7FFFE002859
:106E5000E2D1D6E90C32013342F100022146284644
:106E6000C6E90C32FFF72AFF0028D7D0D4E76FF02D
:106E70001500D3E7B0490220036803F01F025F2B1F
:106E800002604FEA53129ABF024B53F822000020CF
:106E9000704700BFA4850400034A4309D35C00F097
:106EA0001F001844C0B2704766CE0400F0B5064615
:106EB000002487B0114F019117F8012B06AB03EBAB
:106EC000D20313F8143C02F00702D34013F001037D
:106ED00006D10134032CEFD10023184607B0F0BDD2
:106EE000074A03AD07CA85E8070055F824100A6A67
:106EF00046F824200A62002AEBD0EEE776CE0400A2
:106F0000F06C0400F7B504460846FFF7C5FF04EB34
:106F10004006B38A0D46DB072AD5204619F037F91B
:106F20002946204619F0A4F850B1204619F0B6F8C9
:106F30000023276807EB8000C0F81035C0F8103533
:106F40002946204619F0D3F8002101A8B182019505
:106F5000FFF792FF019B00EB8300D0F88020064BE7
:106F6000134043F00203C0F88030084603B0F0BD80
:106F70006FF01500FAE700BFF0F0FCFF2DE9F043D9
:106F8000044685B0084615461F46FFF785FF0E46A6
:106F9000804625B3204619F076F818B9204619F036
:106FA00067F818BB04EB4809B9F8143003F01C0368
:106FB00013B16B78012B19D001238DF80F3000230A
:106FC0003046CDE900536A1CAB1C0DF10F0118F0DF
:106FD000F7FFB9F8143043F00303A9F81430002F79
:106FE0003ED03146204619F04EF820B96FF015001A
:106FF00005B0BDE8F0830022397823684FEA810CA0
:1070000003EB8103C3F81025C3F8102504EB4802F5
:10701000938A23F4604323F0200393827D78FDB1AB
:107020002468B8786444D4F810750E4B2D043B40A6
:10703000C4F8103541F6F07305F4403503EA061341
:107040000005D4F810752B4300F4801003433B4334
:10705000C4F81035938A43EA413343F02003938206
:107060000020C5E70FE0ECFF70B590F874400546CE
:1070700090F8756044BB4622214614301EF094FB04
:107080002146134A2B6852F836608E4212D10024F2
:1070900040F20D10C3F84441D3F844210D4A934205
:1070A00008BFDB20E7F7D8FE0123204685F87430BF
:1070B0002B6670BDCAB2920002F58070442A04BFEC
:1070C0001C501A580131E0E76FF07700F1E700BF7C
:1070D000B085040000A00D5090F87500024B03EB42
:1070E000800018F036BF00BF580B002010B5064BCB
:1070F00090F875000C4603EB800018F010FF002894
:10710000A4BF2070002010BD580B00202DE9F04FC7
:10711000804658F804BB90F87540DBF814136A4BAE
:10712000C9B253F8342007468BB0584641F40031B9
:1071300019F006F88203054639D50023CDE9073357
:107140000993614BE60003EBC404636807A8194682
:107150000093FFF7ABFE331D03934FF0000A5B4B28
:107160000DF11C090293029A574912F8013B029251
:10717000039A02EBD3028A5C03F0070322FA03F3BB
:10718000DB071AD40AF1010ABAF1030F09F1040965
:10719000E9D14FF400310022584618F0D1FF009990
:1071A00007A8FFF783FE0028D7D125F40035012476
:1071B000002D73D10BB0BDE8F08F454B53440493C1
:1071C000D9F80060002EDDD096FAA6F6B6FA86F65B
:1071D000049B1C7846EA44142046FFF75DFE07EB4B
:1071E0004000818AF208C1F38203059301930123D1
:1071F00019F8020006F0070603FA06F620EA060070
:1072000009F8020006A80694FFF736FE069A11F068
:10721000100F02F1200250F82260059BC6F30146D0
:1072200023D04046019A214618F042FF06A8069452
:10723000FFF722FE069BF6B2203350F82330C3F34B
:1072400001439E4207D10021204618F002FF31463B
:10725000204618F0FEFE06A80694FFF70DFE012258
:10726000069B02FA03F30362AAE7022E14BF02216F
:1072700003212046059318F0ECFE059B032B03D059
:10728000022E07D1012BE6D121464046019A18F083
:107290000FFFE0E7032EDED1022BF4E795FAA5F30A
:1072A000B3FA83F304FA03F225EA020503F5A272A6
:1072B0005BF8222007EB43034046B3F86410C2F3A7
:1072C000014218F0F5FE73E7B085040076CE0400A5
:1072D00076CE04000123034A03FA00F093680343C7
:1072E00093607047A00200200123044A03FA00F0D3
:1072F000936823EA00039360704700BFA002002058
:1073000010B40C4A037AD11891F8544000211B01A3
:1073100003F1A04303F56223C3F82C150C2303FBF0
:1073200004230168D96042681A61007A187510BC9C
:10733000FFF7D0BFA002002073B504460191EFF320
:107340001186202383F312880A4D019B6A6801A8E5
:107350001340019318F0E3FD002807DB01226B685E
:10736000824023EA02036B602070002086F31188BC
:1073700002B070BDA0020020012303FA00F010F05B
:10738000670F0AD0064B5B68DB4303F067030342D9
:107390000CBF6FF01500002070474FF0FF307047B2
:1073A000A00200204FF0FF326FF0404330B5044C94
:1073B000D4E90001824273EB0105F9D330BD00BF6F
:1073C00040270E5030B50C25074B1C1894F854403C
:1073D00005FB0433C3E9031218750123034A8340F4
:1073E000C2F8243330BD00BFA002002000200E50A0
:1073F000F8B53E4C2278002A72D13D4BD3F81015D7
:1074000021F00201C3F81015D3F8101541F0010165
:10741000C3F810150521C3F8A4160421C3F8AC164F
:107420000723672101F001000244013BD2B24FEA79
:107430005101F7D1052A56D119464FF0010C2B4EB8
:1074400000256720CFB204E00CFA02F220EA020025
:10745000013590FAA0F25FFA85FEBE45B2FA82F2DB
:10746000F2D3013132750529224482F8547006F1B5
:107470000C06E5D1012100251E489A0801FA02F206
:1074800012F0670F18BF1D500433302BF5D1E420E4
:10749000E7F7E2FC164B1849D3F8102503F5C07343
:1074A00022F00202C3F8902340F6FF72C3F8A8212D
:1074B00000221A60A3F5807004338B420260F8D179
:1074C00001250B4B0D4A1D660D4B5D201B68B3FB60
:1074D000F2F358430B4B2B43984700202570F8BD1F
:1074E0006FF07700FBE76FF08B00F8E7A002002059
:1074F00000200E5000210E50B0210E5040420F00CF
:10750000540B0020C06D040038B5244B0D46D3F851
:10751000102594073CD4D3F8102542F00202C3F89A
:107520001025C0B1D3F8482712F0010202BFD3F8EA
:10753000481741F00101C3F84817184BD3F840171A
:10754000D3F844174800F9D42AB9D3F8482722F0D1
:107550000102C3F84827124B124A1B68B3FBF2F32F
:107560000E4A03EB4313B3B1D2F84017D2F84417D5
:1075700049000BD44FF0FF312846FFF7DDFE0446EB
:1075800010B92878FFF7A6FE204638BD013BEAE790
:107590006FF07704F8E76FF07304F5E700200E5002
:1075A000540B002040420F002DE9F047DFF89C907B
:1075B00067234E4656F8044F0025E4434FF0010878
:1075C000234F04F06704C7F82833E9B2E4B9E42094
:1075D000E7F750FC1E4BD3F8482722F00102C3F80E
:1075E0004827D3F8102522F00102C3F81025D3F85C
:1075F000102522F00202C3F8102501225A669A666D
:1076000089F80040BDE8F087D9F8083008FA05FA93
:107610000AEA030313F0670F02D00846FFF764FE7F
:10762000D9F80430DB4303F0670313EA0A0F09D0EB
:10763000002207EB0513C3F82C25E30702D53046DB
:1076400018F087FC64080135BFE700BFA0020020E6
:1076500000200E5070B51E461546174A9DF81010B2
:10766000131893F854300C3302EBC30442F8335030
:107670006660C6F313020401A1B104F1A04404F54D
:107680006224C4F82055C4F824250C4C800004441E
:10769000236833B1FFF786FEA842B14101D200232F
:1076A000236070BD04F1A04303F56223C3F82055A5
:1076B000C3F82425F5E700BFA002002000210E50EA
:1076C000F0B50E4D2B1893F8543000010C3355F8DB
:1076D000334005EBC3077E68641800F1A04021F039
:1076E000004146F1000641EAC27100F5622045F80A
:1076F00033407E60C0F82815F0BD00BFA002002016
:107700002DE9F0410446007A9846FFF735FE0D4614
:107710001746064640BB2046FFF7F2FDEFF3118007
:10772000202383F31288227A114B92009E50227AF2
:10773000104925F0004545EAC87501EB0212C2F870
:10774000285580F311887FB10123227A0A4803FA71
:1077500002F2D0E8EF7F1743C0E8E57F002DF8D1B3
:10776000227A9340C1F824333046BDE8F08100BF4F
:1077700000210E5000200E5028030020F7B5284BA2
:10778000284CD3F82C6304F188070EB903B0F0BD80
:1077900096FAA6F00123B0FA80F08340DA4322493A
:1077A00026EA0306231893F85450830019440C2347
:1077B00003FB0543DB6873B3D7E8EF3F03EA020C32
:1077C000C7E8EECFBEF1000FF6D1C340DB0719D5F5
:1077D000020102F1A04202F56222D2F82435D2F869
:1077E0002025D1F800C0BCF1000FCED04FF0000C26
:1077F000C1F800C00C2101FB054529690091E96829
:107800008847C2E705F10C0304EBC30C54F833209E
:10781000DCF80430E5E70A68002AB6D00B60B4E76C
:1078200000200E50A002002000210E50036803F03B
:107830001F025F2B02604FEA53129ABF024B53F8AC
:1078400022000020704700BFC085040010B50B4B1C
:1078500004680B4A0B48844208BF1346B3FBF1F09F
:1078600001FB1033834206D2C30704D47E288CBFA9
:107870000020012010BD0020FCE700BF0024F40020
:107880000020A10700A0045073B51646421C1C46F8
:107890000546069B18D0012902D1BBB118F00FFE96
:1078A00001A80195FFF7C2FF019B240200EB8300B2
:1078B000D0F88020074B44EA86040C4313401C4355
:1078C00044EA4101C0F8801002B070BD18F003FE18
:1078D000E6E700BFF0F0FCFF2DE9F74F91F821300B
:1078E00005460C46002B00F0B38091F822802968F1
:1078F000654A664F66486369914208BF0746B7FB11
:10790000F3F7644BD3F840331C2B13D1022F95F8B7
:10791000223040F2A080227E12F0FD0F40F09B80CA
:107920007A080132D2B2904538BF904643F0100336
:1079300085F8223094F8232095F8223062F3000372
:1079400085F82230227CDBB262F3410385F82230D5
:1079500094F82360002E32D162694F4B01219A4284
:1079600014BF4FF005094FF00F09237E3246012B5B
:1079700094BF00230123009320684B46FFF784FF48
:1079800000964B46324601216068FFF77DFF009666
:107990004B463146A27EA068FFF776FF237C324635
:1079A00083F00103009301214B46E068FFF76CFF71
:1079B000012100914B463246E069FFF765FF94F8DC
:1079C0002130002B4AD04FF0FF336B6294F8211026
:1079D00094F812E0207E627E002949D0E668217C7E
:1079E00094F8249094F820C02B68B9F1000F10D1BE
:1079F000D4E900BAD4F80890E469C3F800B6C3F833
:107A000004A6C3F80896C3F80C46C3F8B815C3F823
:107A10001066003A18BF01220228C3F8B085C3F8E7
:107A2000C0E5C3F82C7526D0032827D0012801D142
:107A300042F00202C3F85425C3F8ACC56B6803B327
:107A40002868C0F3083003B0BDE8F04FE7F704BA88
:107A50004FF002084BE723F0100369E7E3686B621D
:107A6000227C95F8223062F3410385F82230ADE79D
:107A70004FF0FF36B4E742F00402DBE742F00602C3
:107A8000D8E703B0BDE8F08F00A004500024F40054
:107A90000020A10700C0FF000048E801431C07B513
:107AA0000ED0019001A8FFF7C1FE019B00EB8300FF
:107AB000D0F88020044B134043F00203C0F880301C
:107AC00003B05DF804FB00BFF0F0FCFF38B50446DE
:107AD0000068C0F30830E7F7CDF9636843B1214689
:107AE000154A51F8043BC3F80823206818F0FFFC3E
:107AF0002368D3F80006D3F80416D3F8085694F890
:107B00002230DB0714D4FFF7C9FF2846FFF7C6FF72
:107B10000846FFF7C3FF606AFFF7C0FF2368D3F88A
:107B20000C06D3F81016FFF7B9FF0846FFF7B6FFAB
:107B3000002384F8203038BD0700F81F184B194A7D
:107B400011F0805F30B50CBF1C461446036883EA11
:107B5000010525420DD043F30904013409D001EA9F
:107B60000204114A1A4042F09F4242F4E002944259
:107B700003D100230360012030BD0A0D02F4E0644C
:107B8000B4F5806F05D1C3F38924C1F389218C42F8
:107B900001D20020F0E752B203EB82230360F8E742
:107BA00000FC0F7000FCFF7F00FC0F002DE9F04F80
:107BB0000646D1E9039587B03C300F469A460595B5
:107BC00018F026FE9046044680B1C2F389246CB1B9
:107BD000F36BCAF38922C3F38923934204D16FF074
:107BE000010007B0BDE8F08F6CD30024C8F3892BE7
:107BF000284618F0F6FD031D4B45F0D80423A9EBE9
:107C0000000905AACDE9019203933A680021009288
:107C10003046324618F02FFE0028E2D1059B1BBAF1
:107C20006B4023F000430593BBF1000F1ED0290DDC
:107C300001F4E062B2F5806F18D1AAEB0402C2F33E
:107C4000892CC5F38920844510D322F07F4222F489
:107C5000700222F47F7222F0030242F0804242F46A
:107C60008012AA42BBD049B204EB8124AAEB0401E2
:107C7000694011EA080127D145F309030133AED069
:107C8000129BC5F30908984528BF9846119BCDF86B
:107C90000C800293109B324604334B4401933B68A3
:107CA00030460093434618F0E6FD002899D1129B18
:107CB0000146A3EB0802119B03EB08001DF074FDC5
:107CC00060198EE7014C91E71D4691E700FCFFFF2C
:107CD00030B587B003AD1446084B094A009518F03B
:107CE0007FFE002804DA831C00D1002007B030BDDD
:107CF0002946204618F07FFDF7E700BF0C00F07F13
:107D00000000F07F38B5074904461DF08CFD054999
:107D1000054620181DF0C9FD0444605DB0FA80F0EE
:107D2000400938BDFBC80400F0B51C4640F2FF33E3
:107D30009A4205460E4685B004F1080C08D160460B
:107D40001A49D9F72FFC02232370002005B0F0BD9B
:107D5000036F9702013343EA8223CDF800C0144A2F
:107D600018F03EFE0028F1DB000D02AB20700093FE
:107D700047F00053314628460E4A43F0080318F0F6
:107D80002FFE0028E2DB40F20223B3EB105F4FEA44
:107D9000105202D1039B6360D7E740F201239A425D
:107DA000D3D1C0F309006060CFE700BFFBC8040077
:107DB00000FC0F7800FC0F702DE9F04F00258A467B
:107DC000A946ABB01F46BDF8E030CDE90A55059392
:107DD000BDF9E430BDF8DCB006900493384618F0E5
:107DE00000FDDAF80C3000EB0208984565D2042358
:107DF000039309ABCDE90183069ADAF8003000213C
:107E000000931046042318F036FD002840F0198135
:107E1000099B1BBA7B4043F000473C460997DAF8C0
:107E200000300A9308F104030B930AAB369A89EAEF
:107E300004061640844A16403DD1369AC2F3892280
:107E4000002A00F0A4804FF03C0C0CFB05FC349998
:107E50000CF1A8026A4442F86C1C359922F85CBC0B
:107E600042F8681C3699B34642E91919B14605999A
:107E700042F8483C22F85A1C04990CF1A80322F855
:107E8000581C3A990DEB030C42F8541C3B9942F8EC
:107E9000707C42E91414DDE90A01ACF14C0342E9BB
:107EA0001EA8443A3B9382E80300684BCDE9046680
:107EB000013536963A93424690E7359B002B40F3C6
:107EC000BE803499349B0831349135991C6801394E
:107ED00090465B6809943591A8E7B2F5817F1ED181
:107EE0001C460026099BC3F309029642E3D2049A7A
:107EF000A168C3F38923134441EA8321237862688C
:107F000003F5407341EA0351DDE93A309847002810
:107F1000C0F2978004F10C04CDD10136E2E71A4695
:107F2000049B04EB8321DDE93A3098470028C0F236
:107F30008880C0D0002D00F084803C222AAB013D17
:107F400002FB053252E91C73349352F8683C0AAEC6
:107F5000359352F8643C52F84C4C369332F85A3C04
:107F600052E91101059332F9583C86E8030052E9C1
:107F70001EA8049352F8543C52F8609C3A9352F86D
:107F8000503C32F85CBC3B9352F8483C0994369A1A
:107F9000C2F3892232B1C4F389225A458BD30599A1
:107FA0008A4288D2C4F30A52002A84D040F20111D6
:107FB0008A4292D1254A07933A9B93423FF47BAF82
:107FC0003C222AAB02FB05360021A6F178001DF009
:107FD000EBFB349B26F85CBC46F86C3C359BC4F349
:107FE000090B46F8683C369BC4F3892446E91939E5
:107FF000059BA4EB0B0426F85A3C049B46E91EA8FB
:1080000026F8583C3A9B124A46F8543C3B9B46F8AB
:10801000707C46F8503C0BF101030593049B4FF034
:1080200000591C4423B20493079B4FF0FF379A4634
:10803000002301359846CDE9353234933BE70020E3
:1080400078E72BB0BDE8F08F0000F07F3D7B0200A9
:1080500000FC0F602DE9F04F984685B0836E0F9DB0
:10806000119EDB691446AA199A42074689461ED911
:108070006FF0530043E02368E06802331DD1D4E978
:1080800001130B449D4218D28D4216D3A3EB050A6F
:10809000B24528BFB246691A0144524610981DF0F5
:1080A0005DFB109B554453441093A6EB0A064EB358
:1080B0006FF0010B08F1FF3ADDE7C4F800B0BB6ECA
:1080C0005B69B5FBF3F25A436260B96ED1F814C034
:1080D000896A0AEB0C032B44B3FBFCF30CFB03F3A0
:1080E0008B4228BF0B464946A360CDE901030092AD
:1080F00038460E9B044AFFF759FD0028BBDA05B04D
:10810000BDE8F08F3046FAE700FCF7FF2DE9F04FAD
:1081100097B00A93C36E144607460E46126853B1D1
:10812000934205D86FF05305284617B0BDE8F08F8D
:1081300061688B42F6D900214FF004080EABCDE9FF
:108140000113009243463A463846CDF80C80CDE9FB
:108150000E1118F090FB054610B110F1540FE3D149
:10816000CDF80C804FF000080FAB0293CDF80480DF
:1081700063683A46009341460423384618F07BFB77
:108180000546002848D010F1540FCDD1414654F88F
:1081900021304FF0FF35336081F00103099354F82B
:1081A0002330736016AB03EB810151F8203CB360C0
:1081B0000023F36002230893A44A10AB92E8030063
:1081C000042283E803004FF0FF3006F1080102F0BB
:1081D0000DF80023A9464FF0FF389B46CDE9063342
:1081E0000C900593404618F0FCFA0422BB6E8344C1
:1081F00003920DAACDE901B23268002100923846FF
:108200003A46DB6918F037FB044668B114F1540FA5
:1082100000F01A81254687E7DDE90E31C91A0029E9
:10822000D4BF00210121B2E704220C980DA901F06E
:10823000DDFF0D9B0C901BBA88EA030ABAF1000F10
:10824000CDF834A01DDA4FEA185303F4F063A3F518
:10825000A06463426341F268002A40F0FD80D6E9E1
:108260000032C6E90023099A16AB03EB820353F8E8
:10827000203CB360089B012B3FF454AF01230893CB
:108280009AE7504618F0ADFABB6EDA6900EB0B03C3
:10829000934200F2D9804FEA1A5101F4F061B1F52E
:1082A000A06F33680BF1040833D10421039114A9A2
:1082B000CDE9018100932146134638463A4618F02D
:1082C000DAFA04460028A1D1149A0C9B9A4240F095
:1082D000BB800D9B04221B0DF86A0CA98AEAC37AA5
:1082E00001F084FFF8620D9818F07BFA059B584462
:1082F000B382109BC6E9030AB361119BF361069B2D
:10830000F3754FF0FF330C934B464D46D0469946DC
:1083100068E70CA90438CDE9008002913846394657
:1083200018F085FB044600287FF470AF0D9B190DF3
:1083300011F4E0601CD1059AC3F389239A4201D855
:10834000013305930D99209B0A9A4B4013400B93E0
:1083500064D1DDE922303268CDE9142814AA9847A7
:10836000041E0B9B57DA14F1540F3FF474AF51E71E
:10837000B0F5806F1DD1059A48B242FA81F18AB2F8
:108380000592334A09EA020242F09F4242F4E002B7
:10839000934202D149F00049D4E7B9F1FF3FD1D06F
:1083A000C3F38923C9F389229342CBD809EB8029EF
:1083B000C8E7B0F5C06F336813D101F0010208219E
:1083C0000692BA6E039110A9CDE90181009321466E
:1083D000D36938463A4618F04EFA04460028B1D020
:1083E00014E7C1F30A0240F2FF518A42AAD10821E0
:1083F000BA6E039112A9CDE9018100932146D36998
:1084000038463A4618F037FA044600287FF4FEAEA4
:108410000123079396E70D9B03D199464B46A94646
:1084200073E70C4A89EA03010A4052B1022CF5D1E4
:10843000C9F38922C3F389218A42EFD343F000496B
:10844000ECE74FF0FF39E9E7002304E7FC6C040098
:1084500000FC0F0000FCFF7F0021B17513B3B96E63
:108460008869B2FBF0F300FB1323DBB9079BCBB1A8
:108470004FF0FF33149314AB0293129B3846CDE9AF
:108480000023CA693368394618F0D1FA20B110F1D7
:10849000540F01D0054647E6DDE91332981A4342EE
:1084A0004341B375314607F13C0018F0B1F988B18A
:1084B000FB6BC5F38922C3F389239A4204D145F0AB
:1084C0000045219B43B912E0691CFAD09A4288BF4B
:1084D000A5F58065219B3BB1B28AC5F38923934200
:1084E00028BF1346219A1380002DBFF61DAEB38A14
:1084F000C5F38925AB4294BF00256FF0010513E653
:108500002DE9F04F8DB00693036A15688B61436ABD
:108510008046CB612B780E460492002B00F08880B9
:10852000464CC4F30A53022B059304D12846444910
:108530001DF0BBF90544284641491DF074F9012896
:10854000074606D12B782E2B0CD105F1010A554692
:10855000E7E7022806D102463A4928461DF037F9D6
:10856000002865D005EB070AD1464FF0010B4846BD
:1085700033491DF09AF98144484631491DF053F9B9
:108580000246C8B1012805D199F800102E2910D152
:108590009144ECE702280CD107902A4948461DF087
:1085A00016F9079A28B9BBF1010BF1D109F1020ABA
:1085B000CDE70BF1010BEBE72B78002B34D0049BBC
:1085C0001D60059B022B36D140F2FF33C4F3892492
:1085D0009C4206F118091BD10DF1240B1A4B4A4697
:1085E0000293069B3146CDE9007340464FF0F043BD
:1085F000CDF80CB0CDE909850B97FFF787FD041E78
:1086000012DBA4D1F37D002BE8D16FF001040BE065
:108610000E4B314643EA842340460D4ACDF8009084
:1086200018F0DEF9041ED7DA20460DB0BDE8F08F51
:108630006FF01504F8E76FF01304F5E700FC2F0066
:10864000FBC8040038CA0400090B0400080000201D
:1086500000FC0F702DE9F04F9046CE6A4A6B07463A
:10866000B2420C4685B05BD2B61A9E4228BF1E4667
:10867000B146DFF8B0B001F1400AB9F1000F01D105
:10868000304618E0216B080304D5BB6EE26BDB6952
:108690009A421BD1CA01636B10D404F13C020292CE
:1086A00004F13802CDE900325146D4E90A233846B4
:1086B00018F088FA30B105B0BDE8F08F6FF0010214
:1086C000C4E90E23216B41F400212163BB6EE26BF0
:1086D000DB6901929D1A4D4528BF4D4611F080710E
:1086E000CDE9028515D0A28838464BEA8222009255
:1086F00004F108015246FFF7ADFC0028DBD1636BA3
:10870000A8442B446363E36BA9EB05092B44E363A3
:10871000B3E7A26B38460092524618F0ACF8ECE78B
:108720000020C8E7000010202DE9F047012314467F
:1087300000228CB0C4E90623194B08AD06460F464B
:108740000FCB85E80F00DFF85C80DFF85C9004F168
:10875000180A504618F02AF810B16FF0010018E01E
:108760002946204618F02EFCB0B93B6852460693C5
:108770007B682146079305ABCDE90283CDE90090E4
:108780000A4B30460596FFF7C1FC0028DFD0831C5A
:10879000DDD00CB0BDE8F0876FF05300F9E700BF03
:1087A000046D0400F909040008000020FF03F07FB5
:1087B0002DE9F04F95B004460D46164600211C22C7
:1087C0000CA805931CF0F0FF012340F2022A13933A
:1087D000484B0DF120080FCB88E80F0012A817F0C6
:1087E000E5FF20B1A76A002F54D1384640E041464A
:1087F0000CA818F0E7FB002879D130461299A84759
:10880000002835D130461399A84788BB204612AAC4
:108810000CA918F03AF958BB8146DFF8DCB0374FA5
:10882000BDF844201FFA89F39A42D7D906AA0BEA69
:10883000892300922046324A3B430CA918F0D0F815
:10884000002804DA821C13D109F10109E8E7BAEB28
:10885000105F4FEA10530ED1079B22460093002170
:108860002046CDE90156069B18F0F5F90028EBD01B
:1088700015B0BDE8F08F059A002AE5D0B3F5007F6A
:10888000E2D130460699A8470028F1D13046079931
:10889000A847EBE7BB79012B01D03F68A3E73B6B0F
:1088A00013F4403F13D13B6B03F08273B3F5802F79
:1088B000F3D1CDE901567B6B224600932046BB6B7A
:1088C00007F1400118F0C7F90028E6D0D0E7DB0136
:1088D000E9D4CDE90156FB6A224600932046BB6AE3
:1088E00007F1400118F0B7F90028DCD0C0E76FF0BD
:1088F0005300BDE7046D040000FCFF0308000020E6
:1089000000FC0F7038B5C26D436D00251344C26E74
:108910000446B3FBF2F102FB1133826E4365C56579
:10892000D36A016EDB008B4294BF83658165D26A96
:108930002946406E1CF038FF012322462046044998
:10894000FFF736FF18B1E36EC4E91655236638BD4C
:108950002D0804002DE9F04F04460D4687B020464F
:1089600005A918F04DFB064658B9DDF81480A06E35
:10897000414618F0AFF90646002853D010F1540FC5
:1089800056D0304607B0BDE8F08F2A6B0DF1130AC0
:1089900012F0807FCDE9017AA3EB0703CDF80C90AC
:1089A0001CD0AA882449204641EA8222009205F17F
:1089B00008015A46FFF74EFB70B9012322462046B4
:1089C000CDE902A9CDE9008704F1100118F038FAC9
:1089D00060B110F1540F2BD00646D2E7AA6B59466E
:1089E00000922046224617F046FFE5E70137EB6B81
:1089F000BB42CAD8A36EE1699A6AE86C1CF0AEFE6D
:108A0000236904F110012B6463696B64A369AB648F
:108A1000A06E18F061F92B6BC5F8388043F4802301
:108A20002B63AEE707464FF0010905F1400BDEE787
:108A30004FF0FF33236192E700001020002307B5B9
:108A4000044901AA0193FFF7B3FE00B9019803B0EE
:108A50005DF804FB6D0804002DE9FF411446012375
:108A600000226D46C4E90623124B06460F460FCB83
:108A70008DE80F0004F11808404617F097FE10B17A
:108A80006FF0010010E02946204618F09BFA70B9FB
:108A90003946404617F094FE30B1424621463046F2
:108AA00017F0F3FF0028E7D004B0BDE8F0816FF0C5
:108AB0005300F9E7046D04002DE9F04F0D46816E77
:108AC0006A688B69C96914325F1E8A4294BFBF18F5
:108AD0007F184FF0000AB7FBF3F70446D1466FF05A
:108AE000030B5F438BB06E68BE4219D34FF0FF3269
:108AF0002B690892A9EB0302CDE9003208AE029679
:108B0000214620462B6809F1040217F090FF002847
:108B100047D1089B534500F0B2806FF0530040E00E
:108B200040F2FE32ABEB06033B440436934294BF63
:108B3000F618B618BE424FF0FF0335D38DF81F303C
:108B4000A26ED2E90632D21AB24236D30122039281
:108B50000DF11F02CDE901622A6800210092204632
:108B6000224617F088FE10B110F1540F19D1A36EF0
:108B700021469A694FF0FF33099309ABCDE90123F0
:108B8000009620462B68089217F051FF10B110F1A3
:108B9000540F06D129462046404A08AB18F0B7F9D1
:108BA00058B10BB0BDE8F08FA7F11402964228BF70
:108BB0001646BE428DF81F30C2D29DF81F206B684A
:108BC000D243ABEB0308C2F3C01202F5A062B0447B
:108BD00048EA0258AB6848F47F2848F4406888EABD
:108BE00003031BBA089308AB19460422E86801F096
:108BF000FDFA082208ABE860039202936B680990C3
:108C000001932B6804F110010093224600232046B3
:108C1000059118F015F90028C3D10599B9F1000F95
:108C200004D16B68D5F80CA003F104099DF81F303E
:108C3000B7426FEA03034FEA036303F0004383EA9A
:108C40000803AB604FF0FF336E60EB6006D9A36E94
:108C500062699B6A1344B3423FF645AF4FF0FF335E
:108C6000224623602046002318F0B0F8002898D14F
:108C7000A06E0369984700283FF435AF91E70422BE
:108C8000CDE900920296214620462B6817F0CFFED0
:108C9000002886D1089B002B83D03EE708FCFF5FAD
:108CA0002DE9F04F97B0CDE90823836E04465A6A48
:108CB0008B68002A03F101030D46BDF88480BDF8DE
:108CC00088B08B601ADC0027002600234FF0FF32AB
:108CD0006968CDE91132CDE91323A06E1091C36C00
:108CE000002B3CD0083B159317F0F4FF002838D038
:108CF00010F1540F40F0BB803E4610E0013242F0CC
:108D00000102B3FBF2F102FB1133002BDBD1012690
:108D1000284610A91093119617F052FDD0B14FF0CC
:108D2000FF3300274FF001092846236110A9CDE940
:108D3000107917F045FD50B12046291D18F060F953
:108D400050B110F11C0F40F09280002EBDD16FF099
:108D50001B008CE03746B7E707464E46B5E7C369C8
:108D6000C0E70DF1400904234946204605F10802F9
:108D700018F0AEF80028BBD10BAB07933D4B024671
:108D80000693C8F100031BB2CDE904B33A4B204669
:108D90000293099B20990193089BCDF80C800093C6
:108DA0004FF0FF33CDE90B49FFF706F800289FD1BC
:108DB00005F11801084617F0F9FC60B9EA7D0B4689
:108DC0002E4902F5C06241EA02522046494618F097
:108DD0009EF800288CD10023CDE90D330F9346B9BE
:108DE00004F13C010DA817F006FD04F1300117F065
:108DF00002FD04F1480A0DA8514617F0FCFC0D9B3A
:108E000002466FF30903294620460D93FEF760FFE3
:108E100068BBDDE90D3213430F9A134308D049466E
:108E20002046174A0DAB18F072F800287FF460AFA7
:108E300049462046FFF740FE00287FF459AFD5E9A8
:108E40000032C5E90023119BABEB0808EB60129BD5
:108E5000A5F814802B61A064CAE9010036B904F1B9
:108E60003C03303494E8070083E80700304617B02D
:108E7000BDE8F08FB90F040000FC0F4008FC0F00A4
:108E80000CFCFF7F2DE9F04F40F2FF4C0D461F46D2
:108E9000002140F2014497B00892209ADDF88480C6
:108EA000064603EBC200984228D1002949D1AB7D88
:108EB000002B5CD14FF0FF333361B5F814904FF0C5
:108EC0000008C346A9EB080ABAF1010F00F2E480DA
:108ED000B8F1000F40F01481B36E5A6A002A00F313
:108EE000248100233A46CDE9005329463046209B91
:108EF000CDF80890FFF7D4FE044613E11A684FEA54
:108F0000125EC2F30A52A24204D1AA8A0132AA8294
:108F10000833C8E7624504D1AA8A0121013AAA822E
:108F2000F6E70EF4E062B2F5C06FF1D15A6812684C
:108F3000AA615A685268EA611A68C2F30052EA7577
:108F4000E6E7AB8A002BB2D1424629463046FFF70E
:108F500083FD044628B1831CA9D0204617B0BDE884
:108F6000F08F98F81730002BA1D0022476E0AB8A5E
:108F7000FE2B9FD84FF0FF312B68EA681093CDE9A4
:108F800013122B69B06E11921293C16C01B30839A0
:108F900015910BA90791B649304606910021CDE9FC
:108FA0000411CDE9021120990DF1400BCDE90071BA
:108FB00029460B96CDF830B0FEF7FEFE044648B1C8
:108FC00014F11C0F3FF476AF14F1540FC5D171E7C3
:108FD000C169DCE70DF1340806F130094946CDE9F5
:108FE0000D000F90404617F006FC06F13C031946B1
:108FF00006F1480A099317F0FEFB514617F0FBFBF8
:10900000DDE90E100D9A01436FF3090211430D9231
:1090100010D0424629463046FEF75AFE0446002844
:109020009BD1434659463046924A17F070FF04469A
:109030000028C5D159463046FFF73EFD04460028BA
:10904000BED1119BEB60129B2B6106F13C0399E8AA
:10905000070083E80700B464CAE90144089BD6F816
:1090600028801B681093089B5B68119306F120030E
:109070000993B8F1000F3FF470AF08F108094846B2
:1090800010A917F09DFB8246002800F08480D8F8D4
:109090000080EEE7C14612E710AB0793764B1FFA4C
:1090A00088F2069353421BB2CDE90493734B0392AB
:1090B0000293209B0022CDE9007329464FF0FF3335
:1090C0003046CDF840B0FEF777FE044650BBB36E95
:1090D000DA6C02B9DA69BAF1FE0F0ED899694B1E43
:1090E00003EB5203B3FBF1F34B43283A934228BFFF
:1090F0001346109A9342BFF4EBAE08EB5A08E1E630
:109100001FFA88F83A4629463046CDE90189209B66
:10911000009518F01BFA04460028BBD010F11C0F74
:109120003FF4DAAE002C99DA17E7AB68013201336D
:1091300042F00102B3FBF2F102FB1133002B7FF48A
:10914000D0AE4FF00108284610A91093CDF8448006
:1091500017F036FB824600287FF4C3AE3046FFF797
:109160006DFC041EFFF6F9AEF36E1C1BB4EBD30FBF
:109170007FF6B7AE3A4629463046CDE901A9209B95
:10918000009518F0E3F9044618B110F11C0FC9D18D
:10919000A7E6C146A5E6CC46AE46BEE80F00ACE861
:1091A0000F009EE80F008CE80F00089B994506D041
:1091B00040F2FF4140F20140209B9A451FD108F147
:1091C000200AB8F80420B8F81CB05A45FFF45FAF85
:1091D00098F81F1000293FF45AAF5046099917F02C
:1091E000EFFA18B1A2EB0B02A8F804205246494648
:1091F000304617F04AFC0028E3D00446ADE657F8A5
:109200003A30C3F30A528A421ED1B8F80420C3F39D
:1092100089239A420AD198F80630022B03D04FF0E6
:10922000FF33C8E902330AF1010AC5E7FBD998F810
:109230000630013A022BA8F80420F4D1D8F82830DF
:10924000013BC8F82830EEE78242ECD1B8F80420A0
:10925000C3F389239A42E6D398F806300132022BF1
:10926000A8F80420DFD1D8F828300133E9E700BF9F
:10927000B90F04000CFCFF7F5908040000FC0F40EC
:109280002DE9F04F05460F4691469A46866A9DB0F5
:10929000002E5FD13E463B680CAC04937B680DF119
:1092A000300805930FCE0FC496E80F0014AE84E883
:1092B0000F004B463A4641462846CDE900A6FFF747
:1092C000E1FD041E71DB384604A917F079FA48B9AC
:1092D000BC46C646BEE80F00ACE80F009EE80F0093
:1092E0008CE80F00022C29D13946284605F14802A6
:1092F000FEF7EEFC0446002857D1149BFA7D049338
:10930000159B02F5C0620593944B019043EA02530A
:1093100008930123314600932846183708AB04AA66
:109320000997FFF7AFFD041E3FDB4746B446BCE894
:109330000F000FC79CE80F0087E80F004FF0000BED
:10934000DFF81C92874F012C40F0B38005F1200319
:1093500003938DE006F10800B84201D1366897E723
:10936000394617F02DFA0028F8D1B379012BF5D141
:10937000336BD901F2D5AB6EF26A9B6A9A42EDD992
:10938000736B3146F363EB6E28462B66FFF7E2FA08
:10939000044650B9336B314623F08073284633635B
:1093A00017F0D7FF04460028D8D020461DB0BDE8EE
:1093B000F08F0AF1080104A817F002FA08B9CAE907
:1093C00002249AF80630022B07D10AF12C0104A8D6
:1093D00017F0F6F908B9CAE90B24DAF800A052E050
:1093E0000121284617F0ADFB314605F1300017F09A
:1093F0000FFA002863D02A6BC5F838A0C2F389237E
:109400003A40C5E90C2AC4F38922934201D2A4F55B
:109410008064149ADDF854A00292069240F2FF3262
:1094200093420CBF002349EA832308930023CDE92C
:1094300009340193022331460093284608AB06AA5B
:10944000CDF81CA0CDF82C80FFF71CFD041EACDB72
:10945000012C37D1C446B646A346029BCDE9043A57
:10946000BEE80F00ACE80F009EE80F008CE80F008C
:10947000039904A817F0A4F9DDE90C2408B9C5E99B
:109480000824D5F828A0BAF1000F92D13246284618
:1094900004A9FFF749F9041EA2DAA21C85D13246BD
:1094A000284604A9FFF7D8FA044670B1831C7FF45C
:1094B0007CAFBBF1000F0CBF0024032475E740F222
:1094C000FF33A6E74FF0010AE9E72B6BC3F309036B
:1094D00023B12846CAF1000117F033FB314605F1EC
:1094E000300017F095F9002835D02A6BC2F3892394
:1094F0003A402A630022C5E90D22149A17490492C2
:10950000159A2846059240F2FF3293420CBF002381
:1095100049EA832308939DF86730002203F5C0636E
:1095200041EA0353CDE90A380223099201920093DC
:10953000314608AB04AAFFF7A5FC041EFFF635AFC1
:10954000C446B646BEE80F00ACE80F009EE80F0028
:109550008CE80F00F7E640F2FF33CEE708FC0F007F
:109560000000F04FFF0300802DE9F041036B04463B
:10957000C3F309030F46A0B0002B52D000251C22D4
:10958000002108A81CF010F9012300268DF83730BF
:109590000F930EA817F00AF928B1002EEED1002D76
:1095A00039D10125EBE720460EAA10A917F06DFA74
:1095B00058B99DF837300BBB204618AA0EA9FFF703
:1095C000B3F800282FDA811C5FD020B0BDE8F0810D
:1095D00091423ED1039A93423AE0236BC3F389222E
:1095E0006FF39E2323630023C4E90D3340F2FF335E
:1095F0009A4235D0314B43EA822332E00DF1200C00
:109600000DF1400EBEE80F00ACE80F009EE80F0021
:109610008CE80F00BDE7216B2046494249B217F0A4
:1096200090FA0020D1E7002DE8D10DF1080803469B
:10963000234A2046CDF8008018A917F0D1F9002858
:10964000C3DBDDE90E31029A9A42C1D1039B9942F4
:10965000D4D008A904F1300017F0DAF80028BCD102
:10966000002300220493174BCDF81C80CDE905237D
:109670000223204604AA08A9FFF702FE0028A4DB63
:10968000032808BF46F0010683E7002DB6D0002F5F
:10969000B4D0204604F1480210A9FEF719FB0028B7
:1096A00093D19DF85720084B02F5C06243EA02535C
:1096B000049316AB05930123DBE700BF0000F04FD6
:1096C00000FCFF7F08FC0F6008FC0F0010B5036B67
:1096D00004469B0590B022D500F1200208A917F09E
:1096E000D4F9002844D1234B6A460293A36E204646
:1096F000DB6908A90393E36E0493236F0593636FFB
:109700000693A36F07931C4B009302AB01930123B5
:1097100017F056FF60BB236B23F400732363E36BE6
:109720001B0D13F4E06F06D10121204610B0BDE8F7
:109730001040FFF719BF204604F1400208A917F0B6
:10974000A4F9A8B9E36BA063C3F38922236B08A92A
:109750006FF39E23C4E90C30084B43EA8223CDE922
:10976000023002AA0123204617F02AFF0028DBD08E
:1097700010B010BD01000200180010200000F04FD2
:1097800073B514460E4600F1480221460546FEF721
:109790009FFA70B9E27D084B02F5C06243EA0253BA
:1097A0000093183401236A4631462846019417F085
:1097B00007FF02B070BD00BF08FC0F002DE9F043A9
:1097C00013F0020F8BB006460D469846039237D130
:1097D000129B05F108072B65002339466B63EB6389
:1097E000EB643046C5F830802B1D03AAFEF788FED7
:1097F000041E05DAA31C1AD10398FEF783FAB0B150
:109800000123AB71B36AA01C2B60B5625BD118F465
:10981000807F0CD0039C744920461CF004F8225C25
:10982000002A4DD1336F834213D26FF023042B6B88
:10983000294643F4801330462B6317F048FF04E0B9
:10984000FFF744FF04460028C2D020460BB0BDE815
:10985000F083AB886549DFF8988140EA832041EACC
:10986000832140F4801048EA8323CDE90412CDE936
:109870000604CDE9083239460323304604AA17F01E
:109880009FFE10F11C0F0446CFD00028CFD14446D4
:109890004FF000084FF00C092B6D9A68424538D8FC
:1098A0001B68002B65D0EB64B06E05F1400117F02A
:1098B00013FA40F20123B3EB145F64D00024C4E731
:1098C0006FF01304B3E718F4007F40F08380240D99
:1098D000012C40F08280AB8818F4806F4FEA83231C
:1098E00008D043F000542B6B44F4801443F48033CD
:1098F0002B63CDE705F1280243F00053009239466F
:1099000030463C4A43F0080317F06AF8041EBFDAF9
:109910008DE72A6BD10705D42B6B9A071DD408F16C
:109920000108B9E709FB08F25868B5F804C08118C6
:109930008B68825C496843EA8C2302F5407200918F
:1099400043EA0253394630462B4A17F049F80028BB
:10995000E2DA831CE0D0044669E72A6D526809FB0D
:1099600008229168B26F91423AD843F480332B6356
:10997000D5E7B36E986AE5F7EFFDE864002893D168
:109980006FF00B0453E72B6B6FF0010243F0807311
:109990002B630023C4F30904AA62EC622A646B649B
:1099A000B36E9A6AAA64002C88D040F2FE339342C8
:1099B00028BF1346A988EA6C43EA812300923946FE
:1099C00030460C4A43F0005317F00AF8041EBFF665
:1099D00075AF2CE76FF0100429E76FF0140426E749
:1099E0006FF01B0423E700BFFBC804000000104019
:1099F0000000102000FC0F7000FCFF7F30B597B016
:109A0000054617F074F9044620B16FF00B042046A8
:109A100017B030BDAB6E0146DA6A686E1BF0C4FE4B
:109A2000D5E91A326C65DB6A2846DB00C5E91742C6
:109A3000934294BFAB65AA650EA917F01FFB0446BD
:109A4000002832D11B4B08AA0293AB6E0EA9DB692A
:109A50000393EB6E04932B6F05936B6F0693AB6FC1
:109A60000793154BCDE90830144B28460A93144B45
:109A70000B93144B0C9302AB0D93032317F0A0FD33
:109A8000044690B9034602468DF84E000EA92846BA
:109A900017F096FD044640B9012300906A46284617
:109AA0000EA9019316F0F1FF0446284617F056F868
:109AB000ADE700BF01000200000010400800F00FF9
:109AC0003BCA0400180010202DE9F0439BB0044667
:109AD00017F00DF90646002840F09F8001461C2231
:109AE00012A81BF061FE012319934D4B08AF0FCB59
:109AF00087E80F00DFF82C81DFF82C9118A816F00A
:109B000055FEB0B1236B04F1300203EBD373236332
:109B100004F13C0307CA83E80700E26EE36A2266A9
:109B2000B3FBF2F102FB113363650023C4E9163382
:109B300035E0394612A817F045FA00286AD1082303
:109B4000079305ABCDE90293384B01900093204673
:109B5000374B18AA12A9CDE90548FEF7D7FA051E1A
:109B600019DB4CD045F30905013548D0129B20463E
:109B70002362139B2E4A63620CAB009312A92D4BF8
:109B800016F02EFF051E06DB0C9B9AB21B0C022B57
:109B900009D06FF01505204616F0E0FF2E4630463E
:109BA0001BB0BDE8F083012AF3D8236B82F00102D9
:109BB00023F4007343EA422323630F9B1BB1226FFC
:109BC0009342E6D82367109B1BB1626F9342E0D8A3
:109BD0006367119B43B1A26F9342DAD8E26FA36728
:109BE0009A4294BFE267E367A36E0E9A196A09B1BD
:109BF0009142CED1E266DB690D9A9A42C9D12046E4
:109C000004F1300212A9FEF763F8054600283FF47C
:109C100075AFC0E76FF05305BDE76FF00B06BEE709
:109C2000046D04003BCA0400090B04000800F00F97
:109C300000FCFF7F1800102070B598B00446039117
:109C4000FFF744FD00285CD1034603AA204606A97D
:109C5000FEF756FC002854DB40F2FF32C0F38923A4
:109C6000934250D0A26A000D02280E924FEA83253B
:109C700004AE20D145F000532046244A009643F01C
:109C8000080306A916F0ACFE00283ADB324620464F
:109C900010A916F0FAFE002833D1159B33F47F0289
:109CA0002DD10121204616F04CFF0EAB8DF83E2041
:109CB000ADF83C20A362002345F09F450593324652
:109CC0000123204645F4E00506A9049517F078FC29
:109CD0000E9BA362A8B9236BC3F309038BB14FF0AA
:109CE000FF31204616F02DFF06AA10A9FEF7B4FE9C
:109CF00038B9204610AA06A9FFF742FD01E06FF02F
:109D0000260018B070BD6FF01500FAE700FC0F7068
:109D10002DE9F04FADB00546CDE90412FFF7D6FCB2
:109D20000346002840F015810DF1200949462846D8
:109D300004AAFEF7E5FB061EC0F20D8140F2FF38D3
:109D4000C6F38927474505D16FF0150420462DB08D
:109D5000BDE8F08F28460DF10E0305AA10A9FEF705
:109D6000CFFB041E32DBC4F389234345ECD04846C5
:109D700010A916F025FDAB6A80461893A31C35D1B7
:109D8000DDF814A07A4950461BF04DFD1AF800305A
:109D90001BB1330D022B40F0E0802B6F8342C0F0EB
:109DA000DF80B8F1000F19D02B6B02346FF39E23C4
:109DB00043EA872343F09F4343F4E0032B63089B6C
:109DC0006B63099BAB634FD1BB460DE0A21CBDD1B9
:109DD0000598FDF797FF0028C9D1B7E7BDF80E3009
:109DE000BB42F1D807F1010B002343E0330DB3EB85
:109DF000145F4FEA145206D0022A0CBF6FF014040D
:109E00006FF01304A2E7BDF80E30002840F0AB80DD
:109E10009F4201D1002499E7022A25D1554A0DF12C
:109E2000880A42EA83232846534ACDF800A010A9A5
:109E300016F0D6FD002854DB524628461AA916F023
:109E400024FE00284DD11F9B33F47F0247D101210E
:109E5000284616F076FE18AB8DF86620ADF8642023
:109E6000AB62B8F1000F9FD1BB46BDF80E20434B4B
:109E700043EA82230024BDF80E202293404B3C4944
:109E800043EA8223CDE92434059B4FEA822A18460F
:109E900023941BF0C8FC059B6FF3130627934AEA33
:109EA000070346EA0A0643F08053064343F480134F
:109EB000CDE928392696B8F1000F02D12F4C44EA9B
:109EC0008B24002328462B9322AA052310A92A9429
:109ED00017F076FB044630B1189BAB6236E76FF0A3
:109EE0002600044632E7B8F1000F17D02B6B1A0D8D
:109EF00012F4E06F12D06FF39E23C5E90C301F4BB4
:109F0000A86343EA8723CDE9063049460123284662
:109F100006AA17F055FB04460028DDD1189BAB625A
:109F20002B6BC3F30903002B3FF474AF4FF0FF31E9
:109F3000284616F006FE10AA1AA9FEF78DFD044663
:109F400000287FF403AF28461AAA10A9FFF718FCCF
:109F5000C7E70446FAE63446F8E66FF01304F5E680
:109F60006FF02304F2E6022A7FF41EAF56E700BF2B
:109F7000FBC804000800002000FC0F700000F04F38
:109F8000000010402DE9F047A6B005460191FFF70B
:109F90009DFB044688B9AB6A28461C9301AA0DF1C3
:109FA00002031EA9FEF7ACFA831C044609D1DDF8B2
:109FB00004804046FDF7A6FE40B9204626B0BDE825
:109FC000F0870028A8BF6FF01004F6E740463D492F
:109FD0001BF029FC2B6F0646834270D3EB6E04AF57
:109FE000394628462B6617F049F804460028E4D184
:109FF0000CAC0DF1780CBCE80F000FC49CE80F000E
:10A0000084E80F000DF1480A9DF84730002B4DD130
:10A01000DFF8B49001233946284602AACDE9029A16
:10A0200017F0CEFA04460028C7D19DF88F30D3B17F
:10A030000121284616F085FD1CABAB6214AA012352
:10A040000CA98DF87640ADF87440CDE9149717F05F
:10A05000B7FA1C9B0446AB620028AED14FF0FF312B
:10A06000284616F06EFDBDF80220184B46EA8226FF
:10A0700043EA8223149300231593154B284643EAA1
:10A080008223CDE918379DF88F3046F40016002B57
:10A090000D4B18BF002314AACDE91A371EA90423BB
:10A0A000CDE9166817F08CFA044686E75246284632
:10A0B0000CA916F0EAFC04460028A5D07DE76FF055
:10A0C00023047AE7FBC8040008FC0F60000010407E
:10A0D00008000020F0B501F1080687B003920C4695
:10A0E0000023314603AA0546FEF70AFA00282ADBB8
:10A0F000030D022B29D140F2FF33C0F3892098428F
:10A1000004AF15D12B6A04936B6A05933A46314626
:10A11000284616F0BAFCB0B9A368A080E362E368F1
:10A12000A06223630223A371AB6A2360AC620AE0DE
:10A13000074B314643EA8023064A2846009716F02B
:10A140004FFC0028E2DA07B0F0BD6FF01300FAE729
:10A150000800002000FC0F702DE9F04115460C4668
:10A1600006464FF48472002128461BF01DFBA36AAB
:10A1700063B9284602231B4900F8083BD7F712FAB7
:10A180000120A36A0133A362BDE8F081012B22D034
:10A1900004F1200804F10807A288A38B93420BD195
:10A1A000E07F0028F0D042463946304616F06DFC7C
:10A1B0000028E9D10246A0802B4639463046FDF7FB
:10A1C000B3FD08B1831CDFD1A388023003F1010382
:10A1D000A380E1D0D4E728460223034900F8083BD6
:10A1E000CCE700BF39CA040038CA040030B50C4DB2
:10A1F0000A44914200D130BD11F8013B83EA0004CA
:10A2000004F00F0455F8244084EA101080EA131378
:10A2100003F00F0355F8233083EA1010E9E700BF7D
:10A22000CC850400F8B50F4614461D46084E30464E
:10A2300017F074FB10B96FF08300F8BDB3683946AE
:10A2400030461B68A2B298470028F4D12C60F4E78E
:10A25000206104002DE9F04104460D46EFF311871B
:10A26000202383F31288DFF87080D8F808600FF09D
:10A27000A1FB0FF09FFB042C96BF184B184A53F814
:10A280002420214698F8103016480FF096FB45B16F
:10A29000EB69C3F3080323B10FF08CFB12480FF0F6
:10A2A0008CFB0FF087FB36B1304617F086FE024676
:10A2B00008B1037803B90D4A31460D480FF07DFB14
:10A2C00029462046DBF7CEFD87F311883046BDE8EE
:10A2D000F041E4F781BE00BF907C02200C860400B0
:10A2E00044CA040052CA04007BCA040093B30400A9
:10A2F0009CCA040038B50A4B53F82040013053F88B
:10A300002050A54200D838BD606830B1037EDB071D
:10A3100001D417F0E2FA0834F3E723689847FAE724
:10A3200020860400012270B52D4B2E4C2E4D86B098
:10A330001A70AC4223D30320FFF7DCFF2B4C2C4DCB
:10A34000AC4202D054F8043BEBB90420FFF7D2FF33
:10A35000284C294D2646AE4204F1300415D301F0B5
:10A3600095F9244CAC422CD301F0A0F9DDF7A4FF01
:10A37000224A938923F00103938106B070BD54F8FB
:10A38000043B9847D5E79847DAE754F80C3C059327
:10A3900054F8103C049354F8143C039354F8183CBC
:10A3A000029354F81C3C019354F8203C009354E968
:10A3B0000A2354E90C0100F02FFE54F8303C5E658E
:10A3C000C8E7D4E90A2352EA0301206803D117F051
:10A3D000F6FD3034C6E70A49183001F031FAF8E7E3
:10A3E000A9A602209C6A0400A06A0400C86B0400AD
:10A3F000D46B0400A06A0400A06A0400884A02200A
:10A40000DB200400982370B5134E012203FB006685
:10A41000002386B0CDE904230F220193CDE9023257
:10A4200014234FF4A0720D4D0D4903FB0055044653
:10A4300002FB00110B4B3046009500F0EDFD337C24
:10A440002C7423F004033374074B013403EBC4234F
:10A45000EE606B6006B070BDF0490220907C022077
:10A4600028E102209B1A040028D902207FB5002091
:10A47000FFF740FF2C4B03F5006282F3088883F35B
:10A480000A88E023294C2A4D84F822300023E37700
:10A4900023766376A37684F82030626A42F4E02261
:10A4A000626284F82330E4F78FFCE4F781FD4FF01B
:10A4B000FF33A362E362E4F761FFE4F7FBFD1D48AD
:10A4C00000F0F4FD1C4CAC422AD30120FFF712FF30
:10A4D00002201A4CFFF70EFF01F0D0F8184B0025B0
:10A4E0005C61184B4FF4C052059301231649CDE926
:10A4F00003532046154BCDE90155009500F08CFD26
:10A500000646237C204623F00403237417F0A0FDA5
:10A510002846FFF777FF314620460C4AE4F728FD2E
:10A5200054F8043B9847CEE728D9022000ED00E01C
:10A530009C6A0400D84B0220986A0400884A0220D2
:10A54000907C0220FFCA040068E2022025A30200DA
:10A5500038B5064C064DAC4201D3002038BD20462C
:10A56000D4E9011217F021FA1834F4E7B00C0020F6
:10A57000E00C00201FB5054CCDE9002302940A46EB
:10A58000002117F0D6F904B010BD00BF47980300B2
:10A5900038B5064C064DAC4200D338BD204617F006
:10A5A00026FA0028F9D12034F5E700BF100C00206E
:10A5B000B00C002073B50C46EFF31181202585F314
:10A5C000128805694DB125602B680361C3690133A9
:10A5D000C361002081F3118811E052EA030603D120
:10A5E0006FF00B002560F5E7CDE900230246083047
:10A5F00000F05CFF18B9034B9B685B69236002B0F5
:10A6000070BD00BF907C0220F7B504460F469DF850
:10A610002000EFF31186202181F31288616A2569F9
:10A62000A9423CD22568AC4219D0C5B1284617F0E2
:10A630003DFA05F1180001F093F93946E2686869BE
:10A640001BF08CF800232846C5F8943000F0BAFDC2
:10A6500004F10800314600F0B1FE00202DE0E26870
:10A66000A8B1206AA56983189D4208BF6369236267
:10A670000131616239461BF071F8102104F12800A4
:10A6800017F018FF0028E3D186F3118815E0E06980
:10A690006369834208BFA069801AE061E8E752EA73
:10A6A00003010CD0074904F1080089684F61CDE926
:10A6B00000233146224600F0F9FE03B0F0BD6FF0F2
:10A6C0002200E1E7907C0220F7B504460846EFF34C
:10A6D0001187202181F31288656A002D34D0E66845
:10A6E000E169A2698B199A4208BF6369013D6562FD
:10A6F0003246E3611BF032F82568AC4233D028467D
:10A7000095B317F0D3F905F1180001F029F9206A83
:10A71000A26983199A4232464FF0000608BF636966
:10A720002362636A0133636269691BF017F8284684
:10A73000C5F8946000F046FD04F10800394600F0C9
:10A740003DFE304603B0F0BD52EA03010FD0094987
:10A7500089684861CDE900233946224604F10800A2
:10A7600000F0A4FEEEE7002087F31188EAE76FF01F
:10A770002200F9E7907C02202DE9F04F0446934631
:10A780009A4685B0EFF31189202383F31288DFF80E
:10A790002481C168D8F8082061B18368934209D048
:10A7A0005BEA0A0324D189F311886FF00F0005B02A
:10A7B000BDE8F08F01310129C4E9022110D1D8F898
:10A7C0000830D3F8802012B99A7B83F88C200021BE
:10A7D0002161D3F8841004F1100229B9C3E92022C1
:10A7E00089F311880020E2E70A60C3F88420F7E7C4
:10A7F000C2F88800856892F90E1095F90E30064669
:10A800009942A8BF19460027102395F90E208A42C5
:10A8100008DDB068CDE9021317F09DF9DDE90213F8
:10A820003843C7B2D5F888604EB12A7C920706D566
:10A83000B44204D0013B02D0B568002DE5D12246D8
:10A840004946CDE900BA1C4800F030FE20B9D8F8DE
:10A850000830C3F88800C5E7EFF31185202383F3A0
:10A8600012880022D8F80830C3F88820A068D8B130
:10A8700090F98C10D0F880304BB917F06CF998B182
:10A8800029460D4800F09AFD6FF00A008FE71C463C
:10A8900054F8102DA24205D022B192F90E20914217
:10A8A000A8BF11461B68E7E7002FE9D185F311889F
:10A8B000EAE700BF907C0220AAA602202DE9F04121
:10A8C00083680546002B00F08880474882689342E1
:10A8D00040F08680EB68012B04D9013BEB6000203F
:10A8E000BDE8F081EFF31187202383F31288002164
:10A8F000836805F11006D3F880206AB1964229D109
:10A900002A69F9B9D3F88410C3F880208E4201D1A6
:10A91000C3F8842000232B61836893F98C1093F98A
:10A920000E208A4205D0D3F88030B3B9A86817F05A
:10A9300012F92C68A5421DD10023C5E9023387F323
:10A940001188CCE70A60D3F88420964208BFC3F888
:10A950008410DFE711461268CFE7184650F8102D33
:10A96000824205D022B192F90E209142A8BF114631
:10A970001B68DAE7002CDFD0D4E900324FF0000882
:10A9800013605A60237CC4E9008823F00203237417
:10A99000C4F8088004F1180000F0E2FFAC60D4F8BD
:10A9A000803013B9A37B84F88C30C5F81080D4F8BC
:10A9B000843073B9C4E9206600232046C4F8883087
:10A9C000C4F8943000F0FEFB3946084800F0F6FC6D
:10A9D00085E71E60C4F88460EEE76FF015007FE73E
:10A9E0004FF0FF307CE700BF907C0220AAA6022037
:10A9F00037B5EFF31185202181F3128804688CB1FB
:10AA00002368426823F003039442036008BF436055
:10AA10000121204617F0BCF8044685F31188204632
:10AA200003B030BD52EA0301F7D0CDE90023294637
:10AA300000F10C02083000F039FD0028EFD1024B84
:10AA40009B685C69EBE700BF907C022070B5EFF378
:10AA50001186202383F312880468A0421CD0DCB145
:10AA6000D4E90032002513605A60237CC4E9005504
:10AA700023F002032374A56004F1180000F070FFB6
:10AA80002046C4F89450656100F09CFB3146BDE857
:10AA90007040094800F092BCD0E902329A4218BFD7
:10AAA000013302218360103017F004FD0028EDD13E
:10AAB00086F3118870BD00BFABA6022013B5EFF37B
:10AAC0001181202484F31288846834B1013C8460AD
:10AAD00081F31188002002B010BD52EA030404D1B2
:10AAE00081F311886FF00F00F5E7CDE900230246EE
:10AAF000014800F0DBFCEEE7ABA60220F8B5054606
:10AB0000EFF31187202383F3128800232C68A542DA
:10AB10001AD0CCB1D4E90032002613605A60237CED
:10AB2000C4E9006623F002032374A66004F1180050
:10AB300000F016FF6FF00A032046C4F894306661F7
:10AB400000F040FB0123E1E70022AA602BB1394667
:10AB5000BDE8F840024800F031BC87F31188F8BD29
:10AB6000ABA6022007B5064B4FF48052009305496F
:10AB70004FF0FF33044800F07DF903B05DF804FBAB
:10AB80003886040068FA0220204B02202DE9F04F9D
:10AB900004464FF0FF364FF0FF37DFF8748185B081
:10ABA000EFF31189202383F31288D4F89C504DBB16
:10ABB000022104F1B40017F00FF9002874D004F159
:10ABC000AC0BD4F8AC505D4579D0002D77D0D5E9E9
:10ABD00000324FF0000A13605A602B7CC5E900AACE
:10ABE00023F002032B74C5F808A005F1180000F04B
:10ABF000B7FE01232846C5F89430C5F814A000F02C
:10AC0000E1FADEE7D4F8A0202B689542C4F89C3026
:10AC100008BFC4F8A030D4F8B43043F00203C4F83D
:10AC2000B430EB6823F0040343F00103EB606B687E
:10AC300089F3118828469847EFF31189202383F37D
:10AC40001288EB68D80623F0010243D4EA60EB686F
:10AC50009A071BD5D8F8000023F00203EB60A8B1D7
:10AC60000021026890B143689D4243D103680029E6
:10AC700038D1D8F80420C8F80030904201D1C8F883
:10AC80000430002340F8083BFFF7E0FED4F8B4306E
:10AC900023F00203C4F8B430DB0502D4D4F89C30AE
:10ACA00083BB89F311887BE7D4F8B430D90606D585
:10ACB000C4F8B40089F3118805B0BDE8F08F002313
:10ACC0004946CDE90067029304F1A402114800F05F
:10ACD00001FD65E723F01103EB6005F11000FFF7BC
:10ACE000B5FEB4E70B60D8F80430984208BFC8F846
:10ACF0000410C6E701461AB1136810461A46B1E7B8
:10AD00001346FAE789F3118817F08EF948E700BF78
:10AD1000B07C0220ACA60220F8B5C36804469A07AE
:10AD20000E46C3F3400542D45F0742D40B680BB90B
:10AD300083680B60E368D80742BFA36802253360CD
:10AD4000376858BF012557B31B4B9A68D7F898301E
:10AD50009A421ED117F028F980F00100C0B2D7F84E
:10AD6000B430D907C3F380021CD5F2B1F8B1002387
:10AD70002360D7F8A03073B9C7E92744384617F0E5
:10AD800085F8E36843F00403E3603368A360284672
:10AD9000F8BD0020E3E71C60C7F8A040EEE76FF0C5
:10ADA000150506E06FF0120503E01B07DFD56FF015
:10ADB0000F0500233360EAE7907C0220F8B5C368F2
:10ADC000064603F00503002B0C4614BF012700279D
:10ADD0001CD085680122002104F1100016F0ECFF60
:10ADE0002046134917F08CF8E36843F01003E36042
:10ADF000F3685B0712D5336823606BB9D5F8A030D0
:10AE000033B9C5E92744284617F040F83846F8BD5D
:10AE10001C60C5F8A040F6E73460F4E7D5F89C3034
:10AE20002360D5F8A030C5F89C40002BEBD1F0E7AB
:10AE3000EF1D040037B501900846EFF3118520237C
:10AE400083F3128801A9FFF767FF041E06DD294678
:10AE5000044800F0B3FA204603B030BD85F31188F2
:10AE6000F9E700BFACA6022001460148FFF7E2BFA8
:10AE7000204B0220F0B50446002089B00E9DC4E9A5
:10AE8000270004F1A400C4E9290004F1AC00C4E9DE
:10AE90002B0055B32879002840F2011008BF01208B
:10AEA000C4F8B40000204FF0FF364FF0FF37CDE973
:10AEB0000330CDE90100CDE9066720460C4B009434
:10AEC00000F00AF955B1296811B1204617F072F85F
:10AED0006B791BB1A38943F00103A381204617F0CE
:10AEE0006EF8C4F8984009B0F0BD0120D8E700BF63
:10AEF0008DAB020037B501900846EFF31184202195
:10AF000081F31288C16811F01E0F14D153EA0205B3
:10AF100006D101A9FFF700FF84F3118803B030BD0B
:10AF200041F00801C160019910308161034900F0CE
:10AF300087FC0120F0E70020EEE700BFCD1E0400F3
:10AF400001460148FFF7D6BF204B0220F0B585B07F
:10AF50000C4617461D460190EFF31183202181F323
:10AF60001288204603A9039316F042FF55EA07030F
:10AF7000039E07D1204601A9FFF7CEFE86F3118874
:10AF800005B0F0BDE3683A4643F00803E360019B77
:10AF90000449A36204F110002B4600F051FC01208B
:10AFA000ECE700BFCD1E040001460148FFF7CEBF0D
:10AFB000204B02202DE9F0410746EFF311882023B2
:10AFC00083F3128800263C68A74218D0BCB1D4E9AC
:10AFD0000032002513605A60237CC4E9005523F039
:10AFE00002032374A56004F1180000F0B9FC2046A8
:10AFF000C4F89450656100F0E5F80136E3E726B93E
:10B0000088F311883046BDE8F0814146014800F0E0
:10B01000D5F9F7E7ADA602202DE9F04F984685B0A7
:10B0200000F15803C0E91633129B002583810423E5
:10B030004FF0000A4FF0000B073222F007060374AE
:10B04000119B044601EB06090F4683734946C0E98C
:10B050000655C0E908AB8560C573E3F76DFCA37BBB
:10B06000073084F88C30109B20F007006067C4E93B
:10B070001B76C4E92055C4F8885002930F9BA9EBB6
:10B08000000901930E9B4A460093394643462046E9
:10B09000E3F752FF044B65659B6803B19B6F48461D
:10B0A000A36705B0BDE8F08F907C0220012310B5A6
:10B0B0000374838100230446827BC0E92033C0E906
:10B0C0001B33C0F8883080F88C2000F0B5FE014BAF
:10B0D0009C6010BD907C0220F0B5002587B00595DE
:10B0E000109DDDE9127604950F9D044603950E9D93
:10B0F00002950D9D01950C9D0095FFF78DFF56EA79
:10B10000070305D1204616F05AFF204607B0F0BDD0
:10B110003A46334604F11800014900F091FBF4E788
:10B12000DB2004006FF00A01094B9A68C2F8941002
:10B130004FF08051C2F89000064A5160002282F31D
:10B140001188BFF36F8F9B68D3F89400704700BFDE
:10B15000907C022000ED00E038B5184CA168E06951
:10B160000B68814214BF1A46002249680B6059607F
:10B17000A368E1692AB9124AC3E900210B60E361BF
:10B180000AE092F90E5093F90E00854212DD5168E3
:10B19000C3E900210B605360A569094B9D4200D0B3
:10B1A00005B9E568A3689D4202D0284617F021F84A
:10B1B000656138BD8A42DED01268DBE7907C0220F0
:10B1C000A87C022070B590F91020037C002A2FDBA8
:10B1D000D9062DD11A4C63F07F032246037452F82E
:10B1E000183FE169934207D1C0E900210860E0619E
:10B1F0000FE09942F8D01B68002BF5D093F90E6050
:10B2000090F90E50AE42F4DD5968C0E90031086093
:10B210005860A569954200D005B9E568A3681A7C15
:10B22000D20606D1DA897F2A03D9AA690AB96361ED
:10B2300070BDAB4202D0284616F0DBFF6561F7E730
:10B24000907C022038B590F910200146002A037C3A
:10B2500004DA03F07F03037416F0E8FE0D4D2A466E
:10B2600052F8184FAB68944200D004B9EC688B4296
:10B2700007D01A7CD20604D1DA897F2A01D9A269C3
:10B280002AB1A34202D0204616F0B3FF23466B61D9
:10B2900038BD00BF907C0220002A2DE9F8430CBF86
:10B2A0004FF010084FF00808027C044618EA020F1D
:10B2B0000D465ED148EA0203D2090CD10374B8F1FD
:10B2C000080F71D1A36813B1204616F0B7FE2027EE
:10B2D00004F118060BE003F07F03037416F0A6FEDA
:10B2E000EDE785F31188EFF3118587F31288304677
:10B2F00000F036FB0B30F4D0A66D04F15807B742CE
:10B3000011D04FF0000976B1304616F097FEC6F81E
:10B31000949006F1180000F023FB3046FFF752FF2F
:10B32000A66DB742EFD1234B9B689C423CD1EFF313
:10B330000587003F18BF0127DFF878904B4653F888
:10B34000186F9E4200D00EB9D9F80C60D9F80830B9
:10B35000B34202D0304616F04CFFB8F1100FC9F8D6
:10B36000146006D020460FF014F817B11248FFF70A
:10B370009DFE104B9B68A34218D1EFF30583ABB938
:10B38000A289D2070BD585F3118883F31188042392
:10B39000184602DFEFF31185202383F31288284635
:10B3A000BDE8F843FFF7BEBE0027C5E785F3118867
:10B3B000BDE8F883907C0220D84B022049B9EFF316
:10B3C000058030B9044B5A699B689A4201D0FFF757
:10B3D000A9BE81F311887047907C02200146014884
:10B3E000FFF7ECBFAEA6022070B50F4D06462B4608
:10B3F00053F8184F9C4200D004B9EC68AB681A7C33
:10B40000D20604D1DA897F2A01D9A2692AB1A342DE
:10B4100002D0204616F0EDFE23466B613046BDE8B3
:10B420007040FFF7DBBF00BF907C022070B5EFF3E8
:10B430001186202383F312881A4CA168E0690B68F7
:10B44000814214BF1A46002249680B605960A36804
:10B45000E1692AB9144AC3E900210B60E3610AE0FB
:10B4600092F90E5093F90E00854216DD5168C3E93A
:10B4700000210B605360A5690B4B9D4200D005B9BC
:10B48000E568A3689D4202D0284616F0B2FE6561C9
:10B490003046BDE87040FFF745BE8A42DAD01268F8
:10B4A000D7E700BF907C0220A87C0220F8B5DDE938
:10B4B00006670C461146EFF305832BB1002383F397
:10B4C00011880423184602DF0C4B0D4A986810605F
:10B4D000EFF31182202282F312889D68284616F02D
:10B4E000C2FD32463B4605F11800064900F0A8F9B6
:10B4F0002046BDE8F840FFF715BE00BF907C022053
:10B50000B87C0220DB200400F8B50446EFF3118775
:10B51000202383F31288037C49B203F01F02002A20
:10B520000CBF0126002633D103F07F03294D03749D
:10B5300016F07CFD2A46037C817363F07F0303745D
:10B5400052F8183FE869934207D1C4E9002004602B
:10B55000EC610DE09842F8D01B68002BF5D093F910
:10B560000EC08C45F6DD5968C4E900310C605C60A2
:10B57000AC69944200D004B9EC68AB689C4202D03C
:10B58000204616F036FE6C6187F311883046F8BD10
:10B590009B071CD5856816F049FD81732B689D4279
:10B5A00009D16B68C4E900531C606C60ECE76A6801
:10B5B0009A42F6D01B68002BF3D093F90E208A42F2
:10B5C000F5DD5A68C4E9003214605C60DCE7817321
:10B5D000DAE700BF907C022051EA00032DE9F04732
:10B5E00006460D460746884605D116F01DFD38462D
:10B5F0004146BDE8F087EFF31189202383F31288D9
:10B60000DFF868A01A4BDAF808001860FFF71AFE96
:10B61000DAF8080032462B461649183000F010F9C7
:10B62000DAF8083004461A7CC3F8909042F004021D
:10B630001A746FF00A02C3F894204FF080520E4B38
:10B640005A60002383F31188BFF36F8FB5F1FF3F7A
:10B6500008BFB6F1FF3FCAD016F0F4FD201A20EA69
:10B66000E07007464FEAE078C1E700BF907C022017
:10B67000B87C0220DB20040000ED00E0024B03F167
:10B680001802C3E906227047907C0220EFF3118173
:10B69000202383F31288044B9A68D37B013BD37336
:10B6A00081F31188704700BF907C0220EFF3118076
:10B6B000202383F31288034B9A68D37B0133D3731F
:10B6C000FFF792BE907C0220014B9868704700BF44
:10B6D000907C0220D3B5DDE90667089CCDE90067C0
:10B6E000FFF7E4FE1CB1034B9B685B69236002B06B
:10B6F000D0BD00BF907C0220027C034612F01F02E6
:10B7000010D10A4988420DD00949086868B1D98921
:10B710007F2909D893F90E20064B1B689A42B8BFBF
:10B72000002070470020704710467047F049022003
:10B73000600B0020C07C02200122074BC01A074B7F
:10B74000C0105843064B03EB8003D3E8EF1FC3E858
:10B75000E02F0028F9D17047704C0220ABAAAAAAAA
:10B76000BC7C0220F8B5104B04461F7C18230F4EFA
:10B770000F4D03FB0766304600F0F2F805EB870536
:10B780004CB1D5E8AF3F03B1013C224630460949F0
:10B79000E31700F055F80023D5E8EF2FC5E8E13FA7
:10B7A0000029F9D1F8BD00BF907C0220704C022026
:10B7B000BC7C022039B70200F8B5EFF311872023D3
:10B7C00083F31288134E144BB5681868A84204D14D
:10B7D00016F00FFD87F31188F8BD00221A60327C45
:10B7E0000E4B03EB8203D3E8AF3F002BF2D0284689
:10B7F000FFF782FF04460028ECD02B7CDB06E9D162
:10B80000FFF7AAFC7369AB42E4D12046FFF7AAFF19
:10B81000E0E700BF907C0220B87C0220BC7C0220C4
:10B82000024B1868984208BF00207047640B002044
:10B83000024B186808B1FAF7C9BE70476C0B0020BC
:10B84000B3F1FF3F08BFB2F1FF3F2DE9F84F0446C7
:10B85000994615461F467AD00161EFF311862023E1
:10B8600083F31288B9F1000FDFF8E88024DBFFF7DB
:10B87000DFFF394B01461A68003A18BF012245190B
:10B8800049F100035219D8E900574FF0010843F17C
:10B890000003551943EB0707DFF8C090C4E9022302
:10B8A000FFF7BEFFD9F804A0E0B9C4E9009ACAF8CE
:10B8B0000040C9F8044027E06FF00102D8E9001306
:10B8C000521A4FF0FF314FF0000861EB0303521B97
:10B8D00063EB0903012A73F10001BCBF01220023BD
:10B8E0004146D9E7D0E9022ED4E9023C93427CEBF1
:10B8F0000E0B23DAD21A6EEB0C03C0E90223436865
:10B90000C4E900031C604460FFF78AFF84420FD142
:10B91000114B1B6801330BD1B8F1000F02D1FFF7B7
:10B9200087FF0146084616F06BFC0021FAF780FEFF
:10B9300086F3118828463946BDE8F88F9B1A6CEBD0
:10B940000E025045C4E90232AFD00068ACE70025D2
:10B950002F46EFE7884C02206C0B0020640B002080
:10B96000F8B50446EFF31186202383F312880268AA
:10B9700062B3FFF755FF174B5B689C4208D0D2E9D2
:10B980000231D4E90275DB1941EB0501C2E902314C
:10B99000D4E900320025844213605A60C4E900559E
:10B9A0000CD000200C4A136823F001018C4204BF24
:10B9B00043F00103136086F31188F8BDFFF738FFE9
:10B9C00016F01EFC2946FAF733FEEAE76FF0150081
:10B9D000E8E700BF640B0020C47C0220EFF3118273
:10B9E000202383F31288054B40F001001B681B1ACB
:10B9F0005842584182F31188704700BFC47C02202E
:10BA000000232DE9F0470C46304E314DDFF8C4904D
:10BA1000314F30602B60D6F80080B8F1000F0ED1A6
:10BA20004FF0FF3340462B6016F0EAFB4146FAF731
:10BA3000FFFD84F31188BDE8F047FFF7BDBEFFF7B7
:10BA4000EFFE6FF0004330B1D0E90212994272F17B
:10BA50000002B8BF0B464345194684BF43464146E2
:10BA60004FEAE37C38B18268D0F80CE0D21A6EEB72
:10BA70000C0EC0E9022EA8EB01014FF0000A4FF0B6
:10BA80002008D9F800203160D218D9F8043043EBEF
:10BA90000C03C9E90023FFF7C3FE0028BBD0D0E99F
:10BAA00002120A43B7D1D0E900210A60516002694D
:10BAB000C0E900AA386084F311889047EFF311843D
:10BAC00088F31288C7F800A0E5E700BFC87C022011
:10BAD0006C0B0020884C0220C47C022010B5EFF3D0
:10BAE0001184202383F31288FFF7A2FE044AD2E9CF
:10BAF0000031C01841F1000184F3118810BD00BF6E
:10BB0000884C02202DE9F0410446EFF311862023F2
:10BB100083F3128803681BB186F31188BDE8F081B6
:10BB2000FFF75CFF07460028F6D1D4E90A586A1CE3
:10BB300048F10003022A73F1000324D316F086FBB8
:10BB4000281848EB0101012871F1000140DB16F0D3
:10BB50007DFB6FF00203281848EB010183426FF070
:10BB600000438B4139DB16F071FB6FF001022D1899
:10BB700048EB01034FF0FF31521B61EB03032046FA
:10BB80001849FFF75DFE236B01332363236A43B13A
:10BB900086F3118820469847EFF31186202383F31C
:10BBA000128854F8180FA042B6D00028B4D0D0E9BB
:10BBB000003213605A600023027CC0E9003322F097
:10BBC000020202748360C0F89430FFF7FBFAA3E727
:10BBD0006FF001024FF0FF33D1E73A464FF00043D8
:10BBE000CDE700BF05BB0200B3F1FF3F08BFB2F1D4
:10BBF000FF3FF8B5044616461D4614D0EFF31187F3
:10BC0000202383F31288FFF7ABFEDDE90601002352
:10BC1000C4E90A01236332462B4620460249FFF756
:10BC20000FFE87F31188F8BD05BB020070B505460D
:10BC3000EFF31184202686F31288FFF791FE10B1EE
:10BC400084F3118870BD6B6A43B184F31188284670
:10BC50006B6A9847EFF3118486F3128805F1180098
:10BC600016F04CFA0028EBD016F0F2F92146BDE8A8
:10BC700070400148FFF7A2BBAFA602201423F0B525
:10BC80000024202703FB0100114E01B9F0BD10F87C
:10BC9000073CA0F1140C03F03F03102B40F80C4CB0
:10BCA0000CD826FA03F3DB0708D550F8143C2BB167
:10BCB00050F8105C2B605D6040E9054482F3118808
:10BCC000EFF3118287F3128860460139DDE700BF88
:10BCD000160101002DE9F74F1D46234B16469F68BC
:10BCE000012387F8603087F8613052EA05030CBF02
:10BCF0000123002307F16002804616F016FB8146FF
:10BD0000EFF3118B4FF0200A8AF3128897F8604006
:10BD100054B901465A464046FFF7B0FF8BF31188ED
:10BD2000204603B0BDE8F08F002387F8603056EA64
:10BD3000050304D18BF311886FF00A04F0E759462C
:10BD4000CDE90065094A0A48FFF7B0FB0446EFF366
:10BD500011858AF312882A4649464046FFF78EFF2E
:10BD600085F31188DCE700BF907C0220700B002077
:10BD7000B0A60220034610B5EFF31184202282F30F
:10BD80001288C160012181600068834203D184F37D
:10BD90001188002010BDD0E9003213605A600023E2
:10BDA000C0E9003316F040FB21460248FFF706FBCE
:10BDB000EFE700BFB0A6022073B50446EFF311868B
:10BDC000202383F312888368594003EA02050A405E
:10BDD00053400022009309496B46019216F0D9F9AD
:10BDE000DDE9003223EA020304F10C003146A360CE
:10BDF000FFF7E4FA284602B070BD00BF83250400B7
:10BE00002DE9F04105460E46174616F0CDF828B943
:10BE1000074B9B689C6F14B9BDE8F081054C3B460D
:10BE2000324629462046BDE8F04116F0DABB00BF95
:10BE3000907C0220B00C0020014B8367704700BF4C
:10BE4000B00C00200146024A0020FFF7D9BF00BF16
:10BE50004798030070B500F11C02041F0025012063
:10BE6000074E56F8041B54F8043FC9435B1845EBD2
:10BE700005011B1841F10000A242F2D170BD00BFC4
:10BE8000A8910400F8B5064608460D460024FFF7C1
:10BE9000E1FF0246C117C0F1000E2046DFF82CC0BA
:10BEA0005CF8043B55F824702EEA0303DB1940EBE1
:10BEB00000079B1846F8243004F1010441EB070207
:10BEC000082C4FF00001EBD1F8BD00BFA891040091
:10BED00038B505460C460A46283116F026FC2830AF
:10BEE00016F030FC04F1500105F1500016F00AFC88
:10BEF00004F1780105F17800024ABDE8384016F0F7
:10BF0000DFBE00BFC89104002DE9F0410C469EB091
:10BF10000746684617F086F969460AA817F082F9BD
:10BF20000AA9084617F07EF90AAA1046214616F01B
:10BF3000C7FE0AAA6946684616F0C2FE6946684608
:10BF400017F070F96A4668460AA916F0B9FE694604
:10BF50000AA817F067F904250AA9084617F062F93C
:10BF6000013DF9D16A4668460AA916F0A9FE69465C
:10BF70000AA817F057F909250AA9084617F052F937
:10BF8000013DF9D10AA908466A4616F099FE0AA9A8
:10BF900014A817F047F9132514A9084617F042F919
:10BFA000013DF9D10AAA104614A916F089FE0AA982
:10BFB000084617F037F909250AA9084617F032F99B
:10BFC000013DF9D16A4668460AA916F079FE69462C
:10BFD0000AA817F027F931250AA9084617F022F90F
:10BFE000013DF9D10AA908466A4616F069FE0AA978
:10BFF00014A817F017F9632514A9084617F012F9C9
:10C00000013DF9D10AAA104614A916F059FE0AA951
:10C01000084617F007F931250AA9084617F002F972
:10C02000013DF9D16A4668460AA916F049FE6946FB
:10C03000684617F0F7F86946684617F0F3F82246A5
:10C040006946684616F03CFE69460AA817F0EAF809
:10C050000AA92246084616F033FE14A816F047FB3C
:10C0600014A9204617F040FD044614A816F043FB1F
:10C0700014A90AA817F038FD14A98046084616F03E
:10C080004AFB0AA817F030FD1449064614A816F01A
:10C0900042FB01460AA817F027FD054669463846C7
:10C0A0000E4A16F00DFE46EA050282F001026946CC
:10C0B000384616F0BDFB2821684617F092FC0DEBC0
:10C0C000010017F08EFC14A817F08BFC44EA08045A
:10C0D00044EA06001EB0BDE8F08100BF18920400DB
:10C0E0002DE9F041C6B00746884668461146012250
:10C0F0001C4616F0E8FB0AA816F0FDFA14A816F084
:10C10000F6FA69461EA816F0FDFA28A816F0F3FA0A
:10C110000025013C2146404617F052FA2E46464083
:10C1200032461EA905460AA816F019FB28A9324670
:10C1300014A816F014FB0A4632A81EA916F002FB3A
:10C140000AA914AA3CA816F0FDFA084616F0EDFA62
:10C1500028AA1EA914A816F0E8FA0AAA32A928A843
:10C1600016F0AEFD14A93CAA084616F0A9FD3CA99C
:10C1700032A817F057F80AA93CA817F053F814AAE8
:10C1800028A91EA816F0D1FA104616F0DBFA32AA3A
:10C190003CA90AA816F094FD3CA9084632AA16F05C
:10C1A000D1FA14A9084617F03DF8254A3CA928A859
:10C1B00016F09DFC1EA9084617F034F832A908466F
:10C1C00028AA16F0B2FA694614AA28A816F078FD33
:10C1D00032AA3CA914A816F073FD013C9AD22A4653
:10C1E0001EA90AA816F0BBFA14A82A4628A916F018
:10C1F000B6FA014617F093FC0AA914AA084616F0ED
:10C200005FFD38460AA917F0F4FB2821684617F0AD
:10C21000E8FB0DEB010017F0E4FB14A817F0E1FBBD
:10C2200032A817F0DEFB1EA817F0DBFB28A817F0DA
:10C23000D8FB3CA817F0D5FB46B0BDE8F08100BFA5
:10C2400042DB01002DE9F04F9DB00C46019000212A
:10C25000642203A80DF10C0819F0A6FA0026414645
:10C26000DFF8C8E004F13C0A251FAC46084600226E
:10C270005EF8047B4FF0000B03685CF8049FE7FB5B
:10C28000093B9B184BF10002E24540F8043BF1D119
:10C290000136092E0A6401F10401E5D100212022B2
:10C2A00003A819F081FA002103AB00209C46064642
:10C2B000D3F84090DFF878E0C1F108074FF0000BA9
:10C2C000DCF800205EF804AB0130E9FB0A2B921980
:10C2D0004BF10006B8424CF8042BEFD1013108298C
:10C2E00003F10403E1D1012100201C34D8F800201F
:10C2F00055F8043FD2439B1840EB00025B1842F113
:10C300000001AC4248F8043BF0D103A90846FFF70E
:10C31000B9FD0822019803A916F0B0F9642103A819
:10C3200017F05FFB1DB0BDE8F08F00BF448604002E
:10C33000A89104002DE9F041044600F128060122ED
:10C34000304604F1500804F178050F4616F0BBFAA8
:10C35000404616F0D0F93146284616F063FF2946CC
:10C360002046184A16F0ACFC42462946284616F0EC
:10C37000E9F92046214616F0D8F92946224616F05A
:10C380009FFC21462046FFF7BFFDB8B12246294653
:10C39000204616F095FC204617F0DBFBFB7FB0EB48
:10C3A000D31F03D12146204616F0B5F92846324660
:10C3B000214616F085FC0020BDE8F0814FF0FF30EB
:10C3C000FAE700BFF09104002DE9F0410446E6B021
:10C3D00004AD2E4B2E4A284617F030FC20A816F04C
:10C3E0008AF92AA816F087F934A816F080F92046B1
:10C3F00017F014F91F23DFF89C802046CDE9015384
:10C400000CAA16AB20A9CDF8008017F073FA9F2371
:10C41000214FCDE901532046009716AB0CAA20A965
:10C4200017F068FA1E26214620463EAA17F0B3F9F7
:10C430002046CDE9015616AB0CAA20A9CDF8008004
:10C4400017F058FA06F18003CDE901532046009712
:10C4500016AB0CAA20A917F04DFA013EE3D20CA8A6
:10C46000282117F0BEFA3EA8A02117F0BAFA16A8A4
:10C47000282117F0B6FA20A8782117F0B2FA202167
:10C48000284617F0AEFA66B0BDE8F08179CE040018
:10C4900099CE0400288A0400688604002DE9F0473C
:10C4A0000D46ADF5846D00F12009B8AF494604464C
:10C4B00090463846082216F0D4F8294618A8FFF707
:10C4C00039FF28B14FF0FF300DF5846DBDE8F087DE
:10C4D000214640A8FFF72EFF0028F3D13846FFF78A
:10C4E000B9FC0028EED190AA18A968A817F053F952
:10C4F000384618A9FFF7ECFC3A4668A990A817F04F
:10C500009FF890A9E0A8FFF7E3FCFC221146404603
:10C5100017F056F808B9013AF8D14FF6FF71FC242C
:10C520000132D2B28DF80B20ADF808108DF80A1048
:10C530002146484617F044F808B9013CF8D14FF6B7
:10C54000FF710134E4B2944218A88DF80F40ADF8A1
:10C550000C1038BF14468DF80E1017F05FF8DFF896
:10C5600010A118A9084668AA17F015F943462246F3
:10C57000032102A817F062F94B460646052103A8DD
:10C5800017F05CF9002E054637DDA022761002FB7D
:10C59000067218A9084617F053F8002D4CDD7822D2
:10C5A0006D1002FB05A20EAB009304AB18A9084660
:10C5B00017F09EF8013CD4D240A990A8FFF788FC60
:10C5C00018A9084690AA17F03BF818A9084640AAEF
:10C5D00017F0E1F818A9084640AA17F0DCF818A9E6
:10C5E000084640AA17F0D7F818A968A817F0C2FAA9
:10C5F000204968A817F0ECF966E7CED06FF09F01EC
:10C6000006EBD67676104E439AA8B91916F07AF84A
:10C6100006F12801394490A816F074F806F150018B
:10C620003944A4A816F06EF806F178013944AEA892
:10C6300016F071F890AAACE7BCD06FF0770305EB69
:10C64000D5756D1005FB03A59AA8294616F05AF872
:10C6500005F1280190A816F055F805F15001A4A89D
:10C6600016F059F80EAB009390AA04AB9EE700BFFA
:10C67000E88D0400B9CE040010B5044694B00AA8B1
:10C68000012216F020F90AAA68460E4916F04DF864
:10C69000104616F057F8114617F041FA0AAA6946F3
:10C6A000684616F00DFB6946204617F0A2F92821CE
:10C6B000684617F096F90DEB010017F092F914B0E7
:10C6C00010BD00BF409204002DE9F04F0368A7B0F1
:10C6D0000E934368DFF8FC810F93836800F13809FB
:10C6E0001093C36811930369129343691393836989
:10C6F0001493C3691593036A1693436A1793836A65
:10C700001893C36A1993036B1A93436B1B93836B40
:10C710001C93C36BDDE916BA1D9300F13803229315
:10C7200000F1B8030C931C9BDDF874E00B931A9B8B
:10C7300008931B9B0993189B0693199B0793149BC3
:10C740000593159B0A93129B0393139B0493109BD1
:10C750000193119B0293DDE90E6300934FEA9A3235
:10C760004FEA9A4444EA8B3442EA8B4262404FEAF1
:10C77000CA5444EA5B244FEA9B314FEA9B4C4CEA93
:10C780008A3C624041EA8A4159F8084F4FEACB534C
:10C7900081EA0C0143EA5A234B40D9F80410D8E946
:10C7A00000753C1945EB01051919089B42EB050280
:10C7B00023EA0B07099B079D23EA0A04069B0AEA62
:10C7C00005050BEA03037B40CB180B9984EA0504AB
:10C7D00042EB04025B1800994FEA86744FEA167523
:10C7E00045EA011544EA91044FEA81774FEA117155
:10C7F00041EA061147EA960787EA0107009984EAA9
:10C8000005044FEA466545EAD1154FEA416141EA20
:10C81000D61184EA050487EA0107039D01994EEBCE
:10C82000020281EA050E0299049D0EEA060E81EAD3
:10C83000050C0099039D0CEA010C019908F1080808
:10C8400029400B91029D04990D400B998CEA050536
:10C850008EEA0101611847EB0504059DDDF824E02F
:10C8600013EB050C0A9D42EB05055B18039942EB9F
:10C870000402059104990A9108990B910C99494574
:10C8800040F0898114490C9100210B910B991031D2
:10C890000B910C990D912299059108992091099974
:10C8A0002191069908910799CDE906BA0991039952
:10C8B000E3461E910499AA461F910199019603919E
:10C8C00002991E4604910099009202916FF00101B5
:10C8D0000A9103E0C86D0400406E04000A9901F05B
:10C8E0000F04083400EBC401496850F834704FEA73
:10C8F000D1484FEAC10E48EA47384EEA577EFC0C51
:10C900004FEAC70988EA0E0EBF0949EA517944EA9D
:10C91000413447EA81678EEA911E059984EA090449
:10C92000674051F8084F059149683F194EEB010ED9
:10C930000599C1E9007E0A99A1F10D0404F00F04E4
:10C94000083400EBC401D1F8049050F834804FEA69
:10C95000590141EAC87123914FEA182141EA09615E
:10C9600024914FEA192141EA086125914FEA5804C0
:10C97000249944EAC97461402491259C23994FEA83
:10C98000D8184C402146249C48EA496884EA0804A7
:10C99000E41981EAD911059F4EEB0101C7E9004175
:10C9A0000A9F4FEA9C38A7F1050E0EF00F0E0EF10C
:10C9B000080E00EBCE0750F83EE07F6814EB0E0443
:10C9C00041EB0701059F4FEA953EC7E90041AF0CD7
:10C9D00047EA8C374EEA8C4E8EEA070EEF0547EA9F
:10C9E0005C278EEA070E089F4FEA9C4949EA853981
:10C9F00027EA0C0748EA854888EA090823974FEA9E
:10CA0000CC59099F49EA552988EA090827EA050906
:10CA1000069F0CEA070C079F3D40239F89EA050506
:10CA200087EA0C07DDF834C018EB07074EEB050E5C
:10CA30005CF8085FDDF81080CDF834C0DCF804C085
:10CA40007F194EEB0C0E3F19209C41EB0E013F1954
:10CA5000219C4FEA127544EB01014FEA837E1C0FC3
:10CA6000CDF88CC04FEA827C4EEA920E4CEA930CD1
:10CA700044EA021445EA031584EA0E0485EA0C052B
:10CA80004FEA436E4FEA426C4EEAD21E4CEAD31C88
:10CA900084EA0E0485EA0C05DDF80CE0DDF804C03C
:10CAA0008CEA0E0CDDF808E00CEA030C8EEA080EA6
:10CAB0000EEA020E019B039A1340029A8CEA0303CA
:10CAC000E31802EA08021E9C8EEA020245EB02020B
:10CAD00017EB040C1F9CCDF87C8041EB0405FB1880
:10CAE00041EB02020A9901310A9103991E910899BA
:10CAF0002091099921910A990E295ED10C998031D2
:10CB00000C910B9940297FF4C1AE0E99CB180F9967
:10CB100041EB0202C0E90032109B009A9E19119B62
:10CB2000029943EB0203C0E90263019A129B9B182E
:10CB3000139A42EB01024146C0E90432039A149B66
:10CB40009B18159A42EB0102C0E90632169B179A10
:10CB500013EB0C0342EB0505C0E90835189B199A45
:10CB600013EB0B0342EB0A02C0E90A32069A1A9B46
:10CB700007999B181B9A42EB0102C0E90C32089AF4
:10CB80001C9B09999B181D9A42EB0102C0E90E32C9
:10CB900027B0BDE8F08F069908910799CDE906BA4C
:10CBA00009910199E3460391029901960491009934
:10CBB000AA461E4602910092D0E50699089107996F
:10CBC000CDE906BA09910199E346039102990196CC
:10CBD00004910099AA461E46029100927EE600BF8B
:10CBE000054B5A78022A04D11878C31F584258417D
:10CBF00070470020704700BFCC7C02200E4B0340E2
:10CC0000B3F1607F06D1B1F5885F0CBF00206FF0F3
:10CC100086007047B3F1707F0BD101F4E043B3F5A8
:10CC2000005F06D111F4E06F14BF00206FF08600A2
:10CC300070476FF0860070470000C07F8A42F8B5E9
:10CC400006460D4600F0D2806C4B22F4FF7121F0B5
:10CC50000101994222F0FF070FD003F588539F424C
:10CC60000BD022F47F7121F00301A3F57063994288
:10CC700003D003F5A0639F4227D1604B25F4FF71D9
:10CC800021F00101994210D05D4925F0FF038B424C
:10CC90000BD025F47F7020F00300A1F5706188426D
:10CCA00003D001F5A0618B420FD115F0FF000BD02E
:10CCB000544B40F00070984240F09A8082EA0500A0
:10CCC000FF288CBF00200120F8BD05F0FE43B3F122
:10CCD000A06F11D102F0FE43B3F1A06F71D182EACF
:10CCE000050333F47E136CD12C046AD5C5F30540DB
:10CCF000C2F305429042E4E7B3F1407F61D102F014
:10CD0000FE43B3F1407F5CD182EA050030F47E142B
:10CD100057D131462846FFF771FF002868D13A49BC
:10CD200012F47C1001EA020116D0B1F1607FC2F367
:10CD3000054335D1D1B241F0007101F17E41033993
:10CD4000102901D8314C645C15F47C1F2ED19C4213
:10CD500014BF00200120B7E7B1F1607F0AD1D3B240
:10CD600043F0007303F17E43033B102B44D8284962
:10CD7000CB5CDFE7B1F1707F16D106F4E043B3F589
:10CD8000005F37D10123C6F302218B4006F4E04156
:10CD9000B1F5005FD8D10124C6F30226B440D3E731
:10CDA000B1F1707FD0D1F1E70346CDE718B9C5F3F3
:10CDB0000541A1421AD0290403D5C5F30540984284
:10CDC0007FE725F47F03B3F1106F0AD102F0FE4331
:10CDD000B3F1106F0CD10F48104040F01060A84222
:10CDE000B6E70D4B9D4203D1AF42B1E701206BE79F
:10CDF000002069E70346C9E703469BE700020006F7
:10CE000000130006FF0000020000C07FD9CE04001E
:10CE1000D9CE04000000FFF60001000A37B5054630
:10CE20000C46FFF7DDFE78B100230A460193294640
:10CE3000074801ABFDF7F6F920B9019BA34218BFE3
:10CE40006FF0930003B030BD6FF08800FAE700BFC9
:10CE5000D07C0220F0B50446084624F47F01B1F1ED
:10CE6000106F87B026D1456800F120012D0A21D12D
:10CE7000068806F44F45B5F5824F1BD10F4D104F74
:10CE8000254045F01065BD4214D1F6B2122E11D1E5
:10CE90004588B5F5807F0DD10E9D009204950D9DBE
:10CEA00003950C9DCDE901352346426E18F06FF8CD
:10CEB00007B0F0BD6FF08500FAE700BF0000FFF695
:10CEC000000002092DE9F843884617461C4600F089
:10CED000E7FA0546002844D1D8F80060B6F800907B
:10CEE00009F4E043B3F5804FB36808BF27F00107AA
:10CEF00037EA03032DD1A4B3244B24F4FF7222F0AC
:10CF000001029A4210D0224A24F0FF0393420BD030
:10CF100024F47F7121F00301A2F57062914203D0E5
:10CF200002F5A06293421FD114F0FF0304D0194A06
:10CF300043F0007393421ED022464846F168FFF743
:10CF40007DFE074668B9224648463169FFF776FEFE
:10CF5000D0B96FF0840500233046C8F8003017F0D0
:10CF600088FD2846BDE8F88304F0FE43B3F1407F16
:10CF700004D12304E0D56FF08605ECE7B3F1A06F90
:10CF8000F7D0044B9C42D6E73D46EAE70002000694
:10CF900000130006FF00000238B500F0FE43B3F1B5
:10CFA000407F04460D4602D06FF0860038BDFFF783
:10CFB00025FE0028F8D114F47C1F18D0C4F30543D3
:10CFC000032B137022D9224A2240B2F1607F31D163
:10CFD000E4B244F0007404F17E44033C102CE3D826
:10CFE0001C4A125D9342DFD8202BDFD90EE0184B8C
:10CFF0002340B3F1607F0FD1E3B243F0007303F13C
:10D000007E43033B102B04D9002313706FF085007F
:10D01000CCE71149CB5CD3E7B3F1707FF4D101F4D5
:10D02000E043B3F5005FEFD10123C1F302218B4050
:10D03000DBB2C5E7B2F1707FB6D105F4E042B2F5DC
:10D04000005FB1D10122C5F30225AA40CAE700BFA3
:10D050000000C07FD9CE0400D9CE04002DE9F04FE6
:10D0600000249B4601F0FE438FB0B3F1806F0F4662
:10D07000DDE918689246DDF86890099474D10B4692
:10D080004FF4807209A9FFF71DFF054600286FD1F4
:10D09000099B1B8803F4E042B2F5005F1CD113F436
:10D0A000E06F19D0374927F480728A420AD001F51F
:10D0B00000718F4206D034498F4203D0A1F53F4121
:10D0C0008A4209D10124C3F302239C40102C0ED9BB
:10D0D00000266FF0830530E042F20402934202D151
:10D0E0002A4B9F420DD02A4B9F420CD10D24A045C4
:10D0F00040D321460AA8FFF791FE054620B100263D
:10D100001BE00C24F3E700240998426E00F1200193
:10D1100046B33519D0F804C0A8EB04035FEA1C2C11
:10D1200023D1CDE905390AABCDE903B50093CDE9AB
:10D13000014A3B4617F014FD0546099817F099FC83
:10D140000746DDB9D8B924B1224630460AA918F0FD
:10D1500005FBD9F800301C443846C9F800400FB030
:10D16000BDE8F08F3546D5E726466FF08605E4E743
:10D170002646E2E700266FF08905DEE72F46002409
:10D18000EAE700BF0010C00400FF40040001800473
:10D190000013C0042DE9F0411E46002388B0079318
:10D1A00001F0FE43B3F1806F0C469046109F14D0FF
:10D1B0006FF08605079817F05CFC002814BF014645
:10D1C00029460B465A421343DB1708463A6822EABF
:10D1D00003023A6008B0BDE8F0810B464FF40072DC
:10D1E00007A9FFF76FFE05460028E3D107980388DB
:10D1F00003F4E042B2F5005F17D10121C3F302222C
:10D2000013F4E06F01FA02F10FD0194D24F480728B
:10D21000AA4215D005F50075AC4211D0154DAC42AF
:10D220000ED0A5F53F45AA420AD042F2040293422D
:10D2300002D1114B9C4218D0104B9C4202D10D21BF
:10D24000B142B5D84368426E1B0A00F12001AFD14C
:10D250000F9B049703930E9BCDF80080CDE90163EB
:10D26000234617F0CBFC0546A4E70C21E8E700BFF6
:10D270000010C00400FF4004000180040013C0043B
:10D28000002307B51A460091024917F013FB03B0BB
:10D290005DF804FB6892040010B5114C2378580720
:10D2A00044BF03F0FB032370990705D500F096F8FF
:10D2B000237823F00203237063781BB10023094A0B
:10D2C00063605360002308210648637000F0B2FFDA
:10D2D0002378DA0744BF23F00103237010BD00BF99
:10D2E000CC7C0220D07C022038B5FFF779FCA0B9B5
:10D2F000124C2378980707D400F068F82378054685
:10D3000043F002032370A8B9D90762785CBF43F0E9
:10D310000103237022B15A0708D50025284638BDDD
:10D32000074962604A6002226270F4E743F0040336
:10D330002370F2E7FFF7B0FFF0E700BFCC7C0220DC
:10D34000D07C022000F140420F2A30B50CD868246E
:10D350001D4B04FB02331A7E022A02D15A69824213
:10D3600026D06FF08B001CE06FF04043421E9A42C3
:10D370000ED2154A00241346157E022D02D155699E
:10D38000854212D00134102C02F16802F4D1E8E792
:10D3900000F1004303F58033B3F5704FE9D36FF02C
:10D3A000870030BD6FF09600FBE7682202FB043374
:10D3B0001A7E022AF6D1DA69501CF3D00132DA6102
:10D3C00000200B60EDE700BFD87C02200122024B59
:10D3D000002083F880267047D87C02202DE9F04198
:10D3E0000A4C002526464FF0010803272046C4F8C2
:10D3F0001C802776013516F050FF102D04F16804CB
:10D40000F4D1002386F88036BDE8F081D87C022074
:10D41000F8B5214D064695F880360F46002B34D0DE
:10D4200000242B462246197EF9B13CB9022905D1C8
:10D43000D96919B91979002918BF1C460132102A77
:10D4400003F16803EFD114B96FF08C000BE0237E79
:10D45000022B04D1E3695A1C1CBF0133E36120464F
:10D4600016F01BFF10B100240DE01C46237E7BB993
:10D470000123237636B1094B651BED105D4305F1A1
:10D480008045356000203C60F8BD6FF08800EAE719
:10D490006FF09600E7E700BFD87C0220C54EECC4D1
:10D4A00038B50025084B0D6093F8803643B1FFF77F
:10D4B00049FF10F18C0F02D16FF087000D6038BD6D
:10D4C0006FF08800FBE700BFD87C022010B500F0A9
:10D4D000FE44B4F1A06F07D0B4F1806F01D0094CC5
:10D4E00000E0094CA04202D06FF0850010BD012081
:10D4F000B1F5105F1070F7D10BB90020F6E70222EA
:10D500001A70FAE70002C003004440042DE9F04716
:10D510001C460546894600F10807384690460E88A5
:10D520009DF920A017F046FF2C60B9F80290314613
:10D5300000234A46204617F0CCFA014600284DD079
:10D54000384600F0BDFE00283CD153464A464146CD
:10D55000384600F0D5FEA8BB04F0FF42B2F1906F50
:10D5600006F4E04332D0B3F5005F0DD0687142F2AB
:10D5700004039E4202D11B4B9C422DD01A4B9C426D
:10D580000CBF0D2400241CE00123C6F302229340AB
:10D590006B7116F4E06FEAD0144A24F4807393425E
:10D5A0000AD002F50072944206D0114A944203D088
:10D5B000A2F53F429342DAD10124C6F30226B440D9
:10D5C000E4B22C71BDE8F04716F0C5BD0122B3F5F9
:10D5D000005F6A71CBD1DCE70C24F2E76FF08500C5
:10D5E000BDE8F087000180040013C0040010C004EF
:10D5F00000FF40042DE9F04F144602689B4602F0FC
:10D60000FF4385B0B3F1906F0546DDE90E780E4615
:10D6100000F08380436A41792344B3FBF1F34B4329
:10D62000BB427CD83F4B9A4261D182680023002ADA
:10D6300045D0177907F01F070393C8F80030002C76
:10D6400039D0686A05F1080930B3A7EB000AA24592
:10D6500028BFA246093031465246484418F07EF8A9
:10D660006B6AA4EB0A0453449F4256446B6213D185
:10D6700003AB3A46009305F111015B46484600F0C2
:10D6800091FE16F068FDB8B9D8F80030039A13443B
:10D69000C8F80030934468620DF10C0AA74210D913
:10D6A0004CB1686A224609303146484418F056F8B1
:10D6B0006B6A23446B62002005B0BDE8F08F1F4603
:10D6C000BAE75B463A4631464846CDF800A000F03E
:10D6D00069FE16F040FD0028EED1039AD8F800301C
:10D6E000E41B13443E449344C8F80030D6E714B911
:10D6F000C8F80040DFE75B4622463146CDF800809F
:10D7000005F1080000F04EFE16F025FDD8F80030B7
:10D71000BB4288BF6FF09600CEE7BC42E7D96FF0FE
:10D720008900C9E700444004F0B504460F460021D3
:10D7300087B0164602A810221D46019118F034F851
:10D74000636A2BB123681B4A23F4806393422DD074
:10D750002A4601AB02A904F1080000F063FE16F0AE
:10D76000FAFC0446D8B9102E344628BF102426B13E
:10D770002246384602A917F0F1FF2B68224692EAAA
:10D780000301D21A8A430B401A43D217019B8A2104
:10D7900003F096031140D2431A400A43544202A8B0
:10D7A000102100F047FD204607B0F0BD6FF0860461
:10D7B000F5E700BF0040400410B5036804462BB1F4
:10D7C000054A934205D1043017F0DFFA00202060AB
:10D7D00010BD6FF08800FBE709000002F8B507688C
:10D7E00005460C4607BB124B994213D1061D304625
:10D7F00017F0C7FA3046394600F0A4FA064628B9B1
:10D800002C603046BDE8F84016F0A5BC2846FFF76E
:10D81000D3FFF6E701F0FE44B4F1007F14BF6FF0D0
:10D8200086006FF08500F8BD6FF08800FBE700BF51
:10D830000900000210B5074B04689C4206D1043071
:10D8400017F0A8FABDE8104016F085BC6FF088000C
:10D8500010BD00BF090000022DE9F0411F46047809
:10D86000064644F0007404F17E44033C102C98BF3B
:10D87000104B884615468CBF00241C5D3A601AB1D7
:10D880002121404617F090FFAC420DD832680A4B78
:10D890009A420CD14146301D17F0BCFA16F05BFCE1
:10D8A00000B93C60BDE8F0816FF08900FAE76FF0E5
:10D8B0008800F7E7EACE0400090000022DE9F047EE
:10D8C00016460268354B0D4622F47E119942804679
:10D8D0008AB016D102A9043017F051FE044620B9CF
:10D8E0003246284602A917F039FF102102A800F09D
:10D8F000A1FC204616F02FFC044620460AB0BDE8E5
:10D90000F087274B1340B3F1607F43D10022D0F85A
:10D9100004A001925FFA8AF343F0007303F17E439F
:10D92000033B102B98BF1F4A00F1080794BF12F861
:10D93000039091463846202201AB02A916F060FE02
:10D9400004460028D9D15146384616F021FE044637
:10D95000D8B94A46384608F1780116F03AFE04462E
:10D9600098B93846019A02A916F033FE044660B908
:10D970002022384601AB02A916F042FE044620B927
:10D980003246284602A917F0E9FE019902A800F0E4
:10D9900051FCB2E76FF08804AFE700BF0002C0039C
:10D9A0000000C07FFBCE040038B5026804464AB1CF
:10D9B000104B22F47E11994206D1043000F064FC31
:10D9C00000232360002013E00B4B1340B3F1607F72
:10D9D00008D14021783000F02DFC04F1080016F049
:10D9E000C8FDEDE7B822002117F0DEFE6FF08800D9
:10D9F00038BD00BF0002C0030000C07F2DE9F04326
:10DA0000D0F8008095B0154604460F461A461C9E75
:10DA1000B8F1000F40F0C380624B26F47E1999459F
:10DA2000066011D1061D304617F0C4FC3988434604
:10DA300048467A8817F04DF8014610BB6FF085050F
:10DA40002046FFF7B1FF0AE0574B3340B3F1607F48
:10DA500009D0B822414617F0A7FE6FF08505284689
:10DA600015B0BDE8F083F6B246F0007606F17E43CD
:10DA7000033B102B039213D94660002A48D1174666
:10DA80004EE0304600F01CFC20B9294630467A882A
:10DA900017F0CAFC16F05FFB0546002DDFD0CFE77C
:10DAA000102B1BD8DFE803F02020201A1A202009B1
:10DAB0001816141A1A12100E0C003C4B6360BDE7C6
:10DAC0003B4BFBE73B4BF9E73B4BF7E73B4BF5E7C2
:10DAD0003B4BF3E73B4BF1E73B4BEFE73B49466002
:10DAE000CB5C002BC9D0A9E7402A466012D9402759
:10DAF00003AB0193402329460093304604AB16F054
:10DB000096FD054660B1402104A800F093FBC4E7F0
:10DB10000027EDE71AB1294604A817F01FFE402799
:10DB20000DF110094B46039DA84529D1BD4206D2EF
:10DB30003621C5F1400209EB050017F035FE05F16D
:10DB4000770304F1770223449A4221D1BD4207D2E0
:10DB500004F178005C21C5F14002284417F024FE4E
:10DB600004F108083146404616F012FD054600282B
:10DB7000C9D13A46404604A916F02BFD0546C2E736
:10DB80001A7808F1010882F0360203F8012BCBE77E
:10DB900019F8011B81F06A0102F8011FD4E76FF048
:10DBA00088055CE70002C0030000C07F0A00000295
:10DBB0001300000212000002110000021000000217
:10DBC0000D0000020C0000020B0000020CCF04004C
:10DBD00038B50468ACB10C4B24F47E159D4206D1D7
:10DBE000043017F047FCBDE8384016F0B4BA074BD4
:10DBF0002340B3F1607F04D1BDE83840083016F00F
:10DC0000E8BC6FF0880038BD0002C0030000C07F90
:10DC10002DE9F04F0446CFB0039100F1480346AD23
:10DC200000F168062A4618685968083303C2B342EF
:10DC30001546F7D14FF0000C04AAD2E944830193B2
:10DC40003F4BD2F824B1D2F818510293D2E947974A
:10DC5000D2E94216BCF10F0F5AD8039B53F82C306F
:10DC60001BBA4FEAF52E87EA0900DDF808A08EEA14
:10DC7000B51E28408EEA756E784070445AF804EB61
:10DC80009360704403444FEA713E46EA0100CDF8C8
:10DC900008A08EEAB10E06EA010A00EA080040EA8E
:10DCA0000A008EEAB15EDDF804A00CF1010C5B44C1
:10DCB0008644BCF1400F9A44BB46734402F104020F
:10DCC000CDF804801DD104A8C0E94897C0E946A555
:10DCD000C0E94468C0E94231C0E9003E45A904F109
:10DCE0004403643453F8042F51F8045F9C422A44DF
:10DCF0001A60F7D14FF4947100F09CFA4FB0BDE870
:10DD0000F08FB0464F460E46A94619465546A1E744
:10DD1000136852F834AC4FEAF34E8EEA734E52F861
:10DD2000380C8EEA932E52F8143C03444FEABA4062
:10DD300080EAFA10734480EADA00034491E700BFF6
:10DD40006C92040003460846C1B9C3E910110D4A9C
:10DD50000D49DFF838C0C3E912120D4A0D49C3E975
:10DD600014C20D4AC3E916120C4A1A6602F1745223
:10DD7000A2F52302A2F692425A6670476FF086001F
:10DD8000704700BF85AE67BB67E6096A72F36E3CF9
:10DD90003AF54FA57F520E518C68059BABD9831F76
:10DDA000043004289ABF034B33F910006FF083004E
:10DDB000704700BF569E0400014B17F0C8B900BF62
:10DDC0001094040070B5144606460D4688B02146EE
:10DDD00020460C4A17F019FA224621466846FFF7FA
:10DDE000EBFF6A4631463046FFF7E6FF22466946BA
:10DDF0006846FFF7E1FF6A4629462846FFF7DCFF41
:10DE000008B070BD1094040030B5044689B017F016
:10DE10005EF90C4A2146684617F0F1F805460121E3
:10DE2000684617F0D0F86A462146684617F0E7F8CA
:10DE30002DB1003818BF0120404209B030BD4FF06D
:10DE4000FF30FAE7CC93040030B589B0044617F0F0
:10DE5000D6F8054621466846044A17F0BAF82A461D
:10DE60006946204617F0E2F809B030BD109404006E
:10DE700070B5044690B00D461146164617F027F9C6
:10DE80002146234A08A817F0BAF8012803D04FF01A
:10DE9000FF3010B070BD1146204617F095F92846A6
:10DEA00006F1200117F013F92946194A08A817F0BE
:10DEB000A6F80128EBD11146284617F085F92A4625
:10DEC00029466846FFF778FF2246214608A8FFF753
:10DED00073FF08A922460846FFF76EFF08A92246ED
:10DEE0000846FFF7B1FF08A922460846FFF7ACFF36
:10DEF00008A922460846FFF7A7FF08A90846044BD1
:10DF0000044A17F00FF9684608A917F0A0F8C0E70F
:10DF100010940400AC93040070B504460D461646F8
:10DF200098B0114608A8FFF747FF344B21466846D2
:10DF300008AA17F0F7F8214608AA10A8FFF784FFEF
:10DF4000694610AA08A8FFF737FF08AA11466846D5
:10DF50002A4B17F0E7F869466846284B08AA17F0DD
:10DF6000E1F82A46294610A8FFF726FF10AA114615
:10DF70001046224B17F0D6F8214610AA08A8FFF742
:10DF80001BFF08AA114610461C4B17F0CBF810AA2D
:10DF900011461046FFF710FF10AA184B1146104605
:10DFA00017F0C0F86A4669462046FFF705FF21468C
:10DFB000204608AAFFF748FF2146204608AAFFF797
:10DFC00043FF324629463046FFF7F6FE0B4B3246FA
:10DFD0003146304617F0A6F82246284608A9FFF732
:10DFE00033FF6A4629462846FFF7E6FE29462846BB
:10DFF00010AAFFF729FF18B070BD00BF10940400ED
:10E000002DE9F04F9946054692460C46A3B02C9E4A
:10E010002F49324602A816F0F2FFD6F800B031467A
:10E020000BF0010202A80DF1480816F0FFFF0021D5
:10E03000404616F0C8FF4A4641460AA8FFF704FFCB
:10E0400001225146284616F0F1FF0122494620469A
:10E0500016F0ECFF01211F4A1AA817F0CBF86FEA5F
:10E060000B02204602F001020AA916F0DFFFFF278B
:10E070007B0922AA02EB830353F8806C07F01F028E
:10E08000D64086EA0B06F2434946404602F00102BA
:10E0900016F0CCFF404606F001020AA916F0C6FFB2
:10E0A000214628461AAAFFF737FF5346214628463D
:10E0B000CDF800801AAA17F0EAF8013FD8D121461E
:10E0C00028461AAAFFF77EFE23B0BDE8F08F00BFF6
:10E0D000CC930400109404002DE9F74306460D4646
:10E0E000174698464FF004092021304617F030F9C2
:10E0F00080B931462846FFF787FE044638B94146C5
:10E100003846074B074A0095FFF77AFF04E0B9F15C
:10E110000109E9D14FF0FF34204603B0BDE8F08398
:10E120006C9304008C93040030B599B00D4610AB8D
:10E13000694608AAFFF7D0FF04462021684600F090
:10E1400079F86CB92846084A08A917F08EF8064AEB
:10E1500010A905F1200017F088F8204619B030BD4D
:10E160004FF0FF34F9E700BF1094040070B5AAB077
:10E1700002AD064628461446FFF746FEC8B92246B9
:10E1800012A90AA8FFF774FE0446A8B90AAA22A990
:10E190001AA8009512ABFFF733FF3046084A1AA9B8
:10E1A00017F063F82846202100F044F820462AB0F2
:10E1B00070BD6FF00204F5E76FF00104F2E700BFF5
:10E1C0001094040070B59AB002AE05463046FFF7D1
:10E1D0001BFE0446C0B90E4B0E4A12A90AA80096AF
:10E1E000FFF70EFF2021304600F024F828460A4AA7
:10E1F0000AA917F03AF8084A12A905F1200017F009
:10E2000034F820461AB070BD6FF00204F9E700BF81
:10E210006C9304008C93040010940400014B1B6861
:10E22000184700BF7C0B0020014B1B68184700BF3C
:10E23000780B002010B50A46044619B1024B0021A4
:10E240001B68984710BD00BF54940400F0B5044605
:10E250000B4B0C4E586800B9F0BDC579C5F3840569
:10E2600056F825502D78A54208D1457905F00F07BD
:10E27000B1EB871F02D1B2EB151FEDD00833E9E7F0
:10E280005C9404005894040010B50446A8B1806B57
:10E2900010B1242117F084F8606B40B12368074A5D
:10E2A000DB79C3F3840352F823305B699847204637
:10E2B000BDE810403C21FFF7BDBF10BD58940400DD
:10E2C00038B505460C46A9B13C22002117F06CFA7E
:10E2D000E3790A4AC3F3840352F823301B6913B964
:10E2E00000202C6038BD984768630028F8D16FF093
:10E2F0008C00F7E76FF08600F4E700BF5894040045
:10E3000070B4DCB2012C25D804681CB3E57905F0A3
:10E310000305012D05D8657905F00F05B2EB851FC2
:10E3200018D142600372E5790C4EC5F38405012BC8
:10E33000406B56F8255008D0637903F0F004302C78
:10E3400003D003F0E003402B02D1AB6870BC184748
:10E35000EB68FBE76FF0860070BC704758940400D0
:10E3600038B5036805461446BBB1102A13D8DA79CC
:10E37000D20707D41B795B09B4EB830F4FEA830202
:10E380000BD314462CB1224605F1200017F0E6F914
:10E390002C63002038BD0248FCE76FF08600F9E7E7
:10E3A000809FFFFFF0B40468049F1CB96FF08600E3
:10E3B000F0BC704700243C6006683EB3347914F02A
:10E3C0001F0423D0767906F0F006102E11D1A24258
:10E3D0001ED13A6002680F4CD279C2F3840254F81D
:10E3E000222054680A46A446F0BC90F90810406BFD
:10E3F0006047994208D1C369002BD7D1B2FBF4F32F
:10E4000004FB1322002AD1D10348D1E70348CFE708
:10E410000348CDE758940400809FFFFF809CFFFFD6
:10E42000809DFFFF10B50146006808B30020106012
:10E4300018600A68537903F0B004302C17D003F049
:10E44000E004402C13D003F0F003602B0FD0902B8E
:10E450000DD0A02B0BD09279463A012A07D9102B68
:10E4600009D1CB698342A0F5C54008BF002010BD8B
:10E470006FF08600FBE70148F9E700BF809FFFFFD0
:10E48000C02AF0B544D0B2F5807F43D0802A40F056
:10E49000BA800A23036000240346520943F8044F5C
:10E4A00001EB820251F8044B8A4243F8044FF9D140
:10E4B00003680C2B30D00E2B5ED00A2B26D1534D87
:10E4C000534900F1A006426955F8044B8768C2F32E
:10E4D0000723CB5C7C406340140E0C5D103083EA54
:10E4E0000443D4B20C5D83EA0463C2F307440C5DB9
:10E4F00083EA042350F8044C836063400468C360DB
:10E5000063405A40036142618642DCD10020F0BD85
:10E510000C23BFE70E23BDE73C4C3D4900F1C0058D
:10E52000C26954F8046B8768C2F30723CB5C7E4052
:10E530007340160E8E5D183083EA0643D6B28E5DA8
:10E5400083EA0663C2F307468E5D83EA062350F82A
:10E550000C6C8360734050F8086CC360734050F8D3
:10E56000046C036173400668436173405A408361E1
:10E57000C2618542D4D1C9E7244D254900F1E006A6
:10E58000446A55F8042B8768C4F30723CB5C7A40B0
:10E590005340220E8A5C876983EA0243E2B28A5CB6
:10E5A000203083EA0263C4F307428A5C83EA0223D1
:10E5B00050F8142C8360534050F8102CC360534023
:10E5C00050F80C2C03615340DAB28A5C43617A4004
:10E5D0001F0ECF5D82EA0762C3F30727CF5DC3F347
:10E5E0000743CB5C82EA072282EA034350F8042CFB
:10E5F000836153400268C36153405C4003624462DC
:10E600008642BDD182E76FF01F0080E7AC94040022
:10E610001DD004002DE9F04FC9B002AD04462846D4
:10E620000E46174617F081F8002331463A46284631
:10E630006360FFF725FF0646002833D1029F039B46
:10E6400004A903EB870301EB830251F8233004F1A3
:10E65000180EA3605368103AE36093697146236112
:10E66000D369914663617B1E98462948DFF8A4C0B0
:10E670002760B8F1000F1EDC002F4FEA0313C8BF5C
:10E680001C46C3F10003DCBF00230024D018D3587C
:10E690000EEB04014EF8043043684B6083688B60D6
:10E6A000C368CB6002A84FF48C71FFF7C3FD3046FE
:10E6B00049B0BDE8F08F01F11004A9F1040B0194F9
:10E6C0005BF8044F250E1CF8055050F825A0E5B264
:10E6D0001CF8055050F8255085EA3A2AC4F307255E
:10E6E0001CF80550C4F307441CF8044050F82550AA
:10E6F00050F824408AEA356585EA3445019C41F8A2
:10E70000045BA142DCD108F1FF38A9F11009B0E7A0
:10E71000D49404001DD004002DE9F04F01298C464B
:10E720009E4693B000F273834368176856689568F5
:10E73000D46850F8082B99004FEA620808F1FF38B6
:10E74000BCF1000F40F0BC8150F82330421887EA3A
:10E75000030A536830327340029352F8283C6B40EE
:10E760005546039352F8243C63401E46DDE90204FB
:10E770000493D14B52E9069BCDF814B052F810BC6B
:10E7800052E90817CDF818B052F80CBC2032CDF879
:10E790001CB052F828BCB8F1000FCDF820B052F8E8
:10E7A00024BCCDF824B000F3CA80BCF1000F03D123
:10E7B000DDE902045546049E5FFA85FC53F82CC03F
:10E7C000020E53F8222081EA0C0181EA3221C6F3BD
:10E7D000072253F822205FFA80FC81EA3261C4F3F9
:10E7E000074253F8222053F82CC081EA3241220E0E
:10E7F00053F8222087EA0C0787EA3227C5F307225D
:10E8000053F822205FFA84FC87EA3267C6F3074296
:10E8100053F8222053F82CC087EA3247320E53F8BF
:10E82000222089EA0C0989EA3229C0F3072253F829
:10E830002220F6B289EA3269C5F3074253F8222052
:10E8400053F8266089EA32482D0E059A53F8255070
:10E85000C4F3072453F824407240C0F3074053F830
:10E86000200082EA3525954B85EA346484EA3040FD
:10E870003C0E1D5DCCB21C5D069A0E91544084EA9C
:10E880000564C0F307255D5D079A84EA0524C8F393
:10E8900007455D5D0F9784EA05444FEA18655E5DA4
:10E8A000FDB25D5D1190554085EA0665C1F307260E
:10E8B0009E5DCDF8408085EA0625C0F307469E5D43
:10E8C0000A9485EA0645060E0B9513F806C05FFA12
:10E8D00088F69E5D089AC0B2564086EA0C66C7F379
:10E8E000072C13F80CC0099A86EA0C26C1F3074CD2
:10E8F00013F80CC0090E86EA0C4613F801C0195C27
:10E90000C7F307475140C8F307229A5C81EA0C61BC
:10E91000DB5D81EA022282EA03430C960D93CEF876
:10E9200000400AA82021CEF80450CEF80860CEF8A6
:10E930000C30FFF77FFC002013B0BDE8F08F4FEAEA
:10E94000106C53F82CB05FFA85FC53F82CC008F11A
:10E95000FF3881EA0C0CC6F3072153F821108CEA2A
:10E960003B2C8CEA316CC4F3074153F821108CEA3C
:10E97000314C210E53F821B0C1B253F82110794027
:10E98000C5F3072753F8277081EA3B2181EA3761F5
:10E99000C6F3074753F8277081EA3741370E53F81B
:10E9A00027B0E7B253F82770F6B289EA0707C0F339
:10E9B000072953F8299087EA3B27019153F82660ED
:10E9C00087EA39690599C5F307472D0E53F8255095
:10E9D000C4F3072453F824407140C0F3074053F8B0
:10E9E000200081EA3526019986EA34665FFA8CF4C4
:10E9F00086EA304653F82450080E069953F8200052
:10EA0000694081EA302553F82770C6F3072053F890
:10EA1000200089EA374785EA3065C7F3074053F895
:10EA20002000079985EA3045380E53F820409DF8BC
:10EA3000040053F82000414081EA3420CCF307243D
:10EA400053F8244080EA3460C6F3074453F8244066
:10EA500080EA3440340E53F82490FCB253F824403A
:10EA60000899F6B2614081EA3924019953F8266089
:10EA7000C1F3072953F82990099984EA3964CCF342
:10EA800007494FEA1C6C53F82CC0714081EA3C26C0
:10EA90000199C7F3072753F82770C1F3074153F8CB
:10EAA000299053F8211086EA37664FF0010C84EA6A
:10EAB000394486EA31465DE6D49404001DCF040053
:10EAC00050F8233001447B4002934B684FF0000C18
:10EAD000734003938B68CF4A6B400493CB6830310B
:10EAE00063401E46DDE90305029C059351F810BC06
:10EAF00051E90837CDF818B051F80CBC51E906A916
:10EB0000CDF81CB051F808BC2031CDF820B051F838
:10EB100024BCB8F1000FCDF824B000F3BA80BCF1EA
:10EB2000000F03D1DDE90305059E029C5FFA84FC1A
:10EB300052F82CC0310E52F8211083EA0C0383EAFC
:10EB40003123C0F3072152F821105FFA80FC83EAD9
:10EB50003163C5F3074152F8211052F82CC083EA03
:10EB60003143210E52F8211087EA0C0787EA31273A
:10EB7000C5F3072152F821100E9387EA3167C6F3D7
:10EB8000074152F8211087EA3147E9B252F82110C3
:10EB90002D0E8AEA010C010E52F8211052F8255070
:10EBA0008CEA312CC6F3072152F82110F6B252F844
:10EBB00026608CEA316CC4F30741C4F3072452F891
:10EBC000244089EA0606C0F3074052F8200086EA8E
:10EBD000352585EA346484EA304052F821108E4AA3
:10EBE000040E155DDCB2145D069E8CEA3141744062
:10EBF00084EA0564C7F30725555D0F9784EA052469
:10EC0000C1F30745555D109184EA05481D0E565D18
:10EC1000FDB2555D079C1190654085EA0665C1F31C
:10EC20000726965DCDF8288085EA0625C0F30746BD
:10EC3000965D85EA06453E0E0B9512F806C0CEB2EB
:10EC4000965D089C090E664086EA0C66C0F3072CA8
:10EC500012F80CC0C0B286EA0C26C3F3074C12F8B7
:10EC60000CC0C3F3072386EA0C4612F801C0115CFE
:10EC70000998D35C4140C7F30747D25D81EA0C6134
:10EC800081EA032383EA02430C960D93CEF80080B9
:10EC900047E64FEA166C52F82CB05FFA84FC52F843
:10ECA0002CC008F1FF3883EA0C0CC0F3072352F89C
:10ECB00023308CEA3B2C8CEA336CC5F3074352F8C3
:10ECC00023308CEA334CC3B252F823305F40230E1A
:10ECD00052F8233087EA3327C5F3072352F823304D
:10ECE00087EA3367C6F3074352F8233087EA334392
:10ECF0000193030E52F823B0EBB252F823302D0EDD
:10ED00008AEA0303C6F3072A52F82AA0F6B252F899
:10ED1000266083EA3B2352F8255083EA3A6AC4F31B
:10ED20000743C4F3072452F8244089EA0606C0F3D7
:10ED3000074052F8200086EA352686EA346686EADD
:10ED400030465FFA8CF052F82040069852F8233093
:10ED500060400446300E52F820008AEA334384EAC9
:10ED600030240198079FC0F3072052F8200084EA5E
:10ED70003064C3F3074052F8200084EA30444FEA7D
:10ED80001C6052F820509DF8040052F820004740C3
:10ED900087EA3520C3F3072552F8255080EA35600D
:10EDA000C6F3074552F8255080EA3540019D2D0EE7
:10EDB00052F82590DDB252F82550089F1B0E6F4087
:10EDC00087EA3925C6F30729F6B252F8299052F896
:10EDD0002660099F52F8233085EA39657740CCF3E5
:10EDE0000749CCF3072C87EA332652F82C3052F827
:10EDF000299086EA3366019B4FF0010CC3F3074765
:10EE000052F8273085EA394586EA33466EE66FF0D8
:10EE1000860091E5D49804001DD0040003460549FE
:10EE200000B5E0F741F95DF804EB0144184600F045
:10EE300003B800BF10000000F8B54F4A0D4600238C
:10EE4000D0E90001D2F73AFB002A0446B7BF02F529
:10EE5000A8324A4B4A4B02F5C072E41841F1000651
:10EE60004FF46161E01CB2FBF1F301FB13224FF0A0
:10EE70003C01AB60B2FBF1F301FB132246F1000150
:10EE80006B6000232A600722D2F718FB002A54DAAD
:10EE90000732AA613B4800233B4A201866F1000173
:10EEA000D2F70CFB384B48F6AC6140F2B45703FB89
:10EEB000104440F26D164FF0050CB4FBF1F1B4FBB9
:10EEC000F7F32144C91A314BB4FBF3F3C91A48F6DE
:10EED0009463B1FBF3F3B1FBF6F2B1FBF7F123441A
:10EEE0005B1A992106FB123303EB83045E1C023488
:10EEF000B4FBF1F779430231B1FBFCF1761A40F231
:10EF0000F9518C424FF4C8748CBF6FF00901022193
:10EF100004FB00203944012998BF0130B3F5997FE3
:10EF200013D3A3F59973A0F26C70EB610023EE602C
:10EF3000C5E904102B622846F8BD002EAA61A9DBA2
:10EF4000114A002320463146AAE7970710D14FF017
:10EF5000640C92FBFCF70CFB17275FB992FBF4F7EC
:10EF600004FB1722B2FA82F252093B331344DAE768
:10EF70000022FAE70122F8E7805101006CFA0A004A
:10EF80006BFA0A0050C5FDFFB13A0200B03A020028
:10EF90000CB430B58BB004460D462022002102A8E7
:10EFA00016F002FC0223002D06948DF80A300C4B5B
:10EFB000039312DB01D06B1E1C440FAA0E9902A80A
:10EFC0000794019200F0BAFC15B1069B00221A705A
:10EFD0000BB0BDE8304002B070470024EDE700BF41
:10EFE000B95E04000EB470B58BB004462022002137
:10EFF0000FAD02A855F8046B16F0D6FB022302A849
:10F000002A4631468DF80A30074B06940393019542
:10F0100000F094FC0028A4BF002323540BB0BDE8EB
:10F02000704003B0704700BFB95E04002DE9F84F8F
:10F0300081468846002319F803005A1C202800F056
:10F040008E81A0F10901042940F289812B28144600
:10F0500031D02D2834D0042540F02003692B31D045
:10F060006E2B5DD000224FF00A0A964617461346D3
:10F07000114615F4006C68D040F02006A6F1610B33
:10F08000BBF1050F61D8573EF6B2564562D340F04A
:10F09000200005F08006782840F0A380002E50D094
:10F0A00053EA010640F09F8045F4006C4FF0100ACF
:10F0B0001FFA8CFC83E0042519F802009C1CCBE7A6
:10F0C0004425F9E7A74B0026A74F13F8011B49B1C8
:10F0D00019F80420601C42F020028A4224D0A34A7E
:10F0E00093422ED13046394616F0F3FD48B119F857
:10F0F0000430282B05D1013419F804300134292BB0
:10F1000014D16B0602D507F100431F46B8F1000F7A
:10F1100002D04C44C8F8004030463946BDE8F88F6C
:10F12000934B0026934FD0E70446CEE723F020020E
:10F13000413A192AE0D9A3F13002092ADCD95F2B20
:10F14000DAD0002600270024E0E7A0F13006F6B26E
:10F1500056453BD245F0800C15F480701FFA8CFCAC
:10F1600025D1BAF10A0F14BF4FF00F0B4FF0100B5F
:10F17000DE450EDCA80527D4AAFB0335F3180AFBED
:10F18000015545F1000153EA010018D00EF1010EBE
:10F1900015E045F4C07CBAF10A0F1FFA8CFC06D1C9
:10F1A000042E04D9052E4FF0020708BF0646002E94
:10F1B00018BF47F001071CF4007F00D1013219F895
:10F1C00004006546013454E7013AD5E7FE2E7FF48A
:10F1D0005EAFAE053FF55BAF45F4007C1FFA8CFCDB
:10F1E000EDE7002EADD0BCF1000F70D0920070267C
:10F1F000864218D119F80400661C2B2804D02D284B
:10F2000067D145F48065ADB219F806C0A61C044666
:10F210006046A0F1300CBCF1090F5DD901340CBF80
:10F2200006F1FF34B41E53EA010004F1FF3400F08C
:10F230009380280576D53632B1F5800F64D34E48D9
:10F24000B1F5000F65D2824263DB3B43084603F011
:10F250000306032E03D003F00606062E09D104335D
:10F2600041F10000B0F5000F22BF013201234FF43D
:10F270008000B2F5806F6CDAB0F5800F4FEA900134
:10F280004FEA930326BF21F4801102F2FF320022DD
:10F2900043EA807341EA025718461E46394601F098
:10F2A0007BFC0138022804D8344B2222DFF7FCFE15
:10F2B0001A503046394601F06FFC013802283FF6FB
:10F2C00020AF2E4B2222DFF7EFFE1A5019E76526FA
:10F2D0008EE74FF0FF349CE7002440F2D34A4FF012
:10F2E0000A0B5445DCBF30380BFB040419F8060048
:10F2F0000136A0F1300CBCF1090FF2D9680548BF06
:10F300006442224434468EE7DB1802F1FF32494161
:10F3100092E75E0803F00103013246EAC17649082C
:10F3200033438DE796441EF5A27F0FDDBEF59B7F2C
:10F330000FDA03F00100384301308008181841F15A
:10F34000000100F09DFF06460F46B2E700260027A9
:10F35000AFE70026044FACE700260027D1E61346AE
:10F3600069E600BF20D104000000F07F23D1040033
:10F370001DD104000000F87F02FCFFFF0C0000001C
:10F380002DE9F047002380460F4618F803C05A1CA9
:10F39000BCF1200F00F05D81ACF10901042940F2BD
:10F3A0005881BCF12B0F144630D0BCF12D0F32D058
:10F3B00000264CF02003692B2FD06E2B55D0002156
:10F3C0004FF00A098E460B460D4616F400605FD0DA
:10F3D0004CF02002A2F1610ABAF1050F58D8573A51
:10F3E000D2B24A4559D34CF0200C06F08002BCF151
:10F3F000780F40F08E80002A47D0002D40F08B809F
:10F4000046F400604FF0100980B271E0002618F851
:10F4100002C09C1CCDE74026F9E78F4B4FF0FF451B
:10F4200013F8011B49B118F80420601C42F02002B7
:10F430008A421DD0894A934227D1284616F056FCAD
:10F4400048B118F80430282B05D1013418F80430DD
:10F450000134292B0ED1730601D505F100450FB1FA
:10F4600044443C602846BDE8F0877D4B7D4DD7E79E
:10F470000446D5E723F02002413A192AE6D9A3F140
:10F480003002092AE2D95F2BE0D000250024E6E70C
:10F49000ACF13002D2B24A4531D246F0800016F4C7
:10F4A000807C80B21DD1B9F10A0F14BF4FF0070A5A
:10F4B0004FF0080AD64507DCB6051ED405FB092522
:10F4C000B5B10EF1010E13E046F4C070B9F10A0FA8
:10F4D00080B206D1042A04D9052A4FF0020308BFDE
:10F4E0006246002A18BF43F00103860500D40131AB
:10F4F00018F804C00646013467E70139DEE7FE2A42
:10F500007FF471AFB2053FF56EAF46F4007080B284
:10F51000EEE7002AB9D000285FD08900702262454A
:10F5200018D118F80420601C2B2A04D02D2A56D19B
:10F5300046F48066B6B218F800C0A01C14466246B5
:10F54000A2F1300CBCF1090F4CD901340CBF00F111
:10F55000FF34841E013C002D79D0320561D519316C
:10F56000B5F1007F54D3B5F1806F54D211F17E0F05
:10F5700051DB2B4303F00302032A03D003F00602FE
:10F58000062A05D10433B3F1806F24BF5B08013133
:10F590007F2959DCB3F1007F4FEA930526BF7F3105
:10F5A00025F40005002145EAC155284601F058FB25
:10F5B0000138022804D82C4B2222DFF775FD1A509F
:10F5C000284601F04DFB013802283FF644AF264B98
:10F5D0002222DFF769FD1A503DE765229FE74FF0D1
:10F5E000FF34ADE700244FF00A09DF2CDCBF303ACE
:10F5F00009FB042418F800200130A2F1300CBCF102
:10F60000090FF2D9720548BF644221440446A1E7BC
:10F610006D000139A4E705F00102013142EA550508
:10F62000A1E78E441EF12D0F0CDBBEF1270F0BDC82
:10F6300005F001001843013005EB900016F09BF92E
:10F640000546BDE70025BBE74FF0FF45B8E70025BD
:10F6500001E7134699E600BF2BD104002ED1040028
:10F6600028D104000000C07F0C000000242A2DE9EE
:10F67000F041054601D8012A0AD1354B1622DFF7A1
:10F6800013FD1A5001B10D600020BDE8F081304635
:10F69000064616F8014B202CF9D0A4F109072346A1
:10F6A000042FF4D92B2C32D02D2C33D14FF0010C58
:10F6B0003378861C302B34D1307840F02000782805
:10F6C0002BD132F0100028D1737835461022023643
:10F6D0000CF100470020013FB7FBF2FE02FB1E7851
:10F6E000392B82BF03F1FF3343F02003263B303B2D
:10F6F0009A421DD9704502D817D1984515D24CF0C1
:10F70000020C3446354614F8013B2646E8E74FF034
:10F71000000CCDE74FF0000CCCE7002A08BF082210
:10F72000D6E7002A08BF0A22D2E700FB0230E8E74A
:10F7300001B10D601CF0010F18BF40421CF0020F18
:10F74000A3D0034B2222DFF7AFFC1A5038469CE7C8
:10F750000C000000242AF0B5044601D8012A40D14B
:10F760002E4B1622DFF7A0FC1A5001B10C600020CE
:10F77000F0BD2F463D4615F8010B2028F9D0A0F129
:10F7800009060346042EF4D92B282CD02D282CD181
:10F7900001262B78BD1C302B2DD1287840F020007D
:10F7A000782824D132F0100021D16B782C46102219
:10F7B00002350020392B82BF03F1FF3343F02003D1
:10F7C000263B303B9A421AD9A0FB02040CB9C01860
:10F7D00001D346F002062F462C4617F8013B3D4662
:10F7E000E8E70746C6E70026D3E70026D3E7002A66
:10F7F00008BF0822DDE7002A08BF0A22D9E701B1C5
:10F800000C60F20748BF4042B307B1D5034B222238
:10F81000DFF74AFC1A504FF0FF30A9E70C00000058
:10F820002DE9F0410126B24201DCBDE8F081074636
:10F830003B461F4613F8014B002CF6D0252CF8D17F
:10F840001D780237252DF3D00023DFF8EC809C468D
:10F850001C461F2C27D8A5F1200EBEF1100F06D88C
:10F8600028FA0EFE1EF0010F53D12E2D3CD02E2D66
:10F8700027D8242D33D02A2D36D0BCF1000FD4D078
:10F88000B445D5D145F020070B68A7F1650CBCF154
:10F89000020F01D9612F42D1073323F00703083348
:10F8A00001360B60BFE77F2CDFD96C2D23D01DD82C
:10F8B000682D27D06A2D01D04C2DDED144F4207460
:10F8C00008E0A5F1300EBEF1090FEED80A2404FBC2
:10F8D00003E3202417F8015B002DBAD1CDE7BCF17A
:10F8E000000F18D0B34218D00023F3E7742DF1D0E5
:10F8F0007A2DEFD0C1E7250648BF44F4007444F0E8
:10F900008004E7E7E50548BF44F4007444F48074DC
:10F91000E0E70024DEE79C46E6E76325B2E7692DD1
:10F9200002D007D8632D03D0250601D5A405B3D492
:10F930000433B5E7732DF6E7892801002DE9F04F70
:10F94000837893B08046D0F804909C07CDE90812E4
:10F9500014D50B4600250B92187888B1252813D0B2
:10F960000133069341460135C847002880F2F283EF
:10F9700098F8023043F0040388F802304FF0FF3566
:10F98000284613B0BDE8F08F93F801A09A1CBAF195
:10F99000250F0692E6D04FF0000B5E465F465C46B0
:10F9A0001F2C23D8AAF12003102B22D8DFE803F064
:10F9B0001521211B2121210B212121132118212176
:10F9C000090044F00104069B13F801AB0693BAF159
:10F9D000000FE5D11BE044F0020444F00404F2E718
:10F9E00044F00804EFE744F01004ECE77F2C00F249
:10F9F000F680BAF12E0F00F0D38000F2AC80BAF19D
:10FA0000240F00F0D380BAF12A0F00F0B480BBF1CC
:10FA1000000F06D0099B5A460BA908980B93FFF7D5
:10FA2000FFFE002E4AF02003B8BF24F040040493E8
:10FA3000A3F16503BCBF0026A4B2022B04D94AF08F
:10FA40002003612B40F086826FEA0A0A0AF0200345
:10FA500007930B9B073323F0070303F108020B9274
:10FA6000049A612AD3E9000104F0400340F0E480E5
:10FA7000002B079B0CAA44F4C05408BF4FF0FF367C
:10FA80000093334616F091F901304FF0010CDDF888
:10FA900030A0C3B2B3420393A8BF03F1FF36702373
:10FAA000CDE9043C0AF10903122B0DD90AF16303D5
:10FAB000C62B40F2F3800AF2E73340F2CE72934253
:10FAC0008CBF0423032305939DF83430D80700F13D
:10FAD000E780A20700F1E780C4F3800B4FEA4B1BDD
:10FAE0005FFA8BFB13F00C0F00F0E980BBF1000F05
:10FAF0000CBF03230423BB420EDA2007A7EB030746
:10FB00000BD42F4441462020C847002805F10105A9
:10FB1000FFF62EAFBD42F5D10027BBF1000F07D095
:10FB200041465846C847002805F10105FFF620AFB9
:10FB30009DF83430AD4C13F0080FAD4B08BF1C4698
:10FB40002646324616F8010B002840F0AF802C1BE9
:10FB500002EB040B7AE1AAF13003092B3FD814F031
:10FB6000400F4FF00A020ABF44F0200402FB0636A1
:10FB700002FB073727E7BBF1000F7FF424AF0B9A96
:10FB8000600652F8043B0B9201D51E461BE7002B82
:10FB9000A7BF44F020041F465F4244F0280412E748
:10FBA00063063FF5EDAE44F040040CE7BBF1000FF7
:10FBB0003DD014F0400A099B0BA908980CBF3A46A7
:10FBC00032460B93FFF72CFE0B9B53F8042B0B9341
:10FBD000BAF1000F01D01646F5E61746F3E6BAF182
:10FBE0006C0F16D00CD8BAF1680F19D0BAF16A0FA1
:10FBF00003D0BAF14C0F7FF40AAF44F42074E2E66C
:10FC0000BAF1740F3FF4DFAEBAF17A0F3FF4DBAE16
:10FC1000FDE6200648BF44F4007444F08004D2E6B8
:10FC2000E30548BF44F4007444F48074CBE65E46B8
:10FC3000BB4634463746C6E6002B049B08BF062663
:10FC4000652B0FD1721C44F48054D2B21346112A92
:10FC50004FF0650E4FF0000228BF11239446CDF8F7
:10FC600010E007E0049B662B10D144F40054B44626
:10FC700001221123CDE9002C0CAA00F0F5FBDDF8E0
:10FC800030A0C3B20393022305930BE716F0FF02E3
:10FC9000DCD16523944604930123EBE7022312E7AA
:10FCA0004FF02D0B1EE74FF02B0B1BE7079B414638
:10FCB000C01AC0B2C8470028BFF643AF58E614F4D4
:10FCC000405F40F09780039B002E03F1480308BF7C
:10FCD00001266B44133B039A1AB113F8012D302A05
:10FCE00075D014F0100F039B18BF33461AF1040FA0
:10FCF00072DBB24570DA534544F400547DDD0AF1FD
:10FD000001069E1B2AEAEA730133BBF1000F00D003
:10FD10000133002E73D0721C13449F42CCBFFF1AD4
:10FD2000002714F0090F03D12F44BD426BD10027E7
:10FD3000BBF1000F07D041465846C847002805F1DF
:10FD40000105FFF615AE230510D541463020C84702
:10FD50000028FFF60DAE079B41460235C3F178003F
:10FD600000F0F800C8470028FFF602AE200704D4D0
:10FD7000AB467D195D454ED10027A10469D52AEA1D
:10FD8000EA737642AAEB030A039A013B05F1010BE1
:10FD9000524589BF0CAA3020524450799E4242DC21
:10FDA00041460493C84700280AF1010A049BFFF664
:10FDB000DFAD5A1C09D141462E200493C8470028C4
:10FDC000FFF6D6AD05F1020B049B5D46DCE7039A16
:10FDD000013AD2B203927EE75E1E14F4006F059AD8
:10FDE00014BF0523032313448FE700BF4DA704006E
:10FDF00031CB0400A10485D4EFE7002682E7E206B8
:10FE000048BF013389E741462020C847002805F153
:10FE100001058ADAACE541463020C84700280BF1DD
:10FE2000010BA7DAA4E541460393C8470028FFF673
:10FE30009FADE6060AD5039B013307D105F1020BFE
:10FE400041462E20C8470028FFF692AD5D465F442C
:10FE500012E241469DF83500C8470028FFF688ADFC
:10FE6000002E5DDD41462E20C8470028FFF680ADFC
:10FE700001240CAB039A4146A346A242CABFE21832
:10FE800030205079C8470028FFF672AD01340CAB22
:10FE9000A642EFDAAC1C5C44049B4146079A981AD0
:10FEA000C0B2C8470028FFF663ADBAF1000F414663
:10FEB000B6BF2D202B20CAF1000AC8470028FFF644
:10FEC00057AD059B042B37D14FF47A764146033466
:10FED000BAFBF6F505F13000C0B2C8470028FFF6BE
:10FEE00047AD06FB15AA642641460134BAFBF6F578
:10FEF00005F13000C0B2C8470028FFF639AD06FB57
:10FF000015AA0A2641460134BAFBF6F505F1300080
:10FF1000C0B2C8470028FFF62BAD06FB15AA12E0B9
:10FF2000E40601D46C1CB7E741462E20C8470028E0
:10FF300005F10204B0DA1BE5059B0234032BD2D095
:10FF4000059B012BDDD10AF1300004F1010B414684
:10FF5000C0B277E7AAF16303122B00F2E580DFE875
:10FF600013F013005400E300E300E300E300540047
:10FF7000E300E300E300E300E300FC00DD00E30056
:10FF8000E3002900E300AB000B9B01260DF1300AD2
:10FF90001A1D1B680B928DF8303020072CD50AEB08
:10FFA000060B54465C4529D1A5EB0A0ABF1B04EB9E
:10FFB0000A0B4BE70B9B1A1D0B92D3F800A0A94B21
:10FFC000BAF1000F08BF9A4614F0400F504614BF14
:10FFD00031464FF0FF3115F05CFC0646DDE7414647
:10FFE0002020C8470028FFF6C3AC013CA642F6D348
:10FFF0002F443D1B2746D2E73C46F7E7414614F81D
:020000023000CC
:10000000010BC8470028CDDAB2E421060B9B32D59C
:10001000A2052BD5073323F0070303F10802D3E928
:1000200000010B9224F0100B00291FFA8BFB32DA2F
:1000300040424BF4806B61EB41010CAC0A23224639
:1000400015F043FC1BF0400FA0EB040200F09C8075
:100050002BF0010396429BB240F39F80BAF1000F50
:1000600040F09D802BF011039BB21FE01A1D186811
:100070000B92C117D6E71A1DE00519680B9201D43F
:100080000846F6E7A20547BF48B241F3C01108B2DF
:1000900041F3C031C6E750EA0103CED16306CCD5A7
:1000A000002ECAD124F011043246A3B2344640F2E5
:1000B00006410B426FD126E024F010040A23A4B2BB
:1000C00014F0800C0B9A4CD014F4007115BF073259
:1000D000101D22F007020B900FBF106802F10801FB
:1000E0000B91D2E9000150EA010247D124F0160B2E
:1000F00062061FFA8BFB45D5002E43D124F017046E
:100100003246A3B2344619075FD4D90704D5A742B3
:1001100072DD3C1BA6183C46A34650E044F0100498
:1001200010234FF0780ACBE74AF02003782B04D154
:10013000CAF1780343F01003C2E741462520C847BF
:100140000028FFF615AC41465046C8470028FFF688
:100150000FAC0235069BFFF7FFBB08234FF0000AE8
:10016000AEE7111D10680B9114F48071BBD014F42C
:1001700000711ABFC0B2614680B2B4E724F0060431
:100180001FFA84FB0CAC5AE714465B46D9068ED5A1
:10019000BAF1000F05D10134B5E71446F6E734464D
:1001A000F4E70234AFE741462020CDE90332C847E7
:1001B0000028FFF6DDAB0BF1010BDDE903325F45F3
:1001C000F1DC2C1B04EB0B055C46D90616D5414629
:1001D00030200392C8470028FFF6CAAB039ABAF151
:1001E000000F32D0023541465046C8470028039AD6
:1001F000FFF6BEAB2E441DE016468DE740F20641E9
:100200000B42F7D013F0020F05F1010541460392AE
:1002100014BF2B20202013F4806F18BF2D20E4E79B
:10022000414630200392C847002805F10105039A92
:10023000FFF69EAB731B9A42F2DB16460DF1300AB5
:100240002EB902EB050B3F1B00E60135D2E7013E5C
:10025000414603921AF80600C8470028039AEFDACD
:10026000FFF786BB35CB040041462020C847002855
:1002700005F10105FFF67CAB7B1B002BF4DC69E785
:100280002DE9FF47804616460F46002900F0A28060
:10029000B1FA81F4341B002E04F10A04C0F2A280EA
:1002A000304600F02DFB0444304600F02FFBA4EB59
:1002B000060905466946304600F050FBA9EB0503E8
:1002C0006A4640467D33394615F025FBA6428246F4
:1002D0000D4600F38380B9F13F0F00F381804FF0AA
:1002E000FF33A9F12000C9F1200103FA00F003FA5D
:1002F00009F223FA01F103FA09F3024328EA03039E
:100300000A4327EA020213430CBF01200020002DFC
:1003100000F08A80B5FA85F3E31A40F2FE7203F228
:100320003E43934200F38680002B23EAE371D4BF5F
:1003300001220A46121BA2F23344A2F2344EA2F268
:100340005343C4F120072AFA04F625FA03F3CEF149
:10035000200C05FA07F725FA04F405FA0CFCCEF197
:1003600020083E43A2F25447A2F254421E432AFA06
:100370000EF325FA07F743EA0C033B4313F001039E
:1003800018D04FF0FF3707FA02F307FA0EFC4CEAD9
:10039000030C27FA08F307FA0EF74CEA030C2AEAD3
:1003A000070A25EA0C055AEA050A41D100283FD080
:1003B00006F001039A1944F10004C4F3130452EA4D
:1003C0000400104608BFC91844EA0157394604B072
:1003D000BDE8F087B0FA80F420345BE7012096E7AF
:1003E000002094E7C6F10009484600F08FFA241A6D
:1003F000484600F08BFAA61B0546694648462E443F
:1004000000F01EFB6A46404606F17C03394615F0B3
:1004100082FA82460D464046394600F087FA814509
:100420008CBF0020012072E7BAFA8AF3203373E709
:100430000123BFE700200149C9E700BF0000F07FAA
:100440001FB502AB074A00934FF0CC3315F00BFCFD
:10045000DDE90201C00840EA4170C90805B05DF855
:1004600004FB00BFCDCCCCCC2DE9F04F9BB00F0DE1
:1004700004460A939DF890300592C1F30A520C93FA
:10048000C1F31303C90F07917AB950EA03017ED172
:100490000599302301274B71079B0A6043F0020343
:1004A0000B7138461BB0BDE8F08F40F2FF718A42F5
:1004B0000BD10343079B059A4FF0000714BF43F08D
:1004C000080343F004031371EBE7A2F2354A43F447
:1004D0008015234304F001024FEA85080CBF27F082
:1004E0000107012748EA9478089208BF7F054FEA80
:1004F000840602BF7F0DB7FA87F77F09BAF1000FB4
:10050000C0F2B680504600F0EFF9BAF1030FC8BF51
:100510000138049000F002FA049B7C3016A9A3EB8A
:100520000A0A8244184600F08BFA12AB204629468C
:10053000019310AB16AA02970093534615F0A2FA46
:10054000049B04460D46152B00F28E8014ABA94A7D
:100550003046414600934FF0CC33DDE9109A15F058
:1005600082FB149B159A9B0843EA827303EB830377
:10057000B34210D14146304600F0D8F9049B834283
:100580008CBF4FF000084FF00108002715E01D4612
:10059000DFF864A29DE7089B002B55D1013E48F18E
:1005A000FF31F01B61F1000100F0C0F9049BDDF8A0
:1005B000208083428CBF002701270C9B002B40F03A
:1005C000C880DDF8289000264FF00A0B06960996A1
:1005D000DDE91001FFF734FFDDE912A3CDE90D01DC
:1005E000194650460F93FFF72BFF0A4603460D9915
:1005F0000B908B420E9B72EB03010F9B80F0C4802B
:10060000204629460F92FFF71BFF0B9B002E14BFBD
:100610004FF0000808F001080F9A0BFB10460BFB87
:1006200003F50D9BF6B204461093554514BF002701
:1006300007F001070E9B0D46139211930B9B12932B
:10064000069B01330693C3E7B01C48F1000100F09C
:100650006DF9049B83428CBF00200120B9EB0000A0
:100660006AF10002CDE910024FF000084746A4E706
:10067000CAF1000B584600F03DF9BAF1FF3F0CBF3C
:100680008146A0F10109ABEB090B0AEB09035846BF
:10069000049300F043F916A9A0F17D0A584600F032
:1006A0005DF912ABA9EB0A0A2046019310AB29466B
:1006B00016AA00935346029715F0E4F9B9F1010F19
:1006C00004460D460ED8089B13B94FF0010874E795
:1006D000109B4FF00108119A013B42F1FF32CDE926
:1006E000103252E7B9F13E0FBED84FF0FF33A9F1F7
:1006F0002000C9F1200103FA09F203FA00F023FAFD
:1007000001F103FA09F3024326EA03060A4328EA41
:10071000020856EA08060CBF4FF001084FF0000827
:1007200033E700FB02F60133A1FB001232448C4296
:1007300075EB0206F5D2049ADDF828901344259A49
:100740001344D20F9342B8BF13469945A8BF9946A8
:1007500039E70A21002201230846E8E70BFB01FEE6
:100760000CF1010CA0FB0B017144844275EB010EEE
:10077000F4D2CC450DDDB9F1000F02D154EA0501E8
:1007800007D0012309933BE70A2000214FF0010C19
:10079000EBE7002F32D04FF00A0B50461946FFF717
:1007A0004FFE0BFB00F20B9152450E9026D1002E0E
:1007B00014BF4FF0000808F00108DDE91001FFF751
:1007C0003FFE8A460D9029462046FFF739FE0D9AD6
:1007D0000E9B0BFB10460D4604461293F6B2CDE974
:1007E000102A0B9A9A460B9B1392069A0132069294
:1007F000D3E700BFCDCCCCCCCCFBFFFFB8F1000FD2
:1008000005D0052E03D104F001060436F6B2069B8E
:10081000DDF810809844099B53B9DDE912239D420D
:1008200008BF944204D1089B002B4AD1002F48D026
:10083000042E94BF0026012630194FF00A024FF013
:1008400000034FF0010745F100011446904271EB9F
:10085000030538D2F6B1B9451CDA0C9B6BB108EB35
:100860000703259ADDF828901344012BB8BF012314
:100870009945A8BF99464F450CDD053008F10108A0
:1008800007F1FF374FF00A024FF0000341F100017A
:10089000D0F764FE4F450FFA88F8059BA8BF4F4676
:1008A0004FF000093FB2B84408F1FF3607F10508E0
:1008B0009844B9450EDB059B1A461E60079B1371D1
:1008C000EFE50126B8E704FB03F50137A2FB04239B
:1008D0002B44BBE70A220023D0F740FE303209F157
:1008E000010908F8012DE4E7014B5843800C7047DB
:1008F00041340100014B5843000D7047FB2E0B00A3
:10090000014B5843C00C70474F931200024B5843A1
:10091000C00C0130704700BF4F931200024B584388
:10092000C00C0130704700BF4F93120070B50346F2
:10093000094A00204FF0CC364FF0333506FB03F464
:1009400002FB0144A3FB023121449D4275EB0104EB
:1009500001D30130F2E770BDCDCCCCCC1A232DE908
:10096000F04FB0FBF3FA334E03FB1A0389B0044691
:100970000D4606EB0A1653B9D6E90023C1E9002358
:10098000D6E90201C5E9020109B0BDE8F08F2A4AA3
:1009900002EBC303D3E9008904AB40464946009308
:1009A000D6E9022315F05FF906AB83460F464046B1
:1009B00049460093D6E9002315F055F900238146F6
:1009C000DDE9066216EB0B0652EB070828BF012390
:1009D00033B1049B059A013342F10002CDE90432A0
:1009E00020460391FFF79AFF07461A2000FB0AF002
:1009F000FFF794FF3F1A3246434648460399009753
:100A000015F048F90D4A4FEA141C640004F01E0367
:100A100052F82C40DC4004F003042418304641F125
:100A20000001DDE90423C5E900414146009715F0C6
:100A300031F9A7E71871040048700400D49C040041
:100A40002DE9F04F1A2700F11905DFF8E0A089B071
:100A500004460E46B5FBF7F56F434FEA051B0AEB5C
:100A600005153A1A0AD1D5E90023C1E90023D5E9D1
:100A70000201C6E9020109B0BDE8F08F2C4B03EB7F
:100A8000C203D3E9008904AB404649460093D5E947
:100A9000022315F0E8F85AF80B206B68013ACDE90B
:100AA000020106A963F1000340460091494615F092
:100AB000DAF88A46029900238146DDE906526D186C
:100AC000039952EB010828BF012333B1049B059A17
:100AD000013342F10002CDE904323846FFF71EFF30
:100AE00007462046FFF71AFF3F1A2A464346484664
:100AF0005146009715F0CEF80E4A4FEA141C6400D8
:100B000004F01E0352F82C40DC4004F003040134CE
:100B10002418284641F10001DDE90423C6E900411B
:100B20004146009715F0B6F8A3E700BFE87104004E
:100B300048700400289D040038B5C0F3C75301462F
:100B400020F000457F3B162B19DC002B024608DA0B
:100B500000281BDB002D14BF4FF07E5100210846FA
:100B600038BD0C4818410842F9D00029C2BF4FF4E3
:100B7000000141FA03F3D21822EA0001EFE7B5F1D0
:100B8000FF4FECD3D0F770F90146E8E74FF0004192
:100B9000E5E700BFFFFF7F000B4631F0004104D1C5
:100BA00000280CBF022003207047094A134208D0D6
:100BB000084B994207D9914207D1B0FA80F0400919
:100BC000704703207047042070470020704700BF23
:100BD0000000F07FFFFFEF7F38B5C0F3C7540D462C
:100BE000034620F0004184B941B34FF09841D0F75B
:100BF00043FA1A4BC0F3C7549D42A4F1190406DA14
:100C0000C00FBDE8384015F0CAB8FF2C08D04CF230
:100C100050339D4209DDC00FBDE8384000F03AB8BE
:100C20000146D0F721F9034608E02B19FE2BF2DC30
:100C3000002B05DD20F0FF4040EAC353184638BDC5
:100C400013F1180FDCDB193320F0FF404FF04C514B
:100C500040EAC350D0F710FAE5E700BFB03CFFFF11
:100C600030F000400DD0A0F50003B3F1FE4F0AD3E1
:100C7000421E074B9A4208D9A0F1FF4358425841FF
:100C8000704702207047042070470320704700BF60
:100C9000FEFF7F0008B1024870474FF0FF407047E9
:100CA000000080FF08B1024870474FF0FF407047D6
:100CB000000080FF08B515F019F8014808BD00BF15
:100CC0000000C07F7047034600201A7B12B11A68EB
:100CD0008A4206D00130182803F11003F5D14FF0F5
:100CE000FF30704730B50D0100EB01110B7BABB14C
:100CF000D0F888310A7AD0F88441032B4FEA0221D8
:100D0000C4EB02220BDC0BB104EB62010133C0F82F
:100D100088310023C0F884112844037330BD04EBEC
:100D2000E201F3E72DE9F041D0F88041C0F88C21D1
:100D300000EB04131B7B05460F4616464FEA0418CA
:100D400013B12146FFF7CEFF002205EB080345F85B
:100D500008701A725A8101225E601A7318231444B3
:100D600094FBF3F203FB1244C5F88041BDE8F08127
:100D700038B505461446FFF7A6FF431C01460AD0C6
:100D800005EB00125368E41A42F210739C4204D936
:100D90002846FFF7A7FF002038BD137AFF2B01D1AB
:100DA0000120F9E701331372FAE770B505461446DE
:100DB000FFF789FF431C06461FD02046D0F704F9F1
:100DC000D5F89411D0F758F9D0F758FBA0B10C23FF
:100DD00003FB04F2B2F5FA6F28BF4FF4FA6205EB99
:100DE00006156B89934208D2D21A824228BF024666
:100DF000B2F5803F03D290B270BD0020FCE74FF601
:100E0000FF70F9E738B504461546FFF75CFF431C51
:100E10000CD0010104EB001043890C445A19B2F5BF
:100E2000803F2CBF4FF6FF7292B2628138BD70478F
:100E30007047704770470020704770470A2070471E
:100E4000C82070474FF47A6070474EF660207047B4
:100E500038B50446806E03681B6898470546606E87
:100E600003685B6E984794F8243063B9B4F8703027
:100E70005B0708D4236A03F5FA535B1B23EAE37389
:100E8000984228BF184638BD03465A6D08460AB135
:100E9000996D1047704710B5036804469B6A9847E0
:100EA000034628B1206C18B158436423B0FBF3F01B
:100EB00010BD38B500230446C0E90A33C0E90C333D
:100EC000A0F87030806E03681B6898472368206222
:100ED00005465B6A2046984720642046FFF7DBFF03
:100EE000C4E90E05606EA56103681B689847606ED3
:100EF00003689B6A984784F8240038BD70B503687E
:100F000005469B6A98470446C8B12B6CBBB1A86ED6
:100F100003681B689847EB6B0646C31A0FD05C4307
:100F2000632C0CD92846FFF7B6FF6423B4FBF3F417
:100F3000AB6BEE631C44844294BFAC63A86370BD8A
:100F4000037813F0380F1FBF4FF40860C3F3830317
:100F5000D84000F0010008BF0120704770B5456E11
:100F600004462B685E6A03681B6A98470146284658
:100F7000B047606E03689B6A984718B9606E036853
:100F80009B69984794F82430834217D084F8240052
:100F9000B0B9A06E03681B6898472062A06E036812
:100FA0001B689847236AC01AB0F5FA5F82BFB4F88D
:100FB000703043F00403A4F8703001E00028EDD055
:100FC000606E03689B6C9847606E03681B6E984761
:100FD000606E0368DB6C984794F8513001462BB97A
:100FE000012384F8500084F8513070BD94F95030DA
:100FF0008342FAD0236884F850001B6B2046BDE87A
:1010000070401847F8B51C46023BFD2B0D461646AE
:1010100001D90020F8BD13789A090B70F9D103F0BB
:1010200003020923D34013F0010323D10B81CB80AA
:101030000121735C9A09032A2B71EAD003F03F0364
:1010400002FB0333DAB2402AE3D801315718A74232
:10105000DFDC314405F10A0014F080FBE21B92B2A0
:10106000B82A6A80D5D8F11905F14A0014F076FB48
:101070000120CFE7052CCCDDB6F80130CB80B6F8E7
:1010800003300B810521D4E72DE9F84303680446BA
:101090009B6A89469847054610B90120BDE8F88348
:1010A000E06E002603685B6998478046464516DB7C
:1010B000606EFF2103689B689847A26B4308B2EB00
:1010C000500FEAD29B1A6422691E02FB0311B1FB86
:1010D000F5F120460131FFF7D7FE0020DEE7E06E94
:1010E00031460368DB699847074608B90136DDE7F2
:1010F000E06E314603685B6A9847A0EB0900002860
:10110000F4DC3846FFF71CFF0028EFD0C5E710B528
:101110000446C06E03681B68984730B9B4F8703055
:1011200043F00103A4F8703010BD00230371438025
:1011300080F80231F8E7C06E03685B68184710B5A5
:10114000806E0C4603681B689847001B0028D4BFBC
:101150000020012010BD10B5806E0C4603681B688E
:101160009847204410BD2DE9F047036805461B68E9
:101170000E469847044630B9E86E3146BDE8F04760
:1011800003685B681847012817D0D5F86C8020F0F9
:101190007F47D8F8003039462846D3F80890FFF743
:1011A000DAFF220E013A034631464046D2B2C84722
:1011B0001FB139462846FFF767FEBDE8F0872DE9E5
:1011C000F04304464FF08147C3B0606EFF220368CE
:1011D00002A95B689847061E60DD2368606ED3F83D
:1011E000048003685B6B98470546606E03681B6B61
:1011F00098472946024602AB20460096C047E06E5B
:1012000003681B6898470546002847D001463346C7
:10121000204602AAFFF7F6FE002839D0606E036868
:101220005B6B98473946CFF727FFD0F701F985F870
:101230000201D4F86480D8F800304046D3F80C900E
:101240005B6B9847324601464046C8478046606E11
:10125000314603689B689847636903446361236868
:1012600028469E6801F066F8434602462946204615
:10127000B0472B7829469B074BBF636B236B013329
:10128000013320464CBF63632363FFF76CFF9CE789
:10129000E06E294603685B68984796E743B0BDE86F
:1012A000F0832DE9F843036804469B690D4698478F
:1012B000A76C064622683FBBA5642046D3699847C1
:1012C0002844E0646568236828461F6901F032F805
:1012D000294602462046B847E56E31462B6820462F
:1012E0009F68D4F8048094F84490FFF734FF414697
:1012F00003464A462846B8470023314620466360E5
:10130000FFF7C2FDBDE8F883E36CEF1BEB1A002B7F
:101310000ADBB4F87030204643F00203A4F87030C2
:10132000D36998472844E06423682046DB6A9847DD
:10133000B842C7D2606E03685B6D98472368A564A6
:101340002046DB6998470544E564BBE72DE9F04397
:101350000446806EC1B003681B6898470546E06E7E
:10136000294603681B69984748B9E061E06E036845
:101370005B69984700B9A06441B0BDE8F08320469E
:10138000FFF7BCFD29462046FFF77EFE0028F3D07C
:10139000606E0368DB6A98470646606E03689B6B65
:1013A000984706B900BB2046A169FFF7C8FE30B9CF
:1013B000A1690131491B2046FFF766FDDCE7E669BC
:1013C0000EB92E46E56123682046DB699847AE1BBF
:1013D00086424AD9B4F87030606E43F00203A4F834
:1013E00070300368DB6B98470023E06EE3610368AD
:1013F0002946DB6A984784F84400E06E2946036872
:10140000DB68984760600028B6D0092203786F46F1
:101410008DF8003003F0030322FA03F3DB074ABF21
:1014200005220122C38802F1010644BFADF8013054
:10143000038900F10A0148BFADF803300379B819F8
:101440000DF80230402200F055FFD4F80480064425
:10145000B8F802209319FF2B13DDE06E41460368B4
:101460005B6898470023636086E7236820469B6992
:101470009847014605462046FFF76DFE691CA061AE
:1014800099E708F14A01B81914F068F9606EB8F8E4
:1014900002900368B1449B684946984700EB4006B8
:1014A000606EE5600368B6F5167FDB6A34BF4FF403
:1014B000967676089847C0B1236820469B6998477E
:1014C000E66E01463368054620469F68D4F80480DE
:1014D00094F84490FFF73FFE414603464A463046A3
:1014E000B84700232946636065E7606E03689B6B1D
:1014F00098470028E0D0606E03689B699847804653
:101500000028D9D1606E4A46036869461B6998472E
:1015100028B94A4629462046FFF7C3FE2CE7314644
:101520002046FFF718FEC4F81C80A060C4F848806D
:1015300022E770B543680446002B43D0406E036831
:101540009B6998470546606E03685B699847002869
:1015500040D0656E60682B689E6800F0EBFE014627
:101560002846B04705462369034423612046FFF718
:10157000C5FCA36B606E9D422CBF00235B1BA36365
:101580000368DB69984761680A794888930902F023
:101590003F0203FB02222368023250FA82F2DB6828
:1015A00020469847616820460B789B074BBFE36A4B
:1015B000A36A013301334CBFE362A362FFF7BBFDB3
:1015C000002363602046FFF7FAFD2046BDE8704027
:1015D000FFF7BCBEEDB92046A168FFF7B0FDC0B172
:1015E000606E0368DB69984761680A7948889309E7
:1015F00002F03F0203FB02222368023250FA82F219
:101600001B692046984720466168FFF794FD656096
:10161000D8E770BD2DE9F047054608791E460C460F
:10162000904600F057FEEF6E3B6898B16288B82A8A
:1016300010D831462846D3F80890FFF78CFD214694
:10164000034642463846C84731462846FFF71CFC49
:10165000BDE8F08721463846BDE8F0475B6818478B
:101660002DE9F041E6B0044630A81E460D46174667
:10167000DDF8B081D1F798F9202230A8A91812F02E
:10168000F5FB4246314630A812F0F0FB10A930A815
:1016900012F0F0FB684610A912F0BFFA6946204626
:1016A00012F0FCFA30A8D1F77FF9214630A82022A9
:1016B00012F0DCFB394630A8202212F0D7FB42465C
:1016C000314630A812F0D2FB20A930A812F0D2FB8C
:1016D00020A908A812F0A1FA6B462A4608A904F12D
:1016E000200012F0ABFA40210DEB010012F079F965
:1016F0002021684612F075F966B0BDE8F08110B59A
:1017000004462022002114F04FF8204610BD10B5E9
:1017100004460846214612F04DFCB0FA80F040091C
:1017200010BD10B50446FFF7EAFF4022002104F186
:10173000200014F039F8204610BD38B5044600F1F9
:1017400020052846202212F022FC94F82030294659
:1017500023F0070384F8203094F83F30204603F04C
:101760003F0343F0400384F83F30BDE8384012F0B7
:1017700095BA602A38B50B4613D10A4603F14004E6
:1017800000F1200152F8045BA24241F8045BF9D158
:10179000603352F8041B9A4240F8041BF9D101202F
:1017A00038BD402A0DD100F120010A4603F1400462
:1017B00053F8045BA34242F8045BF9D112F06EFACD
:1017C000EDE70020ECE73F2A70B51ED95F2A00F153
:1017D000200300F1600407D853F8042BA34241F81A
:1017E000042BF9D1402070BD1A460D4652F8046B07
:1017F000A24245F8046BF9D1403150F8042B9842CD
:1018000041F8042BF9D16020EDE70020EBE75F2AD7
:1018100030B513D903460A4600F1200453F8045B9F
:10182000A34242F8045BF9D12031603053F8042B15
:10183000834241F8042BF9D1602030BD0020FCE741
:1018400070B5402A06460C4688B00FD100F1200141
:101850000B4604F1400254F8040B944243F8040B85
:10186000F9D1304612F01AFA012002E0602A02D0C3
:10187000002008B070BD01F120052946684612F02D
:101880000DFA20222146684613F0A1FFB0B929467F
:1018900006F12003603451F8042BA14243F8042BD5
:1018A000F9D16C463346224603CA596008A98A42D8
:1018B0001860144603F10803F5D1D5E721466846C0
:1018C00004F1400512F0EAF920222946684613F097
:1018D0007EFF0028CCD106F1200354F8042BAC4243
:1018E00043F8042BF9D16A463346144603CC5960B9
:1018F00008A98C421860224603F10803F5D1B3E72A
:10190000602AF8B506460D4601D00020F8BD01F169
:1019100020042046D1F74EFD471E2846D1F74AFD48
:1019200098B10137F1D12C4606F1200123460A4631
:1019300004F1400053F8044B834242F8044BF9D1C0
:10194000304612F0ABF90120E0E70137DDD0EBE7DC
:1019500013B5044600930846134604F120012246BD
:10196000FFF77EFE02B010BD30B505460C4689B0CB
:1019700011466846FAF780FE6A46204605F12001C6
:1019800012F038F909B030BD0020704700207047D0
:1019900000207047704770477047002070477047BD
:1019A0007047704770477047704770470020704716
:1019B00000207047002070470020704700207047CB
:1019C00070B5446E0546236808469E6800F0B2FC78
:1019D00001462046B047052204460021686F00F00A
:1019E000A5FD34235C436423B4FBF3F4604370BD72
:1019F00008B504220121406F00F098FD7823584378
:101A000008BDC0F3400080F0010000F00100704705
:101A1000FFF74FBAFFF78DBD10B50446FFF79EFAEA
:101A2000A06E03681B689847014604F18000BDE87A
:101A30001040D1F7D9BB2DE9F0470446806E0F4620
:101A4000036800261B6898478146E06E03685B695F
:101A500098478046464524DAE06E31460368DB69E4
:101A600098470546F8B10078FFF7CBFFD8B1284674
:101A7000D1F798FBB84216D1D4F864802846D8F83C
:101A80000030D3F808A000F055FC01464046D0478E
:101A900004F18008024639464046FFF786F90546BC
:101AA00018B9BDE8F0870136D4E7E06E3146036827
:101AB00005EB09029B6A98472A4639464046FFF7DC
:101AC000A1F9636D002BECD02846A16DBDE8F0476D
:101AD000184770B50C4605468030D1F707FC2379CE
:101AE00006469A0903F03F0302FB0333686E6288DF
:101AF00052FA83F1036802319B689847044600EB71
:101B00008000CFF761FA3146CFF7B6FACFF7B6FCCF
:101B100006235C43B4F5FA6F28BF4FF4FA64A04281
:101B200028BF20460021421C686F00F0FFFC1430E3
:101B300070BD38B50B7905469A0903F03F0302FBE7
:101B40000333406E4A8852FA83F1036802319B687E
:101B5000984740F291120446FA21686F00F0E6FCC3
:101B60004FF47A7300FB04F2B2FBF3F20021686FCA
:101B7000013200F0DBFC143038BDF8B50D4600270B
:101B80000B7901F10A0603F03F04013C23F03F0307
:101B90001C43E4B20C71A40901342B7903F03F0318
:101BA00013FB04F3BB4200DCF8BD3046264422465A
:101BB0003146274413F0D2FDEFE7F8B50B78054620
:101BC00018460C46FFF71DFF08B90020F8BDFF2B93
:101BD000FBD00B7903F03F079B09013307FB03336D
:101BE000402B07F10106F0DC2B6828465B6C984718
:101BF0000028EAD0227905F506719209013207FB27
:101C000002400A3013F0AAFD2379204623F03F0357
:101C10001E432671D1F7C6FA0646A86E03681B68F4
:101C200098473146024605F18000FFF77BF82B68A4
:101C300021469B6C28469847237903F03F030133E4
:101C400040EA0360C2E72DE9F047202B81460E46AB
:101C500017461C4692B004D90025284612B0BDE8AC
:101C6000F087FFF754FA05460028F5D01022034606
:101C700003F84A2B324606F1200852F8041B42456D
:101C800043F8041BF9D1D9F8780005F16E0903680F
:101C90001B6898478246C5F86A001CB3224639463D
:101CA00005F1AE0013F05AFD04F164036B80334676
:101CB0000DF1040C624618685968083303C24345A5
:101CC0009446F7D1CDF824A074B1224639460AA82B
:101CD00013F044FD04F124034946304601AAFFF7FE
:101CE00037FEBAE76423E1E72423F5E72DE9F04F57
:101CF000AFB09DF8E0809A4608F03F044FEA981391
:101D000003FB0444DDF8EC90064609F10503234487
:101D1000A62B8B46174604D9002528462FB0BDE8D0
:101D2000F08FFFF7F4F905460028F5D02023037063
:101D30009BF80030514680F84A3096F81832224617
:101D400080F84B300DF101008DF8008004F1020A9B
:101D500013F004FD04F1B903E8460DEB0A006B44EF
:101D6000B9F1000F12D09DF8E4203A9903F8B82C8D
:101D70004A4613F0F3FC09EB0A034246384605F1E4
:101D80004C0100F02BFC02306880C6E7FF2203F80C
:101D9000B82C736F01461A68184616680422B047BB
:101DA000A31DEAE77FB509788DF814100B9903910C
:101DB0000A9902919DF8241001919DF8201000913C
:101DC00005A9FFF793FF07B05DF804FB2DE9F84381
:101DD000022907460D4690461E46DDF824901DD880
:101DE00009F11103B82B19D8FFF791F9044690B106
:101DF000AD00057098F8003000F14C0180F84A30D1
:101E000097F81832089A80F84B304B46304600F06D
:101E1000E5FB023060802046BDE8F8830024FAE745
:101E2000F8B5072915461E46089F22D107F1300351
:101E3000B82B1ED8FFF76BF90446C0B11C232A4605
:101E40000370337805F1200180F84A3000F14B032C
:101E500052F8040B8A4243F8040BF9D13B46079A27
:101E6000069804F16B0100F0B9FB21306080204638
:101E7000F8BD0024FBE72DE9F0411F464B1F012B65
:101E80000E461546DDF8188019D808F11003B82B56
:101E900015D8FFF73CF9044670B1B6000670284625
:101EA00010F8013B3A4684F84A3004F14B014346AE
:101EB00000F094FB013060802046BDE8F0810024F2
:101EC000FAE770B50E461546FFF721F9044638B11A
:101ED0000C232A46314600F84A3B13F03FFC65804C
:101EE000204670BD2DE9F04102F10108B8F1B80FAC
:101EF0000F4616461D4614D8FFF709F9044668B187
:101F000028232D0145F00305037080F84A5032461E
:101F100039464B3013F022FCA4F802802046BDE87D
:101F2000F0810024FAE72DE9F0470B780546FF2BF6
:101F30000C4690464CD0036804F14A091B6D984743
:101F4000064604F10A0AEEB949462846A278FFF788
:101F5000B8FF074600283BD0237904F10A0140224C
:101F60000A3000F0D8F93B78387123F0030343F0CE
:101F700002033B703246434639462846BDE8F047E7
:101F8000FFF748BB2B682146DB6C2846984708F5CD
:101F9000967833464946A27880442846FFF7A2FF48
:101FA000074690B14022514623790A3000F0B3F938
:101FB0003B78387123F0030343F002033B700022A7
:101FC000434639462846FFF725FB013EF6B2BAE7FD
:101FD000BDE8F087F0B591F84A70064607F00F03A8
:101FE000032B0C46C3B036D14B88042B33D901AD3B
:101FF000284600F06AF9237840228DF8043004F175
:102000000A0123790DF10E0000F085F962888DF840
:102010000800013A92B204F14B010DF14E00ADF807
:10202000062013F09BFBF06F294603681B68984756
:1020300088B9F06F294603683F095B6898472946CD
:102040003046FFF79AFD4FF496722946304607FB5B
:102050000222FFF768FF002043B0F0BDB82A70B538
:102060000E4615460DD8FFF752F8044638B13C230A
:102070002A46314600F84A3B13F070FB6580204643
:1020800070BD0024FBE770B50E4615461C46FFF7F1
:102090003EF848B1242303700923C0F84A60C0F811
:1020A0004E5080F85240438070BDB82A70B50E463D
:1020B00015460DD8FFF72BF8044638B12C232A46D5
:1020C000314600F84A3B13F049FB6580204670BD5D
:1020D0000024FBE72DE9F04117460A78064602F096
:1020E0003C0024280D4605D129463046BDE8F04184
:1020F000FFF721B85C1EE4B2022CF5D822F00302EF
:1021000042F00102A4010A700C71F06F03685B6871
:1021100098472B78C3F38303082B10D0042B14BFEC
:1021200001240324336829463046DB6B9847224656
:102130003B1829463046BDE8F041FFF76BBA022450
:10214000F0E72DE9F0411F460B78064603F03C000E
:1021500024280C469DF8185005D121463046BDE88C
:10216000F041FEF7E8BF013DEDB2022DF5D823F0B6
:1021700003030B701388AD01CB8053880D710B8165
:10218000F06F03685B6898472278C2F38302082ADD
:1021900010D0042A14BF0125032533682146304698
:1021A000DB6B98472A463B1821463046BDE8F04194
:1021B000FFF730BA0225F0E72DE9F04194460A789E
:1021C000064622F0030E02F03C024EF0020E242AD4
:1021D0000C461D46069F81F800E021D14B885A1914
:1021E000B82A03DDBDE8F041FEF7A5BF03F14A00C0
:1021F0002A466146204413F0B1FA63881D44002347
:10220000658005252371F06F214603685B68984758
:102210003B462A4621463046BDE8F041FFF7FAB971
:102220004022614604F10A0000F075F8257820711B
:1022300005F03C05A5F120035D425D41E3E72DE992
:10224000F0410D78174625F0030545F002050D70A5
:10225000002506460C460D71C06F03685B68984701
:102260003B462A4621463046BDE8F041FFF7D2B949
:102270002DE9F041002705460C461E460B7843F039
:1022800003030B701388CB8053880F710B81C06FD1
:1022900003685B68984733463A4621462846BDE8BE
:1022A000F041FFF7B7B938B50446FEF7D1FD054652
:1022B000A06E03681B689847014604F18000D0F7C0
:1022C000DBFFA84228BF284638BD002202700271F9
:1022D0004280704700F03F038009032800F10102AB
:1022E00006D013FB02F04028CCBF0020012070472D
:1022F0000020704738B59D0903F03F0405FB0444F6
:10230000402C06DC944204D8224613F027FA2046DB
:1023100038BD0024FBE713F03F0F10B51C4606D173
:102320001846FFF7D7FF00B90024204610BDFFF77D
:10233000E1FFF8E703799A0903F03F0302FB033357
:1023400042880078023310F0030052FA83F305D07C
:10235000C21E504250418000184470470420FBE7E1
:1023600070B50478B0B0C4F38304092C0D464688D8
:1023700000F14A018DF804400FD1037932460DF186
:1023800006008DF8053013F0E9F9B31C0821284642
:1023900001AAD1F743FD30B070BD32460DF1050002
:1023A00013F0DCF9731CF1E7092270B503780D46D0
:1023B0000B7003F0030322FA03F3DB074ABF052285
:1023C0000122C38802F1010644BFA1F8013003894C
:1023D000044648BFA1F8033003798B5400F10A0189
:1023E0004022A819FFF786FF3044C6B2628804F184
:1023F0004A0155FA80F013F0B1F96388F018C0B2C1
:1024000070BD012A2DE9F04106468846154603D8DD
:1024100000273846BDE8F0810B7803F00302037013
:102420000923D34013F001032AD101210381C38082
:1024300018F8014020463471FFF74CFF074600288A
:10244000E6D0A30904F03F0403FB04440131E2B2E7
:1024500051FA84F4AC42DBDC414406F10A00E4B2F8
:1024600013F07CF9A542D3D92A1B92B2B82A728004
:10247000CED808EB040106F14A0013F06FF9C8E763
:10248000052DC5D9B1F80130C380B1F8033005215D
:102490000381CDE70029034610B51DDBD0F82041AC
:1024A0008C4219DD621E50F82100C3F8202103EB95
:1024B000810280311944043B03EB84039A4200D12A
:1024C00010BD546842F8044B4C7801F8014BD2F827
:1024D000A040C2F89C40F1E70020F1E730B5D0F809
:1024E0002041202C0DD040F8241000EB8405011968
:1024F000013481F88020C5F8A030C0F820410120C7
:1025000030BD0020FCE7A0F14103052B02D837388D
:10251000C0B27047A0F16103052B01D85738F7E727
:102520003038C0B20A2828BF0020704737B515469A
:1025300004220C4603680DEB02011B689847A54274
:1025400006D9019B2D1BB3FBF5F205FB12331C448E
:10255000204603B030BD2DE9F047B4B002AC804650
:1025600089461E46A2461A440F2EA2EB06051ADC27
:10257000002E0ADD10220021204613F015F9204616
:102580003246294613F0EAF81034012351460093ED
:1025900040464B46A4EB0A02D1F7BAFB20EAE070B2
:1025A00034B0BDE8F087234605F1100C1F462868BB
:1025B0006968083503C765453B46F7D11034103EBE
:1025C000D2E713B50C4611461A4600230093234662
:1025D000D1F79EFB20EAE07002B010BDF8B58F1C69
:1025E0000D4639460646FFF7B6FF044608B90020F7
:1025F000F8BD02462B4639463046D1F7CFFB0028BE
:10260000F5D1A01CF4E7002373B58DF80730934291
:1026100006D19DF80700B0FA80F0400902B070BD05
:10262000C55CCE5C9DF8074075402C438DF8074093
:102630000133ECE7022B2DE9F34106460F46154620
:1026400019DD9C1E230716D102F1020841462246DD
:1026500001ABD1F7A3FB70B90222294601A8FFF70D
:10266000D2FF40B1234642463946304602B0BDE86B
:10267000F041FFF7A6BF002002B0BDE8F0810023C3
:102680000144884200D1704700F8013BF9E7F8B5F2
:10269000064610460D461446CEF78CFFB0EB450FAC
:1026A00017D1224631468B1BAB4202F1020201D305
:1026B0000120F8BD12F8020CFFF725FF12F8017C8B
:1026C00004463846FFF71FFF40EA041001F8010BEB
:1026D000E9E70020EDE7F0B504460020074625783D
:1026E0000DB1904208DB214614F8012B1AB19A4231
:1026F000F9D100230B70F0BD254641F820402E781B
:102700002C4601351EB19E42F9D127702C4601306E
:10271000E5E77047002070477047002070470020B1
:102720007047002070470020704780887047002065
:1027300070470020704770470020704700207047A6
:102740000020704710B5036804469B6C984728B179
:1027500023682046BDE810401B6C184710BD0023BD
:1027600007B501A80193D3F7BFFA00B1019803B0F0
:102770005DF804FBD1F7B4BC0846D1F7DDBC5520A9
:1027800008B5D1F79BFC40F21B600021F8F724FF4D
:10279000D1F7EAFC08B5D5F7E3FB40F21B60002156
:1027A000F8F71AFF0120DBF7B1FA1346F0B4DA02AA
:1027B0008768066907D513F4402F1EBF43F3000254
:1027C00002F4402253401F2923F480120AD8012525
:1027D00034688D40DB074CBF2C43AC4334603B680E
:1027E000F0BC1847F0BC70473E2832D00ED81428F1
:1027F0002FD007D80A282CD00F282AD0072818BF96
:102800007D2070471F2824D02928F8E7B0F5CB7F1A
:102810001AD00CD8FA281CD006D8C82819D0CB2832
:1028200014BF7D20C8207047B0F5C87FE7E7B0F53A
:102830004B7F0CD005D8B0F5FA7F0AD0B0F5487FB1
:10284000DDE7B0F57A7FDAE74FF4C87070474FF4F0
:102850004870704783689B6D0BB1C0681847184675
:10286000704790F9550A70478368DB6B0BB1C068FD
:1028700018477047A0F10400F6E783681B6C0BB1A2
:10288000C068184718467047A0F10400F5E7836850
:10289000586C00B100477047A0F10400F7E7836867
:1028A000986C00B100477047A0F10400F7E770474B
:1028B000406A7047806A704708B583689B6913B1A6
:1028C000C0689847034683F00103D8B208BDD0F82A
:1028D0007409704708B5FFF7D0FF08BDD0E8AF0F07
:1028E000704708B51830FFF7F9FF003818BF01200E
:1028F00008BD00F6AC30FFF7F1BF00F6A830FFF7D7
:10290000EDBF00F6A430FFF7E9BF08B51C30FFF7B4
:10291000E5FF003818BF012008BD00F6A81000F040
:102920008ABD38B50FF092FC4FF47A74A0FB040511
:1029300047F61222002304FB0151CEF70FFE38BDEB
:1029400037B505461C469DF81C3000F6A8100093CC
:102950009DF8183000F038FDA5F8684A34B14FF4FE
:102960007A735C43C5F88C4903B030BD43F69824B4
:10297000F8E700F6A81000F0A9BED0E8EF3FC0E8E5
:10298000E21F002AF9D170472DE9F84300F50667E8
:1029900006463846FFF7A2FF044606F65C00FFF73E
:1029A0009DFFE4B2A042884623D04FF48373634373
:1029B00006EB0309B9F82C5192B2954228BF15468F
:1029C0002C33F1182A46404612F0C8FEB9F92E0100
:1029D000CEF7FEFA706299F93001CEF7F9FA611C70
:1029E000B06201F007013846FFF7C7FF2846BDE88F
:1029F000F8830020FBE7D0E8EF3F0133C0E8E23F77
:102A0000002AF8D1704708B50021034600F12002E2
:102A1000D2E8EF0F012804D1C2E8EC1FBCF1000F8F
:102A2000F6D10CBF0120084604D103F6A830FFF709
:102A3000E2FF012008BD2DE9F047099C1E469DF9E3
:102A4000208031B92AB904F6AC30BDE8F047FFF771
:102A5000D2BF04F65C094846FFF740FFC5B204F553
:102A60000660FFF73BFF6F1C07F00707C0B2874205
:102A70000BD104F6AC30FFF7BEFFD4F8DC3A73B3E9
:102A8000D4F8E00ABDE8F0471847B2F5807F28BFC8
:102A90004FF480724FF4837392465D4305F12C002E
:102AA0002044254412F05AFE39464846A5F82CA188
:102AB000A5F82E6185F83081FFF75FFF3046CEF72D
:102AC00087FA60624046CEF783FAA06204F6A4302B
:102AD000FFF791FF60690368DB699847CDE7BDE8C0
:102AE000F08710B5044600F0B9FD38B994F8AC3061
:102AF00023B12046BDE8104000F05EBD10BD0022AD
:102B0000C068114683689B69184783685B680BB18E
:102B1000C06818476FF04F00704783681B690BB19E
:102B2000C0681847704783689B6B0BB1C068184733
:102B30001846704790F8CD3A13B190F8D80A70470C
:102B4000036993F87400704790F8CD3A13B190F888
:102B5000D90A7047036993F87500704708B5FFF705
:102B6000E9FF08288CBF1020202008BD12207047E4
:102B7000036993F94C006FF008039842B8BF1846F8
:102B80001628A8BF1620704708B5C06883681B6860
:102B90009847C043C00F08BD70B5044686B00A46CA
:102BA00001A9D1F70DFE94F8CC2AEAB1D4F8B83ACD
:102BB0000199994218D1D4F8BC3A0299994213D19B
:102BC000D4F8C01A039B4B4033F07F430CD1D4F8A8
:102BD000C41A049B4B4033F07F4305D19DF8141079
:102BE00094F8C83A994230D0A3681B787BBB72B383
:102BF000D4F8B83A019A9A4229D1D4F8BC3A029A48
:102C00009A4224D1D4F8C02A039B534033F07F4327
:102C10001DD1D4F8C42A049B534023F07F4323F0F2
:102C2000FF03A3B99DF8142094F8C83A9A420ED134
:102C30009DF8102094F8C43A9A4208D004F6B824BB
:102C400001AD0FCD0FC42B68236006B070BD2046C8
:102C500001A9FFF799FF50B104F6B82601AD0FCDD9
:102C60000FC62B683360012384F8CC3AEDE784F873
:102C7000CC0AEAE70021FFF78FBF0121FFF78CBFE5
:102C80002DE9F04304468BB000F6883900F11C06AC
:102C90004FF0FF324FF0FF334846F7F70FFF304653
:102CA000FFF71CFE0028F3D001271022002105A801
:102CB00004F6641512F078FD8DF821700995284608
:102CC00002AA01A90FF019FCDDF80480B8F1000F89
:102CD0000BD028460FF00EFC029B002B1EDB394662
:102CE00004F12000FFF749FE18E02046D1F720FD4F
:102CF00047F6122E8446414640F2E7304FF47A728E
:102D00000023ECFB0E01CEF729FC02460B463946A8
:102D100005A8F8F7DFFF10F10B0F12D16069036807
:102D20009B6998472046D1F7A9FE00213046FFF75E
:102D300024FED4F8E43A002BAAD0D4F8E80A984745
:102D4000A6E788B9089B03F4FE13B3F5804F0BD1B7
:102D5000CDE90300284603AA04A90FF0CEFB2846BC
:102D60000FF0C8FB039BB8E728460FF0C3FBD5E77D
:102D700010B503690446A3B1D1F7FAFCE0680EF080
:102D8000CDFD70B12046D1F779FE204694F8791A2E
:102D9000FFF7C3FEA368DB6C1BB1E068BDE8104021
:102DA000184710BD10B50446FFF7A9FE002104F135
:102DB0001800FFF7E2FD04F6A81084F8CC1A00F022
:102DC0003AFB2046BDE81040D1F758BE10B5044686
:102DD000FFF795FE002104F11800FFF7CEFD84F8FF
:102DE000CC1A2046BDE81040D1F748BE2DE9F0418D
:102DF000054680680F4684681646984684B1A44606
:102E0000E868BDE8F041604714B140460EF061FD4E
:102E10002846FFF77AFE27F81400803003D00134EB
:102E2000A642F1DC34462046BDE8F08138B50546BF
:102E30000C4611B9D0F87C4954B12846FFF765FE1D
:102E4000D5F874391C44A042D4BF0020012038BDFD
:102E50002046FCE710B504461830FFF73FFD08B9DF
:102E6000002010BD04F11C00FFF738FD0028F7D149
:102E7000A368DB682BB92046BDE810400021FFF7AE
:102E8000D5BFE06898470028F5D0EAE7B2F5807F23
:102E90002DE9F84F04468946164649DCFFF70CFD3C
:102EA0000746002844D02046FFF7D4FF05460028F7
:102EB0003ED1012304F11C0ADAE8EF2F002A03D1E6
:102EC000CAE8E13F0029F7D132D1294604F12000B8
:102ED000FFF753FD606904F6640803685B6998476F
:102EE000FFF71FFDC4F8B40A2046FFF7C6FE4946A7
:102EF0003246404612F032FC04F66419A4F8A26B84
:102F000048460FF0F7FAE068324683684146D3F846
:102F100010B04B46D84700280EDA606903689B69F9
:102F2000984750462946FFF728FD2046D1F7A6FDD1
:102F300000273846BDE8F88F294604F11800FFF74E
:102F40001CFD04F68830F7F781FDF2E72DE9FF4715
:102F5000C0F87C190446FFF7E4FC002304F5186A66
:102F600084F89339D4F88029DAF804300D4652EA0F
:102F70000301064603D0964275EB03030FDB94F87A
:102F80008839012B0ED9002384F88839D4F88C397C
:102F90009B1945F10005C4F88039CAF8045004B003
:102FA000BDE8F087013384F8883941F28833F3189B
:102FB00045F10002C4F8803904F11800CAF8042071
:102FC000FFF78CFC0028EAD004F11C00FFF786FC18
:102FD0000028E4D12046FFF76FFC804628B9D4F8DA
:102FE0009C3A0133C4F89C3AD9E72046FFF732FFF8
:102FF00007460028D3D12046D1F748FC81460CF083
:1030000085FF0A23B9FBF3F292B2012A38BF0122ED
:1030100002F2A733B3FBF2F3D4F89429801AB0EB91
:10302000031FBCD3082269462046FFF7DFFE0028B5
:1030300005DAD4F8983A0133C4F8983AAFE7D4F8EF
:10304000901A07280144C4F8901A05DCD4F8943A81
:103050000133C4F8943AECE76A463846D4F88C3920
:103060009B1945F10005C4F88039CAF8045084F86A
:10307000887932F9026F0346154635F902CC664568
:1030800003DA013B25F802C9F7D204AD013005EBA4
:103090004303072823F80E6CEBD1BDF90EE0BDF910
:1030A00000C0D4F89C09BDF90820BDF90630E645FA
:1030B000AEEB0C060644134408BFD4F8A009D4F8BC
:1030C000982908BF013002F1010203EBD37308BF56
:1030D000C4F8A009B2F5005F4FEA6305C4F8982967
:1030E00043F34F03C4F89C691CD35208C4F89829D1
:1030F000D4F8A02976085208C4F8A029D4F8942A54
:1031000049085208C4F8942AD4F8982AC4F89C694B
:103110005208C4F8982AD4F89C2AC4F8901A520885
:10312000C4F89C2AD4F87469A4F890393EB106F129
:1031300007084545CCBF4FF000084FF001080122B9
:1031400084F89329B4F98C2A84F892899A4231D16F
:1031500094F88E3AFF2B02D0013384F88E3A204641
:10316000D1F794FB0A23B0FBF3F39BB23E2B66D05E
:1031700040F2752290422AD8142B63D0D1281DD852
:103180000A2B62D00F2B63D0072B14BF6FF07A038A
:103190006FF08603002E70D1AB42B8BF2B466FF0A4
:1031A000310284F878699342D4BFC4F87439C4F802
:1031B0007429F4E6A4F88C3A0023CEE71F2B4AD0FA
:1031C000292B14BF6FF07A036FF07F03E2E7B3F5AA
:1031D000CB7F43D040F6E572904216D8FA2B40D010
:1031E00040F6CD12904208D8C82B3DD0CB2B14BF4F
:1031F0006FF07A036FF07803CCE7B3F5C87F14BFA4
:103200006FF07A036FF07503C4E7B3F54B7F2ED0F0
:1032100041F6C17290420AD8B3F5FA7F2AD0B3F5CD
:10322000487F14BF6FF07A036FF07203B2E7B3F513
:103230007A7F14BF6FF07A036FF07103AAE76FF023
:103240007D03A7E76FF08203A4E76FF08503A1E792
:103250006FF083039EE76FF080039BE76FF07503C9
:1032600098E76FF0770395E76FF0780392E76FF0D8
:1032700072038FE76FF074038CE794F87829072ABC
:1032800084BF02F00F07B7FA87F702F1010188BF88
:103290007F09072A84F8781905D927B906F10D02A4
:1032A00095423FF77CAEAD1B002DCCBF04226FF0E2
:1032B0000302AD1848BF073506EBE5069E42B8BFCE
:1032C0001E466FF031039E42D4BFC4F87469C4F83F
:1032D000743964E638B500F11805044680F8781AA8
:1032E0002846FFF7FBFA58B12046FFF708FC2846AE
:1032F0000021FFF742FB2046BDE83840D1F7BEBBB6
:1033000038BD08B503468068006938B183F8791A7A
:1033100003F11800FFF7E2FA08B9012008BD1846CA
:10332000FFF7FBFBF9E783685B690BB1C0681847DF
:103330001846704708B583681B6D23B1C06898476D
:10334000C043C00F08BD1846FCE7802310B500221B
:10335000016080F8B230002100230446C0E92E232A
:10336000C0F8AC10A0F8B010A822043012F01CFA7B
:10337000204610BD38B50546006803681B689847AD
:103380000446286803685B68984734B128B1E31F96
:10339000834202DC001B40B238BD6FF00700FBE740
:1033A00038B50546006803681B68984704462868D6
:1033B00003689B6898472CB120B1001B0B2801DCE7
:1033C00040B238BD0C20FCE72DE9F0470546984691
:1033D0000F4691469DF82060FFF7CCFF0446284633
:1033E000FFF7DEFF8246286803681B6898474EB1E6
:1033F00040B1B0421FBF09EB0602121A02F30702E6
:103400004FFA82F94C45B8BF4C4661B25145A8BF4E
:103410005146286849B285F8AC7085F8AD1085F83A
:10342000B080036895F8AF20DB680AB195F9AE105B
:10343000BDE8F0471847A82210B500210446043023
:1034400012F0B2F9002384F8B1308023002284F80E
:10345000B2300023C4E92E2310BD00F1A8028388F6
:1034600008305B0820F8043C30F8023C5B0820F888
:10347000023C03885B08038043885B0843809042DA
:10348000EDD1704738B590F8B13090F8AC200133E9
:10349000DBB2054690F9AD4080F8B1306AB9221D23
:1034A000D2B2082A07D80922B3FBF2F202EBC20219
:1034B0009B1A043B5CB2204638BD03F00303012B8A
:1034C00009D0032B0AD02846FFF754FFA04207DD9E
:1034D00095F9AD40EFE7013C64B2F4E70134FBE756
:1034E0002846FFF75DFFA042F2DBE4E74FF6EF73FB
:1034F00010B500EBC1011446B1F844209A4201D93D
:10350000FFF7ABFFB1F844300133A1F8443024B1E8
:10351000B1F846300133A1F8463010BD90F9B23011
:1035200001294FEAC303034408D1B3F84A2001320A
:10353000A3F84A20802380F8B2307047022905D1D1
:10354000B3F848200132A3F84820F3E7B3F8442049
:1035500012B1013AA3F84420B3F84620002AE9D07A
:10356000013AA3F84620E5E714290BD800EBC10087
:103570008388772B06D94FF47A7200895043B0FBC9
:10358000F3F070474FF0FF30704714290BD800EB71
:10359000C1008388772B06D94FF47A72C0885043D4
:1035A000B0FBF3F070474FF0FF30704780F8AD107C
:1035B00000680368DB6818472DE9F84F90F9ADA063
:1035C00004460AF10801FFF7CFFF411C054643D02E
:1035D0000AF109012046FFF7C7FF0AF1070B594618
:1035E00007462046FFF7C0FF0646204694F8B08005
:1035F000FFF7D6FE824594F9AD900CDA7A1C0AD01A
:10360000EF1B312F07DD09F101012046BDE8F84F1E
:1036100049B2FFF7CBBFB8F1000F1BD05946204687
:10362000FFF7B3FF08EB4808B0EB480FD4BF012702
:1036300000272046FFF79EFE48450DDA731C0BD08D
:10364000761B312E08DC322D06DC2FB194F8AD103C
:103650000139DAE70127ECE7BDE8F88F38B5044611
:1036600090F9AD50FFF79CFE85422ADA94F9AD102F
:1036700001F10803142B24D804EBC103B3F8442050
:10368000FAB14FF47A70B3F8463094F8B05043432F
:10369000B3FBF2F3B3F5617F28BF132A8CBF01207F
:1036A000002085B1772A0ED920B905EB8505B3EB4B
:1036B000450F05DD0131204649B2FFF777FF0120B4
:1036C00038BD0020FCE70028F4D1F9E770B590F888
:1036D000AF300446B3B190F9AE6000F1AE052046BC
:1036E000FFF75EFE864215DA2B7801332B702068D7
:1036F00094F8AF200368DB684AB194F9AE1098479C
:10370000012070BD90F9AD6000F1AD05E7E794F9D7
:10371000AD10F4E70020F4E738B50EF097FD4FF454
:103720007A74A0FB040547F61222002304FB015122
:10373000CDF714FF38BD7047D1F7FABB70B5C0B0F4
:10374000044600214FF48072684612F02DF86D4651
:1037500000200121631E3F3413F8012FAE5C0EB927
:10376000A9540130A342F7D140B070BD70477047F3
:103770007047002070470020704700207047704756
:1037800070472022002112F00FB84FF49670704756
:10379000704770470020704708B52022002112F0C2
:1037A00003F8002008BD7047002303604360836076
:1037B0007047704770477047002108B50846D1F739
:1037C000D1FD00210846D1F7CDFD00210846D1F7F3
:1037D000C9FD00210846D1F7C5FD01210020D1F720
:1037E000C1FD01210020D1F7BDFD01210020D1F74D
:1037F000B9FD02210020D1F7B5FD03210020D1F74A
:10380000B1FD02210020D1F7ADFD02210020D1F74A
:10381000A9FD04210020D1F7A5FD05210020D1F745
:10382000A1FD05210020D1F79DFD002008BD7047B6
:103830000020704708B5FFF79CFFFFF7BDFF012090
:1038400008BD08B5FFF797FF08BDFFF794BF2DE946
:10385000F84F9DF8287090F8C15090469A4690F81D
:10386000C020EB190133934204460E469DF830B058
:103870003ADA00215046CDF79DFD002836D00AF1F6
:1038800000490B98CDF7A0FB4946CDF7F5FB4FF06B
:103890007C51CDF7E9FACDF7F1FD8146BBF1000F80
:1038A00012D000215046CDF785FD68B1032F97BF98
:1038B00001234FF0FF33FA00934098BF03F1FF3329
:1038C00023EA090303F10109002204F80580AB1C77
:1038D0000135EDB257FA83F36655E1180132D0B2E3
:1038E000874205D284F8C130BDE8F88FD146C8E7D9
:1038F00001F8019D4FEA1929F0E7F0B5044620B31D
:103900000020235C261803B31A061FD503F13E02DC
:10391000D2B21D2A1CD903F12002D2B20F2A19D922
:1039200003F11002D2B2042A0FD8042200EB020CD9
:103930008C450AD8B6460127BA420DD1032A1BD1BD
:10394000E02B727812D19F2A14D8F0BD0122EDE746
:103950000222EBE70322E9E71EF8015F002DF4D015
:1039600005F0C005802DF0D10137E5E7ED2B01D141
:103970009F2AEAD86046C4E7042AFBD1F02B72786C
:1039800001D18F2AE0E7F42BF4D18F2AF1E7F8B5C3
:10399000037806460B7042780C468AB3092543F03B
:1039A00010030B708368C1F80130C368C1F805309B
:1039B000338A33B1237843F020032370338A63536F
:1039C0000235738A33B1237843F040032370738A3E
:1039D00063530235706888B103787BB1C5F120016B
:1039E000FFF78BFF074648B12378024663F07F0359
:1039F00023706019716811F0B1FE3D44E8B2F8BD62
:103A00000125D5E7002370B50446C0E909330360FA
:103A1000C3624AB30878C306207027D5082A23D981
:103A2000D1F801306362D1F80530A362092386061C
:103A300008D5012B0CBF03250B25AA4214D3CD5A60
:103A40000233A585450606D59D1CEEB2B2420BD3C6
:103A5000CB5AE3852B46000604D5D51A1F2D07DC6B
:103A6000002D06DC01236370204670BD0123DEE7D4
:103A70001F252A461944A01C11F070FE002325447E
:103A8000AB70EFE770B50E46154600214FF4C072DB
:103A9000044611F089FE00230022C4E96233C4E920
:103AA0006C33C4E96A3384F89031C4F8943184F8F3
:103AB0009831C4F89C3184F8A031C4F8A4310023B3
:103AC000C4E96E23C4F8806184F8845170BDF8B5F0
:103AD0000D46044600F5C077E37D26462BB108224B
:103AE0002946204611F073FE18B11834BC42F3D1B8
:103AF00000263046F8BD0B69D21AB2F5616F05D3C6
:103B0000888A012894BF0020012070470020704758
:103B10002DE9F04F0D460024CDB09B469DF858315D
:103B200000210292182203938246264611F03CFEA1
:103B3000294605F5C07301930CAF5A462846039BEE
:103B4000D1F78CFDB0B3CB688A68ABEB03039B184D
:103B50004FF000024FF00F004FF0960E42EB020CB8
:103B6000029A01369B1A8A7D6CF1000C12FB00E26E
:103B70000020B3EB0209C84607EBC40E6CEB00094A
:103B800047F83480CEF804904FF0010ED2184FF071
:103B9000FF330DF1100808F804E004F1010E07EB03
:103BA000CE0940EB0C0047F83E2008F80E30C9F86B
:103BB00004000234019B18319942BED1F3B2039341
:103BC0008AF80130002E3BD00CAA0126104604AB27
:103BD000CDE90133B44237DC0022134616461146C4
:103BE000944263D150F8335000EBC302013350F8D4
:103BF0003310546800EBC30201238AF80030039BA2
:103C0000F6B252689B1B8AF802606E1844EB020001
:103C10008AF80330C30F9B1940F100005B08491B71
:103C200043EAC07362EB04024010CAE90230D30FCA
:103C30005B1842F100025B0843EAC273CAF8103015
:103C400050464DB0BDE8F08F029952F8088F11F937
:103C5000013FD2F804E00F46029111469C46731EC4
:103C600051E9029BC8457EEB0B0507DBF34508BF16
:103C7000C1450DD117F9015C654509DAC1E9009B21
:103C800017F8019C013BA1F1080107F80199E7D25F
:103C900001330CAD0CA945F8338001EBC30104AD31
:103CA000C1F804E005F803C0013693E7019D15F95A
:103CB000017B002F0195394403DD8E42BCBF1346C2
:103CC0000E4601328CE70123C0F88C1180F8903148
:103CD000C0F8941180F8983170470123C0F88C1116
:103CE00080F89031C0F8941180F89831704710B581
:103CF00002999DF80C40C0F89C11012180F8A01198
:103D0000D0F8AC110131C0F8AC1124B1D0F8B01129
:103D10000131C0F8B011C0E96E2310BDF8B5D1F87B
:103D2000887106460C46AFB19F4217D803F56175FE
:103D3000C1F88851D1F8A4510135C1F8A451D1F787
:103D400045FD3378012B02BFD4F8A8310133C4F804
:103D5000A83108E003F56175C1F8885130220021CF
:103D6000304611F021FD3046F8BD2DE9F0430546FF
:103D70000E468FB00EF06AFA4FF47A74A0FB040777
:103D800047F6122204FB01710023CDF7E7FB4FF445
:103D90007A720023CDF792FB336807461B683046E2
:103DA00098473B4602460446294602A8FFF7B6FF5D
:103DB0009DF80830022B0CD1DDE9049895F8843188
:103DC0005BB1B8F1000F08DAD5F8B4310133C5F8AA
:103DD000B43100200FB0BDE8F0836FF0010014EBA8
:103DE000090148F100034A1E43F1FF3390424FF0AE
:103DF00000029A41EDD3336830465B68984705204E
:103E0000D9F712FF9DF818302846CDE900734A46CD
:103E10004346FFF76CFF0120DCE710B50A46044675
:103E2000D1F7C4FC30B1D4F88C01C2F5132101F5EF
:103E30002861084410BD7047D0E8EF3FC0E8E21F9A
:103E4000002AF9D170477047002070470020704762
:103E500010B50C46D1E9001206F01EFC031E04DB6F
:103E60006068C31A5842584110BD0020FCE7002387
:103E700013B50446CDE90033684601A9DBF7C8FD58
:103E800010B1002002B010BD01980028F4D02146E6
:103E9000CDF77EFB0028EFD10120F3E700B5C3B0DA
:103EA000694606F0B4FCB0FA80F0400943B05DF812
:103EB00004FB10B50446FFF7F1FF30B1204606F0D1
:103EC00043FCB0FA80F0400910BD0120FCE77FB54B
:103ED0001D4600230C4616460146012201A8CDE9E5
:103EE00001338DF80C3006F05BFB002802DA00206D
:103EF00004B070BD2146324601A806F0C1FB04465D
:103F000001A806F0ABFB002CF1DB01202C60EFE7F1
:103F1000F8B505460E4617460024BC4207D02B686C
:103F200028469B68315D984708B10134F5E7204683
:103F3000F8BD70470020704707B503688DF807107B
:103F40000122DB680DF10701984703B05DF804FB1F
:103F5000002070474FF0FF3070474FF0FF30704740
:103F60007047F8B5054616460C468F18BC4202D07D
:103F700095F858300BB93046F8BD2B6828469B6839
:103F800014F8011B9847F1E7002070474FF0FF300D
:103F900070474FF0FF3070477047704738B505469F
:103FA0004068144606F078FB031E01DBA34203D0F1
:103FB000002223EAE3742A72204638BD10B5044675
:103FC000542105F0FEFA204610BD10B504460C2120
:103FD00005F0F7FA204610BD10B504465C2105F047
:103FE000F0FA204610BD38B5D0E912329A420446A4
:103FF00011D390F8505055B900F1080140224068A3
:1040000006F03EFB002804DC012384F85030002039
:1040100038BDC4E912050120FAE710B50446FFF7E0
:10402000E2FF18B1E36C1C44207A10BD4FF0FF3062
:10403000FBE710B50446FFF7D6FF28B1E36C5A1C26
:10404000E2641C44207A10BD4FF0FF30FBE738B526
:1040500090F8583004460D463BB10430FFF7E9FFB5
:10406000A8421CBF002384F85830012038BD10B589
:104070000446FFF7B8FF10B1D4E91203C01A10BD0F
:1040800070B50446A368084661689E188E421546BE
:1040900003D82168194411F061FBA3682B44A36085
:1040A00070BD8079704700238371704703689B68F7
:1040B000184770B505460C46084649B1CDF77AFA5F
:1040C0002B68024621462846BDE87040DB68184749
:1040D00070BD08B5FFF7EDFF08BD10B5C279044605
:1040E00052B10023C371A379072B66D8DFE803F030
:1040F00013214B9E7CB21C1A006803681B69984709
:1041000008B9002010BD206803685B699847021E4B
:10411000F7DBD2B2E7E77B2A40F0A280012303203D
:10412000A371EFE77D2A0AD02C2A02D10123A371C3
:1041300015E0617929B97D2A0DD10723A3710420E7
:10414000E0E73A2A0DD1002321440B726371022368
:104150000120A371D6E71046D3F78CF918B10520DA
:10416000D0E70E2929D822F02003413B192B05D98D
:10417000A2F13003092B01D95F2A1ED14B1C214427
:1041800063710A72EBE7617951B91046D3F772F99E
:104190000028E4D1222A01D10323C8E77B2ABDD01D
:1041A000A2F13003092B0BD9A2F16103192B07D916
:1041B000A2F12D03012B03D949B94FF0FF30A1E73C
:1041C0007E29DBD91046D3F755F920B9F5E72C2A1B
:1041D00001D07D2AF6D100232144E2710B72637174
:1041E00005230220A3718DE76E2A08D163797E2B07
:1041F000E3D85A1C62710A2223441A72CCE7722A4D
:1042000007D163797E2BD8D85A1C627123440D22C2
:10421000F3E7222A03D05C2A01D02F2ACDD163797B
:104220007E2BCAD8591C61712344E6E7222A05D1A6
:104230000022637923441A726271D1E75C2A01D1AA
:10424000042374E763797E2BB7D8591C234461712A
:104250001A7284E72C2A3FF469AF7D2A3FF46DAFD0
:104260001046D3F707F900287FF479AFA5E7F0B53A
:10427000002401250746C5B001AE8660316086F88E
:104280000851746034723046FFF727FF031E0BDCC1
:104290000CB9013302D1002386F80831002396F8C7
:1042A0000801BB6045B0F0BD013B032BEBD8DFE854
:1042B00003F0020A101506EB041303A903F18800AA
:1042C000CDF770F9DFE73B687D7138461B6898478A
:1042D000D9E7062CDFD80134E4B2D4E7002CDAD0D9
:1042E000013CF9E7002070470346F0B5A1B14279DF
:1042F0001D68B1FBF2F12A8888B28A422DD91B7958
:1043000003F10042013A35F81220824204D201241E
:10431000AF1EE2B2934201D800201BE0621C37F8C6
:104320001260864217D85A1E6423881BB3FBF2F131
:10433000484304F1004114FB03F3013935F811102F
:10434000B3FBF2F3891B89B2B0FBF1F0C3F1640354
:104350001844C0B2F0BD1446DBE76420FAE77047AA
:1043600038B5012300F10805037100F12804A542C6
:1043700000D138BD686810B103681B6898470835DC
:10438000F5E738B5002300F10805037100F12804B2
:10439000A54200D138BD686810B103685B689847D2
:1043A0000835F5E70079704738B503790BB9002077
:1043B00038BD00F1080500F12804A542F7D068686F
:1043C00008B90835F9E70368DB6898470028F8D092
:1043D000EEE738B500F1080500F12804A54200D148
:1043E00038BD686810B103681B6998470835F5E760
:1043F00070B503790BB9002070BD00F1080600F11B
:104400002805AE42F7D074680CB90836F9E723687E
:1044100020469B6898470028F7D0236820465B69B0
:1044200098470028F1D0E7E72DE9F84F07798A4649
:10443000144607B11AB900242046BDE8F88F4FF0A2
:10444000000B00F1080800F12806B04505D1002F47
:10445000F1D0BBF1000FEED0EEE7D8F80450B5B1C3
:104460002B6828469B68984788B12B682846DB68EC
:104470009847814658B12B682246514628469B6989
:104480009847CB46A04214BF002707F0010708F168
:104490000808DAE7F8B503790F460BB90020F8BD34
:1044A00000F1080600F12805AE42F7D074680CB997
:1044B0000836F9E7236820469B6898470028F7D01C
:1044C000236839462046DB6998470028F0D0E6E7A4
:1044D000406803681B681847406803685B681847B2
:1044E000406803689B68184740680368DB681847A2
:1044F000406803681B69184703891BB94068036853
:104500005B6918470120704770477047002070476B
:10451000704770474FF07C50704770474FF496706B
:104520007047806811460368D3F8F4301847704725
:104530007047836803F50433D3F8043C0BB9C369AF
:104540001847002070477047704770477047806871
:1045500000F506707047C26893681B6A0BB1D0689B
:104560001847184670477047806800F50630A83035
:1045700070478168406801F5B03101F5B871D4F732
:1045800095BCD8F74BBF38B504460D46806860220D
:1045900000F5067011F0E2F829466068BDE8384081
:1045A000D4F754BCD9F714BBC068FEF7AABEC068E4
:1045B000FEF7B9BEC068FEF7BDBE0020D8F7C8BE82
:1045C0000120D8F7C5BED8F7E9BED8F7EDBE531E17
:1045D000AF2B70B505460E46144602D9002420467E
:1045E00070BD0389002BF9D140680368DB689847E8
:1045F0000028F3D068682246036831469B699847D3
:10460000A042ECD096F90030002BE7DB2246314681
:1046100005F10A0011F0A2F82C81E0E7084691B2FA
:10462000D8F76EBE0846D8F779BED8F7CFBE13B517
:10463000044608466946FDF793FE6B46D4F8042508
:1046400003CB04EBC20291605060A022D4F8043581
:10465000013393FBF2F102FB1133C4F8043502B0CD
:1046600010BD37B5044608466946FDF779FE251D9D
:1046700004F2045408222946684611F0A8F818B933
:104680002860686003B030BD0835A542F2D1F9E773
:10469000C06800F6A810FEF7CEBE406800F07CB9F6
:1046A0000420D3F7F3BA2020D3F7F0BA0220D3F7CF
:1046B000EDBA0120D3F7EABA1020D3F7E7BA4FF4E6
:1046C0000070D3F7E3BA0820D3F7E0BA08B54FF487
:1046D0008060D3F7DBFABDE808402020D3F7D6BAD4
:1046E00003891BB940680368DB69184700207047DD
:1046F000F7B50E46044669463046FDF731FE251DE6
:1047000004F2045708222946684611F060F898B967
:10471000337803F00303023B012B07D9D4F80C359F
:104720000133C4F80C35012003B0F0BDD4F80835CE
:104730000133C4F80835F6E70835BD42E2D1002060
:10474000F2E7C06883689B6D0BB1C06818471846D4
:10475000704783685B6A0BB1C0681847704708B53B
:10476000C068FFF7F6FF08BD38B500220446C368ED
:1047700003F6A431D1E8EF0FC1E8E52F002DF9D100
:1047800003F6A831D1E8EF0FC1E8E52F002DF9D1EC
:1047900003F6AC31D1E8EF0FC1E8E52F002DF9D1D8
:1047A0009A68526D0AB1D8689047E068FFF7D1FF68
:1047B0000022A368C3E90C22C3E90A22A3F87020EF
:1047C00038BD08B540F635400021F6F705FF012059
:1047D000D9F79CFA37B50446806800F5B03090F8F8
:1047E000945290F88C3290F98B2290F88A120195AD
:1047F00090F88D020039009018BF0121E068FEF7A3
:104800009FF8D4E9023292F9552A03F5B03383F8C0
:104810008B22D4E90250FEF75DF805F5B03585F836
:10482000940203B030BDC068CFF7F6BD70B5064640
:104830000D4690B040226946284605F021FF041E2F
:1048400004DCB4FA84F0400910B070BD2246694619
:10485000304605F021FFA042ECD00020F4E7F8B587
:1048600004460E46236861681868A26803680968F0
:104870005B68984708B90120F8BDA36893F8402009
:1048800022B96268136801331360EBE7E2681D46E2
:10489000114603F1200055F8047B854241F8047B62
:1048A000F9D102F1200105F1200055F8047B854281
:1048B00041F8047BF9D193F8401002F14C0082F8E2
:1048C000401093F8411003F1840582F84110002153
:1048D00082F84210D3F89410C2F8431093F84210B3
:1048E00082F84710D3F88410916403F1440151F821
:1048F000047BA94240F8047BF9D1D3F888103046F4
:10490000C2F88C10D3F88C10C2F89010D3F8903005
:10491000C2F89430E168982205F0BEFE982805D1CF
:1049200062681368013313602269ABE70020A3E7D4
:104930000B4601461868FFF792BF38B505460C468E
:10494000D4E900010368A268DB680978984708B9D0
:10495000012007E004222846E16805F09DFE0428B6
:1049600001D0002038BDA16820222846213105F061
:1049700093FE20280246F4D1A1682846013105F0B3
:104980008BFE2028EDD16268137801331370D7E7CE
:10499000002201600271704738B50546D4F7AEF9C0
:1049A000044610B12846D4F7BFF9204638BD01208F
:1049B0007047012070470120704770470020704702
:1049C00000207047704770477047002070470020F4
:1049D000704700207047F0B500F5A033D3F8A85B0E
:1049E00000230246B827184645F2B44C02F51E765D
:1049F0009D4201DD182800D1F0BD07FB03F491F8BA
:104A000000E0345DA64501BF00EB0C0402EB84041A
:104A1000636001300133EBE7F0B402F5A9423432B0
:104A200000EB820254689DF81450002C9DF8186029
:104A30009DF8207016DB00F5A032D2F8A82BA24218
:104A400010DDB8220368CDE9055602FB040408977F
:104A5000D3F8AC5001F10A02AC460B7904F51E7193
:104A6000F0BC60470020F0BC7047F0B4052A0E4649
:104A7000DDE9044519460FD1042D20D923799A0880
:104A80001DD123686255026805340494D2F8CC40E5
:104A90003246A446F0BC6047062A10D1022D0ED93A
:104AA000A278033DAA420AD834F8033B0568CDE951
:104AB0000442D5F8D0403246A446F0BC6047F0BC72
:104AC000704711461A460123FDF704BB2DE9F0415A
:104AD0000D460446402206999DF81C3005F144001D
:104AE0009DF82080099F9DF82860FDF714FC85F84B
:104AF0004200A06F03681B689847C5F888002368C8
:104B000029462046D3F8A8309847B8F1030F10D1B2
:104B1000032E0BD9236839462046D3F8A430984792
:104B200020B1002304F5A834C4F834330120BDE8D3
:104B3000F081B8F1010FF9D1002EF7D023683A4681
:104B4000D3F8D880294633462046C047EEE70023F5
:104B5000CA5C1AB1C25401331F2BF9D10022C254CE
:104B60007047C0F3400080F0010000F00100704782
:104B700037B503680D46D3F8A430019201A9044665
:104B8000984730B1002304F5A834C4F83433FF2328
:104B90002B7003B030BD10B5036804461B689847FE
:104BA0006368834228BF581C606010BD202208B58E
:104BB00010F00DFEB0FA80F0400908BD38B504468B
:104BC00094F84330084604F1980533B92246294643
:104BD000FCF7CAFE012384F84330284638BD10B5DF
:104BE00002F5A942343200EB820253680C46002BD6
:104BF00017DB00F5A032D2F8A82B9A4211DDB822BB
:104C000002FB030300F5067103F51E70FFF7D6FFE4
:104C1000214600F1200350F8042B984241F8042B60
:104C2000F9D110BDF0B50C4685B000F5067105460A
:104C3000204616461F46FFF7C1FF002302462146C5
:104C4000CDE90233CDE9007328463346FDF7AAF8D3
:104C5000014648B140F6B8330093284694F84230F4
:104C600004F14402FDF7A8FA05B0F0BD012310B528
:104C70008EB0CDE901310023044606A901A8CDE993
:104C800003330593FEF783FE06AA034604F5067177
:104C90002046FCF7D8FF0EB010BD2DE9F3411F46AA
:104CA00091F842300446FF2B0D46164610D13A4685
:104CB0003146FDF706F9024640B323682946D3F88A
:104CC000E0602046C823B44602B0BDE8F04160472A
:104CD00003681B6D984730B3314601233A4620469E
:104CE000FDF700F90146A0B94FF4FA7831463A468B
:104CF0002046FDF7E6F8014640B1CDF80080204699
:104D000095F8423005F14402FDF756FA02B0BDE8CD
:104D1000F081C8230093204695F8423005F1440203
:104D2000FDF74AFAE0E74FF0C808DFE72DE9F04F5A
:104D300003F5A943343300EB8303D3F80490AFB0F9
:104D4000B9F1000F0F46DDE938A604463A99C0F2E2
:104D5000BB8000F5A033D3F8A83B4B4540F3B480AB
:104D60004FF0B80808FB09F8022A08F51E7505443B
:104D700040F0F280052940F2A78000203279D6F871
:104D800000B092087054032A00F29E80DFE802F01F
:104D90000252A960A06F06F10508026812689047E8
:104DA000B82202FB0942C2F800032268CDF8008055
:104DB0005B462946D2F8B09020463A46C84740465E
:104DC000CCF7F8FB202380460DF110093246042170
:104DD000CDE90053B044431D4846CFF741F898F859
:104DE0000630606F8DF81430036801221B680DF1E6
:104DF000150198473878FFF7B4FE0623A0B1CDE936
:104E00000293032301933B7952460093294620469F
:104E100007F10A03FCF7C6FF0246002854D02368B6
:104E2000D3F8E060C8234CE04A4629462046FFF705
:104E300034FF49E0226805363896D2F8B4605B4604
:104E40003A4629462046B4462FB0BDE8F04F6047A9
:104E500022680DF1150305368DF8150001930096B3
:104E6000D2F8B8605B463A4629462046B0470DF175
:104E70001500CCF79FFB064630B3A06FFFF78BFE03
:104E80000423584508BF0BF101008DF81430053696
:104E900004AB0221049000932A4653462046019613
:104EA000FCF794FF014678B1B82303FB094393F85C
:104EB000BA32FF2B0BD123680246D3F8E0604FF4DF
:104EC000167329462046B0472FB0BDE8F08F4FF447
:104ED000167008F52F72009022442046FDF76CF9F9
:104EE000F2E7B82202FB0942D2F80C1306F10908D6
:104EF000594538BFC2F80CB3A06F026812689047DA
:104F0000B82202FB0949C9F800032268711DCDF8D7
:104F1000048000915B4629462046D2F8BC903A4670
:104F2000C8474046CCF746FB20230DF110080193FB
:104F300004F506730093324600F10903042140464C
:104F4000CEF78EFF3878FFF70CFE042310B1CDE9C1
:104F5000028356E7424668E7002A5AD10429B3D9AA
:104F6000334600F5AE3904390668C9B209F5B4799B
:104F700053F8042B0091CDF804902946D6F8D4605C
:104F8000B047034600289FD03878FFF7EAFDD8B134
:104F9000CDE90293012301933B79524600932946C0
:104FA000204607F10A03FCF7FDFE024600288BD0DD
:104FB0002368D3F8E0604FF4967329462046B44640
:104FC0002FB0BDE8F04F60470121CDE900932A469C
:104FD00053462046FCF7FAFE014600283FF474AF22
:104FE00004EB080393F8BA32FF2B0BD04FF4967002
:104FF0003890204608F52F7222442FB0BDE8F04FBC
:10500000FDF7DAB823680246D3F8E0604FF49673F0
:10501000D3E7012A7FF458AF00293FF455AF036866
:105020003246D3F8D890CBB22946C8473878FFF734
:1050300098FD00283FF448AFA04498F8BA32FF2BFF
:105040003FF442AF23682946D3F8DC602046B446DB
:105050003B7907F10A022FB0BDE8F04F6047F8B581
:105060000E1E0CBF4FF4E1734FF4E57300F5A0374B
:10507000D7F8A84B05469C4209DA631CC7F8A83B41
:10508000B82303FB040404F51E742046F8BDC6B122
:105090004FF0FF312A4600200B46D7F8A87BB842D4
:1050A00017DB002B13DBB82202FB035303F51E743E
:1050B000002EEAD12B6821462846D3F89C30984729
:1050C000E3E70368D3F8943098470028E0D1002440
:1050D000DBE74EB192F8B8421CB9D2F800438C42DB
:1050E00012D30130B832DAE792F8B942E407F8D4C3
:1050F000D2F80043A142F4D992F8B8C2BCF1000F33
:105100001CBF21460346ECE721460346E9E7F0B51C
:105110000C461546AFB0B8220021074668461E4629
:1051200010F042FB6846FCF7EAFAB82269462046CE
:1051300010F014FB2A46254602F1200C2B4610687D
:105140005168083203C362451D46F7D1FF23B11CE5
:1051500084F8423004F12000FFF7F9FC337803F0C3
:105160000F0384F840303378DB0641BF736AC4F81C
:105170008C30B36AC4F89030349BC4F88430B86F74
:1051800003681B689847C4F888002FB0F0BD2DE96C
:10519000F04F1F46092390460A78044602F00302A6
:1051A000D340DA070E46BFB003D5CB880BB90B89C5
:1051B0004BB122683379D2F8E85041463A4620464E
:1051C00003F03F03A8479DF82421489904A8FEF75F
:1051D00019FC9DF81130002B60D09DF81230002B87
:1051E0005CD04FF0000904F5A033D3F8A8AB04F568
:1051F0001E73CA4543DC002596F800B004F5AE3AAC
:105200002BF0030343F001030AF5B47A514630460C
:105210003370FDF7C9F8B146039009F80ABB7DB1B8
:1052200095F84010002976D1B82210A810F0BCFAE9
:1052300010A8FCF764FAB822284610A910F08EFADC
:105240009DF8101023682046D3F88C3001F00F0130
:10525000984748BB10A8FCF752FA4246204604ABD8
:1052600010A90097FFF753FF2368CDF80090D3F8FB
:10527000A05001222046337910A9A8470EE0194614
:1052800040461D46FFF792FC05F1B80348B1B8232C
:1052900003FB0949D9F8FC32BB42ADD33FB0BDE8AE
:1052A000F08F09F10109A4E723682046D3F898306C
:1052B000984720B1337903F03F038342CAD20021DB
:1052C0002046FFF7CCFE0546C8B910A8FCF717FA30
:1052D0004246204604AB10A90097FFF718FF236849
:1052E000CDF800902046D3F8A0500122337910A9C0
:1052F000A84723682046D3F890309847CEE7014668
:1053000004AB424620460097FFF701FF0023C5F893
:10531000943085F84330039A236800924146202256
:10532000D3F8F0B020465346D8470DF1120105F1ED
:105330002000FFF70CFC9DF81030C5F8847003F0D6
:105340000F02DB0648BF0D9B85F8402042BFC5F821
:105350008C300E9BC5F89030A06F03681B6898478F
:10536000C5F888002368CDF80090D3F8A07000221B
:10537000294620463379B84790E72DE9F047ACB08D
:10538000DDF8D0A007465046884615461E46CCF7A5
:1053900011F9A02804463BD8032E01D99E2837D8FE
:1053A000514606F00303621C0DF10D0002958DF8C5
:1053B0000C3010F0D3F920230DF10809651D07F515
:1053C000067ACDE900A34A462B4604213598CEF74C
:1053D00047FD032E0DD905F1B0030DEB03050023A6
:1053E00005F8A83C04F1B003E51D0DEB030404F837
:1053F000A26C51464046FFF7E1FB424603460221BC
:105400003846CDE90095FCF7E1FC2CB0BDE8F0870B
:105410000020FAE72DE9F347DDE90B5901950A9DD4
:10542000044600950E46FFF7A8FF054630B3676EA9
:105430003B68D3F80880FCF77DFF01463846C0473B
:1054400096F842300746FF2B04F5A83819D1236897
:105450002A4631462046D3F8E0A00023D0472368EF
:105460003946D3F8C030204698470146C9F80000B5
:105470002046FBF770FEC8F83403012002B0BDE8F7
:10548000F087002229462046009206F14402FCF7EC
:1054900093FE23683946D3F8C43096F8422020465C
:1054A00098470146C9F800002046FBF754FEC8F8AB
:1054B00034030220E2E72DE9F047ACB00446DDE911
:1054C000359848460D4692461F46CCF773F8A028FB
:1054D000064603D900202CB0BDE8F0879DF8D030F7
:1054E00007F0030747EA8307421C49460DF10D0008
:1054F000CDF808A08DF80C7010F030F904F50671A5
:105500002846FFF75BFB053602AA03460196009288
:1055100002212A462046FCF759FC06460028D9D02D
:10552000676E3B68D3F80890FCF704FF01463846E5
:10553000C84795F842300746FF2B04F5A83917D124
:105540002368324629462046D3F8E0A00023D047FE
:1055500023683946D3F8C030204698470146C8F83A
:1055600000002046FBF7F7FDC9F834030120B2E73D
:10557000002231462046009205F14402FCF71CFE51
:1055800023683946D3F8C43095F84220204698471E
:105590000146C8F800002046FBF7DDFDC9F83403DA
:1055A000022098E72DE9F041ACB0349C0546A52CCB
:1055B0000F4690461E4603D900202CB0BDE8F0816E
:1055C000BDF8C8308DF80A40ADF808302CB122463D
:1055D00033990DF10B0010F0C1F8033406213A465F
:1055E0002846009402ABFCF746FC01460028E3D0B5
:1055F000FF2E09D12B680246D3F8E4403946002338
:105600002846A0470120D8E70023424600932846B9
:105610003346FCF7D1FDF5E7F7B500F5AE36036884
:1056200006F5B476D3F8EC50202233460446A8475A
:10563000074610B9002003B0F0BD2046FBF767FD18
:1056400005460028F6D03146FAB2FCF7DAFE002310
:105650002046294601AA0193FCF70AFE0120EAE749
:1056600010B513460268D2F8EC402022A047C0B221
:1056700010BDF8B505460E461746FBF748FD044633
:1056800010B900263046F8BD31463A46FCF7B9FE5F
:10569000064688B1237803F03C02102A0CD143F06F
:1056A00001032370E86F2146036805F5A8359B6860
:1056B0009847C5F8644DE5E721462846FBF73BFDD2
:1056C000DFE72DE9F0430E468BB00446806F1F469E
:1056D0009046FFF760FA96F840300490032B44D1CF
:1056E000D6F8943040460593CBF764FF0F28024666
:1056F00088BF0F224146154606A810F02FF808353E
:1057000004F5067841463046FFF758FA04ABCDE978
:10571000000302953346424607212046FCF780FBF2
:105720000546F8B1D4F86480D8F80030D3F8089072
:10573000FCF700FE01464046C84796F842308046D6
:10574000FF2B20D123682A4631462046D3F8E0902B
:105750000023C847236841462046D3F8C030984705
:10576000386001200BB0BDE8F0834046CBF722FF44
:105770000F28024688BF0F221546414605A80FF0A4
:10578000EDFF0435BCE7002229462046009206F1D1
:105790004402FCF711FD236841462046D3F8C4308B
:1057A00096F84220984738600220DBE72DE9F04365
:1057B0000446B3B0806F0E4617461D46DDF8EC80F8
:1057C000FFF7E9F93A9B2A4618603946049004F538
:1057D000067705A80FF0C2FF39463046FFF7EEF90D
:1057E000043504ABCDE90003029533463A46072160
:1057F0002046FCF715FB0546F0B1676E3B68D3F811
:105800000890FCF797FD01463846C84796F84230A5
:105810000746FF2B13D123682A4631462046D3F88A
:10582000E0900023C847236839462046D3F8C030AB
:105830009847C8F80000012033B0BDE8F08300228B
:1058400029462046009206F14402FCF7B5FC236885
:1058500039462046D3F8C43096F842209847C8F815
:1058600000000220E8E72DE9F043A82BB1B0044680
:105870000D4617461E46DDF8E48003D9002031B0FE
:10588000BDE8F083806FFFF786F9389B32461860D9
:105890003946029003A80FF061FF04F5067128460F
:1058A000FFF78CF9043602AA034601960092002104
:1058B0002A462046FCF78AFA06460028DED0676EA4
:1058C0003B68D3F80890FCF735FD01463846C847D9
:1058D00095F842300746FF2B11D1236832462946FE
:1058E0002046D3F8E0900023C84723683946204675
:1058F000D3F8C0309847C8F800000120BFE7002265
:1059000031462046009205F14402FCF755FC23681D
:1059100039462046D3F8C43095F842209847C8F855
:1059200000000220ABE72DE9F047044686B0806F07
:105930000E4615461F46DDF83890FFF72CF94FF05C
:10594000000838600290606F8DF80C50CDF80D8023
:10595000036804221B680DF11101984704F50671D4
:105960003046FFF72BF90D22019202AA034600925E
:10597000414632462046FCF729FA0546F0B1676EEB
:105980003B68D3F808A0FCF7D5FC01463846D04761
:1059900096F842300746FF2B13D123682A4631463A
:1059A0002046D3F8E0A04346D04723683946204636
:1059B000D3F8C0309847C9F80000012006B0BDE810
:1059C000F0872946204606F14402CDF80080FCF716
:1059D000F3FB236839462046D3F8C43096F84220BA
:1059E0009847C9F800000220E8E72DE9F843074688
:1059F0000C4690464FF000094FF0FF3500F5AF36EA
:105A00006836B36A33B121463046FFF7CFF810B19C
:105A10004D4609E04D4609F10109B9F1100F06F1B3
:105A20003006EED16B1C23D0302303FB05750FCC61
:105A300005F5AF3505F168060FC694E80F0086E856
:105A40000F004FF47A7303FB08F13846C5F8901045
:105A5000FBF781FB0023C5F88800C5F89430B86FC8
:105A600003681B689847C5F88C000120BDE8F883DF
:105A70000020FBE7F8B504460F46002600F5AF35D9
:105A800068352022394628460FF0A1FE68B9302338
:105A900003FB064303F5AF33C3F89000C3F8880057
:105AA000C3F89400C3F88C00F8BD0136102E05F140
:105AB0003005E6D1F8E770B50E4600F5AF3500F5D4
:105AC000B034683504F5B474AB6A2BB1202231468A
:105AD00028460FF07CFE20B13035A542F4D10020DD
:105AE00070BD0120FCE7F8B505460F46002600F51D
:105AF000AF346834A36ABBB139462046FFF756F885
:105B000090B1A86F3024036804FB06541B689847C3
:105B100004F5AF34C4F88C00D4F890102846FBF795
:105B20001AFBC4F88800F8BD0136102E04F13004C9
:105B3000E0D1F8E7FF2381F8423070472DE9F843C0
:105B40000E461746002500F5A033D3F8A89B00F5B4
:105B50001E74A94504DC4FF000084046BDE8F883F8
:105B600020463A4631460FF032FEA046B8340028AF
:105B7000F3D00135EDE7F8B505460F46002400F5F2
:105B8000AF36943656F8043C1BB3042239463046EF
:105B90000FF01DFEE8B930235C432E1906F5AF3631
:105BA000C6F89400A86F03681B689847D6F8901051
:105BB000C6F88C002846FBF7CEFA04F5AF31C6F8DC
:105BC00088006831284629442022BDE8F840FFF7C4
:105BD000B5BF0134102C06F13006D3D10020F8BD3A
:105BE0002DE9F04F05464FF47A784FF020094FF039
:105BF000020A00F5AF3400F5B03787B0683407F516
:105C0000B477A36A93B1A86F03681B689847A36A27
:105C1000626AB3FBF8F303EB830302EB53028242A5
:105C20000AD80023A3622362E36263623034BC4279
:105C3000E7D107B0BDE8F08F2846216AFBF77FFA6D
:105C40000028F3D0202221462846FFF777FF06469A
:105C50000028EBD090F84230FF2BE7D0A86FFEF77A
:105C60009AFFD6F8943005F5067B03AA0421039029
:105C7000CDF8113004F12C000923CDE900B98DF8DD
:105C800010A0CEF7EDF859463046FEF797FF0921F0
:105C900003AA034601910092002132462846FCF7F0
:105CA00095F8014640B1002296F84230284600920D
:105CB00006F14402FCF780FA2846A16AFBF74BFA8A
:105CC0002062B3E738B50D4691F84010B1FA81F182
:105CD0004909FFF7C4F9044638B1B82229460FF044
:105CE0003DFD0023012084F8433038BD2DE9F04705
:105CF00005468946002400F5A03ADAF8A87B00F5AD
:105D00001E78A7421FDD40464946FEF74FFF08F1C7
:105D1000B808064608B90134F3E77B1ECAF8A83B69
:105D2000B82303FB045403FB0755B834AC4202D13B
:105D30003046BDE8F087B82204F51E7104F5E07026
:105D40000FF00CFDF1E70026F2E72DE9F84F00F522
:105D5000A838D8F8604D0746272C894615469A463C
:105D600003DD00252846BDE8F88F04EB841404F514
:105D7000A93404F2391606442022002130460FF0DF
:105D800013FDBAF1200F04D0BAF1100F18BF4FF075
:105D9000000A5246294630460FF0E0FCBAF1200FC7
:105DA000D34602D0BAF1100FDBD104F59C753D4407
:105DB0005B4632460121284604F25914CEF72EF8EC
:105DC00049463819FEF7C3FED8F8603D0133C8F8DC
:105DD000603DC7E7272908B5034610460BD801EBFD
:105DE0008111194401F5A931412201F59C710FF08F
:105DF000B5FC012008BD0020FCE770B5002500F5CA
:105E0000A93404F239144E1C2022214630460FF0EA
:105E1000DEFC30B10135282D04F14104F4D14FF0FE
:105E2000FF35284670BD08B50346104603F5A0327D
:105E3000D2F8A82B8A4208D9B82202FB013101F519
:105E40001E710FF08BFC012008BD0020FCE738B567
:105E5000044604F5A835FBF7DDFDD5F8341359B138
:105E60002046FBF76CF938B123682046D3F8C830D8
:105E700098470023C5F83433D5F8641D59B1236819
:105E800020461B6898472046D5F8641DFBF753F958
:105E90000023C5F8643D2046BDE83840FFF7A0BEAA
:105EA00030B5D3B0054604A80C4600F052F81022D5
:105EB00029460DEB0200D3F705FB23780DF10D0108
:105EC000C3F38303012204A80B7000F058F8628822
:105ED00004F14A0104A800F052F8022310220DF147
:105EE0000E040093294623460DEB020000F052F801
:105EF000238843B901232380248804A800F015F8DF
:105F0000204653B030BD4FF6FF729342F4D14FF6A6
:105F1000FE73F0E7431E0F3013F8012F1AB98342C6
:105F2000FAD1012070470020704710B504460EF0EA
:105F300020FB04F170000EF08AFBD4F8300120B190
:105F40000EF0CCF90023C4F83031002384F834314A
:105F500010BD10B50446702200210FF025FCC022B0
:105F6000002104F170000FF01FFC00232046C4F84C
:105F7000303184F83431D3F799FA204610BD10B48B
:105F800090F834411CB110BC70300EF0D1BB10BC85
:105F90000EF01FBB30B504461D468BB020220021F9
:105FA00002A80FF001FC01AB02A9202204F170004D
:105FB0000EF0D9FB0E9A02A9202A28BF20222846DB
:105FC0000FF0CCFB2046FFF7B0FF0BB030BD03460F
:105FD000D3E8EF0FC3E8E21F002AF9D17047D0E8F9
:105FE000AF0F70470CF0F3BA002070470B0A017036
:105FF00043700B0C090E8370C170704700687047C6
:1060000000F5B03090F8A202003818BF01207047A8
:1060100008B50846CAF7D8FF4FF08341CBF72CF8F4
:10602000CBF72CFA00F5FA7008BD704770B504463E
:10603000154603685B699847606E03681B6B984759
:10604000606E2946BDE8704003689B68184700F5FC
:10605000B03090F8E701704700F5B03090F8950245
:10606000C04300F00100704700F5B03090F8A10285
:1060700000F00100704700F5B03090F8A4027047BE
:10608000FFF7A8BEA0F5B030A0F5B470FFF7F8BFD9
:10609000FFF7C9BEA0F5B030A0F5B470FFF7F8BFA8
:1060A000FFF710BEA0F5B030A0F5B470FFF7F8BF51
:1060B000D3F7B2B9A0F5B030A0F5B470FFF7F8BFD0
:1060C00008B500F5B030D0F84803D3F74DF808BD57
:1060D00010B49DF8044000F5B0300194D0F84803A6
:1060E00010BCD3F779B82DE9F34116460F462022AC
:1060F000314605469846FFF721FD05F5043468B39F
:1061000090F8403053B3012384F8783890F8403049
:1061100005F5063284F87938D0F88C308432C4F82A
:106120007C38D0F89030C4F8803800F1200340303B
:1061300053F8041B834242F8041BF9D1099B3246F1
:106140000193089B3946009328464346FFF71FF802
:10615000002384F8783802B0BDE8F081002384F889
:106160007838EBE708B503685B699847BDE80840F5
:1061700003F00EBAFBF7ADBCFBF7DBBC08B583221E
:106180000021406FFCF7D2F9143008BD00F5B033A0
:10619000D3F8480383F88B1218B103F5B871D2F71E
:1061A00085BE7047C0F3400080F0010000F00100A0
:1061B0007047F7B504460D4616461F460CF046F8E4
:1061C0004FF47A7CA0FB0C0E47F612220CFB01E187
:1061D0000023CBF7C3F94FF47A720023CBF76EF9A3
:1061E00004F50634A83400903B4632462946204642
:1061F000CFF746FA03B0F0BD10B50446FBF708FC34
:106200002046D4F74DFB2046D4F73CFB38B1A06FB5
:1062100004F5043403681B689847C4F8A00A10BD4D
:106220002DE9F043044685B00846884615461E46CB
:10623000FFF770FE04F5B039074658B132462946DB
:10624000204699F8A3320133DBB205B0BDE8F04334
:10625000FBF740BF29464046FFF722FE99F8A312FC
:10626000ADF80C000131C9B20091334629462046F1
:1062700003AAADF80E70FBF764FF05B0BDE8F0832C
:10628000F0B500F5B03595F800320F46064687B0F8
:1062900005F5BA71D3B9FEF7E9FC0446A0B1F7B130
:1062A00005F2C52302AA05F2D525174618685968D4
:1062B000083303C7AB423A46F7D1002322463046A3
:1062C00002A9FFF7ADFF012007B0F0BDD5E96823B3
:1062D000CDE90023D5E96623CBF742FCDDE7014693
:1062E0003A463046FBF7ABFFEDE72DE9FF4100F5FD
:1062F000043393F8793A04460F4690466E466BB1E4
:106300001022002168460FF04FFA43463A4669468C
:106310002046FFF785FF04B0BDE8F081EC4600F5AC
:10632000B03303F2C52503F2D523624628686968B5
:10633000083503C29D429446F7D104F5063505F2AF
:1063400069252846FFF7E6FD43463A4600280CBF7C
:1063500029463146DCE711461A46FFF7C6BF00F56D
:10636000B03393F889322BB1816F00F50630A83035
:10637000FDF7FBBC704710B50446806E04F506348B
:1063800003681B68984741F28832002380185B41FC
:10639000C4E91C0310BD10B500F50634D4E91A3267
:1063A000134304F170040BD000F5B03000F5B47164
:1063B000D0F84803D2F720FE0022002344E902234C
:1063C00010BD10B500F50634D4E91C3213430BD0D0
:1063D00000F5B03000F5B471D0F84803D2F7A0FE54
:1063E00000220023C4E91C2310BD00F5B030C0F822
:1063F0004C130B6808461B68184710B500F5B03001
:10640000D0F84C03144628B103689B699847231AB7
:106410005842584110BD002307B5012201A98DF84B
:106420000430FFF7EAFF03B05DF804FB012307B572
:1064300002228DF8051001A98DF80430FFF7DDFF69
:1064400003B05DF804FB1FB506248DF804404C1E14
:10645000614261418DF80510ADF80620110C120E55
:106460008DF809201A0C8DF80810ADF80A308DF857
:106470000C201B0E0A2201A98DF80D30FFF7BDFF7D
:1064800004B010BD2DE9F0411C4600F5B0330546BF
:10649000D3F84C0388461746ACB0B0B10368DB684C
:1064A000984790B1661CB02E8DF8008010D9B026A8
:1064B000AF242FB1224639460DF101000FF04EF9FD
:1064C000324669462846FFF798FF2CB0BDE8F081B8
:1064D000002CEED10126F3E72DE9F043ADB01C46C8
:1064E0009DF8D8300646012B0D461746DDF8D090B2
:1064F0009DF8D48037999DF8E00043D1042841D914
:1065000006F5043CD1F800E0DCF86028724539D18A
:1065100000232046CCF86038FBF7DCFE70B3404621
:10652000FBF7D8FE50B38D23ADF804302B68402222
:10653000CDF80630AB884946ADF80A300DF10D00B4
:1065400043468DF80C80FBF7D5FE00F10A0800F1F8
:10655000B00301A8402239460DEB03054044234611
:1065600005F8A34CFBF7C6FE00EB08039DF80410EA
:106570003046013B0DF10502FFF784FF00202DB0EE
:10658000BDE8F083CDE93710CDE935833A4623469F
:1065900029463046CDF8D0902DB0BDE8F043FEF747
:1065A00095BA70B504460D460121D3F731FB2A4652
:1065B0002046BDE8704020238121FFF763BF032BF5
:1065C00001D9D3F747BB70472DE9F041ACB0329DFC
:1065D0000446AD2D084617461E461DDC4FF08808C0
:1065E0004FF081418DF80080CAF746FDCAF720FFC1
:1065F0008DF801003846CAF71BFF2A4631468DF850
:1066000002000DF103000FF0A9F841462046AB1C33
:106610000DF10102FFF736FF2CB0BDE8F0812DE946
:10662000F041ACB005469DF8C8000F4611469DF8F4
:10663000D42000F0030402F10C0842FA04F408EB41
:106640000406AF2E2FDC4FF0890CCDE901138DF835
:106650000300349903A8ADF800C08DF802200FF0B4
:106660007DF868462246339940440FF077F806F1EA
:10667000B00397F902010DEB0304CAF7A9FC4FF030
:106680007A51CAF7F9FC4FF08141CAF7F5FCCAF715
:10669000CFFE334604F8B00C9DF8001028460DF1EB
:1066A0000102FFF7EFFE2CB0BDE8F08170B54B881A
:1066B0000546AC2B0C46ACB02CD88E2391F90201C8
:1066C0008DF80030CAF784FC4FF07A51CAF7D4FC39
:1066D0004FF08141CAF7D0FCCAF7AAFE8DF801003D
:1066E000686E03681B6B9847CAF7A2FE6688237919
:1066F00032468DF8020004F14A0101A88DF80330FA
:106700000FF02CF828469DF80010F31C0DF1010243
:10671000FFF7B8FE2CB070BD70B54B880546AC2BAA
:106720000C46ACB02CD8842391F902018DF80030CE
:10673000CAF74EFC4FF07A51CAF79EFC4FF08141E8
:10674000CAF79AFCCAF774FE8DF80100686E0368F8
:106750001B6B9847CAF76CFEFF2366888DF8020012
:10676000324604F14A0101A88DF803300EF0F6FF1D
:1067700028469DF80010F31C0DF10102FFF782FE80
:106780002CB070BD002390211A46FFF77BBE70B578
:106790000D46044600F5B0332022D3F84803FEF737
:1067A00006F92A462046BDE8704020238F21FFF7D6
:1067B00069BEF8B506460D4614460AB101240270BA
:1067C00033192A46194605F1200052F8047B82420B
:1067D00041F8047BF9D195F8402005F1840183F854
:1067E000202095F8412083F8212095F8422083F855
:1067F000222004F1230305F14402334452F8040B30
:106800008A4243F8040BF9D1002304F163003044B9
:1068100005F11F0111F8012F1AB1C25401331F2BCA
:10682000F8D1C3F12002184400210EF0BDFF04F19D
:106830008300D5F884103044FFF7D8FB04F18700BB
:10684000D5F88C103044FFF7D1FB04F18B00D5F85C
:1068500090103044FFF7CAFB04F18F003044D5F8A4
:106860008810FFF7C3FB04F19300F8BD2DE9F04F4A
:10687000A9B006460C4699469046DDF8C8A0002A05
:1068800040F0888000F5043393F87818002974D01C
:1068900093F8790894F84020904215D1D3F87C08F9
:1068A000D4F88C2090420FD1D3F88028D4F89030BF
:1068B0009A4209D1202206F50630A11884300EF044
:1068C000C3FF011E18BF01213046D3F7A1F9BAF169
:1068D000000F56D04846FBF7FDFC00283CD006F5DB
:1068E000043505F5C4752F464FF0FF3306F5063B1A
:1068F0000BF1480B07222146384601930EF067FF43
:1069000000283CD0BA6A019B9A4238BF3D4607F145
:106910006C0738BF13465F45ECD1236805F10802C8
:106920002B60A38804F14001AB80A379AB7104F123
:10693000200353F8040B8B4242F8040BF9D1B06FDB
:1069400003681B6898474B46A8624022514605F1F0
:106950002C00FBF7E0FCE871B8F1000F11D02146E4
:10696000002203A8FFF725FF8A21034603AA304629
:10697000FFF788FD29B0BDE8F08F0121A4E73D466F
:10698000CBE7202322468021304629B0BDE8F04FD6
:10699000FFF778BDBAF1000F9CD1E0E710B500F524
:1069A000043292F86A4C272C13D892F8693C0134CF
:1069B000184400F5073080F8401028210133B3FB5C
:1069C000F1F001FB1033012082F8693C82F86A4C37
:1069D00010BD0020FCE730B59FB00DAA04460D465F
:1069E000FFF7F8F908B312238DF801508DF8003045
:1069F0000DF102020DF155030DF1750153F8040B71
:106A00008B4242F8040BF9D10DF135030DF122024E
:106A10000DF1450153F8040B8B4242F8040BF9D1F8
:106A2000322269462046FFF7E8FC1FB030BD70B542
:106A30000546282600F5043494F86A3C03B970BD75
:106A400094F8683C28462B4403F5073393F840102C
:106A5000FFF7C1FF0028F2D094F8683C0133B3FB84
:106A6000F6F206FB123384F8683C94F86A3C013B6A
:106A700084F86A3CE0E72DE9F0410446FFF7E7F9C6
:106A80002046FFF7D4FFA06E04F50638036808F12E
:106A900070061B68984756E9022352EA030105462F
:106AA0004FF0000706D0904277EB030302DB20464D
:106AB000FFF771FCD8F87020736852EA030108D020
:106AC000954277EB030304DB2046BDE8F041FFF776
:106AD00078BCBDE8F08110B504460846114604F5BF
:106AE0000432D2F880308BB1936FAD225343E21859
:106AF00002F5B13292F8782103F5B13303F279133C
:106B00000A60E1180EF02AFE012010BD1846FCE7CD
:106B100000F50430D0F8802052B1836F013A013380
:106B20005942C9B2DBB258BF4B428367C0F88020DC
:106B3000704770B500F5B03393F8605315B1012577
:106B4000284670BD00F5043696F8E63B002BF7D0DA
:106B500000F50634D4E9FA32134304F57C74EED020
:106B6000806E03681B68984754E90223904275EBD6
:106B70000303E4DB0022002386F8E65B44E90223FA
:106B8000DEE710B50446806E03681B689847002353
:106B900004F50632C2E9FC0383212046BDE810401B
:106BA0001A46FFF76FBC2DE9F041ACB0339C0646A6
:106BB000A72C884615461F4639D81B238DF8003070
:106BC000C2B392F90201CAF703FA4FF07A51CAF739
:106BD00053FA4FF08141CAF74FFACAF729FC40B285
:106BE00000238DF8010041463046ADF80230FFF732
:106BF00004F98DF80400FDB12878FFF7D3FAD8B175
:106C00002B798DF80530ADF806708DF80840ACB1E1
:106C1000224632990DF109000EF0A0FD04F109029F
:106C200030466946D3F7E8F83046FFF7AAFF2CB0A4
:106C3000BDE8F0811046D3E7FF23E2E70922EFE742
:106C400070B500F50433D3F8803004460BB3FFF77A
:106C500070FFF0B9A06E03681B68984704F5063210
:106C600004F50733D2E9FC5153E90223AA4273EB3E
:106C70000106BCBF2A460B46801A63EB4303B0F5FE
:106C80007A6F73F1000304DB2046BDE87040FFF724
:106C900078BF70BD70B500F5B03494F860630546F8
:106CA000D4B05EB3D4E9D9239A422ADA26A8FAF7F7
:106CB00026FD2846D4F8641326AAFFF7B4F8C0B11D
:106CC0009DF8D830ABB1489BD4F87423934210D9C7
:106CD000D4F87023934201D9C4F87033032226A953
:106CE00001A8FFF766FD01A902462846FFF785FBCC
:106CF00020B1D4F864330133C4F86433304654B05F
:106D000070BD19D194F86C33002BF2D000F5043328
:106D1000D3F8A03AD4F874239342EAD9D4F8702374
:106D200026A8934288BFC4F87033FAF7E8FC2846D7
:106D300026A901F096FED1E704238DF89830D4F807
:106D4000703326A91A0A8DF89A201A0C8DF89930FA
:106D50008DF89B201B0E05228DF89C30FFF74DFB14
:106D60000028CBD0002684F86063C7E7F8B5044656
:106D7000806E0E46036815461B689847002204F58E
:106D8000043101F19407130117F803C0BCF1000F9F
:106D90000AD10122234403F50433C3E92305C3F8D0
:106DA000886083F89420F8BD0132102AEBD10123CA
:106DB00000228C3104EB021C1F010CF5043CCF595E
:106DC000DCF88CC0A7EB0C0732EA270228BF1A4672
:106DD0000133102BEED1012304EB021404F504342B
:106DE000C4E92305C4F8886084F89430DBE72DE912
:106DF000F04FA2F10D05DFB00446C81CFFF7FEF806
:106E0000A02D28BFA0250DF11C0891F801B091F824
:106E100002A00E462A460D31814640460EF09EFCE9
:106E2000002306222046F11D08F80530FEF786FEF5
:106E30000746002862D0BBF1010F4FF0000319D9BB
:106E4000BBF1030F5CD10593A56F2B6828461B6827
:106E5000984702466B683946984298BF5A1C06AB61
:106E60006A602046CDE90183CDF800B05346FEF7B5
:106E700022FB0DE005AA0593E6D006ABCDE9012380
:106E8000014653464A462046CDF80080FEF7C2FA36
:106E9000054670B3059B0DF114088BB130A8FAF7C5
:106EA0002EFC002604F5A039D9F8A83B9E4211DB40
:106EB0004FF0FF3632462046D8F80010FFF756FF55
:106EC0002046069BD8F80020E9B2FFF7BCFA5FB075
:106ED000BDE8F08F3146204630AAFEF7A4FF30B15E
:106EE0002022394630A80EF072FC0028E2D001368C
:106EF000DAE703212046FFF799FAE8E70221F9E7EC
:106F00000121F7E7002330B500F504348834257BF0
:106F10009DB125688D4210D11B012AB1C11801F520
:106F20000431D1F88C1011600022034403F50433BE
:106F3000D3F8900083F8942030BD0133102B04F176
:106F40001004E4D14FF0FF30F6E7002370B5B2B083
:106F50000D4601AA096804460193FFF7D3FF061EF8
:106F600008DB04A8FAF7CBFB3146204604AAFEF75B
:106F70005AFF30B92946204632B0BDE87040FEF7CE
:106F8000FABD2B68A06E029303681B689847019BAB
:106F90008221C01A082303900DEB03022046FFF75D
:106FA00071FA2022204604A9FEF7C8FD32B070BD58
:106FB0002DE9F04F934600F5043292F8682AADB0FF
:106FC000022A0646DDE937A80F46994662D9102203
:106FD0008DF80020002B5BD093F90201C9F7F8FF70
:106FE0004FF07A51CAF748F84FF08141CAF744F898
:106FF000CAF71EFA40B2002204248DF80100ADF851
:1070000002206D4639682A194DF80410B98891801C
:10701000A21DB9F1000F42D099F80000FFF7C2F8A5
:1070200000283CD099F80430B0326A4402F8B03CF1
:1070300004F1080004F1B0036B443699284403F8C6
:10704000A9BCFEF7D3FFB8F1000F04F10C0408DD72
:10705000BAF1000F05D02819424651460EF07EFBCA
:1070600044443998CAF7A6FA2718B02F88BFB0272A
:107070000246399988BFC4F1B00228190EF06EFBA0
:107080003A4629463046D2F7B7FE2DB0BDE8F08F1C
:107090001846B0E7072201248DF80020B1E7FF234E
:1070A000C2E72DE9FF41DDF82880044615461F465A
:1070B0000E46FEF718FD00222B4620463146CDE94C
:1070C0000122CDF80C800097FFF772FF204604F5EF
:1070D0000434FFF756FDD4F880306DB12878FFF7FF
:1070E00061F848B1287942469BB206F1200104B00C
:1070F000BDE8F04102F04DBAFF20F4E72DE9FF4171
:10710000DDF82880044616461F460D46FEF7EBFCC8
:1071100000232046CDE90133012233462946CDF82C
:107120000C800097FFF744FF204604B0BDE8F04113
:10713000FFF727BD2DE9F043044685B01546DDE98C
:107140000C981F460E46FEF7CEFC20460121D2F7D2
:107150005FFD0423204602223146CDE90193CDF89C
:107160000C802B460097FFF723FF204604F50434DC
:10717000FFF707FDD4F880306DB12878FFF712F8DB
:1071800048B1287942469BB206F1200105B0BDE81E
:10719000F04302F0FEB9FF20F4E72DE9F04F0C4672
:1071A000904600254FF06C0900F5043700F50636CF
:1071B0009DB007F5D877703601F1280AD7F800C0DE
:1071C000BCF1000F0BD0A8452ADD09FB05406C225D
:1071D00005F1010BA7F128010EF0C0FA5D466C37EE
:1071E000B742EBD1002705F1FF39B9451BDC284632
:1071F0001DB0BDE8F08F09FB03F05AF8000088428B
:1072000038BF1A46013309FB0240AB42816AF2DB08
:107210008C45E4D96C22A7F128010EF09FFADEE735
:1072200001230022EFE701372646B846454501D144
:107230006C34DAE7D6F89420A36A6C369A420ED9F9
:107240006C22214601A80EF089FA6C2231462046B4
:107250000EF084FA6C22304601A90EF07FFA08F194
:107260000108E3E7072AA8BF07222DE9F0410F46EE
:10727000164600F5043500F5063405F5C4754834A6
:10728000AB6AA8462BB13246394628460EF09FFA23
:1072900020B16C35A542F3D14FF000084046BDE85F
:1072A000F081012A08B50CD900F50433D3F87C3AF3
:1072B0001BB90121FFF7BAF801E0D2F73FFF012027
:1072C00008BD0621F6E70D2A08B503D9FFF78FFDA3
:1072D000012008BD0621FFF7A9F8F9E72DE9F041E3
:1072E000072A04460D46164696B003D80621FFF736
:1072F0009DF823E091F80180B8F1000F01D0012141
:10730000F5E7E81CFEF77AFE8978074605AA2046CD
:10731000FEF760FDC8B1073E073504F5B0333946C6
:107320002046CDF808800196009503F5BA7305AAAA
:10733000D2F724F830B12046FFF76DF8012016B0DF
:10734000BDE8F08104212046D1E70221FBE72DE9C9
:10735000F04F042A06460D461446A7B004D806216D
:107360003046FFF763F843E08F7891F801803846A4
:10737000FAF7B0FF18B9FF2FF1D1032210E0FF2F69
:10738000FBD0BA0907F03F0302FB033305339C42ED
:10739000E5D3E21E3B46E91C05A8FAF7ABFFC21C89
:1073A000914615F802A009F102092A444C4592F8C9
:1073B00001B04146304615AA94BF0024A4EB09044D
:1073C000FEF708FD08B90221CAE75AEA0B23C6D026
:1073D000A52CC4DC4D44CDE9003530463B46029433
:1073E00005AA15A9FEF7DEF830B13046FFF713F80D
:1073F000012027B0BDE8F08F0321B1E7F0B500F51B
:10740000B03494F860330546AFB02BB10421FFF7D8
:107410000DF801202FB0F0BD042A3ED9481CFEF71C
:10742000EDFDC4F8740305F5A032D2F8A82BC4F81A
:10743000682394F8DD224AB105F5043292F8001C65
:1074400021B9D2F8A03A003B18BF012300263746E5
:1074500084F86C33D4F868339E4220DB022294F81F
:107460006C338DF800203B441A0A8DF802201A0C68
:107470008DF801308DF803201B0E05226946284641
:107480008DF80430FEF7B9FF0023C4F86433C4F864
:107490007033012384F86033BBE71846C1E76846C0
:1074A000FAF72DF96A4631462846FEF7BCFC18B1BA
:1074B0009DF8403003B101370136CBE7012AF8B51A
:1074C00005461ED9541E1F2C28BF1F2400F5B036B8
:1074D00006F5BA772246013138460EF03FF900230F
:1074E0002C4404F5B03484F87431D6F8480306F51A
:1074F000B871D1F7DBFC3846D5F7A2FF284601F07A
:10750000F6FB2846FEF787FF0120F8BD092313B5D7
:107510000446806F8DF8003003681B689847030AA3
:107520008DF80230030C8DF801008DF80330052230
:10753000030E694620468DF80430FEF75EFF0120F9
:1075400002B010BD042A70B504460D4635D9FCF7CB
:1075500021F938B12046FEF75EFF204601F0DCFB42
:10756000012070BD681CFEF749FD0546A06F036849
:107570001B689847854220D3A06F294603685B6843
:1075800098470220D6F750FB0AF060FE4FF47A7558
:10759000A0FB050647F61222002305FB0161C9F78F
:1075A000DDFF4FF47A720023C9F788FF014604F526
:1075B0000630A830FCF787FBCCE706212046FEF713
:1075C00035FFCDE7012A10B504460ED949784B1E88
:1075D0005942594123682046D3F8F430984730B1D6
:1075E0002046FEF718FF012010BD0021F2E703211D
:1075F0002046FEF71BFFF6E7202A10B5044616D9F1
:1076000001312022FEF79AFA014658B12046FEF7D2
:1076100091FA20460121D2F7FBFA2046FEF7FBFE45
:10762000012010BD02212046FEF700FFF8E70621E9
:10763000FAE72DE9F041872A06460C461746AEB018
:107640007CD94B1C194620221D46FEF777FA80464E
:107650006846FAF754F82B466D4604F1210C2A4689
:1076600018685968083303C263451546F7D194F882
:10767000213011AD8DF8403094F8223004F1640CC3
:107680008DF8413094F823308DF8423004F1240312
:107690002A4618685968083303C263451546F7D16E
:1076A00008AD04F1840C2A4618685968083303C2EF
:1076B00063451546F7D1002218468DF83F20FEF7A6
:1076C0009DFCCDE923222190B06F03681B68984789
:1076D0008F2F229010D904F18800FEF78FFC2390A1
:1076E00004F18C00FEF78AFC932F249004D904F156
:1076F0009000FEF783FC2290002325938DF8433001
:10770000B8F1000F0FD0B822694640460EF026F8B7
:1077100030460121D2F77CFA3046FEF77CFE01208C
:107720002EB0BDE8F08169463046FEF7CBFA00285E
:10773000EED103213046FEF779FEF0E70621FAE7A5
:10774000202A38B5044620D94D1C29462022FEF7B0
:10775000F5F90146A0B12046FEF7C8FA80B104F55C
:10776000B03320222946D3F84803FDF720F92046FC
:107770000121D2F74DFA2046FEF74DFE012038BD1B
:1077800002212046FEF752FEF8E70621FAE7202AFA
:1077900010B5044613D901312022FEF7CFF9014676
:1077A00040B12046FDF738FF20B12046FEF733FEFA
:1077B000012010BD02212046FEF738FEF8E7062121
:1077C000FAE710B5202A0446A6B016D901312022C6
:1077D000FEF7B4F9014658B1032201A8FEF7E9FF0C
:1077E00001A902462046FEF708FE012026B010BD82
:1077F00002212046FEF71AFEF7E70621FAE770B5E8
:10780000202A0446A2B030D800F5B03595F80032F1
:1078100005F5BA71DBB9FDF729FA054600B303781F
:107820000DF1090143F0010303700B238DF80830BB
:10783000FAF7BAFD064629462046F9F77CFC721C89
:10784000204602A9FEF7D9FD012022B070BDD5E97E
:107850006823CDE90023D5E96623CAF781F9DCE77F
:1078600003212046FEF7E2FDEEE701312022FEF77C
:1078700065F9014660B10B2320460DF109028DF830
:107880000830FDF7EDFE08B1421CD9E70421E8E716
:107890000221E6E7622A10B504460ED9013AD2B2B7
:1078A0000131FDF7E6FE40B120460121D2F7B0F9E3
:1078B0002046FEF7B0FD012010BD06212046FEF750
:1078C000B5FDF8E770B50446806EAEB003680026DB
:1078D0001B68984704F5073343E9020604F50435AD
:1078E00095F8843043B12046FFF712F9B5F88000CF
:1078F00085F88460D6F7C0F8204601AA02A9FFF7F0
:10790000EAF8064658B12046019A02A9FEF775FD2D
:1079100010B1012385F8843001202EB070BD0A23F8
:107920000122694620468DF80030FEF766FD0028EA
:10793000F2D0D5F79DFD0020002104F5063385F82F
:10794000E66BC3E9FA01D5F88030002BE4DD204670
:10795000FFF717F9E0E7012A38B5044619D94A7844
:1079600002F10903DBB21F2B13D800F5B035D5F8AF
:10797000480385F8BC2105F5B871D1F797FAD5F819
:1079800058330BB1002098472046FEF744FD0120F4
:1079900038BD06212046FEF749FDF8E7012A10B55B
:1079A000044625D9487804F5B033022A83F89502B5
:1079B00018D08878032A00F0030083F896028878AC
:1079C000C0F3810083F897028878C0F3011083F830
:1079D000980207D0C878042A83F800021CBF0A79ED
:1079E00083F8E721D3F8480303F5B871D1F75EFABD
:1079F0002046FEF710FD012010BD022A10B50446F6
:107A000004D94B7813B98A78022A05D90621204671
:107A1000FEF70CFD012010BD00F5B033D3F848038C
:107A200083F8A32203F5B871D1F740FA2046FEF798
:107A3000F2FCEFE70C2330B500F5B03585B08DF8DA
:107A40000430D5F8503304460BB1984703468DF8FF
:107A50000530D5F848031B0A8DF80630D1F724FC11
:107A6000030A8DF807008DF80830030C000E8DF81E
:107A70000A00D5F848038DF80930D1F731FC030A24
:107A80008DF80C30030C8DF80B008DF80D300B22A7
:107A9000030E01A920468DF80E30FEF7AEFC012042
:107AA00005B030BD10B50E23044692B00DF10501AE
:107AB000402200F506708DF80430F9F784FE41226B
:107AC000204601A9FEF799FC012012B010BD70B547
:107AD000402A044698B004D94D1C2846CBF76AFCCE
:107AE00020B906212046FEF7A1FC40E06846F9F7E0
:107AF00018FE29464022684604F5B035F9F739FEEC
:107B00006946D5F84803D1F7A1F998B395F8DD6235
:107B100016B1204601F027F96022694604F5067087
:107B20000DF01CFE2046D2F7BBFE002204F5043304
:107B3000C3F8A02A95F8E0323BB1D5F8480385F8A0
:107B4000E02205F5B871D1F7B1F916B1204601F080
:107B5000CEF8002204F5A033C3F8A82BD5F84803CB
:107B600005F5B471D1F7CAF92046FEF754FC01209F
:107B700018B070BD0421B5E7F0B5052A04460E46DD
:107B8000154693B02ED94F783846FAF7A3FB38B391
:107B90003B46AA1EB11C02A8FAF7ACFB30B9BB06E3
:107BA00007D006212046FEF741FC14E0831D9D42CC
:107BB000F7D3023031182A1A2046FAF74FFA014655
:107BC00060B100232046009302AA3B46FAF7F4FA7C
:107BD0002046FEF720FC012013B0F0BD0321E1E7B1
:107BE0000121DFE70621DEE7F0B5202A05460E4633
:107BF000144693B03BD920220131FDF79FFF213C71
:107C00003F2C28BF3F2406F12101074600262246CB
:107C100002A80DF0A3FD04F148030DEB030404F8E2
:107C2000406C17B33946284601AB02AAFDF749FD5F
:107C3000B0B105F50433C3F85468C3F86468C3F8F9
:107C40006068C3F85C68C3F858683A68C1B2C3F8A2
:107C500054282846019BFEF7F6FB012013B0F0BD27
:107C600003212846FEF7E2FBF7E70221F9E70621A8
:107C7000F8E72DE9F041212A04460D461646B2B038
:107C800059D901F1010841462022FDF757FF04AF01
:107C90000146213530BBB82238460DF085FD384607
:107CA000F9F72DFD4346BC4662461868596808330B
:107CB00003C2AB429446F7D10023A06F8DF8523037
:107CC0008DF8503003681B68984739462690204647
:107CD000FDF7F8FF68B3414620222046FDF72EFF4E
:107CE000014630B303AAA6F12103009220462A469A
:107CF0000197DBB2FDF75AFDB0B1002204F5043361
:107D0000C3F86028C3F85C28C3F85828C3F854287F
:107D1000039AC1B2C3F864282046049BFEF793FB84
:107D2000012032B0BDE8F08104212046FEF77EFB41
:107D3000F6E70321F9E70621F8E730B5202A0446E3
:107D400085B02ED920220131FDF7F8FE054630B36B
:107D500003AB014600930122204602ABFDF7E3FD91
:107D6000C0B1002204F50433C3F85828C3F86428CE
:107D7000C3F86028C3F85C28C3F854282A68C1B245
:107D8000C3F858282046DDE90223FEF75CFB0120FA
:107D900005B030BD04212046FEF748FBF7E702217D
:107DA000F9E70621F8E7F0B5212A044689B046D95B
:107DB0004D78002D43D120220231FDF7BFFE06464B
:107DC00000283AD04FF60363606FADF81430ADF879
:107DD00016508DF81850036804221B680DF1190124
:107DE0009847FF2396F8427086F8423004AB01931F
:107DF00003AB009331460923204605AAFDF733FD66
:107E000086F84270A0B1039A04F50433C3F86458AD
:107E1000C3F85C58C3F85858C3F85458C3F86028DE
:107E2000C1B2049B2046FEF70EFB012009B0F0BD55
:107E300004212046FEF7FAFAF7E70221F9E70621C6
:107E4000F7E7212A7FB504460E4615462FD90131A2
:107E50002022FDF773FE014638B303AAA5F12103E2
:107E6000019202AA00922046DBB206F12102FDF740
:107E7000FAFCA8B1002204F50433C3F86028C3F863
:107E80005C28C3F85828C3F85428029AC1B2C3F832
:107E900064282046039BFEF7D6FA012004B070BD8B
:107EA00004212046FEF7C2FAF7E70221F9E706218E
:107EB000F8E7202A10B504460DD90131FDF7FBFD86
:107EC00020B12046FEF7A7FA012010BD022120466E
:107ED000FEF7ACFAF8E70621FAE7202A10B50446C7
:107EE00002D90131FDF7C6FD2046FEF794FA0120C4
:107EF00010BD012A38B504460D4602D94B78272B10
:107F000005D906212046FEF791FA012038BD806E82
:107F100003681B6898472046FEF789FD204669786C
:107F2000FEF73CFD08B90421ECE72046FEF77FFD93
:107F3000EBE7F0B5012A06460C4693B002D94F781C
:107F4000272F02D90621304602E0412A03D9012118
:107F5000FEF76CFA29E0312AF4D98D1C0DF12503C6
:107F600001F1220255F8041B954243F8041BF9D194
:107F7000002110220DF115008DF8441032340DF05F
:107F800013FC0DF1050355F8042BA54243F8042B0F
:107F9000F9D13946304601AAD1F73EFA40B1304610
:107FA000FEF7E9F93046FEF736FA012013B0F0BDCE
:107FB0000221C8E7F8B500F50436D6F8487805463A
:107FC000EFB1012A1BD9D6F84C38541ED6F85028E8
:107FD00003EB040C94450ED8F818224601310DF03D
:107FE000BDFBD6F84C3828462344C6F84C38FEF77B
:107FF00012FA0120F8BD0321FEF718FAF9E704216F
:108000002846F9E7F0B500F50435D5F848280446C8
:10801000A3B05AB3D5F84C3843B301A900F50670A4
:10802000F9F796FC14230DF145068DF8443011AF95
:1080300001AB1A4603CABA4230607160134606F1BA
:108040000806F6D1412239462046FEF7D6F9D5F882
:10805000480808B101F0B3FA0023C5F84838C5F85C
:108060004C38C5F85038012023B0F0BD042120461B
:10807000FEF7DCF9F7E72DE9F047A2F10B03B12B8E
:1080800004460E4686B05BD84B7A0A3AD5B203F066
:10809000030145FA01F9B9F1400F05DC01228A40DC
:1080A000013A12EA050A04D006212046FEF7BEF97D
:1080B00040E0701CFDF7A2FF0746701DFDF79EFF14
:1080C000394602462046F9F7DEFF8046B0B3014646
:1080D00006F10A022B462046CDF800A0FAF76CF80C
:1080E00098F80430606EB8F8021019440368023141
:1080F0009B68984723680146D3F8C4305FFA89F239
:10810000204698470623ADF80C303B0C8DF8103014
:10811000ADF81200030C000EADF80E708DF81500CE
:108120003F0E0A22204603A98DF811708DF81430F5
:10813000FEF763F9012006B0BDE8F0870321B4E73C
:10814000082A12D9481CFDF759FF0146701DFDF79A
:1081500055FF002302462046F9F795FF014638B146
:1081600020460022FAF76BF82046FEF754F9E1E7C3
:1081700004219AE710B5082A044692B02AD90722AA
:108180000231FFF76FF800B316238DF80030836AD1
:1081900000F12C011A0A8DF801308DF802201A0C1A
:1081A0001B0E8DF80430C3798DF803200DF1060005
:1081B00040228DF80530FAF79DF86946821D204669
:1081C000FEF71BF9012012B010BD02212046FEF778
:1081D0002DF9F7E70621FAE72DE9F041012A0446D7
:1081E00088B040F2C2804B78002B33D11823ADF811
:1081F000003000F5B033D3F8500300B18047ADF83C
:108200000200A06E03681B6898474FF47A73B0FBB6
:10821000F3F000238DF80730B4F87030ADF80400A7
:10822000E56E000C8DF80600ADF808302B68A06EE6
:108230001E6903681B68984701462846B0470B2211
:108240008DF80A0069462046FEF7D7F8012008B0ED
:10825000BDE8F081012B36D14FF48C73406EADF840
:10826000003003681B6A9847ADF80200606E03682F
:108270001B6B9847C9F7DCF88DF80400606E036843
:108280005B6B98474FF08141C8F7F6FEC9F7D0F80D
:108290004FF47A7123690022B3FBF1F3ADF8063095
:1082A0001B0C8DF8083063698DF80920B3FBF1F3DE
:1082B000ADF80A301B0C8DF80D208DF805000E224C
:1082C0008DF80C30BEE7022B4FD14FF40673226BB2
:1082D000ADF80030636BE16A9D18B0F828E0806A61
:1082E000ADF802504FEA15482D0E8DF805500D18C7
:1082F0008DF80480ADF806504FEA15482D0E8DF824
:108300000950050C000E8DF80D00080C090E8DF8B3
:108310001110B4F82CC0110C278EA68E120E8DF8F9
:1083200010008DF81520606E1A0C1B0E8DF81820A9
:108330008DF80880ADF80AE08DF80C50ADF80EC04D
:10834000ADF812708DF81410ADF816608DF8193074
:1083500003681B6F9847030CADF81A00000E1E222D
:108360008DF81C308DF81D006CE706212046FEF7C5
:108370005DF86BE7012A10B50B4604462ED9497803
:10838000D9B900F50630112A00F2692011D99A1CDA
:10839000123352F8041B9A4240F8041BF9D1002210
:1083A00004F5043383F8792A2046FEF734F80120D7
:1083B00010BD10220DF0F8F9F1E7022A0ED10129C3
:1083C0000CD100F5043300F5063083F8791A102239
:1083D000002100F269200DF0E7F9E5E706212046CB
:1083E000FEF724F8E3E72F2A2DE9F04104460D4675
:1083F00033D901F1010840461F210DF04AFA431E0E
:108400001D2B074622D804F5B13606F1A6031846FF
:108410001F2200210DF0C8F93A4641460DF09EF9A1
:10842000C53605F12003303553F8042BAB4246F82E
:10843000042BF9D104F5B033D3F8480303F5B87130
:10844000D0F734FD2046FDF7E6FF03E00621204685
:10845000FDF7ECFF0120BDE8F08100F5B1351F22EA
:10846000002105F1A6000DF09FF91022002105F171
:10847000C5000DF099F9DDE71C2370B58CB08DF8BF
:10848000003000F5B03393F8A63204462BB300F564
:10849000B13303F1A6020DF1010103F1C20052F85C
:1084A000045B824241F8045BF9D1108808AE088071
:1084B00092788A7003F1C502D53335461068516849
:1084C000083203C59A422E46F7D13022694620462B
:1084D000FDF793FF01200CB070BD01226946F7E75C
:1084E000012A10B5044617D991F90130002B13DA8F
:1084F0000131013AF9F7D9FD014640B12046002289
:10850000F9F79DFE2046FDF786FF012010BD0321EF
:108510002046FDF78BFFF8E70621F9E7012A10B5A1
:10852000044612D9487804F5B033022A83F8A10230
:1085300005D08A78402A28BF402283F8A422D3F8A5
:10854000480303F5B871D0F7B1FC2046FDF763FF8F
:10855000012010BD192307B58DF8043000F5B033A4
:1085600093F8A12293F8A4328DF8052001A90322E3
:108570008DF80630FDF741FF012003B05DF804FBE4
:10858000032A2DE9F04104460E46174623D9F8F791
:10859000BEFD0546E8B10146BB1E2046B21C96F85A
:1085A0000180F8F72FFD58B12046002342462946A6
:1085B000F9F730F82046FDF72EFF0120BDE8F081E5
:1085C00029462046F8F7B7FD06212046FDF72EFF85
:1085D000F3E70321F9E70621F8E710B5042A04467A
:1085E000B2B017D18B23ADF80C30D0F81832072277
:1085F000CDF80E30B0F81C3205A9ADF81230D2F724
:1086000081F803A900F108022046FDF7F6FE0120DB
:1086100032B010BD232A28D904312022FDF78EFA6A
:10862000014600B303AB00930322204602ABFDF7E3
:108630007AF998B1002204F50433C3F86428C3F82A
:108640006028C3F85828C3F85428029AC1B2C3F866
:108650005C282046039BFDF7F6FED8E70421204660
:10866000FDF7E4FED3E70221F9E70621F8E770B54C
:1086700006460C461546002A4BD000F07CFB00282D
:108680004ED12378013B412B43D8DFE813F04B0058
:1086900057005D0069007B00810087006F00930038
:1086A000B700BD00C3008D00750099009F00AB00AE
:1086B000B100E100E700C9004400ED00F300F9005B
:1086C000FF000B0123012901A5002F0135013B010A
:1086D000410147014D015301D500170159015F01C7
:1086E0006501CF00420042004200420042004200C9
:1086F0001D01710111014200770189016B01050122
:108700008F0195019B01DB0063007D018301A101C5
:108710005100002070BD2A4621463046D1F73CFD6D
:108720000120F7E72A4621463046C9F749FAF7E71C
:108730002A4621463046FEF7B4FDF1E72A46214697
:108740003046FEF7C0FDEBE72A4621463046FEF7ED
:10875000C5FDE5E72A4621463046FEF7F8FDDFE78E
:108760002A4621463046FEF749FED9E72A462146E9
:108770003046FEF7A3FED3E72A4621463046C9F726
:10878000DFFACDE72A4621463046FEF7BFFEC7E7AF
:108790002A4621463046FEF7D5FEC1E72A46214645
:1087A0003046FEF70FFFBBE72A4621463046FEF76C
:1087B00023FFB5E72A4621463046FEF73AFFAFE7EA
:1087C0002A4621463046FEF7BBFFA9E72A46214646
:1087D0003046FEF7DCFFA3E72A4621463046FEF787
:1087E000F0FF9DE72A4621463046FFF708F897E755
:1087F0002A4621463046FFF74DF891E72A462146A2
:108800003046FFF75FF88BE72A4621463046D1F71E
:10881000F3FC85E72A4621463046FFF79CF87FE7C0
:108820002A4621463046D1F775FD79E72A4621468A
:108830003046D1F79BFD73E72A4621463046FFF7C5
:10884000ADF86DE72A4621463046FFF7D6F867E7D0
:108850002A4621463046D1F7BFFD61E72A46214628
:108860003046FFF7E7F85BE72A4621463046FFF738
:1088700019F955E72A4621463046FFF728F94FE710
:108880002A4621463046FFF777F949E72A4621462E
:108890003046FFF7A9F943E72A4621463046FFF75D
:1088A000E8F93DE72A4621463046FFF746FA37E722
:1088B0002A4621463046FFF776FA31E72A46214616
:1088C0003046FFF78AFE2BE72A4621463046FFF75F
:1088D000B8FA25E72A4621463046FFF7EAFA1FE7AD
:1088E0002A4621463046FFF7F8FA19E72A4621467C
:1088F0003046FFF7FEFA13E72A4621463046FFF7D7
:1089000018FB0DE72A4621463046D1F785FD07E7DB
:108910002A4621463046FFF74DFB01E72A4621460D
:108920003046FFF76FFBFBE62A4621463046FFF74D
:10893000A2FBF5E62A4621463046D1F79DFDEFE63B
:108940002A4621463046D1F7BFFDE9E62A462146B0
:108950003046D1F713FEE3E62A4621463046FFF7BC
:1089600009FCDDE62A4621463046FFF735FCD7E60E
:108970002A4621463046D1F773FED1E62A462146E3
:108980003046FFF7F7FCCBE62A4621463046FFF794
:108990002AFDC5E62A4621463046FFF76DFDBFE6B3
:1089A0002A4621463046FFF79BFDB9E62A46214676
:1089B0003046FFF7B3FDB3E62A4621463046FFF7BF
:1089C000C9FDADE62A4621463046D1F769FEA7E645
:1089D0002A4621463046FFF7D3FDA1E6F8B59DF8BB
:1089E000184015465CB31A78032A38D100F5B03622
:1089F00096F8967291F84110022F4FEA510120D05B
:108A0000012F14BF002201F0010296F89772022F85
:108A100019D142F0020296F89862022E19D142F062
:108A20000402012C1CBF5B789A4312F0010406D0AB
:108A3000079941F8045BD1F765FE041DE4B22046B6
:108A4000F8BD0122E1E7012F04BF01F002073A431C
:108A5000E1E7012E04BF01F004010A43E1E700242D
:108A6000EDE7F8B506460C4600F5063303F520722F
:108A700003F5287352F8040B9A4241F8040BF9D11C
:108A80000123002584F8403006F5B03797F8E0322E
:108A9000294684F841304022A4F8425004F14400B1
:108AA0000CF082FE7623294684F8203004F1210060
:108AB00007F2731704F1200C17F8012F0B46013150
:108AC0008AB9C3F11F021844002106F504360CF0E0
:108AD0006BFED6F8A03AC4E921330023C4E923335E
:108AE000C4F89430F8BD1E290CF8012FE4D10B46D0
:108AF000E7E710B50446806FD4B003681B68984759
:108B000004F50433C3F8A00A26A8F8F7F8FD2046B8
:108B100026A9FFF7A6FF26A9002201A8FDF749FE16
:108B20008A21034601AA2046FDF7ACFC54B010BDD3
:108B300010B5044604F5B03393F8DD32084663B14E
:108B4000202A04F50631A8BF202201F520710CF07F
:108B50003EFEB0FA80F0400910BD1846FCE72DE952
:108B6000F04705460F46D8B02AA8F8F7C8FD2846B2
:108B70002AA9FFF776FF3846C8F71CFD4FF02009F9
:108B800006460DF1100876B92846FDF7D2FF38B930
:108B900005F5043393F8003C13B92846FDF7F1FFBF
:108BA00058B0BDE8F087962E40D996239A46013BEF
:108BB000FA5C0A2A03D04B2BF8D14FF0960A5246A2
:108BC0003946404600240CF0C9FD434608F80A40E7
:108BD00013F8012B01340D2A08BF03F8019CA245AC
:108BE000F6D12346002008EB040212F8011D013BD8
:108BF0000A291DD020291BD0D5F878A0DAF800303A
:108C000050461B689847DAF80430984200D8581C40
:108C10000023CAF804001A460090CDE90133284623
:108C2000CDF80C802AA9FEF7C3F904E0B246C6E7E6
:108C30001070002BD9D12744361BA4E770B500F57E
:108C4000B03393F8DD3204460D466BB361B30B7855
:108C500053B3D1F717FE40BB04F5043696F8E50B85
:108C600001280BD904F5063000F26531802200F2AC
:108C7000E5200CF073FD012086F8E50B04EBC01035
:108C800000F506307F22294600F2E5200CF0EEFDCB
:108C9000002296F8E53B04EBC31404F506340133D7
:108CA00084F8642386F8E53B70BD29462046BDE87C
:108CB0007040FFF754BF73B500F50433D3F8046C6C
:108CC00004467EB1002500F50730C3F8045C083087
:108CD00009F057F908236A4682212046CDE900654C
:108CE000FDF7D0FB02B070BD006BFFF7E4BF10B51D
:108CF00000F5B03393F8DD32044663B100F5043378
:108D000093F8003C3BB9D1F7BDFD20B12046BDE84A
:108D10001040FFF7EEBE10BD70B500F5B03393F80C
:108D2000DD3204469BB1D1F7ADFD80B104F50435C9
:108D3000D5F8A03A13B92046FFF7D9FF002695F8D9
:108D4000E53BF1B28B4203D8002385F8E53B70BDCB
:108D500004EBC11101F50631204601F2E521FFF7D0
:108D6000FEFE0136EBE700F5063220238F2102F5E7
:108D70002072FDF787BB2DE9F04700F5B03898F871
:108D8000DD4205460F461646ADF5187D64B10B78F9
:108D90000F2B00F0098109D8092B00F0DC800D2B86
:108DA00000F0F780022B22D0002031E0272B00F0CA
:108DB0000B812A2B00F0AC801E2BF5D1202AF3D991
:108DC00020220131FFF7B4FE10B357A8F8F797FC43
:108DD000284657A9FFF745FE032257A92DA8FDF7FE
:108DE000E8FC02462DA92846FDF707FB0FE00D2AF7
:108DF000DAD906220731FFF79BFE48B17B78012BB9
:108E00000AD9032B08D001212846FDF70FFB0120CA
:108E10000DF5187DBDE8F0870D3EA02E28BFA026D9
:108E20004FF0000A04AC07F10D0132462046D7F896
:108E300003800CF093FCBB78324603F00303214619
:108E40000DF1B9008DF8B83004F806A0CDF8B48063
:108E50000CF084FC202303AFC7F800A00DF1B40987
:108E6000019305F506734A46009304213846731DA5
:108E7000CAF7F6FF3A680AB901223A6040F6B833F9
:108E800002212846FDF7DFFA2846FFF714FF3B686A
:108E900005F5043605F50730C6F8043C42F29F425A
:108EA00000230830F2F780F8B8F1000F19D005F56B
:108EB000063303F5287203F5387352F8041F414551
:108EC000A5D09A42F9D196F8E43A03F50642A832C1
:108ED000013305EB820203F00F03C2F8048086F829
:108EE000E43A237857AEA3F14102192A9CBF2033FC
:108EF00023700022334621462846D1F78BF89DF88F
:108F00005C31002B83D031462846FFF728FE7EE7F0
:108F1000082A7FF649AF07220231FFF709FE002831
:108F20003FF476AF16238DF85C3105F50433D3F8A2
:108F3000A00A57AC18B9A86F03681B689847030AC2
:108F4000A370030CE37000236070000E062221461C
:108F50002071637147E7202A7FF626AF2022013176
:108F6000FFF7E6FD00283FF453AF222E0DD997F806
:108F7000223098F8E0229A4207D0D8F8480388F8BF
:108F8000E03208F5B871CFF791FF2846FDF743FAB4
:108F90003DE7202A7FF608AF20220131FFF7C8FD08
:108FA00000283FF435AFF0E7202A7FF6FDAE2022FF
:108FB0000131FFF7BDFD00283FF42AAF012205F57E
:108FC000043383F8002CE0E7232A7FF6EDAE20225D
:108FD0000431FFF7ADFD00283FF41AAF0023686F9E
:108FE0002D9303682DAC042221461B6898472D9AC7
:108FF0000AB901222D92284640F6B8330221FDF726
:1090000022FA8B2305F50632D2F88012B2F88422B8
:10901000CDF85E11ADF8622159A907222846ADF8B6
:109020005C31D1F76FFB9DF85C11C31D0DF25D1231
:109030002846FDF727FAEAE643684FF6FF72B3F8D1
:109040006E0140F6AC53904208BF184670472DE9B8
:10905000F04104461746FFF7EFFF0E46054658B1AC
:1090600023694BB1984738B11FB105F19503B3425D
:1090700004DA0023A3776377BDE8F081B54201D815
:109080000023F8E7A37F002BF6D1637F0133DBB227
:10909000022B6377F0D90123A377E368002BEBD091
:1090A00029463046BDE8F041184770B590F82030A9
:1090B000044613BB09F0CAF84FF47A75A0FB050605
:1090C000002347F6122205FB0161C8F747FA237F08
:1090D0002BB147F22F52A369C31A93420DD9012332
:1090E000A0612068237703681B689847B0F5FA6F82
:1090F000054603D200236377E37770BD20680368D9
:109100001B6C984780F0010229462046BDE870405C
:10911000D2B2FFF79CBF0020704703461846027882
:109120000133202AFAD0704738B509F08FF84FF490
:109130007A74A0FB040547F61222002304FB0151B8
:10914000C8F70CFA38BDF7B51546FFF7E6FF0C4631
:109150000646D1F7F1FB074610B101272C6012E05B
:10916000019001A93046F6F70BF904460198B04288
:1091700009D0FFF7D2FF03782BB921462046C8F764
:109180000FF90028E9D1384603B0F0BDF7B5144611
:10919000FFF7C3FF0E460546D1F7CEFB074620B1C9
:1091A00026600127384603B0F0BD019001A90A22CC
:1091B0002846F6F75BFA01460198A842F2D0FFF77D
:1091C000ACFF0378002BEDD12160EAE70023CA5CF5
:1091D0001AB1C25401330F2BF9D10021C3F110028F
:1091E00018440CF0E1BAF8B5064608461546FFF7F4
:1091F00094FF0746D1F7A0FB044608B12846F8BD06
:1092000038463159C8F7C4F910B934442079F6E723
:109210000834202CF4D14FF0FF30F0E72DE9F04175
:1092200003680446DB680F46984700250646B542AA
:1092300002DB0020BDE8F0812368294620461B6937
:1092400098473946C8F7A4F930B92368294620461B
:10925000BDE8F0415B6918470135E8E7426992F8DB
:109260004E305B003B2BDCBF002382F84E30806920
:1092700003681B68184770B504460D46D1F79EFB7E
:109280000026636990F91B2183F81B21636983F829
:109290002461A0690368D3F894309847A0690368F3
:1092A000D3F89030984715B1636983F8246120465C
:1092B000BDE87040FFF7D2BF10B5044650F8880CE7
:1092C00094B003685B6C984778B9FFF72DFFD4E939
:1092D0000E239042994108DA40F271220023204681
:1092E00014B0BDE81040F1F75FBE94F8303054F888
:1092F000A00C032B08D0042B0FD0022B13D114B0D9
:10930000BDE81040F9F746BA54F88C1C03686A4669
:10931000DB6B0431984714B010BD03685B6A14B06E
:10932000BDE81040184703681B6AF8E710B580F8DD
:10933000D0100446FFF7F8FE41F28833C01841F11F
:109340000001C4E936014FF2244204F1A0000023D9
:10935000BDE81040F1F7F4BD10B510F8B33C044679
:109360003BB150F8BC3C984720B904F8B30C04F862
:10937000B40C10BD54F8C80C00220023A4F1B201B3
:1093800008F0B5FB30B904F8B30C54F8B83CBDE8AC
:10939000104018472046BDE8104041F68562002382
:1093A000F1F7CEBD70B5531EAF2B05460E461446E1
:1093B000AEB02BD80DF10600ADF804200CF0CEF9BC
:1093C00028680022002301A908F091FBD8B12B7D69
:1093D0000BB901232B7596F90030002B16DA6B7D43
:1093E000A3B9B22201A905F116000CF0B7F90123C7
:1093F00041F685626B7505F1C8000023F1F7A0FD09
:1094000020462EB070BD2B699847F9E70024F7E796
:1094100010B50446006800230022F1F755F9237DBA
:1094200028B10BB1002323756FF00A0010BD002B8B
:10943000FCD0226803216368526AB3FBF1F39342C4
:1094400028BF2075F2E70346007D50B91A685868B6
:1094500003234000B0FBF3F0536A98428CBF002016
:109460000120704703685B6A1BB9407D80F00100F2
:1094700070470020704710B50446C83008F081FDE1
:10948000206808F03BFB0023A38210BD70477047A3
:1094900070477047052102F017BC084600F032B84B
:1094A00008B529B102F0C4FCBDE8084000F018B8C6
:1094B00008BD10B586B0044602F08CFC012809D81E
:1094C000204602F0B5FC01A9D3F7DCFC13212046AD
:1094D00002F0FAFB06B010BD0B6801330B60704759
:1094E000022300B593B0014602A88DF80730D3F7E8
:1094F000F9FF01220DF1070102A8D4F749FD13B0CD
:109500005DF804FB00B591B001466846D3F7EAFF69
:10951000684600F00DFD11B05DF804FB03460A46F5
:1095200000681979012303FA01F103691B681942E4
:1095300018BF82F0010283680AB1DB6818471B6913
:10954000FCE71346F0B4DA028768066907D513F41E
:10955000402F1EBF43F3000202F4402253401F2954
:1095600023F480120AD8012534688D40DB074CBFF4
:109570002C43AC4334603B68F0BC1847F0BC7047E8
:10958000CCF7BABC0020D4F763B97047D0F710B855
:10959000704708B51846D4F76FFABDE808400120B7
:1095A000D4F74ABA08B5BDF80800D4F765FABDE8A3
:1095B00008400220D4F740BAFEE7D5F7CDBFD5F773
:1095C000EBBFD5F7E9BF00EBC1004088400870470A
:1095D000F8B50346FFF7F7FFB0FA80F0C0F11F00BF
:1095E00003EB800CDCF81060CA00171D0C46063235
:1095F0008DB256B9012101FA00F0D9680143D96052
:10960000CCF81040DD539D52F8BDF1000431585A9A
:10961000D85303EBC0009E52C5805D52F4E710B5ED
:1096200000EBC104E388994202F104010AD101234D
:1096300003FA02F2C36823EA0203C360002340F87E
:10964000213010BDA28840F8213000EBC20100EBB0
:10965000C300CB808280F4E708B50346FFF7B3FF71
:10966000B0FA80F21846BDE80840C2F11F02FFF7C9
:10967000D6BF2DE9F843B1FA81F3C3F11F0200EB25
:109680008209D9F8107006460D4687B94FF0FF34AD
:10969000C3F120039C40F3681C4014D094FAA4F258
:1096A000B2FA82F2131D56F82340214608E03C46E8
:1096B0004FF0030821463046FFF785FFA84205D347
:1096C0003046FFF7ACFF2046BDE8F88306EBC40444
:1096D000E488B8F10108C9F81040D7D0A742E9D111
:1096E000D4E738B50446FFF76EFF0D460346114632
:1096F0002046FFF768FF03449BB204EBC5055A0000
:1097000020466A80FFF75FFF014424F8313038BDFE
:1097100070B50B460446FFF756FF04EBC305511A1C
:109720009B1A89B203444E009BB26E8004EBC200C8
:109730005D00458024F8321020461146FFF743FFB4
:10974000014424F8313070BDF8B500294DD00468CB
:109750000D1F2D1BEE0825F007056219538813F025
:10976000010304D183F311880423184602DF314634
:109770002046FFF728FF304434F83030C01A8642C4
:1097800005D0002383F311880423184602DF538891
:10979000314623F0010353802046FFF714FF3718AA
:1097A00004EBC7035B88DA0708D439462046FFF785
:1097B00053FF3A4631462046FFF793FF655B751B22
:1097C00004EBC5035B88DB0709D429462046FFF775
:1097D00043FF324629462046FFF783FF2E46314697
:1097E0002046BDE8F840FFF7F3BEF8BD70B509B9F3
:1097F000002070BD056801F007030B33CC0804EBB3
:10980000D304AB6828469C4228BF1C462146FFF77C
:1098100030FF06460028EBD001462846FFF7D3FE6E
:10982000A04207D928463219FFF772FF1146284691
:10983000FFF7CEFE05EBC60210465388043043F016
:1098400001035380D5E71146FFF7D0BF2DE9F84358
:1098500014464A4202EA010931EA020203460BD0E9
:109860004A46042A28BF04224F46A1EB09096CB9D5
:1098700000252846BDE8F883042904D82146BDE820
:10988000F843FFF7B3BF00270422F0E71E68A9EBF7
:10989000020204F0070302F007010B330B44E10856
:1098A00001EBD20101EBD301B3683046994228BFE6
:1098B0001946FFF7DEFE80460028D9D03D1D05EB96
:1098C000C00509F1FF3335441D44B5FBF9F509FB2B
:1098D00005F5ED1B2C442B1F07349B1B24F00704BC
:1098E000A41BB0EBD30F4FEAD3074FEAE40408D22E
:1098F00001463A463046FFF70BFF41463046FFF738
:1099000067FE39463046FFF75EFE3844844207D290
:1099100030462246FFF7FCFE21463046FFF758FE50
:1099200006EBC706738843F001037380A1E7043A8E
:109930002DE9F843CC1D114424F0070421F007065B
:10994000A6EB04084FEAD807B7FA87F24FF00009F0
:10995000C2F12405AD000735C2F12002ED08046014
:109960004946A760C4F80C90920004F110000BF077
:109970001BFFAAB2530043F0010363807B1B9BB221
:1099800004EBC5015800A4F80090488024F8352065
:10999000A6F8029024F8083004EBC7035A88294639
:1099A00042F001025A802046BDE8F843FFF710BE9E
:1099B000002070477047D4F78BB90FB407B504A9DE
:1099C00051F8040B0191FFF7F6FF03B05DF804EBCB
:1099D00004B0704708B5EFF31183202383F3128896
:1099E000D5F72CFFF0B564230446042500204FF082
:1099F0000A0C11B1013D01D12570F0BDB2FBF3F7A6
:109A00009A42FEB202D2012B00D030B13036013979
:109A1000013004F8016BC9B2C0B203FB1722B3FBDB
:109A2000FCF3D2B2E5E7A0F13003DBB2092B02D898
:109A30000B7000207047A0F16103052B02D8573846
:109A40000870F6E7A0F14103052B01D83738F7E796
:109A50006FF015007047F7B5054601F0010000EB07
:109A600051069E424FEA510703D90026304603B003
:109A7000F0BD58B128780DF10701FFF7D4FF002899
:109A8000F3D19DF80730013502F8013B0135174449
:109A9000BA42EBD015F8010C0DF10701FFF7C3FF37
:109AA0000028E2D19DF807402401E4B2147015F8B3
:109AB000020BFFF7B8FF0028D7D19DF807301C44F0
:109AC00002F8014BE4E7002203680BB9184670471F
:109AD0008B4210D10B6842B942680360914200D1B9
:109AE0004360002301200B60704713604368994274
:109AF00008BF4260F5E71A461B68E6E7838B13F060
:109B0000070306D10368002B18BF032008BF0020FD
:109B10007047022B05D1C08BB0FA80F0400980005D
:109B20007047012B04D10368002B18BF0520EDE717
:109B30000020704710B50C4600B111B96FF0150048
:109B400010BD081D00F0BCF80028F9D1A368032B54
:109B5000F6D9F3E72DE9F0410D4607461946281DD1
:109B600090461E4600F0C0F8044638B133464246DF
:109B700029463846A446BDE8F0416047BDE8F0817B
:109B800010B4EFF31182202484F31288816110BC99
:109B90000121D4F7CFB838B50C46054658B151B1BC
:109BA0000B6843B14B6833B1202200210BF0FCFD60
:109BB00000202C6138BD6FF01500FBE770B505463D
:109BC0000E46FFF7B7FF00281FDBEFF311822023BB
:109BD00083F312884FF6FF71EB8BA88B8B4200F05A
:109BE000070427D0062C2AD8DFE804F0102904291E
:109BF000102E10000133EB8382F3118800232846D6
:109C000002223146FFF7A6FF022070BD0023336019
:109C10006B6843B9C5E9006644B928460221D4F708
:109C200089F82046F1E71E606E60F5E7204682F372
:109C30001188EAE782F311886FF00A00E5E782F302
:109C400011886FF00400E0E782F311886FF085005F
:109C5000DBE710B5EFF31182202383F31288848BA6
:109C600004F00704022C08D0012C0CBF6FF0040094
:109C70006FF0850082F3118808E0C38B013B9BB233
:109C8000C38323B92146D4F755F8204610BD20469A
:109C9000F0E738B588B181B1EFF31185202282F366
:109CA0001288848BFFF70FFF20B104F0070085F3C3
:109CB000118838BD6FF07700F9E76FF01500F8E70D
:109CC000034640B1426802F00302022A06D0032A8A
:109CD00004D0012A05D06FF0150070471A68002AD9
:109CE000F9D000209860704710B54268034602F032
:109CF0000302022A81600AD0032A0BD104680020E3
:109D000000225A6008B1F2F735F8204610BD002451
:109D10000068F5E700242046F2E77047C3691BB1ED
:109D20001B7900200B7070476FF057007047C369B4
:109D30003BB1DB682BB1DB691879B0FA80F04009E0
:109D400070470120704770B5C56904460E460DB1D5
:109D500003232B712046FFF7EAFFA8B10321204619
:109D6000B047002802DA10F1860F0ED1012125B983
:109D700020463346BDE87040184720462971B04759
:109D8000002802DB00232B71002070BD002908DBB6
:109D90008068884205D9401A904234BF00200120D3
:109DA00070470020704770B516461A4605460C46A7
:109DB000FFF7ECFF48B16968E868214482681468DD
:109DC0003246A446BDE8704060476FF0150070BD94
:109DD00070B516461A4605460C46FFF7D7FF48B140
:109DE0006968E8682144826854683246A446BDE840
:109DF000704060476FF0150070BD10B50B4604460B
:109E0000FFF7C4FF30B16168E0681944BDE8104055
:109E100000F099BA6FF0150010BD2DE9FF41D1F89F
:109E20000C80054640461F460C461646C7F7C2FB47
:109E3000BDF8283080B2CDE90180009332463B4620
:109E40002146284602F0F2FE04B0BDE8F081F0B5EC
:109E500087B01F4604460D46164601F050FB02230C
:109E600002930DF116030193BDF83030ADF81600E2
:109E7000009332463B462946204602F0D7FE07B003
:109E8000F0BD70B588B0BDF83060154600211E22C7
:109E900068461C460BF088FC8EB91D2C12D8224651
:109EA000294668460BF05AFC04F120036B446846CF
:109EB00003F8206CD6F742FD204608B070BD6FF065
:109EC0000604F9E76FF00C04F6E72DE9FF411F46A1
:109ED0000D4616460446D6F755FD8046C7F76AFB81
:109EE000BDF8283080B2CDE90180009332463B4670
:109EF0002946204602F09AFE04B0BDE8F081F7B58D
:109F00000C4601A916461F46089D00F039F850B9C5
:109F10006A683846A24228BF22462968B047AB6823
:109F20001C6003B0F0BD0020FBE70020D4F762B84E
:109F300000221146D4F72CB8034610B508460AB1E2
:109F40000021116053B1D0B1411E11F8010F80B151
:109F500013F8014BA04201D13D28F6D100200EE0BC
:109F6000013313600AE03D2808D0B0FA80F04009C0
:109F700005E018782F28F6D1002AF1D1012010BD74
:109F800010B509B100230B6058B103461A781C467E
:109F900001332AB13D2A03D02F2AF7D101B10B603A
:109FA000201A10BD2DE9F341DDF8208007460C464C
:109FB00015461E460190B8F1000F07D0D8F80010E2
:109FC00081B9D8F804E0BEF1000F14D1384601A9D8
:109FD000D4F792F858B1C76833462A46214601980B
:109FE000B84704E001AAFFF7A7FF0028E9D1002045
:109FF00002B0BDE8F081D8F808302A46089321461F
:10A000003346F446019802B0BDE8F041604713B50D
:10A01000049C019400240094D4F73EF902B010BDD2
:10A020001FB5D0E9013213444360044600200222E8
:10A03000A06003AB00940DF10A01FFF7E8FF30B90F
:10A04000039B022B05D0002B18BF6FF01C0004B03F
:10A0500010BD636802336360BDF80A30A360F6E7A1
:10A060001FB503680093406803ABFFF7D0FF18B932
:10A07000039805B05DF804FB4FF0FF30F9E71FB51A
:10A080003D2401930DF10F03009313460A46014648
:10A0900000208DF80F40D4F7FFF804B010BD2DE973
:10A0A000F04788468CB0196891461E46C7F770FA8B
:10A0B000074648B941464846D4F7DEF9B368054635
:10A0C000834205D00023F36000200CB0BDE8F08788
:10A0D00008B90123F7E7D6F804A0202D2C4628BFA5
:10A0E0002024CDF80080224603AB04A909EB070029
:10A0F0000394FFF78CFF0028E4D1039B9C42E1D13D
:10A100002246504604A90BF062FB0028DAD12D1B31
:10A11000A2442744E1D1DCE780687047806870473B
:10A120002DE9F04F9B460023B3B00DF10C08074614
:10A1300089469246816801224046CDE90733CDE940
:10A140000333CDF818808DF8143000F029FA044656
:10A1500000282FD106AD09AE2846FFF761FF002881
:10A1600048D1089B002B45D02B464A2101AA0CA8B8
:10A17000FFF785FF00283DD1019B002B3AD003F16A
:10A18000C8026A4402F8980CBBF1000F0BD0089A81
:10A1900001339A422CD995E8070086E8070030463B
:10A1A000FFF73EFF70B1019A5346294601320CA8D1
:10A1B000C8471DE0831C18BF6FF01504204633B05C
:10A1C000BDE8F08F0B9B002BEDD033464A2102AA4D
:10A1D0001FA8FFF754FF0028E1D1029B1FA9C83335
:10A1E0006B4403F84C0C0CA8C7F7D2F90028D6D161
:10A1F0000134B1E7404600F031FA3C610446DDE746
:10A2000070B5066814460021022230461D4600F053
:10A210004FFA30B92A462146304600F03DFA00EAAE
:10A22000E07070BD70B51C468368154606685BB16A
:10A230008B4203D800232360002070BD22680A44AB
:10A2400093423CBF5B1A23604368002230461944A6
:10A2500000F02EFA0028F0D129463046226800F09E
:10A260000FFA0028E9DB2060E6E72DE9F041CAB0EB
:10A270000546E8460027441E08AE14F8010F78B1E1
:10A28000A54218D02F2816D13146684688F80070AC
:10A2900000F0BDFA831C06D1684600F02DFA50B1DB
:10A2A0004AB0BDE8F0810028FAD13378012B02D002
:10A2B0006FF01000F4E7237808F8013BDDE72DE9A3
:10A2C000F0471646D0F808901D4688B0D9F81030EF
:10A2D00080460F469847002E32DB036846EA0504A5
:10A2E0005A1E14402CD1D9F80CE0BEF1000F08D052
:10A2F0002B46324639464046F44608B0BDE8F047A2
:10A300006047202B1CD82022394668460BF04CFAB7
:10A310002046A54202D808B0BDE8F087A5EB040AA4
:10A32000BAF1200F28BF4FF0200A6A465346404634
:10A33000D9F804703119B8470028ECDB5444E8E739
:10A340006FF01500E7E770B583680D461B6904469A
:10A3500016469847417933462A462046BDE8704064
:10A36000FFF7ADBF0BF020BA0BF0F8B9014600685B
:10A37000D4F7A2BA08B5D4F7DBFABDE80840D4F7A1
:10A380001DBE00210120D4F797BAC36E83F30B885A
:10A3900070476FF08500704761B662B680F3118830
:10A3A000704772B6002383F31188BFF36F8FBFF33A
:10A3B0004F8F30BF62B6BFF36F8F704772B6002306
:10A3C00083F31188BFF36F8FBFF34F8F20BF80F3EC
:10A3D000118862B6704740E800F313F4803FD8B2AA
:10A3E00008BF6FF01500704730B50C684B6885B03A
:10A3F0000A894D890094013B24F01F04234402F094
:10A400001F0242EA451223F01F0369468DF8082017
:10A410000393D4F785FE05B030BD08B5D5F760F8D5
:10A42000002008BD7047D0E8EF3F0133C0E8E23FAD
:10A43000002AF8D17047002303824369C360704744
:10A44000816A8968D5F718B9EFF31182202383F365
:10A45000128800230B60436823B9C0E9001182F31E
:10A460001188704719604160F9E7034610B5EFF3B2
:10A470001181202282F31288006828B15C6802688A
:10A48000A0421A6008BF5A6081F3118810BD0146CE
:10A4900008B50830FFF7C7FF084608BD0346184651
:10A4A0005B68002BFBD17047426810B52AB10B46A0
:10A4B0001C465B68002BFBD16260416010BD10B58B
:10A4C000044628B901F10800FFF7ADFF084610BDAA
:10A4D000034618465B68002BFBD1FFF7E5FF2046DB
:10A4E000F5E710B508B14B68436000234C68084697
:10A4F0004B60D5F739F9204610BD83680B440360E3
:10A50000704703680B6043684B6083688B607047DB
:10A510008388026819448180D018704730B48488D9
:10A520000568A3188380281930BC0BF017B910B543
:10A53000838802685C1C8480D154D01810BD034607
:10A5400000689A88401A1144186099807047026820
:10A55000531E036083880133838002F8011C704717
:10A5600003468288521A8280006808441860704747
:10A57000034600689A88521A01449A80196070470D
:10A5800083880268013B8380531C03601078704706
:10A5900083880268023B8380931C036010887047A5
:10A5A0002DE9F341054616460C46002944D00B78A8
:10A5B0002F2B41D14B78002B3ED04268002A3ED150
:10A5C00001A8D5F77DF900283CD1019F97F82030EC
:10A5D000990702D516F0120F37D1FB691A68002AC5
:10A5E00039D016F0400806D0B20731D55B69002B90
:10A5F00031D04FF001086F60FB6921463246284692
:10A600001B689847041E05DA00236B60204602B0E1
:10A61000BDE8F0812E72B8F1000FF7D0FB69002180
:10A6200028465B699847041EF0DAFB69DB69002B5A
:10A63000EAD028469847E7E76FF01504E6E76FF0A1
:10A640000F04E3E76FF00104E0E76FF01D04DDE7BE
:10A650006FF00C04DAE76FF08504D7E710B54368B4
:10A66000044643B1DB69DB693BB19847002801DB55
:10A670000023636010BD1846FCE76FF08500F9E722
:10A6800043681BB1DB695B681BB118476FF00800BA
:10A6900070476FF08500704743681BB1DB699B68AA
:10A6A0001BB118476FF0080070476FF085007047C6
:10A6B00043681BB1DB69DB681BB118476FF008000A
:10A6C00070476FF08500704743681BB1DB695B69B9
:10A6D0001BB118476FF0080070476FF08500704796
:10A6E00043681BB1DB699B691BB118476FF0080019
:10A6F00070476FF08500704713B50446B8B1037812
:10A700002F2B14D1437893B10146002201A8D5F72D
:10A71000D7F880B9019890F820309B070ED4C36910
:10A72000DB6B73B1214602B0BDE8104018476FF0F3
:10A73000150002B010BD6FF00100FAE76FF01D00C8
:10A74000F7E76FF08500F4E713B50446B8B1037876
:10A750002F2B14D1437893B10146002201A8D5F7DD
:10A76000AFF880B9019890F820309B070ED4C369E8
:10A770005B6B73B1214602B0BDE8104018476FF023
:10A78000150002B010BD6FF00100FAE76FF01D0078
:10A79000F7E76FF08500F4E773B50D46044618B986
:10A7A0006FF0150002B070BD03782F2BF8D14378FD
:10A7B000002BF5D00029F3D00B782F2BF0D14B785C
:10A7C000002BEDD0014601AA6846D5F779F8A8B963
:10A7D000009E96F820309B0713D429462046019A04
:10A7E0000BF032F80028DBD1F3699B6B63B12A468A
:10A7F0002146304602B0BDE8704018476FF00100B6
:10A80000D0E76FF01D00CDE76FF08500CAE7F7B520
:10A810000C460546002839D003782F2B36D1C6F7D1
:10A82000C9FE0128064609D142F6017323800023A0
:10A83000A370C4F80431002003B0F0BD2946684677
:10A8400001AAD5F73DF8074618BBDDE90032B61A74
:10A85000012E10D82046012200F8012B9A69D968F0
:10A86000FF2A28BFFF2201310AF078FF84F8007127
:10A87000C4F80471DFE7DA69166C6EB11846224637
:10A880002946334603B0BDE8F04018476FF0150085
:10A89000D2E76FF00100CFE76FF08500CCE737B566
:10A8A0000D460446A0B103782F2B11D143787BB11C
:10A8B0000146002201A8D5F703F868B90198C369D9
:10A8C0005B6C63B12A46214603B0BDE830401847AF
:10A8D0006FF0150003B030BD6FF00100FAE76FF0C4
:10A8E0008500F7E738B50446F8B14FF0FF304FF078
:10A8F000FF31D4F7D7FF23688BB1E3691B6B8BB1B2
:10A9000020469847051E06DBD4E9003213605A60E2
:10A910000023C4E90033D4F7CDFF284638BD6FF0DB
:10A920001505F8E76FF08505F5E76FF01505F4E715
:10A930000020704708B5C26900685143FFF75DFA0F
:10A94000BDE80840D5F7E6B838B51446C5691A46DB
:10A9500005FB0141049B0068FFF73AFABDE8384067
:10A96000D5F7D8B838B51446C5691A4605FB014174
:10A97000049B0068FFF717FABDE83840D5F7CAB85E
:10A980004FF0FF324FF0FF3300F58070EFF7F4BE69
:10A99000EFF794BFF8B50E461746044643681D69A5
:10A9A0002846FFF7EDFF3B463246216805F17C0063
:10A9B00006F0D9FE044605F58070FFF7E9FF204652
:10A9C000BDE8F840D5F798B8F8B50E4617460446E6
:10A9D00043681D692846FFF7D3FF3B46324621688E
:10A9E00005F17C0006F0D6FE044605F58070FFF701
:10A9F000CFFF2046BDE8F840D5F77EB8F8B50E4643
:10AA00001746044643681D692846FFF7B9FF3B46D1
:10AA10003246216805F17C0006F0BEFE044605F5CD
:10AA20008070FFF7B5FF04EAE470BDE8F840D5F7A1
:10AA300063B838B5044643681D692846FFF7A0FF90
:10AA4000216805F17C0006F02AFF044605F58070B8
:10AA5000FFF79EFF204638BD70B50E46044643689A
:10AA60001D692846FFF78CFF3246216805F17C00FE
:10AA700006F094FE044605F58070FFF789FF204636
:10AA8000BDE87040D5F738B838B5044643681D694D
:10AA90002846FFF775FF216805F17C0006F061FE8E
:10AAA000044605F58070FFF773FF2046BDE8384087
:10AAB000D5F722B870B5044643681E693046FFF7E3
:10AAC0005FFF216806F17C0006F049FE054606F5A9
:10AAD0008070FFF75DFF2046D4F7FAFF2846BDE8F7
:10AAE0007040D5F709B8F0B504464368C3B01F6994
:10AAF0000D463846FFF744FF21686A4607F17C009F
:10AB0000EFF72AFB044607F58070FFF741FF002CA2
:10AB100016DD00249DF8003002A99A1E53425341CD
:10AB20002B70019BFF22C5F80431681C0AF09EFEC1
:10AB300085F80041204643B0BDE8F040D4F7DCBFC3
:10AB400008BF6C70F6E738B5002504692046FFF7AA
:10AB500017FF04F17C0006F0D9FD04F58070C4F8FD
:10AB6000FC50FFF715FF284638BD38B503460846A8
:10AB700019461D69D4F7A0FF04462846FFF700FFD9
:10AB8000214605F17C00EFF757F8044605F5807083
:10AB9000FFF7FEFE2046BDE83840D4F7ADBFF8B55C
:10ABA00004460846214617462569D4F785FF214605
:10ABB00006463846D4F780FF04462846FFF7E0FEF5
:10ABC0002246314605F17C00EFF7A2F8044605F570
:10ABD0008070FFF7DDFE2046BDE8F840D4F78CBF5B
:10ABE00038B50346084619461D69D4F765FF044683
:10ABF0002846FFF7C5FE214605F17C00EFF7C2F9B4
:10AC0000044605F58070FFF7C3FE2046BDE83840D6
:10AC1000D4F772BF034670B514461E690846D6F8CD
:10AC2000E420194692692260D6F8E420D269626075
:10AC3000D6F8E420126AA260D4F73EFF3046FFF750
:10AC40009FFE06F17C0006F03AFE054606F5807090
:10AC5000FFF79EFE002DA1BFA3685B1B0025E360EC
:10AC60002846BDE87040D4F747BFF8B505690746E8
:10AC700005F58076304606F076FF2846FFF780FE21
:10AC8000284697F820207969D4F754FF0446C0B9C4
:10AC900005F17C0429462046EEF716FF00280BDA62
:10ACA00097F82030DA0707D49B0719D429462046A5
:10ACB000EEF7A4FE002808DAD4F71EFF00280446A9
:10ACC00009DA0023C5F8FC3005E020462946EEF7F6
:10ACD000FBFE041EF0DB3046FFF75AFE2046F8BDAF
:10ACE0006FF01D04EDE70346F0B50846C3B0194602
:10ACF0001F691546D4F7E0FE04463846FFF740FECC
:10AD000021466A4607F17C0006F005FD044607F57A
:10AD10008070FFF73DFE002C10DB00249DF8003012
:10AD200002A99A1E534253412B70019BFF22C5F882
:10AD30000431681C0AF09AFD85F80041204643B0B2
:10AD4000BDE8F040D4F7D8BE012208B5D5F740F8E9
:10AD5000002818BF6FF0040008BD38B5036882688A
:10AD600004469B1A032B0D460FD98388FF2B0FD85F
:10AD70000321FFF7E4FB0580A3880121033B8370D7
:10AD80002046FFF7E4FB002038BD6FF01500FBE71D
:10AD90006FF07900F8E770B582880468022A18D944
:10ADA000B4F80150033A0D80ABB2254615F8036B99
:10ADB0008A608E704D600BB13AB1E3780024CB709D
:10ADC0000321FFF7CDFB204670BD1F236FF03C042D
:10ADD000F5E76FF01504F6E710B582880368032ADB
:10ADE0000ED900245A880A805A788A7013F8042BE6
:10ADF0008C60CA704B600421FFF7B2FB204610BD87
:10AE00006FF01500FBE77FB5064614460A888B787D
:10AE1000ADF8002000210D220DF103008DF8023065
:10AE20000AF0C2FC6A4669463046E6F775F828B96A
:10AE3000BDF800209DF802302280A37004B070BDE0
:10AE400013B50C4601AA0331FFF7DDFF48B9032211
:10AE5000204601A90AF0BBFCB0FA80F0400902B01C
:10AE600010BD0020FBE770B5CE1C05460C463046F1
:10AE70000321E6F74FF860B96379224603F03F03F8
:10AE800043F04003637131462846BDE87040FFF748
:10AE9000BABF70BD70B50D4600210446FFF770F8CB
:10AEA0000D2818D1237B302B13D1002305F8063B46
:10AEB00004F10C062A462046012302210234FEF743
:10AEC000CAFDB44205F1FF35F4D1002070BD012365
:10AED000ECE7312BFBD06FF01500F7E7D3F7C6B9DD
:10AEE0000020704710B50C460178227888B08A425D
:10AEF0000ED06946D5F74EF9204604A9D5F74AF990
:10AF0000102268460DEB02010AF061FC08B010BD8A
:10AF1000012A06D0022A07D072B940886388C01A75
:10AF2000F4E740686368FAE71022611C013008B05A
:10AF3000BDE810400AF04BBC6FF01500E6E7042AAC
:10AF40000AD0102A0DD0022A4FF0000315D1037049
:10AF50000B88438001207047012303700B68436016
:10AF6000F8E7022300F8013B01F1100351F8042B2C
:10AF7000994240F8042BF9D1ECE7184670470123B9
:10AF800010B50621044600F8013BE5F7C3FF18B9E8
:10AF9000A37963F03F03A37110BD0B6803608B8836
:10AFA00083808B798371037823F0020303707047E9
:10AFB0000078023801288CBF00200120704738B586
:10AFC0000446807AD4F72CFB6169054649B1637A5F
:10AFD000DB0704D4836A20461B689B6898470023DC
:10AFE000636121462846BDE8384006F091BE2DE950
:10AFF000F0410C461746054601F10C0800F10C0122
:10B0000040461E46FFF77DFA6269E36839469B1A9F
:10B0100013FA87F36B82012340466B722F82FFF78E
:10B020009FFAE368284673600023628AE3607281B6
:10B0300063823460BDE8F08138B50C46D1E9003256
:10B040000546DA600B684A895A820868D4F78CFB97
:10B050002046102200210AF0A7FB2846BDE8384010
:10B06000FFF7ADBF438A23B9C068B0FA80F040094A
:10B0700070470020704710B5836804695B681BB196
:10B08000984700B9206010BD6FF05700FBE770478C
:10B09000D0F8A03083B15A7CD1070DD5D2060DD59A
:10B0A0001B7C102B0CBF042303234372807A98422D
:10B0B0008CBF0020012070470223F6E70323F4E74A
:10B0C0000F2806D80D280BD8052814BF022003200E
:10B0D0007047132804D01A2814BF0220012070479B
:10B0E00001207047D0E8AF0F7047034610B5D3E892
:10B0F000EF0F40EA0102C3E8E42F002CF7D110BDA6
:10B10000034610B5D3E8EF0F00EA0102C3E8E42FCD
:10B11000002CF7D110BD0B4601461878D5F7D0B8F2
:10B1200038B5C3681D7875B90F21B3F80100D7F79A
:10B13000C3F8044638B12946D7F72AF82046BDE8B7
:10B140003840D6F7D1BF38BD01210C30FFF710BA17
:10B1500070B5C56801212888D7F7AEF8044690B1CC
:10B160006E88EA88A9882B89A0F8A660A0F8A810A4
:10B17000A0F8AA20A0F8AC30D7F7AEFA2046BDE878
:10B180007040D6F7B1BF70BD37B5C5680121B5F8BD
:10B190000100D7F791F80446002835D02B781A2BF8
:10B1A00019D1C378012B10D14FF480410430FFF73F
:10B1B0009CFF43040FD4D4F88C3069460093D4F834
:10B1C000943020460193D7F72BFE204603B0BDE80C
:10B1D0003040D6F789BF2B78002BF6D140F2E242FF
:10B1E000B5F803305343C4F88830B5F80530A4F8F7
:10B1F0009030B5F80730A4F892302B78002BE4D1CA
:10B200002046D7F71FFAE0E703B030BD38B5C56870
:10B210000121B5F80100D7F74FF8044698B12B7813
:10B220003BB9D5F80330C0F89830D5F80730C0F8EE
:10B230009C30201D4FF48031FFF757FF2046BDE8BA
:10B240003840D6F751BF38BD30B40446084602EB4B
:10B25000C3039A4201D130BC7047114611F8085B14
:10B26000A54206D1018A53789942F4D330BC536881
:10B2700018470A46EDE710B5D6F754FA04466FF4BE
:10B2800080711030FFF73CFF2046BDE8104000F011
:10B2900025BCC368DB78012B01D1FFF7ECBF7047F9
:10B2A000C0F30723537000231070000ED070C1F359
:10B2B0000720090E9370137150719371D17170470B
:10B2C00010B5D6F72FFA6FF480711030FFF718FF22
:10B2D000002201201146D5F7F3F8044648B13C237B
:10B2E00000210373D6F754FF2046BDE81040D6F77F
:10B2F000FBBE10BDC368DB78012B01D1FFF7BBBFDC
:10B3000070472DE9F84FD0F80C80028A98F8003089
:10B310009B000133934245D9BDE8F88F08EB8703C2
:10B320000F21B3F80100B3F80360D6F7C5FF044658
:10B3300038B14FF0000B00F1C80946B92046D6F7E6
:10B34000D3FE013798F800309F42E7DBE4E76569F8
:10B35000002DF3D0A2692B6895422046636108BF97
:10B36000A361D6F765FEEFF771FBEFF311828AF365
:10B370001288C5F800B0236A8BB9C4E9075582F377
:10B380001188D9E8EF3F013BC9E8E23F002AF8D134
:10B3900000212046013ED6F755FEB6B2CDE71D602E
:10B3A0002562ECE700274FF0200ACBE738B5C568E7
:10B3B0000121B5F80100D6F77FFF044688B1E8788F
:10B3C000D5F766FA84F8A4002879D5F761FA84F8ED
:10B3D000A5002046D7F7A6F92046BDE83840D6F7A5
:10B3E00083BE38BD10B5028843889A4218D8052A12
:10B3F00016D9B3F5486F13D88488B4F5FA7F0FD205
:10B40000C18840F67640A1F10A0292B2824207D882
:10B4100004FB0333B3EB810F34BF0120002010BDC8
:10B420000020FCE738B5C3680F21B3F801001D7890
:10B43000D6F742FF044638B365B12846D5F756FA29
:10B44000294602462046D7F7FFF92046BDE8384096
:10B45000D6F74ABE8378012B07D102F078F920464F
:10B46000FFF716FE002808BF05252846D5F73EFA47
:10B47000294602462046D7F7E7F9002DE5D00521F9
:10B48000204600F021FCE0E738BD70B5C6680F210A
:10B49000B6F801003578D6F70FFF044670B34DB10A
:10B4A0002846D5F723FA294602462046D7F7CCF995
:10B4B000204603E0F378C27A9A4203D1BDE8704097
:10B4C000D6F712BE8278C372012A08D10BB102F0FE
:10B4D0003EF92046FFF7DCFD002808BF0525284679
:10B4E000D5F704FA294602462046D7F7ADF9002DD4
:10B4F000DED00521204600F0E7FBD9E770BD002033
:10B50000704708B5DAF78AFB18B1408A003818BFCF
:10B51000012008BD70B506460D464FF0FF304FF0D4
:10B52000FF31D5F78DF9044668B103210C30FEF7E1
:10B53000EFFF068085702146BDE87040002240F292
:10B540000640D5F77DBA6FF0680070BDC06801781D
:10B5500019B13C2903D1FFF7B3BED5F723BB704720
:10B5600038B54FF0FF3105464FF0FF30D5F768F999
:10B57000044668B102210C30FEF7CAFF2B88214631
:10B5800003800022BDE8384042F21600D5F758BAD1
:10B590006FF0680038BDF8B507460E464FF0FF3033
:10B5A0004FF0FF311546D5F74BF9044678B1062127
:10B5B0000C30FEF7ADFF3B88468003808580214636
:10B5C000BDE8F840002242F22200D5F739BA6FF008
:10B5D0006800F8BDF0B5C56801212F8887B0B8B202
:10B5E000D6F76AFE064660B302ACD5F80220D5F85D
:10B5F000063001946989009101F042FF18B34FF0C1
:10B60000FF304FF0FF31D5F71BF90546B0B11221DD
:10B610000C30FEF77DFF0346224623F8027B1446DA
:10B6200003CC596006A98C421860224603F1080336
:10B63000F5D1294642F21A00D5F7B0F93046D6F7CF
:10B6400053FD07B0F0BD4FF0FF304FF0FF31D5F79D
:10B65000F7F804460028F1D002210C30FEF758FF1D
:10B660002146078042F21B00E6E770B506460D460C
:10B670004FF0FF304FF0FF31D5F7E2F8044660B1EC
:10B6800003210C30FEF744FF068085702146BDE89B
:10B69000704042F22100D5F781B970BD73B5C3681F
:10B6A000D9789A781E8842EA0122ADF800205979AB
:10B6B0001A79B4B242EA0122ADF80220D9799A7916
:10B6C000204642EA0122ADF804201A7A5B7A012171
:10B6D00042EA0323ADF80630D6F7EEFD054628B959
:10B6E00002212046FFF7C1FF02B070BD6946D7F7BF
:10B6F0003FF838B91E212046FFF7B7FF2846D6F796
:10B70000F3FCF1E74FF0FF304FF0FF31D5F798F839
:10B7100004460028F2D00E210C30FEF7F9FE00237B
:10B720000680C0F80A30BDF8003021464380BDF8DD
:10B7300002308380BDF80430C380BDF80630038139
:10B7400042F22000D5F72AF9D8E770B54FF0FF3262
:10B750000D464FF0FF3300210646D4F77FFD044627
:10B7600020B980F311880323184602DF022104F177
:10B770000C00FEF7CDFE06704570204670BD03310B
:10B7800038B5C9B205460E20FFF7DFFF0321044696
:10B790000C30FEF7BDFE0123A0F8015003702046D7
:10B7A00038BD70B505460E460F200421FFF7CDFFCA
:10B7B000042104460C30FEF7ABFE012206704270F5
:10B7C0004580204670BD072208B50AF000F8B0FA9F
:10B7D00080F0400908BD0B6803608B8883808B79FB
:10B7E00083717047D0E8AF0F7047F8B50F46144625
:10B7F00038BB4FF0FF304FF0FF31D5F721F8054649
:10B8000010B327210C30FEF783FE22460646394648
:10B81000FFF7E1FFC31D04F1100152F8040B8A4247
:10B8200043F8040BF9D11022002106F1170009F0AA
:10B83000BBFF2946BDE8F840002242F22700D5F7B9
:10B84000FFB86FF01500F8BD6FF06800FBE7037AF2
:10B8500002465B0705D501462E3211F8010BFFF7B2
:10B86000C4BF704738B54FF0FF3105464FF0FF3089
:10B87000D4F7E6FF044658B129460C30FEF757FED0
:10B880002146BDE83840002242F22D00D5F7D8B855
:10B890006FF0680038BD10B400F11003D3E8EF2F4B
:10B8A00022F40051C3E8E41F002CF7D1930403D520
:10B8B000012110BC00F010B910BC70472DE9F04117
:10B8C000D1F8048004460D4686B0B8F1000F1DD1B2
:10B8D000037A5B071AD50E68411C701CFFF773FFD3
:10B8E0002E36162241460746684609F05DFF1022B3
:10B8F0006946304609F06BFF58B137B9102230461F
:10B9000004F12E0109F063FF00B96C6006B0BDE8D8
:10B91000F081002FF9D1F9E700F1100208B50346D4
:10B920001046FFF75FFFC1050DD5D2E8EF0F40F4D9
:10B930000050C2E8E10F0029F7D11846BDE80840E1
:10B94000002100F0C9B808BD10B50C4630B919B1D6
:10B95000DAF710F900B1441C204610BD0024FBE7C3
:10B96000003818BF01207047027AD10704D522F0B1
:10B9700001020272D5F7B6BC7047014610B1013022
:10B98000D5F7BCBB704738B50546084655B149B137
:10B99000D5F78AFB044618B901212846D5F718FEC9
:10B9A000204638BD6FF01504FAE713B5044680B1A0
:10B9B00006216846E5F7AEFA48B99DF805306946B4
:10B9C00003F03F0320468DF80530FFF7DCFF02B09F
:10B9D00010BD6FF01500FAE72DE9F74F884601908A
:10B9E0004FF0FF314FF0FF30D4F72AFF0446002814
:10B9F00049D020210C30FEF78BFD002706460021A0
:10BA0000202209F0D1FE3946D8F8005006F1010B8A
:10BA1000D8F804309F4208D33170002221460198A3
:10BA200003B0BDE8F04FD5F70BB86A78881C13183F
:10BA30001F2B95F800C05FFA80F908D9BCF1090FF7
:10BA4000C9F11F0217D1002A15DD4FF0080C5FFA6B
:10BA500082FA0AF1010E0BF801E00131C9B20BF8CC
:10BA600001C069685844D14409F078FE01375FFA93
:10BA700089F10835CCE72046D3F776FE6FF0150044
:10BA800003B0BDE8F08F6FF06800F9E770B50646C7
:10BA90000D464FF0FF304FF0FF3186B0D4F7D0FEA7
:10BAA0000446B0B10C3095B10121FEF740FD2046AF
:10BAB00006F1100203A908230095D4F7AFFE002277
:10BAC000214642F20A00D4F7BBFF06B070BD2946FA
:10BAD000EBE76FF06800F8E7FFF7D8BF183006F023
:10BAE00050BAD5F7D9BF01F12003013813F8012D61
:10BAF0008B4200F8012FF9D1704700230B60436897
:10BB000013B9C0E900117047196041607047D0F85F
:10BB1000BC00003818BF01207047084689691830FA
:10BB20001160426800211A6010F80D2C09F03CBE2B
:10BB3000034610B5D3E8EF0F00EA0102C3E8E42F93
:10BB4000002CF7D110BDD0E8AF0F7047034610B5F9
:10BB5000D3E8EF0F40EA0102C3E8E42F002CF7D14D
:10BB600010BD38B5437B0446072B11D1051D4FF49A
:10BB700080612846FFF7EAFF420509D42846FFF70F
:10BB8000E2FFC30304D42046BDE83840FFF7E8BC19
:10BB900038BD2438D6F724BA002203680BB91846FA
:10BBA00070478B4210D10B6842B9426803609142E2
:10BBB00000D14360002301200B607047136043688D
:10BBC000994208BF4260F5E71A461B68E6E7036939
:10BBD0005BB1002200F11003D3E8EF0FC3E8E12FBF
:10BBE0000029F9D108B1D3F7BFBD704770B516462B
:10BBF0000D4601210446D6F725FA012E17D0022E54
:10BC000017D1236913B12046FFF7E1FF25612369AE
:10BC10001A8A012A40D9DB681B8804339BB29A42F6
:10BC20003AD32AD92046BDE87040FFF7D0BF20693B
:10BC300018B92046FFF7CBFF01E02A8A22B928462F
:10BC4000BDE87040D3F790BD018A438A46695B1A0C
:10BC5000C168891B5B1A9A4207D901460022204617
:10BC600000F005FA00232361E9E7E9680C30FEF7EC
:10BC700055FC2846D3F778FDC9E7002204F11003EC
:10BC8000D3E8EF1FC3E8E02F0028F9D12046BDE834
:10BC90007040012200F0EBB970BD034610B500F111
:10BCA000D0021046FFF74FFF60B1411CD2E8EF4FC2
:10BCB000844204D1C2E8EC1FBCF1000FF6D1F0D1F0
:10BCC000184610BD0346FBE710B5437B0446023B14
:10BCD000062B16D8DFE803F009041515150B09002B
:10BCE000017300212046D6F753FA002010BD0088CA
:10BCF000FFF710FC0028F9D1637B072BF5D1082151
:10BD0000F0E76FF07F00F1E710B50446D0F8A0002F
:10BD100028B9207A04F17001D9F780FF38B1E278B0
:10BD2000438A2AB903F02100003818BF012010BD52
:10BD300003F02400F8E72DE9F04183780446012B55
:10BD400040D1437B072B40D14BB2002B01F07F0544
:10BD500005DB427AAA423BD2827AAA4238D2261D19
:10BD6000304694F80A80FFF7EEFE002B074618DAFB
:10BD70004FF400413046FFF7E9FEA5722046D9F79F
:10BD80001DFB10F1780F054617D13B0484F80A809B
:10BD90000DD54FF400413046FFF7D8FE2846BDE8E8
:10BDA000F0816FF400413046FFF7C2FEE5E76FF423
:10BDB00000413046FFF7BCFEF0E70028EED0637A82
:10BDC000A372EBE76FF01505E8E76FF07F05E5E795
:10BDD0000025E3E78378012B0CBF407A00207047F1
:10BDE00038B5037A04468B42154615D100F170012F
:10BDF0000722284609F0EBFC80B1E378072243B91B
:10BE000004F17E01284609F0E2FCB0FA80F0400916
:10BE100038BD04F17701F5E70020F9E70120F7E7E5
:10BE200008B5D6F773FD10B1D6F75EF9012008BD4D
:10BE30008378012B0CBF70300020704782780B464E
:10BE4000012A0BD109885A88B0F8A6308B4203D159
:10BE5000B0F8A830934204D0FFF79DBB6FF01500F7
:10BE600070476FF077007047F8B507460D464FF002
:10BE7000FF304FF0FF31D4F7E3FC0646D0B10E217E
:10BE80000C30FEF745FB04460E22002109F08CFC25
:10BE90003B88314623802B88002263806B8842F2E6
:10BEA0001300A380AB88E380EB882381BDE8F840D2
:10BEB000D4F7C6BD6FF06800F8BD38B5034680788A
:10BEC0000A4601281FD11D1D2846FFF73CFEC0F37E
:10BED000C024000504D51846BDE83840D6F752BD49
:10BEE00009882846A3F88C105188A3F88E109188F1
:10BEF000A3F89410D2884FF40051A3F89620FFF7CE
:10BF000025FE204638BD6FF01500FBE7704703683B
:10BF10002BB141681A688B42026008BF42607047CB
:10BF2000704738B5406B0D4620B150F8084904B150
:10BF3000083C00B938BD43689B680BB12946984757
:10BF40002CB1A36803B1083B20461C46F1E7234609
:10BF5000FAE7F8B50E4600210746154600234FF2D2
:10BF600024420846D6F78AFE044630B104210C303C
:10BF7000FEF7CEFA0770467045802046F8BD38B50A
:10BF80000546006898B1407B072810D1087A01283F
:10BF900010D1C87A07280DD98A61CB6105F130002C
:10BFA00005F0A5FE2846D6F7E7FD002038BD6FF066
:10BFB0007F00FBE76FF01500F8E7406B28B1838B3B
:10BFC00008388B4201D08068F8E7704710B54AB94D
:10BFD00089B2FFF7F2FF28B143689B6913B1BDE84E
:10BFE0001040184710BD38B50D460521FFF7E5FF95
:10BFF000002329461A46FFF7C2FF044610B128461F
:10C00000D3F7B2FB204638BD38B50B8A0546032B63
:10C010000C4621D9042104F10C00FEF7A9FA238A69
:10C0200042889A4218D14178B1B10378012B13D0DC
:10C03000132B11D0022201202D68FFF78AFF04463E
:10C0400050B102210C30FEF763FA00232146037041
:10C0500043702846FFF7C7FF002038BD406B28B16A
:10C06000838908388B4201D08068F8E7704738B57B
:10C070000B8A0546032B0C4604D82046BDE8384001
:10C08000D3F772BB042104F10C00FEF771FA41886A
:10C090002846FFF7E3FF0028EFD0436821465B699D
:10C0A0009847EAE770470346006828B15968026874
:10C0B00088421A6008BF5A6070470346002003B9DF
:10C0C00070471A8A5B681044F9E710B5D4680231EA
:10C0D000237813B92170012010BD8B42FBD0038A55
:10C0E000023B038200201061F6E773B51446014657
:10C0F00005464FF49572206800F0A5FE207430B913
:10C100002946206800F0A9FF20B9082323740020E5
:10C1100002B070BD237903F07F02522A16D0A3F13A
:10C120001802534253419B000193E389294600932F
:10C13000AE68A389A2682068B047002808DBA389FD
:10C1400083420CD1002301202374E1E70223EBE7B3
:10C1500010F1FF0F03D34042C0B22074D7E70E2086
:10C16000FBE7F8B5936805460F461446166863B9B1
:10C17000506801210C30FEF7CBF9A0602B681B78CA
:10C18000002B14BF022301230370A3681B78012B2B
:10C1900003D0022B1FD000201CE02B681B78002B43
:10C1A000F9D1606804210C30FEF7B2F9E060078035
:10C1B0002A68E36852885A806168728D738B088A96
:10C1C0009A4294BFC0EB0200C0EB0300042894BF66
:10C1D00000200120F8BD2B681B78022BDBD16068A2
:10C1E00012210C30FEF794F9E06007802B68E268BA
:10C1F000591C0232113351F8040B994242F8040BD6
:10C20000F9D16168728D738B088A9A4294BFC0EB32
:10C210000200C0EB03001228D9E770B40668B26AC6
:10C220005AB3144654F8B03903B1B03B002211465A
:10C230007CB9438D408B8B4201D890421FD98242FA
:10C2400038BF02469942306838BF194670BCD8F7EB
:10C2500013BC844207D0658D648BA94238BF294640
:10C26000A24238BF224633B1D3F8B05005B1B03D39
:10C270001C462B46DCE71D46FAE71146D9E770BCA1
:10C280007047D0680431037813B9017001207047FA
:10C290008B42FBD0002091680B8A043B0B8210611B
:10C2A00070471FB5CDE9012300231A460093D7F745
:10C2B00019FF05B05DF804FB0022036803B970475D
:10C2C0008B420FD10B683AB942680360914200D1AA
:10C2D000436000230B60704713604368994208BFB6
:10C2E0004260F6E71A461B68E8E72DE9F04104468C
:10C2F0008868FFF7E2FE638B628D0D46934228BF8C
:10C300001346834226D30027E16501F10803D3E8F1
:10C31000EF8FC3E8E27F002AF9D1D6F78BFEEFF763
:10C32000B5F941462046D6F795FE064648B1C5F810
:10C330000880E765EFF7BAF9D6F786FE3046BDE824
:10C34000F081618D638B2846994228BF194600F021
:10C3500081FEEFE76FF07906F0E738B504460D4649
:10C36000D6F778FE30B1294604F16000BDE83840C8
:10C3700005F0BDBC38BD2DE9F041884617460121C6
:10C38000042205461E46D6F7AFFD044670B10421CF
:10C390000C30FEF7BDF880F80080A0F80170C67080
:10C3A00021462846BDE8F041FFF7D7BFBDE8F08140
:10C3B000F8B5CB6805461F88BBB2162B19D90321E7
:10C3C000D6F7F6FD0646B0B102210C30FEF7A0F814
:10C3D00000246FF008033146037044702846FFF7CD
:10C3E000BCFFF72328466B836F85FFF716FF2046B7
:10C3F000F8BD0420FCE70E20FAE7D0E8EF3F43F059
:10C400000802C0E8E12F0029F7D1C3F3C00070474C
:10C4100073B50D46044601F10C00FEF7B9F82B8AFE
:10C4200002460093EB68064612212046D6F79AFE94
:10C43000034660B9024613212046D6F755FD014652
:10C4400058B12046FFF789FF002002B070BD324688
:10C4500012212046FFF78FFFF6E71120F5E737B5E9
:10C460000C46054601F10C00FEF792F8238A0246BD
:10C47000009352212846E368D6F774FE002003B0EB
:10C4800030BD07B5CA680C211388528800920D226E
:10C49000D6F7A0FE03B05DF804FB07B50022CB6819
:10C4A0000A211B8800920B22D6F794FE03B05DF898
:10C4B00004FB70B504460E46002200230846EEF742
:10C4C00097FA054658B101462046D6F7C3FD044603
:10C4D00018B12946304605F01BFC204670BD6FF0B0
:10C4E0000104FAE72DE9F04342F60103002591B07B
:10C4F000D2F8008007460E4600680BA9D8F80490D1
:10C5000014468DF82C50ADF82E30FEF7EBFC0028C9
:10C5100000F082804FF4205338680BA98DF82C501E
:10C52000ADF82E30FEF7DEFC38B1A3681BB15A8897
:10C53000B24200D25E80012010E061680846FFF739
:10C54000BCFDB8F82A20B8F81A309A4294BFC0EB64
:10C550000200C0EB0300032803D8002011B0BDE89F
:10C56000F0830846FDF79AFF054661680846FFF725
:10C57000A4FD6B8A2A8AA3EB020C6B69EA68D21AC3
:10C58000ACEB0203B8F81AC0B8F82A20944594BF5F
:10C59000C0EB0C00C0EB0200834228BF03466BB91E
:10C5A000887AD3F73DF800220023FDF749FF0546BE
:10C5B0000028D2D001466068FDF781FF0023009378
:10C5C0003946D7F804801023484602AAC047071E00
:10C5D00022DB227CE068BA421AD001460BA8FEF7A3
:10C5E000AEFCC8B1FAB202A906A8FEF7A8FC98B141
:10C5F00006A90BA8FEF776FC70B90023042163742A
:10C6000005F10C00FDF784FFA0600680A36891E7A8
:10C6100002A909F0DCF8EFE70023A3608BE72DE91E
:10C62000F04F064685B0104690469946FFF745FD07
:10C63000738B728D8B46934228BF1346834275D904
:10C64000736840460393FDF729FF4FF0000A044644
:10C650004046FFF732FDE168228A658A6369AD1AB8
:10C66000CB1AED1A778B738D9F4294BFC0EB0700F6
:10C67000C0EB0300854228BF054625BB98F80A0099
:10C68000D2F7CEFF00220023FDF7DAFE044608B9F8
:10C69000574627E001464046FDF711FF4046FFF7A9
:10C6A0000CFDE168228A658A6369AD1ACB1AED1A1E
:10C6B000778D738B9F4294BFC0EB0700C0EB0300E4
:10C6C000854228BF0546CDF80090DBF804700A4487
:10C6D00003985946ABB2B847071E07DABAF1000F04
:10C6E00018BF5746384605B0BDE8F08F0E9BABB972
:10C6F000394604F10C00FDF70BFF4046FFF7DDFC67
:10C70000738D728BB944934228BF13468342BA4457
:10C710001FFA89F9BCD9AF429AD0B9E73946204609
:10C720000F9A0E9B98470028E2D1B1E70027D9E77E
:10C7300000232DE9F34117681446D7F80480014619
:10C74000137306469522404600F07DFB0546207394
:10C7500030B93146404600F07EFC28B908232373E7
:10C76000002002B0BDE8F081A068798B7A8D038A41
:10C77000914294BFC3EB0103C3EB0203012BEFDD36
:10C7800002210C30FDF7C4FECDE900558046A38898
:10C7900031463846A268FFF742FF031E06DA13F15E
:10C7A000FF0F2ABF5B420E23DBB2D8E70120A8F8B7
:10C7B0000030D6E700232DE9F34117681446D7F877
:10C7C00004800146137306469522404600F03BFB69
:10C7D0000546207330B93146404600F03CFC28B98C
:10C7E00008232373002002B0BDE8F081CDE9005595
:10C7F00031463846A388A268FFF711FF002807DA00
:10C8000010F1FF0F32BF0E204042C0B22073E9E7A3
:10C810000120E8E7F8B5054650F8044C071F00F181
:10C820005403D3E8EF1F21F00401C3E8E21F002AFC
:10C83000F7D1FCB1AB6D83B9636873B1201DFFF70D
:10C8400032FC064601463846FFF74FFD90B163685B
:10C850003360A368666003B9A660384605F15C01E1
:10C86000FFF727FE30B1384604F10C01BDE8F8406F
:10C87000FFF71FBEF8BD2DE9F041846A074644B1B9
:10C8800054F8B06906B1B03E0022154607F104081D
:10C890000CB9BDE8F081E36D9BB905B98AB9404692
:10C8A000FFF701FC054658B101462046FFF71DFD84
:10C8B0000028EED07B682B60BB687D6003B9BD604B
:10C8C000224636B1D6F8B03003B1B03B34461E46EE
:10C8D000DEE73346FAE708B5437B072B01D000209B
:10C8E00008BD0421FFF7BAFB0028F8D000F154037B
:10C8F000D3E8AF3FDB07F2D550F8040CF0E738B5CA
:10C900000546D1E8AF3FDB0716D550F8040C98B1C7
:10C91000AB6D8BB90430FFF7C6FB044660B101462E
:10C92000281FFFF7E2FC38B155F8043C5A68226032
:10C930009A685C6002B99C6038BD70B50E461546B9
:10C94000FFF7C9FF78B1836A6BB1184650F8B03968
:10C9500003B1B03B691C428D448BA24228BF2246E2
:10C96000914202D93BB9002070BD2A463146BDE84C
:10C970007040D6F7B9BAD3F8B04004B1B03C18460D
:10C980002346E8E7D7F73CBB10B504467C38D7F719
:10C99000EDF854F87C0C1321BDE81040FFF794B972
:10C9A00070B550F8043C0446061F002B31D029B165
:10C9B000836D73B31B7C63B305231DE005682846B4
:10C9C000D8F77AF86B7A012B23D0A46D0CB3237CB3
:10C9D000FBB1E368002BEFD030466269617CD6F78B
:10C9E00083FA054638B1D4E90512E368984750B197
:10C9F0002846D2F7B9FE0E2300223046BDE870402B
:10CA00001146D7F77DB829463046D6F723FB0028D4
:10CA1000EED170BD08B500230A8AC968D7F770F84F
:10CA2000002008BD70B50D46FFF755FF044628B934
:10CA30002846D2F799FE6FF07F0070BD00F10C061A
:10CA40002946304605F053F9A46AC4B154F8B059E8
:10CA500005B1B03D0022104607E022467DB1D5F871
:10CA6000B03003B1B03B2C461D46831C01D1002AD7
:10CA7000F4D131462046FFF71CFD0028EDD10020FF
:10CA8000DBE738B505460C46D6F7D4FAEEF7FEFDDF
:10CA90002846FFF720FF30B9EEF708FED6F7D4FAA4
:10CAA0006FF07F0038BD0023236083684BB9C0E975
:10CAB0000144FFF7E0FEEEF7F9FDD6F7C5FA0020D6
:10CAC000F0E71C608460F4E710600020704710B548
:10CAD000029CA36833B1B1F5807F28BF0E21CAB292
:10CAE00021469847A37DE268013BDBB2A37522B1E2
:10CAF0001BB92046BDE81040104710BD1060918062
:10CB00000020704700207047072208B508F05FFE3C
:10CB1000B0FA80F0400908BD10B50378044693428E
:10CB200007D10130FFF7F0FF002814BF2046002096
:10CB300010BD0020FCE70B6803608B8883808B7935
:10CB40008371704702460146042311F8010B083235
:10CB5000D3F78CBA034610B5D3E8EF0F40EA0102D1
:10CB6000C3E8E42F002CF7D110BD70B50D46064682
:10CB700011F8010BD5F7CAFE044620B12C8904F048
:10CB80000304D5F7B1FA6B89A34207D0EB686C8137
:10CB900023B121463046BDE87040184770BD10B53E
:10CBA000144652B900F17001007AD7F751F820B15C
:10CBB0008460BDE81040FFF7C5BF10BD10600020C5
:10CBC000704710B5D7F744F8044640B1014611F854
:10CBD000010BD3F759FA002323606360A36010BDF3
:10CBE00070B500F1700605463146007AFEF789FC03
:10CBF00004463146287A1CB1BDE87040FFF7E1BF1A
:10CC0000D7F726F810B104604460846070BD9307C4
:10CC100010B508D5002300F170011A46007AD7F745
:10CC200039F9022010BDFFF7DBFFFAE738B5BDF890
:10CC30001010BDF818401046A142059D0CD84CB10B
:10CC40006DB1641A9C42A8BF1C46A4B22246294476
:10CC500008F084FD204638BD6FF00604FAE76FF057
:10CC60000D04F7E770B5CC6886B02678BDF828507B
:10CC700066B96488ADF81640022402940DF11604DA
:10CC8000CDE90054FFF7D2FF06B070BD1026013485
:10CC90000296F5E7F0B50C4687B0C968054616461A
:10CCA0001F46D7F773F800B10089022302930DF1F4
:10CCB00016030193BDF83030ADF8160000933246EC
:10CCC0003B4621462846FFF7B1FF07B0F0BD13B53C
:10CCD000044610B9002002B010BD00238DF80430C6
:10CCE00042F60303006801A9ADF80630FEF7FAF832
:10CCF0000028EFD1E36898880028ECD12046D7F7C8
:10CD0000C1F9013080B2E6E72DE9F041CC689846E0
:10CD1000A3798AB0064608468DF814300D461746AA
:10CD2000FFF7D5FFADF815002468237893B9638821
:10CD3000ADF817300523029305AB0193BDF84030E1
:10CD40003A460093294643463046FFF76FFF0AB044
:10CD5000BDE8F081631C0DF11702113453F8041B78
:10CD6000A34242F8041BF9D11323E4E71FB5CDE930
:10CD7000012300231A460093D7F7B4F905B05DF8F4
:10CD800004FB38B5044671B100F170052946007AFC
:10CD9000D7F74EFB2946207AD6F75AFF18B1BDE8DF
:10CDA0003840FFF7CFBE38BDF8B506460F46D6F778
:10CDB0008BFF394605463046FEF7A3FB00B3FDB1B5
:10CDC00005F10804D4E8EF3F23F00102C4E8E12FA5
:10CDD0000029F7D1DB0703D539463046D7F728FBC2
:10CDE000D4E8AF3F63B92A4602F8013BC5F80130E9
:10CDF000C2F80330D4E8EF2FC4E8E13F0029F9D1AD
:10CE0000F8BD38B5A0F14705441C15F8010C2946BA
:10CE10000C35FFF7C9FFA542F7D138BD002313B584
:10CE20008DF8043042F60303044601A90068ADF80A
:10CE30000630FEF757F818B92046D7F761FB0446CD
:10CE4000204602B010BD38B54C8AD3070546C4F35E
:10CE50000E0404D514F0950F2AD04B6843B3900705
:10CE600004D514F4957F25D08B681BB3144014F4BB
:10CE7000DE7F0DD0EB7A2BB92846FEF745FFD8B9F7
:10CE8000052038BD14F0300F04D114F4C07F07D151
:10CE90000020F6E72846FEF79DFF0228F5D8EFE7C9
:10CEA000D5F8A030002BEBD05B7CDB06E8D5EFE7B4
:10CEB0000220E6E70320E4E70F20E2E72DE9F04156
:10CEC000437B0646072B0C46154686B040F085800E
:10CED00000238DF8143042F60303206805A9ADF84D
:10CEE0001630FDF7FFFF90B96768002F75D001235A
:10CEF0002146009004AAB84701286ED19DF8103051
:10CF000013F0300F69D02046D7F7FAFA0446002311
:10CF100020688DF8143042F6021305A9ADF81630DA
:10CF2000FDF7E0FF18B12046D7F7EAFA04460027DC
:10CF300042F60218206802A98DF80870ADF80A8040
:10CF4000FDF7D0FFF8B9002320688DF8143042F6C1
:10CF5000021305A9ADF81630FDF7C4FF00283CD137
:10CF60006768002F39D0009002232146304605AA79
:10CF7000B847022831D1BDF8143005EA0300003863
:10CF800018BF01202AE042F60303206803A98DF8A8
:10CF90000C70ADF80E30FDF7A5FF0028D3D04FF48C
:10CFA0002053206804A98DF81070ADF81230FDF7F9
:10CFB00099FF0028C7D042F60103206805A98DF823
:10CFC0001470ADF81630FDF78DFF0028BBD0204659
:10CFD000D7F796FA04460028ACD1002006B0BDE889
:10CFE000F081F8B514460F46942261680646FFF7B3
:10CFF0002AFF20BB012230466168FFF75FFF08B3BC
:10D00000A2891B2130460232FFF797FC0546E0B1AA
:10D01000A1890C300231FDF77BFA20F8027BA2894E
:10D02000A16808F09BFBD4E9041228460123D6F737
:10D03000FDFD29463046BDE8F840FFF7F3BC4FF050
:10D04000FF30F8BD6FF01500FBE76FF00B00F8E75D
:10D05000012070477047012070470120704713B5C9
:10D06000C068144668B100238DF804304FF4C053F3
:10D0700001A9ADF80630FDF735FF10B9236801337B
:10D080002360012002B010BD0720704708B50621BB
:10D09000FEF7E4FF00B1EC3808BD01238B40D0E877
:10D0A000EF2F1A43C0E8E12F0029F8D1704708B5E7
:10D0B0000E21FFF7F2FF002008BDD0E8AF0F0841B6
:10D0C00000F00100704738B50A46034609B901204F
:10D0D00038BD488A10F0240FF9D0197D5D7B147C8F
:10D0E000A94228BF29468C4201D90020F0E78006DA
:10D0F00007D4517CC9070BD4187A003818BF012017
:10D10000E6E70521181DFFF7D8FF0028F1D1ECE76D
:10D11000197A0029E9D00521181DFFF7CEFF18B9AB
:10D12000197A01390129E0D9527CD207CFD4E3E73B
:10D13000034610B5D3E8EF0F00EA0102C3E8E42F7D
:10D14000002CF7D110BD10B501248C40E143FFF74E
:10D15000EFFF2040003818BF012010BD38B505464C
:10D160000B4604300D21FFF7A8FFA0B1DC68D5F80D
:10D17000EC300220197A03F1700200F080FB80B1DC
:10D18000224600F12E0304F1100152F8040B8A42EA
:10D1900043F8040BF9D128460921FFF77EFF002050
:10D1A00038BD0820FCE70720704738B50421044645
:10D1B000D7F79AFD054698B110210C30FDF7A8F974
:10D1C00004F1270304F1370253F8041B934240F89B
:10D1D000041BF9D120462946D7F768FD002038BD49
:10D1E0000820FCE72DE9F047044690B00CAD102272
:10D1F0000021284608F0D8FA237A052B1ED8DFE84C
:10D2000003F0060303061D21D4F8D8300C93D4F89C
:10D21000EC3004F1470204F1C707CDE9017204F1D3
:10D22000370803F17E0204F12709009241464A467D
:10D23000773304F19700D8F7EDFD98B1082010B0CE
:10D24000BDE8F087D4F8E430002BE0D02E4603F19F
:10D250001007324618685968083303C2BB421646A5
:10D26000F7D1D4E7D4F8EC3008AE03F177027E337F
:10D27000019304F111030292009342462B46494662
:10D280003846039600F067FB0028D7D1237A052B98
:10D290000FD1D4F8E010002948D00B46AC4601F17C
:10D2A000100E624618685968083303C273459446E5
:10D2B000F7D1D4F8EC300DF1100A03F17E02773388
:10D2C000019304F10A03029200934A462B46414619
:10D2D0003846CDF80CA000F03EFB0028AED110225D
:10D2E000514604F1B70008F072FA20BB0D21204628
:10D2F000D7F7FAFC07460028A0D010210C30FDF724
:10D3000007F932460346164603CEAE42186059600E
:10D31000324603F10803F6D139462046D7F7C6FC5A
:10D32000201D0121FFF7B9FE002088E710222846C2
:10D3300008F03AFABDE70B2081E707207047072085
:10D3400070470720704738B504460025031DD3E811
:10D35000EF2FC3E8E15F0029F9D104F5A07004F0D4
:10D3600010FE2572D4E8EF3FC4E8E25F002AF9D14D
:10D370002046BDE838400121FFF78FBE70B5D0F8D8
:10D38000EC300446DB78012B1AD1CD68061D6FF412
:10D3900080313046FFF7CCFE2B4604F1B70205F191
:10D3A000100153F8040B8B4242F8040BF9D107210A
:10D3B0003046FFF782FE28B109213046FFF76DFEA7
:10D3C000002070BD0A213046FFF777FE0028F3D118
:10D3D0002046BDE87040FFF705BF70B5061DCD685B
:10D3E00004466FF400613046FFF7A2FE2B4604F1BD
:10D3F000170205F1100153F8040B8B4242F8040B9D
:10D40000F9D1237A012B09D0022B13D12046042114
:10D41000FFF743FEBDE87040D7F738BD0A2130461C
:10D42000FFF74BFE0028F1D030460021FFF735FE14
:10D43000002070BD0820FCE770B500F170060546BD
:10D440000C4607223046096808F0C1F9B8B963688C
:10D450001A682A679A88A5F874209B7985F876302F
:10D46000D5F8A0305BB1A268934208D06268116819
:10D47000C3F801109188A3F805109279DA7170BD94
:10D480002DE9F84FDDF82C80044692461F46BDF882
:10D490002890FFF7FBFD054600285CD0061DB9F17A
:10D4A000000F27D15AEA070324D103213046FFF7A2
:10D4B00004FEF8B101213046FFF7FFFDD0B12C7D0D
:10D4C0006B7B05F147019C4228BF1C462246404623
:10D4D00008F044F90F2C06D84946C4F1100208EBB5
:10D4E000040008F061F930460121FFF7D6FD012064
:10D4F000BDE8F88FD4F8A03083B904F1700B5A4618
:10D500002020217AD8F712FBC4F8A00030B95A467F
:10D510000120217AD8F70AFBC4F8A000B9F1000F66
:10D520000CD15AEA070709D1D4F8A01031B14B8ABF
:10D530009B0603D50C7C1E312246C8E70F213046DE
:10D54000FFF7BBFD20B1022206212046D5F77CF96A
:10D550002846FFF7F8FE0020CAE76FF08500704705
:10D56000F8B5031D06460F4618460221FFF7A5FD34
:10D57000044620B1B6F8E840B4FA84F46409032103
:10D580001846FFF79AFD58B139463046D7F7F2FFF3
:10D59000052194B1D6F8EC00FEF796FB0020F8BD0B
:10D5A00001211846FFF789FD0028EDD10F2118460B
:10D5B000FFF783FD0028E7D1EAE73046D7F794FB71
:10D5C000054688B101210C30FCF7A2FF2346077005
:10D5D0002246294606F1EC00FEF7D1FC0028DDD0FA
:10D5E0002846D2F7C1F8D9E76FF06800D7E770B5E1
:10D5F00004460820D7F7E4FA0546F8B1061D6FF493
:10D6000080713046FFF794FDCCB36FF08001304657
:10D61000FFF78EFD234605F1970204F1200153F830
:10D62000040B8B4242F8040BF9D10A213046FFF774
:10D6300044FD70B109213046FFF72FFD0720D7F7D1
:10D64000BFFA0446E8B1D7F781FCD0B108212046E3
:10D6500012E010213046FFF730FD09210028EAD101
:10D660003046FFF72AFD0028E8D02846FFF7BAFD2C
:10D6700001460028E2D02846FFF772FFDEE70B21C3
:10D68000F9E770BD2DE9F0410E460446D0F8EC8074
:10D69000D7F7A6FAF768261D05460A213046FFF798
:10D6A00052FD38B16DB920463978D7F763FF0020B5
:10D6B000BDE8F0810B213046FFF745FD0028F1D190
:10D6C000F1E72B69002BEED040469847EBE770B5A9
:10D6D0000446A0F1EC0650F8543BE83CD3F8A050C7
:10D6E00004F04FFC03212046FFF7E7FCA0B108211E
:10D6F0003046D7F73FFF3DB16B8A13B16B7C9B0778
:10D7000002D5284600F0CFF83046BDE870404FF40F
:10D71000BC72002108F048B801212046FFF7CDFC7B
:10D720000028E4D10F212046FFF7C7FC0028DED1F6
:10D73000E1E710B504460821A0F5A070D7F71AFF5D
:10D74000A4F59E700421BDE81040FFF7A6BC70B59B
:10D750000446FFF79BFC0546002875D0061D0321F3
:10D760003046FFF7AAFC00286ED0D4F8A00008B11C
:10D7700000F099F8207A04F17001D8F7FFF8C4F8A6
:10D78000A00028B92846BDE870400821FFF7E8BE90
:10D790000E213046FFF791FC28B1D4F8A020537C2D
:10D7A00043F0020353742B7A032B0DD8002B4CD17A
:10D7B000D4F8A020537C23F020035374D4F8A02085
:10D7C000537C23F001030DE0053B012BF0D8D4F886
:10D7D000A020537C43F020035374D4F8A020537C42
:10D7E00043F0010353742B7D697BD4F8A0208B4256
:10D7F00028BF0B46304613740521FFF75EFCD4F8B2
:10D80000A020537C40B343F010030D2130465374E5
:10D81000FFF753FCC0B12021D4F8A00000F03FF87E
:10D82000D4F8A03005F147021E33573552F8041BD7
:10D83000AA4243F8041BF9D10023D4F8A020536175
:10D840009361D4F8A020938370BD05213046FFF783
:10D8500034FC0028ACD0C0E723F010035374F3E786
:10D86000072208B507F0B3FFB0FA80F0400908BD01
:10D87000037A5B0702D40121D3F7FABC704770B575
:10D8800004460D461646D8F751F938B931462846B0
:10D89000D8F774F810B1438A1C43448270BD438AA0
:10D8A00019434182704710B5037A04465B0701D5DE
:10D8B000FEF763F8214611F8010BD2F763FC20460E
:10D8C000BDE810404822002107F06EBF0246014625
:10D8D0003C2311F8010B0C32D2F746BC531E1944FD
:10D8E000024411F8013900F8013B9042F9D1704728
:10D8F00010B5431E00F11002073013F8011F12F893
:10D90000014D83421C701170F7D110BDF0B50E4669
:10D9100014461D4697B00146202205A81C9FFFF71C
:10D92000DDFF202231460DA8FFF7D8FF2146102247
:10D9300001A88DF85450FFF7D1FF3B46412205A9BD
:10D9400001A8D8F7FDFA044610B93846FFF7D0FF12
:10D95000204617B0F0BD2DE9F04316461D4697B09E
:10D960000446DDE91F98102205A8219FFFF7B6FFA6
:10D970001022314609A8FFF7B1FF102229460DA851
:10D98000FFF7ACFF03221E9911A8FFF7A7FF494636
:10D9900011F8013BD9F801008DF847308B88062239
:10D9A000129012A8ADF84C30FFF798FF414611F8DD
:10D9B000013B06228DF84E30D8F801300DF14F00B2
:10D9C000CDF84F308B88ADF85330FFF787FF2146F5
:10D9D000102201A8FFF782FF3B46412205A901A8BA
:10D9E000D8F7AEFA044610B93846FFF781FF204653
:10D9F00017B0BDE8F08300690021043010470369C7
:10DA0000D86A00F007007047006911460430FCF73F
:10DA1000D5B800690430FCF71CB910B5046911468B
:10DA200004342046FCF735F910F1780F04D1204674
:10DA3000BDE81040FCF70DB910BD1046EDF706B873
:10DA4000EFF31182202383F31288036803F0C003ED
:10DA500043F00203036082F311887047F8B504694C
:10DA60004668EFF31185202080F31288E06A00F009
:10DA70000707012F08D1E36285F31188C4E9091271
:10DA8000336898470020F8BD00F0C000834285F35A
:10DA900011880CBF6FF077004FF0FF30F3E71146AD
:10DAA0001A468023FFF7DABF10B50469EFF311823D
:10DAB000202383F31288E36A13F0C00306D099424F
:10DAC00004D082F311884FF0FF3010BD0123E362D0
:10DAD00082F3118843685B6898470020F5E780214E
:10DAE000FFF7E2BF70B504460D4650F8040C402124
:10DAF000FFF7DAFF2B4601462046BDE87040184785
:10DB0000002170B5036904465D6A596200692C30D2
:10DB1000FFF796FF35B1236920469A6A2B46BDE888
:10DB20007040184770BDE6F75DBC08B5E6F706FD26
:10DB3000BDE8084002F040BAE8F7E4BE38B5084650
:10DB40001446EFF31185202383F312881146E9F779
:10DB500051F985F31188002808BF204638BD08B563
:10DB60000023FFF7EBFF00EAE07008BDE9F728B9F2
:10DB7000436800205B68DB680B607047436802EA1B
:10DB800001005B6821EA020158600020996070473B
:10DB9000436800205B6859607047436800205B68F9
:10DBA0009960704743685B681A6821EA0200114077
:10DBB000586000209960704730B50369586800B319
:10DBC0000024884219D108688CB99C685860A14229
:10DBD00000D19860002008602AB15A680A609A68EB
:10DBE000596002B9996000200FE02846E9E72060FB
:10DBF0009868814208BF9C60ECE705680446002DE8
:10DC0000F3D1002AE9D16FF0150030BD0020704734
:10DC1000E9F77CBA1346F0B4DA028768066907D5DB
:10DC200013F4402F1EBF43F3000202F4402253407E
:10DC30001F2923F480120AD8012534688D40DB07A0
:10DC40004CBF2C43AC4334603B68F0BC18476FF0CA
:10DC50001500F0BC7047034637B500681C7983682F
:10DC600001A95B680569984740B92B68019858403D
:10DC70000123A3401840003818BF012003B030BD75
:10DC800070B547F6122C0C4651F8043C40F2E730D0
:10DC900000215B684FF47A721D680023E5FB0C01DC
:10DCA000C3F75CFC02460B4604F11400BDE870406B
:10DCB000EDF77AB92DE9F0470D464468036929B1BB
:10DCC000012934D06FF08500BDE8F0870122D3E848
:10DCD000EF1FC3E8E02F0028F9D14FF00C0863686C
:10DCE000AB4201DC0020EFE708FB05F7D4F8089011
:10DCF000637D09EB07061BB1237D4BB90135EEE7C8
:10DD00004FF400113046E7F775F80028F4DADBE746
:10DD1000022B14BF00233023F28859F80700317911
:10DD200022EA0302FFF776FF0028E7D0CCE70025C0
:10DD3000E668D3E8EF2FC3E8E15F0029F9D10C27AB
:10DD40004FF0480906F1100863689D42CADA07FBE4
:10DD500005F3A268217D02EB030A81B9637DD3B983
:10DD60005046FFF778FF09FB05F34FF0E86108F82C
:10DD700003005046E7F73EF8002820DAA4E7D05821
:10DD8000BAF806209AF8041042F48032FFF742FFF6
:10DD90000028E3D098E747F6122E40F2E730002142
:10DDA000D4F800C04FF47A720023ECFB0E01C3F7E5
:10DDB000D5FB02460B4606F11800EDF7F5F80135E4
:10DDC000C2E7292828D00FD80F2821D006D8072845
:10DDD00018D00A281AD06FF015007047142819D0EF
:10DDE0001F28F8D102230EE0FA2819D005D83E28C2
:10DDF00014D07D28EFD1042305E0B0F5FA7FEAD1F5
:10DE0000062300E0002300200B7070470823FAE788
:10DE10000123F8E70923F6E70A23F4E70323F2E7EF
:10DE20000523F0E7022307B549BAADF8041001AAAB
:10DE3000194601F045FB03B05DF804FBD0E8AF0FD5
:10DE40007047ECF799BC006900F5FC7100F50270B1
:10DE500004F06AB813B501230C4601AA152101F09C
:10DE60005CFB20B99DF804305B085B42238002B064
:10DE700010BD38B504F0EAF94FF47A74A0FB04053C
:10DE800047F61222002304FB0151C3F767FB38BD9C
:10DE900037B501230D460DF1070240F6890104460E
:10DEA00001F083FB00280EDB9DF807306DB103F015
:10DEB000FB038DF8073040F68901012320460DF160
:10DEC000070201F048FB03B030BD43F00403F0E764
:10DED00030B549BA85B0ADF8081000219DF8205042
:10DEE0008DF80A108DF80B208DF80C308C2106234C
:10DEF00002AA04468DF80D5001F0E2FA00281BDB5F
:10DF0000012340F2367120460DF1070201F04DFB6E
:10DF1000002811DB9DF80730012D0CBF03F0FB0337
:10DF200043F004038DF8073040F236710123204698
:10DF30000DF1070201F00FFB05B030BD13B5046908
:10DF40000A4694F83B30A18E94F8394083F00103DF
:10DF50000094FFF7BDFF02B010BD012307B59D215E
:10DF60000DF107028DF8073001F0AAFA03B05DF851
:10DF700004FB13B502230C4601AA122101F0CDFACD
:10DF800018B9BDF804305BBA238002B010BD00237D
:10DF900007B580218DF807300DF10702012301F04C
:10DFA0008FFA03B05DF804FB30B40346006870B12B
:10DFB00019791F298568046909D8012223688A40D4
:10DFC00023EA020323602B68002230BC184730BCD0
:10DFD00070477FB50C46092340F29F2101AA0546F0
:10DFE00001F0E3FA00282BDB9DF804300021052B1B
:10DFF00028BF002301A8CAB2934217D8042B1FD010
:10E000005A1C02218DF80420012213FB012308224F
:10E0100010336B4403F80C2C03F80B4C40F29F2197
:10E020000923284601AA01F096FA09E0024646783B
:10E030009278013142EA0622A24200F10200DAD1CE
:10E0400004B070BD03460A4600681979012303FA3B
:10E0500001F103691B68194218BF82F0010283684D
:10E060000AB1DB6818471B69FCE72DE9F0414568F8
:10E0700006460F461446D0F8108001F05BF96B6D30
:10E0800033B105F15400CCB998F8C612FFF7DAFFA6
:10E0900095F85F30B3B16B6C2BB107EA040105F161
:10E0A0004400FFF7CFFFEB6C9BB105F14C003FB193
:10E0B00084F00101BDE8F041FFF7C4BF0121E5E7AD
:10E0C0003946F7E7224639463046BDE8F04101F0CF
:10E0D00038B9BDE8F081ECF7F1BBD0E8EF3FC0E81C
:10E0E000E21F002AF9D17047002110B5044680F8DC
:10E0F000C81200F53370FFF7F0FF04F53470FFF736
:10E10000ECFF04F53570BDE81040FFF7E6BFD0E83E
:10E11000EF3F0133C0E8E23F002AF8D17047F7B57E
:10E1200091F83D20054691F83E00002A0C4614BFA8
:10E130001646022678B991F83210208EE7F776F865
:10E1400094F93C333BB118443028A8BF30200C2848
:10E15000B8BF0C20C0B294F83D73002F08BF07462B
:10E160002846FFF714FF002830DB94F83F308DF885
:10E170000060002B08BF0A2300268DF802306A4693
:10E180000723882128468DF801708DF80360ADF8CB
:10E1900004608DF8066001F093F9002816DB4FF457
:10E1A000C0712846FFF73EFE01213246284684F81A
:10E1B0003413FFF75AFF33463246C521284601F093
:10E1C0007FF90028ACBF304684F8346303B0F0BD5B
:10E1D0002DE9F047804692460E46056939B90C464E
:10E1E000C5E9C41185F834132046BDE8F08795F8D9
:10E1F0004030D3B3012305F11407D7E8EF2F002AED
:10E2000003D1C7E8E13F0029F7D115D105F118097D
:10E210004FF0FF324FF0FF334846FFF712FE404603
:10E22000E6F7F4FF044698B14846FFF754FF002193
:10E230003846FFF752FFD7E7D7E8EF2F032A03D17D
:10E24000C7E8E13F0029F7D1E0D06FF00F04CBE73A
:10E2500029464046C5E9C46AFFF761FF04464846BF
:10E26000FFF739FF002CBFD0E1E76FF01504BBE7E3
:10E270002DE9F74F0569019395F84030074692461E
:10E28000002B7BD0012305F11406D6E8EF2F002ADE
:10E2900003D1C6E8E13F0029F7D115D105F11808EF
:10E2A0004FF0FF324FF0FF334046FFF7CAFD3846CC
:10E2B000E6F7ACFF0446B0B14046FFF70CFF002183
:10E2C0003046FFF70AFF0AE0D6E8EF2F032A03D112
:10E2D000C6E8E13F0029F7D1E0D06FF00F042046F7
:10E2E00003B0BDE8F08F05F5467B5846ECF706FC19
:10E2F0006FF07303C5F8104329463846C5F830332C
:10E30000FFF70DFFA14604464046FFF7E4FE002C50
:10E31000D5D152465846019BECF7D0FB0446E8B1F4
:10E320004FF0FF324FF0FF334046FFF78AFD38468B
:10E3300085F83493FFF72BFE4FF4C0713846FFF792
:10E3400071FD4046FFF7C7FE49463046FFF7C5FE60
:10E3500014F10B0F08BF6FF07304C0E7D5F830332A
:10E36000002B09DD95F8353333B103213046FFF733
:10E37000B4FED5F83043B2E70021F7E76FF015049B
:10E38000ADE71FB50B0C8DF80830C1F307238DF8EE
:10E390000930130C8DF80B30012352BA8DF80A1096
:10E3A000ADF80C209F210DF1070204468DF80730CF
:10E3B00001F086F8002805DB06239421204602AAF6
:10E3C00001F07EF804B010BD70B5002680F8086337
:10E3D0000546E6F713FE4400FA2C38BFFA2431460E
:10E3E00040F2E73047F612264FF47A720023E4FB3E
:10E3F0000601C3F7B3F802460B4605F5027005F5B2
:10E400003671BDE87040ECF7A1BD37B50C4640F25F
:10E41000FF310546FFF706FD2046FFF765FE94F83D
:10E42000C432D3B1D4E97B122846FFF7AAFF2046B5
:10E43000FFF7CAFF2B6940F6AC0193F8C72294F8A6
:10E44000C53228465B0043EA82038DF8043001AAF6
:10E45000012301F080F803B030BD4FF6FF73822135
:10E46000ADF804308DF806302846032301AA01F0E8
:10E4700027F8DFE700232DE9F341ADF8063010F867
:10E48000143CA0F536740546D4F8C072002B67D052
:10E49000A0F53170FFF7D2FC032861D194F8C8329F
:10E4A000FBB1002384F808332046E6F7A7FD4400BB
:10E4B000FA2C38BFFA2447F6122640F2E730002142
:10E4C0004FF47A720023E4FB0601C3F747F80246D3
:10E4D0000B462946A5F1D00002B0BDE8F041ECF7AB
:10E4E00009BD384601F00BF980460028D9D1A5F5C1
:10E4F0003076002200233046FFF7A3FC10B184F8E9
:10E500000883D1E7384601F0FAF8B8B938460DF17A
:10E510000601FFF72EFD88B9BDF806305A070DD564
:10E52000DB060BD494F808330133DBB2012B84F8FB
:10E53000083307D83046FFF7CEFDB5E7002384F84F
:10E540000833F7E705F13400FFF7E1FD21463846CF
:10E55000FFF75BFF304602B0BDE8F041FFF7BBBDFF
:10E5600002B0BDE8F08107B501238DF807100DF169
:10E5700007028A2100F0A4FF03B05DF804FB07B591
:10E580000369490093F8C7320DF1070241EA83019C
:10E590008DF80710012340F6AC0100F0DCFF03B05A
:10E5A0005DF804FB042337B5056904461435284695
:10E5B0008DF80730FFF742FC0146A0B1002120464C
:10E5C00001F0B6F8002220461146FFF74EFD8421E7
:10E5D000012320460DF1070200F072FF014610B939
:10E5E0002846FFF77AFD084603B030BD2DE9F04F0D
:10E5F000046987B0DDF8489004F118070546DDE9A5
:10E60000108B16469A464FF0FF324FF0FF333846D4
:10E61000FFF717FCB9F1000F28D104F5F470C4E935
:10E620007899FFF774FD204684F8C492FFF75CFDEB
:10E6300001231434D4E8EF2F032A03D1C4E8E13FC7
:10E640000029F7D10CD1284601F059F810B128461D
:10E6500000F0C0FE2846FFF79AFC2846FFF7A2FF0D
:10E660003846FFF738FD4FF0000B07E094F84030D4
:10E6700043B93846FFF72FFD6FF0150B584607B02A
:10E68000BDE8F08FBAF1FF3F08BFB6F1FF3FF0D011
:10E69000BBF1FF3F08BFB8F1FF3FEAD0F602B6F585
:10E6A0007A4F28BF4FF47A734FEAC8282CBFB6FBC5
:10E6B000F3F64026B8F57A4F28BF4FF47A7304F189
:10E6C000140A50462CBFB8FBF3F84FF04008FFF790
:10E6D000B5FB03282AD194F8C4322BB3D4F8EC311B
:10E6E000B34221D1D4F8F011B1EB080118BF0121D8
:10E6F000139BC4F8E091C4F8E43104F5F470FFF71B
:10E7000006FD0029ACD001232846C4E97B6884F8C3
:10E71000C43200F0F4FF10B1284600F05BFE214641
:10E720002846FFF772FE9BE70121E1E70323DAE8C1
:10E73000EF2F002A03D1CAE8E13F0029F7D105D025
:10E740003846FFF7C8FC6FF00F0B97E72846E6F74F
:10E750005DFD834638B13846FFF7BDFC00215046C9
:10E76000FFF7BBFC8AE740F2FF312846FFF75AFB70
:10E770002046FFF7B9FC6B68892103937F23284665
:10E780008DF817300DF11702012300F099FE41F2C8
:10E79000883003F09EF83221284600F03AFEB0F1AE
:10E7A000000BD8DBE16A2846E6F7AEFC2846E16AB2
:10E7B000E6F7DAFC039B93F85F3013B12846FFF7C6
:10E7C000CCFB139BC4F8E09104F5F4794846C4F8F7
:10E7D000E431FFF79CFC94F83B3094F83920A18E8B
:10E7E0002846009283F00103FF22FFF771FBB0F18E
:10E7F000000B4FF000020BDA4846C4F8E021FFF7A7
:10E8000086FC2846FFF7CEFE3846FFF764FC35E766
:10E8100028460121FFF729FC0123C4E97B6884F81D
:10E82000C4322A69284692F8C71294F8C5229A4041
:10E8300042EA81028DF8162040F6AC010DF1160275
:10E8400000F089FE284642463146FFF79AFD2046F1
:10E85000FFF7BAFD04E72DE9F74F8846046906463D
:10E8600004F1180791464FF0FF334FF0FF3238465E
:10E87000FFF7E7FAB8F1000F1ED104F5F470C4E910
:10E880007888FFF744FC2046FFF72EFC0123143460
:10E89000D4E8EF2F032A03D1C4E8E13F0029F7D1E0
:10E8A00005D13046FFF773FB3046FFF77BFE384655
:10E8B000FFF711FC002507E094F8403043B93846D3
:10E8C000FFF709FC6FF01505284603B0BDE8F08F8F
:10E8D00004F1140B5846FFF7B1FA032806D1C4E936
:10E8E000788904F5F470FFF712FCE0E74FF0030AB3
:10E8F000DBE8EF3F002B03D1CBE8E2AF002AF7D1F2
:10E9000005D03846FFF7E7FB6FF00F05DCE7304630
:10E91000E6F77CFC054638B13846FFF7DCFB002102
:10E920005846FFF7DAFBCFE740F2FF313046FFF7FA
:10E9300079FA2046FFF7D8FBC4E9788904F5F47921
:10E940004846FFF7E4FBFF2184F8C4523046FFF746
:10E95000F5FAA846051E0BDAC4F8E0814846FFF731
:10E96000D6FB3046FFF71EFE3846FFF7B4FBABE799
:10E97000424601213046FFF778FB4FF6FF738221B4
:10E98000ADF804308DF806303046534601AA00F049
:10E9900097FD051E02DAC4E97888DFE7336940F69F
:10E9A000AC0193F8C72294F8C53230465B0043EAC5
:10E9B00082038DF8043001AA012300F0CCFD76E734
:10E9C0002DE9F04F056985B095F84030DDE90EA9D5
:10E9D000044690460091CDF804A0002B00F09C80E6
:10E9E000032305F1140BDBE8EF2F002A03D1CBE85A
:10E9F000E13F0029F7D140F0928005F118074FF070
:10EA0000FF324FF0FF333846FFF71BFA2046E6F798
:10EA1000FDFB064650B13846FFF75DFB0021584626
:10EA2000FFF75BFB304605B0BDE8F08FC5E9780025
:10EA300005F5F470FFF76BFB05F1A40B584603F0E6
:10EA40005DF8FF212046FFF779FA061E4FF000021D
:10EA500006DA2046FFF7A6FD3846FFF73CFBE1E764
:10EA600001212046FFF701FBB9F1FF3F08BFBAF1D2
:10EA7000FF3F36D04FF47A73AAFB036103FB091101
:10EA800047F61123F01841F1000147F61222002346
:10EA9000C2F764FD28B38001030C8DF80830C0F381
:10EAA00007238DF809308DF80A00032382212046C0
:10EAB00002AA00F005FD061ECBDB3846FFF70BFB74
:10EAC00052464B46584602A9EBF7FEFD00280BDAEA
:10EAD0002046FFF75CFA2046FFF764FD6FF00A0658
:10EAE000A0E76FF07F40D7E7039E002E9ADD4645F2
:10EAF000A8BF46460098324605F1E00106F02EFE1A
:10EB0000109B13B1BDF808201A80119B002B89D0EF
:10EB10009DF80A201A7085E76FF0150682E76FF0FE
:10EB20000F067FE72DE9F04F4FF00008D0F8C840FE
:10EB30008BB0A0F5FC7706460DF11A012046ADF822
:10EB40001A80FFF716FA4045C0F2C281BDF81A508C
:10EB500020462946FFF766F9E80715D5D4F8109046
:10EB60002046CDF82080FFF71DFDD9F8F40120B133
:10EB70004146EDF7FFF8C9F8F4810022002308A907
:10EB800009F16C0002F0B3FF15F00203049300F0EA
:10EB90008E804FF0020A06F5A072D2E8EF3F012BFB
:10EBA00003D1C2E8E1AF0029F7D14FF00009D4F852
:10EBB0001080CDE908994046FFF796FA5346132195
:10EBC000204607AA00F0A9FC002840F015819DF816
:10EBD0001CA09DF81D9003231421204607AA00F0D5
:10EBE0009CFC50B99DF81C305B085B42ADF82030AE
:10EBF0009DF91D309B108DF82230690600F10081CF
:10EC0000AA0602D5EB0640F1FB80BAF1000F00F036
:10EC1000F78053464946204608F1E0028DF823A0CC
:10EC200000F00CFD002801DB9DF8230008F1180A14
:10EC30004FF0FF3309904FF0FF32504608F5F47B58
:10EC4000FFF7FFF8D8E9789358460393FFF7F6F8F3
:10EC500005905046FFF73FFAB9F1000F00F0E98048
:10EC600041462046FFF7D1FB4FF0FF334FF0FF3214
:10EC70005046FFF7E6F8D8F8E031994500F0C38038
:10EC80004FF000095046FFF726FAB9F1000F0ED0F9
:10EC9000099B002B80F2BF8000221146039B019349
:10ECA0009DF922300093BDF920302046C847680600
:10ECB0000CD5049B53B9022206F5A073D3E8EF1FCD
:10ECC000012903D1C3E8E02F0028F7D129063CD55C
:10ECD000002287F8342397F8352305F48073C5F3B1
:10ECE00000282AB323B33846E6F7B4F94FF47A4341
:10ECF0006FF0C051A0FB033299424FF003039341E0
:10ED000034BF6FF07F408001030C01218DF820306B
:10ED10008DF82200C0F3072306F5A0708DF821308E
:10ED2000FFF7DBF903238221204608AA00F0C8FB85
:10ED3000D7F81033002B00F08A800021D7F8142375
:10ED40002046C7E9C41141469847AA0530D5032299
:10ED5000D4F8108008F54E73D3E8EF1F012903D1D2
:10ED6000C3E8E02F0028F7D140460CBF4FF0010A5E
:10ED70004FF0000AFFF7B8F998F83433C3B908F137
:10ED800018094FF0FF334FF0FF324846FFF759F8AC
:10ED90004846D8F8E0B1FFF79EF998F8C432002B46
:10EDA0005CD1BBF1000F6ED041462046FFF72DFB32
:10EDB000EB0615D540F2422315EA030110D10123D9
:10EDC00006F1D40087F8C832FFF787F9FFF751F84A
:10EDD0000128014638BF012106F1D800FFF77DF96F
:10EDE000A6F5F270FFF72AF8002871D020460BB084
:10EDF000BDE8F04F00F0A9BCFFF618AFCA46EAE63E
:10EE00006FF0040012E75846FFF718F8059B83429D
:10EE10007FF436AF36E73FF44AAF039B9DF82320DB
:10EE200001939DF9223008F1E0010093BDF92030F3
:10EE30003BE72046FFF7ABF82046FFF7B3FB002285
:10EE4000002308A908F1A40002F051FE2FE7C7F83B
:10EE5000308306F59070EBF7F9FD76E7BBF1000F14
:10EE600011D008F11400FEF7E9FF022807D0BAF12B
:10EE7000000F99D108F54370FFF749F994E798F826
:10EE8000C432002B90D02046FFF78CFBD8F8F40159
:10EE900078B16FF073010891ECF76CFF0023C8F8AC
:10EEA000F4310022002308A908F16C0002F01FFED3
:10EEB0007EE7D8F8E031002B7FF47AAF08936FF04B
:10EEC0000A0309930022002308A908F1A400EDE732
:10EED0000BB0BDE8F08F70B501230446056905F15C
:10EEE0001406D6E8EF2F002A03D1C6E8E13F002937
:10EEF000F7D115D118354FF0FF324FF0FF332846C8
:10EF0000FEF79FFF2046E6F781F9044630B1284618
:10EF1000FFF7E1F800213046FFF7DFF8204670BD2B
:10EF20006FF00F04FAE700F0EABB37B50546046955
:10EF300000F0E5FB30B91834002200232046FEF72C
:10EF400080FF18B16FF07F0003B030BD284600F09D
:10EF5000D6FB18B12046FFF7BEF8F3E701231521D1
:10EF6000284601AA00F0D9FA05462046FFF7B3F873
:10EF7000002DE7DB9DF804004008404200B2E3E7C3
:10EF800000232DE9F7430469ADF8063094F8C83240
:10EF900006461BB304F53470FEF750FF0546FEF736
:10EFA00068FF002D4FD0451B2046E6F753F88542F9
:10EFB00049D304F11805002200232846FEF741FF3B
:10EFC000002840D13C213046FEF72CFF2046FFF7B9
:10EFD0008BF82846FFF77FF800200EE004F11805B3
:10EFE000002200232846FEF72CFF48B104F114004C
:10EFF000FEF724FFC31E5842584103B0BDE8F0831A
:10F000000DF106013046FEF7B4FFBDF8061011F011
:10F0100010081AD0FEF72DFF04F535730146184687
:10F02000FEF70CFF30B9012938BF01211846FFF760
:10F0300054F805E00F1A2046E6F70CF88742C1D2D3
:10F040002846FFF748F80120D7E711F0040104F53E
:10F0500033791AD0FEF70DFF01464846FEF7EEFE63
:10F0600020B9012938BF01214846E0E70F1A2046A0
:10F07000E5F7C4FF8742E3D304213046FEF7D2FE12
:10F0800041464846FFF729F8A3E74846FFF725F829
:10F0900004F53570F6E770B505460E4604694FF085
:10F0A000FF3284F8C51218344FF0FF332046FEF7C4
:10F0B000C8FE31462846FFF762FA2046BDE8704098
:10F0C000FFF709B8F8B547680469786D81F0010564
:10F0D00010B984F8C652F8BD04F118064FF0FF329B
:10F0E0004FF0FF333046FEF7ACFE84F8C65204F111
:10F0F0001400FEF7A3FE032805D194F8C61207F109
:10F100005400FEF79FFF3046FEF7E5FF0120E2E7DF
:10F11000F7B50569044605F11806476840F21B6219
:10F1200000233046FEF78DFE00284DD1204600F02A
:10F13000E6FA10B1204600F04DF9042384218DF841
:10F140000630204601230DF1060200F0B9F94FF414
:10F15000FA7002F0BEFB204600F03CF97F238921C3
:10F160008DF80730204601230DF1070200F0A8F9C1
:10F1700041F2883002F0ADFB3221204600F049F91F
:10F1800095F840301BB12046E96AE5F7BDFF40F62F
:10F19000AC012046FEF71DFF40F689012046FEF730
:10F1A00018FF97F85F3013B12046FEF7D6FE95F8AA
:10F1B000C5321BB101212046FFF7E1F92046FFF7D8
:10F1C000F1F93046FEF787FF03B0F0BD006900F5A6
:10F1D0004370FEF733BE0069002100F54370FEF76F
:10F1E0007CBF436893F860203AB1B3F85C004FF4F9
:10F1F0007A73584300F2DC50704740F2DC5070479D
:10F200000C20704730207047036983F83C13704727
:10F21000036993F83D2093F83210188EE6F706B88C
:10F22000F8B5064605690C46FFF7F2FF21183029AC
:10F23000A8BF30210C29B8BF0C21012385F83D134C
:10F2400085F83533002105F54E70FEF746FF284658
:10F25000E5F734FF002747F6122C0446394640F202
:10F26000E7304FF47A72E4FB0C010023C2F776F921
:10F2700002460B463046FEF7FBFF85F83573002843
:10F2800085F83D73C8BF0220F8BD0069E5F7E2BE0E
:10F2900010B5036903F54E731846FEF7CFFD821EC5
:10F2A000012A044608D818460021FEF716FF022C52
:10F2B00014BF0220012010BD0020FCE730B58FB044
:10F2C0009DF84C40129D002CCDE906120CBF19464A
:10F2D0000021002DCDE90C3514BF02230123CDE917
:10F2E000081501A9CDE90A1206AACDE902230AAA46
:10F2F000CDE904234CB104AB014651F8040B8268FC
:10F30000146802AAA0470FB030BD2346F4E70346B5
:10F310000A4600681979012303FA01F103691B68A1
:10F32000194218BF82F0010283680AB1DB681847EE
:10F330001B69FCE74068C36B13B13C30FFF7E7BFC4
:10F34000704770B545680C466B6C164623B111408A
:10F3500005F14400FFF7DBFFEB6C53B105F14C0006
:10F360002CB186F00101BDE87040FFF7D0BF214607
:10F37000F9E770BDF8B5044600680D4618B302F011
:10F38000CDFA08B3E388206821792B43DA02876835
:10F39000066907D513F4402F1EBF43F3000202F4A1
:10F3A000402253401F2923F4801210D801253468CD
:10F3B000DB0705FA01F54CBF2C43AC4334603B68D6
:10F3C000984700EAE070F8BD6FF01200FBE76FF0BD
:10F3D0001500F8E7C02330B587B0ADF8043001ABB5
:10F3E00002930223039302AB049301234168059324
:10F3F000044651F8040B836804AA1D680023A8473B
:10F40000002804DB4FF47A71204600F002F807B0C0
:10F4100030BDF8B504460D4600F078FD064620469E
:10F4200000F06DF990B100F071FD831BB3F57A7FA8
:10F4300008D34FF47A735D4300F068FDA5F57A7741
:10F44000064609E00A2002F044FAE8E70020F8BD89
:10F4500020200021ECF7C0F8204600F050F90028E9
:10F46000F4D000F053FD801BB842F1D32046FFF7E3
:10F47000B1FF00F04BFD064602E00A2002F029FA37
:10F48000204600F03CF90028E0D000F03FFD801B52
:10F49000B0F5FA6FF1D300F039FD064603E0202005
:10F4A0000021ECF799F8204600F029F90028CDD08A
:10F4B00000F02CFD801B8542F1D86FF07300C6E789
:10F4C0002DE9FF410E468DF80C104FF47A71054678
:10F4D00014461F46D0F80480FFF79BFFD0B923469F
:10F4E000CDE900700122404603A9FFF7E7FE041EA4
:10F4F00007DB842E09D04FF47A712846FFF789FF85
:10F500000446204604B0BDE8F0814FF4FA7002F0E2
:10F51000E0F9F6E76FF07304F3E77FB51D460023CB
:10F520008DF80C104FF47A71144646688DF80D3042
:10F53000FFF76FFF60B901230222CDE90053304687
:10F54000234603A9FFF7BAFE00EAE07004B070BDDD
:10F550006FF07300FAE72DE9FF410D464FF47A7121
:10F56000044616461F46D0F80480FFF752FFC8B97C
:10F570000D238DF80C302B0ACDE900708DF80D307D
:10F5800003223346404603A98DF80E50FFF796FE3E
:10F59000002804DB4FF47A712046FFF73AFF04B0ED
:10F5A000BDE8F0816FF07300F9E7F0B50C4685B067
:10F5B0004FF47A7115461E464768FFF72AFFB0B927
:10F5C0001D238DF80C30230A8DF80D3001238DF8A2
:10F5D0000F00CDE9006304222B46384603A98DF8BD
:10F5E0000E40FFF76BFE00EAE07005B0F0BD6FF073
:10F5F0007300FAE7F0B51E460E2385B08DF80D10A6
:10F600004FF47A710446154647688DF80C30FFF7C1
:10F6100000FF80B9CDE900602B460222384603A9DD
:10F62000FFF74CFE002804DB4FF47A712046FFF709
:10F63000F0FE05B0F0BD6FF07300FAE77FB51D4630
:10F640001E238DF80C3000238DF80D104FF47A71C5
:10F65000144646688DF80E30FFF7DBFE60B90123D3
:10F660000322CDE900533046234603A9FFF726FEC7
:10F6700000EAE07004B070BD6FF07300FAE7012398
:10F6800003FA01F103691B68194218BF82F00102F5
:10F6900083680AB1DB6818471B69FCE7CB680BB1CC
:10F6A00008691847704702F039B938B5446805460B
:10F6B000206AFFF7F8FFF8B1206A94F824100122BD
:10F6C000FFF7DDFF002816DB9D200021EBF784FF0C
:10F6D000206A94F824100022FFF7D1FF00280ADBEB
:10F6E0009D200021EBF778FF4FF47A712846FFF751
:10F6F00090FE00EAE07038BD6FF01200FBE737B50E
:10F700004368986A93F82C40836801A95B6805698F
:10F71000984740B92B68019858400123A3401840EE
:10F72000003818BF0120003818BF012003B030BDD9
:10F730004368026903F13000D16019B14FF0B8613C
:10F74000E6F738BA4FF40011FAE7704730B543686E
:10F750001360057A446804EBC504A34202D36FF03A
:10F76000010030BD5C7908338C42F1D10020F8E70C
:10F770000020704710B40269436811681B68D3F811
:10F78000304171B17CB100244C611168C97B19B959
:10F790004FF48051C3F8081311688C7B1CB100230F
:10F7A0008B7310BC7047D3F8141121B10021C3F83A
:10F7B0001411D3F8143112681368002BF1D051687A
:10F7C00010BC184743681B68D3F88004C3F8800452
:10F7D000704742681368D3F84C0150B10020926A18
:10F7E00012780A70C3F84C01D3F84C2101229A62B6
:10F7F00070474FF0FF307047002A0FDD42681368F2
:10F80000D3F84C0158B10020C3F84C01D3F84C0197
:10F810000120926A12780A7098627047002070473F
:10F8200010B543681C680369EFF31180202282F34E
:10F8300012881A68D17B39B9917301221B68DA7377
:10F840004FF48053C4F8043380F3118810BD03696A
:10F850001A68D17B21B10121917300221B68DA73F0
:10F860007047026903461168C87B40B15B681B683A
:10F87000D3F8300118B100234B61136898897047A1
:10F8800043681B68D3F84C01003818BF012070474B
:10F8900043681B68D3F8042312035CBF4FF40022B3
:10F8A000C3F80423704743681B68D3F8042312038A
:10F8B00044BF4FF40022C3F8082370472022436856
:10F8C0001B68C3F804237047202243681B68C3F8F1
:10F8D0000823704738B5436804461D68D5F80433DB
:10F8E000DB0405D4D5F8040310F4002006D138BD9C
:10F8F000FFF7B7FF0028F5D00120F8E72046BDE864
:10F900003840FFF7BDBF0369186801601B685A6083
:10F91000704773B543680E460DF107011C68154624
:10F92000FAF7FCF99DF807304BB9C4F83C67C4F806
:10F930004057C4F83031D4F830310123236502B088
:10F9400070BD13B501AA0446FFF700FF002805DBD0
:10F95000019B226819791868E6F780FA02B010BD99
:10F960000129F8B505460E461FD1476805690021F3
:10F97000F8683C68FFF7E5FF0823C4F800353B7AD8
:10F980008BB9BA6AC4F80427C4F80867C4F84C31C4
:10F99000D4F84C31A6622B682BB11B7C1BB14FF401
:10F9A0000023C4F804330020F8BD002945D147687E
:10F9B0003C68D4F850315BB30269116859B1D4F88E
:10F9C0000433C3F3C0430B7413681B7C1BB14FF4A7
:10F9D0000023C4F8083301234FF4FA66E362D4F835
:10F9E000243123B9022000F098FA013EF7D1002318
:10F9F000C4F85031D4F85021C4F82431D4F824216B
:10FA0000C4F84C31D4F84C21C4F81431D4F8143172
:10FA10006B684FF47A751E68D6F8303123B901202F
:10FA200000F07BFA013DF7D10023C4F80035F868F7
:10FA30000121BDE8F840FFF784BF6FF08500B3E710
:10FA4000F8B50669054633689C8914339442A8BF0B
:10FA500014460122D3E8EF0F002803D1C3E8E72FB3
:10FA6000002FF7D10CBF134600231BD13368224669
:10FA7000986805F073FEEFF31187202383F3128853
:10FA80006B6831681B68D3F830312BB91C464B6169
:10FA900087F311882046F8BD224628468968FFF77B
:10FAA00038FFF5E71C46F5E770B54FF4FA53064604
:10FAB000446D47F6122C5C4356F8283B05461B68FC
:10FAC00040F2E730B4FBF3F40021C8344FF47A720B
:10FAD0000023E4FB0C01C1F741FD02460B46304612
:10FAE000EAF7ECFF08B9286C70BD6FF07300FBE714
:10FAF000002201214A20CFF7DFB910B50B6813B9F6
:10FB00001846136005E003685C681CB11460036864
:10FB1000186810BD083303600B68013B0B60EDE70C
:10FB200010B5036804468BB11A7D7AB1186901F0EB
:10FB3000D0FE236898681B7B0121026999401268F6
:10FB4000836811420CBF1B69DB689847A36933B90E
:10FB5000636004F11000BDE81040EAF777BF10BD04
:10FB600008B50069C36D8B4204D15C30FFF7D8FF44
:10FB7000002008BD4FF0FF30FBE7F7B506690746E8
:10FB8000D6F8B820D6F8C0509AB9C5B12C46D6F8E8
:10FB9000B41031B33ABB1146D6F8BC302BB3002DAC
:10FBA00004BF2C4623463846009400F03FF903B0CA
:10FBB000F0BDA5B195422C4628BF1446E7E7F16D8C
:10FBC0008B88DB0401D400F01DF90023C6F89C30BB
:10FBD00006F1840003B0BDE8F040EAF737BF1446F1
:10FBE000D5E70A46D8E72246D6E71C46DBE770B5DC
:10FBF0000D1E064604690ADAE16D00F003F9C4F847
:10FC00009C5004F18400BDE87040EAF71FBFD4F8AF
:10FC1000B830CBB19D4217D85B1BC4F8B830ABBB32
:10FC2000D4F8A03004F1B8020833C4F8A030D4F8F6
:10FC3000A43004F1A401013BC4F8A43004F1A000F5
:10FC4000FFF75BFFC4F8B400D4F8C030CBB19D42DD
:10FC500017D85B1BC4F8C03003BBD4F8A83004F13C
:10FC6000C0020833C4F8A830D4F8AC3004F1AC01B9
:10FC7000013BC4F8AC3004F1A800FFF73EFFC4F824
:10FC8000BC003046BDE87040FFF777BFD4F8B43011
:10FC9000002BD9D02B44C4F8B430D5E7D4F8BC300D
:10FCA000002BEED02B44C4F8BC30EAE70069C43026
:10FCB000EAF7CCBE13B501AA0446FFF747FD0028BA
:10FCC00005DB019B226819791868E6F7C7F802B0CE
:10FCD00010BD03460A4600681979012303FA01F1B1
:10FCE00003691B68194218BF82F0010283680AB1D8
:10FCF000DB6818471B69FCE7F0B504690646D4E9E0
:10FD000015128B1A476885B004D1BB6805B0BDE8F1
:10FD1000F0401847BD8BE16C9D4228BF1D4621B1C4
:10FD200001F06043B3F1005F06D1236D3BB103F0F6
:10FD30006043B3F1005F02D0082D28BF08250023DF
:10FD4000A36451B1114401F06043B3F1005F04D0EA
:10FD50002A46386905F002FD3969236D43B1A26D69
:10FD6000134403F06042B2F1005F1CBF7B69A364DF
:10FD7000002914BF2A460022002B08BF0025CDE928
:10FD800001230091002269462046039500F007FCFC
:10FD9000014618B1736830469B68984705B0F0BDBE
:10FDA00070B50C690E46A16C054639B1A36D206D86
:10FDB0002A69184405F0D2FC0023A3642969AA68C3
:10FDC000A36D304691422CBF5B189B18A365BDE81C
:10FDD0007040FFF791BF0847072210B503690C4632
:10FDE0001B68C3F800250B7D5BB1012104F10800FD
:10FDF000FFF76FFF237D23B12069BDE8104001F0BC
:10FE000068BD10BD38B503690C461D680B7D4BB14C
:10FE1000086901F05EFD237D23B1002104F1080093
:10FE2000FFF757FF0023C5F8003538BD10B404694B
:10FE3000C4E91313019B93422CBF636562650023E1
:10FE4000A36510BCFFF758BF006900F061BC012931
:10FE500038B511D014D80469456894F828302BB10E
:10FE60002046E7F733FE002384F828300121686834
:10FE7000BDE83840FFF71EBF436800215868F7E728
:10FE8000023901298CBF6FF015006FF0850038BD75
:10FE90002DE9F84304460025012743681B6898476D
:10FEA0006368DE7FDC68B54202D30020BDE8F883DA
:10FEB00020682179E388DA0754BF43F4B01383F450
:10FEC000D0131F29D0F80890D0F810E023F4801246
:10FED00013D8DEF800C0DB0707FA01F84CBF4CEA84
:10FEE00008032CEA0803CEF80030D9F80030984710
:10FEF00008340028DAD10135D5E76FF01500D5E7D1
:10FF000008B50220E4F74EFB002008BD08B5E7F76E
:10FF100049FA08BD03460020184701F0DABC024642
:10FF200010B5116891B1B1FA81F3C3F11F0001233B
:10FF3000834021EA0303D2E8EF4F8C4204D1C2E8A8
:10FF4000EC3FBCF1000FF6D1EBD110BD6FF00B0010
:10FF5000FBE710B50368CB40DB0710D401238B40CF
:10FF6000026843EA0201D0E8EF4F944204D1C0E8AE
:10FF7000EC1FBCF1000FF6D1F2D1002010BD6FF0E4
:10FF80001500FBE72DE9F04116461F464FF001082A
:10FF900000F160404C1E0444C50BE40BA54201D99E
:10FFA000BDE8F08105F00701C5F3C700324608FA45
:10FFB00001F1B8470135F1E7E6F776BCE6F73ABD5F
:10FFC000F7B51646DDE90847019001A81D46E6F79A
:10FFD00053FF019BB6F1000C18BF4FF0010C00EB72
:10FFE00083000B1E18BF0123002D43EA4C030CBFF6
:10FFF0004FF0000C4FF00C0C002C43EA0C030CBF2C
:020000024000BC
:100000004FF0000C4FF4706C002F43EA0C030CBF50
:100010004FF0000C4FF4403CD0F8802043EA0C0332
:1000200022EA030301B109780EB13678760019434C
:100030000DB12D78AD0031430CB124782402294351
:100040000FB13F783F040C433C43C0F8804003B0FD
:10005000F0BD1FB50DF10F03019300238DF80F10B4
:100060001A4619460093FFF7ABFF05B05DF804FB95
:1000700010B504460846E6F70FFF04EB4004207D68
:10008000C0F3401010BD10B504460846E6F704FF63
:1000900004EB4004207DC0F3400010BD10B50446C1
:1000A0000846E6F7F9FE04EB4004A08A400B10BDB9
:1000B00070B5044608461646E6F7EEFE083034F8FA
:1000C00010300D46DA0509D5C3F3432304EBC30210
:1000D0003146284654F8333052689847A3682BB10C
:1000E00031462846E268BDE87040184770BD10B53B
:1000F00004460846E6F7D0FE04EB4000838ADA05A2
:100100001DD5C3F3432123F4F853838204F1120273
:1001100004F1580032F8023F13F4807F03D0C3F398
:10012000432399420BD08242F4D1002204EBC10355
:100130005A6004F16000BDE81040FFF70ABF10BD2F
:10014000F0B50446002001270546844695420AD1B1
:10015000D4F8443133B10023C4F84431D4F84431E5
:1001600040F40030F0BDEBB29B0003F580769B08B5
:1001700007FA03F3194208D054F806E0BEF1000F65
:1001800003D044F806C0A65918430135DEE738B558
:1001900004460D46FFF76CFFA8B12046FFF773FF3A
:1001A00088B92046FFF77AFF012322688340C2F80E
:1001B0001833236803EB8000D0F8103523F00303D5
:1001C000C0F8103538BD2846BDE838400021FFF79B
:1001D00040BF2DE9F0431746044685B00846E6F7D0
:1001E0005BFED7F800800E460546B8F1000F1ED022
:1001F0002046FFF748FF18B12046FFF739FF20BB24
:1002000000230DF10F02CDE900338DF80E308DF88B
:100210000F30304643460DF10E01FFF7D1FE04EBDF
:100220004502938A23F0020343F0010393827B6823
:100230009BB33146204693F80080D3F80490FFF733
:1002400022FF28B1B9F1000F1FD06FF0150027E091
:1002500004EB4500838A23F4604323F02003838268
:10026000B9F1000F11D0B8F1030FEED87B68216807
:100270005B6893F800C04FEA8C031944B8F1000F93
:1002800011D1C1F81085C1F8108504EB4502938A9D
:1002900023F01C0343EA88039382BB684BBB002016
:1002A00005B0BDE8F083D1F8102522F00302C1F8B3
:1002B000102522681344D3F8102522F4473222F483
:1002C0007C72C3F8102541F6F072D3F8101502EADB
:1002D000061242EA08420A43C3F8102504EB4C0315
:1002E000A3F86460838A43EA4C3343F0200383829B
:1002F000CBE73146D3E900782046FFF7F8FE002F20
:10030000CDD063689F4206D004F16000FFF707FE7E
:10031000002804DAC4E7A3689845F5D1002004EB6F
:10032000C003C3E9017804EB4505AB8AC0B243EAD8
:10033000402343F48073AB82B1E7C0E903127047F6
:1003400070B504461546FFF793FE48B10846E6F738
:10035000A3FD04EB40040020A38A5B0B2B7070BD4F
:100360006FF01500FBE790F87400003818BF01200B
:100370007047E6F7C7BD2DE9F34104461746FFF77E
:1003800077FE0D462668F0B12046FFF77CFE8046DA
:10039000C8B92046FFF782FE820002F5807346F856
:1003A0000380F35823681344D3F8102542F0010268
:1003B000C3F8102527B1012322688340C2F8143303
:1003C00002B0BDE8F081D6F8143328469B035CBF29
:1003D0004FF40033C6F81433E6F75EFD04EB400437
:1003E000A38AC3F38203042B11D0052B11D001A8DB
:1003F0000195E6F741FD019BC168D94001F001017B
:100400000231284602B0BDE8F041FFF722BE0321C9
:10041000F7E70221F5E7FFF7BABE30B5012405463C
:1004200090084038844014EA010009D0A85838B137
:100430000021A950AA5813B11A6822431A6001205A
:1004400030BD00232DE9F34104460D46019390464B
:1004500001AB4FF48072FFF7E0FF4FF48272294640
:100460002046FFF7DAFF4FF48472074629462046FC
:10047000FFF7D3FF064630B1B8F1000F1DD017B11A
:100480003E46D4F80C374FF4A6722946204601ABFD
:10049000FFF7C3FF30B1B8F1000F03D016B90FB1A9
:1004A000D4F80C374FF4B4722946204601ABFFF75D
:1004B000B4FF019802B0BDE8F0814646E3E707B516
:1004C000019001A8E7F7B2F90123019A9340436034
:1004D00003B05DF804FB07B5019001A8E7F7A6F9A2
:1004E0000123019A9340836003B05DF804FB70B56B
:1004F0004B7F04460D467BB10123642643600022F6
:1005000002212046FFF79DFF20B90120FFF705FDDE
:10051000013EF4D100236B770023C4F8003570BD91
:10052000F8B51E4690F8203004460D46174693B99C
:1005300019B14969E7F78AF980B1C4E901761DB1BB
:1005400029462046E7F7C8F90020012384F8210056
:1005500084F82030F8BD6FF07700FBE76FF01500EE
:10056000F8E770B590F8203005460E4673B190F864
:10057000213003F0FF0463B94969E7F767F958B11F
:1005800028463146E7F7A8F9204670BD6FF076009F
:10059000FBE76FF00F00F8E76FF01500F5E7F0B537
:1005A00090F8213005460E46174685B0002B40F0E6
:1005B000AC8043682BB112F0140F04BF012380F804
:1005C000213005F1100496E80F0084E80F00686AF6
:1005D000431C05D095F822309C0717D5FFF76FFF15
:1005E00033682C6823B103F06043B3F1005F06D198
:1005F000B36873B103F06043B3F1005F09D0002327
:100600006FF00C0085F8213005B0F0BDFFF763FFF7
:10061000E6E795F8223007F0010262F3C303C7F35F
:10062000400060F3820307F0020185F82230002ABF
:1006300059D00123C4F84C37002957D00123C4F8FE
:100640001437D6E900C1D6E902230026C4F83CC716
:10065000C4F84017C4F80427C4F80837C4F8086180
:10066000D4F808010720C4F8000595F82200C00658
:100670000BD58220C4F8840C686830B1C4F80061DE
:10068000D4F800010120C4F8040317F0080612D1C1
:100690004FF0010E6868C4F800E060B9D4F80801B2
:1006A0000028FBD0CDE900C1CDE9022304216A4630
:1006B0002046FFF7C6FE6B68F3B995F82220D106F5
:1006C00048BFC4F8843C686A421C05D095F82230C3
:1006D0009B070ED5FFF7FFFE1EB92046291DFFF729
:1006E00006FF002090E7C4F84C27A5E7C4F81417CC
:1006F000A7E7FFF7E4FEEFE7042317F0040F14BFAA
:10070000C4F80833C4F80433EBE76FF00F007BE75D
:10071000011D0068FFF7EBBE70B590F8223004466B
:10072000D906056810D5D5F80433DA070CD5D5F805
:1007300000314BB10023C5F80031D5F80021C5F8D0
:10074000843C0123C5F808330421284604F1100233
:10075000FFF777FE48B3606A431C05D094F8223057
:100760009E071FD5FFF7B7FE94F821301BB128462E
:10077000211DFFF7BCFE94F822202046110742BF3E
:10078000D4E904315B182361530742BFD4E9063230
:100790009B18A361002300F80C3FD4E90131BDE8A8
:1007A00070401847FFF78BFEDEE770BD036801332A
:1007B00004D04068431C584258417047012070479C
:1007C00010B504680B689C4209D0406849688842AB
:1007D00005D08C4203D0181A18BF012010BD00208C
:1007E000FCE740F30903B3F1FF3F08BF0130C0F35A
:1007F0000900043070470A680368534003604A6880
:100800004368534043608A688368534083607047FD
:1008100008B503681B0D13F4E06304D00430FFF740
:10082000CFFF80F0010303F0010008BDC36E426DED
:100830001944891AB1FBF3F203FB1211836D8B4249
:1008400008D90123406ECA0801F007018B40815C82
:100850000B43835400207047024608B50846FFF753
:10086000C0FF136803441360002008BD0368013310
:100870000360002070472DE9F04F87B00393836E2B
:10088000139EDB691746DDE91148A2199A42814699
:100890008A4607D8C36E002B00F09E80109A9342C0
:1008A00000F29A806FF0530093E0BAF1000F3FD04E
:1008B000DAF80030109A93423AD1DAE9015305EBA5
:1008C000030BA34534D9A54214D8ABEB040BB345B5
:1008D00028BFB346DAF80C10651B40465A46294437
:1008E00004F03CFFD8445C44A6EB0B06002EDCD1A0
:1008F00030466EE02D1BB54228BF35463B68109A46
:1009000093421BD1D7E901130B44A34216D9A1424C
:1009100010D81B1B9D4228BF1D46FB68611A40462C
:100920002A46194404F01AFFA8442C44761BDDE73C
:100930003546E3E7091B8D4228BF0D46039B9E42C7
:100940001FD3D9F868004369B4FBF3F203FB1242EA
:10095000BAB9B34215D8B5FBF3F203FB02FBA5EB22
:100960000B03CDF800B00493436822469C461099CF
:100970004346E04768BB049BD8445B1B5C441E4471
:10098000B4E7109B3B60D9F868305B69B4FBF3F2C5
:100990005A437A60D9F86810059B48690344234498
:1009A000B3FBF0F34343C869834294BFC2EB030532
:1009B000C2EB00058B6A10999D4228BF1D46BD60A1
:1009C000D9F8680000954568FB68A84700283FF4FF
:1009D0006CAF07B0BDE8F08F039B013B059385E743
:1009E0001FB5C3F309040294069C019400240094EB
:1009F000E7F7DCF804B010BD30B5134604460268D2
:100A0000082087B004AD916E03900295586801905C
:100A10001B6810460093CB6902F11001FFF72BFF12
:100A200018B92846211DFFF7CBFE07B030BD2DE9D0
:100A3000F04F0646884691469A46002487B0119F9B
:100A40000DF1100BA74203D8002007B0BDE8F08FCE
:100A50003D1B082D28BF0825109B4246E318CDE911
:100A600000A300213046CDE902B5A9EB0403FFF74E
:100A700002FF0028E9D1129B2A4618685946E9F777
:100A8000B5FB129B2C441860DCE71FB50023CDE9B1
:100A9000023301934FF0FF330093E7F737FB05B0C4
:100AA0005DF804FB2DE9F04F0746884691469A46CB
:100AB000002487B0129E0DF1100BA64201D8002031
:100AC0001BE0351B082D28BF0825109B4246E31864
:100AD000CDE900A300213846CDE902B5A9EB040316
:100AE000FFF7C9FE48B9119B2A465846191904F068
:100AF0006EFE002804D005DA012007B0BDE8F08FB3
:100B00002C44DAE70220F8E730B513468268C1F3D7
:100B10000905AA4228BF2A4685B0029241680446C8
:100B200001915968009101681B680846FFF7BAFFF8
:100B300028B9A368AB4202D034BF0120022005B01F
:100B400030BD036B1944C1F30903003B18BF0123F7
:100B500021F0004141EAC3710163704710B5836E13
:100B600004465B6B13B9C068CEF716FDA36E9B6B92
:100B700013B9E069CEF710FDA36EDB6B23B9606E8D
:100B8000BDE81040CEF708BD10BDF8B5C6690D68C8
:100B9000083EB5420F4613D3B5FBF6F00138C0F757
:100BA00011FD841CA5EB8404B4FBF6F42046C0F7C9
:100BB00009FDA5EB8005204604FB16553D60F8BDF8
:100BC0000020FCE72DE9F04F89B006460F46DDF81E
:100BD0004C8005924BB94FF0FF32C8F8002000203E
:100BE000149A136009B0BDE8F08F846E013B07A929
:100BF00020460793FFF7C9FF12A905462046FFF7D5
:100C0000C4FF4FF0040A81460DF1140BA945059A63
:100C100003D3129BC8F80020E1E795FAA5F3A5EBF2
:100C20000904B4FA84F4B3FA83F3C4F11F049C42B8
:100C300028BF1C46A300CDE90023002104233A4627
:100C40003046CDE902BAFFF716FE0028CAD10123CB
:100C5000A340ED1ADAE72DE9F04F89B00646DDE949
:100C6000120A0F4690461D4688B30138059005A923
:100C7000B06EFFF78AFF04460DF1180B2946149851
:100C8000D04720BB1CB304F00109C9F102039B004B
:100C9000CDE90050424639463046CDE902B3FFF770
:100CA000EAFDA0B9E54305F00105A84207DB08AB62
:100CB00003EB8505023C55F8085C4C44DEE70699D9
:100CC0001498D04703460120002BEED0184609B0F7
:100CD000BDE8F08FC368184710B50C46826AFF2143
:100CE000E06804F061FD4FF0FF33236010BD38B5BC
:100CF00081660B6A0446C3664B6B0D46002B3BD0E6
:100D0000C360AB6B002B43D0E36128462146FFF75D
:100D1000E3FFA06E04F11001FFF7DEFFA56EEB6BA1
:100D2000002B3CD063662B6C002B08BFFF2323678E
:100D30006B6C002B08BF6FF00043636740F2FE331B
:100D4000AA6C002A08BF1A46A2672B6D591CE367DC
:100D50002CD10023E36700204FF0FF33C4E90A00E1
:100D6000C4E90833C4E90F00C4E90C00C4E9120067
:100D70006064A063206538BD886ACEF7EDFBE06053
:100D80000028BED12046FFF7E9FE6FF00B00F2E726
:100D9000A86ACEF7E1FBE0610028B6D1F2E7E86A85
:100DA000CEF7DAFB60660028BDD1EBE7002BD2D18D
:100DB000EB6CA96A43B18A4228BF0A46DB089A4213
:100DC00094BFE267E367C6E7EB69F4E72DE9F04318
:100DD0000D4609689846CB1C0646174685B003D9D0
:100DE000002005B0BDE8F083806EAC6883691C44C8
:100DF000013CB4FBF3F45C430094D0F80890EB683A
:100E00006A68C8470028ECD1B8F1000F04D1294620
:100E1000B06EFFF761FFE3E74FF0FF333B600294F2
:100E2000EB68224601936B683946009330462B6885
:100E3000FFF738FE0028D4DBE9D06FF05300D0E78D
:100E40002DE9F84F0646DDE90B5A0C4690469946C7
:100E50000D9F002F3AD0002108E00A9B2360B36E5B
:100E60009A69B5FBF2F35343C4E9013123680A9A46
:100E70009342F2D16068A842EFD8B36E9A6A0244F6
:100E8000AA42EAD9521BBA4228BF3A469346E368BF
:100E9000281A5146184404F061FC6368A2685D4456
:100EA000EB1A934238BF1346A360B26EDA44926ADB
:100EB000A7EB0B079A42CCD14B464246214630461F
:100EC000FFF784FF0028C4D0BDE8F88F3846FBE761
:100ED000F0B585B0CDE902231D464B680C46019361
:100EE0000B68174600930246002300F11001FFF73C
:100EF000A7FF064640B92A463946E068E9F776F981
:100F00006368E0602B446360304605B0F0BD2DE9B6
:100F1000F04F064687B010469946FFF762FC4B68D3
:100F200093464A69034493420C46804641D88B68F5
:100F30002BF0004A8AEA03031BBA059330460423C8
:100F400005AAFFF7C5FF054678BBBBF1000FA8F166
:100F5000040720DA0DF1130B2FB30123CDE902B3FF
:100F6000D9F804303246043B4344DB1B0193D9F8E3
:100F700000300021009330463B46FFF77CFC40B92F
:100F800001235A4621463046FFF7A2FF013F0028C1
:100F9000E2D0054609E03B464A4621463046FFF787
:100FA00097FF0028F5D1C4F808A0284607B0BDE88F
:100FB000F08F6FF01B05F8E713460A46D0E90001F1
:100FC000FFF7A5BF10B5D1E9003482699A4210D16C
:100FD000C369A34211D0D1E90234A34205D15B0019
:100FE0000A60C269CB6000234A60002001338B6035
:100FF00010BDA242EFD1C469EBE76FF05300F7E7F1
:1010000038B504460D46A16DE36D8B4208D3236EBF
:10101000002B30D02046E7F775FC0028F3D021E004
:10102000606EDA08825C03F00700C240D2071AD46F
:10103000626D1344E26EB3FBF2F102FB11332B60DD
:10104000A56DE36D226E0133013AAB42E365226682
:101050000FD2616EDA08885C03F00703D84010F005
:101060000100EED138BD0133E365236E013B2366F9
:10107000CAE70020F6E76FF01B00F3E77FB50C46E8
:1010800004310646FFF7BCFF054670BB21463046DB
:10109000FFF7B6FF054640BB2246042342F8080F7F
:1010A000CDE9022301902268014600923046324683
:1010B000FFF7E1FB10B110F1540F19D1B36E5A6A6A
:1010C000002A09DDA368013242F00102013B13440A
:1010D000B3FBF2F35343A3604FF0FF330422C4E9A0
:1010E00003230022C4E90523E361284604B070BD50
:1010F0000546FAE72DE9F04F93B0CDE907230B6BD6
:101100000646DA010D461BD54C6B089BCA6AE318EC
:10111000934238BF1346C26F9A4211D2CC63C36E5A
:101120000366E7F717FC2B6B044630B143F48013DA
:101130002B63204613B0BDE8F08F23F080732B6340
:10114000089B069305F140030C93069B0BB9089C82
:10115000EFE72B6B13F4802204D0B16EEF6BC969FB
:101160008F4247D1DB0100F1E08005F140030A9393
:10117000CAB96B6BBBB1119211AA0292013B05F186
:101180003802019200933046D5E90A2305F1400167
:10119000FFF718FD044608B12B6BC7E7B06E05F1E9
:1011A0004001FFF799FDF36E3366AB6B09936B6BF0
:1011B0000593013B0B9330460FA9FFF721FF04462F
:1011C0000028E9D1DDF83C80B06E4146FFF782FD92
:1011D000044630B114F1540FDED14FF0FF332B64CD
:1011E000E9E7059B4BBB1F46C5E90E832B6B43F418
:1011F00080232B63B36EDB69DF1B069B9F4228BFF6
:101200001F46079B03970293EB6B32460193AB6B30
:10121000304600930C990123FFF712FE0446002884
:1012200000F0888010F1540FB6D129463046E7F718
:1012300091FB04460028E4D0AEE7D6F868900B9BFB
:10124000484610A91093FFF7A0FC109FD9F81C3056
:1012500001379F42109750D1471C97FAA7F7B7FA6A
:1012600087F7A146099B07F1010A11930DF1440B81
:101270004FEA89030D930423CDE902B34FEA8903B2
:10128000CDE900833246012330460A99FFF7D8FDA5
:10129000044600289ED14F4535D109F10109CA45C0
:1012A000E6D8C5F838804FEA8A0724E0099B324621
:1012B000009300213046CDE902BACDF80490A7EBA7
:1012C0000903FFF7D8FA044600287FF465AF01232D
:1012D00032463046CDE902BACDE900890A99FFF7D6
:1012E000AFFD044600287FF475AF09F101094F45B1
:1012F000DCD8C5F83880EF6378E7A1464FF0010AE3
:101300000DF1440BF3E70423CDE902B34FEA89035F
:101310000193119B01460093324604233046FFF7A8
:10132000AAFA04460028B8D036E76FF001036F6BC5
:10133000AB63E0E76B6B3B446B63EB6B3B44EB6392
:10134000079B3B440793069BDB1B0693F36E3366B8
:10135000FBE6F0B50C46096B0546080397B008D5C7
:10136000CA0158BF4FF0FF3321F4002158BF236456
:1013700021634B0302D4002017B0F0BD11F080713F
:10138000666BE76A3FD1542201A804F00DFAA36A04
:10139000CDE90B37012311AFCDE90D3695E80F00EC
:1013A00087E80F004FF0FF372F60626BE36A9A42C5
:1013B00012D304F1400701232A4639462846FFF795
:1013C00005FD20B310F1540FD6D121462846E7F78A
:1013D000C1FA0028EFD0CFE7012328460DF1030220
:1013E00001A9E7F737F90028C6DB01232146284683
:1013F0000DF10302FFF77EFE0028BDDB2B680133F1
:10140000D3D01197D0E7BE422CBF66636763A36B4E
:10141000A362636BE362236B23F4802343F4803382
:10142000C4E90C36A7E72DE9F7431E460B6B1746B8
:101430001A0305460C4619D4216B0B051DD4D4F8AC
:1014400034806B6F08EB06029A422FD811F4802982
:1014500019D033463A4621462846FFF74BFE00286E
:1014600008DB236B23F49013236303E0FFF771FF82
:101470000028E1D003B0BDE8F083E36A626B9342D9
:1014800088BF6363DBE7E36A9845E2D96363636B14
:101490009845DED90123214628460DF107028DF833
:1014A0000790FFF727FE0028F1DAE3E76FF01A0054
:1014B000E0E72DE9F34107460E4614464D6B13B1A4
:1014C000012B09D12C447B6FA3423CD3AC4210D1F9
:1014D000204602B0BDE8F081022B08D1D1E90B32E1
:1014E000520302D5AB4238BF2B461C44EBE72C46D7
:1014F000E9E7336B1B031ED5D7F86880F26BD8F889
:101500001C309A4217D0694640460095FFF73DFBD4
:1015100001A9054640460194FFF737FB85420AD1F1
:10152000736C019A934206D8B16C0B449A4202D272
:101530007463F263CCE731463846FFF70AFF0028B0
:10154000C7D17463C4E76FF01500C2E72DE9F0431B
:101550008DB00C4604A9054617469846BDF8549030
:10156000FFF78CFD064628BBE37D3A468DF8273011
:10157000A36928460A93E36904A90B93BDF8583080
:10158000CDE90193149B00934346E7F789FB0028BC
:1015900014DB0123049F059A2046A761E261E375ED
:1015A00005F12001FFF70CF920B9B9F1000F01D1C5
:1015B000C5E9087230460DB0BDE8F0830646F9E78C
:1015C00010B50446E7F75CFE002806DB05D0204690
:1015D000BDE810400021E7F7C7BF10BDF0B587B0E8
:1015E0000C460546FFF7B5FE226B064628B142F4CD
:1015F00080122263304607B0F0BDD10349D504F113
:1016000008073846FFF7D2F8002842D1D20120D58A
:1016100040F20120E36CE26AA18842EA812242EAB8
:101620000052CDE90223226D2846936843EA8123C4
:1016300043F08153049353683946059302AA022369
:10164000FFF7BEFF236B08B343F480132363064602
:10165000D0E74FF0FF3329462A4641F8103B284691
:101660003346FFF7B3FB0028F1D1A86E0369984712
:101670000028ECD1236BDB01CAD4D4E90A016B4604
:10168000CDE90001082240F20220C5E723F48033AF
:101690002363AA6A04F1080522B9236B23F490138B
:1016A0002363A7E7944210D09379012B0DD12946EB
:1016B00002F10800FFF784F838B9A38891889942AD
:1016C00002BF136B43F4003313631268E4E70B6B40
:1016D00070B5DB0206460C4613D4FFF77FFF0546C4
:1016E000B26A06F1280322B11A6894420BD122682B
:1016F0001A60236D1B6813B9E06CCDF74DFF2846C7
:1017000070BD0025ECE713461268ECE708B5FFF75B
:1017100025FA002008BD70B58AB001911646002355
:1017200001AA02A90546E6F7EBFE041E0FDB2F21F6
:10173000019804F06BF810B1230D022B0AD1C4F309
:1017400089223346284602A9E6F7EEFA04462046E7
:101750000AB070BD6FF01304F9E7E8F72FB8FFF790
:10176000B6BFFFF73BBF2DE9F0411F460B6B0546A7
:101770005B030C46164607D43B46324621462846B4
:10178000BDE8F041E6F766BFFFF7E3FD0028F3D0C0
:10179000BDE8F081FFF747BEFFF78BBE2DE9F041B2
:1017A000161E05460C4686B076DBD1E90B32520395
:1017B0004F6B02D5BB4238BF3B469E4251D2EB6FC6
:1017C0009E4230D8002321461A462846FFF771FE74
:1017D00000285EDB4FF0FF3321462B60284633465E
:1017E000EA68E6F737FF002853DB236B6FF001024E
:1017F00043F0847343F4803323630023C4E90A264F
:1018000022646364AB6E32469B6AE06CA364E96851
:1018100003F0A4FF00233A4621462846FFF749FE7D
:1018200000EAE07035E021462846FFF792FD80BBD4
:1018300005AB029304F138030193731E00930590E6
:1018400004F140012846D4E90A23FFF7BBF900BBA5
:10185000A36B6663C4E90A36236B43F41023236346
:10186000D8E7D7D90223002221462846FFF721FED8
:1018700000280EDB4FF00008636B9E42CAD901239B
:101880002146284605AA8DF81480FFF7CCFD0028D4
:10189000F2DA06B0BDE8F0816FF01500F9E7486BA9
:1018A0007047826A00F1280322B11A68914203D17D
:1018B0000A681A600020704713461268F4E7E7F7D9
:1018C000BDB808B5EBF710FD002818BF6FF0040095
:1018D00008BD08B1CDF78EBF704710B54369044607
:1018E0003BB90020E2684042537843F00103537053
:1018F00010BD98470028F4D00028B8BF4042FF2808
:10190000A8BFFF20E3681870ECE7C3685B78DB07CB
:1019100001D4FFF7E2BF6FF07700704740B1C368B2
:10192000587810F001001EBF1878B0FA80F0400916
:1019300070472DE9F04F89B0DDE912680592434602
:101940000546324606A80F4600F082FCDDE9063463
:10195000CDE90234EFF311844FF0200989F31288A6
:1019600005F10C0A05F1140B39462846059A149B1B
:10197000984720B184F3118809B0BDE8F08F56EA8A
:101980000806F7D0DDE9022306A800F086FCDDE9B1
:101990000668524621465846CDE90068E9F786FDBB
:1019A000EFF3118489F31288DEE710B400F10C0420
:1019B000C0E903440024047510BCF7F7B8BF38B57C
:1019C0000446EFF31185202383F31288F7F7BCFE5A
:1019D00004F10C0000F0C0FB30B1294604F1140002
:1019E000BDE83840E9F7EABC85F3118838BD10B589
:1019F00082696AB1C36842EA0301890708D1416973
:101A0000A2FB011424B95B182CBF0121002102D3D1
:101A10006FF0150005E001619B1A42698A4201D806
:101A2000002010BD026901311A60826903619B1AAE
:101A3000F3E72DE9F04105460F46EFF31188202327
:101A400083F312880669FEB90468A0421CD0DCB199
:101A5000D4E9003213605A60237CC4E9006623F0A5
:101A600002032374A66004F11800E9F779FF204609
:101A7000C4F894606761E9F7A5FB414605F10800E9
:101A8000BDE8F041E9F79ABC3E60EB692F61013B8C
:101A9000EB6188F31188BDE8F08110B52024EFF3E5
:101AA000118384F31288F8F77CFCF8E7D0E9003260
:101AB00013605A600023027CC0E9003322F0020266
:101AC000027483607047C0E9032303FB0212002302
:101AD000436280F83030037200F12803C0E9062128
:101AE000C0E90000C0E90A3341610162704713B5E3
:101AF00001240094E8F788FD02B010BD70B50446DB
:101B0000EFF31186202383F3128800232568AC426B
:101B100012D08DB12846FFF7C9FF05F11800E9F78B
:101B20001FFF6FF02203C5F89430002328466B6135
:101B3000E9F748FB0123E9E700226262226AE261D9
:101B400033B1314604F10800BDE87040E9F736BC16
:101B500086F3118870BD90F90E308B4201D0E9F701
:101B6000D3BC0020704703460020C3E90033C3E91B
:101B7000020018617047D0E9003213605A600023F8
:101B8000027CC0E9003322F00202027483607047D5
:101B900010B5044630B10268930703D0446809B118
:101BA00000F033FD204610BD2DE9F04190469DF830
:101BB000182004460D46079E02B14568224652F899
:101BC0000C7F974217D0B7B13846FFF7D4FF07F123
:101BD0001800E9F7C5FE00233846C7F89430C7F867
:101BE0001480E9F7EFFA04F108003146E9F7E6FB63
:101BF0000020BDE8F081A3B10820EAF723F900280E
:101C000036D00122C0F804800260016801F00301AF
:101C10005DB922680A430260626820606AB9606048
:101C20000BE04046C8F80030EFE72A68032A14D8D2
:101C30000160616859B9C4E90000042104F114008D
:101C400000F038FC0028CED186F31188D1E70A686D
:101C500002F0030202430A60E1E722F003020A43B2
:101C600002602A6802F0030240EA02032B60E4E704
:101C70006FF00B00E8E70023C0E90033037200F1C6
:101C80000C03C0E9033300F11403C0E905337047C6
:101C900070B50546EFF31186202383F312880346BF
:101CA00053F80C4F9C4219D074B12046FFF763FFE4
:101CB00004F11800E9F754FE00232046C4F89430DC
:101CC0006361E9F77FFA0124082105F1140000F0AF
:101CD000F1FB28B924B986F3118870BD0024F3E71D
:101CE000314605F10800BDE87040E9F767BB07B56C
:101CF0000A46EFF31183202181F312880193012317
:101D0000009300231946FFF74FFF03B05DF804FB73
:101D100007B50A46EFF31183202181F3128801935E
:101D2000002319460093FFF73FFF03B05DF804FB63
:101D30002DE9F04105468846EFF31187202383F310
:101D40001288002604680CB9204617E000212046BE
:101D5000FFF71EFF2368804523F003031CD18EB9D3
:101D60006A682B60944200D16B602368012103F004
:101D7000030320462360FFF70BFF012087F3118840
:101D8000BDE8F081326802F003021A4332606B68EA
:101D90009C4208BF6E60E8E726461C46D3E710B5B4
:101DA000EFF31184202383F3128800210068FFF7EA
:101DB000EFFE84F3118810BD5AB18A4209D300F1B5
:101DC0001003C0E90212C0E90000C0E9043300209A
:101DD00070476FF015007047012302688B4022EABC
:101DE0000303036022FA01F000F00100704770471E
:101DF000F8B504460E460C300321FFF7EDFF05460B
:101E000030B1202710342046E9F7AAFD0B3001D06D
:101E10002846F8BD336883F31188EFF3118387F305
:101E200012883360EFE770B5C3680446C3F3400619
:101E30009B0716D4856802210C30FFF7CDFF80B1D7
:101E4000D5F89C206AB194421DD122689EB9D5F87C
:101E5000A030C5F89C209C4201D1C5F8A0200023E9
:101E60002360E36813F01F001EBF43F00203E3602A
:101E700040F0020070BD3260D5F8A020944208BF47
:101E8000C5F8A060EBE716461268DBE738B5E0B1AD
:101E900050F8A44F844218D0BCB1D4E900320025D8
:101EA00013605A60237CC4E9005523F002032374B5
:101EB000A56004F11800E9F753FDC4F8945065617A
:101EC0002046BDE83840E9F77DB938BD73B5044612
:101ED000EFF31185202383F312880023A0F110066D
:101EE000032104380193FFF777FF28B1A369304637
:101EF00001A90193E8F710FF85F3118802B070BDC6
:101F000038B504460D461022002103F04DFC6560F3
:101F100038BDEFF31183202282F31288C06800F0ED
:101F20001F0083F311887047E8F784BF70B50D4632
:101F3000EFF31186202383F31288E8F73FFF04466E
:101F400086F3118838B14FF0FF324FF0FF3305F1BF
:101F50001000E8F7B3FD204670BD08B5B822002197
:101F600003F022FC08BD38B530220D46002104469E
:101F700003F01AFC4FF480736560E36038BDFFF72F
:101F8000C8BF37B50446EFF31183202282F31288CD
:101F900001A90193FFF72CFF2046019DFFF743FFA6
:101FA00085F3118803B030BDEFF30580003818BF0A
:101FB000012070476FF0570070470020704738B518
:101FC0000446EFF31185202383F31288037C5B071B
:101FD0000ED51830E9F7C4FC237C204623F0040317
:101FE0002374E9F7EFF82846BDE83840E9F7F6B979
:101FF00085F3118838BD38B58589EFF3118120222A
:1020000082F31288037C13F0080402D081F3118854
:1020100038BD0122E9F740F9EB07F9D584F31188BF
:102020000423184602DFF3E7E9F700BAD0E90032EB
:1020300013605A600023C0E90033704708B5FFF70A
:10204000F5FF037C23F0020303740023836008BDC3
:1020500010B5EFF31184202383F31288E9F7B2F867
:1020600084F3118810BD38B504460D46E9F7EAF847
:10207000237C43F002032374D5B1A5602B689D42F5
:1020800009D16B68C4E900531C606C6010E06A6899
:102090009A42F6D01B68002BF3D093F90E1094F9F6
:1020A0000E209142F3DD5A68C4E9003214605C608E
:1020B00038BD08B5037C014613F0280F0CD18368A6
:1020C0000BB1FFF7BBFF0B7C084623F004030B7436
:1020D000BDE80840E9F776B808BD38B50446EFF327
:1020E0001185202383F31288E9F778FC18B9A4F14D
:1020F0001800FFF7DEFF85F3118838BD08B50346E9
:10210000EFF31181202282F312880068834205D008
:1021100008B1FFF793FF81F3118808BD0020FAE7AB
:1021200070B50546EFF31184202383F3128883688A
:102130000BB1FFF783FF202618352846E9F710FC7E
:102140000B3002D084F3118870BD84F31188EFF353
:10215000118486F31288F0E770B50546EFF3118617
:10216000202383F3128804680020A54202D186F35D
:10217000118870BD002CFAD02046FFF75FFF04F1F4
:102180001800E9F7EDFB2046E9F71CF801202C6860
:10219000EBE72DE9F04706460F4691469A46EFF3E6
:1021A0001188202383F312880068864206D028B164
:1021B000736898420CBF0025056858B90024B9F12E
:1021C000000F02D051462046C84788F311882046A8
:1021D000BDE8F0875146B84704460028EFD135B135
:1021E0007368AB4200D02C6828462546E5E72C46AC
:1021F000FAE708B5E9F780FABDE80840E9F7B2BAAE
:1022000008B50246E9F70CFB6FF00041B8B18A420D
:1022100013D2D0E90230B0F1FF3F08BFB3F1FF3F66
:1022200003D08B4270F1000003DB6FF00040801A96
:1022300008BD9A4201D2981AFAE70020F8E78A42CC
:10224000F3D3F5E708B5E9F749FC08BDE9F746BC63
:10225000B3F1FF3F08BFB2F1FF3F70B506461D4620
:10226000144614D01A4316D0002B08DBE9F736FCCD
:10227000041941EB0501C6E90041304670BD6FF01D
:1022800001031C1B4FF0FF3363EB0501F3E74FF035
:10229000FF342146EFE70024FBE7B3F1FF3F08BF1F
:1022A000B2F1FF3FF8B5074616461C4610D054EA77
:1022B000020311D0E9F712FCB0420A46A1410346DD
:1022C0000AD2F31A64EB0204C7E900343846F8BDB9
:1022D0004FF0FF331C46F7E70023FBE730B5D0E9AA
:1022E0000034984208D03CB1A568DDB112F9522CF7
:1022F00015F9525CAA4207DDC1E900042160416082
:102300000FE0A342F8D01B68002BF5D09D684DB1BB
:1023100015F9525C9542F4DD5A68C1E9003211604A
:10232000596030BD00239B7BFFDE2DE9F84F00256F
:102330000F461446984601462E464FF0200AA946FD
:10234000BD4202DB3046BDE8F88FEFF3118B8AF314
:1023500012884B7B03F03F03082B09D853B1013B94
:10236000072B07D8DFE803F0281C06220606062EF6
:10237000102B2DD0B8F1000F3BD12378002B38D093
:102380004B7B03F03F03082B38D8002B38D0013BA0
:10239000072B35D8DFE803F04137343D343434447B
:1023A0000B699B68002BE5D0022317E00B691B68C3
:1023B000002BDFD0042311E00B699B68002BD9D0E0
:1023C00001230BE00B695B6A002BD3D0102305E0DF
:1023D0000B699A895B899A42CCD02023CA68C1F8DC
:1023E0000890C2F38630034363F39432CA6084F8E2
:1023F00000908BF3118801351431A1E7102B0FD019
:102400008C600136F5E7224608691030FFF766FF59
:10241000F6E7086922461430F8E722460869F5E72E
:10242000086922462830F1E72DE9F843846805461B
:102430000E46D4B16378012B22D114F8503C9A0790
:1024400011D5A4F160073846FFF76AFE082E14BFC5
:1024500000236FF00303636314F8503CDB0602D1E2
:102460003846FFF7F5FD002323700023AB60EB68CF
:10247000C3F38632164366F39433EB60BDE8F8830A
:10248000022BF0D12378002BEDD054F8048CB8F156
:10249000000FE8D04FF00009274604F1140007F8B8
:1024A0001499E9F75DFA39464046C4F82C90E8F7EC
:1024B000C1FCD8E738B5EFF31185202383F31288E8
:1024C0000468A0420FD0D4E9003213605A600023A0
:1024D0002046C4E90033FFF7A7FF85F31188201ECB
:1024E00018BF012038BD0024F7E70023C0E9000031
:1024F0008360704700238360704783680B60C36804
:10250000136070472DE9F34702F002031646DDE938
:102510000AA953EA010205460C460AD0EFF31188D6
:10252000202282F312880BB1002383602CB988F338
:102530001188002002B0BDE8F087E9F7C5F8AB6864
:10254000F107074603EA040008D5844208D1720760
:1025500044BF8343AB6088F31188EBE70028F6D1D2
:102560005AEA0903E3D0C7E919462A464146CDE9AC
:1025700000A905F10C00E8F799FF0028D9D1786E81
:10258000D8E710B50B680446D0E9190212F0010F24
:1025900003EA000301D0984211D183B16366520768
:1025A00048BF4A6804F1180044BF1A434A60E9F77B
:1025B000D7F900232046C4F89430FFF77AFD0020B5
:1025C00010BD0023C0E900008360037370470A4612
:1025D000E9F7F2BB0A460021E9F7EEBB5200FFF72C
:1025E00091BF043270B504460AD2EFF3118520265C
:1025F00086F3128841F00401984785F3118808B9E1
:10260000002070BD40F8044BFBE7014610B550B107
:1026100051F8040DEFF31184202383F31288F7F7A8
:1026200093F884F3118810BD837842781B040078F6
:1026300043EA0223184370470068704708B5024612
:10264000FFF7FAFF0346101DFFF7F6FF0146184695
:1026500008BD0B0A017043700B0C090E8370C1702A
:10266000704708B501EB8202031F0846FFF7E4FF3D
:102670000431914243F8040FF7D108BD10B500EBC7
:1026800082020C1F54F8041FFFF7E3FF043090424E
:10269000F8D110BD2DE9F04188460546FFF7CEFF81
:1026A000064640460C46FFF7C9FF464005F10800C4
:1026B0004C40FFF7C3FF074608F108000D46FFF73F
:1026C000BDFF7840694030432143BDE8F081F8B553
:1026D00006460F46FFF7DEFF05460C4606F11000E2
:1026E00007F11001FFF7D6FF28432143F8BD282248
:1026F000002103F059B801232422002140F8043BB3
:1027000003F052B8002351F8232040F8232001336E
:102710000A2BF8D17047002351F82320524240F889
:10272000232001330A2BF7D17047002330B551F82D
:10273000234052F823502C4440F8234001330A2B05
:10274000F5D130BD002330B551F8234052F8235065
:10275000641B40F8234001330A2BF5D130BD13B57B
:1027600052420B6801920268019C534023405A4038
:1027700002600A68019C5A400A6042684B685340F4
:1027800023405A4042604A68019C5A404A6082682D
:102790008B68534023405A4082608A68019C5A40AB
:1027A0008A60C268CB68534023405A40C260CA68FE
:1027B000019C5A40CA6002690B69534023405A4049
:1027C00002610A695A400A6142694B69019C53409F
:1027D00023405A4042614A69019C5A404A618269D9
:1027E0008B69534023405A4082618A69019C5A4058
:1027F0008A61C269CB69534023405A40C261CA69A9
:10280000019C5A40CA61026A0B6A534023405A40F5
:1028100002620A6A019C5A400A62426A4B6A534049
:1028200023405A4042624A6A5A404A6202B010BD8E
:1028300013B552420B6801920268019C5340234039
:10284000534003604B684268019C5340234053400F
:1028500043608B688268019C5340234053408360EF
:10286000CB68C268019C534023405340C360026957
:102870000B69019C534023405340036142694B69FB
:10288000019C534023405340436182698B69019C02
:102890005340234053408361C269019CCB6953403C
:1028A00023405340C361026A0B6A019C534023409A
:1028B00053400362426A4B6A019C53402340534099
:1028C000436202B010BD2DE9F04F044687B00846C0
:1028D000FFF7B2FE8246081D1746FFF7A5FE8301EB
:1028E000C81D0493FFF7A0FE430101F10A00019304
:1028F000FFF79AFE4FEAC00801F10D00FFF794FEC2
:10290000860001F11000FFF797FE009001F114001E
:10291000FFF78AFE4FEAC01901F11700FFF784FEA6
:10292000430101F11A000293FFF77EFE030101F15A
:102930001D006FF07F410393FFF776FE002541FAFB
:1029400007F202401AF100714FEA820E4FEA9161DC
:1029500045F1000241EA8211049B8806BAEB000AA5
:102960004FEA911C6CEB4C0B92165F1842F100027F
:1029700016F1007045F10005800E40EA85108306CF
:10298000F31A009E4FEA901161EB4101AD16361823
:1029900045F1000517F1807C42F100024FEA5C6CC2
:1029A0004CEAC21C5016A7EB4C620492019A12EB3F
:1029B0000C02009240F1000016F1807245F1000C0B
:1029C000520E42EACC1219EB0209A6EB4265009ABC
:1029D0004FEA6C6C4CF1000C12F1007240F10000F7
:1029E000920E42EA80120595801618EB02050195B9
:1029F00040F1000019F100754CF1000C4FEA9568A8
:102A0000029D48EA8C1815EB08050295019D4FEAD6
:102A1000AC6C4CF1000C15F1807740F100007F0E9A
:102A200047EAC0170298DB1941F1000110F18075E7
:102A30004CF1000C03986D0E45EACC1540194FEA95
:102A40006C6C4CF1000C13F10076039041F1000125
:102A500010F100704CF1000C800E40EA8C101EEB5F
:102A6000000E4FEA96664FEAAC6C46EA81164CF1CE
:102A7000000C1EF180714CF1000C490E41EACC11A2
:102A80004FF0130CC1FB0CAB1AF1007C4BF1000BA7
:102A90004FEA9C6C4CEA8B1CAAEB8C6AC4F800A031
:102AA000DDF810A0A3EB86631AEB0C0CC4F804C08D
:102AB000DDF800C0AEEB4161ACEB826C019AC4F86A
:102AC00008C0A2EB4762E2602361059B61629E1928
:102AD000A9EB8863A361029B6661A3EB4565039B39
:102AE000E561A3EB8060206207B0BDE8F08F2DE9BF
:102AF000F04F0D680C6982FB055815F1007782FBD9
:102B0000044648F1000CBF0E47EA8C174FEAAC6E42
:102B1000BB060CF07C4C8BB0EB1A4CEA971C4D6852
:102B2000069368EB0C0314F1007C07934FEA9C6C4E
:102B300046F10003C2FB057E4CEA831C4FEA8C651C
:102B4000641B4FEAA36A4D6903F07C4343EA9C137C
:102B500066EB0306C2FB05CA17F180754EF1000E45
:102B60006D0E45EACE15A7EB456708978F684FEACB
:102B70006E63C2FB07531CF1807E4AF1000A15F117
:102B8000007943F100034FEA5E6E4FEA996949EA22
:102B900083194EEACA1EACEB4E67CC4609978F6983
:102BA0004FEA6A6AC2FB07EACF689B16C2FB07C3FB
:102BB000CDF808C01EF1007C4AF1000A4FEA9C6C77
:102BC0004CEA8A1CCDF804E0E646CF694FEAAA6ACF
:102BD000C2FB07EA029FCDF80CE017F1807843F1C1
:102BE00000034FEA586848EAC31814EB080446EBA0
:102BF00063661EF180774AF1000A7F0E47EACA1722
:102C0000BE460B6A4FEA6A6AC2FB03EACDF810E0DF
:102C100014F1007E46F100034FEA9E6E4EEA831ED9
:102C2000049B4FF0130B13F100764AF10003B60E2C
:102C300046EA8316B246496A9B16C2FB01A31AF103
:102C4000807143F10003490E41EAC311CDF814A08D
:102C5000A1FB0B2A5B160BFB03AA069BA5EB896560
:102C6000D218079BA4EB8E644AEB030A12F100739F
:102C70004AF1000A9B0E43EA8A13A2EB83620260C8
:102C8000089A8560D3184360029BA3EB4863C36036
:102C90000461099B13EB0E034361019BA3EB8C635F
:102CA0008361039BA3EB4767049BC761A3EB866625
:102CB000059B0662A3EB416141620BB0BDE8F08F5A
:102CC0002DE9F04FA3B00290D1E9000307938B6880
:102CD0004FF0130BD2E900CE0093CB6808930B6939
:102CE00001934B690993D1E906930A93D1E90853FB
:102CF0000B9393680393D368049313690593536903
:102D00000C9393690E93D369DDF800A01593136AB1
:102D10001793536A1893079B5B000F93089B0F99B7
:102D20005B001093099B5B0011930A9B5B0012935D
:102D30000B9B5B001393039B0BFB03F7049B0BFBA9
:102D400003F6059B0BFB03F316930C9B0BFB03F3A2
:102D500014930E9B0BFB03F30D93159B0BFB03F3DB
:102D60000693179BDDF818800BFB03F2189B0BFBF7
:102D700003F381FB0314C0FB0C14CAFB0214DDF83F
:102D800040A0CAFB0814DDF80480DDF834A0C8FBBD
:102D90000A14DDF84480DDF850A0C8FB0A14DDF801
:102DA00058800BFB0EFAC9FB0814DDF84880C8FBFD
:102DB0000614C5FB0714DDF84C80C8FB0A14CDE9E6
:102DC00019140799DDF800A08CFB0118C0FB0E1840
:102DD000C3FB0A18DDF820A0019CC2FB0A18DDF82D
:102DE00018A0CAFB04180D9CDDF824A0C4FB0A1827
:102DF000149CDDF828A0C4FB0918169CC4FB0A1813
:102E0000C6FB05180B9CC7FB0418CDE91B180F99CE
:102E1000039C81FB0E17C0FB0417009CDDF8448067
:102E2000CCFB0417109CC3FB0417019CC2FB0417C6
:102E3000069CC4FB08170D9CDDF84880C4FB0917ED
:102E4000149CC4FB0817169CC4FB0517139CC6FBF7
:102E50000417039CCDE91D1707990B9F81FB0416EE
:102E6000049CC0FB0416009CC4FB0E16089CCCFB03
:102E70000416019CC3FB0416099CC2FB0416069CA5
:102E8000C4FB09160D9CC4FB0A16149CC4FB051652
:102E9000169CC4FB0716049C16910F991F9681FB84
:102EA0000461059C039FC0FB0461009CC4FB076197
:102EB000109CC4FB0E61019CCCFB0461119CC3FB04
:102EC0000461C2FB0961069CC4FB08610D9CC4FB44
:102ED0000561DDE91374C4FB0761079CB046059EDC
:102EE00084FB06670C9CDDF810A0C0FB0467009C07
:102EF000C4FB0A67089CDDF80CA0C4FB0A67019CB0
:102F0000DDF82CA0C4FB0E67099CCCFB0467C3FB57
:102F100009670A9CC2FB0467069CC4FB05670D9CFD
:102F2000C4FB0A670F9C0D960C9E149784FB0667E2
:102F30000E9CDDF814A0C0FB0467009CC4FB0A676C
:102F4000109CDDF810A0C4FB0A67019CDDF80CA002
:102F5000C4FB0A67119CDDF84CA0C4FB0E67CCFBD8
:102F60000967129CC3FB0467C2FB0567069CC4FB90
:102F70000A67079C06960E9E209784FB0667159CA1
:102F8000C0FB0467009CDDF830A0C4FB0A67089C06
:102F9000DDF814A0C4FB0A67019CDDF810A0C4FB97
:102FA0000A67099CDDF80CA0C4FB0A67C9FB0E6721
:102FB0000A9CCCFB0467C3FB05670B9CC2FB046740
:102FC0000F9A159CB24682FB0426179C2197C0FBE2
:102FD00004260E9F009CC4FB0726109C0C9FC4FB7C
:102FE0000726019C059FC4FB0726049F119CC4FB78
:102FF0000726039CC9FB0426129CC4FB0E26CCFBAF
:103000000526139CC3FB0426079B0F92179A189C56
:1030100083FB0232C0FB04320098159CC0FB0432D3
:1030200010460E9C089AC2FB0430019A0C9CC2FB0D
:103030000430099A059CC2FB0430C9FB07300A9A88
:10304000039CC2FB0430C5FB0E300B9A199CCCFBD1
:1030500002309C46199B059013F1007E1A9B4FEAA3
:103060009E6E43F100004EEA801E4FEA8E62A21A65
:10307000079200F07C431A9A43EA9E1362EB030323
:1030800008931B9B13EB0E0E1C9B43EBA06018F1E7
:10309000007541F10003AD0E45EA831503F07C4451
:1030A000AA06B8EB020244EA951461EB04010D9CF8
:1030B0006519149C44EBA3631EF1807440F1000079
:1030C000640E44EAC014AEEB446709971D9F3C1997
:1030D00000941E9C44EB606015F1807443F1000382
:1030E000640E44EAC314A5EB44650A95069D2C19A9
:1030F0000194209C44EB6363009C14F1007440F144
:1031000000004FEA946E169C4EEA801E14EB0E04EB
:1031100003941F9C44EBA060019C14F1007543F1E3
:103120000003AD0E219C45EA83151AEB050944EB1B
:10313000A363039C14F1807740F100007F0E47EAFF
:10314000C017D21941EB606119F180740F9843F1F7
:103150000003640E44EAC31410EB040846EB6363F7
:1031600012F1007641F10001B60E46EA8116614681
:1031700018F1007043F10003800E40EA8310091833
:1031800004910599A2EB866241EBA3630499A9EB34
:10319000446411F1807143F10003490E41EAC31107
:1031A000A1FB0BCA5B160BFB03AB079BDDF808A06A
:1031B0001CEB0303DDF820C0A8EB80604BEB0C0B8D
:1031C00013F1007C4BF1000B4FEA9C6C4CEA8B1C1A
:1031D000A3EB8C63CAF80030099BCAF8102013EBEC
:1031E0000C03CAF80430009BCAF81C40A3EB8E63A2
:1031F000CAF80830039BCAF82000A3EB47670A9B74
:10320000CAF80C709E19019BCAF81460A3EB85657F
:10321000049BCAF81850A3EB4161CAF8241023B0EC
:10322000BDE8F08F2DE9F04F95B08246D1E900233B
:10323000D1E902400690D1E904900290D1E906B0AC
:103240000390086A496A0490089161000591069903
:103250002620490000910299039D4900019103999C
:1032600000FB05F8490009911321049D5F0001FB53
:1032700005F6089D079300FB05FC01FB0BF3029983
:103280004FEA420E484387FB0C15C2FB02152A4643
:103290006500C5FB0612009D0A93C5FB08124FEAA4
:1032A0004905C5FB03120D460299079BC1FB00525D
:1032B0008CFB0410CEFB03100B95009D0A9BC6FBF4
:1032C0000510C8FB09100D460199C3FB0150079B6F
:1032D000CDE90C5087FB0331CEFB0431009D0698ED
:1032E000CCFB05314FEA4905C6FB0531019DC8FB02
:1032F00005310D460A99C1FB0B350A9387FB043152
:103300000E95069DCEFB0531CCFB0931019DC6FB18
:1033100005310D46C8FB0B35CDE90F35009B4FEA53
:103320004B0587FB0331CEFB0931C4FB0431019C03
:10333000CCFB0431C6FB0531039CC8FB0431079369
:1033400087FB0935029CC4FB0E35DDE90548C4FB4B
:103350000835CCFB0B35099CDDF81480C6FB043521
:103360001193019B87FB0334CEFB0B34C8FB09345C
:10337000DDF80080C8FB00340998CCFB00340498C9
:10338000DDF80880C6FB0034069387FB0B630398C7
:10339000CEFB00630598C0FB08630098C0FB09637F
:1033A0000498CCFB0063CDE91263099B87FB03689B
:1033B000CEFB0068059BC3FB0B68DDE90030C3FB57
:1033C0000068C9FB0968089B0398CCFB0368049B51
:1033D000CDF8248087FB037C089BCEFB037C059BF8
:1033E000C3FB007C009BC3FB0B7CE346019BC9FB3A
:1033F000037B0B9B049713F1007742F1000CBF0E87
:1034000047EA8C174FEA87680CF07C4EB3EB080351
:103410004EEA971E059362EB0E030C9A08930D9BE0
:10342000D71943EBAC60079B13F1007C41F1000E10
:103430004FEA9C6C4CEA8E1C4FEA8C629A1A0EF092
:103440007C48119B48EA9C1861EB080113EB0C0CBB
:1034500045EBAE6517F1807E40F100004FEA5E6EED
:103460004EEAC01EA7EB4E6307930A9B13EB0E03B5
:1034700000930E9B43EB60601CF1807745F10005E3
:103480007F0E47EAC517ACEB47630A93069B4FF0E4
:10349000130CDF19009B44EB656413F1007540F1D8
:1034A00000000F9B4FEA956E4EEA801E13EB0E0351
:1034B0000293109B019743EBA06017F10075129BDC
:1034C00044F10004AD0E45EA841513EB0509139B86
:1034D00043EBA463029C14F1807740F100007F0E5F
:1034E00047EAC017D21941EB606119F1807443F1CA
:1034F0000003640E099844EAC31416EB040840EB79
:10350000636312F1007641F10001B60E18F100700C
:1035100046EA811643F100030499800E40EA8310C5
:10352000091804914BEBA36311F1807143F100037F
:10353000490E41EAC3110392A1FB0C2B5B160CFB55
:1035400003BB059BDDF820C0D3184BEB0C0B13F12C
:10355000007C4BF1000B4FEA9C6C4CEA8B1CA3EBFC
:103560008C63CAF80030079BA9EB446413EB0C038F
:10357000CAF80430009BA8EB8060A3EB8E63CAF806
:103580000830029BCAF81C40A3EB4767039BCAF8AC
:103590000C70A3EB86620A9BCAF810209E19019B4F
:1035A000CAF81460A3EB8565CAF81850CAF8200061
:1035B000049BA3EB4161CAF8241015B0BDE8F08F5D
:1035C0000029A1BFCB10C05C01F007010841ACBFCE
:1035D00000F00100002070472DE9F04300241C306A
:1035E00002F11C080025A0F11C0C161F4FF0000969
:1035F00056F8047FDCF8003051F824E0EEFB073980
:103600005B1949F10005B0454CF8043BEED101349B
:10361000082C40F8045FE5D1BDE8F08310B50446FE
:10362000FFF765F804F12800FFF765F804F1500092
:10363000FFF761F804F17800BDE81040FFF757B8D4
:103640002DE9F043164604460D4695B00A466846F5
:103650002831FFF76AF80AA8FFF774F8324669467E
:103660006846FFF72DFB0AA904F12808084606F171
:103670002802FFF725FB69460AAA4046FFF755F8DE
:103680002046FFF75FF804F1500705F15002384675
:103690001146FFF74AF804F17809394606F150025D
:1036A000FFF70EFB484606F1780205F17801FFF7B7
:1036B00007FB4A4639466846FFF737F80AA8FFF77E
:1036C00041F8424621464846FFF7FAFA214620468D
:1036D0000AAAFFF7F5FA6A4641464046FFF7F0FAB4
:1036E000694638460AAAFFF7EBFA15B0BDE8F08341
:1036F0002DE9F84F1C46904605460F460A9E18468F
:103700000A462831FFF711F83046FFF71BF842460A
:1037100021462046FFF7D4FA05F1280A3146304603
:1037200008F12802FFF7CCFA324621465046FEF750
:10373000FCFF2846FFF706F805F1500907F1500293
:1037400005F1780B11464846FEF7EFFF584608F1A1
:10375000500207F17801FFF7B3FA5A46494620466E
:10376000FEF7E3FF3046FEF7EDFF52462946584686
:10377000FFF7A6FA324629462846FFF7A1FA224665
:1037800051465046FFF79CFA324621464846BDE86E
:10379000F84FFFF795BA2DE9F047144689460746DA
:1037A00004F12808104609F1280A04F15005FFF732
:1037B00039FD51464046FFF735FD284609F15001D5
:1037C00004F17806FFF72EFD294628460222FFF76E
:1037D0008EF952464946304607F17809FEF7A5FFB3
:1037E00031464846FFF71EFD224641463046FEF769
:1037F0009CFF4046FEF7A6FF324649462046FEF7AC
:10380000A1FF424629462846FEF79CFF2A4621464C
:103810003846FFF755FA4246314607F12800FFF7D0
:103820004FFA2A46414607F15000FFF749FA32465F
:1038300021464846BDE8F047FFF742BA2DE9F84F68
:103840009846C378054693420E460CD11146404631
:10385000FFF7B6FE571E044639464046FFF7B0FE56
:10386000844209D1EF70B5F90030934214BF0020B3
:1038700095F90200BDE8F88F571CB742A8BF37463C
:10388000A2EB070B4FF000095E4607F1FF3A04FA7E
:103890000AF46442CA450BF1010B21DCD11B4046FE
:1038A000FFF78EFE04446142214001F0F000003831
:1038B00001F0CC0318BF0120003B18BF01235B00BF
:1038C00001F0AA0143EA8003002918BF43F0010375
:1038D000511CC91B19441C412980AC70EE70C2E711
:1038E00059464046FFF76CFE00FA09F0044409F11E
:1038F0000109CFE72DE9F04F85B0DDE90F470D460F
:103900000290394620460393FFF75AFE07F1200143
:1039100080462046FFF754FE07F1400182462046CC
:10392000FFF74EFE1646820002EB4A0202EB080049
:10393000C2B207F160012046FFF742FE4FF00009D6
:1039400002EBC000C0F3C4077B1E584000F0070321
:10395000DDF83880019305F1280B05F1500A019B31
:10396000414683EA0904013CC4F300242246284668
:10397000FEF75EFF08F1280122465846FEF758FF81
:1039800009F1010908F1500122465046FEF750FFA7
:10399000B9F1080F08F17808E1D15146304687F0B7
:1039A0000107FEF7B8FE3A4631465046FEF7D7FE0D
:1039B0003A4659462846FEF7D2FE039B02990E93DB
:1039C0002A463346084605B0BDE8F04FFFF790BEE3
:1039D00008B5FEF77CFE0843B0FA80F040090138D4
:1039E00008BD00231A468B4200D17047C2540133F0
:1039F000F9E770B58AB06E460D4604460FCD0FC686
:103A00000FCD0FC695E8030013220B4686E803008E
:103A1000534369466A46002003F180735B160D68C4
:103A200001302B444D68052805EBA3654FEA65631B
:103A300001F10801F3D1132100204B43116801303B
:103A40000B4423F07C4111605168052801EBA36110
:103A50004FEA616321F07E41516002F10802EDD12D
:103A6000DDE90012204641EA8261FEF7F2FD029D87
:103A7000201DE90441EA9211FEF7EBFD039A04F1DF
:103A80000800510341EA5531FEF7E3FD0499D20CD9
:103A900004F10C0042EA8111FEF7DBFDDDE90512BD
:103AA00004F1100041EA4261FEF7D3FD079D04F1E5
:103AB0001400E90441EAD211FEF7CBFD089A04F1A3
:103AC0001800110341EA5531FEF7C3FD0999120DA3
:103AD00042EA811104F11C00FEF7BBFD2821684673
:103AE000FFF77FFF0AB070BD10B50C4690B00146DD
:103AF0006846FFF77EFF214608A8FFF77AFF08A96E
:103B00006846FFF765FF202104466846FFF769FF16
:103B10000DEB0100FFF765FF601C10B010BD30B564
:103B20000D4604468BB06846FFF77CFB6946684645
:103B3000E8F7EAF969466846FFF774FB2A466946E2
:103B40002046FFF7BDF828216846FFF74AFF0BB073
:103B500030BD10B588B001466846FFF74AFF9DF8B2
:103B600000406846202104F00104FFF73AFF204698
:103B700008B010BD30B50D4604469FB068465031C0
:103B8000FFF7CDFF6A4629460AA8FFF799F86A466B
:103B900005F1280114A8FFF793F814A92046FFF7B0
:103BA00028FF0AA8FFF7D5FF2821E37F83EAC01387
:103BB000E3776846FFF715FF0DEB0100FFF711FFF4
:103BC00014A8FFF70EFF1FB030BD10B54B1E421EEC
:103BD0001F3113F8014F8B4202F8014FF9D10378DE
:103BE00023F007030370C37F03F07F0343F0400318
:103BF000C37710BD30B50446154689B06846FFF757
:103C0000E4FFFF232A4669462046E8F769FA2021A7
:103C10006846FFF7E6FE09B030BD10B5044690B027
:103C200010226846FEF71DFD69462046E8F70AFBAC
:103C300040216846FFF7D5FE10B010BD70B516469E
:103C40001D460446A0B068460822FEF70AFD31462C
:103C500008A80822FEF705FD294610A80822FEF74D
:103C600000FD2022002118A801F09EFD08AA694647
:103C700010A8FFF7B1FC204610A9E8F7E3FA4021AD
:103C80000DEB0100FFF7ADFE20216846FFF7A9FE0E
:103C90000DEB0100FFF7A5FE20B070BD10B5044686
:103CA000A8B06846E8F790FB69462046FFF762FF38
:103CB000A0216846FFF795FE28B010BD10B5083862
:103CC00001EBC202914200D110BD4C680B6824BACE
:103CD0001BBA40F8084F43600831F3E710B5D0F83D
:103CE000D03023F00702DB4303F00703DB0010446E
:103CF000C3F12004A3F1200221FA04F401FA02F234
:103D000022439940D0E910430C431343C0E91043C8
:103D100010BD2DE9F843D0F8D0700E46790704465F
:103D200015460AD07F4207F00707974228BF17467B
:103D3000B0463E4446453FD1ED1BD4F8D0305A063C
:103D400019D05F4207F07F07AF4294BFFF08EF082A
:103D500023F0070304F14000314618443A46FFF7C8
:103D6000ADFFD4F8D03006EBC70603EBC703C4F8A9
:103D7000D030A5EBC705802B29D025F07F07B146B1
:103D80003744002604F140084F4540D115F07F0626
:103D900010D03946F20804F14000FFF78FFFD4F845
:103DA000D03005F078052B443D443744AF42C4F889
:103DB000D03052D1BDE8F883204618F8011BFFF738
:103DC0008DFFD4F8D0300133C4F8D030B2E7D4E955
:103DD000323213F5806342F10002B3F5806FC4E91B
:103DE000323272F1000206D2D4E93032013342F1AC
:103DF0000002C4E930322046E8F766FC0021802248
:103E0000C4F8D01004F1400001F0CEFCB5E7102258
:103E100049464046FFF752FFD4E9323213F580633A
:103E200042F10002B3F5806FC4E9323272F1000250
:103E300006D2D4E93032013342F10002C4E9303213
:103E40002046E8F741FC802200214046C4F8D060BB
:103E500001F0AAFC09F1800996E7204615F8011B3C
:103E6000FFF73CFFD4F8D03001339FE70AB1FFF7EA
:103E700050BF704770B5D0F8D06004460D4626B9E3
:103E800080223146403001F08FFC80212046FFF730
:103E900025FFD4E93202F3001B1852F100024FF063
:103EA000000128BF0121C4E9323231B1D4E93032F6
:103EB000013342F10002C4E930326F2E08D92046A6
:103EC000E8F702FC7022002104F1400001F06CFCD4
:103ED000D4E930232046C4E92C23D4E93223C4E9B1
:103EE0002E23E8F7F1FB2946A4F1080304F1380575
:103EF00053F8082F083158689D424FEA106601F8C0
:103F0000086C4FEA104601F8076C01F8050C4FEAFF
:103F100010264FEA126001F8040C4FEA124001F833
:103F2000030C4FEA122001F8066C01F8020C01F8AC
:103F3000012CDDD12046BDE87040D821FFF751BDEE
:103F4000F0B50E4617461D460446C7B010A8BEF78A
:103F50002BFD3A46314610A8FFF788FF294610A8E6
:103F60002022FFF7D6FEDDE94C1210A8FFF77EFFF6
:103F7000DDE94E1210A8FFF779FF694610A8FFF798
:103F800079FF69462046FFF748FE47B0F0BD70B59F
:103F90000D4616460446B6B06846BEF705FD3246E5
:103FA00029466846FFF762FF21466846FFF762FF31
:103FB00036B070BD30B50D46002104468DB0CDE958
:103FC0000023CDE902112B460146202204A8FFF769
:103FD000B7FF2946204604AAE8F760FA0DB030BDC5
:103FE00000F4E040B0F5805F04D0A0F500535842E3
:103FF00058417047012070473AB1002918BF00238B
:104000002121D21A184401F0CFBB704738B51346AE
:104010004FF480420D46E8F755FF044640B9286842
:1040200043681B0A04D000F024FD2C606FF0850467
:10403000204638BD2DE9F04F9B46002389B08DF80E
:104040001B30159B9146DDE912A7002B0E460B464F
:104050000CBF4FF400624FF4806207A9DDF8508076
:10406000E8F730FF0446F0B9079D304629880DF186
:104070001B02E8F791FF0446A8B99DF81B30BB422C
:1040800023D868686A6E000A05F1200120D1CDE9C5
:10409000033828463346CDE901BACDF8009000F048
:1040A0003AFE044608B1C8F800703A462146504628
:1040B000D8F80030FFF7A0FF079800F0DAFC002CDA
:1040C00018BF204609B0BDE8F08F6FF08904EAE719
:1040D0006FF08604E7E72DE9F341D0F804804769E3
:1040E000044640460E4600F0C6FC054660BB5FFA3B
:1040F00088F31BB93FB16FF0860525E06FF04043B0
:10410000013F9F42F7D2A06820F47F4020F00300D7
:104110000028F0D14FF6F87362889A4218D82779B0
:1041200007B901A83146E9F773F9054660B90FCC24
:10413000D6F800C066460FC694E8030086E8030080
:1041400017B9019BCCF81430284602B0BDE8F081C5
:104150006FF08505F8E740F67E7300F6FF729A422D
:1041600043D9434213F07F0306D0202BC3F1000054
:1041700015D16FF08500704710F1920F0FDA10F52E
:10418000994F2AD02CDC10F5C54F26D010F5C14F21
:10419000EFD010F5C74F23D16FF09600704710F1A4
:1041A0001F0F15DA10F13D0F1DD010F13C0F07DA8B
:1041B00010F1400F14BF6FF083006FF09300704751
:1041C00010F1220F14BF6FF083006FF0850070476D
:1041D000002818BF6FF0830070476FF086007047AB
:1041E0006FF0830070476FF09300704741F2052332
:1041F00098421AD8B0F5905F09D241F20103984273
:104200000CD0B0F5885F09D06FF085007047292386
:10421000A0F5905080B2C340DB07F5D511F0070F31
:1042200014BF6FF0860000207047B0F5105FEBD12F
:1042300021F04003802B06D0B1F5807F14BF6FF0D2
:1042400086000020704700207047F8B504460F46EE
:104250001E461546008892B1FFF7C2FE78B1089B52
:10426000D10019602088FFF7C1FF044628B93946FC
:10427000304601F073FA079B1D602046F8BD6FF0D1
:104280008504FAE710B5436E04461BB14121203086
:10429000E9F7D0FF0020606610BD38B50446FFF78F
:1042A000F1FF237E012B0FD0023B012B0FD8E369D6
:1042B000012B14BF6FF096050025682200212046CF
:1042C00001F072FA284638BDE369002BF1E76FF080
:1042D0009605F2E708B1FFF7E0BF704713B5A0B14C
:1042E00001A9E9F7DDF880B90198037E022B0ED110
:1042F000032303760379FF2B0CBF6FF084040024A3
:1043000000F0A2FB002808BF204602B010BD6FF0ED
:104310009604F5E770B5144602881D461046049EC3
:10432000FFF75EFE68B944F2010322F44050984260
:1043300007D002F44F42B2F5824F02D0B2F5844F5B
:104340000ED1B4420FD82246284601F007FA0021C8
:10435000321B281901F028FA0020059B1C6070BD53
:104360006FF08500FBE76FF08900F8E72DE9FF416A
:1043700088461F46164612B3002301223B6003A95C
:10438000E8F7A0FD044698B9039D6B686A6E1B0AA6
:1043900005F1200110D143462846CDE90067FFF71B
:1043A000B9FF0446284600F064FB002C08BF044611
:1043B000204604B0BDE8F0816FF08604F2E76FF0AC
:1043C0008904F5E770B514460288049D02F4E040C4
:1043D000B0F5804F1CD144F2010022F440568642D1
:1043E00007D002F44F42B2F5824F02D0B2F5844FAB
:1043F0000ED1AC420FD81846224601F0AFF9002189
:104400002A1B204401F0D0F90020059B1C6070BDE0
:104410006FF08500FBE76FF08900F8E7F0B50F4615
:104420001E46154685B002B3002303A91A46336021
:10443000E8F748FD044690B9039803885B0411D55A
:10444000CDE900563B46426E00F1200100F01FFB13
:104450000446039800F00DFB002C08BF04462046DC
:1044600005B0F0BD6FF08604F3E76FF08904F6E75E
:104470002DE9F04F9846002389B006468946154637
:104480000693C8F80030002A6DD0B2F1005F6DD2FB
:1044900006A9FFF720FE044650B9069FD7F864A08E
:1044A000BAF1000F0FD173681B0A05D06FF08604B4
:1044B0000698FFF70FFF52E0412D02D96FF08504F7
:1044C000F6E7AA467D6672687B88120A079307F1B1
:1044D000200307F16407E9D10DF11C0B2A46494678
:1044E0003046CDE9017BCDF800A0059300F0DBFC60
:1044F00010F1860F0446059B09D12A4649463046ED
:10450000CDE9017BCDF800A0FFF79FFE0446002C0B
:10451000CED10699079B4A88E2B94B804FF6F873D3
:10452000079A9A42CAD83388069A13B111889942D9
:10453000BCD1738813B151889942B7D15369C8F877
:104540000030137E012B08D000236FF09604C8F8CA
:104550000030ADE79A42A9D1E0E702231376204666
:1045600009B0BDE8F08F6FF08604F8E76FF08504BE
:10457000F5E710B50446006830B1012805D1201DCB
:10458000E9F71AF90023236010BD6FF08800F9E7FE
:1045900038B50C460168054691B904F0FE43B3F105
:1045A000007F13D1031D6C22184601F0FDF821464F
:1045B000E9F714F9044628B901232B60204638BDD9
:1045C0006FF088042846FFF7D4FFF7E76FF0860402
:1045D000F8E738B50546006878B112B900242046DE
:1045E00038BD012809D1281DE9F724F9044600281F
:1045F000F4D02846FFF7BDFFF1E76FF08804F8E735
:1046000038B500241C600546006868B1012808D14F
:10461000281DE9F721F904462846FFF7AAFF20469E
:1046200038BD6FF08804F7E76FF08804F7E730B41F
:104630000025039C256000F0FE44B4F1007F02D108
:1046400030BC00F02ABB6FF0860030BC704710B55C
:104650000446006858B101280AD104F10800E9F7BE
:10466000A3F900232360A3886FF30803A38010BD80
:104670006FF08600F5E72DE9F043984600230C46DD
:10468000016885B0054617460393002941D100F122
:104690000809B822484601F087F8B8F1000F204613
:1046A0003B460CBF4FF400624FF4806203A9E8F769
:1046B00009FC044678BB039C384621882A1DE8F78C
:1046C0006BFC064660BB6B7904F1200268F30003C3
:1046D0006B716168636E090AB8F1000F12D009BBF3
:1046E00021464846009700F005FB044698B901238F
:1046F0002B60039800F0BDF9002E18BF304605B0BE
:10470000BDE8F08371B921464846009700F0F4FAFD
:10471000EBE76FF088042846FFF799FF2646E8E7A5
:104720000446F8E76FF08604F5E70123FFF7A3BF1F
:1047300038B50546006898B112B90024204638BD46
:1047400001280AD105F10800E9F742FA04460028D9
:10475000F3D02846FFF77BFFF0E76FF08604F8E719
:104760006FF08804EAE72DE9F041054600680F463E
:104770001646984610B36A79D2071FD52A79EAB14E
:10478000B2421ED801281FD105F1080000F0B6FA88
:10479000044618B10023C8F800602B7137B13246C7
:1047A00021463846D8F80030FFF726FC2846FFF7A8
:1047B0004EFF002C18BF2046BDE8F0816FF0880442
:1047C000E8E76FF08904E5E76FF08604E2E71FB5DC
:1047D00001240394089C0294079C0194069C009475
:1047E000FFF728FC04B010BD03681943B1FA81F04B
:1047F000400970472DE9F04705469A46002386B0E8
:10480000059305F0FE43B3F1106F0846DDE90E672E
:104810009146DDF8408034D12A4605A9FFF7F6FB22
:10482000044680BB0599088820F0FF00B0F5E24FF0
:1048300002D0B0F5E44F04D14B880733B7EBD30F68
:1048400024D353464A462846CDE901780096E8F736
:1048500001FB044666B90023C8F80030059800F053
:1048600008F9002C08BF0446204606B0BDE8F087D2
:104870000028F3D039463046E8F7D0FAC8F800707F
:10488000ECE76FF08604002EE5D0F3E76FF08904C3
:10489000F9E7E8F7C3BA08B50088DDE90221FFF7B8
:1048A0009FFB20B1BDE808401046E8F7B7BA6FF0AB
:1048B000850008BD2DE9F04F1F46002389B0DDF8C3
:1048C00048900693C9F80030438805460E46904646
:1048D000002B00F0B280038803F4E043B3F5804F6F
:1048E00000F0AB8039463046FFF77EFF002800F02D
:1048F000A480284606A9FFF7EEFB0446002851D104
:10490000069BD3F864A0BAF1000F21D16B681B0A93
:1049100066D12A8869881046FFF762FB00283AD0E2
:104920001046FFF763FC044600283BD147F2010321
:104930009A424ED14C080134E40804EBC4043B34E1
:104940000794DDE9063ABAF1410F29D8C3F864A00B
:104950006A6803F1200B120A03F1640367D12A8805
:10496000510445D4CDE901A342463B463146284691
:10497000CDF800B0FFF78FFF0446002C59D1069BFD
:104980005A69C9F800201A7E012A4AD0C9F80040A5
:104990006FF0960406E002F44F43B3F5824F05D062
:1049A0006FF085040698FFF795FC3CE002F4E043C5
:1049B000B3F5E04FF4D147F201039A42BAD0CC1DCF
:1049C00022F0FF02E408B2F5824F04BF6400013414
:1049D000B6E744F201039A42F1D1CC081034AFE7B4
:1049E000284607A900F04EF804460028A9D0D9E7C8
:1049F00002F44F41B1F5824FB4D147F212118A420D
:104A0000B0D16A88B2F5807FACD15246594628466B
:104A1000059300F0A7FA10F1860F0446059BACD170
:104A2000A0E702221A76204609B0BDE8F08F6FF0A9
:104A300086040698FFF726FCB4E76FF08604F2E7D9
:104A40001822002100F0B0BE034668B1017E8A1E24
:104A5000012A0BD80329C26903D1012A01D1FFF72A
:104A60001CBC1AB1013ADA61002070476FF0960061
:104A70007047FFF7E9BFC0B2002814BF6FF0850090
:104A80000020704700236FF086000B6070472DE90F
:104A9000F34747680446DDE90A9A3F0A0D46164681
:104AA000984611D1CDE9009A00F035FA10F1860F41
:104AB0000CD14346324629462046CDE90A9A02B037
:104AC000BDE8F047FFF77EBC6FF0860002B0BDE89E
:104AD000F08773B5002615461C460DF106020DF150
:104AE00007038DF80760E8F7F1FC58B99DF8070057
:104AF00004B1207029469DF8062002B0BDE8704040
:104B0000E9F7A4BB304602B070BD10B40124019B8C
:104B1000019410BCE8F7FABC10B40024019B019486
:104B200010BCE8F7F3BC08B50379934206D108300E
:104B3000E9F716FCBDE80840FFF70DBB6FF08600F3
:104B400008BD08B5036803F0FE43B3F1806F04D1DC
:104B50000830E9F799FB002008BD6FF08800FBE7FB
:104B60002DE9F04704469A460E46904696B04422F8
:104B7000DDE92257002105A8DDF87C9000F014FE45
:104B8000214643463246CDF800A005A8FFF7BDFFF9
:104B9000044668B9B9F1000F0ED1DDE9201203AB6C
:104BA000CDE9007305A82B46E8F724FD044660B163
:104BB00005A8FFF7C6FF1DE04A461E9905A8FFF7A6
:104BC000B2FF04460028E8D0F2E7039A05B1154485
:104BD000294604ABBA1A05A8E8F7A6FD0446002842
:104BE000E6D1DDE903321344249A05A81360FFF7E8
:104BF000A8FF0446204616B0BDE8F0872DE9F0472F
:104C000004469A468846914694B04422DDE91E57F0
:104C1000002103A81C9E00F0C7FD21464B464246DA
:104C2000CDF800A003A8FFF777FF044640BB9DF82E
:104C30001020F2B99DF810206EBB1D990DF10808E7
:104C40008A1A2B463146CDE9007803A8E8F7D2FC52
:104C50000446A8B9029E05B135444346BA1B29460D
:104C600003A8E8F761FD029B209A334404461360D1
:104C700006E0314603A8FFF756FF04460028D9D0C6
:104C800003A8FFF75EFF00280CBF20466FF08800E6
:104C900014B0BDE8F0871644CFE72DE9F043044691
:104CA0009DB00E46DDE924890021174601A86C223B
:104CB0001D4600F079FD2146C9F8008001A8E8F7FB
:104CC0008DFD044668B93A46314601A8E8F7B2FDC1
:104CD000044630B94B464246294601A8E8F7BCFDD8
:104CE000044601A8E8F768FD002C18BF20461DB057
:104CF000BDE8F083E8F782BEE8F780BE38B51C4611
:104D00000368154623B1E8F7D9FD00B9256038BD21
:104D10006FF08800FBE72DE9F043044698460D4606
:104D20001646B1B0B822002102A8DDF8E4903B9FFE
:104D300000F03AFD214633462A46CDF8008002A80D
:104D4000E8F75CFE044648B9B9F1000F0DD13A46C8
:104D50003A9902A8E8F7B2FD044678B102A8E8F74C
:104D600023FE204631B0BDE8F0834A46389902A8B8
:104D7000E8F72EFF04460028E9D0EFE73C9B1F60D0
:104D8000ECE76822002100F00FBD10B16821E9F7BF
:104D900051BA70472DE9F04105460E46144612B34C
:104DA000036C03F03F079B18036422BF436C01337D
:104DB00043647FB1C7F1400842450FD342463844AF
:104DC00000F0CCFC29462846E8F722FF2744464459
:104DD000A7F140043F2C09D82CB1002722463146C8
:104DE000E81900F0BBFC0020BDE8F081374606EB77
:104DF0000408394628464037E8F70AFFA8EB0703BE
:104E00003F2BF6D8A4F1400323F03F0340331E4468
:104E1000E41ADFE738B50D468021036C044603F041
:104E20003F035A1C382AC15410442FD80021C2F124
:104E3000380200F0B9FCD4E910315A0F42EAC1023D
:104E4000DB0012BA1BBA21462046A263E363E8F7EF
:104E5000DFFEA36C20461BBA2B60E36C1BBA6B60B1
:104E6000236D1BBAAB60636D1BBAEB60A36D1BBAFD
:104E70002B61E36D1BBA6B61236E1BBAAB61636E72
:104E80001BBAEB61FFF781FF002038BDC2F1400281
:104E9000002100F089FC21462046E8F7B9FE3822BF
:104EA00000212046C5E7F8B5089F1E463B6814461A
:104EB00033F480720D462BD144F2121102888A42DB
:104EC00013D1412C03D01BB36FF08600F8BD681CD2
:104ED00000F046FA0028F7D14FF480733B60069B40
:104EE0009C420CD96FF08900F0E747F212118A4218
:104EF0000ED1202CE7D1284600F040FAEAE72246FE
:104F00002946304600F02AFC079B00201C60DDE7A4
:104F10006FF08500DAE770B5044626886488184685
:104F2000DDE90435B4F5807F13D147F21214A642AF
:104F30000FD1202A10D1402B11D9042300F8013BB6
:104F4000E9F740F908B941232B60BDE87040E8F764
:104F500027BF6FF0850070BD6FF08600FBE76FF034
:104F60008900F8E730B5202A084614461D4691B05E
:104F700009D16946E9F7D8F800B92C6011B0BDE84D
:104F80003040E8F70DBF6FF0890011B030BD70B54B
:104F90001446DDE90603DDE90426202C089D0CD12A
:104FA000412E0AD11F2B0BD90132E9F7DFF800B9E6
:104FB0002C60BDE87040E8F7F3BE6FF0860070BD6E
:104FC0006FF08900FBE740F8041B1C22002100F071
:104FD000EBBBF0B5002405462646204652F8247067
:104FE00051F82430DB1946EB06071B1845F824302E
:104FF00004F1010447F10000082CEFD1F0BD0023BB
:1050000070B50646184652F8235051F82340641BE9
:1050100065EB0505241A46F8234003F1010365F109
:105020000005082BC5F10000EDD170BD70B5043945
:105030005642041F013A1C3054F8043F51F8045FF3
:10504000134035402B4384422360F5D170BD0023CB
:1050500030B50446184654F8232051F82350013344
:105060006A40082B40EA0200F5D130BD70B5044615
:105070000568002016680346E1FB66532560566804
:105080006568E1FB665365609668A568E1FB665359
:10509000A560D668E568E1FB6653E5601669256999
:1050A000E1FB6653256156696569E1FB66536561FD
:1050B0009669A569E1FB6653A561D569E269E1FBE3
:1050C0006523E261226A9B182362404170BD10B5DE
:1050D0000438A1F120024B7F0C7F1B0443EA0463D8
:1050E000CC7F0439234391F822408A4243EA0423C7
:1050F00040F8043FEFD110BD0B1F1C3153F8042FB3
:105100000438120E80F820205A888B4280F8212023
:105110001A684FEA122280F822201A6880F82320A9
:10512000ECD1704770B588B01E460446FFF751FFBA
:105130003246054621466846FFF761FFC0F101028D
:10514000694620462A43FFF771FF08B070BD2DE97C
:10515000F04F8BB00D46064691460021242201A84F
:105160001F46D3F840A000F01FFBA5F1040B1C352F
:105170005BF8041FD9F80020019B01A802FB013352
:105180004A460AFB03F8FFF771FF3A4604464146D8
:1051900001A8FFF76BFF2022044402A901A800F038
:1051A000EAFA5D450994E3D13A4601A93046FFF792
:1051B00026FFC0F1010222433046C2F10102FFF78F
:1051C00035FF0BB0BDE8F08F0B4601F12002014620
:1051D000FFF7BDBF30B504460D4689B068460121D2
:1051E000FFF7F1FE2B466A4621462046FFF7AFFF48
:1051F00009B030BD38B504461546FFF7E4FE294630
:105200002046BDE83840FFF7DFBF2DE9F0431446E4
:105210000646274689B001226846FFF707FF224667
:1052200001213046FFF7E6FF256804F11C09023D25
:105230004FF02008EB0705D523466A463146304635
:10524000FFF785FF23466A4669466846FFF77FFFFA
:10525000B8F101084FEA5505ECD14F4502D057F897
:10526000045FE5E709B0BDE8F08330B515460446B4
:1052700089B001226846FFF7D9FE29466846FFF744
:10528000A9FF69462046FFF737FF09B030BDF0B5EA
:1052900016461F4604460D4699B011466846E8F783
:1052A0008BFD3246694608A8E8F786FD3A4669460E
:1052B0006846E8F781FD08A908461E9AE8F77CFDD4
:1052C000224669466846E8F7BFFD08A92A4608460F
:1052D000E8F7BAFD6A4631463046E8F76DFD6A46A2
:1052E000694610A8E8F768FD6A46684610A9E8F71D
:1052F00063FD10A922460846E8F75EFD08AA11469C
:105300002046E8F759FD2146204610AAE8F79CFD03
:105310002146204610AAE8F797FD6A462146204616
:10532000E8F792FD10A922460846E8F78DFD10A97E
:10533000084608AAE8F740FD2A4669466846E8F7A5
:105340003BFD6A46284610A9E8F77EFD19B0F0BD7E
:1053500008B5FFF79EFA003818BF0120404208BD8B
:1053600000B591B0024608A96846E8F781FD00281B
:1053700018BF6FF0010011B05DF804FB10B588B0E4
:1053800001466846E8F740FD044620216846E8F7F4
:1053900051FF002C0CBF20466FF0020008B010BD7A
:1053A00010B5044608B1E8F745FF2046BDE81040B7
:1053B000E8F73ABF3C22002100F0F6B910B50446E8
:1053C00000F0B8F92046BDE81040E8F72DBF10B551
:1053D0004FF48C710120E8F721FF044608B100F07A
:1053E000A4F9204610BDE9F715B9E9F749B8E9F77E
:1053F00093B970B50C2300242246CD582EBA42EA48
:10540000460212BAC250043B1A1DC5F3C014F3D1B0
:105410000B78DB095A421343DB17C27B03F0870387
:105420005340C373002070BD38B5054618B96FF0FE
:105430008604204638BD0468002CF8D00029F6D038
:105440000123E8F75DFF04460028F2D12B68002B0A
:10545000EDD09B79023B022BE9D824210120E8F70B
:10546000DDFE20B11021A863E8F7E4FEE1E76FF06C
:105470008C04DEE72DE9F04F0F461646804685B0D6
:10548000002879D00368002B76D0002974D0846B73
:10549000002C71D01D79206A05F01F05F8B12A1A79
:1054A000B2421CD21030204400F058F9002304F11D
:1054B0001002191DA9422CD923441A1B954231D838
:1054C00003AB00932A46234621464046E8F76AFF8D
:1054D000E0B9236A2062EA1A334417445E1B05F1DF
:1054E000FF39B144B9FBF5F94FF0010A0DF10C0B8E
:1054F000CA4538D34EB1206A32461030394620446E
:1055000000F02CF9236A33442362002005B0BDE883
:10551000F08F52F8100C13680432434042F8143CE8
:105520000B46C6E71A7C19784A4003F8012BC4E7FA
:10553000FA58E0584240E2500B46191D8D4204EBE8
:105540000302F5D2AB4210D323462A4621464046F9
:10555000CDF800B0E8F726FF0028D7D1761B2F44FE
:105560000AF1010AC4E70023E7E7F85C1178013388
:10557000414002F8011BE5E76FF08600C6E72DE920
:10558000F04F93B006460391002800F0CB800368EB
:10559000002B00F0C780856B002D00F0C380002930
:1055A00000F0C08006AF102138460DF128081C79A4
:1055B0000DF13809E8F73EFE10214046E8F73AFEC3
:1055C00010214846E8F736FE326804F01F0492B313
:1055D00092F804A00AF01F0A0DF1140B4B46524634
:1055E00049463046CDF800B0E8F7DCFE50B9BAF1D4
:1055F000100F07D149463846FFF7FBFE39464046B3
:10560000FFF7F7FE10214846E8F714FE2B6A05F174
:10561000100AA34211D33846CC460022111DA142E4
:1056200065D9A2421ED21AF80210B85C414009F8AE
:1056300002100132F5E79246CEE74846CC460022FA
:1056400093423ED91AF80210013294420CF8011B21
:10565000F6D8C4460022111DA14237D909EB020138
:10566000A2423BD348460022A5F1040C111DA142E1
:1056700046D9A918A2424CD330462B462246294689
:10568000CDF800B0E8F78EFE064620B9224629463E
:10569000039800F063F810213846E8F7CBFD10219D
:1056A0004046E8F7C7FD0023102150462B62E8F77B
:1056B000C1FD10212846E8F7BDFD304613B0BDE816
:1056C000F08F0CBF01210021C901BDE702685CF821
:1056D000043B5A4040F8042B0A46BCE7087818F807
:1056E00002C0013280EA0C0001F8010BB8E76A1829
:1056F00050F8043BD2685A404CF8042B0A468DE718
:105700005CF8012050F8043B5A404CF801200A464E
:10571000ACE719F802C00878013280EA0C0001F801
:10572000010BA7E76FF08606C7E74FF48C720021E4
:1057300000F03AB818B14FF48C71E8F77BBD7047B0
:10574000C9B20346024410B59342184601D1002065
:1057500003E0047801338C42F6D110BD0A44431EA5
:10576000914200D1704710B511F8014B914203F8F6
:10577000014FF9D110BD884210B501EB020402D9E6
:105780008442234607D8431EA14207D011F8012BBB
:1057900003F8012FF8E70244824200D110BD13F84C
:1057A000011D02F8011DF7E702440346934200D1B0
:1057B000704703F8011BF9E70021E9F737BC0A221B
:1057C0000021E9F753BF0A220021E9F74FBF013951
:1057D000024410B5904201D1002005E0037811F891
:1057E000014FA34201D0181B10BD0130F2E7024661
:1057F00010B5147813460132002CFAD1013B11F890
:10580000012B03F8012F002AF9D110BDC9B20346BC
:10581000184613F8012B12B18A42F9D170470029BA
:1058200018BF00207047034670B51E4613F8014BA1
:1058300044B14A1E01E0A54204D012F8015F002DD8
:10584000F9D1F2E7301A70BD10B56AB10139841888
:1058500010F8012B11F8013F9A4203D1A04201D068
:10586000002AF5D1D01A10BD1046FCE701390346D5
:1058700010B532B111F8014F013A03F8014B002C79
:10588000F7D11A440021934200D110BD03F8011B47
:10589000F9E70246014410B58A42134603D01C784A
:1058A0000132002CF8D1181A10BD034670B51E46FF
:1058B00013F8014B3CB14A1E01E0A542F7D012F8A3
:1058C000015F002DF9D1301A70BD2DE9F843C3F105
:1058D00037090746884603F01F055FFA89F916461F
:1058E000384641462A460023BBF738FE4346D4B229
:1058F0003A4688460746092C84BF4C44E4B2AA4283
:105900004FF0000204F13004934106F8014BE7D256
:105910003046BDE8F8832DE9F04387B01C461746B2
:10592000814602AB88460093D2E9022300F09BF93E
:1059300004AB06460D46009348464146D7E900238E
:1059400000F091F90027DDE90423901953EB0501DC
:1059500028BF012737B1029B039A013342F10002AD
:10596000CDE90232403CDDE90223009400F092F9D7
:1059700007B0BDE8F0832DE9F041B0FA80F60029C8
:1059800007460C46A1EB060606F1070645DB08466E
:10599000EAF7B6FF06442046351BEAF7B7FF214673
:1059A0002A1A38463D3200F04EF9B44233DC1F2D3E
:1059B00061DC4FF0FF33AB4027EA0303B3FA83F314
:1059C0005B091D46B0FA80F3F31A9E33FE2B56DCBA
:1059D000002B23EAE371D4BF01230B469B1BA3F1E9
:1059E0009704963B20FA04F220FA03F312F0010226
:1059F00008D04FF0FF32A24030EA02023DD1E5B3B9
:105A000003F00102D018C0F3160000B9114440EAB7
:105A1000C150BDE8F0810123D3E74D422846EAF7A3
:105A200075FF361A2846A6EB0408EAF76FFF2946E9
:105A300008EB000238463C3200F0F2F8B44213DCC6
:105A4000B8F11F0F17DC4FF0FF3303FA08F337EA02
:105A5000030310D10521B7FBF1F202EB8204A74248
:105A600004D101331746F6E70023F3E79D428CBFCC
:105A700000230123A5E70023A3E70122C2E74FF09B
:105A8000FF40C6E72DE9F04F051889B0904641EB7D
:105A90000104029304AB284621460093D2E9002377
:105AA00000F0E1F806AB07468946284621460093F8
:105AB0000025D8E9022300F0D6F8DDE90423841894
:105AC00051EB0306069B28BF0125D8E90012ED180B
:105AD000079B43F10003791849EB0202B94272EBCC
:105AE0000902D8E9022134BF01200020A21846EBA8
:105AF00001018018029A41F10001A042A2F1410A7D
:105B000071EB0602CDF800A034BF01220022521929
:105B1000CDE9065343F1000300F0BCF8129BC3E942
:105B20000001D8E90221DDE9065303911499012906
:105B3000D8E900E027D1A21A0399CDF800A066EBBE
:105B40000101774579EB000034BF01200020101AD5
:105B500061F10001844276EB010234BF0122002290
:105B6000AA1A63F1000300F095F8139BC3E9000142
:105B7000DDE9062320463146CDF800A000F08AF882
:105B800009B0BDE8F08F17EB070B49EB090C14EBDC
:105B9000040846EB0601BB457CEB090934BF01272D
:105BA000002718EB070741F10008F3457CEB000CD8
:105BB00034BF01200020381A68F10001801A039ACE
:105BC00061EB02016D195B41A74278EB060234BF1D
:105BD00001220022AD1843F10003874278EB01084F
:105BE00034BF01220022AA1A029DA5F140050095AA
:105BF000B7E710B5A3FB00430299A2FB00200019F0
:105C000043F100033F29DBBFA1F12002C1F14001B4
:105C100040398B40D6BFD04023FA01F0184310BD65
:105C200030B587B004460846154602A9EAF708FFD2
:105C3000049B204600955A1C059B43F10003FFF787
:105C4000D8FF07B030BD30B587B0154604460846CA
:105C500002A9EAF783FE20460095DDE90423FFF759
:105C6000C8FF07B030BDF0B500240D460646944687
:105C7000A0FB02012246059FE5FB0C12A446E5FBB2
:105C80000324E3FB061C12EB0C0244F10004C7E9F9
:105C90000024F0BDF0B5059CC4F14007C4F1200616
:105CA000A4F12005E04002FA06F6BB4022FA05F511
:105CB000BA403343C4F120062B4301FA06F6A4F19F
:105CC0002005304321FA05F5E140284319431043EC
:105CD000F0BD024621F000405342134340EAD37026
:105CE000C0F1FF4000F5E000C00F704720F0004019
:105CF000B0F1FF4F94BF00200120704738B5054632
:105D00000C4600F033F930B120462946BBF7ACF819
:105D10000446204638BD204600F028F90028F3D17B
:105D20002846FFF7E3FF0028F3D12046FFF7DEFF08
:105D300028B921462846BBF75BFB0028E9D02C4652
:105D4000E7E7C0F3C75300280246A3F17F01ACBFC9
:105D500001204FF0FF301E2919DC002903DA013140
:105D600018BF002070471629C2F31602D8BF4FF49F
:105D7000800342F40002CDBF963B0B41C1F11701F5
:105D800002FA03F3DCBF9B18CB405843704701284D
:105D90004FF0FF3018BF002000F10040704710B1F5
:105DA0004FF000407047002070472DE9F041044655
:105DB000CE0FC1F30A55C1F3130140F2FF70167103
:105DC00054EA01076BD1002D71D12C462946002BD6
:105DD000156060DB0C2B60DCC3F10D050120AD000C
:105DE00005F1FF3CA5F12107C5F1210600FA07F7EF
:105DF00020FA06F600FA0CF03743061847EB0708BE
:105E0000D6F1000E68EB480C013E48F1FF38264001
:105E100008EA0108B04277EB080810DBC5F120085A
:105E2000B5F1200624FA05F501FA08F858BF41FA41
:105E300006F645EA080558BF3543ED0703D5201897
:105E4000044641EB070104EA0E0401EA0C019DF847
:105E5000186018460D250532C6F1270604F00F0319
:105E6000240944EA0174091163B9A8420DDA013D1D
:105E7000F4D21AE01DB90125A5F2FF35A7E741F4D8
:105E80008011F9E7092BC8BF9B193033A84253553D
:105E9000B8BF2846EBE70023D9E70D23D7E78542B3
:105EA000E8D146F0080600201671BDE8F081854271
:105EB000E5D146F00406F6E7D1E9043293421EBF6D
:105EC0005A1C0A611870704720F000420346B2F174
:105ED000FF4F70B5044610D3002807DAFFF706FF1E
:105EE00020B92046BDE87040EAF7E4BE21462046CE
:105EF000BAF7BAFF0446204670BD002AFBD000283E
:105F0000F0DB10F0FF412AD0C215C3F31603A2F153
:105F10007F00D2074FF0000443F400034FEA600013
:105F20004FF01905264658BF5B004FF080715B00AB
:105F300072189A42DDBF561864189A1A1A46013D23
:105F40004FEA51014FEA4203F2D112B1013424F079
:105F50000104641004F17C5404EBC054CBE75B00F3
:105F60000A4601311802FAD55242CEE780F4800089
:105F7000400010F5000F94BF002001207047000082
:085F80006AB6FB7F010000007E
:105F8800C5F70000000000003565020000000000B1
:105F98000000000060600400000000008060040051
:105FA80000000000A060040051A5020000000000ED
:105FB80000000000E060040000000000C060040071
:105FC80000000000006104000000000020610400DF
:105FD8000000000040610400494702000000000082
:105FE80001FF03000000000009F5000000000000A8
:105FF800955D0000000000001D5E0000000000002C
:10600800C3180400000000000000000080610400C4
:10601800000000006061040000000000A0610400AE
:1060280049FE00000000000000000000C0610400FC
:10603800000000000062040000000000E0610400AD
:1060480009FC0000000000009903010000000000A6
:08605800B5DC000000000000AF
:1060600007CA0400000000007C6B0400980B0020AD
:106070000000000071F703000000000000000000B5
:1060800072C90400E0830400186B0400860B002032
:10609000A47B02205945020000000000000000001F
:1060A00078C90400E8830400186B0400880B002002
:1060B000D47B0220714602000000000000000000B6
:1060C00098C904000C840400C46A04008E0B0020EC
:1060D000207C0220714B020000000000D809002043
:1060E000A4C9040020840400C46A0400900B0020AA
:1060F0002C7C0220714B020000000000E809002007
:10610000AFC9040034840400C46A0400920B002068
:10611000387C0220714B020000000000F8090020CA
:106120007BC9040000000000A06A04008A0B002064
:10613000000000006DDB0300000000000000000014
:1061400023CA0400DC840400846B04009C0B002040
:10615000380A0020A960020000000000280A002080
:10616000B4810400C08204000C6B0400840B002086
:106170009C6F0220000000000000000000000000F2
:106180007FC9040000000000A86A04008C0B0020F6
:1061900000000000C14702000000000000000000F5
:1061A0002ECA040034850400046B04009E0B0020FA
:1061B0006C0A0020C5610200000000005C0A00209B
:1061C000BAC904004884040000000000940B0020B9
:1061D000447C0220954E020000000000080A0020C6
:1061E00000CA04006C840400486B0400960B002075
:1061F00048460220F557020000000000180A00205F
:1062000018CA040000000000E86A04009A0B00208D
:10621000487C0220696002000000000000000000CD
:106220000000000083A303000000000083A303001C
:106230000000000083A303000000000083A303000C
:106240000000000083A303000000000083A30300FC
:106250000000000083A303000000000083A30300EC
:106260000000000083A303000000000083A30300DC
:106270000000000083A303000000000083A30300CC
:106280000000000083A303000000000083A30300BC
:106290000000000083A303000000000083A30300AC
:1062A0000000000083A303000000000083A303009C
:1062B0000000000083A303000000000083A303008C
:1062C0000000000083A303000000000083A303007C
:1062D0000000000083A303000000000083A303006C
:1062E0000000000083A303000000000083A303005C
:1062F0000000000083A303000000000083A303004C
:106300000000000083A303000000000083A303003B
:1063100000000000951102000000000083A30300AC
:106320000000000083A303000000000083A303001B
:106330000000000083A303000000000083A303000B
:106340000000000083A303000000000083A30300FB
:106350000000000083A303000000000083A30300EB
:106360000000000083A303000000000083A30300DB
:106370000000000083A303000000000083A30300CB
:106380000000000083A303000000000083A30300BB
:106390000000000083A303000000000083A30300AB
:1063A0000000000083A303000000000083A303009B
:1063B0000000000083A303000000000083A303008B
:1063C0000000000083A303000000000083A303007B
:1063D0000000000083A303000000000083A303006B
:1063E0000000000083A303000000000083A303005B
:1063F0000000000083A303000000000083A303004B
:106400000000000083A303000000000083A303003A
:106410000000000083A303000000000083A303002A
:106420000000000083A303000000000083A303001A
:106430000000000083A303000000000083A303000A
:106440000000000083A303000000000083A30300FA
:106450000000000083A303000000000029420200A6
:106460000000000083A303000000000083A30300DA
:106470006C0A0020190704000000000083A3030039
:106480000000000083A303000000000083A30300BA
:106490000000000083A303000000000083A30300AA
:1064A0000000000083A303000000000083A303009A
:1064B0000000000083A303000000000083A303008A
:1064C0000000000083A303000000000083A303007A
:1064D0000000000083A303000000000083A303006A
:1064E0000000000083A303000000000083A303005A
:1064F0000000000083A303000000000083A303004A
:106500000000000083A303000000000083A3030039
:106510000000000083A303000000000083A3030029
:106520000000000083A303000000000083A3030019
:106530000000000083A303000000000083A3030009
:106540000000000083A303000000000083A30300F9
:106550000000000083A303000000000083A30300E9
:106560000000000083A303000000000083A30300D9
:106570000000000083A303000000000083A30300C9
:106580000000000083A303000000000083A30300B9
:106590000000000083A303000000000083A30300A9
:1065A0000000000083A303000000000083A3030099
:1065B0000000000083A303000000000083A3030089
:1065C0000000000083A303000000000083A3030079
:1065D0000000000083A303000000000083A3030069
:1065E0000000000083A303000000000083A3030059
:1065F0000000000083A303000000000083A3030049
:106600000000000083A303000000000083A3030038
:106610000000000083A303000000000083A3030028
:106620000000000083A303000000000083A3030018
:106630000000000083A303000000000083A3030008
:106640000000000083A303000000000083A30300F8
:106650000000000083A303000000000083A30300E8
:106660000000000083A303000000000083A30300D8
:106670000000000083A303000000000083A30300C8
:106680000000000083A303000000000083A30300B8
:106690000000000083A303000000000083A30300A8
:1066A0000000000083A303000000000083A3030098
:1066B0000000000083A303000000000083A3030088
:1066C0000000000083A303000000000083A3030078
:1066D0000000000083A303000000000083A3030068
:1066E0000000000083A303000000000083A3030058
:1066F0000000000083A303000000000083A3030048
:106700000000000083A303000000000083A3030037
:106710000000000083A303000000000083A3030027
:106720000000000083A303000000000083A3030017
:106730000000000083A303000000000083A3030007
:106740000000000083A303000000000083A30300F7
:106750000000000083A303000000000083A30300E7
:106760000000000083A303000000000083A30300D7
:106770000000000083A303000000000083A30300C7
:106780000000000083A303000000000083A30300B7
:106790000000000083A303000000000083A30300A7
:1067A0000000000083A303000000000083A3030097
:1067B0000000000083A303000000000083A3030087
:1067C0000000000083A303000000000083A3030077
:1067D0000000000083A303000000000083A3030067
:1067E0000000000083A303000000000083A3030057
:1067F0000000000083A303000000000083A3030047
:106800000000000083A303000000000083A3030036
:106810000000000083A303000000000083A3030026
:106820000000000083A303000000000083A3030016
:106830000000000083A303000000000083A3030006
:106840000000000083A303000000000083A30300F6
:106850004061040075F703000000000083A30300FB
:106860000000000083A303000000000083A30300D6
:106870000000000083A303000000000083A30300C6
:106880000000000083A303000000000083A30300B6
:106890000000000083A303000000000083A30300A6
:1068A0000000000083A303000000000083A3030096
:1068B0000000000083A303000000000083A3030086
:1068C0000000000083A303000000000083A3030076
:1068D0000000000083A3030000620400D15F0200F7
:1068E0000000000083A303000000000083A3030056
:1068F0000000000083A303009404002011DC0300C7
:106900000000000083A303000000000083A3030035
:106910000000000083A303000000000083A3030025
:106920000000000083A303000000000083A3030015
:106930000000000083A303000000000069110200B2
:106940007D77020015FF03000000000083A3030011
:106950000000000083A303000000000083A30300E5
:106960000000000083A303000000000083A30300D5
:106970000000000083A303000000000083A30300C5
:106980000000000083A303000000000083A30300B5
:106990000000000083A303000000000083A30300A5
:1069A0000000000083A303000000000083A3030095
:1069B0000000000083A303000000000083A3030085
:1069C0000000000083A303000000000083A3030075
:1069D0000000000083A303000000000083A3030065
:1069E0000000000083A303000000000083A3030055
:1069F0000000000083A303000000000083A3030045
:106A00000000000083A303000000000083A3030034
:106A10000000000083A303000000000083A3030024
:106A20000000000083A303000000000083A3030014
:106A30000000000083A303000000000083A3030004
:106A40000000000083A303001943020015FF0300A8
:106A50000000000083A303000000000083A30300E4
:106A60000000000083A303000000000083A30300D4
:106A70000000000083A303000000000083A30300C4
:106A80000000000083A303001C04002011DC0300AD
:086A90000000000083A30300D5
:046A980091A50200C2
:046A9C0065AB0200E4
:106AA0005FDB03003DDB03004D490200AD480200FF
:106AB000BD4902007D490200A94702009947020032
:106AC000B1470200F549020071DB03007DDB0300E2
:106AD00091DB03009BDB0300A5DB0300354C0200C8
:106AE000B9DB03000000000000000000000000000F
:106AF00000000000E95F0200A55F02000000000046
:106B000000000000F961020061FB0300CD88010074
:106B1000F9860100618601005D430200DFDA0300AF
:106B20009FDA030000000000FFD90300000000000E
:106B30000000000009DA030013DA03001BDA030087
:106B40000000000000000000395A020000000000B0
:106B500029530200B9570200C5540200C1E90300DD
:106B600057E8030071E20300D1E1030055DE0300A2
:106B7000EDE5030000000000D1530200000000001A
:106B800000000000D3F7030035610200C5F70300E1
:106B900041FA0300F9F7030021F803004FF803005E
:106BA00063F8030091F80300A7F8030063F80300FB
:106BB00081F80300BDF80300C9F80300D5F803000D
:086BC0000000000007F90300CA
:0C6BC800C93C00003D560000C57F0000E5
:106BD40005000000492B010006000000A14B010044
:086BE40004000000A1380100CB
:106BEC0041CF0000BDCF0000FDCD00000000000033
:106BFC008D94030000000000C5CE000075D000008D
:106C0C008F94030000000000000000000000000052
:106C1C000000000000000000000000006D440100B6
:106C2C000000000000000000000000000000000058
:106C3C00A880040004000000B07D040007000000E0
:106C4C00FC7C040009000000407C040006000000ED
:106C5C0051C9040000000000000000008DFE00007F
:106C6C00F1000100000000005DC9040001000000FB
:106C7C000000000005CB0300000000000000000035
:106C8C006AC9040001000000000000008D5C0100D6
:106C9C00195B01000000000064C904000100000041
:106CAC0000000000B53D0100993F0100000000000C
:0C6CBC000000000055D90000000000009E
:106CD000F97B0000F57A0000E17A0000BF4603006E
:106CE0000001060201000000000102010404040486
:106CF00000A0105000820D5000040550FFFFFFFF60
:106D0000FFFFFFFFFFFFFFFFFFFFFFFF010000008E
:106D100001000000FB0090420C0024000400F4017C
:106D200032303236204F6374203130004D453235D9
:106D30004C53303200000000000000000000000052
:106D40000000000000000000000000000000000043
:106D500000000000312E31372E372D7A65706863C0
:106D60006F7265000000000001030062746C650032
:106D70000000000000000000000000000000000013
:106D80000000000000000000000000000000000003
:106D900000000000000000000000000000010000F2
:106DA0000338FDD87047000000000000000000001C
:106DB0000338FDD87047000000000000000000000C
:106DC0000338FDD87047000022AE28D7982F8A429A
:106DD000CD65EF23914437712F3B4DECCFFBC0B510
:106DE000BCDB8981A5DBB5E938B548F35BC2563910
:106DF00019D005B6F111F1599B4F19AFA4823F92FA
:106E000018816DDAD55E1CAB420203A398AA07D89D
:106E1000BE6F7045015B83128CB2E44EBE85312497
:106E2000E2B4FFD5C37D0C556F897BF2745DBE72F1
:106E3000B196163BFEB1DE803512C725A706DC9B56
:106E4000942669CF74F19BC1D24AF19EC1699BE43B
:106E5000E3254F388647BEEFB5D58C8BC69DC10F55
:106E6000659CAC77CCA10C2475022B596F2CE92DB5
:106E700083E4A66EAA84744AD4FB41BDDCA9B05C4D
:106E8000B5531183DA88F976ABDF66EE52513E983E
:106E90001032B42D6DC631A83F21FB98C82703B02E
:106EA000E40EEFBEC77F59BFC28FA83DF30BE0C60B
:106EB00025A70A934791A7D56F8203E05163CA06BD
:106EC000706E0E0A67292914FC2FD246850AB7274F
:106ED00026C9265C38211B2EED2AC45AFC6D2C4D88
:106EE000DFB3959D130D3853DE63AF8B54730A6582
:106EF000A8B2773CBB0A6A76E6AEED472EC9C281DE
:106F00003B358214852C72926403F14CA1E8BFA238
:106F1000013042BC4B661AA89197F8D0708B4BC2D7
:106F200030BE5406A3516CC71852EFD619E892D15F
:106F300010A96555240699D62A20715785350EF477
:106F4000B8D1BB3270A06A10C8D0D2B816C1A4198B
:106F500053AB4151086C371E99EB8EDF4C774827B5
:106F6000A8489BE1B5BCB034635AC9C5B30C1C3901
:106F7000CB8A41E34AAAD84E73E363774FCA9C5B3E
:106F8000A3B8B2D6F36F2E68FCB2EF5DEE828F74B9
:106F9000602F17436F63A57872ABF0A11478C88493
:106FA000EC39641A0802C78C281E6323FAFFBE90CE
:106FB000E9BD82DEEB6C50A41579C6B2F7A3F9BE29
:106FC0002B5372E3F27871C69C6126EACE3E27CA43
:106FD00007C2C021C7B886D11EEBE0CDD67DDAEA64
:106FE00078D16EEE7F4F7DF5BA6F1772AA67F00603
:106FF000A698C8A2C57D630AAE0DF9BE04983F11DC
:107000001B471C13350B711B847D0423F577DB288C
:107010009324C7407BABCA32BCBEC9150ABE9E3C96
:107020004C0D109CC4671D43B6423ECBBED4C54C2C
:107030002A7E65FC9C297F59ECFAD63AAB6FCB5F70
:107040001758474A8C19446C0100000000000000EA
:107050000500000000000000190000000000000012
:107060007D00000000000000710200000000000030
:10707000350C000000000000093D00000000000089
:107080002D31010000000000E1F5050000000000C6
:1070900065CD1D0000000000F90295000000000011
:1070A000DD0EE90200000000514A8D0E00000000D4
:1070B0009573C24800000000E941CC6B010000005C
:1070C0008D49FD1A07000000C16FF2862300000001
:1070D000C52EBCA2B1000000D9E9AC2D7803000098
:1070E0003D9160E45811000031D6E275BC560000B5
:1070F000F52E6E4DAEB10100C9EA2683677808000F
:10710000ED95C28F055A2A00A1EDCCCE1BC2D3004B
:1071100025A4000A8BCA2204000000000000000021
:10712000000000000000001000000000000000004F
:10713000B9340332B7F4AD1410DB1AB30892540E0D
:107140000D307D951447BA1A66088F4D26ADC66D71
:10715000F598BF85E2B74511CA96853D92BD1DEBF6
:10716000FCA11860DCEF52163C92AE220BB8C1B401
:10717000839D2D5B0562DA1C304C7E8F4E8BB25B9B
:1071800016F4529F8B56A512FBD4827643ED8AF0FB
:107190008FE7F9311565191850F19BD94A13EEB4F0
:1071A000284CF0A686C1251F035FC270CB9E4916EE
:1071B000E642889C44EB2014B0650836AD6EA58588
:1071C00085F0CA14E2FD031A0B899979D5B13D09FE
:1071D000D8DA973A35EBCF10AC363F5E73BB38CF79
:1071E0003E6752FA44AFBA150100000000000000EB
:1071F0000000000000000020345065C05FC9A652A6
:10720000BB13CBAEC440C21806C8DF7100D5A87C42
:10721000F56F0FDA58FC27136E4756357D2420652D
:1072200002C7E768E48CA41DE9E60268D7CD39619E
:107230007977FCC2405BEF16798CDE43FFA751F9EA
:1072400091F3B278F5BDBE11E857E9D6E8BEE87B08
:10725000B054AC8F848D751BEA23A499E9F9D38BC4
:10726000B7A3714061DA3E15CEE33ECB73F948080F
:107270008C97B427D51B7010A2BFEFB9EB853215E0
:107280004DB44DB49BBB6F1996B6076CF8E7EEADE5
:1072900036D9B4F59135AE13222218AF4E6A684D37
:1072A00091DAAA3D4F40741E9FBD9EE006A1C09892
:1072B00057C2A7FDA40E90170E7D497173E3208F6E
:1072C000B220D87605143B12853D7434811343B047
:1072D000AD297A5F27F4351C000000000000000093
:1072E000B99503002F0E0300310E0300330E030087
:1072F000350E030059330000410E0300450E030014
:10730000370E0300613300003D0E03004B0E0300F7
:107310003B0E0300510E03000000000000000000BF
:10732000753400002F0E0300310E0300330E0300EE
:10733000350E030059330000F1190300450E030018
:10734000370E0300613300003D0E03004B0E0300B7
:107350003B0E0300A7220300891903008D190300C7
:1073600091190300AD190300C1190300B1190300FD
:10737000B5190300B9190300951903009719030003
:10738000991903009B1903009F190300A119030019
:10739000A3190300A5190300A7190300BD190300D1
:1073A000A9190300AB190300000000000000000051
:1073B000D53A0000693B0000B13B0000313C0000C1
:1073C0007D3C0000113B00001D3B0000AD3C000077
:1073D000293B0000353B00004D3B00007D3B000099
:1073E000000000000000000045400000ED3F0000EC
:1073F0002F27030033270300713F000037270300C6
:107400003727030037270300952703007F27030052
:107410001327030015270300192703003D27030046
:1074200039270300793F0000412703001B27030091
:1074300041270300452703001F27030023270300DC
:107440002B2703005F2703008D3F000075270300F3
:107450007927030027270300000000000000000038
:10746000712D030089290300B9480000E1420000A2
:107470008D2E0300072A03000B290300AF28030009
:10748000CF2803004D2F0300E3280300552E0300EF
:10749000B1280300B5280300B9280300CD2D03004F
:1074A00041290300D5280300614D00006328030033
:1074B0001B29030073290300194400005528030009
:1074C000E54C00005D43000003290300FB28030096
:1074D000F3280300692803007B2803008F2803009A
:1074E0009F280300FCFFFFFF000000008928030025
:1074F00099280300A9280300752803000000F0C0A4
:10750000000020C1000048C1000070C100008CC113
:107510000000A0C1000000000000000019370300B7
:107520000000000000000000A54E000039370300F5
:10753000373703000000000000000000794F000012
:10754000000000000000000035380300A91800000A
:107550002F38030043380300A5550000BD55000037
:10756000E9550000313803004B3803003CA3040008
:107570001FA4040027A4040031A404003DA40400B7
:1075800048A4040055A404000100000063A4040002
:1075900067A404000200000076A4040000000000BC
:1075A000040000007FA4040088A404000800000078
:1075B00096A404009AA4040010000000A5A40400EE
:1075C000AEA4040020000000B5A40400BBA4040085
:1075D00040000000C6A4040000000000800000007D
:1075E000CFA40400D8A4040000010000E8A4040013
:1075F000EFA4040000020000F7A40400FEA40400AD
:10760000000400000DA5040011A5040000080000FE
:107610001FA50400000000000010000025A50400C4
:1076200000000000002000002EA504000000000063
:107630000040000033A504003FA5040000800000C6
:107640004AA50400000000000000010055A5040048
:107650000000000062A504006CA5040074A50400ED
:107660000000000000000000613F0300BD3F030078
:10767000353F0300113F03006F4003003340030018
:107680001B400300333F0300000000000000000027
:10769000993F0300CB3F0300393F03009D3F0300A8
:1076A000513F0300553F03005B3F0300333F03009E
:1076B00000000000000000009B3F0300D93F0300D2
:1076C0004F400300633F0300893F03008D3F0300E9
:1076D000933F0300333F0300000000000000000060
:1076E000B56E0000A3400300A740030000000000A7
:1076F00000000000A16F0000A3400300A7400300AA
:107700000000000000000000656E0000A3400300C0
:10771000A74003000000000000000000D96F000037
:10772000A3400300A7400300000000000000000089
:10773000756E0000A3400300A74003000000000096
:1077400000000000C5710000A3400300A740030033
:107750000000000000000000CD6D0000A340030009
:10776000A7400300989D04001501000000000000E0
:107770002BEF03000000000081EF030097F00300EF
:10778000C5F0030027EF0300E3F10300CDF1030090
:10779000D7F1030011F103000000000021F2030003
:1077A00091F203008BF2030009F2030011F20300CF
:1077B00001F2030005F203000000000000000000D9
:1077C00000000000000000000000000000000000B9
:1077D000C1450300BB450300C7450300CB4503007B
:1077E0005F4303002B4603001D46030025460300AC
:1077F0000000000000000000614303008343030019
:10780000A5430300A9430300D3430300F14303004E
:10781000294403009544030000000000000000001C
:10782000D1440300D9440300E1440300E9440300C8
:10783000F1440300F9440300CF450300E14603008F
:107840000000000000000000F14603002F46030086
:1078500063460300000000000000000073450300C1
:10786000C97A0000D17A0000D97A00009B46030053
:10787000234503002F45030031450300474503001E
:10788000494503004B4503004D450300A94503004E
:10789000AF450300B5450300657B000009450300C3
:1078A00033450300857B0000918A00001D7F0000A6
:1078B0004F45030087450300694703006745030000
:1078C0000B4503000D45030011450300134503005C
:1078D000C17A0000154503001B450300574503000E
:1078E0005F4703002748030043470300D5470300D1
:1078F00091460300694503001D450300A1460300AE
:10790000CD460300E57E0000017F0000000000007E
:107910000000000000000000753400002F0E03007E
:10792000310E0300330E0300350E030059330000FF
:10793000F1190300450E0300370E03006133000008
:107940003D0E03004B0E03003B0E0300A722030075
:10795000891903008D19030091190300AD19030063
:10796000C1190300B1190300B5190300D749030079
:10797000DF4B03002D4D030099190300194A030042
:107980008F510300A1190300A3190300A5190300D7
:10799000A7190300159300006B4A0300714B030005
:1079A000B3490300B7490300BB490300BD490300C5
:1079B000C1490300C5490300B9950300B995030007
:1079C000B9950300CD4A0300B9950300B9950300AA
:1079D000B9950300B9950300B9950300B995030063
:1079E000B9950300B9950300C7490300B995030091
:1079F000B9950300254C0300C34A0300C34A0300A2
:107A0000C9490300CB490300CF490300D349030010
:107A1000000000000000000075340000C96503008C
:107A20002D60030065610300350E0300593300002B
:107A3000F1190300450E0300370E03006133000007
:107A4000C99900004B0E03008D610300A7220300BB
:107A5000E95F03007D6103009119030001600300E9
:107A600075610300796103004F600300D74903008B
:107A7000DF4B03002D4D03001F660300194A03006E
:107A8000E7600300A1190300A3190300AD6603001A
:107A900019670300159300006B4A0300714B030044
:107AA00059600300F99900008567030069600300CD
:107AB000776003008F6703006D6803004B6F03005E
:107AC000A3650300D9640300A3700300FD700300E5
:107AD000D5A0000035710300116003008D990000EE
:107AE0002B600300099F0000A76B0300DD890300E2
:107AF000BF650300254C0300576303005763030071
:107B0000B3610300C1600300D16003008162030020
:107B1000A160030091600300B16003008160030075
:107B2000989EFEFF00000000A56003009560030022
:107B3000B560030085600300BEAB0400C9AB040060
:107B4000D1AB0400E0AB0400F0AB0400F9AB0400DF
:107B50000BAC040013AC04001BAC040028AC040004
:107B600040AC040054AC040064AC040071AC0400EC
:107B700085AC04008FAC040098AC0400A7AC0400F2
:107B8000B5AC0400C7AC0400D6AC0400E0AC040003
:107B9000E9AC0400F0AC0400FEAC04000DAD040040
:107BA00015AD040026AD04002DAD040039AD040070
:107BB00050AD040063AD040072AD04007EAD04005E
:107BC00073BF040091AD04009AAD0400A3AD04009E
:107BD000ACAD0400B9AD0400C8AD0400D6AD0400DE
:107BE000E7AD0400F7AD0400FAA204008DB3040071
:107BF00003AE0400CEA8040063B4040053C3040021
:107C00005DC304000000000007B204000100000092
:107C100061C3040002000000CEA8040003000000BD
:107C20002AAD04000000000068C304000100000049
:107C30005DC3040002000000CEA8040003000000A1
:107C4000CE9D040065CC03000000000008CC0400B9
:107C500000000100CA9D040009CD030000000000DF
:107C60006803002000000100E6CB040000000000D3
:107C7000000000000000000000000000C69D04009D
:107C800095CC030099410100500300200000300012
:107C9000C29D040009CD030000000000480300203D
:107CA00000000100C4CB04000000000039CE000039
:107CB0000000000000002000E9C30400F0C304003D
:107CC000F7C3040001C40400C06004000300010005
:107CD000C060040004000100020000000100000078
:107CE0000000000000F800008061040000000000B7
:107CF00000E0140000700100806104000E9E04008A
:107D000065CC0300000000000A9E04000000010092
:107D1000069E040009CD030000000000C4030020FB
:107D200000000100FE9D04001B9E030000000000F7
:107D3000EE9E040000000100FA9D040009CD03003E
:107D400000000000BC03002000000100F29D0400C0
:107D50001B9E03000000000062C40400000001003C
:107D6000EE9D040009CD030000000000B4030020D4
:107D700000000100E69D04001B9E030000000000BF
:107D80006AA7040000000100E29D040009CD030081
:107D900000000000AC03002000000100DA9D040098
:107DA0001B9E0300000000006BC4040000000100E3
:107DB0003A9E040065CC030000000000369E0400DB
:107DC00000000100329E040009CD03000000000005
:107DD000DC030020000001002A9E0400CB9E03006B
:107DE000839E03000000000000000900269E04009E
:107DF00009CD030000000000D403002000000100B2
:107E00001E9E04004F9E03000000000000000000C2
:107E1000000001001A9E040009CD030000000000CC
:107E2000CC03002000000100129E040065DF00006A
:107E300000000000000000000000010035E5000027
:107E400000000000000000000000000001E700004A
:107E5000000000001DA10300000000200000000041
:107E600006000100020000006C7E0400000000001B
:107E7000ECC8040002000000E0CF17000000002062
:107E8000F4C8040021000000E0FF032055F60000C4
:107E90000000000025A4030029FC000095A90300B0
:107EA000C9A90300FDA9030033AA030059AA0300CE
:107EB00089AA0300B5AA0300D5FC0000E7AA0300C5
:107EC0003DFD00006BAC030047AB03006BAB030050
:107ED0009FAB0300E1AB0300E7AC030015AC03006C
:107EE00075FD00008C7E0400F47E0400000100009B
:107EF000000000002C3803208C7E0400087F040062
:107F00002E000000000000007C4503208C7E040051
:107F10001C7F040002010000000000005046032006
:107F20000E030000090F01000F040000D50E010030
:107F30001A0100008FB00300050400004D0301008A
:107F40001301000003B303003E01000035040100EB
:107F50000112000093B203000A1E0000F5B20300F4
:107F6000FF010000F50301003E01000015040100BF
:107F70000504000021B10300080400008BB40300D5
:107F80003003000025B403001001000049B10300D4
:107F900001120000190D01000A1E00004DB503007A
:107FA0000309000089B10300040B00000DB20300B7
:107FB000060A00009DB60300070A000051B1030045
:107FC0000C050000ADB30300050C0000D5B503009F
:107FD0008C7E0400E07F04004700000000000000E9
:107FE0006C4703208C7E0400F47F04000000000036
:107FF000000000002C4803208C7E04000880040050
:108000000001000000000000444803200DBF0300F1
:1080100021BF03000000000000000000000000007D
:1080200009C0030000000000000000000000000084
:108030000000000002020100B1C3030004040100BB
:10804000F930010006060100D133010008040100E7
:10805000913401000A0201009BC403000C040100DA
:1080600083C403000E0401006532010020040100F6
:10807000F932010010040100A535010012020100CF
:1080800011C403001E00040015CA030052020000C0
:108090005FC403008C7E0400A48004000201000081
:1080A00000000000BC4B0320529E040065CC03007E
:1080B000000000004E9E0400000001004A9E0400E3
:1080C00009CD0300000000001C0800200000010092
:1080D000429E0400000000000000000000000000BC
:1080E000000000003E9E040095CC03009941010071
:1080F0002408002000000300094F0100CFD6030030
:10810000795801000000000000000000DD56010069
:10811000000000000000000000000000000000005F
:108120000000000000000000DD510100060000001A
:108130003FD3030006000000DBD303001000000063
:10814000294D01001000000085D603000100000049
:1081500089D00300100000003BD303000A00000098
:108160005DD103001000000061570100070000000E
:1081700043D3030010000000A7D10300010000005A
:10818000DD500100400000007DD30300100000001E
:10819000AFD003000100000042542043544C522051
:1081A000525820707269000042542043544C5220AF
:1081B0005258000062745F6863695F636F6E747227
:1081C0006F6C6C65720000005A6570687972204FA0
:1081D000532076342E352E302D726331000000008E
:1081E000574553545F544F504449522F7A65706835
:1081F00079722F7375627379732F626C7565746F02
:108200006F74682F636F6E74726F6C6C65722F6C15
:108210006C5F73772F756C6C5F636F6E6E2E63008F
:10822000574553545F544F504449522F7A657068F4
:1082300079722F7375627379732F626C7565746FC1
:108240006F74682F636F6E74726F6C6C65722F6CD5
:108250006C5F73772F6E6F726469632F6C6C6C2F19
:108260006C6C6C5F6164762E63000000574553545C
:108270005F544F504449522F7A65706879722F735A
:1082800075627379732F626C7565746F6F74682F84
:10829000636F6E74726F6C6C65722F6C6C5F73774A
:1082A0002F6E6F726469632F6C6C6C2F6C6C6C5FDB
:1082B0007065726970686572616C2E630000000001
:1082C0000200000059CD010069CD010079CD010007
:1082D00089CD0100000000000000000099CD0100E0
:1082E00031CE0100A9CD01000000000061CE0100E7
:1082F00000000000B9CD010041CE010000000000E7
:10830000C9CD0100B1CE0100D9CD010071CE01006F
:1083100081CE010091CE0100A1CE0100C1CE0100AD
:10832000D1CE0100E9CD01000000000000000000F6
:1083300000000000000000000000000051CE01001D
:1083400008020B020A030502000000000000000002
:1083500002020000060200000403000000000903FE
:1083600000000000010300000C03000007030000F0
:108370000000000000000000F401FA009600640014
:108380004B0032001E00140007000000080000002F
:10839000090000000A0000000B0000000D000000B2
:1083A0000F00000011000000130000001500000085
:1083B000180000001B0000001F0000002300000048
:1083C000280000002D0000003300000039000000EC
:1083D0000103040595430200E5DA030000000000F4
:1083E00039DB03002BDB0300AD46020049460200E7
:1083F0001000000001FF00007D01000000100000DF
:1084000000A0105000820D50000405507F000000B5
:1084100000A010501C040020000000000000060016
:10842000FFFF010000820D509404002000000000B6
:1084300001000600FF0700000004055000000000D6
:1084400000000000020007001E0000000100000004
:108450006084040000460220314E0200010000004A
:10846000E0600400080011000B000000A06104009F
:1084700000127A0000010000006104000500010004
:108480000000000001000000000000000061040086
:1084900000000100C060040001000000C060040092
:1084A00000002000000000000000000000000000AC
:1084B00000000000000000000000000000000000BC
:1084C00000000000000000000A00000100010000A0
:1084D00000A0105000820D500004055000600C50A8
:1084E00000000000000000000885040000C2010038
:1084F0000000D60100000000000000400010000055
:1085000078A6022077A6022000600C501485040093
:10851000020000002C8504000200000024850400F5
:1085200002010000258000002480000125000000D9
:1085300024060001F1FA030058850400EFFB030054
:108540008C850400A1A6022099A602200048E8011B
:10855000FFFFFF010000000000A00450648504003C
:108560000200000080850400030000007485040000
:1085700003010000418000044280000544800006A1
:1085800041000004420000054400000600610400B0
:108590000500010000A0105000820D50000405509D
:1085A0000001000000A0105000820D500004055092
:1085B00008000000020000000400000001000000AC
:1085C00000A0105000820D50000405500000000073
:1085D0006410B71DC8206E3BAC30D9269041DC76C4
:1085E000F4516B6B5861B24D3C7105502083B8ED6E
:1085F00044930FF0E8A3D6D68CB361CBB0C2649B92
:10860000D4D2D38678E20AA01CF2BDBDB5CA04005C
:10861000C3CA0400D7CA0400E6CA0400F2CA0400B0
:10862000885F0400985F0400E85F0400F05F0400C6
:10863000586004006060040004CB040000010000E6
:10864000000000001B132C0AA3E59CEDA72963087A
:108650005D210621EBFFFFFFFFFFFFFFFFFFFFFF95
:10866000FFFFFFFF0F0000008F64F8016360BCFF95
:10867000C509F8FFD588650073840E00A061A0FFCE
:10868000144BB1FF9DBE6A003EA4ADFFF56995FF96
:10869000EE3F3D00374F6A00703B49FFC26C3C0023
:1086A000C5197A003E484E00C41EDFFFAE03E3FF4B
:1086B000C36918FE683409FF8D49F800EC6B73FF3D
:1086C0009A0C6B015E290B004B3276FEE4E2C9FF87
:1086D00078446A009A40B7FF517DA700C55C9900B5
:1086E0008FA626004990BEFFC8A68AFEB3FB42FFB4
:1086F000BDC432FFC8E5DD000D7AC4009FFFD30082
:1087000074EAE500682583001D4C32013BA34EFF4F
:10871000CF4C300086CE37FF003EC900F0E74FFF58
:1087200033F25BFF514532FF4A7DC3012F872100A1
:108730004E75EFFF8D89B400B5095C008494D600B6
:108740000C0BE100267D83FFA0CFC3FE542DB300A8
:1087500002A6DE01F0D2C8006C491F000B779DFF16
:108760007FC8E9001077500094DB8401AEE6010079
:10877000E47AEAFE59B493FFDBE499FF082621FF6F
:1087800014A59700C90021000609A2FF70E3E5FFC8
:10879000944A41007D59D8FF8018A3FE0C9E92FF99
:1087A000A0DB8CFE053CB30048C0A5FEFC4826FFBC
:1087B000AD065B009D2D8F002DF23701F05359005F
:1087C0003712AF014DEAEAFF72A35AFF3A51D100C6
:1087D000565E7EFF2AF9F90054B49100FD23B4FFE0
:1087E000DD75BBFF3D75C4FF70555E0021313CFF58
:1087F000F14F9601109F9E001802A10159170EFF1C
:10880000B4BB750086048500E26173FFF8B520FFF4
:10881000EA3BBA01C281A9FF2C824000E4B1030007
:10882000395D35FF282186FF90A993FF34BC850070
:10883000AACA5FFE8F402F0053DBC401CD8374FFB3
:10884000959C3B00DAE5AB00CDDBB500B85AEF00F4
:10885000750BF1FE6CD654FFD9A25BFEAD0D4A003C
:10886000C56F61FE3FDF67008DDB6800DF95EFFFBE
:108870008E7445FE4362D5007C4E62FE9E98D6FF04
:108880005FE2AC01E59235FF76EB5D00927AE6009F
:1088900027FF350044598DFF7632D700796AAB0047
:1088A0002BF005FE6A998D00083DD901F2254200A2
:1088B000A01BE4FF670D46008906D5000020C30019
:1088C000CE6A1600279900FF58D3FD0128C0D400B6
:1088D0008E7B7B00100E7AFF77A255FF92F0150079
:1088E000D0A657010662D5FF8167DE0148A5B6FF15
:1088F0003C897DFE4F763C007E5EBF009D9270FFFE
:1089000063845DFE92887900936294FEA78D540083
:108910004B5C77FE094097FF18E86B01A3602E00BF
:10892000266C74FFA0E65B002B945DFEB997A10056
:10893000DB328201DAD1E7FF30CAA1FE740A4D00B2
:108940004926DB019418FDFF51CED5FE7A71F6FF62
:108950001F2EF5FE4B0C04FF0F5AE0FECCDC39FF56
:1089600066386CFF9A06E0001034D1018BC37500A5
:1089700073C05AFF21F392007532CE01584D5FFF4C
:108980002ED257FEA73B2DFFFBEC5800539FF5005E
:10899000B1238AFE9B8CB800D42071002FABAE00AF
:1089A000CF1FAC013DA0E4FFEB8129FF9084420082
:1089B000EFA89101BCBE2300CF04B2FE3239E7FF1D
:1089C000347FA3FFD226200055B149FEB0E28900D2
:1089D000D1A5D4FE2BCB38FF50DB3AFE5647E20040
:1089E00093DDB9FF39FBD800C7E235FE7D192D00B4
:1089F000948AB8002C0D2FFF3B57A5FF91896B007F
:108A00004724CFFFD4EDDB002C0148FFCB7C05FFD2
:108A1000792076FFB8C291FFB0448D00C45915008B
:108A200090D4CF016642A9FFA7FC97FF4189DCFFE4
:108A30004BC5A7FECCE5010002E51201E9C47F00A9
:108A40007C143101E0351E005BF3E4FE83A08A0054
:108A500011439D00302706005570E200AAFF9200E6
:108A6000CE2381005B8380FF77B625FF2FD4DF0004
:108A7000B653910100022B00449AA5FEE803CFFFF4
:108A800084F32CFF8C53D3FF3FE106FF98202AFF8D
:108A90006E76C500F1B602008BA1B9003B69DBFF21
:108AA0006A9644FF0EDA94FF9D5F9700DA3DD1FF8E
:108AB000F57715FEAEAC2C0074AE5501795E1DFF46
:108AC000E7802900C546FA009F9291FF50D4B7FF76
:108AD00002FC2800816F9CFFEE158EFE8DC50CFFF9
:108AE000C7CEA0FF27E3D600B55099005D96BA0027
:108AF0009CAC2EFEBF413BFF53B155FFCD0136006C
:108B0000807C50FF3CA4FB00F2A25FFEFEA61AFF91
:108B1000590691FF09DC0CFFEE540D0199E20800A3
:108B200004DFF2FF9F22FDFF3CC847FF01FC5CFF12
:108B30008372C9FED064ED0073E025FE4B6AB3FF7B
:108B4000901EA0FF8684DDFF39ADB8FF3FD3B9FF8B
:108B5000689AC1FFE8C0BD0021BB22FE9B2D10001A
:108B60002F765F0056EC9F004E582CFF3CEB1E000A
:108B70001466B1FE9B2AD6FFF846DBFF546585FFDD
:108B80007E3C7000FC12F0006A409BFE6B46720057
:108B90001F086900649B0A00EBF46101AA28930096
:108BA000AAE301FE8842AD0032C5CCFE597A6100CD
:108BB0005FE881FF726C7EFFB2428AFFA96530FFD9
:108BC000E2C62FFF262EE1004183D7FEEC9D1BFF5E
:108BD000EC129E002A3E57FF654BB1FEAB5DB8001C
:108BE0009F4954FFF6B60CFF404D9900E59E520098
:108BF000430A7B01A7657B00AAD899FFB39596002D
:108C000084BDF100ED6D08FFE71593008B38B400CB
:108C10009EAB91FE8AC971FFE9B43B00419869FFA0
:108C20001D330F009DD27AFF6EE777FFA6E428FF81
:108C3000E39B6E00D4C5DC005CF5800165CC79FF58
:108C400063E8DA0016807D00CB7A6100CD6C92FF7C
:108C50007AB2620071EE7AFF1BB6EC00F794EB007B
:108C6000F2087000B20265FF2EBD12014F2291FF83
:108C7000FF5B2100A0884A004733A50025E26C0075
:108C8000B24227FF80D55000528CA6FF3A5FA4FF66
:108C90005BB5AC0145A340004A4627FFECE21D004E
:108CA0001565FFFEDB8C3A0002E8ABFF32F036FFC1
:108CB00009853CFE0949BC003EDAE900D6AF0CFF4D
:108CC0007F8579FF5C01A9000ECED4FEE560C6FF6A
:108CD000A0F4B20054889200833BB9FF590FAFFF54
:108CE000D98E88FF549429005FA0DC01914200FFD7
:108CF000F81691FF9CD3E10050E547FEBCDC49002B
:108D0000B62948FF701F75FFA8F1E9FFD1D3050010
:108D1000BA5327FE83DF03FF2CB11300974AC30029
:108D200063C19F01EE8362FFA2B5E100607522FF7F
:108D300036E75000588B7AFF3A0FCCFF7BAEC0FF6E
:108D4000231463FE9106A400173486016052A0FF2D
:108D500033BB15FF38B8F400B47D1100C67D0000A8
:108D600072626601CD4392004B1D7901E75BEAFF19
:108D7000D9CE2E010C4E0400D5B3F3FE73E8A70044
:108D800053A717FE7D8ED6FF12285D0061E4E5FF34
:108D90008469BFFE8DC9DA00717D7A007EFC7C009B
:108DA00035A3E5FE87C543FFF61D8001BF9BA5FFE8
:108DB00081B0EB002431720007842FFE14BA9800B2
:108DC000535228FFB54DC0FFB9599C00090A20FF36
:108DD0009FFCFF01F92D2AFFEE896401531CE60078
:108DE000386386FF71EF7400853B8C01BDF124FF71
:108DF000F825C30160DC3700B74C3EFFC3423D009D
:108E0000324CA401E1A44CFF4C3DA3FF753E1F0072
:108E1000519140FF76410E00A273D6FF068A2E00C4
:108E20007CE6F4FF0A8A8F00341AC200B8F44C00C2
:108E3000818F2901BEF413FF7BAA7AFF628144006F
:108E400079D5930056651EFFA1679B008C5943FF9F
:108E5000EFE5BE01430BB500C6F089FEEE45BCFF51
:108E60004397EE00132A6CFFE5557101324487FFEA
:108E7000116A0900326701FF5001A80123981EFF03
:108E800010A8B9013859E8FF65D2FC0029FA47005B
:108E9000CCAA4FFF0E2EEFFF504DEF00BDD64BFF7B
:108EA000118DF90026504CFFBE55750056E4AA00FE
:108EB0009CD8D001C3CFA4FF96424CFFAFE110FF76
:108EC0008D5062014CDBF200C6A272002EDA9800CF
:108ED0009B2BF1FE9BA068FF33BBA5000211AF00E6
:108EE0004254A001F73A1E00234135FE45ECBF0075
:108EF0002D86F501A37BDD00206E14FF3417A5003D
:108F0000BAD64700E9B06000F2EF360139598A005D
:108F1000530054FF88A064005C8E78FE687CBE001D
:108F2000B5B13EFFFA29550098822A0160FCF6008F
:108F300097973FFEEF853E0020389C002DA7BDFF90
:108F40008E85B3018356D300BBB396FEFAAA0EFFFB
:108F5000D2A34E0025349700634D1A00EE9CD5FF36
:108F6000D5C0D101492E54001441290136CE4F00FD
:108F7000C98392FEAA6F18FFB12132FEAB26CBFF48
:108F80004EF77400D1DD99008580B2013A2C1900AA
:108F9000C9273B01BD13FC0031E5D20175BB75004B
:108FA000B5B3B8010072DB00305E9300F5293800DC
:108FB0007D0DCCFEF4AD77002CDD20FE54EA1400CC
:108FC000F9A0C601EC7EEAFF2F63A8FEAAE299FF92
:108FD00066B3D800E28D7AFF7A4299FEB6F5860034
:108FE000E3E41901D639EBFFD8AD38FFB5E7D2007D
:108FF00077809DFF815F88FF6E7E330002A9B7FFF7
:10900000078262FE45B05EFF7404E301D9F291FF6E
:10901000CAAD1F01690127FF2EAF4500E42F3AFFBB
:10902000D7E045FECF3845FF10FE8BFF17CFD4FFAA
:10903000CA147EFF5FD560FF09B02100C805CFFFCD
:10904000F12A80FE2321C0FFF8E5C40181117800D8
:10905000FB6797FF073470FF8C3842FF28E2F5FF6B
:10906000D94625FEACD609FF4843860192C0D6FFFB
:109070002C26700044B84BFFCE5AFB0095EB8D00B8
:10908000B5AA3A0074F4EF005C9D020066AD620080
:10909000E98960017F31CB00059B9400179409FF9B
:1090A000D37A0C0022861AFFDBCC8800860829FFC1
:1090B000E0532BFE5519F7006D7F00FEA9883000A4
:1090C000EE77DBFFE7ADD500CE12FEFE08BA07FF54
:1090D0007E0907016F2A48006F34ECFE603F8D0067
:1090E00093BF7FFECD4EC0FF0E6AED01BBDB4C008F
:1090F000AFF3BBFE6959AD0055195901A2F39400B5
:109100000276D1FE219E09008BA32EFF5D4628002A
:109110006C2A8EFE6FFC8EFF9BDF900033E5A7FF6D
:1091200049FC9BFF5E740CFF98A0DAFF9CEE25FFC4
:10913000B3EACFFFC500B3FF9AA48D00E1C4680075
:109140000A2319FED1D4F2FF61FDDEFEB865E50009
:10915000DE127F01A48887FF1ECF8CFE9261F30090
:1091600081C01AFEC95421FF6F0A4EFF9351B2FF0E
:1091700004041800A1EED7FF068D210035D70EFF9D
:1091800029B5D0FFE78B9D00B3CBDDFFFFB97100A0
:10919000BDE2ACFF7142D6FFCA3E2DFF664008FF1C
:1091A0004EAE10FE857544FFEDD3F55C1A63125880
:1091B000D69CF7A2DEF9DE140000000000000000DB
:1091C000000000000000001059F1B2FE0AE5A6FF01
:1091D0007BDD2AFE1E14D4005280030030D1F30040
:1091E000777940FF32E39CFF006EC501671B90005A
:1091F000B67859FF8572D300BD6E15FF0F0A6A005D
:1092000029C0010098E879FFBC3CA0FF9971CEFF0E
:1092100000B7E2FEB40D48FFB0A00EFED3C986FF32
:109220009E188F007F693500600CBD00A7D7FBFF3B
:109230009F4C80FE6A65E1FF1EFC0400920CAE00AC
:10924000010000000000000000000000000000001D
:10925000000000000000000000000000000000000E
:10926000000000000000000000000000982F8A426B
:1092700091443771CFFBC0B5A5DBB5E95BC2563968
:10928000F111F159A4823F92D55E1CAB98AA07D880
:10929000015B8312BE853124C37D0C55745DBE72A3
:1092A000FEB1DE80A706DC9B74F19BC1C1699BE423
:1092B0008647BEEFC69DC10FCCA10C246F2CE92DB3
:1092C000AA84744ADCA9B05CDA88F97652513E98D7
:1092D0006DC631A8C82703B0C77F59BFF30BE0C6DE
:1092E0004791A7D55163CA0667292914850AB7276C
:1092F00038211B2EFC6D2C4D130D385354730A6509
:10930000BB0A6A762EC9C281852C7292A1E8BFA2DF
:109310004B661AA8708B4BC2A3516CC719E892D147
:10932000240699D685350EF470A06A1016C1A419CA
:10933000086C371E4C774827B5BCB034B30C1C39C9
:109340004AAAD84E4FCA9C5BF36F2E68EE828F7488
:109350006F63A5781478C8840802C78CFAFFBE90A2
:10936000EB6C50A4F7A3F9BEF27871C60A5695CEFD
:109370005753F2DD5CE419BAE4B84A8B25F321DDDA
:109380008886E8D2855D882518FF71853C14A91868
:10939000D430E77901B6ED5FFC95BA751025627798
:1093A0002B73FB79C65537A5765F9018DFBDC429AE
:1093B00062DF9CD890308478CD05F0ACD62E21F7B2
:1093C000AB20A2E5344887041D0630DC512563FC40
:1093D000C2CAB9F3849E17A7ADFAE6BCFFFFFFFF30
:1093E000FFFFFFFF00000000FFFFFFFFA2EE79BEBE
:1093F000954C2483A66FBD499C79994659EC6B2BFB
:1094000039B245282056D9F3942DE1664FBC00EEC1
:10941000FFFFFFFFFFFFFFFFFFFFFFFF0000000058
:10942000000000000000000001000000FFFFFFFF3F
:109430000300000000000000FFFFFFFFFBFFFFFF35
:10944000FEFFFFFFFFFFFFFFFDFFFFFF0400000027
:1094500001000000A95704009494040002000000D9
:109460008C940400030000008494040004000000B5
:109470007C94040000000000000000000DCB0400FC
:109480001014040019CB04001013030025CB0400B2
:109490001012020002000000EF530400EB5304001E
:1094A000E7530400CF530400BD5304000100000043
:1094B000020000000400000008000000100000008E
:1094C0002000000040000000800000001B000000A1
:1094D0003600000051F4A7507E4165531A17A4C30B
:1094E0003A275E963BAB6BCB1F9D45F1ACFA58AB70
:1094F0004BE303932030FA55AD766DF688CC769128
:10950000F5024C254FE5D7FCC52ACBD7263544803C
:10951000B562A38FDEB15A4925BA1B6745EA0E989A
:109520005DFEC0E1C32F7502814CF0128D4697A3FA
:109530006BD3F9C6038F5FE715929C95BF6D7AEBED
:10954000955259DAD4BE832D587421D349E0692944
:109550008EC9C84475C2896AF48E797899583E6B71
:1095600027B971DDBEE14FB6F088AD17C920AC66F2
:109570007DCE3AB463DF4A18E51A318297513360E1
:1095800062537F45B16477E0BB6BAE84FE81A01C63
:10959000F9082B94704868588F45FD1994DE6C8744
:1095A000527BF8B7AB73D323724B02E2E31F8F57A2
:1095B0006655AB2AB2EB28072FB5C20386C57B9A46
:1095C000D33708A5302887F223BFA5B202036ABAB1
:1095D000ED16825C8ACF1C2BA779B492F307F2F0C8
:1095E0004E69E2A165DAF4CD0605BED5D134621F1D
:1095F000C4A6FE8A342E539DA2F355A0058AE132FB
:10960000A4F6EB750B83EC394060EFAA5E719F0600
:10961000BD6E10513E218AF996DD063DDD3E05AE58
:109620004DE6BD4691548DB571C45D050406D46FF9
:10963000605015FF1998FB24D6BDE997894043CCAB
:1096400067D99E77B0E842BD07898B88E7195B38F8
:1096500079C8EEDBA17C0A477C420FE9F8841EC979
:109660000000000009808683322BED481E1170AC8B
:109670006C5A724EFD0EFFFB0F8538563DAED51E5F
:10968000362D39270A0FD964685CA6219B5B54D11B
:1096900024362E3A0C0A67B19357E70FB4EE96D2F0
:1096A0001B9B919E80C0C54F61DC20A25A774B69FD
:1096B0001C121A16E293BA0AC0A02AE53C22E04323
:1096C000121B171D0E090D0BF28BC7AD2DB6A8B9D5
:1096D000141EA9C857F11985AF75074CEE99DDBB6B
:1096E000A37F60FDF701269F5C72F5BC44663BC515
:1096F0005BFB7E348B432976CB23C6DCB6EDFC685E
:10970000B8E4F163D731DCCA426385101397224075
:1097100084C61120854A247DD2BB3DF8AEF93211B2
:10972000C729A16D1D9E2F4BDCB230F30D8652EC84
:1097300077C1E3D02BB3166CA970B999119448FA8C
:1097400047E96422A8FC8CC4A0F03F1A567D2CD8AF
:10975000223390EF87494EC7D938D1C18CCAA2FEB7
:1097600098D40B36A6F581CFA57ADE28DAB78E26F7
:109770003FADBFA42C3A9DE45078920D6A5FCC9B1C
:10978000547E4662F68D13C290D8B8E82E39F75E43
:1097900082C3AFF59F5D80BE69D0937C6FD52DA944
:1097A000CF2512B3C8AC993B10187DA7E89C636E17
:1097B000DB3BBB7BCD2678096E5918F4EC9AB701D8
:1097C000834F9AA8E6956E65AAFFE67E21BCCF0876
:1097D000EF15E8E6BAE79BD94A6F36CEEA9F09D47F
:1097E00029B07CD631A4B2AF2A3F2331C6A594302C
:1097F00035A266C0744EBC37FC82CAA6E090D0B0D9
:1098000033A7D815F104984A41ECDAF77FCD500E12
:109810001791F62F764DD68D43EFB04DCCAA4D540F
:10982000E49604DF9ED1B5E34C6A881BC12C1FB8B7
:109830004665517F9D5EEA04018C355DFA8774733D
:10984000FB0B412EB3671D5A92DBD252E9105633FF
:109850006DD647139AD7618C37A10C7A59F8148EBC
:10986000EB133C89CEA927EEB761C935E11CE5EDC4
:109870007A47B13C9CD2DF5955F2733F1814CE7928
:1098800073C737BF53F7CDEA5FFDAA5BDF3D6F14A7
:109890007844DB86CAAFF381B968C43E3824342CDF
:1098A000C2A3405F161DC372BCE2250C283C498B45
:1098B000FF0D954139A80171080CB3DED8B4E49CC2
:1098C0006456C1907BCB8461D532B670486C5C74B1
:1098D000D0B85742C66363A5F87C7C84EE7777994D
:1098E000F67B7B8DFFF2F20DD66B6BBDDE6F6FB139
:1098F00091C5C5546030305002010103CE6767A99D
:10990000562B2B7DE7FEFE19B5D7D7624DABABE6E4
:10991000EC76769A8FCACA451F82829D89C9C94052
:10992000FA7D7D87EFFAFA15B25959EB8E4747C990
:10993000FBF0F00B41ADADECB3D4D4675FA2A2FD58
:1099400045AFAFEA239C9CBF53A4A4F7E472729680
:109950009BC0C05B75B7B7C2E1FDFD1C3D9393AEE4
:109960004C26266A6C36365A7E3F3F41F5F7F702A1
:1099700083CCCC4F6834345C51A5A5F4D1E5E534F3
:10998000F9F1F108E2717193ABD8D87362313153B8
:109990002A15153F0804040C95C7C75246232365B2
:1099A0009DC3C35E30181828379696A10A05050F87
:1099B0002F9A9AB50E070709241212361B80809B36
:1099C000DFE2E23DCDEBEB264E2727697FB2B2CD39
:1099D000EA75759F1209091B1D83839E582C2C74F0
:1099E000341A1A2E361B1B2DDC6E6EB2B45A5AEE88
:1099F0005BA0A0FBA45252F6763B3B4DB7D6D66196
:109A00007DB3B3CE5229297BDDE3E33E5E2F2F7178
:109A100013848497A65353F5B9D1D1680000000090
:109A2000C1EDED2C40202060E3FCFC1F79B1B1C8F2
:109A3000B65B5BEDD46A6ABE8DCBCB4667BEBED942
:109A40007239394B944A4ADE984C4CD4B05858E895
:109A500085CFCF4ABBD0D06BC5EFEF2A4FAAAAE57E
:109A6000EDFBFB16864343C59A4D4DD76633335500
:109A7000118585948A4545CFE9F9F910040202065B
:109A8000FE7F7F81A05050F0783C3C44259F9FBAD8
:109A90004BA8A8E3A25151F35DA3A3FE804040C0B0
:109AA000058F8F8A3F9292AD219D9DBC70383848BA
:109AB000F1F5F50463BCBCDF77B6B6C1AFDADA7591
:109AC0004221216320101030E5FFFF1AFDF3F30E51
:109AD000BFD2D26D81CDCD4C180C0C14261313358A
:109AE000C3ECEC2FBE5F5FE1359797A2884444CC6E
:109AF0002E17173993C4C45755A7A7F2FC7E7E8250
:109B00007A3D3D47C86464ACBA5D5DE73219192BF4
:109B1000E6737395C06060A0198181989E4F4FD104
:109B2000A3DCDC7F44222266542A2A7E3B9090AB41
:109B30000B8888838C4646CAC7EEEE296BB8B8D32B
:109B40002814143CA7DEDE79BC5E5EE2160B0B1D0A
:109B5000ADDBDB76DBE0E03B64323256743A3A4E02
:109B6000140A0A1E924949DB0C06060A4824246C92
:109B7000B85C5CE49FC2C25DBDD3D36E43ACACEFB6
:109B8000C46262A6399191A8319595A4D3E4E437D3
:109B9000F279798BD5E7E7328BC8C8436E373759EE
:109BA000DA6D6DB7018D8D8CB1D5D5649C4E4ED2DA
:109BB00049A9A9E0D86C6CB4AC5656FAF3F4F40792
:109BC000CFEAEA25CA6565AFF47A7A8E47AEAEE988
:109BD000100808186FBABAD5F07878884A25256F2A
:109BE0005C2E2E72381C1C2457A6A6F173B4B4C781
:109BF00097C6C651CBE8E823A1DDDD7CE874749CF0
:109C00003E1F1F21964B4BDD61BDBDDC0D8B8B864E
:109C10000F8A8A85E07070907C3E3E4271B5B5C473
:109C2000CC6666AA904848D806030305F7F6F60105
:109C30001C0E0E12C26161A36A35355FAE5757F92B
:109C400069B9B9D01786869199C1C1583A1D1D27A7
:109C5000279E9EB9D9E1E138EBF8F8132B9898B319
:109C600022111133D26969BBA9D9D970078E8E89A7
:109C7000339494A72D9B9BB63C1E1E22158787927A
:109C8000C9E9E92087CECE49AA5555FF5028287842
:109C9000A5DFDF7A038C8C8F59A1A1F8098989800F
:109CA0001A0D0D1765BFBFDAD7E6E631844242C60A
:109CB000D06868B8824141C3299999B05A2D2D774F
:109CC0001E0F0F117BB0B0CBA85454FC6DBBBBD69C
:109CD0002C16163A000000000000000000000000F2
:109CE0000000000000000040955969595555545531
:109CF00015555556040515411054554045515544C8
:109D0000404550445055554500400040400444965D
:109D10006555565545404554514115405591555549
:109D2000555540510501000054455454455505040E
:109D30000010041014044000000001405555154166
:109D400054040000440001000000004041000044B1
:109D500050444550540055555455655100400040FD
:109D600001000001000501001154515154555505E1
:109D700000154150000004401001040500000000DF
:109D800000000000DCCFD1350000000000C0153F0E
:109D90000000803F0000C03F5E101810D20FB40FCB
:109DA000960F640F320F050FD80EB00E880E5B0EA3
:109DB0002E0EFC0DCA0D930D5C0D200DE40C800CD5
:109DC0001C0C0000032800000229000003280000EA
:109DD00000280000052A000003280000282A0000AF
:109DE000282A000003280000262A0000262A000056
:109DF00003280000292A0000292A00000328000067
:109E0000242A0000242A0000032800000A18000069
:109E100000280000042A0000042A00000328000093
:109E2000012A0000012A000003280000002A000087
:109E3000002A00000328000000180000002800008D
:109E400002290000052A0000052A0000032800005E
:109E50000118000000286BFF79FF79FF7CFF0000EC
:109E60007065E18FD9FABB70C1ED90DCA19907DE76
:109E7000698C88B709EA146EAFD93D9B830C7B606F
:109E8000C4681193C79BBC39945BA8064104BB61AD
:109E90008F8FD7A84A0AF6F57033D6E8DDCD647106
:109EA000001EC77175B0918ED206F9AE04EC136D29
:109EB0006D5D4315BB26305427F645B492E9350C49
:109EC0001000286E6F2064657461696C29006372EC
:109ED0007970746F2070616E69633A20257320E297
:109EE0008094207265626F6F74696E670A004D45D9
:109EF00032354C533032004572726F723A20424C08
:109F000045204F5441206E6F7420737570706F72CE
:109F1000746564206F6E207468697320706C61745E
:109F2000666F726D00556E6B6E6F776E00202863E2
:109F30007261736820257520696E2025732C20704E
:109F40006320307825303878290073687574646F21
:109F5000776E206D61726B6572002F6C66732F7364
:109F6000687574646E004E6F6E65004C6F77205696
:109F70006F6C746167650055736572205265717509
:109F800065737400636164206E2F6100613A25730C
:109F9000206F3A256420706B3A2564286225752F5E
:109FA0003473292073703A25752E25752F25752554
:109FB0002500282575207225752F6225752F6125AE
:109FC000752F64257529002062633A2575252500C3
:109FD0002070726F62653A6E2F61000A2563252B2F
:109FE0006428256429202575702025756220257533
:109FF00066202575742025752525006C6F72615FBC
:10A0000074785F7761697400435350524E472075EE
:10A010006E617661696C61626C65206166746572FF
:10A020002072657472696573005B524E475D203D16
:10A030003D3D206964656E7469747920736565645B
:10A04000206865616C7468203D3D3D0A005B524E9E
:10A05000475D20706C6174666F726D2054524E477C
:10A0600020697320726164696F2D696E6465706523
:10A070006E64656E7420286E6F207072652D524676
:10A0800020776F726B61726F756E64206E656564A8
:10A090006564290A005B524E475D207374616765F1
:10A0A0003120637372616E64202020203A20726335
:10A0B0003D25642064697374696E63743D25642F63
:10A0C00036340A005B524E475D2073746167653217
:10A0D000206877696E666F20696420203A202564C5
:10A0E00020627974657320287075626C696320E260
:10A0F000809420756E697175656E657373206F6EDF
:10A100006C79290A005B524E475D20737461676564
:10A1100033206578747261202020203A2025642045
:10A1200062797465730A005B524E475D20737461F7
:10A130006765342F3620736B697070656420E28028
:10A1400094206E6F20696E646570656E64656E74D0
:10A1500020736C6F7720636C6F636B202854524EB2
:10A16000472076696120637372616E64206F6E6C44
:10A1700079290A005B524E475D207374616765352B
:10A1800020637372616E64202020203A2072633D48
:10A1900025642064697374696E63743D25642F3689
:10A1A000340A005B524E475D203D3D3D20656E64A4
:10A1B000202865787472616374696E672025752044
:10A1C000627974657320766961204145532D32357B
:10A1D000362D43545229203D3D3D0A004145532D23
:10A1E00043545220657874726163743A20736861D5
:10A1F000323536207073613D2564206C656E3D25D7
:10A200007520696E69743D2564004145532D4354A2
:10A210005220657874726163743A20696D706F7250
:10A22000745F6B6579207073613D256420696E6988
:10A23000743D2564004145532D4354522065787484
:10A24000726163743A20636970686572207073612B
:10A250003D2564206F75743D25752061742025753A
:10A2600020696E69743D256400646567656E65727A
:10A270006174652073656564206F757470757420F2
:10A2800028616C6C2D7A65726F202F20616C6C2DAB
:10A29000464629004145532D435452207365656459
:10A2A0002065787472616374696F6E206661696C91
:10A2B0006564006964656E746974792067656E20F1
:10A2C000737475636B206F6E20726573657276654B
:10A2D000642070726566697800656E3A302073613B
:10A2E000743A30206669783A30006E6F20474E53DA
:10A2F00053206F6E207468697320626F617264000E
:10A30000677073006770735F696E74657276616CF5
:10A31000002D002028736B69707065643A20666FA9
:10A3200072776172642D6F6E6C7929002028626FDC
:10A330006F74737472617029006F6B00696E2D62A7
:10A34000616E640020286472792D72756E29002078
:10A35000450073746570252B6C6425732573006844
:10A360006F6C642028257329006162737461696EC3
:10A370002028257329002573257320656C6967697A
:10A38000626C653D257520766F7465733D25752F6C
:10A39000257520736B65773D252B6C647320723DAA
:10A3A000256C6473202D3E202573003B207374655B
:10A3B00070733D256C7520626F6F743D256C752040
:10A3C0006C6173743D252B6C647300206261636B58
:10A3D000736B69703D256C7500207375703D256C3D
:10A3E000756800206576616C733D256C752061622F
:10A3F00073743D256C75000D0A20253032782530A8
:10A40000327820682575206E257520252B6C6473A5
:10A410002573000D0A202B2564206D6F7265006E78
:10A420006F2D64617461006E6F2D71756F72756D43
:10A43000006E6F2D6D616A6F72697479007375704B
:10A440007072657373656400726174652D6C696DFB
:10A45000697465640070656469677265652D766509
:10A46000746F0050494E00287265736574206275E0
:10A4700074746F6E2900534F465457415245004241
:10A48000524F574E4F555400286C6F7720766F6CA3
:10A49000746167652900504F520028706F776572AC
:10A4A0002D6F6E29005741544348444F4700286898
:10A4B000616E67290044454255470028646562750E
:10A4C0006767657229005345435552495459004CFA
:10A4D0004F57504F574552002877616B6520667281
:10A4E0006F6D206F666629004C4F434B5550002816
:10A4F0006372617368290050415249545900286DB4
:10A50000656D6F7279206572726F722900504C4CC4
:10A510000028636C6F636B206661756C742900435F
:10A520004C4F434B0048415244574152450055530C
:10A5300045520054454D504552415455524500280E
:10A540006F766572686561742900424F4F544C4FB5
:10A550004144455200464C4153480073696C656E56
:10A560007400736F756E642B76696200766962722F
:10A5700061746500736F756E64002F6C66730025DF
:10A58000732E746D700025732E62616400696465BA
:10A590006E746974790073617665507265667300D4
:10A5A0006C6174006C6F6E0072657065617400633D
:10A5B0006F6D700077696669007A63006469736122
:10A5C000626C65006164635F6D756C7400707772B6
:10A5D0005F7361765F656E00627700637200696E1B
:10A5E000745F7468720066656D5F72786761696E2A
:10A5F00000665F747864656C617900645F74786488
:10A60000656C617900686173685F6D6F6465006D8A
:10A61000756C74695F61636B006164765F6C6F6316
:10A62000006175746F5F6D617800646566735F6E5D
:10A630006D00646566735F6B65790070696E0062BA
:10A64000757A7A5F71006175746F5F616464006D23
:10A65000616E5F6164640074656C5F626173650064
:10A6600074656C5F6C6F630074656C5F656E76001B
:10A67000747A5F6F6666736574006C6564735F6F90
:10A680006666006C6564735F726164696F006C6517
:10A6900064735F6862006C6564735F6272696768A7
:10A6A000746E6573730072785F6463006D74730019
:10A6B0006361645F6175746F006361645F6F666698
:10A6C000006361645F626173650070726F62655FF1
:10A6D000696E740078736600646973705F726F747A
:10A6E00000696E5F726F74007077725F7361765F7E
:10A6F000736574006770735F7374627900626C6570
:10A700005F6F6666006272696768740077616B6587
:10A71000007363725F6F6666006175746F5F6F666A
:10A72000665F6D7600616F66665F73657400766361
:10A730005F656E0076635F666C6167730076626169
:10A74000745F6D7600256C7800256C64006E616E18
:10A75000002D6F7666002C003A22005C22005C5CC3
:10A76000005C6E005C72003A7B00312E31372E3770
:10A770002D7A657068636F72650032303236204F13
:10A7800063742031300042617474657279206C6F9B
:10A79000773A202575206D562028616C65727420EB
:10A7A0006174202575206D5629007B2262617474C6
:10A7B0006572795F6D76223A25752C227570746901
:10A7C0006D655F73656373223A25752C226572721D
:10A7D0006F7273223A25752C2271756575655F6CF1
:10A7E000656E223A25757D00506F776572696E67D8
:10A7F000206F66663A206C6F7720626174746572B0
:10A80000790068656C70003F00436F6D70616E6920
:10A810006F6E2065787472617320286765747C732D
:10A820006574293A0D0A20762E636F6E7461637425
:10A83000206F6E7C6F66660D0A20762E62617474DE
:10A84000657279616C657274203C6D563E7C307C1B
:10A8500064656661756C740067657420762E636F3D
:10A860006E7461637400762E636F6E746163743A04
:10A870002025730073657420762E636F6E74616398
:10A880007420004552524F523A20757365206F6E06
:10A890007C6F66667C317C30004F4B202D20762EFD
:10A8A000636F6E746163742025730067657420762E
:10A8B0002E62617474657279616C65727400762EB3
:10A8C00062617474657279616C6572743A206F6646
:10A8D0006600762E62617474657279616C6572745B
:10A8E0003A2064656661756C7420282575206D5664
:10A8F0002900762E62617474657279616C65727478
:10A900003A202575206D560073657420762E62619D
:10A910007474657279616C65727420004552524F8F
:10A92000523A20757365203020286F6666292C20E6
:10A93000312D35303030206D562C206F72206465FB
:10A940006661756C74004F4B202D20762E62617409
:10A9500074657279616C657274206F6666004F4B26
:10A96000202D20762E62617474657279616C657237
:10A97000742064656661756C7420282575206D5699
:10A9800029004F4B202D20762E62617474657279F8
:10A99000616C657274202575206D56007B2272658E
:10A9A0006376223A25752C2273656E74223A2575DA
:10A9B0002C22666C6F6F645F7478223A25752C22A6
:10A9C0006469726563745F7478223A25752C226617
:10A9D0006C6F6F645F7278223A25752C22646972FD
:10A9E0006563745F7278223A25752C2272656376EE
:10A9F0005F6572726F7273223A25757D00207C202C
:10AA0000005265737461727465643A0025734C6119
:10AA100073742073687574646F776E3A206C6F7707
:10AA20002062617474657279005075626C696300AC
:10AA3000253032582530325825303258253032589A
:10AA4000007B226E6F6973655F666C6F6F72223A6E
:10AA500025642C226C6173745F72737369223A25CA
:10AA6000642C226C6173745F736E72223A252E32ED
:10AA7000662C2274785F6169725F73656373223A32
:10AA800025752C2272785F6169725F73656373222A
:10AA90003A25757D00636F707946696C65002F6596
:10AAA00078742F636F6E746163747333002F6C66F8
:10AAB000732F636F6E746163747333002F657874E2
:10AAC0002F6368616E6E656C7332002F6C66732F36
:10AAD0006368616E6E656C7332002F6578742F61E8
:10AAE00064765F626C6F6273002F6C66732F6164B3
:10AAF000765F626C6F6273002F6C66732F5F7A6390
:10AB00005F696E6974002F6C66732F70726566736F
:10AB10002E6A736F6E002F6C66732F6E65775F7091
:10AB200072656673002F6C66732F73657474696E3B
:10AB30006773002F6C66732F5F6D61696E2E696499
:10AB40000073617665436F6E746163747300736143
:10AB500076654368616E6E656C73002F657874006E
:10AB600025733A20004F4B00434C49206E6F7420F0
:10AB7000617661696C61626C6500556E6B6E6F77B2
:10AB80006E20636F6D6D616E64006770733A25644B
:10AB9000006770735F696E74657276616C3A2575D3
:10ABA000006D65736874696D6573796E633A2564C9
:10ABB000006D65736874696D6573796E63007365A4
:10ABC0007420726164696F2000736574206166206F
:10ABD0000073657420647574796379636C65200013
:10ABE00073657420696E742E7468726573682000D2
:10ABF00073657420636164200073657420726164FE
:10AC0000696F2E72786761696E20006765742074C1
:10AC10007820007365742074782000736574207246
:10AC20007864656C61792000736574206167632EB8
:10AC300072657365742E696E74657276616C20003E
:10AC400073657420706174682E686173682E6D6F0F
:10AC500064652000736574206D756C74692E616382
:10AC60006B73200073657420747864656C6179205F
:10AC700000736574206469726563742E747864650A
:10AC80006C61792000736574206E616D65200073BE
:10AC900065742070696E2000736574207769666939
:10ACA0002E73736964200073657420776966692E5A
:10ACB000707764200073657420776966692E656E0D
:10ACC00061626C6564200073657420747A2E6F660F
:10ACD00066736574200067657420726164696F0033
:10ACE000676574206672657100676574206166002F
:10ACF00067657420647574796379636C6500676552
:10AD00007420696E742E7468726573680067657468
:10AD1000206361640067657420726164696F2E72DC
:10AD2000786761696E006765742074780067657480
:10AD300020727864656C617900676574206167636F
:10AD40002E72657365742E696E74657276616C001F
:10AD500067657420706174682E686173682E6D6F0A
:10AD6000646500676574206D756C74692E61636B32
:10AD7000730067657420747864656C617900676539
:10AD800074206469726563742E747864656C61798B
:10AD900000706F7765726F66660073687574646FB4
:10ADA000776E00676574206E616D6500676574205D
:10ADB000776966692E7077640073657420776966B9
:10ADC000692E636C656172006765742077696669D6
:10ADD0002E737369640067657420776966692E65F0
:10ADE0006E61626C65640067657420776966692EC0
:10ADF0007374617475730067657420776966692E72
:10AE000069700067657420747A2E6F666673657466
:10AE1000003E2025642E25642525003E20252E3267
:10AE200066003E2025750052656D6F766564202DA5
:10AE3000204175746F6D61746963204147432072CE
:10AE400065736574206973206F6E00726164696F49
:10AE50002E66656D2E72786761696E003E20252E24
:10AE600033662C25732C25752C2575003E206164D6
:10AE70006170746976652028727864656C617920E8
:10AE80006465707265636174656429003E20616465
:10AE900061707469766520286573743D252E31666E
:10AEA00020666C6F6F643D252E326629003E20615E
:10AEB0006461707469766520286469726563742EB4
:10AEC000747864656C61792064657072656361741F
:10AED000656429003E2025640066726571657272A2
:10AEE000003E20003E20252E3366004552524F5230
:10AEF0003A20647574796379636C65206D75737439
:10AF00002062652031302D3130302C206F7220646A
:10AF1000656661756C74004552524F523A206475F3
:10AF200074796379636C65206D7573742062652034
:10AF300031302D313030004F4B202D2025642E250F
:10AF4000642525004572726F723A206578706563DA
:10AF50007465642061206E756D626572206F722069
:10AF600064656661756C74004572726F723A206137
:10AF700066206D75737420626520302D390045722E
:10AF8000726F723A206E6F7420737570706F727486
:10AF90006564206F6E20636F6D70616E696F6E0007
:10AFA0004572726F723A206D75737420626520303D
:10AFB0002C2031206F722064656661756C740025E9
:10AFC0002E2A73004F4B202D207265626F6F742004
:10AFD000746F206170706C79202843414420726541
:10AFE00073657429004F4B202D207265626F6F745A
:10AFF00020746F206170706C79004572726F723AC4
:10B000002066726571203135302D323530302C207C
:10B01000627720372D3530302C20736620352D3166
:10B02000322C20637220352D382C206F72206465FD
:10B030006661756C74004F4B202869676E6F72658E
:10B04000643A20727864656C6179206973206E6F50
:10B050007720616461707469766529004F4B202800
:10B0600069676E6F7265643A20747864656C6179A3
:10B07000206973206E6F77206164617074697665F2
:10B0800029004F4B202869676E6F7265643A20640F
:10B0900069726563742E747864656C617920697374
:10B0A000206E6F7720616461707469766529004550
:10B0B00072726F722C206D75737420626520302C53
:10B0C00020312C2032206F722064656661756C74AB
:10B0D000004F4B202D20747820706F7765723D25CE
:10B0E000642064426D004572726F723A2072616E24
:10B0F0006765202D3920746F2025642064426D2CF3
:10B10000206F722064656661756C7400667265718B
:10B1100020004572726F723A2072616E676520314D
:10B1200035302D32353030204D487A2C206F72204A
:10B1300064656661756C7400726164696F2E666522
:10B140006D2E72786761696E20004F4B202D207242
:10B150006164696F2E66656D2E72786761696E3DF8
:10B160002564004572726F723A20756E7375707047
:10B170006F72746564004572726F723A206D7573F8
:10B180007420626520302C20312C206F6E2C206FB3
:10B1900072206F6666004F4B202D20726164696FCC
:10B1A0002E72786761696E3D256400706D0045728E
:10B1B000726F723A206E6F206C6967687420736CCE
:10B1C000656570206F6E2074686973206275696CA4
:10B1D00064006C6564732E726164696F003E2025A3
:10B1E0007325730020286E6F20726164696F204C94
:10B1F0004544206F6E207468697320626F617264C9
:10B2000029006C6564732E6862006C6564732E623D
:10B2100072696768746E657373003E202575252515
:10B22000006C6564730062757A7A6572003E202551
:10B2300075202825732900666C6F6F642E61647613
:10B240006572742E696E74657276616C00677565DF
:10B2500073742E70617373776F7264007072762EE0
:10B260006B6579003E20252E366600666C6F6F6434
:10B270002E6D61782E61647665727400666C6F6FF6
:10B28000642E6D61782E756E73636F7065640066F1
:10B290006C6F6F642E6D6178006261636B6F6666C0
:10B2A0002E6D756C7469706C696572006F776E6570
:10B2B000722E696E666F006C6F6F702E64657465B8
:10B2C0006374003E206F6666003E206D696E696D96
:10B2D000616C003E206D6F646572617465003E2094
:10B2E000737472696374007075626C69632E6B6548
:10B2F0007900726F6C65007077726D67742E73756C
:10B3000070706F7274003E20756E737570706F721E
:10B31000746564007077726D67742E736F757263F5
:10B3200065004552524F523A20506F776572206D3A
:10B33000616E6167656D656E74206E6F74207375E4
:10B3400070706F72746564007077726D67742E62CE
:10B350006F6F74726561736F6E003E205265736526
:10B36000743A2025733B2053687574646F776E3A86
:10B37000202573007077726D67742E626F6F746D25
:10B380007600626F6F746C6F616465722E766572A1
:10B39000003E20756E6B6E6F776E006164632E6D7C
:10B3A000756C7469706C696572004572726F723A7F
:10B3B00020756E737570706F727465642062792089
:10B3C0007468697320626F617264003E20252E33B9
:10B3D000662020282575206D562C207461726765C3
:10B3E00074203E3D202575206D5620666F722031F9
:10B3F0003030252529003E20252E33662020286E5A
:10B400006F204144432072656164696E6729007250
:10B41000786475747900646973706C61792E726FE9
:10B4200074617465003E20756E737570706F727410
:10B430006564202870616E656C2063616E6E6F7448
:10B4400020726F746174652900696E7075742E7254
:10B450006F74617465006770732064696167006769
:10B460007073207374616E64627900677073206416
:10B47000757479003E20616C77617973206F6E205E
:10B48000283029003E206F6E2073746174653D255D
:10B490007320736174733D2575206669783D257549
:10B4A000732061676F206C61743D252E3666206CB9
:10B4B0006F6E3D252E3666003E206F6E20737461E0
:10B4C00074653D257320736174733D2575206E6F1F
:10B4D00020666978206E6578743D257573003E207E
:10B4E0006F6E2073746174653D257320736174738E
:10B4F0003D2575206E6F206669780064632E726545
:10B500007374617274730070726F62652E696E7409
:10B51000657276616C006361642E7374617473008C
:10B520006361642E6175746F006361642E6F66667B
:10B53000736574006361642E627573796361700072
:10B540003E203020286F666629003E206F6E006521
:10B55000787472612E73660025732575004E6F2016
:10B56000657874726120534620636F6E66696775F3
:10B57000726564003F3F3A202573004F4B202D2019
:10B5800065787472612053467320736574004F4B65
:10B59000202D2065787472612053467320636C659A
:10B5A00061726564006C6564732E726164696F20FA
:10B5B000004572726F723A206D7573742062652057
:10B5C00074782C2072782C20616C6C2C206F66664D
:10B5D000206F722064656661756C74004F4B257333
:10B5E000006C6564732E686220004572726F723A57
:10B5F000206D7573742062652068622C20756E72F0
:10B600006561642C20616C6C2C206F6666206F7203
:10B610002064656661756C74006C6564732E62727B
:10B62000696768746E65737320004572726F723A51
:10B63000206D75737420626520302D313030004FDD
:10B640004B202D206C6564732E6272696768746E7E
:10B650006573733D256C642525006C65647320005B
:10B660004572726F723A206D757374206265206F37
:10B670006E2C206F6666206F722064656661756C43
:10B68000740062757A7A657220004572726F723A40
:10B690002030202873696C656E74292C2031202895
:10B6A000736F756E642B766962292C2032202876A0
:10B6B000696272617465292C20332028736F756E5E
:10B6C0006429206F722064656661756C7400457230
:10B6D000726F723A206E6F20766962726174696F60
:10B6E0006E206D6F746F72206F6E207468697320A6
:10B6F000626F617264202D207573652030206F7237
:10B700002031006361642E6175746F200063616491
:10B710002E6F666673657420004572726F723A20F0
:10B7200065787065637465642025642E2E25642019
:10B730006F722064656661756C74004572726F7219
:10B740003A206F66667365742072616E6765206962
:10B75000732025642E2E25640070726F62652E6939
:10B760006E74657276616C20004572726F723A2059
:10B77000696E74657276616C206973203020287060
:10B78000726F62696E67206F6666292C2031302DDA
:10B79000323535207365636F6E64732C206F7220B1
:10B7A00064656661756C74004572726F723A2069E7
:10B7B0006E74657276616C20697320302028707217
:10B7C0006F62696E67206F666629206F7220313064
:10B7D0002D323535207365636F6E64730063616469
:10B7E0002E6275737963617020004572726F723AD0
:10B7F0002062757379636170206973203020286F2F
:10B800006666292C2031302D3930207065726365D1
:10B810006E742C206F722064656661756C740045CF
:10B8200072726F723A206275737963617020697306
:10B83000203020286F666629206F722031302D3924
:10B84000302070657263656E74006361642E72658A
:10B85000736574004F4B202D204341442070726F5C
:10B86000626520737461747320636C6561726564D2
:10B870002C206465745065616B206F666673657417
:10B8800020726573657420746F2025640065787478
:10B8900072612E736620004572726F723A20617475
:10B8A000206D6F7374202564206578747261205355
:10B8B0004673004572726F723A20756E73757070C0
:10B8C0006F72746564206F7220696E76616C696452
:10B8D00020657874726120534620636F6E666967D5
:10B8E00000666C6F6F642E6164766572742E696E8B
:10B8F00074657276616C20004572726F723A2065D1
:10B900007870656374656420302C20332D313638AF
:10B9100020686F7572732C206F7220646566617584
:10B920006C74004572726F723A20696E746572763B
:10B93000616C2072616E676520697320332D31362A
:10B940003820686F757273004572726F723A2065A5
:10B950007870656374656420302C2025642D323442
:10B9600030206D696E757465732C206F722064656C
:10B970006661756C74004572726F723A20696E74FC
:10B98000657276616C2072616E676520697320252F
:10B99000642D323430206D696E757465730067757F
:10B9A0006573742E70617373776F726420007072A8
:10B9B000762E6B657920004572726F722C20626161
:10B9C00064206B6579004F4B2C207265626F6F7439
:10B9D00020746F206170706C7921204E6577207023
:10B9E00075626B65793A200072657065617420003C
:10B9F0004F4B202D20726570656174206973206E35
:10BA00006F77204F4E004F4B202D2072657065617F
:10BA100074206973206E6F77204F4646004572721E
:10BA20006F723A206D757374206265206F6E206F9F
:10BA300072206F6666006C617420006C6F6E20006F
:10BA4000666C6F6F642E6D61782E616476657274BA
:10BA500020004572726F723A2072616E6765203005
:10BA60002D36342C206F722064656661756C74000D
:10BA7000666C6F6F642E6D61782E756E73636F7078
:10BA800065642000666C6F6F642E6D6178200062C3
:10BA900061636B6F66662E6D756C7469706C696539
:10BAA0007220004572726F722C2072616E67652081
:10BAB000302E302D322E302C206F7220646566615E
:10BAC000756C74004572726F722C2072616E6765BE
:10BAD00020302E302D322E30006F776E65722E6939
:10BAE0006E666F20006C6F6F702E64657465637492
:10BAF00020004572726F722C206D75737420626520
:10BB00003A206F66662C206D696E696D616C2C2021
:10BB10006D6F6465726174652C20737472696374EF
:10BB20002C206F722064656661756C7400616463BB
:10BB30002E6D756C7469706C6965722074617267C2
:10BB40006574004572726F723A206E656564206D8F
:10BB50005620746172676574202028652E672E2038
:10BB6000736574206164632E6D756C7469706C69A3
:10BB7000657220746172676574203431373329002F
:10BB80006164632E6D756C7469706C696572207484
:10BB9000617267657420004572726F723A206E6F31
:10BBA000204144432072656164696E67206F6E2096
:10BBB0007468697320626F617264004572726F729B
:10BBC0003A20746172676574206F7574206F662007
:10BBD00072616E67652028333030302D3434303058
:10BBE000206D5629004F4B202D206D756C746970A7
:10BBF0006C69657220252E3366202D3E20252E335C
:10BC0000662020282575202D3E202575206D56297B
:10BC1000006164632E6D756C7469706C6965722067
:10BC200066756C6C006164632E6D756C7469706C04
:10BC300069657220004572726F723A20696E766192
:10BC40006C6964206D756C7469706C69657220280C
:10BC50003020746F2072657365742C203130302D64
:10BC600033303030302C206F722064656661756C23
:10BC70007429004F4B202D207573696E6720646511
:10BC80006661756C7420626F617264206D756C748E
:10BC900069706C696572004F4B202D206D756C7456
:10BCA00069706C6965722073657420746F20252E2D
:10BCB00033660072786475747920004F4B202D2014
:10BCC0007278647574793D256420287265626F6F9F
:10BCD0007420746F206170706C79290064697370CE
:10BCE0006C61792E726F7461746520004572726F99
:10BCF000723A206E6F20646973706C617900696EAE
:10BD00007075742E726F7461746520004F4B202D16
:10BD100020696E7075742E726F746174653D256450
:10BD2000004F4B202D20747A2E6F66667365743D2C
:10BD30002564004F4B202D20677073206469616774
:10BD4000206F6E3B2072756E2027677073206F66C0
:10BD50006627207468656E2027677073206F6E27D2
:10BD60002C207468656E20276765742067707320C7
:10BD70006469616727004F4B202D20677073206432
:10BD8000696167206F66660075736167653A207345
:10BD90006574206770732064696167203C307C3172
:10BDA0007C6F6E7C6F66663E0075736167653A20D6
:10BDB00073657420677073207374616E6462792098
:10BDC0003C7365636F6E64733E207C2064656661BE
:10BDD000756C7420202830203D20616C7761797368
:10BDE00020706F776572206F666629004F4B202D9B
:10BDF00020677073207374616E6462793D257520CD
:10BE0000730075736167653A20736574206770739A
:10BE10002064757479203C7365636F6E64733E2093
:10BE20007C2064656661756C7420202830203D207C
:10BE3000616C77617973206F6E29004F4B202D2044
:10BE400067707320647574793D302028616C776168
:10BE50007973206F6E29004F4B202D20677073205F
:10BE6000647574793D25752073006D657368746918
:10BE70006D6573796E6320004F4B202D206D6573C7
:10BE80006874696D6573796E6320257300756E6BD8
:10BE90006E6F776E20636F6E6669673A20252E326B
:10BEA000333073004572726F723A206E616D652097
:10BEB00063616E6E6F7420636F6E7461696E205B78
:10BEC000205D205C203A202C203F202A006E6F004D
:10BED000796573006E756C6C0061637469766500DA
:10BEE000737461727420646675004572723A206ED4
:10BEF0006F2044465520626F6F746C6F6164657289
:10BF0000206F6E20746869732063686970202D202B
:10BF1000666C617368206F766572205357440073B6
:10BF200074617274206F7461004F4B202D20726514
:10BF3000626F6F74696E6720746F20424C45204FAA
:10BF40005441204446550073746F70206F74610033
:10BF50004E6F7420737570706F72746564004F4B10
:10BF6000202D20706F776572696E67206F6666009E
:10BF7000636C6B7265626F6F74004F4B202D206392
:10BF80006C6F636B2072657365742C207265626FD1
:10BF90006F74696E67006164766572742E7A65727B
:10BFA0006F686F70004F4B202D207A65726F686F3D
:10BFB00070206164766572742073656E74004F4BF7
:10BFC000202D204164766572742073656E74006361
:10BFD0006C6F636B2073796E63004F4B202D206371
:10BFE0006C6F636B207365743A20253032643A2598
:10BFF000303264202D2025642F25642F25642055A0
:10C000005443004552523A20636C6F636B20636166
:10C010006E6E6F7420676F206261636B776172640C
:10C020007300636C6F636B0074696D652000284555
:10C0300052523A20636C6F636B2063616E6E6F7453
:10C0400020676F206261636B776172647329006E91
:10C0500065696768626F7273006E65696768626FB1
:10C06000722E72656D6F766520004552523A2062DD
:10C070006164207075626B65790074656D707261C2
:10C0800064696F20004F4B202D2074656D70207007
:10C090006172616D7320666F72202564206D696E18
:10C0A0007300372D353030004572726F723A20665A
:10C0B000726571203135302D323530302C20627769
:10C0C0002025732C20736620352D31322C2063728D
:10C0D00020352D382C2074696D656F75743E3000E5
:10C0E00070617373776F7264206E6F773A20257377
:10C0F00000636C65617220737461747300284F4B28
:10C10000202D207374617473207265736574290027
:10C1100046696C652073797374656D20657261730F
:10C12000653A204F4B202D207265626F6F74696EE7
:10C13000670046696C652073797374656D2065725C
:10C140006173653A20457272002573202842756933
:10C150006C643A2025732900706F77657200626104
:10C1600074743A2575206D56207573623A257320D4
:10C17000736F6C61725F6368673A257320657874CA
:10C180003A257320636861726765723A257300739C
:10C19000656E736F7220676574200073656E736FD0
:10C1A0007220736574200063616E27742066696E67
:10C1B0006420637573746F6D207661720073656EB1
:10C1C000736F72206C697374006E6F206375737483
:10C1D0006F6D2076617200256420766172730A00AB
:10C1E00025733D25730A002E2E2E206E6578743A35
:10C1F000256400677073206F6E0067707320746F22
:10C2000067676C65206E6F7420666F756E6400677B
:10C210007073206F6666006770732073796E6300B9
:10C220006770732070726F7669646572206E6F74C8
:10C2300020666F756E6400677073206973206F6687
:10C2400066007265713A257520006770732073650A
:10C25000746C6F630067707320616476657274003C
:10C260003E206E6F6E65003E207072656673003E04
:10C270002073686172650043616E27742066696E81
:10C280006420475053006F6E2C2025732C2025739B
:10C290002C202564207361747300706F776572734E
:10C2A0006176696E67206F6E006F6E202D20496D7C
:10C2B0006D656469617465206566666563740070A8
:10C2C0006F776572736176696E67206F666600705E
:10C2D0006F776572736176696E67006C6F67207344
:10C2E00074617274002020206C6F6767696E67202C
:10C2F0006F6E006C6F672073746F70002020206C6D
:10C300006F6767696E67206F6666006C6F67206590
:10C3100072617365002020206C6F67206572617305
:10C320006564006C6F6700202020454F46007374E1
:10C330006174732D7061636B6574730073746174E1
:10C34000732D726164696F0073746174732D636F10
:10C35000726500616371756972696E6700616C6C0A
:10C3600000756E72656164007278004D6573684394
:10C370006F72652D2573004D657368436F7265009C
:10C3800025633A253032583A253032583A25303232
:10C39000583A253032583A253032583A25303258FA
:10C3A0000030782530327800626C652F67617474D4
:10C3B0005F706565722F253032583A253032583A11
:10C3C000253032583A253032583A253032583A25FD
:10C3D000303258202825732900626C652F676174FC
:10C3E000745F6C61796F7574007075626C6963005D
:10C3F00072616E646F6D007075626C69632D696443
:10C400000072616E646F6D2D6964002A2A2A2042D1
:10C410006F6F74696E67205A6570687972204F5328
:10C42000206275696C642031313830386539656156
:10C43000386162202A2A2A0A004661696C656420F4
:10C44000746F207265626F6F743A207370696E6EDC
:10C45000696E6720656E646C6573736C792E2E2E21
:10C460000A005A657068436F7265005A6570687992
:10C4700072002E636D700072302F61313A202030CF
:10C480007825303878202072312F61323A202030E0
:10C490007825303878202072322F61333A202030CE
:10C4A00078253038780A0072332F61343A202030F2
:10C4B0007825303878207231322F69703A20203058
:10C4C0007825303878207231342F6C723A20203041
:10C4D00078253038780A0020787073723A2020303E
:10C4E00078253038780A004661756C74696E67206B
:10C4F000696E737472756374696F6E2061646472BF
:10C5000065737320287231352F7063293A20307893
:10C51000253038780A00556E68616E646C65642059
:10C520004952516E3A2025640A002A2A2A2A2A20D2
:10C530005553414745204641554C54202A2A2A2A22
:10C540002A0A0020204469766973696F6E20627937
:10C55000207A65726F0A002020556E616C69676EE3
:10C560006564206D656D6F727920616363657373B7
:10C570000A002020537461636B206F766572666CCD
:10C580006F772028636F6E746578742061726561BF
:10C59000206E6F742076616C6964290A0020204E39
:10C5A0006F20636F70726F636573736F7220696E53
:10C5B000737472756374696F6E730A002020496C1E
:10C5C0006C6567616C206C6F6164206F66204558F4
:10C5D000435F52455455524E20696E746F2050434C
:10C5E0000A002020496C6C6567616C2075736520BA
:10C5F0006F662074686520455053520A0020204120
:10C600007474656D707420746F20657865637574DB
:10C610006520756E646566696E656420696E737405
:10C6200072756374696F6E0A002A2A2A2A2A2042C8
:10C630005553204641554C54202A2A2A2A2A0A00BA
:10C640002020537461636B696E67206572726F722C
:10C650000A002020556E737461636B696E672065F4
:10C6600072726F720A0020205072656369736520D0
:10C670006461746120627573206572726F720A0062
:10C6800020204246415220416464726573733A200F
:10C69000307825780A002020496D707265636973CF
:10C6A00065206461746120627573206572726F72B7
:10C6B0000A002020496E737472756374696F6E206E
:10C6C000627573206572726F720A002020466C6F6B
:10C6D0006174696E672D706F696E74206C617A7910
:10C6E000207374617465207072657365727661740D
:10C6F000696F6E206572726F720A002A2A2A2A2ACE
:10C70000204D5055204641554C54202A2A2A2A2A89
:10C710000A002020537461636B696E672065727232
:10C720006F722028636F6E74657874206172656122
:10C73000206D69676874206265206E6F7420766171
:10C740006C6964290A00202044617461204163639C
:10C750006573732056696F6C6174696F6E0A00208F
:10C76000204D4D46415220416464726573733A20F6
:10C77000307825780A002020496E737472756374CE
:10C78000696F6E204163636573732056696F6C61D6
:10C7900074696F6E0A005265736572766564204530
:10C7A0007863657074696F6E2028005370757269C4
:10C7B0006F757320696E7465727275707420284984
:10C7C00052512000535053454C20696E20746872BA
:10C7D000656164206D6F646520646F6573206E6FA2
:10C7E0007420696E646963617465205053500A0057
:10C7F00045534620636F756C64206E6F74206265CC
:10C80000207265747269657665642073756363650B
:10C81000737366756C6C792E205368616C6C206E36
:10C8200065766572206F636375722E0A002A2A2A64
:10C830002A2A2048415244204641554C54202A2A55
:10C840002A2A2A0A002020427573206661756C74BA
:10C85000206F6E20766563746F72207461626C6500
:10C8600020726561640A0020204465627567206556
:10C8700076656E740A0020204661756C74206573BD
:10C8800063616C6174696F6E2028736565206265F1
:10C890006C6F77290A00415243485F455843455021
:10C8A00054207769746820726561736F6E202578F3
:10C8B0000A0A002A2A2A2A2A204465627567206DFE
:10C8C0006F6E69746F7220657863657074696F6EDE
:10C8D000202A2A2A2A2A0A002A2A2A2A2A202573D2
:10C8E00020256429202A2A2A2A2A0A00464C415354
:10C8F000485F30005352414D5F30002F00425420BA
:10C900004C572057510062742F25732F25303278F1
:10C91000253032782530327825303278253032781B
:10C920002530327825752F25730062742F25732FDB
:10C9300025303278253032782530327825303278FB
:10C94000253032782530327825750062742F2573B2
:10C950000062740042542052582057510062742FD4
:10C960006363630062742F73630062742F6B657975
:10C9700073006C66636C6B00786F00726E67007298
:10C9800072616D2D636F6E74726F6C6C6572403581
:10C9900030303462303030006770696F4031306160
:10C9A000303030006770696F406438323030006773
:10C9B00070696F40353034303000627574746F6E5A
:10C9C0007300616E74656E6E6120656E61626C6588
:10C9D00000545820656E61626C6500525820656E87
:10C9E00061626C650046454D204C4E412062797075
:10C9F000617373007378313236785F64696F310028
:10CA00006C6F7261403000726567756C61746F7233
:10CA1000403132303030300074656D7040643730F2
:10CA2000303000756172744063363030300073709E
:10CA300069403461303030002E2E006C6974746CA3
:10CA400065667300556E6B6E6F776E206572726FE0
:10CA500072003E3E3E205A455048595220464154AD
:10CA6000414C204552524F522025643A20257320D4
:10CA70006F6E204350552025640A004661756C7422
:10CA800020647572696E6720696E74657272757064
:10CA9000742068616E646C696E670A004375727217
:10CAA000656E74207468726561643A202570202870
:10CAB0002573290A004350552065786365707469B1
:10CAC0006F6E00556E68616E646C656420696E748B
:10CAD00065727275707400537461636B206F766554
:10CAE00072666C6F77004B65726E656C206F6F704D
:10CAF00073004B65726E656C2070616E6963006DCA
:10CB000061696E00737973776F726B710041455381
:10CB10002D3235362D454342004145532D313932B2
:10CB20002D454342004145532D3132382D45434276
:10CB300000696E6600286E756C6C290030313233E6
:10CB40003435363738394142434445460000020304
:10CB5000010002038B3387E9C5CDEA6AC9E5EDBA66
:10CB6000A115CD72000000000000000000000000D0
:10CB700000000000000000000000000000000000B5
:10CB800000000000000000000000000000000000A5
:10CB90000000000000000000000000000000000095
:10CBA0000000000000000000000000000000000085
:10CBB00000000000020408107A632D76636F6E7423
:10CBC00061637400029ECADC240EE5A9E093F3A31E
:10CBD000B50200406E029ECADC240EE5A9E093F384
:10CBE000A3B50200406E029ECADC240EE5A9E093C4
:10CBF000F3A3B50300406E029ECADC240EE5A9E053
:10CC000093F3A3B50300406E029ECADC240EE5A98F
:10CC1000E093F3A3B50100406E9ECADC240EE5A9A3
:10CC2000E093F3A3B50100406E0806D9FBFBFBFBC4
:10CC3000FBFBFBFBFBFBFBFBFBFBFBFBFBFBFBFB44
:10CC4000FBFBFBFBFBFBFBFBFBFBFBFBFBFBFBFB34
:10CC5000FBFBFBFBFBFBFBFBFBFBFBFBFBFBFBFB24
:10CC6000FBFBFBFBFBFBFBFBFBE4E5FBFBFBFBEA52
:10CC7000EBECFBFBEFFBFBACFBF4FBFBF7FBFBFB89
:10CC8000FBFBFBFEF2FBFBFBFBFBFBFBFBFBFBFBFA
:10CC9000FBFBFBFBFBFBFBFBFBFBFBFBFBFBFBFBE4
:10CCA000FBFBFBFBFBFBFBFBFBFBFBFBFBFBFBFBD4
:10CCB000FBA6FBFBFBFBFBFBFBFBFBFBE4E5FBFB46
:10CCC000FBFBEAEBECFBFBEFFBFBFBFBF4FBFBF7FB
:10CCD000FBFBFBFBFBFBFE00FFFFFFFFFFFF00007A
:10CCE0000000000000FFFFFFFFFFFF00000000004A
:10CCF000000000000000001000800000805F9B34F6
:10CD0000FB0104000200000002000000000000001F
:10CD1000050000000000000000000000000000000E
:10CD2000050009090909010209090909090909098F
:10CD30000909090709090909090609090909090968
:10CD40000909090909090909090905010204E69DFA
:10CD5000350E480103CCDBFDF4AC1191F4EFB9A51D
:10CD6000F9E9A7832C5E2CBE97F2D203B0208BD2B8
:10CD70008915D08E1C742430ED8FC24563765C1506
:10CD8000525ABF9A32636DEB2A65499C80DC0005DC
:10CD9000061F1F2918120308020305080A000801CC
:10CDA0000304010504050906070101060608000041
:10CDB0000100010003010003020201000200000063
:10CDC000000002030100036C888391AAF5A5386076
:10CDD000370BDB5A6083BE1415161818191B1B1667
:10CDE00017191A1E1F212301270422DEE2324433C1
:10CDF000340401530A25000000000000000202FB79
:10CE00000201000101030102000101060102030207
:10CE1000020204010601010B02010B01010E0201D5
:10CE20000E01011401011602020B0301150102118A
:10CE300004020D010214010216020215030215017B
:10CE4000041301041403031402051301061602055A
:10CE50001603051603061604061604071600010439
:10CE600005020608090F0007182323232323232381
:10CE70002323232323230001028E4ACC46BA1876AB
:10CE80006BB8E7BE39FAAD7763FFFFFFFFFFFFFF27
:10CE9000FFFFFFFFFFFFFFFF07F7E97A2E8D310944
:10CEA0002C6BCE7B51EF7C6F0A000000000000006D
:10CEB0000000000000000000080100000000000069
:10CEC0000000000000000000000000000000000062
:10CED00000000000000000000010141400001C20DE
:10CEE00030401C2000001C20304010141400001C96
:10CEF0002030401C2000001C2030404040400000FA
:10CF000040408080808000009088684810141400A1
:10CF1000001C2030401C2000001C20304052096AB8
:10CF2000D53036A538BF40A39E81F3D7FB7CE339CB
:10CF3000829B2FFF87348E4344C4DEE9CB547B941D
:10CF400032A6C2233DEE4C950B42FAC34E082EA1E9
:10CF50006628D924B2765BA2496D8BD12572F8F68A
:10CF60006486689816D4A45CCC5D65B6926C7048F3
:10CF700050FDEDB9DA5E154657A78D9D8490D8AB6C
:10CF8000008CBCD30AF7E45805B8B34506D02C1E74
:10CF90008FCA3F0F02C1AFBD0301138A6B3A9111D3
:10CFA000414F67DCEA97F2CFCEF0B4E67396AC74EB
:10CFB00022E7AD3585E2F937E81C75DF6E47F11AD7
:10CFC000711D29C5896FB7620EAA18BE1BFC563E9B
:10CFD0004BC6D279209ADBC0FE78CD5AF41FDDA86B
:10CFE000338807C731B11210592780EC5F60517F39
:10CFF000A919B54A0D2DE57A9F93C99CEFA0E03B96
:10D000004DAE2AF5B0C8EBBB3C83539961172B0496
:10D010007EBA77D626E169146355210C7D637C774F
:10D020007BF26B6FC53001672BFED7AB76CA82C926
:10D030007DFA5947F0ADD4A2AF9CA472C0B7FD935E
:10D0400026363FF7CC34A5E5F171D8311504C72356
:10D05000C31896059A071280E2EB27B27509832C54
:10D060001A1B6E5AA0523BD6B329E32F8453D1002A
:10D07000ED20FCB15B6ACBBE394A4C58CFD0EFAA49
:10D08000FB434D338545F9027F503C9FA851A34097
:10D090008F929D38F5BCB6DA2110FFF3D2CD0C1378
:10D0A000EC5F974417C4A77E3D645D197360814FA0
:10D0B000DC222A908846EEB814DE5E0BDBE0323AC2
:10D0C0000A4906245CC2D3AC629195E479E7C8377B
:10D0D0006D8DD54EA96C56F4EA657AAE08BA7825FE
:10D0E0002E1CA6B4C6E8DD741F4BBD8B8A703EB5FE
:10D0F000664803F60E613557B986C11D9EE1F89862
:10D100001169D98E949B1E87E9CE5528DF8CA189A1
:10D110000DBFE6426841992D0FB054BB16616E00F9
:10D120006E66696E69747900616E006E66696E691B
:04D13000747900000E
:10D13400E873040000000000FFFFFFFFFFFFFFFF94
:10D14400000000000000000000000000A7460300EB
:10D1540000000000000100000000000000000000CA
:10D1640000000000000000000000000000000000BB
:10D17400000000000000000000000000CDCC000012
:10D18400000000000001000000000000000000009A
:10D19400000000000000000000000000000000008B
:10D1A40000000000000000000000000085D0000026
:10D1B400000000000001000000000000000000006A
:10D1C400000000000000000000000000000000005B
:10D1D400000000000000000000000000BDD00000BE
:10D1E400000000000001000000000000000000003A
:10D1F400000000000000000000000000000000002B
:10D2040000000000000000000000000039D500000C
:10D214000000000000010000000000000000000009
:10D2240000000000000000000000000000000000FA
:10D2340000000000000000000000000000000000EA
:10D2440000000000000000000000000000000000DA
:10D2540000000000000000000000000000000000CA
:10D2640000000000000000000000000000000000BA
:10D2740000000000000000000000000000000000AA
:10D28400000000000000000000000000000000009A
:10D29400000000000000000000000000000000008A
:10D2A400000000000000000000000000000000007A
:10D2B400000000000000000000000000000000006A
:10D2C400000000000000000000000000000000005A
:10D2D400000000000000000000000000000000004A
:10D2E400000000000000000000000000000000003A
:10D2F400000000000000000000000000000000002A
:10D30400990D010000000000000000000000000072
:10D314000000000000000000000000000000000009
:10D3240000000000000000000000000000000000F9
:10D3340000000000000000000000000000000000E9
:10D3440000000000000000000000000000000000D9
:10D3540000000000000000000000000000000000C9
:10D3640000000000000000000000000000000000B9
:10D3740000000000000000000000000000000000A9
:10D3840000000000000000006061040000000000D4
:10D394000000000000000000000000000000000089
:10D3A4000000000000000000000000007C020020DB
:10D3B4007C020020000000000000000000000000CB
:10D3C4001F00000000000000FFFFFFFFFF1F000020
:10D3D40000000000670000000000000000000000E2
:10D3E4000000000000000000000000000000000039
:10D3F4000000000000000000000000000000000029
:10D404000000000000000000000000000000000018
:10D414000000000000000000000000000000000008
:10D4240000000000000000000000000000000000F8
:10D4340000000000000000000000000000000000E8
:10D4440000000000000000000000000000000000D8
:10D4540000000000000000000000000000000000C8
:10D464006400000001000000B07304003C75040077
:10D474001C750400FFFFFFFFD5CB040000000C0067
:10D484000000000000000000000000009DCC00002F
:10D494000000000000000000F7CB040000001000B2
:10D4A400A1940300959403009B94030000000000E2
:10D4B4000000000091940300000000000000000040
:10D4C40000000000939403000000000081CC0000E1
:10D4D40040E20100B1990300DC7C0400DE9D0400FD
:10D4E40000000200EA9D040000000200F69D040012
:10D4F40000000200029E040000000200169E0400C8
:10D5040000000200229E0400000002002E9E04007F
:10D5140000000A00000000000000000025AB040029
:10D524002000000000000000000000001BA4030015
:10D53400000000000000000008040020080400208F
:10D5440000000000000000000000000000C01050B7
:10D5540000000000000000000000000000000000C7
:10D5640000000000000000000000000000000000B7
:10D5740000000000000000000000000000000000A7
:10D584000000000000000000000000000000000097
:10D594000000000000000000000000000000000087
:10D5A4000000000000000000000000000000000077
:10D5B4000000000000000000000000000000000067
:10D5C4000001000000A00D50000000000000000059
:10D5D4000000000000000000000000000000000047
:10D5E4000000000000000000000000000000000037
:10D5F4000000000000000000000000000000000027
:10D604000000000000000000000000000000000016
:10D614000000000000000000000000000000000006
:10D6240000000000000000000000000000000000F6
:10D634000000000000000000000000000C050020B5
:10D644000C050020000000000000000001000000A4
:10D654007AA5040038050020000000000000000046
:10D6640000000000040000000000000000000000B2
:10D674000000000000000000000000001000000096
:10D684001000000000000000000000000002000084
:10D694004000000020000000000000004C58022060
:10D6A4000C580220EC57022000000000000000008B
:10D6B4000000000000000000000000000000000066
:10D6C4000000000000000000000000000000000056
:10D6D4000000000000000000000000000000000046
:10D6E4000000000000000000000000000000000036
:10D6F4000000000000000000000000000000000026
:10D704000000000000000000000000000000000015
:10D714000000000000000000000000000000000005
:10D7240000000000000000000000000000000000F5
:10D7340000000000000000000000000000000000E5
:10D7440000000000000000000000000000000000D5
:10D7540000000000000000000000000000000000C5
:10D7640000000000000000000000000000000000B5
:10D7740000000000000000000000000000000000A5
:10D784000000000000000000000000000000000095
:10D794001000000010000000000000000000000065
:10D7A4000000000000010000200000000000000054
:10D7B400AC590220AC5802208C5802200000000012
:10D7C4000000000000000000000000000000000055
:10D7D4000000000000000000000000000000000045
:10D7E4000000000000000000000000000000000035
:10D7F4000000000000000000000000000000000025
:10D804000000000000000000000000000000000014
:10D814000000000000000000000000000000000004
:10D8240000000000000000000000000000000000F4
:10D8340000000000000000000000000000000000E4
:10D8440000000000000000000000000000000000D4
:10D8540000000000000000000000000000000000C4
:10D8640000000000000000000000000000000000B4
:10D8740000000000000000000000000000000000A4
:10D884000000000000000000000000000000000094
:10D8940000000000FDFF0000000000000000000088
:10D8A400000000004D0F0100000000000000000017
:10D8B400000000003107010000000000000000002B
:10D8C40000000000551C01000000000000000000E2
:10D8D400000000002D1B01000000000000000000FB
:10D8E40000000000A9220100000000000000000068
:10D8F400000000008D1F0100000000000000000077
:10D90400FD2F01006D3B0100A1C9030000000000D0
:10D91400000000009536010015C80300FFC803008D
:10D92400812F0100000000000000000065390100A3
:10D93400000000000000000083CD03000000000090
:10D94400000000000000000000000000469E0400EB
:10D9540000002000000000000000000000000000A3
:10D96400000000000FCC0300000000003C08002071
:10D974003C0800200000000000000000000000003F
:10D9840050080020500800208956010000000000C3
:10D9940000000000085F022000000000198601005A
:10D9A40000000000105F022000000000ED7901007B
:10D9B40000000000185F0220000000003D16020075
:10D9C40000000000205F0220000000003D1602005D
:10D9D40000000000285F0220000000000D77010015
:10D9E40000000000D86F02200000000005210200A2
:10D9F40000000000E06F0220000000003D1602005D
:10DA040000000000E86F022000000000F59C010007
:10DA14000000000064700220000000009DA80100C6
:10DA2400000000006C700220000000003D1602009F
:10DA3400000000007470022000000000F9AA010038
:10DA4400000000007C7002200000000079B6010094
:10DA540000000000407402200000000090740220C6
:10DA6400000000003075022000000000E075022074
:10DA740000000000292E0200000000006C77022044
:10DA8400000000004D130200000000008C7702200B
:10DA9400000000003D160200000000006C7B022024
:10DAA40000000000D96A010000000000647B02202D
:10DAB40000000000D96A0100000000005C7B022025
:10DAC400000000000D67010000000000547B0220EC
:10DAD40000000000D96A0100000000004C7B022015
:10DAE400000000000D67010000000000447B0220DC
:10DAF40000000000D96A0100000000006144020037
:10DB04000000000000000000000000000000000011
:10DB14000DDC030000000000000000000000000015
:10DB24000DDC030000000000000000000000000005
:10DB34000DDC0300000000000000000000000000F5
:10DB4400B5DC03000000000000000000000000003D
:10DB540095520200000000000000000000000000D8
:10DB640061F9030000000000440A002000000000E6
:10DB740000000000000000000000000079A6022060
:10DB84002000000000000000000000000001000070
:10DB9400000000004FFE03000000000000A004503D
:10DBA4000000000000000000000000000000000071
:10DBB4000000000000000000000000000000000061
:10DBC4000000000000000000000000000000000051
:10DBD4000000000000000000000000000000000041
:10DBE4000000000000000000000000000000000031
:10DBF4000000000000000000000000000000000021
:10DC04000000000000000000D80A0020D80A00200C
:10DC14000000000001000000E80A0020E80A0020DB
:10DC2400F00A0020F00A00200000000001000000BB
:10DC3400000B0020000B002000000000000000008A
:10DC440000000000000000000000000000000000D0
:10DC540000000000000000000000000000000000C0
:10DC640000000000000000000000000000000000B0
:10DC74000000000000000000ED640200000000004D
:10DC8400FF0000000090D003FF0000000F00000020
:10DC940071020000640B0020640B0020FFFFFFFFF3
:10DCA400700B0020700B002099F50000B5F5000002
:02DCB40001016C
:10DCB600000000000000000000000000000000005E
:0EDCC600000000000000000000000000000050
:10DCD4000000000000000000000000000000000040
:10DCE40005BB020000000000B80B0020B80B0020A8
:10DCF40027DB03000000000000000000000000001B
:10DD0400000000000000000000000000000000000F
:10DD1400000000000000000005BB0200000000003D
:10DD2400F00B0020F00B0020C746030000000000A9
:10DD340000000000000000000000000000000000DF
:10DD4400100C0020100C0020000000003C4F0320A9
:10DD5400000000000100000030000000000000008E
:10DD6400300C0020300C00200000000030C90220DC
:10DD74000000000001000000B800000000000000E6
:10DD8400500C0020500C0020000000000C35032033
:10DD94000000000008000000640000000000000013
:10DDA400700C0020700C0020000000003C340320A4
:10DDB4000000000004000000340000000000000027
:10DDC400900C0020900C0020000000006C4F0320F9
:10DDD40000000000030000001C0000000000000020
:10DDE40000000000680A032044080000000000004E
:10DDF400000000000000000000000000B8AE022097
:10DE04000009000000000000000000000000000005
:10DE1400E00C0020E00C00200000000000000000E6
:10DE240000000000F40C0020F40C002000000000AE
:10DE34000000000000000000080D0020080D002074
:0CDE4400000000000000000000000000D2
:10DE50001C0D00201C0D002000000000B20000007E
:10DE600018000000DC1203208C230320DC120320A6
:10DE7000DC12032000000000440D0020440D0020AF
:10DE800000000000500D0020500D00200000000098
:10DE9000B2000000180000008C2303203C34032053
:10DEA0008C2303208C23032000000000780D002029
:08DEB000780D002000000000C5
:10DEB800840D0020840D002000000000FFFFFFFFFC
:10DEC800940D0020940D00209C0D00209C0D002036
:10DED8000000000001000000AC0D0020AC0D002087
:10DEE800000000000000000000000000C00D00203D
:0CDEF800C00D0020C80D0020C80D002047
:10DF0400000000000000000000000000DC0D002004
:10DF1400DC0D0020E40D0020E40D002000000300CF
:10DF24000300100000000000F87F0400444B0320AD
:10DF34000000000000000000000000000C0E0020A3
:10DF44000C0E0020140E0020140E0020000003000C
:10DF5400030010008D33010094800400C44E03209C
:10DF64000000000000000000000000003C0E002043
:10DF74003C0E0020440E0020440E0020000003004C
:10DF84000300000000000000F87E0400084603209F
:10DF94000000000000000000000000006C0E0020E3
:10DFA4006C0E0020740E0020740E0020000001008E
:10DFB40001000000411F0100E47F04002C480320FD
:10DFC4000000000000000000000000009C0E002083
:10DFD4009C0E0020A40E0020A40E002000000200CD
:10DFE4000200000000000000D07F0400FC47032072
:10DFF400000000000000000000000000CC0E002023
:10E00400CC0E0020D40E0020D40E002000000C0002
:10E014000C000400FD010100E47E04002C440320F4
:10E02400000000000000000000000000FC0E0020C2
:10E03400FC0E0020040F0020040F0020000001004B
:10E0440001000000000000000C7F0400544703207E
:08E05400DD6902000D6B020002
:04E05C0015E015E0D6
:040000030000EDFD0F
:00000001FF
